{
    "data_collection": "GRMHD_kharma-v3",
    "storage_type": "OSDF",
    "storage_location": "ap21:/ospool/uc-shared/public/eht/GRMHD_kharma-v3",
    "datasets": [
        {
            "dataset": "Ma+0.5_w4",
            "size": 1000,
            "h5_list": "Ma+0.5_w4.txt",
            "rho0": "rho0_Ma+0.5.tsv",
            "BATCH": "Ma+0.5_w4_BATCH.ALL",
            "BATCH_size": 36000
        },
        {
            "dataset": "Ma-0.94_w4",
            "size": 1000,
            "h5_list": "Ma-0.94_w4.txt",
            "rho0": "rho0_Ma-0.94.tsv",
            "BATCH": "Ma-0.94_w4_BATCH.ALL",
            "BATCH_size": 36000
        },
        {
            "dataset": "Ma-0.5_w5",
            "size": 1000,
            "h5_list": "Ma-0.5_w5.txt",
            "rho0": "rho0_Ma-0.5.tsv",
            "BATCH": "Ma-0.5_w5_BATCH.ALL",
            "BATCH_size": 36000
        },
        {
            "dataset": "Ma0_w4",
            "size": 1000,
            "h5_list": "Ma0_w4.txt",
            "rho0": "rho0_Ma0.tsv",
            "BATCH": "Ma0_w4_BATCH.ALL",
            "BATCH_size": 36000
        },
        {
            "dataset": "Ma0_w5",
            "size": 1000,
            "h5_list": "Ma0_w5.txt",
            "rho0": "rho0_Ma0.tsv",
            "BATCH": "Ma0_w5_BATCH.ALL",
            "BATCH_size": 36000
        },
        {
            "dataset": "Ma-0.94_w5",
            "size": 1000,
            "h5_list": "Ma-0.94_w5.txt",
            "rho0": "rho0_Ma-0.94.tsv",
            "BATCH": "Ma-0.94_w5_BATCH.ALL",
            "BATCH_size": 36000
        },
        {
            "dataset": "Ma+0.5_w5",
            "size": 1000,
            "h5_list": "Ma+0.5_w5.txt",
            "rho0": "rho0_Ma+0.5.tsv",
            "BATCH": "Ma+0.5_w5_BATCH.ALL",
            "BATCH_size": 36000
        },
        {
            "dataset": "Ma+0.94_w5",
            "size": 1000,
            "h5_list": "Ma+0.94_w5.txt",
            "rho0": "rho0_Ma+0.94.tsv",
            "BATCH": "Ma+0.94_w5_BATCH.ALL",
            "BATCH_size": 36000
        },
        {
            "dataset": "Ma-0.5_w4",
            "size": 1000,
            "h5_list": "Ma-0.5_w4.txt",
            "rho0": "rho0_Ma-0.5.tsv",
            "BATCH": "Ma-0.5_w4_BATCH.ALL",
            "BATCH_size": 36000
        },
        {
            "dataset": "Ma+0.94_w4",
            "size": 1000,
            "h5_list": "Ma+0.94_w4.txt",
            "rho0": "rho0_Ma+0.94.tsv",
            "BATCH": "Ma+0.94_w4_BATCH.ALL",
            "BATCH_size": 36000
        }
    ]
}