torus.out0.01000.h5	11abe9a2187958eedaf607e20d69c185
torus.out0.01001.h5	6f450e5971942887ab9546109c9fdbeb
torus.out0.01002.h5	4f88f20d984ed1587f48eceb05b8876b
torus.out0.01003.h5	7b12c7dc0cc67ea5188f7e42b166c811
torus.out0.01004.h5	e06b617b069a20506b054dec29630a8d
torus.out0.01005.h5	22e3303f60104eba1245deb09835c372
torus.out0.01006.h5	0c5bdcb4834b88cd44703776d58ef203
torus.out0.01007.h5	080b2232bbb01dedf5e96d4455a0ed89
torus.out0.01008.h5	04cb2d62534dbf37f8ca6e23ded036a2
torus.out0.01009.h5	bb854aaaa59e69e8b9659366d4b760c5
torus.out0.01010.h5	441d59386dda030b595344f6252f72bc
torus.out0.01011.h5	4bce25ed23b5efb47864e6ddc56aad21
torus.out0.01012.h5	6261658bc89760bd615cb190f3c1ea22
torus.out0.01013.h5	67268c06a04722f4e921f2db8ee070f6
torus.out0.01014.h5	0f059223456b4fd15f8d6f62990f7c08
torus.out0.01015.h5	7b62d4897ec8f4c009be867e27e4f47f
torus.out0.01016.h5	2bc7082382eb81177761d0d4b8bbe10e
torus.out0.01017.h5	cae74b0ddbd318e6b238e30129d48ed9
torus.out0.01018.h5	ef3df8d877d649adc465cdbb78266b41
torus.out0.01019.h5	4253b64d733f5e46eb621e5d002cf757
torus.out0.01020.h5	a84be209cce4ffe6901f932d04339ef1
torus.out0.01021.h5	c8b4d72ae1d5bcb97773b0b78a2527ba
torus.out0.01022.h5	0fe8b32b3366ff8edd322907db83994f
torus.out0.01023.h5	f215682b227f1c5163b4f98fb539e38f
torus.out0.01024.h5	d335731306796ae2a6ff3618ac35f1eb
torus.out0.01025.h5	e07a0b6b9ec56e767251ff48c0d268b2
torus.out0.01026.h5	d9734c85e011ea562c6da052e7c32be7
torus.out0.01027.h5	1549832d97ff3ae405630ef95c39c0de
torus.out0.01028.h5	86d9b2857bd5464d9fb12c20c79ebc5e
torus.out0.01029.h5	8826619ff3a731988640e63e7ba1ac86
torus.out0.01030.h5	7ddf1b1a4d34c5b1ac2c691fea1d6f26
torus.out0.01031.h5	30ca5c03d88a24d697141f3aacc5fb66
torus.out0.01032.h5	025d74669eb1bf953cea718f32091799
torus.out0.01033.h5	fa93fc84e6f9fa84db4de7311a531114
torus.out0.01034.h5	896a0e39d104e99816f2d9582a4972f7
torus.out0.01035.h5	0753687533326fa5455511f9c83f8420
torus.out0.01036.h5	1a1176588aba408f028b0d2aac790468
torus.out0.01037.h5	e28e004f805be0412dfb95cf062a1240
torus.out0.01038.h5	76a74c753aae1d4f03af9203fc939275
torus.out0.01039.h5	dfdb9c8063bc4451772b12db96690620
torus.out0.01040.h5	4cbef99a103b3f33be531947a618d76f
torus.out0.01041.h5	2fa040b119aec69c5cb3744aa6c25177
torus.out0.01042.h5	df234d122d2d359596d605190d28bea1
torus.out0.01043.h5	c91674f8db97487183f7b178e0facdf9
torus.out0.01044.h5	1154a1335db724f766240fcd7b8c3b0b
torus.out0.01045.h5	d68e89de65193fe00c1930bdf4cd9c3f
torus.out0.01046.h5	50b2d4aeea839d7fdc2f8d3612dd0b9f
torus.out0.01047.h5	57289eebd0581318357c1739ba9c07d8
torus.out0.01048.h5	0c5408e3976bdbc08f2a13695cf9405b
torus.out0.01049.h5	0abc3074fdfced7084cfcba34209bd7b
torus.out0.01050.h5	038e5d5357932d1aad5bf12db18b4b9a
torus.out0.01051.h5	a4463945d10d26e81521cc5f6a72479d
torus.out0.01052.h5	57c29f7ab1b0e737604cfa5d87f241e3
torus.out0.01053.h5	0ff6ca590bc4356e342bbe71a88a6dc3
torus.out0.01054.h5	db94fd1f95011bb6de5be0231231d130
torus.out0.01055.h5	e9bb24d1b741d6316fd98d1ed6e61751
torus.out0.01056.h5	d80a56d818d09dfe337b819b4b58cd11
torus.out0.01057.h5	23be742bf7170f988fac16fca368bb1a
torus.out0.01058.h5	3bb5a4e10a21ae73827b00edaf887efd
torus.out0.01059.h5	e26e7aa0edaae81370a49c61b240ab82
torus.out0.01060.h5	7ff44a5229ed00eb9b984c6e7cc1eeb4
torus.out0.01061.h5	6778419be99a16cdaed51e8951acf34f
torus.out0.01062.h5	38999bfdd530531494986e78907ac9ec
torus.out0.01063.h5	fdc6d92f316e402c864504c39ac4fbbc
torus.out0.01064.h5	31b7c9af8ac091efdbd4f45984e2e747
torus.out0.01065.h5	14d97401c973eb23d0b3454738be66f1
torus.out0.01066.h5	a57ed9a556033a5db3d2b70c70e29635
torus.out0.01067.h5	df9ac44a5a0ff8a4c18162fb1055b825
torus.out0.01068.h5	eab8acab3cfdceb54cb4ebf212e37314
torus.out0.01069.h5	44e7851c4e14ad0cf9b5bbf8100510e8
torus.out0.01070.h5	da9b3875375f15755419925e0690a53c
torus.out0.01071.h5	5ef7fe52121cf2431fd84757b37b94d7
torus.out0.01072.h5	f51024d9cdb9894867739ee779d7b377
torus.out0.01073.h5	fc64bca836b24d5477831316cf1b8c08
torus.out0.01074.h5	a3c58e875388056e3ddc0134786df199
torus.out0.01075.h5	e2ee7fe32d3788c952da69f1816868a4
torus.out0.01076.h5	780c81cf7666e3db70d5b6095928a039
torus.out0.01077.h5	499adbcaa290905b178e569114cdd66c
torus.out0.01078.h5	2478308164d3c7a55798fe743707e7b4
torus.out0.01079.h5	a98afbde443a473236d205f81c5a6cca
torus.out0.01080.h5	23839bcf88823db0735103b23d857f60
torus.out0.01081.h5	936e4560fb8048a942a86c4f5c16a88a
torus.out0.01082.h5	0fc8096157f73fa6f6b3bfcfbe645c01
torus.out0.01083.h5	46a58bef2984d26e0cf5cfffa5a0e81f
torus.out0.01084.h5	93157483d84bf5fce65d9837731ff326
torus.out0.01085.h5	00b687d1c045073f09248b648158b3b3
torus.out0.01086.h5	18fa1e4d06357d80810768672ae5832d
torus.out0.01087.h5	0dc6ef7685337f2f781cc9c0469a7265
torus.out0.01088.h5	361e601e63896da324651825a9e6c4f0
torus.out0.01089.h5	23b1d9aae89b9f3b30af3e6297aea784
torus.out0.01090.h5	22e9a6591a71e67118e2648326a4518e
torus.out0.01091.h5	bfa97188a1d6410ee43f5c96ec6a2871
torus.out0.01092.h5	ef9a308b3e90b5fe1b9faba4aa08ba0d
torus.out0.01093.h5	08c53002ceb1bba72e77e90ea94de5a6
torus.out0.01094.h5	d47b699a5658569c242e4fbe71555047
torus.out0.01095.h5	144c8d5460708d557865885b66a3c558
torus.out0.01096.h5	d7e745c658f6ee31ba05fc7fe372653b
torus.out0.01097.h5	4f04c976d9b0a2c11b1670ff644c9046
torus.out0.01098.h5	50274d4164301bb203014f1002211dd6
torus.out0.01099.h5	a2fb8daa4df736eaf212def1dbc63f8e
torus.out0.01100.h5	fbb5f6573e57aac15d562fd30fc65ec1
torus.out0.01101.h5	499d77505447533a9561c33414e28c09
torus.out0.01102.h5	2898e1d781edae8289389769aa8c695c
torus.out0.01103.h5	ca570925afacd7619d35bacd220d2407
torus.out0.01104.h5	9e20e57a040a221b3ec6082661a58137
torus.out0.01105.h5	204640c8fa2366c0e61b01f5edb90703
torus.out0.01106.h5	6ef163523cca622f1a0aad0525bed40a
torus.out0.01107.h5	0edcdecb57e5f24dd8482130001d8cd3
torus.out0.01108.h5	1408cf3418e4de1e1fb9f198cfb77fde
torus.out0.01109.h5	9adc1125c46087b3781b64c1e88bac59
torus.out0.01110.h5	5ab79288ff1c95495acdfd6fe479a6de
torus.out0.01111.h5	24ac30a325cda2b78c00dff3640f5d76
torus.out0.01112.h5	763a7a42d06c794cd1e1e2b44a241994
torus.out0.01113.h5	233b3039acf8b0a349241964dfe5fb4e
torus.out0.01114.h5	fc3872ce66abef8aeacffc79dc5b8b47
torus.out0.01115.h5	933df01de33e8ecf83cac7a9129a6d83
torus.out0.01116.h5	296e769de91d05b787d74427d263377f
torus.out0.01117.h5	4b8432a2879fe7849bf9c1ed223e2029
torus.out0.01118.h5	b0bdba903e4589442db59fb0e6e631db
torus.out0.01119.h5	941061c2fa081466120dd74984462fe4
torus.out0.01120.h5	3511c59954966509606e86dc4494bdb5
torus.out0.01121.h5	cead2e85898629516a79b51c7a00eac3
torus.out0.01122.h5	b4e64b14efd3beb7bad9fbcf4599979c
torus.out0.01123.h5	86bd03cfc3f7573c085bbe5cb1700cbe
torus.out0.01124.h5	fbf6ee111d3d26d1377262c8c9bac0f5
torus.out0.01125.h5	397c218eb7300209bbe1c62a0e09cb11
torus.out0.01126.h5	f05ca192083a51a9dfbb553916c9b00f
torus.out0.01127.h5	5367014630ea075ed7121606c0718f74
torus.out0.01128.h5	59a540f2b60dcecd78c22d1e70f845d2
torus.out0.01129.h5	da003210cfea3b52cb9349feb2202ab3
torus.out0.01130.h5	65f5c9554a01bb6c8763eae94333b02d
torus.out0.01131.h5	46afc05c70b5c6129b052e1f4a7d1f80
torus.out0.01132.h5	fa10984851c72b6648a05646716df584
torus.out0.01133.h5	133e2912da7326cd7d8c2b9bd73e17fe
torus.out0.01134.h5	28fc9c5e699fcae281428711dccab93d
torus.out0.01135.h5	b5b259d0bc00cf11ce58b2416a1e0f6f
torus.out0.01136.h5	17a484cb8794e5ed093af01e2d6a3f69
torus.out0.01137.h5	6f1b1f09d159103c69177c48ebc8029f
torus.out0.01138.h5	e97dc2740ca19f3a032f0d0ffe7fa2c0
torus.out0.01139.h5	fb845baa99488de2ef143adea264ca2c
torus.out0.01140.h5	c7f85a538b0cf38e5fb85e2b4afb3ef4
torus.out0.01141.h5	618d4ca23d4ce187ca8fa58dcbeb9947
torus.out0.01142.h5	deb858b35756ba2471fe5b591a21b7fc
torus.out0.01143.h5	6e7eddc3bd6034ff4d4f670c509b93a8
torus.out0.01144.h5	80d0aabd7f7ab8da0c9d2396e896d00b
torus.out0.01145.h5	90bb10ac6da2e5e68ff5fcb2de8015ba
torus.out0.01146.h5	a4863bbe44ab4de33b801d03fed42bfd
torus.out0.01147.h5	d883c8210c2b57fa26a97f9be37a912f
torus.out0.01148.h5	a67c3bb6811f8145b9567f9b6ea14d93
torus.out0.01149.h5	555da8580724b88398ea656239c0b70c
torus.out0.01150.h5	4bc234ce557d4c2ea359562cf609049d
torus.out0.01151.h5	c2d68f5fc736a03dafe3de83aaef0299
torus.out0.01152.h5	29dcc4a61ce22b3b28dbd27e43bf8670
torus.out0.01153.h5	61ccaf3d56f77a167765b173dae96ccf
torus.out0.01154.h5	7bd503ff69cf9a55969d8a8338b65119
torus.out0.01155.h5	774ebe8b2f70d429f02e60909dae2c82
torus.out0.01156.h5	2c910581495d677b2a9cf313046cfce0
torus.out0.01157.h5	9665b5c817784f441021abe5499efeb6
torus.out0.01158.h5	206623f2c94e6d9b1873e5d55df6252c
torus.out0.01159.h5	c25ea0cddfe2e6fa024041867ba61c09
torus.out0.01160.h5	4d483cd10fd97e99a1898ceadb5947b5
torus.out0.01161.h5	33bc726ad6a39372b4190d2eb99e4e19
torus.out0.01162.h5	77d362b24f1a48f95f2d4da8de19112b
torus.out0.01163.h5	bf7ee0bfc5d2cefe6612a34974110726
torus.out0.01164.h5	601b77bf0b9f18fb0fc15e0e6bc17daa
torus.out0.01165.h5	5f67a38743914c45f301895b088e0338
torus.out0.01166.h5	624f402b3b1ec495b5b465e8a1344267
torus.out0.01167.h5	e724958f46cbb8f38e5f4d7162bff200
torus.out0.01168.h5	d579d836c5507ebc6e7678e13a2bb684
torus.out0.01169.h5	11e4618f1d8f301079591e95c7d6dce3
torus.out0.01170.h5	aac16b5e4ba2b4a4abc75dabc7407abf
torus.out0.01171.h5	f019fa1f2c80f1a94c75f0c70d37188e
torus.out0.01172.h5	2268cc9af7f726590ae725657e9bdb44
torus.out0.01173.h5	ac9be1b1435cf524b909e1c2d1e4c3f6
torus.out0.01174.h5	e2fe62bde216b9ea1f443d079820e7e7
torus.out0.01175.h5	3aefabfa0b3d1c27e802b61e92004ea8
torus.out0.01176.h5	7e47474c125d2418f063dd468b00a1a5
torus.out0.01177.h5	a243bdbe2391d18036f308a319c8837f
torus.out0.01178.h5	6cb867d3d8250a916ae5efc198d496f6
torus.out0.01179.h5	6c145852f83b338c1e14d468ea59eab3
torus.out0.01180.h5	8fa332b1df298c0a0fd4c4e8562dcc30
torus.out0.01181.h5	532529a8872dbf85474a4b77fcacd0df
torus.out0.01182.h5	a420b4160f72e7ab50d074e4e8b786c2
torus.out0.01183.h5	1c73c2aced4b9303499b96537a0f0423
torus.out0.01184.h5	055419634529a262a1ffb22d7067375e
torus.out0.01185.h5	2cd44518ea2ade15b6e57fd451874459
torus.out0.01186.h5	b3508d32d01d3ae71887a40f4960bed3
torus.out0.01187.h5	3d183f9abe18b8cee5b842a5ade4db20
torus.out0.01188.h5	7482d412401ee524ec40455cf685e59f
torus.out0.01189.h5	89fbb970c5c61aa90066267fe609c354
torus.out0.01190.h5	7a23b06d03b4bf5689d8274cd9b86ddb
torus.out0.01191.h5	110096f3f1785b4007491325b3c2c5a0
torus.out0.01192.h5	8733225f4aa7ab0a55862e93a5e2574e
torus.out0.01193.h5	5a7c2748f65923311357bf262f1fedab
torus.out0.01194.h5	2d069a40861fe2215191f9bef0648535
torus.out0.01195.h5	fbb594f9f3590bd1c3345c8e2de5be7c
torus.out0.01196.h5	0224f01e2766ccdebf49940faae748b5
torus.out0.01197.h5	a4f782fc0121432851a9846f4748e015
torus.out0.01198.h5	386c2989f23fc6dad6ae7198822176a7
torus.out0.01199.h5	2dcc5bde1afbaa3041216e901685764c
torus.out0.01200.h5	0b0d7ec1c61b992e7f617a5cc3310221
torus.out0.01201.h5	285c2a3650312667c234c6f103f4bedf
torus.out0.01202.h5	f7a7b33dd37436fa89e358948e64f7f6
torus.out0.01203.h5	fad3261ab79023ca678996477fd1dd1e
torus.out0.01204.h5	4a1c9d2de27e06505cdbba7c1282617a
torus.out0.01205.h5	55168e4c96abb7f678e7949d50473ae1
torus.out0.01206.h5	6b8b16e5217e4c60d457d206903dd95a
torus.out0.01207.h5	49151d7d7c0fe7c1190d79fcf720f203
torus.out0.01208.h5	01399deb26a9b957eebaae07b5d5104f
torus.out0.01209.h5	82dd63a07a4a7fdf70bad8ca95f0e41e
torus.out0.01210.h5	6fc17ae04a53700145ae9653c4a1b32e
torus.out0.01211.h5	57f6f1b1eea5047a181a1ea46dc16cc1
torus.out0.01212.h5	25805b4f4ce8663309993a0f9b8d3ebe
torus.out0.01213.h5	9db9e88f15687dfce817932f43f32689
torus.out0.01214.h5	e265f19338a98c97d39e72fb37ceea43
torus.out0.01215.h5	a1695dafae81bb96e4e9aa6409855445
torus.out0.01216.h5	60efdc743e993a399a034188e73517b7
torus.out0.01217.h5	5b5da79618852c8c40eb9e51e9fa8a25
torus.out0.01218.h5	51d711e9d69b84f11930b07ec1be92a5
torus.out0.01219.h5	c9e6d3653a456606adaf968671112c0f
torus.out0.01220.h5	e043164caca2b3f9c81a30c70d8e1b05
torus.out0.01221.h5	cd4f612972f71786b36cdaa652e92639
torus.out0.01222.h5	1f33dfe5bf5b6b09184d7c740c49e0d0
torus.out0.01223.h5	462c61250aa9c609aed9f57ff5506de8
torus.out0.01224.h5	805efcaaba0dbfd25f5cbf8583099546
torus.out0.01225.h5	764591cba3b3da30639ade6460ac4899
torus.out0.01226.h5	82fb54ae1212e822a8986ba02f5d2db9
torus.out0.01227.h5	0efeae2db4bd69dfd6a54a40445e1779
torus.out0.01228.h5	a2ff23ff157f909488f2ae93ce613f13
torus.out0.01229.h5	71ce01cdfca0ac4f1e498dc29bdfa476
torus.out0.01230.h5	1ce199fe6c64ee4c1be24fd2b25b0de5
torus.out0.01231.h5	8648ab9e9d73fa076b263ed8867b35b3
torus.out0.01232.h5	bd0768e009e220b4e4216146673e4c95
torus.out0.01233.h5	763e694a7d7f3e7235297a747362c8d3
torus.out0.01234.h5	ee8863e4afdff26ed38fced16ba247fc
torus.out0.01235.h5	2d7ee5db62f2fde5d496034ad3d07165
torus.out0.01236.h5	fe24546a5372bbd8416af6b4a05d4b04
torus.out0.01237.h5	2a6c1be8eb17402962fdf93f37701581
torus.out0.01238.h5	01610dcdedf0ba0521bdad2608f7fb9b
torus.out0.01239.h5	8c69f3e4f210989a1ef2ecd8abba46fa
torus.out0.01240.h5	f103df78f9341177b9fd5199ec90c58d
torus.out0.01241.h5	c11416b16a2f4c828d0e3f04c3577afc
torus.out0.01242.h5	2d83dd9f41bba1e8a74314b3917be983
torus.out0.01243.h5	a44c3549950108379048dc034b096921
torus.out0.01244.h5	1be2676214ddd21bc288432658b71145
torus.out0.01245.h5	94d63e2d3a9aa777469e22bba73218ea
torus.out0.01246.h5	b855f670434fc18eef40fd73e6a999dc
torus.out0.01247.h5	522ca0b3822713588e6dd01ef47449b1
torus.out0.01248.h5	bf23a0a67b5a77128f9ecfc04e08a323
torus.out0.01249.h5	72595a984d9f6b7bd0b1b8a969461169
torus.out0.01250.h5	5027ca952e20f479073986b875a64446
torus.out0.01251.h5	66ffa8a311e68d1d1c16a8d8383c7088
torus.out0.01252.h5	9ec74078042cb1f71e45a391e0fd23cf
torus.out0.01253.h5	84e8adf120e721d8ec75241eb5d6473d
torus.out0.01254.h5	3ed52247cc471a16ba3ea9ece828938c
torus.out0.01255.h5	24167db00d39a2bc22979c10457ecbda
torus.out0.01256.h5	c6375722157bf30b70dcfc6b82b9bfa8
torus.out0.01257.h5	14de98b238e3036974cdb9d1941c6f2e
torus.out0.01258.h5	319c738dbfd8f8e2900b3a5489ded082
torus.out0.01259.h5	4162d61e1674a40f65e32a86456af63f
torus.out0.01260.h5	54bc8e808ebd3a251f6f4c14763c0764
torus.out0.01261.h5	8d77cda09fe6a1c5622a14455e106671
torus.out0.01262.h5	aa2e8843d317ec1f00d2c524f390eda2
torus.out0.01263.h5	13ee1e0be8794aaab499e2c5c03e6f83
torus.out0.01264.h5	6673e44927b2f824df012b89ad6aa445
torus.out0.01265.h5	e1c2688b616da197d63fd3f42a0d17a7
torus.out0.01266.h5	321d9a032ea2e3bea16d122dcfe421c9
torus.out0.01267.h5	b3054eb9ea6257c703642aff3042ec1b
torus.out0.01268.h5	079e505f7efeeb73a2728efae2a7fa60
torus.out0.01269.h5	54a4a424476f52f2c866d4b5ebf6c025
torus.out0.01270.h5	4410047155082daf8c0739d928775649
torus.out0.01271.h5	f6b84c223e45954847c980724b1cb8d1
torus.out0.01272.h5	66386edff20d85f5206e4a3e44ddf279
torus.out0.01273.h5	83d132225eb26c29ef1640ff7507b650
torus.out0.01274.h5	3e65e52e7120e0d91f9e180a5ddcfa7f
torus.out0.01275.h5	dd7bd8c4460b282cd59294a7ab7e2a26
torus.out0.01276.h5	c09c8f80ef944497096ff01324ac30bd
torus.out0.01277.h5	f9b7b02dd55a7c45991e44a40ae69210
torus.out0.01278.h5	c3f60c07a25cfa38b75afb82296fca83
torus.out0.01279.h5	7221881d2f0bbf6d450e71d9e9970da3
torus.out0.01280.h5	e99bfdf4a761f3b88323f24094b45b88
torus.out0.01281.h5	2cb91fe69430319b3cc9f580b2f3bebc
torus.out0.01282.h5	0fe8bc7e5748a5d32519f23298eec37a
torus.out0.01283.h5	23f38bb987abf1fd1b560ade5a0b9de4
torus.out0.01284.h5	83a2da5bff3f62392ba7a2e5977d37ca
torus.out0.01285.h5	4e8cff6a7709c566289a151bfea93f2a
torus.out0.01286.h5	63a07d8b86823154128b8cb94a2f1930
torus.out0.01287.h5	a6a7209b8be843f8397e28555b5e2b32
torus.out0.01288.h5	352579301be94260bd31e178e0020d9f
torus.out0.01289.h5	c37de46e8e048347563a7cec6bb112f4
torus.out0.01290.h5	d9173b99fe3578412148da8c0d08497e
torus.out0.01291.h5	5a0c2f2ecac3c0db5cceca34d48ec22a
torus.out0.01292.h5	73595c3ed12a6fd559b8994a576bdf37
torus.out0.01293.h5	90d7a35bd3557a2e4fcbbb3422bb2487
torus.out0.01294.h5	e7967756e335e44c15396462b31b1823
torus.out0.01295.h5	665d312d275ae580797bbb459d261b87
torus.out0.01296.h5	77ed715402296bc9affadcdac29ca6ba
torus.out0.01297.h5	1ecc4cd7165b67ac6e2c2fe190c4ce20
torus.out0.01298.h5	a6468b5287b0f31ad015e87d6d7a0b51
torus.out0.01299.h5	dfb1248f11cd16930fee880d0bb8cb80
torus.out0.01300.h5	9532d7ddd4d08ae87d6559c1ca34b48e
torus.out0.01301.h5	adc9f2d95817ec4927e7f9f800f48d15
torus.out0.01302.h5	e816ed4433508d5c5abf0b616f498e6b
torus.out0.01303.h5	80f5b5fcee2cfe8c0469ae359b7a123d
torus.out0.01304.h5	433cf014d27cf7771e25c6b823203a50
torus.out0.01305.h5	ce4713ea5f82f703da5095ba7e0575ca
torus.out0.01306.h5	accb4a7f73c2153358a6dd60f74af097
torus.out0.01307.h5	f6f145b79a89e0d544eabe370ecd6f17
torus.out0.01308.h5	7a147c8ccc3f747a13ab6e7b638cfd93
torus.out0.01309.h5	d8875b9c48a931494023ace0b9c24bab
torus.out0.01310.h5	40070b5613db178fc0268f0f7bd9952f
torus.out0.01311.h5	fc7f61b9372a2330f48b5c176812f5c5
torus.out0.01312.h5	aa6607777688af6aa2b270452ad05087
torus.out0.01313.h5	6c472010c479258b264a54303a244ba0
torus.out0.01314.h5	5cd5431068001fdaa41ffa2e49955ff7
torus.out0.01315.h5	1f8701f8e39511668b6d0055aecfdff5
torus.out0.01316.h5	4f9299920e7062a0899ba23464bab458
torus.out0.01317.h5	9f73b069d89afe3f2e2751964e88ff97
torus.out0.01318.h5	877d10407b765f2e5e6aeda53716724a
torus.out0.01319.h5	d959dafa81c4ae81a52466d9bd45de77
torus.out0.01320.h5	687d8cbf5c09a8207471a8bb6075c298
torus.out0.01321.h5	c8cfec0e15cc0d4416dfcf0f5e268053
torus.out0.01322.h5	c63abb09c903b02c341aaab2e1ca2d00
torus.out0.01323.h5	4efc949848280a14aede1c5827c69fc3
torus.out0.01324.h5	bdcfa45416204ff585e2f6b98bb31a28
torus.out0.01325.h5	0bde138bfc1243e159bcd8e480ec4eea
torus.out0.01326.h5	72767c1c061cc6ddbdaa4a1fc2be0c7d
torus.out0.01327.h5	62599c328d0479b6e34381d1f14cc271
torus.out0.01328.h5	8850bce3be1fb6e32d13a3f8e4c2375a
torus.out0.01329.h5	5bcbb89a54fa42526acd561598b007ea
torus.out0.01330.h5	279fc452694da1111a505933d12304bb
torus.out0.01331.h5	1f444526cdd72a07c18ce0e195d80ff8
torus.out0.01332.h5	165a223339f4af8e7ffa147ab311d6a9
torus.out0.01333.h5	8dd234eb35e6f54ed2ecff0ac209e54b
torus.out0.01334.h5	e1dbe6ccef6d8f126301603a13cdc1a3
torus.out0.01335.h5	1bd345f9f8f4cfe7f1c5978ca5efaf3a
torus.out0.01336.h5	6095d145f4dcb4ff4d1fcce6fcbd85fa
torus.out0.01337.h5	dd3bda567f1c5d6604855ba4ed2501b9
torus.out0.01338.h5	2d098a93a768ee8ddca22fb3ca5aa633
torus.out0.01339.h5	32e63d8c7cde96a3470a0945f328cde2
torus.out0.01340.h5	5b2529dc09a5a0fe3487619854eb663e
torus.out0.01341.h5	69ac683ad17d3c26ac95263673f78e1c
torus.out0.01342.h5	2c3c61eb5c7da0957312e5cd5425890a
torus.out0.01343.h5	be39a89fbff336d8561092889155c966
torus.out0.01344.h5	99c4fec68eebefb75604bf07e7135d17
torus.out0.01345.h5	3440d5090460c269725baf2f4a3ede3a
torus.out0.01346.h5	8e975d202699c0a48274e056569ca1db
torus.out0.01347.h5	6262b4b38674e30c1178b57d2d5f3102
torus.out0.01348.h5	419ff8d859f731851a134a47b029f191
torus.out0.01349.h5	154129d1c38b2d1d3d87fd139b00a7d6
torus.out0.01350.h5	e0e782d6ffc1d78a8de89885aedc2f8e
torus.out0.01351.h5	2f7b5814a2ded2e683feea49de666b18
torus.out0.01352.h5	11956ff6c72789dce9a8aafe40b96faf
torus.out0.01353.h5	3ed0722f252a579a3886a5991ad514ac
torus.out0.01354.h5	b320b05824f0e61ce37826103ed03b5d
torus.out0.01355.h5	74ce551b9768ffb180b964bba82aecd2
torus.out0.01356.h5	78e5a2d5d5cfcd7857f10b37f9ead9aa
torus.out0.01357.h5	50df92cb14957730a2e92d6a54ed5600
torus.out0.01358.h5	7aa2b9a313ccf3c9ceabafcf4d62ba3a
torus.out0.01359.h5	d240a05d9442729566b1a901d0857382
torus.out0.01360.h5	a812d493d9bad24d9995e3197b3bcc02
torus.out0.01361.h5	0bb8e3c9acb5b3469c72fcee51c1f697
torus.out0.01362.h5	2cbfe0a24d82c1183a4e85f53dce2872
torus.out0.01363.h5	a5de1f87a0dc393a1e110fd49d8f039f
torus.out0.01364.h5	aa3c3c9f4699465f031a3393bd1d3bf1
torus.out0.01365.h5	94b81a5248c5df6fd50f4e70f2f36f92
torus.out0.01366.h5	05d6b1b6293ba331d4aba870443d28d1
torus.out0.01367.h5	1b355c3b2231d73502fdc5633102d0af
torus.out0.01368.h5	403d309d4b9f1f10ecf0e15374efefef
torus.out0.01369.h5	a04157fae63fc24feee004b520c9dd64
torus.out0.01370.h5	44b73dfa1859ad34925b560fa532b739
torus.out0.01371.h5	036e0bd65bac3b5907f7d2ff525e04c9
torus.out0.01372.h5	e9f5df52807925a85e92b4aaa4d19ce0
torus.out0.01373.h5	30093e384654d2cce552a085b196d23c
torus.out0.01374.h5	89f05724d0322a173ad4d99103567681
torus.out0.01375.h5	b2132c50d131a3d3f2e52a9f50aab527
torus.out0.01376.h5	2e7434d2877cbef3673f304cd9533acf
torus.out0.01377.h5	60c6e4a4f7d90aab277e6fe4c972b231
torus.out0.01378.h5	f59aa0450c9eb94d2bc62c82602af664
torus.out0.01379.h5	606c9c26bf6204fe0295f3fcb6004afb
torus.out0.01380.h5	f70e8b2cb725395282dbdc1bca04c0d4
torus.out0.01381.h5	c45f1ea97dc69382570b952da57fc943
torus.out0.01382.h5	ac4f650aa25a9a35cb6a9d23fbc8fe07
torus.out0.01383.h5	1968d1a0c42190d445775f00cf51a39d
torus.out0.01384.h5	7dfbb7d506459a135e5ed529fd051e10
torus.out0.01385.h5	715c844da18772f549ee027e07acd006
torus.out0.01386.h5	0804bb0035f3d6ad99c71e87566b7c5f
torus.out0.01387.h5	28433605f022f47a332a07a3693183f0
torus.out0.01388.h5	a2d3270984d74e2e6397db1cac8faab0
torus.out0.01389.h5	be5100c61bfe83d8b2c1704e46f06f8e
torus.out0.01390.h5	e05c359196184df7f78f5714f531fff8
torus.out0.01391.h5	3cb7d59529018a64f07aa98a39a7e4bf
torus.out0.01392.h5	cb54dbd7e6f65d2e2fb0a3f204243630
torus.out0.01393.h5	bda693ee914382a28a559d5df3eb5a95
torus.out0.01394.h5	7a5e252b6c8d1091981db8ad06d1ff59
torus.out0.01395.h5	01f72616033a42712196df767557527b
torus.out0.01396.h5	89d1cd89686a796e906cb09d0be8a065
torus.out0.01397.h5	b117886e1651fe4c48a3b22c46fd49d6
torus.out0.01398.h5	9920f997e44d410251d794b8a755be66
torus.out0.01399.h5	98802a705a633ee45e1d2353dea17e0a
torus.out0.01400.h5	6f05f956acc952a6d75c91d7c985fc15
torus.out0.01401.h5	15316b67f91994e7b51504652b32370a
torus.out0.01402.h5	d63a9d707a8b96c5b850f2b99655a938
torus.out0.01403.h5	0ebd87d2dee959ff8acde36086c340ad
torus.out0.01404.h5	d1b8d3468b59ea7f45a691b471bea9d2
torus.out0.01405.h5	76a687d199aa57d7b16173f484ed73b6
torus.out0.01406.h5	0d5c6b9e9396f329149e84619f4e834b
torus.out0.01407.h5	a3a8eee1066c8078783725be68a2b6dd
torus.out0.01408.h5	9abdabc7862697a2a3519f85e54b5fc4
torus.out0.01409.h5	950b7cc6f15caa28ef68b1cff36501c9
torus.out0.01410.h5	71650fd92a3b43faaa44137fa35505f2
torus.out0.01411.h5	aead0d9fd223c0fdd4b193663fdab5e6
torus.out0.01412.h5	280a39343bd51e7d77d324fb4f6a9fe3
torus.out0.01413.h5	3c951d499e27dc7a022ecb1353e5b280
torus.out0.01414.h5	2d2e36c358b9cfa3ad85ba2a243709ae
torus.out0.01415.h5	d0ead16eb916ab409abea0790862309c
torus.out0.01416.h5	a7ce0e017e27b671b83d18dd77f75a09
torus.out0.01417.h5	204ef7d5591f07e8fca691a7f49f86f7
torus.out0.01418.h5	aefbf8cbbfa92359f63af1fcab73c8de
torus.out0.01419.h5	59499ad3411a0a484f7f093eec7d5e24
torus.out0.01420.h5	16e4ea2ad8b85dd98c4fd3b8a2579c77
torus.out0.01421.h5	097819c3a887af7497db100918c533c2
torus.out0.01422.h5	d1e622aeedea232d6851c6ec809518ab
torus.out0.01423.h5	693e2014ede19e04c2baaff7dbf44c83
torus.out0.01424.h5	5f8d013ba167f385ba010941c6443d45
torus.out0.01425.h5	25ee17debca03dce725de34a1fed933b
torus.out0.01426.h5	8c769ffb1b74834daeacfe6ad8f666d0
torus.out0.01427.h5	7533a4a0a5ede666a5f8c6c801cbb17c
torus.out0.01428.h5	c9958d85bb081b3ec245c6b384f6e6d6
torus.out0.01429.h5	37510a2d3c79316e00d7b3629e0b5110
torus.out0.01430.h5	a2289145899c376bf3cd6d67c72ca217
torus.out0.01431.h5	eb1a15abb8cd666ada4ff49f5e3cf551
torus.out0.01432.h5	f645a1677e0edd26118de81caf4f97da
torus.out0.01433.h5	8e497fa8d255006047a7da1a28d15945
torus.out0.01434.h5	29b08cb0c2b75981763d22c3a38a0731
torus.out0.01435.h5	09ee7b0e3eb62e78ed51b1c88f2b7523
torus.out0.01436.h5	8dc0d5fd608f1f79dee82bb9daaaa81d
torus.out0.01437.h5	8cd360e1fbe1c2bb9d3a872924639951
torus.out0.01438.h5	2f4c6f3c2f60ec15be93d7561efdeef5
torus.out0.01439.h5	715ecb27fe6b2955ca75604fb805baf6
torus.out0.01440.h5	e25324920ff7969cabed0055c9afd44f
torus.out0.01441.h5	2fc6a9f7adb2606889358892569f75c2
torus.out0.01442.h5	8456fcab9057c16e38ca446ce6a5b137
torus.out0.01443.h5	20bbd0b73f39a6cdf6165a4cbda32d3d
torus.out0.01444.h5	a10c5d602bac7ad03d5e63232958ee05
torus.out0.01445.h5	b71278f97bdeb204d6ea48d6bed7afcd
torus.out0.01446.h5	c62fe26b2fc5648f794eb103d01335e7
torus.out0.01447.h5	801293b95fccfabe0e347c2a2b3bc293
torus.out0.01448.h5	d552560f25327cd745c74b16a0b88950
torus.out0.01449.h5	62e7950796c6d9dd8e6ddc06d0021285
torus.out0.01450.h5	03223604db0e2a4ae451f1f265a96ef0
torus.out0.01451.h5	437c8426ec59293975a3a79e43f44be5
torus.out0.01452.h5	eabd8d43eb1732a17fadfcbedddad81f
torus.out0.01453.h5	d98dd444a0de368ca38e7417e7498142
torus.out0.01454.h5	8f206d86cf0f55c88a6b8332f77f1024
torus.out0.01455.h5	57ecbe50a406b941eb5a673767c38a16
torus.out0.01456.h5	281bc81eed820eea76069306c8d635c5
torus.out0.01457.h5	0fe81ddfeb80f4b11ec1255b9415c35d
torus.out0.01458.h5	8241e88cbf57cfe2d2d9c3e7453c9d77
torus.out0.01459.h5	dd03d0e0ffb49898532b3bc384ff0cce
torus.out0.01460.h5	daac8fe338798078657d10c5a7d20b8d
torus.out0.01461.h5	8e7014ab717eff800885f599c53ff174
torus.out0.01462.h5	be5d6a463eab8adeac2b93536a84cf19
torus.out0.01463.h5	fea5ef0228e9c5fdfed6ba9c25ec2272
torus.out0.01464.h5	99c959e4f87fbaed7dcc7924d917c1e5
torus.out0.01465.h5	492d5299041e628dc1bb9fabae5e9344
torus.out0.01466.h5	e29561d464f81338c069599153a015fe
torus.out0.01467.h5	fbd254884e6ffb418512c5afc14ed0ba
torus.out0.01468.h5	e073d86b528022ba5eefe286b831226a
torus.out0.01469.h5	e94d6cd2ba75322b7c3841afc0d6cb69
torus.out0.01470.h5	131042ccfc59d83056680c7c95bcc50d
torus.out0.01471.h5	f40b9c6615681bafa9d6469935e582b4
torus.out0.01472.h5	d454737da1c0a5dcc93b5768006fd7e2
torus.out0.01473.h5	1900bc0f78469e2408ca5df13e850e2e
torus.out0.01474.h5	73aa509f817cf47a75a0a392f9bc4fda
torus.out0.01475.h5	c05419efa6e531af764f6a31e5c9bc96
torus.out0.01476.h5	3cc0bcb710a373e84ae56b7c222e31a4
torus.out0.01477.h5	f546b30ecf9ceea28f5267af8e15dda4
torus.out0.01478.h5	748b05a47ebca5d60cec3b2e892fb15c
torus.out0.01479.h5	41c7977edb473ccd8f460b1738ab5d5f
torus.out0.01480.h5	c19bb0ecf48d4dbe8be824ab6bd3d61e
torus.out0.01481.h5	5ec64a29f90cd04cce6a031cd4f9763d
torus.out0.01482.h5	0c173b572c63de1c8c1f34e2f38171c6
torus.out0.01483.h5	047d63416dcce2562ce2f7a02bd15150
torus.out0.01484.h5	e35644887341d5d7c18cf8a5aa3a1613
torus.out0.01485.h5	05adc70847c496edfa39126e8d081e55
torus.out0.01486.h5	3f7829bd18e4de85b4cf4811a76fc673
torus.out0.01487.h5	a98d1bf6a398c1f7fdce6d35406400ff
torus.out0.01488.h5	284b701a88951ec0489e9e4430187f7c
torus.out0.01489.h5	46d84fd4d422e922be2f85baf6fb566f
torus.out0.01490.h5	36e5e244cba2bbe8265c84a11c1c12e1
torus.out0.01491.h5	a5cc23e3c9c6085db2c9cf439d3f4fa1
torus.out0.01492.h5	1e18943783ba8f205d31b67f122d5fad
torus.out0.01493.h5	a210a8d760ec5b0a806701cd3974e884
torus.out0.01494.h5	d172e3a968a26293b6b0d0e091ea7958
torus.out0.01495.h5	987b27a97d18f5d96d0d9853e8af7c3a
torus.out0.01496.h5	8dd8b25f4ad9f017e89b097ccadc77fd
torus.out0.01497.h5	13ddc538819bb95ad23c5455314d5d41
torus.out0.01498.h5	dc3c4c1a7ede2a201e79634ddbfb7e64
torus.out0.01499.h5	4d135bbc17883df005cd4f6d088c33eb
torus.out0.01500.h5	06988cefb30278e6f9b439c7ade574ea
torus.out0.01501.h5	9bfe17e2f121076e3c8d975f3a12eafc
torus.out0.01502.h5	8ac235606768be209983a4c049f33d42
torus.out0.01503.h5	e96b44b196f800a6d3943d7c0955d5cf
torus.out0.01504.h5	1b9cfe8d64182a7b06ba0fd7b592c5ea
torus.out0.01505.h5	cdafc21b7d9bf1844c64294999cc56ee
torus.out0.01506.h5	99c3346523aea420f883c78e7951d0bd
torus.out0.01507.h5	d435ef7075de2dba1acad679dc367371
torus.out0.01508.h5	740279670cd0cb6858d1b91f5faf3807
torus.out0.01509.h5	7c13b1b7977eac9bbc44a81edd58ae4b
torus.out0.01510.h5	4ffeb47621bac305aac4bc7709b2c009
torus.out0.01511.h5	18d05ace7364fa2d0d91042ca4a71c3b
torus.out0.01512.h5	e69c696e16759338f22be7b739ea1b7e
torus.out0.01513.h5	db9020ee07f1f2ef810e6cb9bfdee162
torus.out0.01514.h5	6901681bf9dd6c2cd283a682c6e5fc59
torus.out0.01515.h5	f92ef92779058ab2001d4e679ecd44f6
torus.out0.01516.h5	4ac5369e3bbb764ff6a39bd834f864fe
torus.out0.01517.h5	e01819515e78a0c8e21da02d882a35c3
torus.out0.01518.h5	41fa0b403f0f62a9ec753075dbdb85c3
torus.out0.01519.h5	3ac417662cc093cee5a7f91a556b22ce
torus.out0.01520.h5	745ef5958db51049acd81464ee4bd4cd
torus.out0.01521.h5	dd732f00c5c7297d859bf59278dccb92
torus.out0.01522.h5	bedfa00f25e6d00588f273453bcd48f0
torus.out0.01523.h5	ef0b76ff9966d213b7a76ad27ce966b3
torus.out0.01524.h5	dc7f4dac7a99b20e73252381ea432e5c
torus.out0.01525.h5	8cf5f7c34a9d6a0594a500ca63820817
torus.out0.01526.h5	5558c7b917ebbdff0d0bb0c6c369be3a
torus.out0.01527.h5	0af59838e39c979eb151199e247b1ef2
torus.out0.01528.h5	2770e240051769b041f9c0a3a96e69c1
torus.out0.01529.h5	e2f6d864e2c18a0670584170e351db85
torus.out0.01530.h5	023a2609c27f5ef78e91d1077c80b27a
torus.out0.01531.h5	f8d2df38a88f3196fe974b6de91a6815
torus.out0.01532.h5	92161d0a079da31b2e0af17c68471a1e
torus.out0.01533.h5	ac40bd2f13844ff719c2831fef0ee1bb
torus.out0.01534.h5	47d7dfb6b664f63dd01aec411787d2c9
torus.out0.01535.h5	164a4fdf10b58e2d8308e0e203dee9b8
torus.out0.01536.h5	ef70f672879a7612d2314397173ca483
torus.out0.01537.h5	2806e82f2454beee53811f192ef85079
torus.out0.01538.h5	1f818757b8490d087b08c61b8574f37e
torus.out0.01539.h5	4e7120a97af0022c07069ce9172a2542
torus.out0.01540.h5	1fd4baa386df27994fc6bdc874b14ccd
torus.out0.01541.h5	3f355440e8f77ecec66413c46cf6ac03
torus.out0.01542.h5	f4bfa133fa1eac5da515ec43c66f5419
torus.out0.01543.h5	7932e9fe623d518aa243147d87c9df3a
torus.out0.01544.h5	0c9cb49703910439de8ff63cdf2942a0
torus.out0.01545.h5	32b108596eac4ba3c2303905fc6fc23f
torus.out0.01546.h5	6c534063a8b738773e89fa0514795f9c
torus.out0.01547.h5	1c24a4efaf92eb9cdf01b534f6f1def1
torus.out0.01548.h5	76cec333a90c17289b3fd3b059678e3e
torus.out0.01549.h5	9c8ca83d5c011e4751e4087a05345dae
torus.out0.01550.h5	65af5b167e309e084ac59acdaf149c8f
torus.out0.01551.h5	b88f192256f8bb418e64460947c2eae6
torus.out0.01552.h5	fcbb4e1f7acb3f0873a8c10f09c72691
torus.out0.01553.h5	4d8272ce50f33e71fed377aa99e52c86
torus.out0.01554.h5	f7819045f215d6311dcf9a78c8170ba2
torus.out0.01555.h5	8ec64e61cd6b021bdcb730132e628bc6
torus.out0.01556.h5	58269eef0bd5d5a56b67270c1d394263
torus.out0.01557.h5	cacab032903470c75319240f4cbb5241
torus.out0.01558.h5	99657fc34b8dc73b98ccfacbda9bc694
torus.out0.01559.h5	48d621e0a68343f080efd1c7686b8d8c
torus.out0.01560.h5	dc9184271149fefa371f16519b422132
torus.out0.01561.h5	d5aded3377021dba6f0bd60e6995da95
torus.out0.01562.h5	45433d7a48c3ee1c8880d90ff3db2634
torus.out0.01563.h5	2a7973f9c95c8b1277e5b8c334271256
torus.out0.01564.h5	17ce6d26d803035128ff878483f94d30
torus.out0.01565.h5	ebe7c79e7f83a7e7ddbb03994c76eaca
torus.out0.01566.h5	a6672d7e9c8c949c62c691cd1a5204fb
torus.out0.01567.h5	3fe247f6f589a01bb16967383a7ea08f
torus.out0.01568.h5	07e8ea44d4afe512f05f715e7821da6c
torus.out0.01569.h5	a0ba53be99964b337d49eefe194b8777
torus.out0.01570.h5	98995559c612eab0084b8e31a863bcb2
torus.out0.01571.h5	68224bca4bcf6de0c9a9471f3689c0bf
torus.out0.01572.h5	85ebf9ea6153556884bbf2763abd9a8e
torus.out0.01573.h5	daa2334da99c8b9d5bdafa928212c910
torus.out0.01574.h5	df3ea568595d5425a0119ca5342b1d19
torus.out0.01575.h5	e20a632b2386d34ccb6424bcfe654605
torus.out0.01576.h5	1eecdaec5792341728edf2d133263c43
torus.out0.01577.h5	ae76d42485cafe47c1836c2cb1f7d963
torus.out0.01578.h5	d44b4f8c9b46aa3b916c6211d80cfbb3
torus.out0.01579.h5	3c409c68ab5aa7a4e41217b06e932c28
torus.out0.01580.h5	d684ece2fc695ee95a998830f14c78d7
torus.out0.01581.h5	9467edeefbac9fb03acde7a0a3686779
torus.out0.01582.h5	f167e1b0f206d0dc133cf6d934b814ff
torus.out0.01583.h5	0ac5da69106d606e0e01b011963d4e89
torus.out0.01584.h5	23fc3c84f551425a36133119928a00da
torus.out0.01585.h5	b5bf85ec61a42f547735b99f33d9ae8c
torus.out0.01586.h5	0dcc3bb66c22d8f54d914b650e752ff3
torus.out0.01587.h5	3b23b2e0d4f0eaf3b6202ad108a4cf7a
torus.out0.01588.h5	7c77c8b888208d112810909fb3b3bb41
torus.out0.01589.h5	23f942000d3ff992971dca2993236d3f
torus.out0.01590.h5	2663d60692c596691317334489dc2124
torus.out0.01591.h5	bc48790244b835ccc3da7841ca85145a
torus.out0.01592.h5	ac0976715c1e952771708aef6d5631bf
torus.out0.01593.h5	574dfd759a951c308c0e5022ac7e0ae2
torus.out0.01594.h5	917b53e31c011e7203d0204f0a6ad43a
torus.out0.01595.h5	b08dd8bffcd6a331e0a4cdc90052ad22
torus.out0.01596.h5	41c76f49b004990f82d91c3faf193384
torus.out0.01597.h5	46ae023c513945f6acbe352ab3c9139b
torus.out0.01598.h5	c332fa22a076bf24b3f8e8827f8d9ffe
torus.out0.01599.h5	feaf9aecce6cdb2f05e0c65bac7d062a
torus.out0.01600.h5	1bd200399e9390fb13c004163bd53e7b
torus.out0.01601.h5	e8499bfedd5da4941dc02200444033d0
torus.out0.01602.h5	4ee73ac6d214ae5999e43d18a43fd779
torus.out0.01603.h5	2741464528707a7490c95886d63dbed2
torus.out0.01604.h5	134ba0cca7db26212b8fb4694b805d5b
torus.out0.01605.h5	5097437d0db4135b4c7b75d6de010137
torus.out0.01606.h5	6b4b19354518ebe357fc5345f77d07ad
torus.out0.01607.h5	350decbd304b4b17c0d8ff87d02f98e5
torus.out0.01608.h5	b1463a8c6024b57e97533c96183c4368
torus.out0.01609.h5	dd7c7453f92d0dd8c6a10728e08451e8
torus.out0.01610.h5	2b38267222faecc6ac16178097c33123
torus.out0.01611.h5	b4811e43c1874f9e1021323d9736c583
torus.out0.01612.h5	9b3834cb7b182a7e3e46137a6b60f2fc
torus.out0.01613.h5	d14cc177626b0786355245c542f1cb66
torus.out0.01614.h5	c3f537161f157c2802a0614944a8142d
torus.out0.01615.h5	949f96ef7fe8225595c928a54fe8a603
torus.out0.01616.h5	a65cc5a83c6be2ccb614c6a6fe3892d2
torus.out0.01617.h5	5dfd6a0d64ca08347a869f777ad11f33
torus.out0.01618.h5	0a894e0cbdfb7b332f8ccfff8f345eba
torus.out0.01619.h5	3e7cd908bb6397d61e5e9de5c48f06cf
torus.out0.01620.h5	2406dd3ee01f4584fc197164e09da8a4
torus.out0.01621.h5	e700236b9a3a64b591fff3701864d10e
torus.out0.01622.h5	225ca2e30faa47ab32e163fc7b043ec3
torus.out0.01623.h5	a3c23828dcfff20259a5bd883f2e162c
torus.out0.01624.h5	be95e5dfd5c01df887d13bc82567a32a
torus.out0.01625.h5	69980ded742f70f2a1e9e49bdf8fdaaf
torus.out0.01626.h5	8c48befe13929115e8dfb08afd0f0859
torus.out0.01627.h5	384d78e1402f2e45ed6b04f36f724194
torus.out0.01628.h5	9dbb09211208fc59da29d8e5ed22e896
torus.out0.01629.h5	e88ef1178380d8207f89725582d80111
torus.out0.01630.h5	85788068329afe34b61954347af0b1e3
torus.out0.01631.h5	b6e390f4632479f6e16f3d90f8610482
torus.out0.01632.h5	18f5584bffc3868ca84d3059adc9f64a
torus.out0.01633.h5	7236161eaf379cf4dd2f92a9ff58f4b1
torus.out0.01634.h5	adab3b0982469f2f473995e610f98ebd
torus.out0.01635.h5	581b547ed76f1facefe5536a313d0a82
torus.out0.01636.h5	df9217eb8982f43bc3b763c7a8a96559
torus.out0.01637.h5	16dc4bdeaf53ff216ea760f01751109e
torus.out0.01638.h5	8626aaafe59681fe9f6935c389c999a6
torus.out0.01639.h5	8f319da1d33c8852b26e3b95e02d1163
torus.out0.01640.h5	f8bd33499fa1f6078e12ce67d0d27cc6
torus.out0.01641.h5	d5851c12687991e739450418171d1bab
torus.out0.01642.h5	f5e15094a8fd01575fb5642ae03c320c
torus.out0.01643.h5	bff56e566de035f4794cac3a51719e99
torus.out0.01644.h5	ace5becd1542e5b1b1c73b787ff15dd5
torus.out0.01645.h5	254936d6eae61c674cfef0a1d9ffa9a8
torus.out0.01646.h5	49f0882312295975259aa41be558a47f
torus.out0.01647.h5	a612f61b55760932d42f13759b166108
torus.out0.01648.h5	5fb6a5c81d511e89933111fb41f4c53b
torus.out0.01649.h5	cbbc2ceb209d0be2a9825ca6ec032604
torus.out0.01650.h5	698400e10b5d3027035ac9e2ad76d81b
torus.out0.01651.h5	9ee3aebe4e83a115b63fb2029d474442
torus.out0.01652.h5	f9ac50ce7ba84bdc6f7f3e4fd7273233
torus.out0.01653.h5	abbc8b3c8077e674de130c7d15006878
torus.out0.01654.h5	ce9b337979b7403ac6c610c21a7fd4a5
torus.out0.01655.h5	dafce5fd875e81f13336d8c9c1dd93fb
torus.out0.01656.h5	ffb766f5c2c88294cf201e3a145a8b35
torus.out0.01657.h5	d0540b0c3193f3799d891c0176150f3c
torus.out0.01658.h5	004c4e4e762eac35e2cd70d2629c8a7a
torus.out0.01659.h5	d30281783604f72a61b2dc3aeefe8ee1
torus.out0.01660.h5	9e47e254d25b163ab56ae63376a9463c
torus.out0.01661.h5	fa8cc3d28c8452003dc891cd35c9b414
torus.out0.01662.h5	136bca80a7da755131e4eeb54f2c3a1f
torus.out0.01663.h5	20804a33a26504b702b277c684146783
torus.out0.01664.h5	04ad10767b5e55771c3029d2ac4cb540
torus.out0.01665.h5	4fd7624d0e0bae3c5cd74438c541ddff
torus.out0.01666.h5	3b5547a61165355f5085fca911cc6ed1
torus.out0.01667.h5	32831420592e981a302414b8c08f0bde
torus.out0.01668.h5	8c0bfc3a1eaa72f36d1060af6cfa3667
torus.out0.01669.h5	584c13780cbaee76f678470995399ae9
torus.out0.01670.h5	a84dcfc716ee93300868810e6dbdd932
torus.out0.01671.h5	dfb885abd02782fecd9b00f966c9506e
torus.out0.01672.h5	99ef09c8b35a2f60ca0851cc93ea5c70
torus.out0.01673.h5	7b962cd568a01b5e901638d45066289b
torus.out0.01674.h5	1ecd2188fe43776a18c1cbefcc99eee8
torus.out0.01675.h5	c9ff90b0e71525f02ba63d37db9f66a5
torus.out0.01676.h5	05048eeaf2af4e9b6b938f5124517d4f
torus.out0.01677.h5	8f2d3c80553f615eb5087a6126b4ad35
torus.out0.01678.h5	64af8ee743b6fed2a30d1d3599279359
torus.out0.01679.h5	4de0bae6e243d9f0b0b272904adcaeda
torus.out0.01680.h5	c679797c1bdac990d115dad1e4f6fb96
torus.out0.01681.h5	7bc3b050e59e0f55f613f30fe98c2521
torus.out0.01682.h5	bde696f6bc6aa8e8c906f8dc968d482e
torus.out0.01683.h5	65ece6920c3482c6ae57f48af1a89517
torus.out0.01684.h5	003b1c134b33a72adc1526a4bace4e1d
torus.out0.01685.h5	4445890c036617cae3640b0a90999c76
torus.out0.01686.h5	9bdc67c0a4af7564797ac5755f4c9643
torus.out0.01687.h5	8c4ff3e4fb5bf28b0bc51c46a908da03
torus.out0.01688.h5	78ede2d5e7c5105c083b0733b6b3a99e
torus.out0.01689.h5	62f8dd7302a6376aed5cee47d8069734
torus.out0.01690.h5	78c6711e006863af0ae690ef855d38c3
torus.out0.01691.h5	d114f954d1ec6857214f0e754425190f
torus.out0.01692.h5	1085dba87e408e7ff323f78eb76e4682
torus.out0.01693.h5	94470ea87a457c34446dba5fcb18e606
torus.out0.01694.h5	c4acfc4ab0adcbd5c834b44cd8470e97
torus.out0.01695.h5	5590210721e6ecd9ac9dad1e8ec8aa84
torus.out0.01696.h5	b5fc9a6540a21e7daf202f7e13ac5528
torus.out0.01697.h5	33470f467b5c2adf8158219ce05d87f4
torus.out0.01698.h5	a35cab52d6362109767d709805e09c07
torus.out0.01699.h5	3b32e654f90af2f7ad8477fe4b0de642
torus.out0.01700.h5	044cfe53af5b6696674265b8a741c38c
torus.out0.01701.h5	a84d94be5713ee1bad4fb3e2b948365e
torus.out0.01702.h5	3ef2c41b3acb8efb1a24a260d2345a80
torus.out0.01703.h5	59ee60d86c97e15b0035f11b0a42b76e
torus.out0.01704.h5	ce682689621ac777407ecfc40cffc820
torus.out0.01705.h5	c440b90200e5d902b1e6bc4401190a01
torus.out0.01706.h5	f0b3f67c09525f822a0a0a40088d56d2
torus.out0.01707.h5	32c0980af8812d7e877399f304e4920f
torus.out0.01708.h5	27545506fd00beb6e4a975b1264b7096
torus.out0.01709.h5	f39bfa596c9a06456cc97ffdbff63b08
torus.out0.01710.h5	3a530eafa80cc663ca4f07741b99d2cb
torus.out0.01711.h5	32a938a4fcdfa7e6614f63bc3f1295b7
torus.out0.01712.h5	4562b55769824f3bdcde9d12f527d381
torus.out0.01713.h5	6318bf3e05741a063f7ed0b0606a8b72
torus.out0.01714.h5	f7fa376d4543985d1cc627c1c0596156
torus.out0.01715.h5	6275c9465490e4f0c6ff505b4e61a1e4
torus.out0.01716.h5	bd5853d356bd7d4ef3b495a5395466cb
torus.out0.01717.h5	cd0481a8d4fa15f4862df3a3305f6329
torus.out0.01718.h5	1c22d9cd61d7f4a39d37708ce490033c
torus.out0.01719.h5	c58489f7ad1a3fbe8263d1c4f2978e52
torus.out0.01720.h5	7f413b6c66a8e08a294b036f711b43ad
torus.out0.01721.h5	2aba72d162d85f43b5c3e88e5cbfc341
torus.out0.01722.h5	c90084a387f9eaaab5ed008f04988238
torus.out0.01723.h5	1d497df0ebe6fad0a6afc6183b57c7b0
torus.out0.01724.h5	4e53550392841fb86a209c5db5b79c7b
torus.out0.01725.h5	5f305c91c206e5c5ea391e940b94751f
torus.out0.01726.h5	a85964df775c76c3b1d3fa85b6ff61c3
torus.out0.01727.h5	078e59ae83dc0e3378410c6a0db31f6d
torus.out0.01728.h5	87b57d614d5499d8245489a70f4d40a0
torus.out0.01729.h5	8ca65308b797bdcc0ea26efee2e42c30
torus.out0.01730.h5	a855ff0ba3be39c57ee39602ab91efa2
torus.out0.01731.h5	97def04d25a66648359fb82af1bd15a2
torus.out0.01732.h5	1c7cbc99caa97557ac0b3ecd6c4c7761
torus.out0.01733.h5	8bc8490d7dbd71877fe2e43da7c0c535
torus.out0.01734.h5	8647a6fa25e61aee312e32e78ad74808
torus.out0.01735.h5	c6bc089c9f35d720280e442e44923310
torus.out0.01736.h5	7915a2b581bf604508162a8e1c0bec6b
torus.out0.01737.h5	d7fef210a5d8c846e5eb8e039d776e13
torus.out0.01738.h5	21511e5ea60cf95b9d6e7b825113ce76
torus.out0.01739.h5	0d94eb2adbd4c28201c26d3a4e874fde
torus.out0.01740.h5	fe9abf174cbd13845f7ec737a3936ee8
torus.out0.01741.h5	fbf2f7f2298eae8d0fa4cd9d2a595498
torus.out0.01742.h5	c1c181a876a50824b292670661eca743
torus.out0.01743.h5	a4f6d736e5626447ef552aee065159d6
torus.out0.01744.h5	5f62cc884802c7bbe5f595b138145a18
torus.out0.01745.h5	d9984d943872c03728e732117ec3a044
torus.out0.01746.h5	6ad072f3c85c7013e12d9a2b42952414
torus.out0.01747.h5	992dc4c3a96242e57c0d530248c4cd94
torus.out0.01748.h5	ac644f59efd9d0ee594d98d9d631fef0
torus.out0.01749.h5	0d659ec2760c20aa0c5fcf29d9675bbc
torus.out0.01750.h5	f8caf61a2b161e7dc2033bbd73c3f76c
torus.out0.01751.h5	f9fba6cb51ff05c3f906ece256b89b8e
torus.out0.01752.h5	916c52bba31cfbadc4bdfcf4b7c661a3
torus.out0.01753.h5	82d27dd01c291916517a407f6b81813c
torus.out0.01754.h5	41304898d78dfe7ae59d8d91312cfd98
torus.out0.01755.h5	8e14323848d515640ebfb960f827b4d4
torus.out0.01756.h5	02f8881d5ab06c0fb850470d8b5ec0f1
torus.out0.01757.h5	371ec5ff8d715e223c9c063632789aee
torus.out0.01758.h5	1a90c237021fb8fc440dd3c2e4639471
torus.out0.01759.h5	cf459a50c6453379569e8f5062bb8080
torus.out0.01760.h5	a9b667bb04a81fb0b93482d7599892a2
torus.out0.01761.h5	8c8bc3b7f3dbf53e21cf413c88ce6ea5
torus.out0.01762.h5	eaa67eee96e5d0598ea074dfd8127d46
torus.out0.01763.h5	ce7e2aa6fac138049b55b0c89a6a0261
torus.out0.01764.h5	b4d8b1c1d5182d2b050185294a24e833
torus.out0.01765.h5	3b4006e30191dd45da4641d59fece7ad
torus.out0.01766.h5	e3bc1d6ab61b6c9d73efa7a1210b29dd
torus.out0.01767.h5	2912b4d09c2269110f6ad79aae4d7f79
torus.out0.01768.h5	6a4b5871aa9eee83fbdf4fa7ccfd4406
torus.out0.01769.h5	00d55d084faf861c4fd5264c8a4415e0
torus.out0.01770.h5	b3698997815f4320972aaeb8449750ef
torus.out0.01771.h5	027e3627498852826f7b19e14562eaef
torus.out0.01772.h5	9a14c3fafa80e1575d9ed048d636fca7
torus.out0.01773.h5	489d799b7c2fb6c561e6587e963dff10
torus.out0.01774.h5	f8356915776117b0fa66d668eb479956
torus.out0.01775.h5	c55dcd566307e8e6dafd840fe912d12a
torus.out0.01776.h5	13015c94e70cbb40b118213216918116
torus.out0.01777.h5	21b4ef217a8e986f3e1375461c7d9caa
torus.out0.01778.h5	b2674a8c50c32f4c7d05687d75960e04
torus.out0.01779.h5	d57316a579c575341d54d5f5ff3e59f0
torus.out0.01780.h5	c39c2d8a54c2a3b537a6ee02c30a8ef8
torus.out0.01781.h5	5e4a22e68b7e0f8603358fff0e18e1d8
torus.out0.01782.h5	31d0255940b5e45761008a12b7699f2f
torus.out0.01783.h5	3f80f00108bb377657791c996e5e4a0d
torus.out0.01784.h5	48c52d03b35d1263d5f87863b939f841
torus.out0.01785.h5	b510ffc7891e981721aeedde6346636e
torus.out0.01786.h5	50349b7fb40a4e80bc2cb55bbf39f690
torus.out0.01787.h5	70690f14329141c377801b3e8367e490
torus.out0.01788.h5	2aa913bd1dfddf6df903eda733967c7b
torus.out0.01789.h5	a48e4cbc2b5ef509ea3191e58b427d1e
torus.out0.01790.h5	527bf1f9221b2e8a51cb93e2f61cc1b4
torus.out0.01791.h5	1b723a07f7b49da961aff1dfd2892bd9
torus.out0.01792.h5	7f71e265b48cc3333e95cb267d5f1c39
torus.out0.01793.h5	082f0237b83492078ee815bcf825414f
torus.out0.01794.h5	1330385c51f402842d4d188f280eb240
torus.out0.01795.h5	6fc463279b415bd54c7120c41571aae8
torus.out0.01796.h5	8281b0bcdd8cd8767083f828e270e856
torus.out0.01797.h5	e83e19377dbcaa0d9d68b9af003880e9
torus.out0.01798.h5	2956cc8432676618e4a4ad2df8964e49
torus.out0.01799.h5	39c71431009fd5ca2668628538128c32
torus.out0.01800.h5	524b86fee40707f425d53e63a676eab7
torus.out0.01801.h5	658bb56b0a29b5c29ca6de3b0247144d
torus.out0.01802.h5	0e3073c3101c2b4575e742205ab0e2bd
torus.out0.01803.h5	0799aa7848e8949698db5b40da09adf7
torus.out0.01804.h5	9e75b76ddbc2c41d8076b0587d3ab2d4
torus.out0.01805.h5	0b1c772481cf006a1208db6f41042c8e
torus.out0.01806.h5	74f815473902c959895d5e5f1615192e
torus.out0.01807.h5	fb9d7ae0ab0a3b1c325cce196cfb60b4
torus.out0.01808.h5	13d754a6e53bb3e318637fe4ede8c7df
torus.out0.01809.h5	f724b244f0f84c83e7fe1499f17d38d7
torus.out0.01810.h5	f7e2da755d9d0fbf60537ff3eb1bde19
torus.out0.01811.h5	0530c9478ec41cf51f7e3a35cdf34453
torus.out0.01812.h5	5c06ba63187ac9e6c286bbe8976d883b
torus.out0.01813.h5	288e57990db87d8b2038ef589f49908b
torus.out0.01814.h5	18ef489d258eddbbb8057352fc242a46
torus.out0.01815.h5	296538d6c8bb8a711e82bf771676215d
torus.out0.01816.h5	34470843af9bf5be10a1461330ed7a5d
torus.out0.01817.h5	0c329d8673e8fdfef944b004ab7191ac
torus.out0.01818.h5	6164f1df5f7683d81cb1ff536ff8d1db
torus.out0.01819.h5	072233402cbabba0231bed58d3da2802
torus.out0.01820.h5	3bddf95d34c346fa194125a4541ad240
torus.out0.01821.h5	af3d9dfb1f3b6c2d324f73dc4b9399ee
torus.out0.01822.h5	521692867f884c36fdd77b0213776561
torus.out0.01823.h5	b1cc39dc6607dc5579f6d3f5407043e5
torus.out0.01824.h5	fa0af3d0e2adb7752379450cc2ce4f41
torus.out0.01825.h5	7044ded1b3a1319971a75f0ba34a9d0f
torus.out0.01826.h5	e133bbbeb2b593fce2ee0cf6d133d428
torus.out0.01827.h5	c455ab1606826957f04b9d7fccb521f3
torus.out0.01828.h5	f2b76bab91a396af14b08803731aba86
torus.out0.01829.h5	a62cdebd74654ca7e82e5d668f8d8f5c
torus.out0.01830.h5	91372669b7d2029089d0d1b671e04c80
torus.out0.01831.h5	023af74dfa910cea4da9ff55fc5bb481
torus.out0.01832.h5	62af7a560e124f74639188bf3549c3e6
torus.out0.01833.h5	ee84326d7bb2a288d0987f165b390fd0
torus.out0.01834.h5	9e6fea501ef1855f19483c8775e47999
torus.out0.01835.h5	0186fa0e57d03566ca70c086f00ffb98
torus.out0.01836.h5	ac6e54d4a09cca540f27fc8431851e0d
torus.out0.01837.h5	1c054377abf227b06734d8bd3cba4351
torus.out0.01838.h5	6c80a236a21a23a70c4196f022461a80
torus.out0.01839.h5	364212ab5afb6cd0b1b02547ef38bdeb
torus.out0.01840.h5	457814165bf2f4e7f60555f11a1dda50
torus.out0.01841.h5	1dc364f269a823c9657cef9bc90d155a
torus.out0.01842.h5	d2ed969b50f8e8637bfcc5e9f45ca128
torus.out0.01843.h5	2854d2f04969a48a20ad588e8cf75204
torus.out0.01844.h5	676f20df69ed222d994b7fcaac0748a2
torus.out0.01845.h5	876546245e35f096e9a5e4ea9b34d9c1
torus.out0.01846.h5	74121a5ed619609b4eb658a361eb055f
torus.out0.01847.h5	d8d10324723f5fa075dbd4d7cbf23e09
torus.out0.01848.h5	92e151c743823af7de9d94df132dd8e9
torus.out0.01849.h5	5ae7d33fcbf29847d30dee8d08e1c236
torus.out0.01850.h5	e46eae12da07bff00cbe0214dfc77736
torus.out0.01851.h5	ce90aab530aaaa3eaa94bd49592856df
torus.out0.01852.h5	59008a5d07e17d879d184a998237933b
torus.out0.01853.h5	95d28a4223087d333a3c1450165728a0
torus.out0.01854.h5	1471fc7c053e872dd89c6459a69793be
torus.out0.01855.h5	b80d8bfd9e6cf56949d91b2d759ff965
torus.out0.01856.h5	b171fd1122edb64232944160d942281d
torus.out0.01857.h5	8c441c2b335b219fd5887649672b0956
torus.out0.01858.h5	c149e5cf0faa51277fe8be0b383d3f8f
torus.out0.01859.h5	1135d7d880b012230fed5f66fe207d92
torus.out0.01860.h5	246882b8af8410ee47784eef0f70c28e
torus.out0.01861.h5	645b15b2f8d9eb8c2b36e96bd24ff03f
torus.out0.01862.h5	d05ee1195caa5725fb15034aeb543f9d
torus.out0.01863.h5	53a26e214d4ac4697a65f9f4c894bffd
torus.out0.01864.h5	38430bfcba5a15fff79ace3f5decb55a
torus.out0.01865.h5	ab00093552cb205c1adf279947ee3148
torus.out0.01866.h5	46d13634d37b9e01e2caa62cb79cea64
torus.out0.01867.h5	21cc487de572a0058f892877fdd95dc9
torus.out0.01868.h5	8a27f70ac2c4b2d7f2d49597750e6b57
torus.out0.01869.h5	f47fd1ae95c33c25ada18deade23cbd4
torus.out0.01870.h5	26958693e7104b68d0c19ca96e8be09c
torus.out0.01871.h5	5c37f9d2f22db47f1813a15f4b42c350
torus.out0.01872.h5	bb8800068380d0b3644e5af664126c3a
torus.out0.01873.h5	50f85cc7a0f8c641ee7ac27c9c39889b
torus.out0.01874.h5	1677ddf50575e18d094cecd2f00e8653
torus.out0.01875.h5	27b507d5c35676f95e71c251dae053cf
torus.out0.01876.h5	924b96bbf9dcb18b1ae4e6077c050e2e
torus.out0.01877.h5	1464dd4c280e41db33b52a3ec43c9394
torus.out0.01878.h5	190400eb254de49cf0dc4fa457dd02ba
torus.out0.01879.h5	553f69d10b909b615cffba0262eacab5
torus.out0.01880.h5	402837ac468d5ebe9025cf58657d5810
torus.out0.01881.h5	a6bc614c9bad1e0c569a0d5dca299da1
torus.out0.01882.h5	e0b29d3929596da916d95f7fe30deb86
torus.out0.01883.h5	abd268dfcc764cf9a8f874655810b107
torus.out0.01884.h5	d107f91a4262f5cf4cb054c8827abf89
torus.out0.01885.h5	e8094a857c29f0340a88a7f65d2bc247
torus.out0.01886.h5	074fbbc6736aeebfd7a8c23132d69d83
torus.out0.01887.h5	17173eef622d6c955551d4f77b1b2ca1
torus.out0.01888.h5	19cc9378747e7a257460b3a072666efe
torus.out0.01889.h5	d49180853bdac7abfbd8105a896c44fa
torus.out0.01890.h5	23d731250e76988e50aa6d18dd2ca277
torus.out0.01891.h5	2a0d759319ccdcaa37b2c85c2975f040
torus.out0.01892.h5	87d771c4b6c33a3bbd38a45091e280a8
torus.out0.01893.h5	95624129b87216717838ea5524b26e11
torus.out0.01894.h5	51225c2dc801da5bc0786b79e4f37a59
torus.out0.01895.h5	a410b455d20297f15f340165c6c5af32
torus.out0.01896.h5	397bd25235b6cfc53c708922454bd338
torus.out0.01897.h5	139892bc42b736d30d39ea86cda6a9ce
torus.out0.01898.h5	b5623bfb713b0596afd34fc537051437
torus.out0.01899.h5	bd2a866cfc6bd6ebd38097e347ecd482
torus.out0.01900.h5	c662abaf355d9dfbe52731d80b5ad11b
torus.out0.01901.h5	7dd0b1ddfba6292fba7ce93c1a5bff6e
torus.out0.01902.h5	a2c825d0d040ee80bd7d85842b0b99d9
torus.out0.01903.h5	a2626110555b4a39e58a6f878ea0ba3a
torus.out0.01904.h5	753b6352d240e4bcced671363f2a2fef
torus.out0.01905.h5	c840a11b77c5a99e871bbf4b6fb55ba5
torus.out0.01906.h5	3c5ca045dfb76335222e1296428dac89
torus.out0.01907.h5	1cb058fb8fa966379fab2c2da327faee
torus.out0.01908.h5	a8511e1eb15b42d3870b3bf98f774d7e
torus.out0.01909.h5	0a5bca2e2b0a1357690a7cccf4b9fe06
torus.out0.01910.h5	8e8deb38ed0925ab24e58cda98e8cc30
torus.out0.01911.h5	6d9da40173cf79ed26e07169b13396a7
torus.out0.01912.h5	ad96ca53c5885498f803bb5bef73c349
torus.out0.01913.h5	d86e1a38c56784f03c56dfcf89042eed
torus.out0.01914.h5	34738615acce1385cb48f1c38caed315
torus.out0.01915.h5	e94be29a834de2488ab19667e45b8a02
torus.out0.01916.h5	ec6019617aece0e7fb5ca378ba8d0e2b
torus.out0.01917.h5	f82818d1a6b26a688c7fb193d39514d4
torus.out0.01918.h5	dc0ec8a0ddecd88122ee21e8164ef509
torus.out0.01919.h5	1208f42fd487453e1acef4129afd1b4d
torus.out0.01920.h5	2d423542e9b41000141ecb99ffc4d366
torus.out0.01921.h5	c9988b2201c6b1d324086f0989f231bc
torus.out0.01922.h5	8e886bb9f4f3f3958f49e526cf57e067
torus.out0.01923.h5	b8a6c9e4c60148ef576e870c218f6f2f
torus.out0.01924.h5	594c571d563bfa043518d33cdc6e4063
torus.out0.01925.h5	e3a5a504a2895a6a254fc0891d062aeb
torus.out0.01926.h5	6a0ed422e7e0f386b50d3270e61fa000
torus.out0.01927.h5	04f1b1489ffab423eb70181ef74e0c4e
torus.out0.01928.h5	841221d01c8ff25f26d72bd6ce9a8353
torus.out0.01929.h5	a3e71c86776ab602f2baa2a7520e04e2
torus.out0.01930.h5	75d3df857855f89ac2610bae1dc126a0
torus.out0.01931.h5	86d5bb035be7ce442bb3c57aedff2cf6
torus.out0.01932.h5	8b9d5fc1435d31b11afacb65626392ec
torus.out0.01933.h5	e60df68ba6530952819e8393fabd2891
torus.out0.01934.h5	2eccde3fc1ac62a55c1406b432197d82
torus.out0.01935.h5	10c83986fb9f9d724c61a585d08977f2
torus.out0.01936.h5	91332ae07d7a0a7ebad50885bab0ea38
torus.out0.01937.h5	73723e2bf65f2876bde23d4b57b23aa1
torus.out0.01938.h5	42170b9a61141838cd1be21932fd8781
torus.out0.01939.h5	0ec2743f3dd1a9b492865f02341a8f05
torus.out0.01940.h5	18a0d428acb145a9ebceef3cb9426da6
torus.out0.01941.h5	ad4bfc040f063b84e9354ebc6c6be745
torus.out0.01942.h5	1172f733abded8319f14f373639ba0fd
torus.out0.01943.h5	74f0b7f7370a8aa0225d68ee795a7f22
torus.out0.01944.h5	fd4248d7b94742caa751461c8d3069c7
torus.out0.01945.h5	3bc32e1e1c252e6351965ecf7cc9c566
torus.out0.01946.h5	f992ad2287358b301f6266f48817dccb
torus.out0.01947.h5	88dbb074f9531996e2908edcb948d56c
torus.out0.01948.h5	9c2448bee1b955d81ef1f4b03d42156d
torus.out0.01949.h5	a7872ef619c87890b51906bc4e33b633
torus.out0.01950.h5	3740ba46d5a15d921d3ec4adb91ade2d
torus.out0.01951.h5	f884b3551840673bbd573664917d7425
torus.out0.01952.h5	19aa6478f785f8dc4795fae8e5eddfad
torus.out0.01953.h5	2645834b4bfbd5ed5ea7a1db5e741eff
torus.out0.01954.h5	f8ce63eb725fa9ec352a261996558eca
torus.out0.01955.h5	ab57c23801add93f349b97ea5eacaac7
torus.out0.01956.h5	d35e9de3cf126e0f125516dfb802e8bc
torus.out0.01957.h5	aa820d50a570768f5d1c36204f13d064
torus.out0.01958.h5	5d29f0837cd69f2fda5baf3b4c6556fe
torus.out0.01959.h5	583929dbfa75fc5b5d5c6762ef3f9ed4
torus.out0.01960.h5	83c079bd6ca7c7e117a2d50af625c85b
torus.out0.01961.h5	7020460d63d0baac6e66b79e370f450f
torus.out0.01962.h5	cdd73677210b3c99c9c1e582646b7840
torus.out0.01963.h5	6ffdf59c339f72e970daff7627fde380
torus.out0.01964.h5	74b0bf3ea798df9297140774538c9d7b
torus.out0.01965.h5	1887adc942a4bd3877841e84821fdd8c
torus.out0.01966.h5	e7c161102394d14260d05bf0578607dd
torus.out0.01967.h5	73381f00ad7010b96d670ceba543f551
torus.out0.01968.h5	91fd8ab886462a277e991e78879c6675
torus.out0.01969.h5	2411becef991014224b907a561377f62
torus.out0.01970.h5	8bc4b72a3d64a12b6702596297aebe04
torus.out0.01971.h5	e2bcbc9c4971daa0935a6fd874feebf0
torus.out0.01972.h5	2f40c4fd6adf36c9f7b6fa47f79a52db
torus.out0.01973.h5	066dfa97de1aa92783ca866ef0c597e6
torus.out0.01974.h5	1e46941f6567aecc79c39484bb5b3397
torus.out0.01975.h5	c1b1e8c2d8709bb9b0eae32cfee262c1
torus.out0.01976.h5	e08fc4b832441b9a3ea4f4b4f7672c81
torus.out0.01977.h5	f1b323c475ea5a43930d331a206a6249
torus.out0.01978.h5	6b868e26f3deed69dc1be60b812ccf32
torus.out0.01979.h5	b4f9f0a4584f8f5c0abed0484ff257d2
torus.out0.01980.h5	853eb42f34b3812137a16c1dbc10f14b
torus.out0.01981.h5	5b63c31d7018cd351bc6781dfcc6a5d1
torus.out0.01982.h5	3deb2030d26c90a5ee41abff3e5d85bb
torus.out0.01983.h5	7729401be5bda6f6e6505ae6b11f937b
torus.out0.01984.h5	6463193111d279bb97a4bc8870402203
torus.out0.01985.h5	fc8d3d82d40b27e392300ce0e26aacfd
torus.out0.01986.h5	9f3fb52071ce9d95b49b9de545c1a3fa
torus.out0.01987.h5	33d18e999dbfc2ce4ba14c70e8fc692a
torus.out0.01988.h5	99b788eaf883e3153b4ff1077584c7dc
torus.out0.01989.h5	2f8cb2b4033ac4b3b288682fed87e626
torus.out0.01990.h5	2cacce834d90b265a9c86dc91ede5d91
torus.out0.01991.h5	6017b08b1d0e2ddf0c2225a98f7bcd72
torus.out0.01992.h5	30a948c47ebc339177964cfcd503c059
torus.out0.01993.h5	1581ffd27223351ee82333591f01a44d
torus.out0.01994.h5	e3257d5d7d9664e1e7bb9153c3a0b29b
torus.out0.01995.h5	a5866063b5b15ca943b304e156cbb8b2
torus.out0.01996.h5	7ffc727517fe66d71819f2dc24903e1a
torus.out0.01997.h5	0a7b3c351a7b6a88585b625ee6009c0d
torus.out0.01998.h5	b3736ecd32b502a162b8b6603318ebd3
torus.out0.01999.h5	aa82f02597752578484d849a12c42c83
