torus.out0.03000.h5	66e39b534c68a3e77c192b1203721013
torus.out0.03001.h5	08a79d164b940f442b6fcb2ebdfc9886
torus.out0.03002.h5	b415168160c31d4453dbd1a450eb8cc5
torus.out0.03003.h5	60e289ab92c977511b071aab261df06b
torus.out0.03004.h5	d02cbbf1058ecb86b08c7394161ee44d
torus.out0.03005.h5	fdde18855f71e45dd3588b3c3035dfee
torus.out0.03006.h5	2dcf40bcf8de8f7028336baf58ce7bb3
torus.out0.03007.h5	aebfa276a321aa87f6ba090511260585
torus.out0.03008.h5	ff2b9c3a8f1b796557dc5f3e75266d60
torus.out0.03009.h5	a1c3282d3e440b1c626303bd5082ed4f
torus.out0.03010.h5	45d02a929b5af418af7f7316d0a6a080
torus.out0.03011.h5	e7ba793d59ca8de1c0019067ec4a69a1
torus.out0.03012.h5	08ea4ccd7e3e5ef46d76f5ddbd162195
torus.out0.03013.h5	a2abbdb8d6385b5980fa499e4dd05c35
torus.out0.03014.h5	f45485ba1e267641a935a17e3fde112e
torus.out0.03015.h5	ab663f6ce6f5e1031cb4aaba664b0964
torus.out0.03016.h5	a729ed488a103482128b386bdfcd3e3c
torus.out0.03017.h5	90a592718cfe7cb744024ebf9c2bac76
torus.out0.03018.h5	b89d6ac9ad3784474b24005506dd69a3
torus.out0.03019.h5	7e00ee2efe9776888c296cc5622df202
torus.out0.03020.h5	56108b0cd2da43cc052d933f8107666e
torus.out0.03021.h5	52c972fe298a7b37dbf15b1c466145e6
torus.out0.03022.h5	57bf18ffdd3b5cb21ae51c6ee5357dfc
torus.out0.03023.h5	8a9614efa7088aace1313410618d1c03
torus.out0.03024.h5	85f30535444355c70102b153a4705652
torus.out0.03025.h5	1a28379ee4779445277710eadd55c309
torus.out0.03026.h5	d30300931c126ad69d786d102bccbbf4
torus.out0.03027.h5	18429017b8c4916d4cc74d5f1bb1dd30
torus.out0.03028.h5	49790ef19cb68fb74f98d2dc4d1b2144
torus.out0.03029.h5	e4409d4603d465be05d1dd8a2b4a7da8
torus.out0.03030.h5	eeebd791046831dbf038d4ce00afeeb2
torus.out0.03031.h5	ee74914993aa71b06ec43dc5f0b5150a
torus.out0.03032.h5	157b4a9138e651669b7bc0d9b0593e76
torus.out0.03033.h5	1f91ea06a68f7bf17600ebf7da51bc2a
torus.out0.03034.h5	fb6fc382b82c6b878ebf5a89477f158e
torus.out0.03035.h5	8c9555ffa2baecd7f3acc4d839c24e6e
torus.out0.03036.h5	e6fac24798db50a674da2d2651c7ce99
torus.out0.03037.h5	7512c8e5d6790d190113affa29a95a8c
torus.out0.03038.h5	ebba8a958be7a4f1b0db034ed70b119d
torus.out0.03039.h5	df7ae54a061afdff32ca8ffcec1e206e
torus.out0.03040.h5	18023414dd9aabc0f13d02ffd3761934
torus.out0.03041.h5	e82618b49d1b178d35890d220c3e2aa3
torus.out0.03042.h5	f60f3de20128b3be87cc3f03a91d7bbf
torus.out0.03043.h5	40e6a9a291f538d01314c6f8b7bc3489
torus.out0.03044.h5	9606d6b5791527fc2e983860ca32a4d9
torus.out0.03045.h5	bf6314ff40074fdfd3590a5152b476ab
torus.out0.03046.h5	bf5104c65a2d34343acb7727a7ad2048
torus.out0.03047.h5	04dfd837e3e241a8892d7fd8c480a77a
torus.out0.03048.h5	cd903fbdb5f9d54c7f2d5cb291846b72
torus.out0.03049.h5	0dec2dbe3ecff5723981d48c1b33c839
torus.out0.03050.h5	04321966e30b9ea1143d63ec83597f68
torus.out0.03051.h5	6cae9eeea681a39d538f7e6753bd9a3e
torus.out0.03052.h5	1658585919fdd3a3b1da8368c0ee3d17
torus.out0.03053.h5	6209db6a77005ab6a60f0aaa6c3f17d5
torus.out0.03054.h5	f5d58ff6d458fd1ff2e94f984b61ec95
torus.out0.03055.h5	045b06b13cdb4e99949626596640c179
torus.out0.03056.h5	414dfc6682609a3a838e4e375102c62b
torus.out0.03057.h5	4f0f69c754889b70d324875194b959b3
torus.out0.03058.h5	f45f649d9511e2354aaa1bbcd079e78b
torus.out0.03059.h5	a0095fa01d0c634103f156549a53e9de
torus.out0.03060.h5	df009bc7b105a7f3f658642ecb82643f
torus.out0.03061.h5	fc75a6e905719b5daa669467a91a20e6
torus.out0.03062.h5	f54c947e29d9268fab9a0d455c755f85
torus.out0.03063.h5	e171b75298327d2782f749b4f04b39b1
torus.out0.03064.h5	d5994f72e26bbe966e34661fb890f492
torus.out0.03065.h5	032c288b3439c7ba70bf28df26160156
torus.out0.03066.h5	c4f2b1597cd5187aa6e1a65ed4131755
torus.out0.03067.h5	923bd44e094c1b1aa22ad5f03b36a261
torus.out0.03068.h5	9f8a21222c7e446918614a2cdcf8f125
torus.out0.03069.h5	575c36e95f0d478d360d4f510adff152
torus.out0.03070.h5	3627f9056dd017505ea36b6e20138d16
torus.out0.03071.h5	0893acc2b217e65907f83976ba9780ee
torus.out0.03072.h5	7cf72b72966bc0570824dba84a1df8a1
torus.out0.03073.h5	4766fec9c1772c4f7d1fc4915912533d
torus.out0.03074.h5	0c89b42e00169df79aab16516a6aab5d
torus.out0.03075.h5	5c15c026a1f263f69f27ee14a88c1792
torus.out0.03076.h5	5ab890f43bd23e2ff54c1257270d1ada
torus.out0.03077.h5	484e2bcf281c8d3cda41e2086fb60d5f
torus.out0.03078.h5	deda6bdacffda07cd6f862877c08fdc7
torus.out0.03079.h5	2dbd2751df2be2237965f965608f19c9
torus.out0.03080.h5	b030a96af1ec3f42fbd9e316186f2be5
torus.out0.03081.h5	ce33222b7964b006aeda36fee1b542a0
torus.out0.03082.h5	49cc067344c2c79d0b7db8c2d67cdc07
torus.out0.03083.h5	bffa6ed8336e8bf512e5ddccde8ea41c
torus.out0.03084.h5	9a1c715d024bbeab394520ac00923dfc
torus.out0.03085.h5	fb02d0af922241e4cc1dbaf70251cf8c
torus.out0.03086.h5	0a4108f3458073ef942f3a321c7d3f65
torus.out0.03087.h5	fd7d793c37594767c2f075d2e9ddf647
torus.out0.03088.h5	c7b2a16e06f9f82a95239ed87a09af6e
torus.out0.03089.h5	928cae0ecadffb9df2cd5bd5326b43a1
torus.out0.03090.h5	6fb2865c14048679a134177aea5bc187
torus.out0.03091.h5	e616304a6e07b5d6272fdd1ad54c8a08
torus.out0.03092.h5	393178fea24707ad3afaa16be02deef1
torus.out0.03093.h5	1d8077e5cc6276d4f38f2e61351cb438
torus.out0.03094.h5	318e8bd2ca7822f1df2e31753f484faa
torus.out0.03095.h5	cbfbb8d3d6a048b557649e18bfbb9b99
torus.out0.03096.h5	b15fd78cdb2b844933c2de66e2420fbd
torus.out0.03097.h5	5cae0dee4c33c9654986d13b123ba882
torus.out0.03098.h5	f0f02d8d618e4fc2fe6446a048fae128
torus.out0.03099.h5	205f358acbfba286bce1714b1030bbfe
torus.out0.03100.h5	9f7c82848cb01f4fe8ea5d70282ac308
torus.out0.03101.h5	bf011236701bfc60487c6454f85209c7
torus.out0.03102.h5	82e92abe53df2bc6eb5754d2949c4208
torus.out0.03103.h5	6ac167bbaf6a22a1473ec56a767191cd
torus.out0.03104.h5	6fba512ff5f76e68b1acefb3d86f84f8
torus.out0.03105.h5	5ec1d72aa3a65f9f3ade9cedd7825062
torus.out0.03106.h5	6b504b2f51219fd9b93ac25076b91298
torus.out0.03107.h5	e7379600c8fcbc6f73fcb798886b3207
torus.out0.03108.h5	d951a33c8a4904d8777035b87693bb8e
torus.out0.03109.h5	b9edd96b654ccb76e6558af1bd738354
torus.out0.03110.h5	5f967a10f5807a68baa355e220573972
torus.out0.03111.h5	2dcfe74f2e0eb67b3f339dc6fa35f847
torus.out0.03112.h5	a29badd875b08d7ed415f5b34ff0d9be
torus.out0.03113.h5	14e320081e55e19643f8fd3e1daa11be
torus.out0.03114.h5	166b18bcd5d21cb430e692a4bf50d065
torus.out0.03115.h5	9c162b20ffe99cda3ae46670a19e205b
torus.out0.03116.h5	64e875204bf023cc169808d23494f0bc
torus.out0.03117.h5	4b279ca49f96d1391a145d9c9c2ebb68
torus.out0.03118.h5	3109265190c957b1f95c2bb3c69aaced
torus.out0.03119.h5	00e35f9154be7669b98bd43b05e71535
torus.out0.03120.h5	3f44ba498bcf5269bbdbb2e9794935ee
torus.out0.03121.h5	89adac00c4a7ad4400c03d15b04f0969
torus.out0.03122.h5	00d60c7767208ac0f7b9e3b5581160e0
torus.out0.03123.h5	ff25b9d696d1b403a5a705ab0e2fb5db
torus.out0.03124.h5	b9ddc932b0e2ceeb90dd21efa702642e
torus.out0.03125.h5	b8e103df0e25898e7114563961fa4888
torus.out0.03126.h5	ce37e4ea5120b61b84bdaaed9e22ff49
torus.out0.03127.h5	e4080e3b989b36f7c2f9df22c18f8825
torus.out0.03128.h5	c05501f590f597866b27e955584c0016
torus.out0.03129.h5	94f0d313ff071212fd3364e5fffd456c
torus.out0.03130.h5	5443e105ad6decdb645810ae1d7f88d4
torus.out0.03131.h5	95f18414975c197bd308e3717279b3a2
torus.out0.03132.h5	e70a9ef53219466ceace9f18c5fbb4d3
torus.out0.03133.h5	2a94f83fe62b815d431a082879beb5df
torus.out0.03134.h5	6664cb3df39f4a47f703d229e0d2496d
torus.out0.03135.h5	c872d6391af6f9f2884febdf422df622
torus.out0.03136.h5	4426a3265bc9c109e73e5ea7314de491
torus.out0.03137.h5	a25c810942d2f0193b945bf617580fe7
torus.out0.03138.h5	130647a7bdce54e3b7dcb4ed59695d6b
torus.out0.03139.h5	73925138971e9403fc8a303d7471824d
torus.out0.03140.h5	0d9ae424e86d7ead5897dcb0f1c4eddc
torus.out0.03141.h5	2b9b0b9213cbd3b81fe414aab75b3b96
torus.out0.03142.h5	2e99f048f44ac66001819eeb26348293
torus.out0.03143.h5	d50dd8a0d0dd37343eac1bcac14f1dd8
torus.out0.03144.h5	c0780fbf0203bd1a1e68ca9dd8022791
torus.out0.03145.h5	74f35eb0d11b66c5e97124400c5d56c8
torus.out0.03146.h5	606cd1d6cfdbb368e17c486e1474b05f
torus.out0.03147.h5	72db97953f18df9a77577f9a2b30f360
torus.out0.03148.h5	4ad26ac7a5cbd5dd54fba0d01301365d
torus.out0.03149.h5	25005b459a1c673c40c2976ed4d81229
torus.out0.03150.h5	ab8feb025cd72af0a244d305fe9d82fb
torus.out0.03151.h5	6f74ba2f80fdddede183d688752f5d0b
torus.out0.03152.h5	c2444a5645fdeab1cec7438385c27488
torus.out0.03153.h5	10110f765d42ef419f6c4768f07254ad
torus.out0.03154.h5	930eaeb5f67a6e86d467fb170021b8e0
torus.out0.03155.h5	93c63288ffe1e3914ed194d2c67a1a16
torus.out0.03156.h5	7ba118e90fbc35af0bba2617c302f0f7
torus.out0.03157.h5	df0a54317128cb64d925f308ff3f2764
torus.out0.03158.h5	1c2d7fc2e1d11738c1554b05bba82ac5
torus.out0.03159.h5	3d9aed8a3627f32d9ede9cbe47366efa
torus.out0.03160.h5	07f93a343a7e775181d83634ebd0edc4
torus.out0.03161.h5	2c634b5265f1a6cb0003f762a5068660
torus.out0.03162.h5	5eec6303ade68fdf6aea4c45ec09962d
torus.out0.03163.h5	8ae465f8859eaa72c361decc172a1e8f
torus.out0.03164.h5	ca6a37719f7dde5d144431d5873ad9d1
torus.out0.03165.h5	f073d6fe15964f9771b43a3fc1a209a8
torus.out0.03166.h5	14306ea34bc3cee8d95c0e64a8424901
torus.out0.03167.h5	be136d0250f4c682eba90daf887957de
torus.out0.03168.h5	9d1f3e08cf76f4ab58bfdcafba1f07f5
torus.out0.03169.h5	34ae8fe7170b7be424596387619ffbe7
torus.out0.03170.h5	6560f2a4a4b26206e128a5ad1d8023be
torus.out0.03171.h5	8c7109670902663aacac9e83ed1855d6
torus.out0.03172.h5	9ac3a45f6698126118acd13e2f9eb5ee
torus.out0.03173.h5	5a60602f61924b551dab09144a1105a8
torus.out0.03174.h5	9e3ed5d5a254c0bf748ec2dcd7d77640
torus.out0.03175.h5	a69b1bcf5c83702d6772c3cb2dea9c8c
torus.out0.03176.h5	6fd4de6cd5dc882fb1c6aae99e39b3dd
torus.out0.03177.h5	e16fc57b1d4c8e693a0d47519fce14a8
torus.out0.03178.h5	47431b3d02056bf5dfb774abeeb2bd4d
torus.out0.03179.h5	bb5e07b166de1b309d042114e9276d87
torus.out0.03180.h5	87fc4cd0608b6baa4482bc2952d4a8de
torus.out0.03181.h5	6623ab07aceb83f10cb5f43af91547ce
torus.out0.03182.h5	7b5b13bb232131e095827a7a629c58ec
torus.out0.03183.h5	ff0c8c4f994ab34a9b88347c3e98823d
torus.out0.03184.h5	b226c017a726e990aa72d6c50dcac9ac
torus.out0.03185.h5	c62e87ffe18229dc8ce56d37684910b0
torus.out0.03186.h5	ad4ef38c2ff0efa08270ea188588c9a9
torus.out0.03187.h5	fb87100b6913d3202bc26ea0c1ac2e08
torus.out0.03188.h5	fd5190ab379b7e4d901aeaf4279011b6
torus.out0.03189.h5	7aafdbb7bd00a86b15a7c633fcf27d79
torus.out0.03190.h5	b7f352f0100fec5506bae1a2d6fa4c49
torus.out0.03191.h5	daa6dc42e2e680afe1c1b9c57b81133c
torus.out0.03192.h5	d115e19e964438e633041bfb435cee4a
torus.out0.03193.h5	3b0e549e6b4eeb6d13a0883fd2253a78
torus.out0.03194.h5	16ec554785528a32d4ab4270ab63c514
torus.out0.03195.h5	3fbd5a06b49762809945f3f1afaba1c2
torus.out0.03196.h5	1d7aa1323b00d36f93764f4f5ece18ca
torus.out0.03197.h5	20037ab76163344af9b0a2db5e4b29d5
torus.out0.03198.h5	9a2d61ce7be34ef1f113f963558c5ef2
torus.out0.03199.h5	25b7b659f9d67558213d2ad719dcd4dc
torus.out0.03200.h5	a9183f99425a1d2bb178d57cdacc3162
torus.out0.03201.h5	260f70b59f792bebdb49412fdaa5db3a
torus.out0.03202.h5	ea19d496e47f5e27837667d95495b289
torus.out0.03203.h5	2816d86f68cae10096e5e8f43597539d
torus.out0.03204.h5	9a27476f61924a4d346e4b2168d30b1d
torus.out0.03205.h5	5184895484040636736c89baf7bbc68d
torus.out0.03206.h5	0156a2066306569558c8d03f3c7285bc
torus.out0.03207.h5	000a5e605bdee697e23ba4534b8edc6b
torus.out0.03208.h5	5657368cac8990668378e16caae8d044
torus.out0.03209.h5	5d66ce62b734612289ff58971537e4fc
torus.out0.03210.h5	196d9e99017bb9684e66bf97e7c339eb
torus.out0.03211.h5	8cfa223816e77a1f243bd16c4ff9bf12
torus.out0.03212.h5	c2d8869ad4a89b7b099ea34bdafea145
torus.out0.03213.h5	65b5216a8d42e7c186071cdb479c38e3
torus.out0.03214.h5	2e9fd8fad85ff0e912f496819210b2f6
torus.out0.03215.h5	3f789703a4ab38518be8e2dd5627ac07
torus.out0.03216.h5	901297041793f2b2ee91766951dbf7f0
torus.out0.03217.h5	dc18f8549482a43e047fb3d628ffac00
torus.out0.03218.h5	799e61d1e24864a2f98d14081641d409
torus.out0.03219.h5	fa264a815b7f914aca7cedeaf6e26a2e
torus.out0.03220.h5	877151e06d8d21b1ba2389166c684e7b
torus.out0.03221.h5	8aacaaa5fe1398e255dbc17559f09605
torus.out0.03222.h5	adcb23c55d66c52026f6deeaa8e5eb9b
torus.out0.03223.h5	a8f98238a30cd7fd4a1684a91ff86155
torus.out0.03224.h5	3ef324082eb0c0c81b8f49755bdfc617
torus.out0.03225.h5	db85092eae1d8d1838c9a7497eb078e9
torus.out0.03226.h5	f506274f0c50eb8af950ad024d42bb0c
torus.out0.03227.h5	e049ef60520bf0b3e9235642603b5111
torus.out0.03228.h5	c607364245338db020abee35399c95ad
torus.out0.03229.h5	cb6b50d5d9183a5313ea808ea5cc08db
torus.out0.03230.h5	0f598f600bd3ddd2d1790a26f2607468
torus.out0.03231.h5	d610ddd70ccea8590bd9a3138e6dda70
torus.out0.03232.h5	8cf731d07b2251f7b44eb19bc3355b05
torus.out0.03233.h5	fe0174bd1b997669520a895dcefe5229
torus.out0.03234.h5	c6174797526d7bd670c8fca8c5cb2700
torus.out0.03235.h5	f7f975085d0cb612cafe647af90f0b17
torus.out0.03236.h5	fce19b2b7228e58d4da52f0cc2a097bd
torus.out0.03237.h5	7f11d9c242f288626704bba77082953f
torus.out0.03238.h5	082751df26cf47fb40b9c986ca1afbf9
torus.out0.03239.h5	91f3685ae8765ed7b2358a7258e195c3
torus.out0.03240.h5	b68d927c2f47290af0f4e3b8a533a8e1
torus.out0.03241.h5	5cac0a8ec6b650b6a2d983e6e0b5c22b
torus.out0.03242.h5	d1d70ba90e91eead79306cd0143ca9e6
torus.out0.03243.h5	5bd287d4962e226f73e441a8c5946b8c
torus.out0.03244.h5	4e5bac3b400f6557fcbc3cf0998539de
torus.out0.03245.h5	dd8f59a7eac74fa9b649b54814b2d288
torus.out0.03246.h5	63a7be24fd5d7ae186df74264a90b2bf
torus.out0.03247.h5	991614687a52414193dfad683b6f7487
torus.out0.03248.h5	c23f16dd968994ba155d779ff783c16d
torus.out0.03249.h5	fef3cac319c218c80297bfa0e73ea987
torus.out0.03250.h5	cbf11678861baf4db1b2e48999e1045a
torus.out0.03251.h5	79c9b635daf73aac6241c8914dedf395
torus.out0.03252.h5	6b4038b1420484fdaac56f811eed42f6
torus.out0.03253.h5	783f5525c3c0c257c8fdff4ef5692de3
torus.out0.03254.h5	fe397c85c3f2ad955cc9acdc922b12d3
torus.out0.03255.h5	fc5ce000110370097e6bd156f91f95a5
torus.out0.03256.h5	d6bea3df50fd6c3fd0587099a3516dcc
torus.out0.03257.h5	6708941e8b5925de78027146d20ca5ba
torus.out0.03258.h5	3ffe08025c84551551322c4f3399f43f
torus.out0.03259.h5	873d1997a3fee5d92a5d892177887a1e
torus.out0.03260.h5	7676e399a9ee3705a0e7c9f79ca73b97
torus.out0.03261.h5	b12ae4cb15bfc41eeaf31b8b895e03ed
torus.out0.03262.h5	9834c7fac61825177001333307698fc0
torus.out0.03263.h5	7e5fb586c9ad3534c4f4af1dab04c596
torus.out0.03264.h5	c4cc112cfdbb7b527e4e3fda45aa4258
torus.out0.03265.h5	45c63561fea01723b73850a901dd639d
torus.out0.03266.h5	4dec61ed960843d237f2123b70db6eb9
torus.out0.03267.h5	b76d3ae892d07c21313ce1c405def517
torus.out0.03268.h5	736cf2dbb6bff83e6785171e4be89a04
torus.out0.03269.h5	ab8940f9af0cc726ee0aee6fa38c35e8
torus.out0.03270.h5	7b507b6b2edc201f47ab2be71eb53ec0
torus.out0.03271.h5	6f766fc2906627c648328e13b8fb3d7d
torus.out0.03272.h5	fcfb1a4f4a6d9eec5451bdf0c520056a
torus.out0.03273.h5	ab9927a9d4a0dd8366ea8600c59f9190
torus.out0.03274.h5	21d2b26095e4fb0302b97a2bab7ed3b1
torus.out0.03275.h5	0b2fe8051d9485c4d70154b56932d172
torus.out0.03276.h5	4a6ecf8a31ea0f185743a546853526ef
torus.out0.03277.h5	22af080d5c46a1053317c59f91489511
torus.out0.03278.h5	4ddcb6c9083a629ad574db3e65c8caa8
torus.out0.03279.h5	19bfda84b06060233ab209f79a10d3bb
torus.out0.03280.h5	e9183c8b79a4ae5e1bf03233266f7a67
torus.out0.03281.h5	25ab5750c6391df63d9dced748edf8d6
torus.out0.03282.h5	cf5824210ed4743e510a4a0a2ad0b7bf
torus.out0.03283.h5	010682ba098daa35da7f5f1083c4b5d6
torus.out0.03284.h5	8d0123a4f6875596a7fcbf1e91bf3dd8
torus.out0.03285.h5	534717fdce918518aa04bb69050c8ad9
torus.out0.03286.h5	62cb63907744c5c69d9e04575c528aeb
torus.out0.03287.h5	e87748d61b7830cf25abad929d100ed7
torus.out0.03288.h5	1e98312e3f61722ecb702bf3ac5ca0b0
torus.out0.03289.h5	136a94c994070cd38eec7a1e168994c3
torus.out0.03290.h5	6a76fea90d8f2263ec4856f995168521
torus.out0.03291.h5	69c6c42e706883263e001128aa5172c3
torus.out0.03292.h5	cf0b206b31bc222a4ab0b203a6122a2b
torus.out0.03293.h5	8e0e27c464329a99fe7fd1f3c29504d3
torus.out0.03294.h5	bdbaa6b3d7d74f3c12f9f22926b671aa
torus.out0.03295.h5	f9cac655bc5f0eea43283d84158413d5
torus.out0.03296.h5	e1cc8c1bbb3d7a2c7ff6ef6c283e064e
torus.out0.03297.h5	25042c6aeb3e9ed819ee10bef18ca874
torus.out0.03298.h5	e1a9c8d0edd6beabfb1c0a150f545cee
torus.out0.03299.h5	54f50d48f7a53ffc134e5fd254406a0f
torus.out0.03300.h5	3835a7ef000117b7b4811d0001ad5ef6
torus.out0.03301.h5	18988bc72dfa9d14c0b555b69ceeb049
torus.out0.03302.h5	3536349889e919382f392aef9e7f5be0
torus.out0.03303.h5	f2383893b0b9a9c6a7d47bf860721b4d
torus.out0.03304.h5	ab98888b653d594635881e2ceb0fb140
torus.out0.03305.h5	0499b1d52854812305b0486117178864
torus.out0.03306.h5	bd2d20cae69b055f2632343530a6793c
torus.out0.03307.h5	86d86b10fbaf4cc6d003702d913f1224
torus.out0.03308.h5	064eece53c20dd2748ad1ea944659d4b
torus.out0.03309.h5	57d495a112cb04c623339cfd5188d233
torus.out0.03310.h5	4659b8f9ac6afd369b30ae8c34068eb7
torus.out0.03311.h5	e7da7806ac3825ffe4ef2d1597f5e707
torus.out0.03312.h5	b845014fe20610ccf11c2549aeda9dd5
torus.out0.03313.h5	1df7b99e828871b0e0e9750f46291233
torus.out0.03314.h5	846505902a428e5a159b2e7e20108159
torus.out0.03315.h5	e6b18f7290b714942944ca62ce9dbeb6
torus.out0.03316.h5	8012a2158dcc58cdc95365291fb484d7
torus.out0.03317.h5	0e03957e633c0bfbadf9f265ca3c83a5
torus.out0.03318.h5	fc46e860bd46086819c9b929ffb6b996
torus.out0.03319.h5	89f4ece530d33f42095e09bc1ff3f6dc
torus.out0.03320.h5	5246feb638c14655b6b7faaf4d283869
torus.out0.03321.h5	c3c0f510729b653851e01b5872681831
torus.out0.03322.h5	4fc146f740b2e79b80b21bb780018ef2
torus.out0.03323.h5	7b312f3cc424229973fc32d289b49b46
torus.out0.03324.h5	d8aa77d1262e3cd915781088397ede2c
torus.out0.03325.h5	f09e457eadea4e22b7b1a6ac08231ed0
torus.out0.03326.h5	979f7c1befabea7b32fd33214f947499
torus.out0.03327.h5	0ee7439a20d6a7ba3c000968eeaad108
torus.out0.03328.h5	0078dec02382a743899326250c12a3cb
torus.out0.03329.h5	eab9912146ea96d39c2c7aef4b8986cd
torus.out0.03330.h5	c8ed3e541dc7cb52de5cc07cdbf9c470
torus.out0.03331.h5	9ef430079e645745780cf2ffc3795cdd
torus.out0.03332.h5	f5b2883b2f11e24bca479f37ed1bedc6
torus.out0.03333.h5	a875adaae0f847478d13a66915b5b4d6
torus.out0.03334.h5	8d167275964bd2fd27bc74c718368bfd
torus.out0.03335.h5	b29c4d4f8f71596b9548f547e22f3f92
torus.out0.03336.h5	230d648a5df716f4fcdf6c32a0bb943e
torus.out0.03337.h5	535f404f083fc1c499cd366ed176f8db
torus.out0.03338.h5	bb133b49f7317ad0daf59cae94909306
torus.out0.03339.h5	70375c3864babb8c4e9e6205e1289a35
torus.out0.03340.h5	94ec0c75255494c0e44f354f3fb3c1cf
torus.out0.03341.h5	e8b85584078752048f1534fb95dbdbe5
torus.out0.03342.h5	21da3201f5abd765fd4798308763be6a
torus.out0.03343.h5	7c1f2de8c242dab8051b4678873758fb
torus.out0.03344.h5	7c2fd8c13223be069319065ad5248c93
torus.out0.03345.h5	5a63632d7f7e5b0cabb2386c69b8a3a7
torus.out0.03346.h5	de4caba417bd0f67c331aa8d2f320e93
torus.out0.03347.h5	6103284c969cd19af07863b6d02e1697
torus.out0.03348.h5	3b7fa5dc5e06e801cf44eb2212966a0b
torus.out0.03349.h5	49de9175e6a78fac3d19348aba98d133
torus.out0.03350.h5	cfb109c9aeeca6063567d1a38b214b4d
torus.out0.03351.h5	10a4aeeb5a5b488b4c728b69795182fa
torus.out0.03352.h5	c3e5db4216f4e1ceb626e3bbed8b3733
torus.out0.03353.h5	ba29f67a544f2eb743c1bbd35ff29848
torus.out0.03354.h5	b8f7e1f803844739a2c6d2a35141fb9f
torus.out0.03355.h5	0295190bda1693a327f42d2e2ace6d54
torus.out0.03356.h5	1cbede0f2fe194afb747adade07be9b7
torus.out0.03357.h5	07e25bc244d426575ec5b58faf2a3d5d
torus.out0.03358.h5	4e00234bb187721860c8bb06aed04c58
torus.out0.03359.h5	5a26c095bba908478a0f4db354de8edf
torus.out0.03360.h5	96d80cae1dd5799fe223ccedb8d3c638
torus.out0.03361.h5	1916edf3fd4342b7d47d335822b7d579
torus.out0.03362.h5	be835d22f10867405c9c985c190ac2dc
torus.out0.03363.h5	e15f243faa50e80ac776ad6a4298c7f7
torus.out0.03364.h5	a1ad5b870aaf42e5e51c9727083fea5a
torus.out0.03365.h5	a07411c466678902de032624d1d76313
torus.out0.03366.h5	ae27b48263ee8b5171ea0c156b886345
torus.out0.03367.h5	cb77a2728fffbea5cd446934acc0ef90
torus.out0.03368.h5	8232baba8fa68c04f9886fb8326b3d02
torus.out0.03369.h5	6c3e522c1839c413dfa52cf1872f67fb
torus.out0.03370.h5	e39bd4a99e7663bcc4b5056be3bbc0a2
torus.out0.03371.h5	b9b8b5076a4b80b63805a232a6894adb
torus.out0.03372.h5	005c1134063eeb7a26091d4abaef4f62
torus.out0.03373.h5	32fde5ff0814d1cace30ae591c672d3f
torus.out0.03374.h5	ffbd19ba02f42d12d2daf00b2ca9687a
torus.out0.03375.h5	abcf64f81264921c0086717aeac2e632
torus.out0.03376.h5	0ee5b31bdf8fe938c549f21bed0543bd
torus.out0.03377.h5	9acb57a00df03f083a8f5afaaf549f55
torus.out0.03378.h5	2273705edc4b206a6adcf4c91f0b4e15
torus.out0.03379.h5	eb508615384c5fb4d7e12527b85404d4
torus.out0.03380.h5	15282babf5c489201a2dfe5b79c4bbb4
torus.out0.03381.h5	fd221380cf669015492ddb4aabaa874c
torus.out0.03382.h5	ee023ef6b8603a254394cf03454689c1
torus.out0.03383.h5	8a8877d5a9fe370bb3d260263fa7ba2b
torus.out0.03384.h5	bff11e7a508e00a90b8b5c429c92c970
torus.out0.03385.h5	3ab71bab7cae3b362f68660eab4892a4
torus.out0.03386.h5	be78f6ad61bb413e03a049b8ea3f815c
torus.out0.03387.h5	4a2009503e9238bbb459e7f51f3125cf
torus.out0.03388.h5	d819f28445e27bd8f9f4c2c1faf87228
torus.out0.03389.h5	0644d404b6826f190f5f4560feba1fe5
torus.out0.03390.h5	0512026f1f5da592c2070c01be84d0dd
torus.out0.03391.h5	e14f7eb96307e43f7c7df625cd6e0cce
torus.out0.03392.h5	5bce8ce2190840ba7511612880fffc15
torus.out0.03393.h5	e80f986e4fc1d782f8fbd27c022b14cd
torus.out0.03394.h5	2d042c4e188996986d0205eeba9649e9
torus.out0.03395.h5	193788549bd0026f78a8f0a12129dd61
torus.out0.03396.h5	b922062e2f079ca6b4d73bd169ed6321
torus.out0.03397.h5	c3775a1d4d400b46473308d04c747e39
torus.out0.03398.h5	d2f29c6eb54e15dca7ee63702195237c
torus.out0.03399.h5	31446d90be7c475d8f73207450df1cee
torus.out0.03400.h5	371490a2c2f69e5625df8d75d110f757
torus.out0.03401.h5	988946bc3c49ad083b780c69d605bed6
torus.out0.03402.h5	540a6bc00b868dedb21ac001f3e79774
torus.out0.03403.h5	3bf9d440329ef961259a17d7242ac868
torus.out0.03404.h5	606a484deaae977d9dbef252a948cb5e
torus.out0.03405.h5	fb7b76a6b7a07242e0cff32c3e2955fe
torus.out0.03406.h5	51646ca82d5bea192f5e22947921d5f8
torus.out0.03407.h5	9d358d45b465bfb5a98ddbcf713aa0fc
torus.out0.03408.h5	7b5eddf1d3f6732c9e89ecb31e2b0709
torus.out0.03409.h5	4a17cb9ba451790b51c9a78a3c5aac6a
torus.out0.03410.h5	3ea7e783f82d5855d48a84654adeb450
torus.out0.03411.h5	36fc0cbdea35bc3c38acb88d26a365cc
torus.out0.03412.h5	be7975b9c625c63a50bf5cdbf35fe7d4
torus.out0.03413.h5	bc6ed8920d16b1c4f0a2a6a7c263bb02
torus.out0.03414.h5	7cb7331898902faf2e145e325e4473ce
torus.out0.03415.h5	f0177b0437cd2b7ec9462bc1df3f340a
torus.out0.03416.h5	b18582a25a2ab20289acc4000444699c
torus.out0.03417.h5	613a0dc7d0e069c9bd77e5d18c083e09
torus.out0.03418.h5	08b72542a1b5dc0e9d49f4834fe08823
torus.out0.03419.h5	12712a0106338357c08c0393cc5e65ad
torus.out0.03420.h5	2172f7843a15c526ef1582e05e0e0f40
torus.out0.03421.h5	02e244e0d71ba147553d8bec8f649d59
torus.out0.03422.h5	009875bb99dbfaa94a463947a5179c18
torus.out0.03423.h5	2481ee0d5ba0cc1df7d66e33b94509c2
torus.out0.03424.h5	1004103032368d6ac19a3cca8dc3f5e2
torus.out0.03425.h5	a13755f4499ec3b9842dd8a32438d843
torus.out0.03426.h5	bc39964519cd5b116deaa9f790c288eb
torus.out0.03427.h5	7af028d57575c6d600e1d5127248358f
torus.out0.03428.h5	81cd93aaaff0f37b4b0fc608c0226226
torus.out0.03429.h5	9e817feb12948f0313973cddc0f064ea
torus.out0.03430.h5	d5c882058aeb31468e88c3e7a27765a6
torus.out0.03431.h5	63b070aca4463f86042816e5f0b1cf6d
torus.out0.03432.h5	1ea03ee55c6c848730863f33024b0fb6
torus.out0.03433.h5	b931dd95417e60683d3a2219ae274fda
torus.out0.03434.h5	b242a17108d4590f02723c389584ea51
torus.out0.03435.h5	f0eba850c92562a2663fca368c64d58e
torus.out0.03436.h5	8d493976fb8c13c6b9e77fd8bcd8295b
torus.out0.03437.h5	69ecb9b51a924b8339bc6a5cd0616414
torus.out0.03438.h5	7bd0ebed674abdee64decf6dac50070b
torus.out0.03439.h5	edc3de4674f1cf141cecffe752403e22
torus.out0.03440.h5	49f05d2fb3e26752de9bb67bdbf119e2
torus.out0.03441.h5	bfd09c3cd47ba61cd408794ed8bb9374
torus.out0.03442.h5	53a5e65c45acfe7ec84b8aa96649a5aa
torus.out0.03443.h5	4ed98480286cbea4712741351fbcd571
torus.out0.03444.h5	c3f15a6359cc23c8676dd0cdc10f2f54
torus.out0.03445.h5	10dc5f477c48dba7f9b81b820fcd15e0
torus.out0.03446.h5	54186523c2d5f5414e3721c15d009cd6
torus.out0.03447.h5	2aac5ed493116bb98a01ddade011acbc
torus.out0.03448.h5	1c873f75124620c2f944e3c5438ae41b
torus.out0.03449.h5	099a0af82e2e70f50678dad82b79cbd2
torus.out0.03450.h5	280902e734770329d6c851d08a9450f4
torus.out0.03451.h5	cdc079a6c47f24e3061fbdefa56dce03
torus.out0.03452.h5	6a007809ac244f8fe3ce0cf36cc8043c
torus.out0.03453.h5	b4050e63cc4e6e76d74ddf9800ef95fc
torus.out0.03454.h5	4e74956c9d2346b0e0b8d3cf5dba426d
torus.out0.03455.h5	48a9e5ee271f51aa3f1ce14aaff2de83
torus.out0.03456.h5	e05ab655f2f7beeacaa08530e0225a1e
torus.out0.03457.h5	11e09586c5dd5ba6068fdd42911ecbb2
torus.out0.03458.h5	d709c275631ea0aaad975afc053b5730
torus.out0.03459.h5	17db15b69f3d7531937840ad0d4bc2a6
torus.out0.03460.h5	5f924a2e60c189b1750d8fcc413470c2
torus.out0.03461.h5	7e525222ebc818ae6df46b626e7622db
torus.out0.03462.h5	8c0bb896c1823f00fcff157cbb539629
torus.out0.03463.h5	56db24e6049ef154ecfa4c314abe1687
torus.out0.03464.h5	e945ee8beea9facbc76f603039ec99d0
torus.out0.03465.h5	f9aedd00694357863dfe314d078987d7
torus.out0.03466.h5	e4076d06d570a1fac0f3190c5feee713
torus.out0.03467.h5	14215d2b70665f8d5645ad1335e5b7bf
torus.out0.03468.h5	8d732c5de5f2f3ea217b80319d6d1160
torus.out0.03469.h5	68a17a0930cf58599975d0d501b9f2fe
torus.out0.03470.h5	80f38b234b3ec4dfc4e49059f9015d7a
torus.out0.03471.h5	c257064b7c9f52ac3c3d0a1a15947e8c
torus.out0.03472.h5	0de55c088037ca56a4a85b3db4622a2e
torus.out0.03473.h5	d795e1c854166731c105882841d53833
torus.out0.03474.h5	d17255a0a43727ed16315b01da25fcdc
torus.out0.03475.h5	393b66dbfadd21d663bd6139cde18f55
torus.out0.03476.h5	bfd8df3eb1639fff1d395e144a5e0d7a
torus.out0.03477.h5	4708647c59a60a4ed57ad9d465d8721b
torus.out0.03478.h5	9f746b79e2477dba02f167126193a5f1
torus.out0.03479.h5	9fbe31e62b32b3f29be0c52323868274
torus.out0.03480.h5	b75f5f0e04b1744beb313ef086827100
torus.out0.03481.h5	881de2045a082b9ac136ee0a9ec630dc
torus.out0.03482.h5	4f48a0aa752da313b27ce89c0c172c6f
torus.out0.03483.h5	f32c0eb00d1f69a5b68cf29c5f78e363
torus.out0.03484.h5	409f1b0aeced78fe1f3e05b7fa1a4c97
torus.out0.03485.h5	7cf8626501170f345ffa5f0c767cb221
torus.out0.03486.h5	c1c5b098d5d561b98be2898195d01003
torus.out0.03487.h5	2c1daaf1a84a7bdbe23568040893f443
torus.out0.03488.h5	091b7822a974e3cdbb062083afed95f2
torus.out0.03489.h5	27313a58e73fc54e859e6689e9bf4300
torus.out0.03490.h5	267945860fb4a088bd7e2309a613ec69
torus.out0.03491.h5	877e769a8a3ad45d17bbcda9c499684a
torus.out0.03492.h5	d45a2f388f1b1d1c83a67154fcfe3db2
torus.out0.03493.h5	01265882074c0b209adc16315ccf0500
torus.out0.03494.h5	6fe44c8869e2239adaf0926b49bbe1e7
torus.out0.03495.h5	01b5be9e9cfd9c3e9758871e0ea3cfad
torus.out0.03496.h5	2fea293a11e7bdd43a5a9e87cbe04001
torus.out0.03497.h5	d25dfd87c0d8d0fd66106b38e77d69a0
torus.out0.03498.h5	3fc179c318c73ca00c8d90697f55156b
torus.out0.03499.h5	36bacff4121e69ca18fccb6036a25c66
torus.out0.03500.h5	6d52951587029852d96ebe05febe687d
torus.out0.03501.h5	a79a42552a3b75539eb6bb915fde55cc
torus.out0.03502.h5	54e325b88bd59a1717de1d597f1afb75
torus.out0.03503.h5	fc734bace93867649002926bace9f0b0
torus.out0.03504.h5	1af0b42b5f5545b64b8fef2478ad0851
torus.out0.03505.h5	e4229be85de45d854b141fab1539acf5
torus.out0.03506.h5	f774e1dd2f3640629edfb8164694374b
torus.out0.03507.h5	c8a6113c06693c366edb1bac719f349c
torus.out0.03508.h5	eea5dc04d02e92eafca1044642d7e105
torus.out0.03509.h5	b9b1c496906d33e9b6a5b8dc97a3536a
torus.out0.03510.h5	06a1d6eccc21c122ae5594076805dc36
torus.out0.03511.h5	0b7eaadb5657057c95de43ffcab040a9
torus.out0.03512.h5	2af8a8c0930af4a9e3af8b66df795540
torus.out0.03513.h5	f7eb79bd8d00e30bfe37201efd95000b
torus.out0.03514.h5	abb405db381d11772ae912ebeda624c7
torus.out0.03515.h5	95abf8987b15d36e820a20e00ce36895
torus.out0.03516.h5	c76480d98548596040fe7d468ee20659
torus.out0.03517.h5	83206a48292217f08151675ecb1d331f
torus.out0.03518.h5	7300899530bebe9173ee2a46d9476f31
torus.out0.03519.h5	a7a40e7f5a559f71d13a257cbdeecd2b
torus.out0.03520.h5	a2fe2be8dae5363e20a70dfbe92dabd1
torus.out0.03521.h5	295e4405bd2745013e513d2120008dbb
torus.out0.03522.h5	e24640da6da2297a0e33f3e0c6d5db17
torus.out0.03523.h5	36b0603abde0fccbf7f896f39fa292c3
torus.out0.03524.h5	56221f6dea1ab37ed91794b029ffd7aa
torus.out0.03525.h5	baedbaa930a023842ef8745d338ee01e
torus.out0.03526.h5	b97a02c725c829cbebd99b35174a1a1b
torus.out0.03527.h5	c20fc491f4763dfdd4652448e93c3382
torus.out0.03528.h5	93d2e1945909064f49c1493aeafdd93f
torus.out0.03529.h5	01e55e7f94b9b00bac575a53c2efa70d
torus.out0.03530.h5	a6d28c23b61baf0a78bb3f49f1c1006c
torus.out0.03531.h5	b2048a3db17f6f2f89c83889367dfcf5
torus.out0.03532.h5	803216f2082bb16e139c2aaa987e842f
torus.out0.03533.h5	2ba9190b474564e0e0bfeeef9d4cb8ad
torus.out0.03534.h5	f17fe17263a3f74c065f60362597d69d
torus.out0.03535.h5	b6e6bce1faa4b1514df792e2df0f77e8
torus.out0.03536.h5	bdcc6635ec19984477c11cfc0fa27cda
torus.out0.03537.h5	f115b97084e7b3a6cc8b85a410c94f82
torus.out0.03538.h5	5ccc06f8c5d2cb3f2e2f9fc3c626d8cd
torus.out0.03539.h5	ce787df05984fdd33e7c7d3c99d4da0c
torus.out0.03540.h5	de7a970978ee943aa2040fae0d481b86
torus.out0.03541.h5	a8cca0dbd42b9623b272b8ad0f12b860
torus.out0.03542.h5	742abbc8dbcb8563fbf56a633d91337c
torus.out0.03543.h5	8af1da53a6ad93fe3cc4bb7814108a23
torus.out0.03544.h5	812d8377cc5343fa3fc4c2889eaceb19
torus.out0.03545.h5	8bcc49e6c0d7d88fb4124b4686fc38de
torus.out0.03546.h5	4e0f475150296dc9c34e0e659e5a0720
torus.out0.03547.h5	613add3c3abeee95740651453ef63cb4
torus.out0.03548.h5	0fbbb063a09410ed657adab4303f5b96
torus.out0.03549.h5	536b6e27195d874c946163b38aa629e4
torus.out0.03550.h5	ecc3a18f561b8af3a207c6ceadde4d1d
torus.out0.03551.h5	1d95c9462c33d5e55de28fb28859b0e6
torus.out0.03552.h5	c66195f9239eb20465f75554ad197b47
torus.out0.03553.h5	bc23074d8134b1a9ef9af04391595218
torus.out0.03554.h5	c53ea9b3e2acf1f5f811a55325f29f64
torus.out0.03555.h5	8732aec74d3fbcad6710909f8970e658
torus.out0.03556.h5	207fa95c84e219c5c84a55768173f0b1
torus.out0.03557.h5	ad8a2f4a85e254c771bbf037f9042984
torus.out0.03558.h5	2753249171c35e1e0565264aa94cff70
torus.out0.03559.h5	31bf400a19329ec82a4003eda8400c00
torus.out0.03560.h5	96343e1682784268e274e19b51b8b3ff
torus.out0.03561.h5	a4c1ecabbbc27ea73c5fc0690a0e927b
torus.out0.03562.h5	9790b55e4589c6fc32717ad142db9c15
torus.out0.03563.h5	c1d62decef663da28a484e743939b9b4
torus.out0.03564.h5	35a26053b0934def8074ded1abeba56c
torus.out0.03565.h5	701811c0435e02b01ff89641f6279900
torus.out0.03566.h5	0caad5852f503d736064c729a97474c2
torus.out0.03567.h5	66b245a33911edd2443e09eaada668d9
torus.out0.03568.h5	42a29f8ac5a98eb6614fa0b4547bd288
torus.out0.03569.h5	8147f0af9a341bb9add156d2a8917fdd
torus.out0.03570.h5	5aad25cbf3b5e2850657cc1f07259368
torus.out0.03571.h5	6e4b8a85b78d7aee5c5b6ccbab92ac43
torus.out0.03572.h5	9188fe4ff60f65a13f54ce9e69f3e2be
torus.out0.03573.h5	6eb98d8f0f35c3a43c8b488beee7f3a3
torus.out0.03574.h5	415bac8e5f81147783f53e5403407f2c
torus.out0.03575.h5	4c93ce72f090d20430e6e867eacdb00f
torus.out0.03576.h5	0f9428f12af5937f26fb1a47341b606e
torus.out0.03577.h5	d16fc392283343063d0182a8f9a807e4
torus.out0.03578.h5	5cc95b2bf4f35fcaa5d2a34a526685bf
torus.out0.03579.h5	f917c50dc0fc0b10d64f2af80b4d1d9c
torus.out0.03580.h5	a7c57f769223687db3d6c0b0b743d963
torus.out0.03581.h5	c08bc7aecd62da17576fdca0b771df81
torus.out0.03582.h5	9124a226646f2b47151f7d0c659eda8c
torus.out0.03583.h5	6ef4c5694840490fcb685172182debab
torus.out0.03584.h5	163f79e55d80140280f7ba05a7dae068
torus.out0.03585.h5	b230348da63cfcf5553f9a2a2841ea79
torus.out0.03586.h5	51ff56e115007ff77dd65fca08b97785
torus.out0.03587.h5	b04761f9635b09a6d4d31df1a91bf7bc
torus.out0.03588.h5	fe2bb445e1cbca0a5679064c3a6a0dc3
torus.out0.03589.h5	a95284d5f58e396b1d9cec4e028bcaf2
torus.out0.03590.h5	1c9c545ab7a78eb01fdf7cc0e1c29ea9
torus.out0.03591.h5	ae847a3239018dcfb8da716a01c4aeb1
torus.out0.03592.h5	20d0947d547ea5624ea77c06331af75f
torus.out0.03593.h5	204990f3f218874686beecc9207e64eb
torus.out0.03594.h5	7e49ec39db97c40cfe4f1aef777fd456
torus.out0.03595.h5	b4a374295e7e7bd2ea46f26e618c6f48
torus.out0.03596.h5	ba3f05ab83bba58a1c22adc896db5181
torus.out0.03597.h5	0c3c7f1e6aac17b19e6451fa353d6c98
torus.out0.03598.h5	a05f6ec8b9e74655527999a7599cccfb
torus.out0.03599.h5	c130f5e2cd038c65e4a07b8f957326ae
torus.out0.03600.h5	df5647fc6492a92867daef68e38a9e3b
torus.out0.03601.h5	38d993db4e75651ed91384e2bdbd0608
torus.out0.03602.h5	83572d080229105b091b0e81e4d9b990
torus.out0.03603.h5	1107f4403ea66776ed6bc04149c140f0
torus.out0.03604.h5	16daa36c83126305f58364c86521a023
torus.out0.03605.h5	365d9d04136d9f6cc146abc452132191
torus.out0.03606.h5	1ce77a918f1b9fa29f084778d11fc981
torus.out0.03607.h5	231ec939571593272745033f527efca2
torus.out0.03608.h5	02ebede65d49af7b8429fc636e203717
torus.out0.03609.h5	65f79f70cc33698097fe57e04bb92127
torus.out0.03610.h5	7e68731c37e3e0c89d45c20b6f00e3f8
torus.out0.03611.h5	31887fab84549653a4737054aea97b54
torus.out0.03612.h5	0ed8c6d055d5e3f30fc9654d07e080c4
torus.out0.03613.h5	888b9fbc34c95dca40e3a84f4382db6b
torus.out0.03614.h5	134b2fdfbfaf58cd475dd54b6c1c7185
torus.out0.03615.h5	a1600402a36f9284d895c6cc3105baae
torus.out0.03616.h5	471d38757632f4c444243ccfc9f721d4
torus.out0.03617.h5	bc5e7e91e4fd01edf019eb449703b43b
torus.out0.03618.h5	3bacceec4c56f50a21b8d8cccd9aaf29
torus.out0.03619.h5	88b19a6dfef22cd2103e1fcdb1f65ae3
torus.out0.03620.h5	a96ecbddc24c2925c56e69c6e1495374
torus.out0.03621.h5	3b6a0caa800dd6a1c41d53617046167b
torus.out0.03622.h5	b3abc46a325e9c07ad24b67f9337cc32
torus.out0.03623.h5	6f37b6c7e8a4fca4cefb1a1dbb5fa83b
torus.out0.03624.h5	ddd4f8450068c4a57896ba3400c0861d
torus.out0.03625.h5	d76cfcf7f0b896904dba9ee15d09ff1a
torus.out0.03626.h5	b6a73bbb8a320a3e330eac74fef04389
torus.out0.03627.h5	855954236d61f91277d5f477bf40c052
torus.out0.03628.h5	95e3aef7d3a7c0302775dee820a545e8
torus.out0.03629.h5	0cbbe380ccd82e75aa3e09fb061605fb
torus.out0.03630.h5	fa909722dd208b91712431480fe04559
torus.out0.03631.h5	db4d9f013c4f431790c72e8b7e4a5071
torus.out0.03632.h5	84831f95a2c7d9ea9dae97eabe598bbf
torus.out0.03633.h5	f7e08fc5c5daa252139a1d1cfbacdbd1
torus.out0.03634.h5	6d9063dde072f8d44bb417e08a0cb2ac
torus.out0.03635.h5	e4dda829966320b4dc621bf1631b5e5e
torus.out0.03636.h5	b90701027dbbccc24dfc5bf0340bb826
torus.out0.03637.h5	3f48b8e22b461f3cb8469c534e96fc9a
torus.out0.03638.h5	2c745ce087d2d33f78ea88254a6855fb
torus.out0.03639.h5	fc0f98a175ebece74580e6e6a1b7d821
torus.out0.03640.h5	689e9b4c6acd55111e551c25327a0708
torus.out0.03641.h5	48c30474c91a02e47a8c45284ea15c34
torus.out0.03642.h5	a1deaa2e2dca2bfc07bbf29cef00e461
torus.out0.03643.h5	827eab297b79384b33fbe6bba778e37b
torus.out0.03644.h5	5a88f1e8e332a2bba2bbdba1e346050d
torus.out0.03645.h5	1f5e92c8ffefefbde1928e5dd97e7eb9
torus.out0.03646.h5	834a6ce9c76f09e38b768923cde6f443
torus.out0.03647.h5	565bc9280587e87fdfd60af07c9a4c8c
torus.out0.03648.h5	4f2751d8901241bfad958de95272251f
torus.out0.03649.h5	2ee2405d8f10eb8709d0ce6c7a0b40a1
torus.out0.03650.h5	17057f565fb9890051eb5e11db29d68b
torus.out0.03651.h5	db6a68838c4f95141032c3e9061fd416
torus.out0.03652.h5	45f2b0f8fb7cee1c25933cc3b549bf36
torus.out0.03653.h5	d0c9929df57c256b3fe8d40998c77fc4
torus.out0.03654.h5	ce5a79fb38cd52aa12a76debe7019096
torus.out0.03655.h5	ed1058e3f1bff836bd5625609a42b1b6
torus.out0.03656.h5	fc6694b154a4531bea3135062bc608d8
torus.out0.03657.h5	04ac18e6a0fce51acf4a3183c8a57a65
torus.out0.03658.h5	a97421077b7c78d8770d6d2993f6b046
torus.out0.03659.h5	586ed1a7afc19672c11e7dd94fc266bd
torus.out0.03660.h5	75e687f314b88963103256a26ac94bf1
torus.out0.03661.h5	3f42c20b07952b293526028969c36055
torus.out0.03662.h5	a689363075068cc1378bcbc6d7f45097
torus.out0.03663.h5	b45f5c8e262a58f9cb98cc91e974174d
torus.out0.03664.h5	ae513e34ba45bd3d363b9a39a73a9aa7
torus.out0.03665.h5	ad648736ca2cee4099170fec802cdba5
torus.out0.03666.h5	e66c8e22f6911e673a3ea4f55f8e5823
torus.out0.03667.h5	37fedc49ffc2f392908f7369a3c0dff8
torus.out0.03668.h5	ce91f8df080472ab8243cf07d22e8d13
torus.out0.03669.h5	4d35761b0a49c9435da298f7e7bb03a2
torus.out0.03670.h5	a220638b7f4a2c90dc9afc5dc39f8e3b
torus.out0.03671.h5	9b41b55981f9f91520a3a223d92ee835
torus.out0.03672.h5	215a8f982a33fb367aa9a050ed9542a4
torus.out0.03673.h5	10d9e4b6b3ae1dd05b286e3b411a80bd
torus.out0.03674.h5	ff686fdf701df61abbda234b8bedfc3c
torus.out0.03675.h5	7a36619a45fe5402228ab4d57a2e1471
torus.out0.03676.h5	7b871f041ea46f8f043d57a2aa9e678b
torus.out0.03677.h5	76358f74104131e78284656796018cd1
torus.out0.03678.h5	6310ae390cd9c0eabd1a518069a8e9c6
torus.out0.03679.h5	0137d27630c9fbce4168696b15f99e1d
torus.out0.03680.h5	3349f0caa5a217616ed1d28361d4b6c2
torus.out0.03681.h5	ddcc90441f820daef43e34d4cba78e28
torus.out0.03682.h5	2b693126106da9e50d29f758f2a63197
torus.out0.03683.h5	e2fc460785ff78c1c77b601bfee8cab9
torus.out0.03684.h5	18670766aba328350c53cc541dc4461b
torus.out0.03685.h5	8f0bb6817e59a060049fb191ef0c9558
torus.out0.03686.h5	715653349a83cad8ee14975898d8ae86
torus.out0.03687.h5	ee5481f76a433f238b4ebeb6999a7140
torus.out0.03688.h5	7fc06ff38604f755a0f48d5cb2fafc60
torus.out0.03689.h5	d5f62f57da5c79915ddb646a7da843e4
torus.out0.03690.h5	bbadf95c106d69ce113d3e805ab2d534
torus.out0.03691.h5	e24ca48f5f4a2fe12f7f6b3f4544f9d9
torus.out0.03692.h5	ab7b69d696757ea4ba1618fb8d2ebf01
torus.out0.03693.h5	447febbed0490e4e2f3235f590191081
torus.out0.03694.h5	65e2c446a38c7932113a0cd90571af6c
torus.out0.03695.h5	3932188e9d6b302caddbd972d40c3e3c
torus.out0.03696.h5	ebf7c918645f441a8c34fd8ab0f0d885
torus.out0.03697.h5	88594d5cbe63dc0a3a3f8172e99495bb
torus.out0.03698.h5	9c87dac6f5ecf50b6739b731d71cfba4
torus.out0.03699.h5	4077499482437a93d285de545abd99cb
torus.out0.03700.h5	4f92bd2bbf067c783043b996c05ba265
torus.out0.03701.h5	b27d8ad31c89e06589028130b32c1c19
torus.out0.03702.h5	d99a3e57dba131eafe257de75e4f341a
torus.out0.03703.h5	f8fbeb7c8b4b97bc35f4133f861e45f3
torus.out0.03704.h5	1832190cfda97157a21d5a215fdb6410
torus.out0.03705.h5	17fb6829e34b7d1b1cfacf62d677cc4f
torus.out0.03706.h5	43008a9c93fc292e69b091710e9ace29
torus.out0.03707.h5	a4162fcb4f2d15d28dfea75a04130c70
torus.out0.03708.h5	001a942e4ae88de3580515d79813ed76
torus.out0.03709.h5	bd56efa6da13df5fe98c7e503fc606ae
torus.out0.03710.h5	0ddb1ca4eb64da0ec4918bad38f0b606
torus.out0.03711.h5	887b4290320b3766e767fd308e5943c2
torus.out0.03712.h5	87510e565258a8e62837daf643df9b6b
torus.out0.03713.h5	0e9ae7cda64cd7159c387bfbc45f6b12
torus.out0.03714.h5	2004e2cae7ce2892c76067416d7ebc3b
torus.out0.03715.h5	86926e62e8d4e9fb3801eba2a013230a
torus.out0.03716.h5	dd672c7f3efaa2f268fb1e7ec2c794e3
torus.out0.03717.h5	2e640b7ca034ac12fd9eaab6e4c26440
torus.out0.03718.h5	0dcea892560cb7ec7d727410ba87d108
torus.out0.03719.h5	75bccf0c8a75c2b9bbe47e329dd62945
torus.out0.03720.h5	e5c89b2ff7994b830a583591bfbd8ebe
torus.out0.03721.h5	9ad6021cebe92b7d6c5fbbf14bedcca5
torus.out0.03722.h5	f26b24f7c45342eda4ebc2f83b8fcf94
torus.out0.03723.h5	734e033c440c8c83191603b21d87fa28
torus.out0.03724.h5	ec0d8aeb5fde986036cdc475e720db0f
torus.out0.03725.h5	bf97fb617f979752253e8817d0482e10
torus.out0.03726.h5	0ef773ade650645883a91219bbfe5788
torus.out0.03727.h5	94430042cc83a0e7b84112413f9152f3
torus.out0.03728.h5	2dad9e8f99cb1dbb4ac9cc1ff92a5d96
torus.out0.03729.h5	586e78d4bdf64992d59c15fc9ccaa023
torus.out0.03730.h5	8403433f792ff79a7707259689906fdf
torus.out0.03731.h5	ae4986b38a94aa2ab86980ea9bef95d1
torus.out0.03732.h5	ac9d0e4701350f3504be6337aa6b9fc5
torus.out0.03733.h5	729ea3f9181921dbaf4315cf5192e002
torus.out0.03734.h5	1323046a45aa1b09b44b298955467ca6
torus.out0.03735.h5	3e6a6fcc33fb3ae3ef9208e307f565a0
torus.out0.03736.h5	72cc0172a9417341b631e3eadfaf3acd
torus.out0.03737.h5	402c1d39494b4fab05f12e08c74be3e9
torus.out0.03738.h5	434f6a59ffe3afa059ee7db41018255d
torus.out0.03739.h5	75524200c13abe47d4dce4eefe348951
torus.out0.03740.h5	cbe56eb5be3ac73fd1d1356ab477b593
torus.out0.03741.h5	10e9cabc0bf2fa3fbaf827b5f0d6a86c
torus.out0.03742.h5	a33e389ffc546a58bb93254aadfad936
torus.out0.03743.h5	fd065a5ff439ebe909d9a07f51bf8de6
torus.out0.03744.h5	ed45f089e752c158d2dffd8f9c3f741b
torus.out0.03745.h5	b31c067a16d06cc0cf624b62c91be06a
torus.out0.03746.h5	ac7941d1b0cdcf0ba1dc88e18689cfd7
torus.out0.03747.h5	a7ca68e4da769a3d86e3cd2df24034d9
torus.out0.03748.h5	689bc03a5d0a66d95084ed1b7287ec80
torus.out0.03749.h5	81b16160aadc61f1761ff124543b2b43
torus.out0.03750.h5	739896d1618b33110467d4d90b659ae8
torus.out0.03751.h5	bc7c628becfc780b4bdda69bf95e2ee8
torus.out0.03752.h5	35a3c0b0cb5fc97a28f7a550a042cc38
torus.out0.03753.h5	90b7dd81a7a26e110b7dcb43a178f02a
torus.out0.03754.h5	6403ce95c5547e4a3d627b80bfa9a24b
torus.out0.03755.h5	9c135c83b8baa59ef3ba1c64f7ad4791
torus.out0.03756.h5	2ce8180d0dab24d0a41db3f2271256d7
torus.out0.03757.h5	e1b0e801ab7fa63e98a828ccf89624a4
torus.out0.03758.h5	96567c351354cf1810bd178e1c1c6b6b
torus.out0.03759.h5	077361f5196478200ecbc0d05b0622ab
torus.out0.03760.h5	6c0f9caa38436bc0dce6c943f0c668e5
torus.out0.03761.h5	96c9b03f76310f4e42b9c06ee7bf1e5f
torus.out0.03762.h5	835d4f435413f059d90d86d25c74969f
torus.out0.03763.h5	0958d5c32546375eb653708b58ed4b35
torus.out0.03764.h5	9beacbc4e44a31d0afcc086e975201e0
torus.out0.03765.h5	39630ad9cf3cca52afcd969ecd04280c
torus.out0.03766.h5	c63a41568b3f48396920e81ec62d0ac7
torus.out0.03767.h5	2a14ab2634805c6b7a25d9cc2e6a1e8a
torus.out0.03768.h5	3e26e4bb728f2afae42d21b5d29ec3eb
torus.out0.03769.h5	04537bce115652b02c4fc487378899fb
torus.out0.03770.h5	4bb315e502be99e170f2ad091c648559
torus.out0.03771.h5	775ecca9951b818c3bd6d2415e3f5ef2
torus.out0.03772.h5	4c4c020ccf28a8e5a445eaf595566732
torus.out0.03773.h5	de8288bf0b5ce148b6c142deb72d3ae7
torus.out0.03774.h5	b2392be7bb2c076426142e4cf2ba75e0
torus.out0.03775.h5	186ddc78254a388b57ef8323c78e6bc2
torus.out0.03776.h5	3e97f7c193fa4b7055ba3b7488c70154
torus.out0.03777.h5	2e3ec4942476c9aca26b88e211d91917
torus.out0.03778.h5	40d89a26a76260998a22aeb4561a1000
torus.out0.03779.h5	509bb88e6ed6572da8c17670d46f864b
torus.out0.03780.h5	6102c7dae8795328153120bbd4780413
torus.out0.03781.h5	9a250662b7ea91a7b3d617331488f9c0
torus.out0.03782.h5	05428ca6647aeffc124423bb8c8384a8
torus.out0.03783.h5	52077c5262830fab9677f8a01d627c52
torus.out0.03784.h5	d19bd17988a8c23f4c0cec5c36f1b06c
torus.out0.03785.h5	1327488fc4e4a74876dd1d6aa0006739
torus.out0.03786.h5	7c78aabdb1853de523acac7b44b7306d
torus.out0.03787.h5	ecbc5a6dc26c891cddd13b0fcbe10071
torus.out0.03788.h5	d5dfd79babdb97f0d2bce73ea4c7bded
torus.out0.03789.h5	0b83212776562f1dca4dbd6d3dac9bb3
torus.out0.03790.h5	29ffec1f1ba65ac2b01825ae597acae7
torus.out0.03791.h5	a635a804f9ff4b15f160ff86889db559
torus.out0.03792.h5	03c26421fae4c65f060f1ea5bfffacb5
torus.out0.03793.h5	efd0b148fed62af86e9e3e47807b4967
torus.out0.03794.h5	e956b3be9d1ccbbf036e4259da420d8c
torus.out0.03795.h5	06d3ff96cb7869ac9f856ca451cba818
torus.out0.03796.h5	98e677dc0d34235df6f8da2fd07624cb
torus.out0.03797.h5	3c19d6794299bb5c90eab516c9356227
torus.out0.03798.h5	79d4c3c7b468c44bddfa5ba0ce78f085
torus.out0.03799.h5	1e7b36bb426d04bf7d8ca6d00c9ad9fb
torus.out0.03800.h5	9140b13b0c562078ea07d3da72e45292
torus.out0.03801.h5	c795b0efba9f05b0a031dd9a08efb4b4
torus.out0.03802.h5	a4f4c3eddd77f7d4d3c0fda35bf605ed
torus.out0.03803.h5	9fff38bffb8d72d612429b880c71a3f1
torus.out0.03804.h5	22f45636787f77780f446467fd476e47
torus.out0.03805.h5	349b65d78a65759466da847172087386
torus.out0.03806.h5	2a82e56d5b658b117915c4d8635449ce
torus.out0.03807.h5	5f8e4bc269bcb1ddf1b6987100f07ead
torus.out0.03808.h5	070c4c57bf1752ef0357449e1fff9104
torus.out0.03809.h5	b3ce11e4bc4c5282b48f93d867c9da22
torus.out0.03810.h5	e792818efc027068a9248155434bac46
torus.out0.03811.h5	d311437b9a1150bec6ecd3b395adc065
torus.out0.03812.h5	83b906150b7d57966bc870e0e74ddfd5
torus.out0.03813.h5	7765f6e4e9205de7600329ed3e7e54a6
torus.out0.03814.h5	25e3d4a685348abeb5c58a71967173b0
torus.out0.03815.h5	282066ad385660367e05b98fee9f32dd
torus.out0.03816.h5	7451728e28bad4b67c3e1e9e8015b1c3
torus.out0.03817.h5	8c858d8bbf4f8cb2e7f5a09b25380c88
torus.out0.03818.h5	f958b449ac823b38eff2cb37b9a399b4
torus.out0.03819.h5	0a1bd27dd569d75128b38175ceee75a4
torus.out0.03820.h5	dbd0b785fd192c6cbd0d45b3df32bd39
torus.out0.03821.h5	446663e9c0e8b58d99c7be7a7dedc31d
torus.out0.03822.h5	b4e14b33fdb6a9a4d970e2a63f4ef8b5
torus.out0.03823.h5	e858c31b50d1aec3ebaedf7367456eb6
torus.out0.03824.h5	ed8e268c7d279cc2c40998d88c2f8a05
torus.out0.03825.h5	49538a803418f937798831b967593950
torus.out0.03826.h5	ef676700d30a6aa61ee02a81e8720488
torus.out0.03827.h5	933996b7b8ac3ac18ea1115deffc0851
torus.out0.03828.h5	6515984a8bce886e4499ac386b1e513a
torus.out0.03829.h5	8893b23cf74be5d1bfddc8b331a6e5af
torus.out0.03830.h5	f649ab92cd4595e1b260917c02825845
torus.out0.03831.h5	b9ca9170aed6f87743f9ea2c42a90856
torus.out0.03832.h5	989c25469da366ca3c04b91bda88a094
torus.out0.03833.h5	5faaab6d373d807eca7b5a21d8e00d06
torus.out0.03834.h5	a5b4f7c2721c0b8db7fdcd79636b39ba
torus.out0.03835.h5	c78efdce48d4c4e21ff2a3ab47c28636
torus.out0.03836.h5	cd4f6ab5f76697cfed3a440c3c220e4a
torus.out0.03837.h5	57593ff4c98adb53d3117b20a5ef0c0d
torus.out0.03838.h5	9806fd3df2a95428d0c05581d2a02f94
torus.out0.03839.h5	c742ebfb5048773699542ea094effcca
torus.out0.03840.h5	3b220432a13c37f22a18702b0af461a4
torus.out0.03841.h5	e6430a7fde8f3136d5d1cf83af71d598
torus.out0.03842.h5	a119fe4c9df3e6028d306d79629d2e14
torus.out0.03843.h5	959654b862bf9445ee4a70308df9bc62
torus.out0.03844.h5	52783a04c6917d67de77702f4f15e2c2
torus.out0.03845.h5	a2f5c40a3a7c7892460968869a743df4
torus.out0.03846.h5	ce400fd3a74afaacbde1c448e8369300
torus.out0.03847.h5	0582951c2d09b061fb7ac98b273192e9
torus.out0.03848.h5	680d8f12109716d1a24c65f9e00a7582
torus.out0.03849.h5	645ba35be9084de151814f51199f7a25
torus.out0.03850.h5	e006fe14339190c98750127c1f73a358
torus.out0.03851.h5	d3e663880d6ffb915c2d7d201a5ee562
torus.out0.03852.h5	7db48d535aa2358177e09ae3517799cb
torus.out0.03853.h5	78ca0fb11f70c8fd95a5148c0cd0899b
torus.out0.03854.h5	b38aa105745ce315aefe5f96ce01e6b4
torus.out0.03855.h5	c9dc6b968d3eab6c29477a3a2c9ecc46
torus.out0.03856.h5	153b3fd968f1db282836ffc6846fc209
torus.out0.03857.h5	0e8797ab5e152d73ea00eec79751d577
torus.out0.03858.h5	d6e2f2e2bf30ebfb570a6bac99508c1f
torus.out0.03859.h5	b784eeac701580d1a11d4e0ca37b4e5c
torus.out0.03860.h5	0a12eb07e418cff0ed6201cecaf247b0
torus.out0.03861.h5	48a1c23eac6021ebc607aec96ee23b3e
torus.out0.03862.h5	45a319cb69884c39aea336386b82d6de
torus.out0.03863.h5	7799bfd7dc3d7138c6eb22e960b67ac0
torus.out0.03864.h5	225ea2a49b9e95872b106f12c2624cd3
torus.out0.03865.h5	8762f6e023764c1224228e0799df05c1
torus.out0.03866.h5	5a56a985be73a5a45af230c2d36f8335
torus.out0.03867.h5	394d7c8c99bb1cef7654860a1a094a15
torus.out0.03868.h5	da497e24d2804fb3ece10f7353b3cc55
torus.out0.03869.h5	e887038e99dea9da3828a1314a927320
torus.out0.03870.h5	75e0dfd5b35c6f3b87851d4d28984355
torus.out0.03871.h5	342656402d999a42a84e484927038aab
torus.out0.03872.h5	0d79e4f45bbf47bea8ff5b83f8f3e360
torus.out0.03873.h5	6fde26fd024a94d3c4488cd2f49f741e
torus.out0.03874.h5	d8b58c4151f65280047a95b600991d66
torus.out0.03875.h5	75ea74d387ca070d4ed6aa21f86a8bad
torus.out0.03876.h5	941dd61043c3ab1c0eef048066feb5a5
torus.out0.03877.h5	9f62f4ddf685aa176638d9e6456414d3
torus.out0.03878.h5	45d9468265796a05ef6faae9d53d3720
torus.out0.03879.h5	b0587864a34c9f42279de5c5b2105f7e
torus.out0.03880.h5	a5821ea5de2f1ee13b9ec67514708e66
torus.out0.03881.h5	8394a147e9c203d729d1dcbef501af86
torus.out0.03882.h5	588de2a4cde84d43e9a46e60c93a2be8
torus.out0.03883.h5	68d835a14d6b34dbe4d4cf0671a09ec0
torus.out0.03884.h5	8286344000fe2e74075f24b9ca63221c
torus.out0.03885.h5	c642bc8bfac38e51e27889ac4aa5eac4
torus.out0.03886.h5	308b79aea8d375ce595eff9cb19c04d6
torus.out0.03887.h5	78135ad43a73fdda897a409501f53668
torus.out0.03888.h5	cec2cf1d9a7f56ec0ad6b4ce5bf69410
torus.out0.03889.h5	e3633a244b33a829bd46db42a68950e8
torus.out0.03890.h5	b522b60e364ece98a9782f9293cac56c
torus.out0.03891.h5	de4f779f1eb71945d4b935202c59f9d2
torus.out0.03892.h5	28319b0a7e8fc0900e4dd8c1da3173be
torus.out0.03893.h5	04fa6e265171f0c4aa9e383cac1b7916
torus.out0.03894.h5	005342ef1e11a404ce0c4bf4b6f04515
torus.out0.03895.h5	a56076c67e882ab50790e40710dc81ee
torus.out0.03896.h5	0c5dd2859d35eb44baa247809a5ddb7f
torus.out0.03897.h5	8a38a5cf46f17397bec4947d8b1d46c3
torus.out0.03898.h5	564e99a9c89ff4c19f494794e79ee735
torus.out0.03899.h5	93cbc51079090c7800a0d724b14585e4
torus.out0.03900.h5	0facf0c1e1834b4a587850a57e45492c
torus.out0.03901.h5	30f22cc70b88206b1b36d171e2defabd
torus.out0.03902.h5	8e7a8d8243a8f9ad88a3ee6363152fb5
torus.out0.03903.h5	32d898e66d991b559a9b5ccf13d70ce4
torus.out0.03904.h5	648bb687a05929e8af69a59730dce65f
torus.out0.03905.h5	8125590aa1e850fa0065be81338cefc3
torus.out0.03906.h5	6877b9af8cd12a2b7de96926d853c574
torus.out0.03907.h5	ffa1725d36861d719d6ce75815b02ac5
torus.out0.03908.h5	9e29a3156ce6e4ee65647e6ab5ec0ec3
torus.out0.03909.h5	ad08431d27de52c02bc2292f3ad1b064
torus.out0.03910.h5	fa1a5c93e6b29d8fd19d414651a576a6
torus.out0.03911.h5	6b7509f538914e0e784ae868838dc895
torus.out0.03912.h5	d616b2a332c184f91ea46ac993fbc17f
torus.out0.03913.h5	703b80f3ecd96ab5f7ef348c900ef7d0
torus.out0.03914.h5	7f5fe075441ac788a968f622ae4ef829
torus.out0.03915.h5	f583ef2b73a1c03e1ef78d46d504a963
torus.out0.03916.h5	b42de1225cc747ffb39e95d0d938e9d3
torus.out0.03917.h5	24f3628f511be3828736ed06af3b6e25
torus.out0.03918.h5	5a5ffa1f215fe4d7e9e696893c503ae5
torus.out0.03919.h5	bc8200a08d20ea8bafe6f2e328ee9154
torus.out0.03920.h5	303deb56c7b8e159b6447b8b4f11daf9
torus.out0.03921.h5	da39b10589c1e49b63dbc1483d6c819a
torus.out0.03922.h5	50b2529f288c6412a331c470ed941234
torus.out0.03923.h5	9ebc7ab691bb92e75ec361bb81838683
torus.out0.03924.h5	93064fb39b286be53443658c66cf9c0a
torus.out0.03925.h5	e9bc87c77427c0011e31dde7fee80c0c
torus.out0.03926.h5	3f473df1e85d7c4aa748dc5b367fb122
torus.out0.03927.h5	6c6ed2af4d3ab26168c7002ecf8c1195
torus.out0.03928.h5	db4f85285e8e863f58a9bf3578124975
torus.out0.03929.h5	f00a2b1e06a9a2e701730ad09074b97c
torus.out0.03930.h5	de75288b1283319980e71b88c4cd56d6
torus.out0.03931.h5	e02957ac307a11db21b9fb21c5a7836e
torus.out0.03932.h5	0c1a541d67300ea10ce64cd4e0be068d
torus.out0.03933.h5	8390a524711e2e97b04cb6ae6bc16ffe
torus.out0.03934.h5	a77bc9c0fa7f666fe4ccc89e8b8021fd
torus.out0.03935.h5	52d1f5e57192e464733f7774742e176a
torus.out0.03936.h5	397d028dddffaaf279b4480af5fdb2f3
torus.out0.03937.h5	0d238ae923d43c8ebe3ce59ebc8d26db
torus.out0.03938.h5	7e9a7a41d05bd5929dab519658089a36
torus.out0.03939.h5	90cdee536b2fb1e26b9b4f4de411f23c
torus.out0.03940.h5	80f75f38b81b18511021cba2e314d95e
torus.out0.03941.h5	c9ed757c94faa422f3be9d063dff94c6
torus.out0.03942.h5	a0fbd74acad29f7957c732179341a4e7
torus.out0.03943.h5	0fad683a4086181896f0fe8ff4fcb0c3
torus.out0.03944.h5	ce70ecceb11fffb706654a58538616a6
torus.out0.03945.h5	a35174a03fe0b2e216e41b953a5da1a1
torus.out0.03946.h5	060c0ed0280a51436dadf8a24cf379c2
torus.out0.03947.h5	b9fbb24b1e2a89799a953daa8ec00979
torus.out0.03948.h5	39356c04b3c96938be53fc8a2da56e72
torus.out0.03949.h5	7ed6888fbd6c49ad3abdf61cdfd8a31f
torus.out0.03950.h5	ce3bcecf81781c8aef776a31e8c35556
torus.out0.03951.h5	43caad4a64c3dc5fe3aa590be951b850
torus.out0.03952.h5	4b0c211e82540daed41ed26842d2642e
torus.out0.03953.h5	adbd7cf430d9c2384aa3e7d25998d048
torus.out0.03954.h5	8c724ea74e2f8943d328211ac6e63585
torus.out0.03955.h5	0368d6748fdf369e1e256b3c98ecd579
torus.out0.03956.h5	6f9710bd99bf5fc6543de3352e048895
torus.out0.03957.h5	0190648ebe7eb04056eb31a66d80025c
torus.out0.03958.h5	4d1b87281b2601109715604abc3226fb
torus.out0.03959.h5	93d5e4b22566291afca42b84870997fa
torus.out0.03960.h5	78801918df9aa0dfab20f2d9e516eede
torus.out0.03961.h5	36c9bdc7313673b49fda072cbd6319b1
torus.out0.03962.h5	dd890079f78e76cd3e100b24b7f105fb
torus.out0.03963.h5	0dd0c647e5cacdac65fbcb59e1725c1e
torus.out0.03964.h5	ef9ca8d6abf6132b959b423464c21cd5
torus.out0.03965.h5	e573743387c50e5cf63b16018042d378
torus.out0.03966.h5	c346a70d426f86315b6e02382ae0b31e
torus.out0.03967.h5	e5ece42c61ddc3484b1419b9959c95b0
torus.out0.03968.h5	b36ea71d0e592c08d43de0c32a50a435
torus.out0.03969.h5	525c1022d44990f900bc60588372c05e
torus.out0.03970.h5	f49b3a1edf297a3f1593fdc5c292362c
torus.out0.03971.h5	2424e5b5dfc5a6cbced57371654b3e32
torus.out0.03972.h5	50957677797e5a72259f72578f67bfd3
torus.out0.03973.h5	4746e5d55a480f1ba82bd9d28ed09f9e
torus.out0.03974.h5	085ae84424584a425227aea1fc03a953
torus.out0.03975.h5	4cc6a07618453bf190fbb5080389c402
torus.out0.03976.h5	c5b1820b4b9e6cf3c4a7fea191f1afc3
torus.out0.03977.h5	ce64c3ca3f14c941ab89c2eec555b363
torus.out0.03978.h5	9b97c950a56803f1a53a6c1a68271e19
torus.out0.03979.h5	3f26e9d088dc5fbce0bc3ca9fc1985ee
torus.out0.03980.h5	0f9103f441498bbe3273c8c400e49f7a
torus.out0.03981.h5	e48d0abdbf148d6e4826333ca3484d2a
torus.out0.03982.h5	ebb29c61081726877ecb3ec4c80df77e
torus.out0.03983.h5	1c0db2ca8990be1accc4b30f744d43ea
torus.out0.03984.h5	8ecfec65d7060bc0bffe7834811ce8a3
torus.out0.03985.h5	3b99cde3d6816cc6d022abd307bfca5a
torus.out0.03986.h5	eed59131359fd7c77a361b9b6bae3f8b
torus.out0.03987.h5	bed2cd9a8b2dabee612857fe435a2f95
torus.out0.03988.h5	b42179cca37fb8d041c518b23dd28f2c
torus.out0.03989.h5	8c0580e2f57e03538de3737153276b1c
torus.out0.03990.h5	69cf047ae63069536b93dccc5d91c29b
torus.out0.03991.h5	4b89c94700f0ddc167be19ad04f24769
torus.out0.03992.h5	266204a6fff3b3094740f8dcbf039725
torus.out0.03993.h5	037debab1082abc61e3d2a27c305bfa8
torus.out0.03994.h5	430ad3905a88a2ff20132c277693c590
torus.out0.03995.h5	839b8b883442aa2d22d0434bb5856f40
torus.out0.03996.h5	76431fde5d24c46ee190d4dd757c8b45
torus.out0.03997.h5	d11aa32edcf19844ecf30473f43e4b10
torus.out0.03998.h5	7cba5fe1f530c2196435a1258f4c6cbd
torus.out0.03999.h5	b1836b11580784a6777e7242a0457e41
