torus.out0.01000.h5	8fb03b63e890cfc5e3f83e07d1fb8b66
torus.out0.01001.h5	03bb998c679c3a705d17a5025f00f082
torus.out0.01002.h5	0f1e07430a14846e14b0284c29d0ec4b
torus.out0.01003.h5	9437c5b78bbebb838a5365c14fd6a312
torus.out0.01004.h5	92b4675f4596abd95726b5e3d409631e
torus.out0.01005.h5	4bc0a2447efb3662fa1015b83aecc83c
torus.out0.01006.h5	1be4c175aead11422a58e093dadbc727
torus.out0.01007.h5	5abdca8cf632c55a020d8dc6e3f95a9f
torus.out0.01008.h5	65712db6722840fd5cec88ba825747cc
torus.out0.01009.h5	c00180241954f98d6b9ccd412711794d
torus.out0.01010.h5	e4dff9532b2e4d0fd4dbfd2aac53f49b
torus.out0.01011.h5	c3cb869506d4a922e43d5022913d8fa3
torus.out0.01012.h5	b6fae2a5bd3f425188bb17d5c477dcdc
torus.out0.01013.h5	bd2fdc670a20fcd06069b56da528b107
torus.out0.01014.h5	2336f0bb3582ddea281a57986c40b875
torus.out0.01015.h5	24aab7f14d410dbcb35b63672fdae319
torus.out0.01016.h5	eac4c1f5de236155e5256889d2027e17
torus.out0.01017.h5	0fb32253228ebcf61b64651d02c237e9
torus.out0.01018.h5	21dc3891e0724f1c6df548675376ed03
torus.out0.01019.h5	093469353f80aafb501021260ef151a5
torus.out0.01020.h5	01df24edf81fd18ba270c1ae9081ee89
torus.out0.01021.h5	9d60c2468984d370fc76d138e6103ec6
torus.out0.01022.h5	807817b85943be7aafdf9636ae736816
torus.out0.01023.h5	6ec88b69f4b914bf11cd23fccb1bb316
torus.out0.01024.h5	9b211874ea8508c2b48addb556f2eb25
torus.out0.01025.h5	f67bb7bf4913ba964a36939ef12a16bb
torus.out0.01026.h5	65b2bc19728f32beee811fb2b20c8bf0
torus.out0.01027.h5	21a57b7fa04bd7362c785abbef9ad50c
torus.out0.01028.h5	2c5cd8206d5a8344ec43fc2f55bd0de3
torus.out0.01029.h5	6f779df28a210dc201464e4d3faa421e
torus.out0.01030.h5	5882ee6fb07c7b64754e3c18aec824f9
torus.out0.01031.h5	9ed3eb8a545365b20ce397fc86c972ba
torus.out0.01032.h5	4d2b76abe2022caf181886a91d58afae
torus.out0.01033.h5	6333621199c33f0b0c858b8a18d48267
torus.out0.01034.h5	b14ef84827361ca0769c6d3a5faef87c
torus.out0.01035.h5	199a5d3de73edc2fa141af3061137ba4
torus.out0.01036.h5	856ee0e50d3dfe60b562324e209b4c73
torus.out0.01037.h5	d3b0e7aa80369b5ea27feb48888d7234
torus.out0.01038.h5	789270dffd67cce169fa35201b0a41ca
torus.out0.01039.h5	2c5b33f859bcd9c9da79beb189a6b096
torus.out0.01040.h5	5696bf0f1cc6394ba8e46376a5edda23
torus.out0.01041.h5	9d7ba7a7f2617f624f417947b2411016
torus.out0.01042.h5	9e6a7eb7dfec2e04c98d2c6842141d8c
torus.out0.01043.h5	00c3afc95b67579bd853b19f7bb1be29
torus.out0.01044.h5	cd2b72932952c2d9ae8ba3665ef90705
torus.out0.01045.h5	0564c1f27d41b53a6bbd1b1cb1d347c3
torus.out0.01046.h5	f1ea62903be3939399f352c1e2cb90b8
torus.out0.01047.h5	6bbd548f2415b23124e65e4b7d80b9be
torus.out0.01048.h5	767b05d5f7605f47602e9357bf3f804c
torus.out0.01049.h5	10b5d53a7697484415fcdaf179f78b0d
torus.out0.01050.h5	ae26384f82b7e7a532698feebfa1f8f5
torus.out0.01051.h5	46b9a5c26b3a687fc98c4b81fd26d876
torus.out0.01052.h5	78b570287519a712c3f946fcc8d26dd3
torus.out0.01053.h5	521de80be9efcda0de90b1b97744b138
torus.out0.01054.h5	eede7843c9a3972212c7b62cd11347d6
torus.out0.01055.h5	ec0d145ef6c8950ab2d14de23c5c6e0a
torus.out0.01056.h5	1af5f0d02ec5754d8ce054aae1b3202e
torus.out0.01057.h5	89356e8ab988e74d51c582429021cae4
torus.out0.01058.h5	fe991cfa0aa6633fa21b6b28feebdaaf
torus.out0.01059.h5	205fc768b87c53bc4c51724cef54750f
torus.out0.01060.h5	33bd84a99287e06c82521e1d8f90ffc4
torus.out0.01061.h5	94fb7eaca475d3e3f011a45d9fe8e28e
torus.out0.01062.h5	2a7f34162ab9183450ac1b144f303505
torus.out0.01063.h5	f0b653714316ff42c15dc03cc7aa2ee5
torus.out0.01064.h5	c7cb6f7191d41529140362ef4b348416
torus.out0.01065.h5	9ed0c76495a9e8fedd193ba6db5c0e54
torus.out0.01066.h5	23f3103364d59550417b955c50a7fb7c
torus.out0.01067.h5	44edaffec39142b0145c84255614c0a4
torus.out0.01068.h5	cb896ff10b21417a09ff89f24d70ae49
torus.out0.01069.h5	d495ec69ad205a1bf64764e83cf1f4d3
torus.out0.01070.h5	51686727ccf2d7573792ec5807db35c4
torus.out0.01071.h5	573b111ebe5e801e8a2f4cfb7bb27240
torus.out0.01072.h5	63b061568b4d34e3769eedec63976687
torus.out0.01073.h5	e25dcf9784b594195d6175843947cf80
torus.out0.01074.h5	8d2e48ab3b13c9b2125cf56a29c09201
torus.out0.01075.h5	db9e797a573d82091b500b45a337ecda
torus.out0.01076.h5	b6e5df15b8a964ca12a473a0c72f618f
torus.out0.01077.h5	3372465e92c8362e58cf6429c8edd60e
torus.out0.01078.h5	254cc24ca34377c6bf166adac1c3e152
torus.out0.01079.h5	9689054ff463abd0da928ac637305203
torus.out0.01080.h5	547ab345366406da521ffb020d8ffaef
torus.out0.01081.h5	c045fc156157bf62344fa7b70c5238d8
torus.out0.01082.h5	31ed798616147757e56638e3e311e029
torus.out0.01083.h5	6767f1178c9051549cbfcc7a30894f5d
torus.out0.01084.h5	d987076925eb162fa39b9440c43e7305
torus.out0.01085.h5	e1d8879b8bfe2c7ce16867b9c7df70b9
torus.out0.01086.h5	2162a6026a99541aa263a3982540e68c
torus.out0.01087.h5	98b644639cc2a08e99dec2eba9b0f6e8
torus.out0.01088.h5	c92598c664ad16ed41c3f27b5f7eda41
torus.out0.01089.h5	271becf5a2e8eecf784944b052b32dcc
torus.out0.01090.h5	7291102a35c9ab0452fbb217f27ce1d4
torus.out0.01091.h5	9a435902e4c14712d387f1cdf1d45221
torus.out0.01092.h5	72e4335e9ac11a596a7b90b64720bc81
torus.out0.01093.h5	7e10a188d9d8852daa40c1ba9c54dc1f
torus.out0.01094.h5	cae83ab77160b2745906de7527a2d7c9
torus.out0.01095.h5	3bcb18e144ab2b39ba178e4e38b5ab4e
torus.out0.01096.h5	02364b30df3a72ef531d1f0444332dca
torus.out0.01097.h5	d657c5feb5a7cf987fef35f8e5cc239c
torus.out0.01098.h5	a8614730ecb7303db3fd02d24ca01868
torus.out0.01099.h5	919f3ab68b9356d0a2180cd61d868e9b
torus.out0.01100.h5	381e7bfc0b82339606c6184872d437e7
torus.out0.01101.h5	2025e8adb152fbfdceef82cbd54aba42
torus.out0.01102.h5	5e3af6ef87cb080d561c6413cd8f451c
torus.out0.01103.h5	354360867939116c54e64a5d397f6ddb
torus.out0.01104.h5	ebe6270dc4c79ff66eb88296beaf2745
torus.out0.01105.h5	52eff6459bfefebc002df8723c0a2087
torus.out0.01106.h5	bbbcf6aeac944b8e1db1f1f89c3cf3ef
torus.out0.01107.h5	1b9aa8c2771b1ab19131ead4ee70eb88
torus.out0.01108.h5	dfe43d77050a08592fe8a48b05feef84
torus.out0.01109.h5	ab105adef602be4c9c9f2f122b50116d
torus.out0.01110.h5	489251549909ea4276ff24d8fad563a3
torus.out0.01111.h5	3c4c8515b9aad70a81cd0f2a6217f4e8
torus.out0.01112.h5	568e612246986980f3776bfa5e8ff061
torus.out0.01113.h5	682b97cc5f2f83f64d1270e8cf24f33d
torus.out0.01114.h5	f534e5cd7dc19f3c9b561221d86922b4
torus.out0.01115.h5	6e770b61f8c4961ef96ab4f9767c50fa
torus.out0.01116.h5	d42205c9e06eec4b0c04c1dfde0d0cc2
torus.out0.01117.h5	7cfc8c30af49bcc31a5d4b37c92baa2f
torus.out0.01118.h5	f4c88661006e79835303a8e0a2e78d74
torus.out0.01119.h5	3f4ee8bdcc3a607457751f714addb1c8
torus.out0.01120.h5	bb7df047cd285a8839af0c9799fe971c
torus.out0.01121.h5	92a20ca0c5e8d667b64b3fe58f4fd232
torus.out0.01122.h5	38af07cf3a7fc5705a6c69fe8aa81082
torus.out0.01123.h5	4a182a3c123b7736b85c5f067c694452
torus.out0.01124.h5	dd43e012227a1ef7ec52c5c19f9586ce
torus.out0.01125.h5	5bd7adec078609a53b5acc7a4277ac8c
torus.out0.01126.h5	fa817f38534e054bad87c7f511c3477b
torus.out0.01127.h5	ddc451f98f29f314fb06367806d3cac2
torus.out0.01128.h5	eccacfc5d3a9f18798d6b3e7e89c74a1
torus.out0.01129.h5	0bbd5469222d25e2f265fbdf47a000af
torus.out0.01130.h5	a86c3a5f5bf191ee6efec1edc8015dc5
torus.out0.01131.h5	09dd3218c6c980a7413a22e4dca07768
torus.out0.01132.h5	5c0f30e56d5382e80bb84d00fe089730
torus.out0.01133.h5	f515debd67a8f899a74df2a30ca5d2c8
torus.out0.01134.h5	2923a2051cbe656747ffb44b37a578a1
torus.out0.01135.h5	efd06bf114bacad38470845c5f9bc6cf
torus.out0.01136.h5	f00a4d73c8bb91d1421027f3f3b50321
torus.out0.01137.h5	d83897938f880b4d177a2f26ce8c1586
torus.out0.01138.h5	bc4c25d514053ba900931de79616a9a0
torus.out0.01139.h5	3ec61664932c8dea9fde1364f0c74713
torus.out0.01140.h5	6af5180e46194b2f893b794e088433ed
torus.out0.01141.h5	c3b07438f3b1d4ab80449da33bb8b9c9
torus.out0.01142.h5	bc68e6cfbdab9933c1921bc9320586b8
torus.out0.01143.h5	62ebad6ad0dbbcc9ba3555db080e692e
torus.out0.01144.h5	536edb3403a5daf03a678d7156aa285b
torus.out0.01145.h5	deac590e8c5f74e8d411a9c4ef09ee43
torus.out0.01146.h5	adc232f3f1524b73ecf043d4c2569145
torus.out0.01147.h5	d099593c0a107509833204fd416a743a
torus.out0.01148.h5	c7b65293dc6c03ffaaa185cda13328f4
torus.out0.01149.h5	e13915020a6b63e818cef13805d71f73
torus.out0.01150.h5	3e9d8c8991a6fd70c40fcdee8348824b
torus.out0.01151.h5	479a44e9148803871ae41c946756e8ec
torus.out0.01152.h5	6381aa0aa2e27b6fd7441661f472119e
torus.out0.01153.h5	1e300e2d9e1b3dfb4b01eaa68c1b8670
torus.out0.01154.h5	ff2fe6b55f47063cc7a0a7631df0260f
torus.out0.01155.h5	4ce7ec816199cc28048ccc56932dac7d
torus.out0.01156.h5	045897f1d068499b2076a23832dd6e06
torus.out0.01157.h5	2372cdc8adca017f5c2b332dcd677f9d
torus.out0.01158.h5	653a2d6210234d40adb93288c990a20a
torus.out0.01159.h5	29289ea83f1250458afb32b921935328
torus.out0.01160.h5	0633c4c1971260b228ef6c4942f2ecaf
torus.out0.01161.h5	11be0d43048d1ce841816e25ff4bdc0d
torus.out0.01162.h5	47d43396d85a4ba44748a498378e530b
torus.out0.01163.h5	a495abfdee5c7981ba6d659c5c417479
torus.out0.01164.h5	9a73ad385f5e8fb61632f935a1466b04
torus.out0.01165.h5	57b38ebf52a8684dc821944ed8221c86
torus.out0.01166.h5	b98e123e682712bbd7070172c53f2899
torus.out0.01167.h5	01c9eb4366f3fbf80eff34d21f4170b1
torus.out0.01168.h5	d3189b08a445556a2a1d190217270d75
torus.out0.01169.h5	182654bf9b25ad0420bd24ac979b448c
torus.out0.01170.h5	3850c9e91e225626a61c72609b74aaf8
torus.out0.01171.h5	74bf6bc7171c957ab477804fcb5a640a
torus.out0.01172.h5	7f0bfbe74b6a4b3dfbf68b04df5f956e
torus.out0.01173.h5	54706ea0114624290a4c7ed688dc088e
torus.out0.01174.h5	e59c4692938ac72e7d960f305cbb9933
torus.out0.01175.h5	c3e7bf10292cfd5ae0307ace9c13ae72
torus.out0.01176.h5	4bef274e8c52472be7e028ec1ff46480
torus.out0.01177.h5	088c22a5bee57502c6aa57fb17867653
torus.out0.01178.h5	1a2be40e407af75619164e1b7c0a1828
torus.out0.01179.h5	74db65a919f2a014215062b2fb9681db
torus.out0.01180.h5	b867d06478722c4e77e4e68795d1275f
torus.out0.01181.h5	9f5745c9a41366823c5106eb100f506c
torus.out0.01182.h5	497ec0888d8951b4963599a43ec722d9
torus.out0.01183.h5	eb9deffa4d5b55ea1c2349eec905b7c6
torus.out0.01184.h5	a0db8219b9187d716fd165a1ce4e79f6
torus.out0.01185.h5	8fb6262b729dab3876d1e799032e50fb
torus.out0.01186.h5	d196786820a916913a6a2878311d01ec
torus.out0.01187.h5	04e2993b8709020dbfa7e3c6aaadef17
torus.out0.01188.h5	aed1a039145b5d0e9b0f07fdcb02633f
torus.out0.01189.h5	dbf9a62e9b60fe25c780d2ed7e58e55b
torus.out0.01190.h5	c6bbdea316586afd177559ae22a0e2be
torus.out0.01191.h5	0d31d39089ed18f548e32d2fb2f2639b
torus.out0.01192.h5	1357f23d4d5a3a831523a47dee01d95a
torus.out0.01193.h5	39b8612bda441d8213e36dbd14c64d95
torus.out0.01194.h5	f853e6417551743a6ca8ff9b83b5b480
torus.out0.01195.h5	666d8ccc180c6cc4764a8377e042f61b
torus.out0.01196.h5	65310555b20bade5a6be0ff88d7286dc
torus.out0.01197.h5	dee75f3d5f5ffccb84f41bd4096575a9
torus.out0.01198.h5	8155c95fdb8f7623f77432d10790807b
torus.out0.01199.h5	c5ef45d2f9c417a61580683009c1d108
torus.out0.01200.h5	642c6f3a51d40fed6b42b273d77a3ef9
torus.out0.01201.h5	4c72821f9bbd571df0ae40d2822e0467
torus.out0.01202.h5	7835091455bd2feabc3938e50fa99e91
torus.out0.01203.h5	7efcaea92e5a0bc3d08dfae69ff7881a
torus.out0.01204.h5	6ec0253ab0bd79b3cb6ae30abf4e7228
torus.out0.01205.h5	8acb7ef70ef7cb3b76c5b57aaefd3310
torus.out0.01206.h5	d643ecd7f06256a1eca0500766702dbf
torus.out0.01207.h5	9bebca3fcd2c959d9b450cbe06e908f6
torus.out0.01208.h5	24b5f1b67348636f7917c528dc3f02da
torus.out0.01209.h5	389e267e668b3e1e3581e973391b96b2
torus.out0.01210.h5	d1e62fb652f8c5b0278a0002956ce557
torus.out0.01211.h5	1a152e3e6cefc9402fc8e929227c06af
torus.out0.01212.h5	3401fd3b7a6d96ecfa1a6f88c3003f56
torus.out0.01213.h5	9fb47c0005d2f3cd648c71aa85b944b2
torus.out0.01214.h5	b951fae5200a96ada678024cf12950f2
torus.out0.01215.h5	37a0f3b3db8286d873944a7270f63dfc
torus.out0.01216.h5	21cc7c16dc211d23c405ceed067adb4b
torus.out0.01217.h5	e21151f84210d30436fa7969c0b5ffc5
torus.out0.01218.h5	078cc17caa8cd08c0712d8ea31d4162a
torus.out0.01219.h5	c4c8d2f9af8d27691533d72f5d45e51a
torus.out0.01220.h5	ce2de3db729f76343acf27cbb56712ef
torus.out0.01221.h5	673796df0608c7882a0c113769b9919a
torus.out0.01222.h5	b9e94b489738bab85b2d38692744646f
torus.out0.01223.h5	05d1e7397f6db47383936eecbabbc429
torus.out0.01224.h5	0418ec3710a6b0528abf498e0fe87ec4
torus.out0.01225.h5	f5665ca2ea1f7e289aebc571d20cee30
torus.out0.01226.h5	61d26be8e51f66fd02843710aa8e9767
torus.out0.01227.h5	37cdaf62d9544b8e335af3c4beac669c
torus.out0.01228.h5	d84d589ea8d53470612140b48d19c996
torus.out0.01229.h5	2a63f85216eb69324ec2eaaa23df29af
torus.out0.01230.h5	063d63d29b2e764febe6d2a0a5880257
torus.out0.01231.h5	7400bdfe4972e759dad7c0fe03ddd888
torus.out0.01232.h5	4b55bdf754ad0d811dd93eb134805a14
torus.out0.01233.h5	0d4010ee5e96ee07e2c9959154c5781d
torus.out0.01234.h5	bfe6a02ad771fe348c5371fe1b04cb09
torus.out0.01235.h5	163dbfaffdc800f07f8a263d6b56d7c1
torus.out0.01236.h5	28bf3d6878b921d76249362978c67c7c
torus.out0.01237.h5	266534c488ab762c12ce1c2bc452c369
torus.out0.01238.h5	5b16c9d86c3f7a487ebdc64e3a97516c
torus.out0.01239.h5	c70f0ed1e9bb2021bbcba216dc4717dc
torus.out0.01240.h5	efe57ad43733e7c8f13b396d3aa529b7
torus.out0.01241.h5	bbde38daad9c151078d980f8a8b4757e
torus.out0.01242.h5	0073dd17e9abe4cf9aff5379ae73a4cc
torus.out0.01243.h5	7fc9fdcc5c1850e4e21aa9bac6b7dcd5
torus.out0.01244.h5	2bfcc0aefa5f9656c6bc9587e7c965b7
torus.out0.01245.h5	9feb4d3514ceedc7b7f4c01709661bf7
torus.out0.01246.h5	5e64916d22ac3fec18f03840a99e9399
torus.out0.01247.h5	2a553a4fc64ca61d3e15ea0959ef7072
torus.out0.01248.h5	e4602193eb88605abb5a4211b267c67d
torus.out0.01249.h5	9a7ca3e5f06307a3647a4e8080158ccb
torus.out0.01250.h5	a0a12014fbe8ed31ba84a34d100cb129
torus.out0.01251.h5	1cb34cdc83e323fc5c28ac9acfddf14e
torus.out0.01252.h5	c72c6dfe69f14bbf10fe4e415f030e57
torus.out0.01253.h5	42c808c0668e2183c3a109ecf1f8ba93
torus.out0.01254.h5	a96652bafbd29124b6c2d02f81e45568
torus.out0.01255.h5	47fa651e57b32ae88d4a2d3fb8c41c7f
torus.out0.01256.h5	4117d12e301027f53739f1b30cda7f0f
torus.out0.01257.h5	56943c7ff1804d56e8a8bf29a8cfaa88
torus.out0.01258.h5	16e3e387fb977acbef264414a9181777
torus.out0.01259.h5	c6e7e22f579eb8bc407deca5a4cb4de4
torus.out0.01260.h5	6226d96b764bd67a7db9db7b54f4cf36
torus.out0.01261.h5	e7c0a2d1f3fb71a16a2234105d03f7ba
torus.out0.01262.h5	47e81a7a92b9d99382547227baf53a31
torus.out0.01263.h5	3c28b0e780767e33111712df535dd558
torus.out0.01264.h5	2ac14e17fd6bbaf249abad25ce6d64ab
torus.out0.01265.h5	d4e8bb0a51f8da51d3ff85b9a67b98e5
torus.out0.01266.h5	90850a24eda45d71550d81cdf39d4efd
torus.out0.01267.h5	300c73ab6efab8f6cbeb88cc2a3e926b
torus.out0.01268.h5	a3e8699f344b91fffd31e7ad8d39f674
torus.out0.01269.h5	e9764c32dbbf80aed0129805bd078871
torus.out0.01270.h5	ab07f9a78ddaa369dae99bf51149e026
torus.out0.01271.h5	f2c84b93def184b690c036f6ff286188
torus.out0.01272.h5	98cf90696267a8b00512b4e6b3bb3d69
torus.out0.01273.h5	476aec2acf502a0c071555ad2bea9efd
torus.out0.01274.h5	544040f779b9c36f16b471b36b945ef7
torus.out0.01275.h5	e73a40fa21a2f6a71d919ee956396fb2
torus.out0.01276.h5	098a9db6e671d54106bc381caabe42b0
torus.out0.01277.h5	2523d24b2e3b4bf8ebe2375049d82abc
torus.out0.01278.h5	5696ca162938f40254ed292c34102987
torus.out0.01279.h5	6849813cfd8a09af522b9a9d519c2b17
torus.out0.01280.h5	d40a4819aa1d163011e7770ce6e98e6c
torus.out0.01281.h5	9fc7f9a6a59969763548beaa2b67ba91
torus.out0.01282.h5	b27dc2b15e49e4361a7cdc86f7e3e202
torus.out0.01283.h5	4d52c9977d24e9e731c7d9f1bef36e88
torus.out0.01284.h5	8beb9f7df0ffbc508e6405bb8dfcae49
torus.out0.01285.h5	e20b24fbd94112e0bbdc05abf56fb085
torus.out0.01286.h5	7b5b1a50593ff24e2cc0fa39629289b2
torus.out0.01287.h5	db1f55be8328f17827ac5c403b7689fd
torus.out0.01288.h5	f375cd6701ed26671498c1a4ccf37f00
torus.out0.01289.h5	c88afb599b46b1ba84872050fa64716a
torus.out0.01290.h5	28f854c1614f36133a6e58ee6db26a21
torus.out0.01291.h5	f1b63cef6f0f8b6c46b53a6adfe85445
torus.out0.01292.h5	4454f4aeb75d22a3041ee786e436df84
torus.out0.01293.h5	7897c89be50863b2a6baa999b8321b57
torus.out0.01294.h5	5e7c445fbf56a4399774752ea430aeeb
torus.out0.01295.h5	e62ea514822ab6aa1eaaa26d6cb1d4e4
torus.out0.01296.h5	30ccd7a4a0fc775bca0a86d4a12e18fd
torus.out0.01297.h5	8d132ed97d522284874c007114d19b1e
torus.out0.01298.h5	f22d4c39fb205730389f6d75b509fdc7
torus.out0.01299.h5	cd5e1c3396b163079332862c7f3fd0c2
torus.out0.01300.h5	9cddbbb59c3d56779d5841bd688df50f
torus.out0.01301.h5	35718d978e0c7c35073a68d6915a6727
torus.out0.01302.h5	4596c2ea19ba794a1d43e94f627c5408
torus.out0.01303.h5	5931e4e22d0ef1f89d55914d249724d1
torus.out0.01304.h5	3664077717041be254647f1f5416dcc7
torus.out0.01305.h5	2411c181c5fe0f41e6701ee323342047
torus.out0.01306.h5	ca86a9f176628ad6bbd44680d583e5cb
torus.out0.01307.h5	26a5d96ea6c4602f5e5cb1d0aa6cd91b
torus.out0.01308.h5	3537542cd1cab7579ea0337b24c5a78a
torus.out0.01309.h5	5570f047643dce60455dce32ae1badd5
torus.out0.01310.h5	576ded146362744203c966496fadc795
torus.out0.01311.h5	5979287a02a0f752f5b5a09e61f2f778
torus.out0.01312.h5	68408f6df94925f92ba630094b6a9b44
torus.out0.01313.h5	13317099e8ac7533d1c5c511b79103ad
torus.out0.01314.h5	80343de16da180ab792b2d5b2fd8a635
torus.out0.01315.h5	3f770e186a5b483ce1c375841d3ce2e7
torus.out0.01316.h5	9383e35e1ee4a41d34210016635c5f34
torus.out0.01317.h5	a79ee2cd64af61db42e0c66723f7edb1
torus.out0.01318.h5	f6a79a6ad9995d44cc72226f59dba4f1
torus.out0.01319.h5	afb6478de88ea46274ebca2efbb89db8
torus.out0.01320.h5	c2e6ecaed9659a72ec9445427dff52d6
torus.out0.01321.h5	d95ed95693cd12ac9eeabebaddaa6e52
torus.out0.01322.h5	c33718d975e4f859d0d665b30fc9411f
torus.out0.01323.h5	a728d5c29819c53e1f20152445a2c445
torus.out0.01324.h5	c7a02ece1fbe80e763a97153a3a9511a
torus.out0.01325.h5	94af109d377e5bbaad0e4646970eefc0
torus.out0.01326.h5	7e8f791fa7cda125ae32f3d279f6513a
torus.out0.01327.h5	5a21ace5cd89a9811f077a6aa2b3c0d3
torus.out0.01328.h5	f3763f6a58d76589344a407549ec5766
torus.out0.01329.h5	f8416c688bc2513f443ea765e5b79178
torus.out0.01330.h5	cbc0823b4527e5f203a286737bae5622
torus.out0.01331.h5	d2e84a4446bfdfda89a548053da377b9
torus.out0.01332.h5	5a6d63f73db253fde47d3ec96fecbb21
torus.out0.01333.h5	a04b1dcd7d326b4fe5f0acad53acc9f7
torus.out0.01334.h5	585a2016d24d225eb82513ca0e2431da
torus.out0.01335.h5	d0f0f24296f79d58be6f9ccf5433268b
torus.out0.01336.h5	0039eb23202d1a506f1efcb21e49ba53
torus.out0.01337.h5	35a217b28578c88c3805c2599506ac3d
torus.out0.01338.h5	ccd6b6954598b955a85baaeee2325817
torus.out0.01339.h5	21c7b3ee19d54cc305c2985c43644447
torus.out0.01340.h5	e79fa31a888c9c53a4aba72769723bad
torus.out0.01341.h5	9d20d21895955c8b661e2fdd28c4c6e4
torus.out0.01342.h5	606e239c2f84f27290d62279568613b3
torus.out0.01343.h5	45780a7bf6f41fb51cff631027aed37c
torus.out0.01344.h5	c20c91d7021797f8dd40258cfae1c836
torus.out0.01345.h5	8d12756fcf85636e7c46b3c58a98cec7
torus.out0.01346.h5	e6b7cd98b0debc52ca54f91ddbfd53de
torus.out0.01347.h5	0c59aff2fb8b8a256c3d2b8716fd2127
torus.out0.01348.h5	bbd00f17235dca0ae1687d0d7ea6086a
torus.out0.01349.h5	8db453d032d6fc77ea0aa974bc914c89
torus.out0.01350.h5	20131a0caf89a9c090144bc0d0a584d0
torus.out0.01351.h5	670cde0a796c55bfe0fc37d07588e0f3
torus.out0.01352.h5	91b8384f661df3a748c4aff8bae05135
torus.out0.01353.h5	88fc260a96d2ad0a5e4b74340c3c3ae5
torus.out0.01354.h5	b0d56163bdf8826be46833bee7bed5a5
torus.out0.01355.h5	d23890ba301322af6169f3edc2b07149
torus.out0.01356.h5	4fb0f96b47d92f26703dade726b2d1d1
torus.out0.01357.h5	0e6a7da60c1d989c3f3bb984ccb7a08c
torus.out0.01358.h5	7fa14ab1ba8c07db55b8b66e9b0546d7
torus.out0.01359.h5	f36b385c3a2f687af0d5b5e96efdb405
torus.out0.01360.h5	e6cd22e229a7090818c1025c698cb5f0
torus.out0.01361.h5	56c9101cb178a256357aa2ee9e85791d
torus.out0.01362.h5	73c2893bfb9ce48ef8e01437fb8ff30d
torus.out0.01363.h5	a799da28c545c98e68c686fa9ee46764
torus.out0.01364.h5	24ddfa542a1fffd65ac53fb8025a0c56
torus.out0.01365.h5	7f9074d97839fe95f65492efc2d7d3ba
torus.out0.01366.h5	4e01f2ec300511267f51ebfd67f2188e
torus.out0.01367.h5	82c11095f19f82c0a1d95bd4573c22b1
torus.out0.01368.h5	1a21c91ea598d7c15ba95501c094aefa
torus.out0.01369.h5	261927580900181dbda030aeb05a2423
torus.out0.01370.h5	4b6eb7fc8e4ae1042729ddd413617a1e
torus.out0.01371.h5	2e247d35d9c12c61035100bba457c5fc
torus.out0.01372.h5	00b57d60336340fbc33257639c76842e
torus.out0.01373.h5	09cbcb019e8ff71e64ddd322b83a211c
torus.out0.01374.h5	2221036b81714517f8f13f3ddb0b2683
torus.out0.01375.h5	6ce761a2f792e7fdae5ed75f36d739d4
torus.out0.01376.h5	4ea793f268807f7444b399b05b116ace
torus.out0.01377.h5	dc3eea29d1f06e7cde2a89e4adb9d4cf
torus.out0.01378.h5	25a44be5b6185e6a6319d89d75a756fa
torus.out0.01379.h5	1df40146598af9910e74f3a80b2f3f09
torus.out0.01380.h5	c4c184dfebb451fffd5029fafb57faf1
torus.out0.01381.h5	ea629a9d0ca6cc36e29fc8df7ff72daf
torus.out0.01382.h5	223bd505dce03bc50ad1d89adf335a4b
torus.out0.01383.h5	9e1a60202dbbc1da8991f9c58fe912ea
torus.out0.01384.h5	9db0eeb953cb0872671c87a282ca8f6b
torus.out0.01385.h5	4b32328c176a9b3f9abef02c719bf8c7
torus.out0.01386.h5	9bc6ac3bd8eb149167139570853568cb
torus.out0.01387.h5	2dab5f498665b2d19f1502ad6824b756
torus.out0.01388.h5	8a55bb5b7daf3946bcab5e649bcd14aa
torus.out0.01389.h5	8b47acec5d3ca3d3cbe3db387bc309e2
torus.out0.01390.h5	10ef3f364db27fdf9ca52608e4e4f3e7
torus.out0.01391.h5	947934d32c6efa883b7c5e3afbd3e8a6
torus.out0.01392.h5	2213a3d9acfa2d8df5ee90342f4ae0d3
torus.out0.01393.h5	d66b37defc3fcf97970e9da5b8204c58
torus.out0.01394.h5	5c2e71ed99c404feb2b415c9a3895eff
torus.out0.01395.h5	8b54cdb03690d5b06d2cea74dc6b3844
torus.out0.01396.h5	03a0d5099e537879e8ade2a4d863be8c
torus.out0.01397.h5	cd0549416ad90f47c7b0f189c510f935
torus.out0.01398.h5	35571198395ec55c4db2d5b913f5e314
torus.out0.01399.h5	6bc382e012f984170bdf8024eee8a13b
torus.out0.01400.h5	2120e112472b4e08b39b44cd0ddb926e
torus.out0.01401.h5	2b715e0223cd41d0cf935da7fe45bae0
torus.out0.01402.h5	5a7f69e43807948d68823d4014c61c89
torus.out0.01403.h5	9997bf7633cc84f1315abc223620722f
torus.out0.01404.h5	b18a0d89cc9cea31544cacc464a293c5
torus.out0.01405.h5	d5c4e5e7e2ed6c38143aca45b58c0ecc
torus.out0.01406.h5	f805ab0dc89652fc2c55925e4a646d2e
torus.out0.01407.h5	8c647bf985ec7ee38fa3c9c68255cd1a
torus.out0.01408.h5	56a5784924e4934959129244e9c0ef15
torus.out0.01409.h5	170324804b575ca76788a1c586d6668a
torus.out0.01410.h5	ac1925961e96d0205d999eda809fcb42
torus.out0.01411.h5	6195760977f3be8e364233f828426247
torus.out0.01412.h5	7f6430011cc9541c63ee39b22eb9b912
torus.out0.01413.h5	d0ae375dd7fff9e0beb95c534199441f
torus.out0.01414.h5	4a0d93ed44afea541a026d58cfd848e7
torus.out0.01415.h5	da47d4703e127963cc2f06daf555d27d
torus.out0.01416.h5	5236a443f56dce6cc221a0f5ca79c2f8
torus.out0.01417.h5	878e8d10eb4403e041a68c9b2df4002f
torus.out0.01418.h5	15ab3a86b74e6a69f49da00be4ac082a
torus.out0.01419.h5	a193166842a29f2ebc9cfac63f7e488b
torus.out0.01420.h5	cb0db589e4136da3f941984443afceff
torus.out0.01421.h5	d25aa51de4727d85c1ba73bc4ad2fea9
torus.out0.01422.h5	6e46396a9960287c2a6f3242c5594f9e
torus.out0.01423.h5	a28c8ec190399f7ca40b482d1c9ca1fe
torus.out0.01424.h5	99d3f6046484477d4430c57e6e560975
torus.out0.01425.h5	a57f5a407fad2705c3c90c486cf2d01d
torus.out0.01426.h5	d0c7f4a6fd9bd82e0905a4632ccfd5e8
torus.out0.01427.h5	9729b02b9e372006a347dd4ddbd21a57
torus.out0.01428.h5	61984cd9a4899660878d0ce8bb00113f
torus.out0.01429.h5	aaa57ebb83b273816ab66fbdeefa3282
torus.out0.01430.h5	58fcab147742a9a820f2032d01474077
torus.out0.01431.h5	0b4d23cf20ff3e2e0017d088a6a983b1
torus.out0.01432.h5	a422fd9df9a0081947a6d7f4b6e31367
torus.out0.01433.h5	5fb8df6356cd1ec885caf0d735e57884
torus.out0.01434.h5	0c88ba65e80ab8e8c7431006a0456d81
torus.out0.01435.h5	0af9e4fd45cd062f5b31f6587ac79a1c
torus.out0.01436.h5	433a3e2f95fdbacadf752ba3bbabbbcc
torus.out0.01437.h5	ec40137349ba21235b3637d48f38c827
torus.out0.01438.h5	0e7290b959c9ee88bd5d8d021f282c73
torus.out0.01439.h5	95dfdfa1a2bee965c25830d60b801680
torus.out0.01440.h5	709bc5708baf81cccdd0f09db1d7c9df
torus.out0.01441.h5	27c9d80f1e4198781f31c492cfa4e86b
torus.out0.01442.h5	baf6351e2d65ae7bb6a89d58de3e3989
torus.out0.01443.h5	646827bc6254969aa83ee88045ae1703
torus.out0.01444.h5	8466d835271f4ea4b246cb574f92e090
torus.out0.01445.h5	43b4a8c873bc3a6f55d9179b4362cf6a
torus.out0.01446.h5	5037d156372d8e4b8ae7dc53297f7a76
torus.out0.01447.h5	57d0f95874f1758e067ee18c3334e3fe
torus.out0.01448.h5	de961570b27cd75286e1300010b6c6a5
torus.out0.01449.h5	9fc09e6beb91d220d9da7cfc6031ae56
torus.out0.01450.h5	b7c98a1dfe2eeb80bcf6067c0ee2e08d
torus.out0.01451.h5	b61a2857623a41078f7cbad72cfccf7e
torus.out0.01452.h5	82be4b6b378f03d30493d5f5ddef7923
torus.out0.01453.h5	940631c4d37fca82215f492b4c798692
torus.out0.01454.h5	4f6f5ec593beb4780bd98b44c30c3a1f
torus.out0.01455.h5	7f2e2791f286dc3f36585bc9cc67f419
torus.out0.01456.h5	4fb1345a72e845a7a336afd61a6db34c
torus.out0.01457.h5	26b4055d0cce50eb56fe30319afa8877
torus.out0.01458.h5	739bae938c16a59d89ba387f1a980af4
torus.out0.01459.h5	51ec0ad77ddd5c74c40888324f940a94
torus.out0.01460.h5	cd422f8cbbfb869e38a21fdcd9838e50
torus.out0.01461.h5	1fb474bb1debb1a662085cfc647dba0a
torus.out0.01462.h5	dd6e2d82b0dd259338910b1dfc7339b1
torus.out0.01463.h5	11e112505388313545999f79ac4479aa
torus.out0.01464.h5	e633d331e7d80b11ef52471c2f95304e
torus.out0.01465.h5	d957eee7368af04d23a16420f9c6593b
torus.out0.01466.h5	2e93efcd53f8665d981732fadd075ed1
torus.out0.01467.h5	6a91e31d5105821fee5950c8186f9162
torus.out0.01468.h5	ad0fcaeea16c6d3c137be5fe111ff9cf
torus.out0.01469.h5	1219367f59a64f0921fa40c164237f52
torus.out0.01470.h5	5505359b190e23c4971758baa8deb42f
torus.out0.01471.h5	239a285377a1aa4b1043c0ea4449abe8
torus.out0.01472.h5	0258d1dceb49271cc0530fadd35e1f6d
torus.out0.01473.h5	bfb36966b9f7b7036ee6e09800b2f889
torus.out0.01474.h5	cc40c7bb5111340607a1f4a823cfca78
torus.out0.01475.h5	2507443fa3566b3f2c7d88e40a69034c
torus.out0.01476.h5	0809881761898c46bcc54adc4f75dcc6
torus.out0.01477.h5	a305e13047946a95f4035f16e35a6114
torus.out0.01478.h5	7e6cbf2b83dc352e7664bcf4c20f8f35
torus.out0.01479.h5	eb31260f061416c863effef92524371c
torus.out0.01480.h5	d0c0351780ae8fb4d281e47cfeeccf0f
torus.out0.01481.h5	f7ca3cdc0d95e10f5c55457cc3872de6
torus.out0.01482.h5	0ecd55bcd89f0b0f2200e8a0e7b6726f
torus.out0.01483.h5	0de9f430efc0d4e505b31413f6f8a550
torus.out0.01484.h5	4ab1e8d9da74d34e2ab7cc97e442c608
torus.out0.01485.h5	7d3718e3970bc846ca665f7aa3bdd9d8
torus.out0.01486.h5	698bb64d3e373f6eb60011774765a173
torus.out0.01487.h5	2bf1914c84522817514fed822ab51e27
torus.out0.01488.h5	883c5e59f176ba72d402c927cf8166ec
torus.out0.01489.h5	c16d05f0069253d6cb799f1f62dc8c83
torus.out0.01490.h5	b2fe0dbb7e9332a3a8a1fc36f77cc21c
torus.out0.01491.h5	4fd740bfcda7bcf7e71edbf552ec01dc
torus.out0.01492.h5	92f457dd6d0bc1fbf111c915824f5023
torus.out0.01493.h5	f5b2f9d1b8c6e7a7d5f73c452cd1c991
torus.out0.01494.h5	33e1553cd18347257b4f120bf7e1ad4f
torus.out0.01495.h5	ea0a7ce0639d3a2fac483791eb23403a
torus.out0.01496.h5	e67947e48163a4ee491ed29e6af61e6c
torus.out0.01497.h5	a8fc5a4b1758d5fc1511bb0eb61f5806
torus.out0.01498.h5	3ad4a73d282a87d984f8367e5978237b
torus.out0.01499.h5	0565ef06b939273ae24f1edc5f492aba
torus.out0.01500.h5	bf9fb818476442913a4b2cc817b753a9
torus.out0.01501.h5	32f7e196d9abc5fe8f51c153168745dc
torus.out0.01502.h5	1d71793a1ddead56bb7682e0034f06c9
torus.out0.01503.h5	1718ced5850e95610a17ee4d0d31c9ef
torus.out0.01504.h5	3784eb0e858d658816f2efd3a4b8f83b
torus.out0.01505.h5	21ec29466d294efebd16e379df6da6fc
torus.out0.01506.h5	c649d965d38a642b616df07a5b1df7bf
torus.out0.01507.h5	fa333ed5194280ebdff26c15de645b6e
torus.out0.01508.h5	6b7648b5302e2d041943552daad2c886
torus.out0.01509.h5	270bf3786061fd851334f47e24487d17
torus.out0.01510.h5	a331fd7fbf1747219cef677b3f5c2bdb
torus.out0.01511.h5	3476ddda03973ac51b7a61355873106c
torus.out0.01512.h5	26ba50902f027c055759878e9de7d5da
torus.out0.01513.h5	c6daa585e22ef449e523c208f21009b8
torus.out0.01514.h5	a578361cb705e394e9baa3f2caf1122f
torus.out0.01515.h5	85890ed3b55035d090f5056569abc320
torus.out0.01516.h5	026936a4390d541241a94826fb508486
torus.out0.01517.h5	f3b1f380b112b8b7fffb4b0ec7f50b0a
torus.out0.01518.h5	0bdb170dcf47defb11b4d8da7e3d21cb
torus.out0.01519.h5	6d1452cead1fb2cebc92936516911804
torus.out0.01520.h5	a7bc3fefb153813744eb155f8920faed
torus.out0.01521.h5	acb972f00ff77e7bd0ca4002e164f43a
torus.out0.01522.h5	f1def8b36d8633e2a6cea69745e0cdc4
torus.out0.01523.h5	d21c960a191ddbc56234f1f933a375aa
torus.out0.01524.h5	b6575f0e57138b4b0fa7521023fd6cfe
torus.out0.01525.h5	6a1a35083b82e39a304e0e6c44588447
torus.out0.01526.h5	6734a588eaa4360d7393daea8b54ca2b
torus.out0.01527.h5	9cf570756ca7b8bb2b71bd6d42f5acbc
torus.out0.01528.h5	daddc3df5f8aa5f77ff3d8f5fce8e716
torus.out0.01529.h5	82a72a71724592892bfe16ce3c776352
torus.out0.01530.h5	c6bd6c6e1ad578d31baddc07dcfc9585
torus.out0.01531.h5	c4d4a7cae8b6c3adf7af3fd1f9936b7d
torus.out0.01532.h5	69af0251b04d9f12ec21bea72f9069fb
torus.out0.01533.h5	96eb8069340f1981155093d62c9fa085
torus.out0.01534.h5	1a9874c3713ce34be295c9c8075a0e03
torus.out0.01535.h5	5fb984c2ac4560a0879221930075587f
torus.out0.01536.h5	bfa1b411da5f4ad87fa114788ee11cdf
torus.out0.01537.h5	abea4ff23f20cd7dad8cd3d1cfdc63f2
torus.out0.01538.h5	72a1cbb2559e87690eb7e8be91d4997c
torus.out0.01539.h5	9a1fdaf882ea83f5969a11b2138bf95b
torus.out0.01540.h5	05a912a26c75fc825ceb814072b85ac9
torus.out0.01541.h5	d7ef217559046d525152526884d7791b
torus.out0.01542.h5	04b42f9b2f8ab59d297c0e50731de6bb
torus.out0.01543.h5	2374128c15ec708f2fdbeb2664e64e6d
torus.out0.01544.h5	e034bf8cda1951eaee5d3343b82f0fb6
torus.out0.01545.h5	68d3ea460769a2697c6792d8965d3fc4
torus.out0.01546.h5	efc27ca381c3c28957ef1674aaa0b348
torus.out0.01547.h5	1656dbf391626380d80ba3cc12183d00
torus.out0.01548.h5	b22fcf47d7a7636aa2ffe1e3211a398b
torus.out0.01549.h5	3bc3587c05fc5a2ac6214e0d8969f919
torus.out0.01550.h5	29090c5ab4963672b0cdde4aadab808d
torus.out0.01551.h5	d059cf1aa9e0365898aeb111ea601e2a
torus.out0.01552.h5	868a5fbe656260a6c8caff52efd7427e
torus.out0.01553.h5	7ad0eb05902e9fad46bcbccdc079c8e0
torus.out0.01554.h5	2794efa02d56123e42622c7e64fcd463
torus.out0.01555.h5	69bc2148ca2a86295773ab6234ed5b40
torus.out0.01556.h5	4b80d74e9131be880125ecbcbdc097dc
torus.out0.01557.h5	22ecfd574c8554cbb4d842264e7d20f7
torus.out0.01558.h5	59fb085484019527009785e4a3fc4306
torus.out0.01559.h5	14e5cf8f443024982285fadad3301a05
torus.out0.01560.h5	e3e958b0b7beb06d794425f8dd3e3ee9
torus.out0.01561.h5	33c5d83e40a6428bd3358a1dfd7b245c
torus.out0.01562.h5	bb518842ca1853b209071fd3c28bd991
torus.out0.01563.h5	818a325a5a1da8827832cd6bbe3fe095
torus.out0.01564.h5	209a7eca04ad7eace5c4095d6891045f
torus.out0.01565.h5	468f207171c287b8b687782fe42e113c
torus.out0.01566.h5	6cefd917ff29ea0911cea1c5ab892719
torus.out0.01567.h5	60e424e6349bf9c46ad4ba4bd7bfcce3
torus.out0.01568.h5	4b0066d8cc67d5a22fe3b72186aa10aa
torus.out0.01569.h5	c053cfaa7331fdb51b008d6f401d4eba
torus.out0.01570.h5	599eb815081174daf9625fa193f111b0
torus.out0.01571.h5	0b5b6afa956d54f03f40567f0ab34882
torus.out0.01572.h5	da75f48f642c1feb1fc65ea1cef54264
torus.out0.01573.h5	c6397ed0ffc325a0673e662bf3f9d675
torus.out0.01574.h5	13367702ded967cf85c1b7651a9a2e71
torus.out0.01575.h5	e9325b3bf5ff3a026a200abaae57305f
torus.out0.01576.h5	2dbbab1675218f80a2f80fdd5c173098
torus.out0.01577.h5	f03b4738c963c0f711e4af17f0bd729e
torus.out0.01578.h5	87e3ff2b01368dbd4828541bd8f27b26
torus.out0.01579.h5	83a5a8a35e05b385abed0aca059bea89
torus.out0.01580.h5	230c51764e2cd5c3f17fe3dffdea7149
torus.out0.01581.h5	4c544eb4985fd795723334ad7d8338b0
torus.out0.01582.h5	46f11758807bcecb42330dd8a0a74144
torus.out0.01583.h5	41893a6d66a9926ce6731826b979c8b1
torus.out0.01584.h5	45f863499452636a4a562c5a897e941d
torus.out0.01585.h5	098003f83e9d4d51944d97c85c400742
torus.out0.01586.h5	c4cb0ee481f8f9bb42a2744d98369e7f
torus.out0.01587.h5	bb261ab2a6e3b970c67371f070dba30f
torus.out0.01588.h5	b2a3d4a83b4cc7818cb6eca99facf835
torus.out0.01589.h5	d75017edf1c7f4875d52848bbcdf8397
torus.out0.01590.h5	380def4603e7053df8d838eddb14fc06
torus.out0.01591.h5	923f1bbc045a2597d599a7bab4198875
torus.out0.01592.h5	b2c57e0f96e5933f8ce35c4be0a375e0
torus.out0.01593.h5	62e3ab80dc6bc8062cf9442f8bb47cf5
torus.out0.01594.h5	89d5791bfb5b85bfe79178747df68408
torus.out0.01595.h5	858e93a817af88da7444fd52bfdf4460
torus.out0.01596.h5	90be418f1f1c09c8e4cd2bb5f170c497
torus.out0.01597.h5	db56d58ca076e6adb5a5600d3dc7445d
torus.out0.01598.h5	4b52208121524d2ff7f0ba8f4e9e9277
torus.out0.01599.h5	11c7bb44363da41a7255d7f7aa7650a8
torus.out0.01600.h5	d0157aef0a906874ddfb8e0215d588af
torus.out0.01601.h5	af3de89e2190f68c30431c32184febb3
torus.out0.01602.h5	903a6a2dc76ef795e6d36b0213056bc5
torus.out0.01603.h5	723adf0c367c9945fac9d591709dcc3f
torus.out0.01604.h5	651a2f8c84a42fe3e991461f93a0740b
torus.out0.01605.h5	f5be68a4b3b00d945dd9899256ef5b54
torus.out0.01606.h5	a0c76fab345c2613899cefc9da1dfb9d
torus.out0.01607.h5	8e2cac39c8b9df298d8e5696967e4095
torus.out0.01608.h5	6895253b05ad245f54505bf4c5c3bfd1
torus.out0.01609.h5	968606a2c7009904b8235116a57cc4c4
torus.out0.01610.h5	f93e34cff2ab988d2f0d6952ee98b2b1
torus.out0.01611.h5	1bb4001f43d0dcaba06ab77db23f01c7
torus.out0.01612.h5	2b01cb44c8aa57f8b8c3654c465ab87b
torus.out0.01613.h5	490abf39c9f515574c6132a292548c05
torus.out0.01614.h5	88592ffb729cfeeaca201c04ee61c6c5
torus.out0.01615.h5	94ca20b5407403675b366bfa70ec8adb
torus.out0.01616.h5	93580669816fa0f4ae306e80aed48336
torus.out0.01617.h5	87fa73be2704175d9fa6bec02a3582c5
torus.out0.01618.h5	0dc184b648818c2b1d4f1a6ffcb332cb
torus.out0.01619.h5	1b742f822194a7b5c3894608390b7b57
torus.out0.01620.h5	4bd868fad277979531db625461e62e47
torus.out0.01621.h5	25a040603f4d1deda76dc9fb15a70f4c
torus.out0.01622.h5	46e67065c26d130eee51ea9fce67fbe6
torus.out0.01623.h5	c11c0f83833d35c2dd50e49f8bc1ba1f
torus.out0.01624.h5	f7773ddd4e7f4275d567864995c5f9b0
torus.out0.01625.h5	59a78338a18ed5310fa64a3eecfcb8fc
torus.out0.01626.h5	4af46e7ebfd105d880a1689af53c554c
torus.out0.01627.h5	e2d81e2bcc242d266bd258621d9c54d1
torus.out0.01628.h5	5068755e2a80e7ce1e3321170bbfcf71
torus.out0.01629.h5	43d3918c61063f66a248b997314b5954
torus.out0.01630.h5	7be666376803149050b41509a57aa3e3
torus.out0.01631.h5	660161c0b47917722a20e6163fabe1ec
torus.out0.01632.h5	350ffd3572e0cf9fd9a48a4b7b0e9608
torus.out0.01633.h5	2c84327b4b1973bdf2109c7912b700d5
torus.out0.01634.h5	05b1632558a5a638e4885054b278a4e6
torus.out0.01635.h5	0ee8318e3198ddd893f0fc0c963391dc
torus.out0.01636.h5	1bba1bea5b7c973c1a9968e628006bd1
torus.out0.01637.h5	bf4e4cb6e739a0097dfce2b84a8aa4bb
torus.out0.01638.h5	e9955b7101e993856564e1fe115efc48
torus.out0.01639.h5	47665d7986e171af2f3de434c047e83a
torus.out0.01640.h5	8966028b53ac983732987fb0f02df8a1
torus.out0.01641.h5	79b3f1772347c7e207b1ea85c9126289
torus.out0.01642.h5	3bd4f4af052a34ae07b1e4b40d4e4f52
torus.out0.01643.h5	455896d9597cab83238a8fc3b3d503ad
torus.out0.01644.h5	b52430c0fc6bafd2ab471e49f495d591
torus.out0.01645.h5	37f571771ba79998dbef40052f21c050
torus.out0.01646.h5	b83a566159104fc468eb2d7c072095ee
torus.out0.01647.h5	6a2d755d07905eb210e9491e69aafba5
torus.out0.01648.h5	b6d29cc0b4d21cc82d4f20401aff4ca3
torus.out0.01649.h5	2f5c89f703cf0cfb0fb50e6ec8c4fad7
torus.out0.01650.h5	67c9a531d0da4245fcd20b91b61d63f8
torus.out0.01651.h5	c3904574298c27494c48049cd812010f
torus.out0.01652.h5	01c646de5308d3ce4d720dc5aa5de067
torus.out0.01653.h5	19cd7e94666ac2ea00ee7cfdad89c7f3
torus.out0.01654.h5	8221f1864a2e269af54a52b0161c4806
torus.out0.01655.h5	1d89588943a5f60453155be96df8d8a8
torus.out0.01656.h5	1216b11b9b25357a943558815ae6752e
torus.out0.01657.h5	694461649cde240cc45ed4693b7393e0
torus.out0.01658.h5	0a62b86de542804f8147e14db97ba6a2
torus.out0.01659.h5	f3915611825c5b9e64dea7b8efc3d019
torus.out0.01660.h5	fbb9ce9470426ca65c6bc8bb29185741
torus.out0.01661.h5	b2fc3b885fcb1efcc114849cfbca7d2b
torus.out0.01662.h5	cf4ef1372806026b833df6f2268aa38e
torus.out0.01663.h5	c70b6cb8e80db6537b8ce20b9241b9d3
torus.out0.01664.h5	8f02c218b550cdb97f9d3af624493d4a
torus.out0.01665.h5	58a686f0fb9227695df8a14265ae8f4a
torus.out0.01666.h5	5c9d05c4df7e032da189c35a4d6155d6
torus.out0.01667.h5	07ec9a2d0a27afa63899e43fccea9dc8
torus.out0.01668.h5	aab3552ab433695c02718b3fef8f7a5f
torus.out0.01669.h5	ab3256925701d346bf63892f03685e5a
torus.out0.01670.h5	a2d1235b77b2e1a45872dc0a1e911a61
torus.out0.01671.h5	9afc89c73a5c8a4cea070759fe848e51
torus.out0.01672.h5	c0ef59481b1c47ade9be2be8c08d1839
torus.out0.01673.h5	35cf83d2073ba14ca4925fe3cab3ac46
torus.out0.01674.h5	ca52987da5a173e6a82f5cf6a8581d55
torus.out0.01675.h5	501b8c3fec5d0ee896d21bd88d4bd997
torus.out0.01676.h5	049bc4f774ce06827b5a03920c257ed5
torus.out0.01677.h5	147e2bd56363fdf64abfa6c767c97c8d
torus.out0.01678.h5	b95d678751039dbe95b5832261eda09a
torus.out0.01679.h5	54bccd7f7840292f41c07df3a1cd8389
torus.out0.01680.h5	2c3e319a93e3123a74a252cfc1b52dfc
torus.out0.01681.h5	51966108367faa83619d682aaf7cc006
torus.out0.01682.h5	4f1fd8d0ce58ae9c1760822337be1d29
torus.out0.01683.h5	966dd0a4c27a2332dd44684532554d77
torus.out0.01684.h5	c3d2fc8dbb63947ffae675460d0c9c6e
torus.out0.01685.h5	15adf8fd476437f24f29aebe1ce73426
torus.out0.01686.h5	b770cf8291d7058579e947f844b37c14
torus.out0.01687.h5	9b9fe8d621a1cf731444da8530c592c7
torus.out0.01688.h5	1266d6432b3b515cf5cbc065d62a386d
torus.out0.01689.h5	d0987a8a755aa245166eecac0824ce9c
torus.out0.01690.h5	bd4024df7e4b87f07fde48d2d64da81b
torus.out0.01691.h5	9f1d354e6c92c5a7f5788c54fecb3470
torus.out0.01692.h5	740bcfb699a372c7f9fdd9d9a9c0f5ba
torus.out0.01693.h5	b5bb4f3e38dd40750f550d32f290cb07
torus.out0.01694.h5	cb4cdee16f19d51d19483ef505586234
torus.out0.01695.h5	47b4f83795160fc823cef7a6fed186ec
torus.out0.01696.h5	a2c17fd0a654b8ef04e46cb18ee4d3f8
torus.out0.01697.h5	638258b0350a04828fe91d37ce8f97e6
torus.out0.01698.h5	722cb1f494751f6f7a7f05803d799c6d
torus.out0.01699.h5	639a202adb6b92231fac386d2e2a3652
torus.out0.01700.h5	89521441b7cec580c9ea9eaef671123d
torus.out0.01701.h5	74bea385ce4e8cc67116da34c61e6096
torus.out0.01702.h5	1dd6df2d79a29b0c117cd541c147399d
torus.out0.01703.h5	55cde1c597b379a27dad0bcd6657ad85
torus.out0.01704.h5	dc2f6e35b7b2106bef5480ca21d61606
torus.out0.01705.h5	ed50e432e86a0e3146447aefc4f48a8c
torus.out0.01706.h5	a96f07ae1963afd39a9f4c574de5ebc1
torus.out0.01707.h5	c542dcbb3a6795ef8e73c909f3d4119d
torus.out0.01708.h5	4100cd7642c49d6184a2b9b506ffc835
torus.out0.01709.h5	b72a3dae2489447c5f1857072ebceb30
torus.out0.01710.h5	ebe085d6fe9a64b4428be987ca107748
torus.out0.01711.h5	12265e427faa87ac44858277ceb262b0
torus.out0.01712.h5	761b1e488af02550104ebd2c06ddf3a0
torus.out0.01713.h5	9d1248f2ecd691e2b63f7d3ea6dafbb1
torus.out0.01714.h5	c018f2ba47c2b49ba591009edd4600ce
torus.out0.01715.h5	d81650af7ea6051fafc746966158220c
torus.out0.01716.h5	7ef4d0225ff4b04ddf7823d07a275e02
torus.out0.01717.h5	24c2ead7530e3cfa76caf98069742e30
torus.out0.01718.h5	032af71947dfefcceadf7d5c409ebb71
torus.out0.01719.h5	47511c1aca5c20fdeffb1bc2c51ae75d
torus.out0.01720.h5	74dc0fc785d6a531549792ea997878c6
torus.out0.01721.h5	a2205e9e6cbd0ba3c5b02e76dfd83add
torus.out0.01722.h5	0dd44517faa3601a0c9702c46c02b5d5
torus.out0.01723.h5	a09406bf59c2a331b97136ecc11824e4
torus.out0.01724.h5	500635658d482184e4b326264d774ab5
torus.out0.01725.h5	1eadbc98c027873b2df587252e5cf08e
torus.out0.01726.h5	4778f91635ca40300839050d6cae1af2
torus.out0.01727.h5	21ae789b964807844b5a60d4765c71f8
torus.out0.01728.h5	2ccac7c7d7223d1c43bba332ae163e39
torus.out0.01729.h5	915171224b4e794be3c5b18ade96a0e6
torus.out0.01730.h5	2c20c5bf21b6f53127558a57370815ee
torus.out0.01731.h5	bfc8464717f4f6c9f88ad2ec22870983
torus.out0.01732.h5	2c0b666a848e98aebcedf672094c0859
torus.out0.01733.h5	d4829e30eb6d59c1f9b230a10fa53e97
torus.out0.01734.h5	a982b0d7b5f285f526b51ec13eede9be
torus.out0.01735.h5	0b353eec68e66a4ac3f7c75fa6a80605
torus.out0.01736.h5	80526fefb76019c495bf971b9f3250c0
torus.out0.01737.h5	b3fdef3cabd259fda886bce8ea121d4b
torus.out0.01738.h5	a7ce6c98849c166e541aa4d179f9aa0f
torus.out0.01739.h5	4ae6210856a14941c38ff8782d9373e8
torus.out0.01740.h5	f14d8ac9813798ea36077e66510cc1a4
torus.out0.01741.h5	cd4649ca4f086dac807a40c803d38ba5
torus.out0.01742.h5	8722c3d833ea3ef8932ba3ba8e5ba981
torus.out0.01743.h5	735568e4fbe783b610dcaa70b0756f30
torus.out0.01744.h5	987d7689a0edc7d990df3b385d9b81ba
torus.out0.01745.h5	40f2aad76e6a4760affdcb9112ea7449
torus.out0.01746.h5	4f6800d9aa9dcd92efd842058c2d8eb8
torus.out0.01747.h5	8a682b225fa9d188fcbb11b2ea52fdc3
torus.out0.01748.h5	ec15275b0d4c87af4900dec0141a2130
torus.out0.01749.h5	6e3e0628ea7e1e65f33ab48cd7b41a64
torus.out0.01750.h5	8114cdd1285328d644a8a6bbd7e5e970
torus.out0.01751.h5	1336795a26a8556b542abaa3fe4a3424
torus.out0.01752.h5	2c3920615a916792f9ad0770438d7468
torus.out0.01753.h5	bf9a788869eea68d84017bb15938ccd0
torus.out0.01754.h5	53bb00438cbebea771b4585f5465de04
torus.out0.01755.h5	3ff5c11887feaba1a729261843eb47bb
torus.out0.01756.h5	4f155b0f308e7338c6dc6327cc43835d
torus.out0.01757.h5	6d92ebd5f83be644c8ce80d6b79afb83
torus.out0.01758.h5	f0dcabc44e06ac318750c8b0d693ee47
torus.out0.01759.h5	8498057115e31d4eb8df0822e3e59030
torus.out0.01760.h5	7a4845336773baeb1a1431a6c3c0c08f
torus.out0.01761.h5	7a9c5ca8ca21ea2b2234090d2b17d4e8
torus.out0.01762.h5	ee551b20dbfe0b1b3416ad23e6ee8b30
torus.out0.01763.h5	1192ba612dad4b0f42462fe92625d3b0
torus.out0.01764.h5	c497d64df4b2c84cb6b32b2417d333ee
torus.out0.01765.h5	02799090564d43f2d06d5e47890541ca
torus.out0.01766.h5	10d605d94a69aeeb8efaad87fad114b9
torus.out0.01767.h5	492081e468be2b9810c590599cbe7de0
torus.out0.01768.h5	7326ab406cc72a58b58f10173d86bdc0
torus.out0.01769.h5	47a7fba9cba8ae7357b59d0d910bdd4d
torus.out0.01770.h5	d29b5b19ef13bae496f0cb94d363987c
torus.out0.01771.h5	7ccc21c99a71d58c391b029b3d70b21a
torus.out0.01772.h5	200528b9a6b36d00d2f06be220aa3abc
torus.out0.01773.h5	7f4ac5b324cc7ff1ba30cad7f742b67b
torus.out0.01774.h5	d58ec48709734d79eec194301d8223ea
torus.out0.01775.h5	022c78a9df34bbe3a51f7da8948176a2
torus.out0.01776.h5	8b4158ebe0ba08e3550ae8a1d0607e8c
torus.out0.01777.h5	4c44d2d07b4ecab3bd95999cffe92dd1
torus.out0.01778.h5	813e8a152319c4ad507aed67288a7e3c
torus.out0.01779.h5	7940a21e058463c4ff1509a164715e27
torus.out0.01780.h5	abb4a93a882f0700fde17c19181f58d5
torus.out0.01781.h5	8175abb9f417e469e1f20954d27cb629
torus.out0.01782.h5	cf864a1cb7df07d940641df904c0fe64
torus.out0.01783.h5	54f5c38f29bef7a8f9f4af1454e43a58
torus.out0.01784.h5	0204a8d17d046c311fd29a8a1ba6b6a7
torus.out0.01785.h5	b5729ac957e65fb4dd4b35c78dd4f8f9
torus.out0.01786.h5	4e3fbeccb2b96687fc4d968fe780e6b9
torus.out0.01787.h5	9a8ea4b9b3bd35b640e62ad7c5be1ed6
torus.out0.01788.h5	4aff465793aee590db2c37a692a3da68
torus.out0.01789.h5	ab66cb307ef9f1b1139daed25a7cdbc7
torus.out0.01790.h5	5e5422baa7aaef5e7fa30ec1a5d9bd57
torus.out0.01791.h5	bac086a2e1d25151d45cbfa7b5c8e155
torus.out0.01792.h5	7a771606ad8899f3e592bf39f082df9a
torus.out0.01793.h5	4ec9f4b3ab665238a4f2e5c949b9f3b4
torus.out0.01794.h5	566955a6e97058e255f549d8de05dd29
torus.out0.01795.h5	8b3971067bc6086fa687bcc394f7d4c9
torus.out0.01796.h5	d933f2a0672ef57e6c61a608cb641f61
torus.out0.01797.h5	095ea35fa849d0107b59b46ef5ac18ae
torus.out0.01798.h5	4ad840b0022a6376b3b55714dd5f586d
torus.out0.01799.h5	c268ddaf53d5a22a38ac8ac351062f35
torus.out0.01800.h5	6b0e96c8af99a08089f95099516374fb
torus.out0.01801.h5	a1e40e6d2ea734162c84735a82832eca
torus.out0.01802.h5	78c96004fbcd3d60d7bf8494e3540c6a
torus.out0.01803.h5	a9859e1e6b905cf827f9225e23ef42c6
torus.out0.01804.h5	3e9e28e90ce27a46fac07426f9c69e9c
torus.out0.01805.h5	55a38cdf15251db9a1cf57505a4732aa
torus.out0.01806.h5	f9cdde771f06324bd5f8f24a2568e1fe
torus.out0.01807.h5	877b0344b52777d046ca81fa2a2ea2a2
torus.out0.01808.h5	3d0ab55fc3fa4e47e2ed4405d1433abf
torus.out0.01809.h5	4814e5d9220907e1cc677b82d080a4df
torus.out0.01810.h5	05c44ee9c27d8b84e93523b7479707af
torus.out0.01811.h5	92d2a9875512d1c818528c65fd46ec11
torus.out0.01812.h5	9ebd96998012743134390dcffe52f853
torus.out0.01813.h5	8943470cbb69959a6b88d5717edd8837
torus.out0.01814.h5	27fd58c9c701cbfc0a4ef52bfa9ee9e5
torus.out0.01815.h5	a61e68897a2abdcf9a33d68a6fb0165d
torus.out0.01816.h5	f855975b14b5f3bc20980cf3eb20fdf0
torus.out0.01817.h5	96f69752f12dc1ae362cc7fd40b0261d
torus.out0.01818.h5	c748a16e002c0e8df81b75715486f56b
torus.out0.01819.h5	2b13b8c5ca1894a3ef2cfbc7b32d1d52
torus.out0.01820.h5	948701820fd5b1a5dba4d1c65e75f52d
torus.out0.01821.h5	8006f8d7d28daa5f2c5d781b7e85680a
torus.out0.01822.h5	4e71de1bf5d5a117715f5ab17f04e728
torus.out0.01823.h5	764ce8ae9e73b2cab942877a8d20b32e
torus.out0.01824.h5	04a55b20f46ad9223b23d181d4f1c91b
torus.out0.01825.h5	aef76150c4f60b43065eb492e52fc63c
torus.out0.01826.h5	ca64f04abd9b31446c2b7e628c941ee7
torus.out0.01827.h5	8c750546d86ceca88386194d7fbd7ddf
torus.out0.01828.h5	785174491d7bd417b77af2ed9ededc71
torus.out0.01829.h5	f14aacd09bb0284480deaece47758332
torus.out0.01830.h5	6b46a7193e13c44199b117d288b694e9
torus.out0.01831.h5	1d9595d697bb75b419b3ff311cfcaaaa
torus.out0.01832.h5	255a47954fc7b4f1c2d04dababd4fa0d
torus.out0.01833.h5	88546f145fbde29e40834bb03b153e5d
torus.out0.01834.h5	40438503ef124e8c4074310734844d65
torus.out0.01835.h5	a8e2461533335cab85d301489789c285
torus.out0.01836.h5	133187531920f82f3d1659e95ec9362e
torus.out0.01837.h5	ebda3267509dd38c66b9de41b2aec7b8
torus.out0.01838.h5	190f95a8ef9c14e0e6d335c3486eb35e
torus.out0.01839.h5	cc31fced1fa1028841b28f25a01dc4d1
torus.out0.01840.h5	03589bb8c38db34101e07e3728929988
torus.out0.01841.h5	48e2b92d57c2717e6f611548e6b57d55
torus.out0.01842.h5	62e5d4ff7595f31c2e46830cbdab59a0
torus.out0.01843.h5	d41d49db3b776ca69a381dc0e3b110b9
torus.out0.01844.h5	75f883a5fdcb41b4aa1ce6767a5ab80a
torus.out0.01845.h5	0904d222162b822bdc17d54071dee2f2
torus.out0.01846.h5	6fcd77b6d8db6fb4083197726f83f5ea
torus.out0.01847.h5	465421c1780c2cfcad082fa296f37858
torus.out0.01848.h5	db9e140d41d0149ebe8ce154ec9014e4
torus.out0.01849.h5	e5e33ea185138ee9b8a218bf18c1aba5
torus.out0.01850.h5	62d1ccc5bb1489ee50dff6ab601dd7f9
torus.out0.01851.h5	80ebc70b7bf659e64d16df9d1b11dbff
torus.out0.01852.h5	18ff0060a19c6e899f36372b7d053702
torus.out0.01853.h5	1cebec21a1b399d310fa4b4e7c7ad6c2
torus.out0.01854.h5	772faf97be17b7541b4c5976d071d6de
torus.out0.01855.h5	565c42f8425cb44532383e4f3e31a40e
torus.out0.01856.h5	0f4bc959b7c92f9de58f710a75072978
torus.out0.01857.h5	d5ac58a501f4b7c0f69a6ef21529152c
torus.out0.01858.h5	9c2eedd38073bc3f27607623acbfb2d7
torus.out0.01859.h5	f8abe6eea1c7e90e3d76f125b52b3315
torus.out0.01860.h5	f184180d980a99f77c347bfd0cac9680
torus.out0.01861.h5	90126cc76f880a56cb9bdfd3f267a7d4
torus.out0.01862.h5	cf0ffda8b3fe35d5670c21a79966ebc9
torus.out0.01863.h5	035053ef07f0064c6ffb1d41ff9a2d4b
torus.out0.01864.h5	23edcfb32e29bc78b40208c38d83a18b
torus.out0.01865.h5	cef9abf87f8f412d69a76bf6a506e15d
torus.out0.01866.h5	589820976256327c1236395d5df360b6
torus.out0.01867.h5	a032f001ba80d62e51a7f83605ae0bf9
torus.out0.01868.h5	c4c61eb844c109716da438dc23c60316
torus.out0.01869.h5	5ce79aaa5dda8cf6645c8961fb6b7674
torus.out0.01870.h5	df4ae88a87c2891d2df4b0c11a4750a4
torus.out0.01871.h5	a34c1c11e0f53a59bfbfb66a8c519751
torus.out0.01872.h5	eb771735bcb8d0d7ee08a77f652408b4
torus.out0.01873.h5	0fc9926cd79186c11d82b648685f4ab8
torus.out0.01874.h5	9b3f8fccb5f5a2e303cbfd8c14383f4e
torus.out0.01875.h5	b28a358eb0fd8bf3652c8e30b1e84696
torus.out0.01876.h5	ca0578e6a067cf9b6284af2be3114d40
torus.out0.01877.h5	3159fa7e6ecf5a4234c377af86484ebb
torus.out0.01878.h5	31cd0fc3278d5bd751932af20471db3a
torus.out0.01879.h5	b80c7f766ac85a3c5f0c3a890ea8848a
torus.out0.01880.h5	7583375e66b4f90261dde4204241f11c
torus.out0.01881.h5	a189dc624a116b745eaf6191aa29a7ab
torus.out0.01882.h5	41bc4ab67f830ca4c505bff3fd482881
torus.out0.01883.h5	214ba6596ffa4df4264717b1b86f5c20
torus.out0.01884.h5	de3f904e795390b47526cdcecb5baa73
torus.out0.01885.h5	6d418476ae30b95f758eae4f4bcb8273
torus.out0.01886.h5	4bdfa23d8ac03038b53d9768a47f0e05
torus.out0.01887.h5	2022b5c30c138580eb6e92c9c951cc3c
torus.out0.01888.h5	486d7ed34c6a14339a4ff4d140d65773
torus.out0.01889.h5	21499beb547c9acb72dc8b24c847884f
torus.out0.01890.h5	646755e46e75bfdb8921160b82f6a796
torus.out0.01891.h5	48ae55a29146416849b598665902d711
torus.out0.01892.h5	94a1139e6bda734229d474f92c6d20ef
torus.out0.01893.h5	8fe8d7e05c3f1a9610f103de4eaf4148
torus.out0.01894.h5	e0df002ff42378b3b4bc26be1284d30d
torus.out0.01895.h5	3e6ca1a0bdce1615cd39b6de74e8ff05
torus.out0.01896.h5	53f9cb7e1e7020ac602c00c2e506a9ad
torus.out0.01897.h5	265d3606661deb1786ec31387de88fc2
torus.out0.01898.h5	1be1a5f976d9f7182e02daba681e845c
torus.out0.01899.h5	3aa632d4a48e76fa22d5166ba644c63c
torus.out0.01900.h5	eabc3aa80d369d60e0712ed7497dd5ec
torus.out0.01901.h5	b9871686c73a31f0298e7d8131e156cc
torus.out0.01902.h5	7356f9a69bed30bbb01e55aebd910374
torus.out0.01903.h5	1d1a1173a3f4986a26db3c9f18eb8c45
torus.out0.01904.h5	627ce354a5a528219579e8d3cb16827e
torus.out0.01905.h5	4d67bf241f67da1c488d3691540b4bda
torus.out0.01906.h5	1545d0959aa9d75b59fb568989427923
torus.out0.01907.h5	ee4fd22c041e96f16f5b09be773c45bc
torus.out0.01908.h5	ffb9c3263d19dd09b69d6462fd485170
torus.out0.01909.h5	6631e63b1e39f02bd5204df6901e4883
torus.out0.01910.h5	a8951fe3eac2b25c47dd8c9a15936089
torus.out0.01911.h5	02ab515ea920133b2b265baeee1fdf0e
torus.out0.01912.h5	efdaedfa249b4a3a91a624baff0ff0e7
torus.out0.01913.h5	6c60e4615798df6c4550ccba49b08934
torus.out0.01914.h5	16fd18887fcd0c4557d5d17ba890995b
torus.out0.01915.h5	513b8f7cc8cf22d10f77da4c735f7c53
torus.out0.01916.h5	5dea6d3faedc12a5e2f69a6b1eab497a
torus.out0.01917.h5	eaf6ff4dbf55c2a81a871baf98f682d9
torus.out0.01918.h5	b6a1f60ace9cbfe96f1c4a472e8b7328
torus.out0.01919.h5	1f00c309218ce6df33577d6b83b30d21
torus.out0.01920.h5	67144ef640898b8f270d027631f0a378
torus.out0.01921.h5	72f623d4e85a8a3c8bb81d16b827796d
torus.out0.01922.h5	fcb5bad5dd06836b1fe1d830a8ca6a49
torus.out0.01923.h5	3e257ce591a4127f6bc45223ce2b8e64
torus.out0.01924.h5	17b44c1e67dcc261b03634d1e4e355c0
torus.out0.01925.h5	ed8eb95444387ce0c4894d2a4fd889f1
torus.out0.01926.h5	f7c23823bfe32906c12c1cc3120d5968
torus.out0.01927.h5	fd430022f53ba2ab33a19c9d8513b281
torus.out0.01928.h5	47a2fc8147f8db735b27c108ef752f96
torus.out0.01929.h5	d634cdfc3a30cee8cf78ac1ace0ad6f4
torus.out0.01930.h5	a83419f62edd4d972ce754c4d4887260
torus.out0.01931.h5	af916158fcabfeb77bea3b998ef9bac3
torus.out0.01932.h5	e8c91820861e372b966902089c43b619
torus.out0.01933.h5	1fbad76a74132b038df85ebcaf517625
torus.out0.01934.h5	79115454ee9d7ea571d8dbc0d088d391
torus.out0.01935.h5	f2ee0c730bb375efc6700c5f344611c1
torus.out0.01936.h5	2e63bf46fd778c90b643df11a23d8fa0
torus.out0.01937.h5	1b7d09ccd48f5c4a639349bb598c2c17
torus.out0.01938.h5	93039ac45a74585433b9f4bb0bcbc07e
torus.out0.01939.h5	836b80f831cc6f10963df93e23a338e9
torus.out0.01940.h5	1deaa5b971c3036f5394bd7387cbbce4
torus.out0.01941.h5	162ec56d1b3552367bb9ff53451c39fa
torus.out0.01942.h5	5b5517a627b9c9e2fcd88abd43060315
torus.out0.01943.h5	60e1d67a3a37431d11ba42339ba1fb20
torus.out0.01944.h5	469b416f912ac3c1e55c57db47eb10f4
torus.out0.01945.h5	a55e83f9eaec42c0500cb4fb17fc1502
torus.out0.01946.h5	ed94d04d30750edadddb5064e1362265
torus.out0.01947.h5	bdb40e01f874423379ff5323d33a14e9
torus.out0.01948.h5	1b9698355064ef7b48c62fee718591bf
torus.out0.01949.h5	103c9e33b35510fc520aa7e0e7f2711f
torus.out0.01950.h5	35a44b02da25175d1cb7e435529bbdd6
torus.out0.01951.h5	1a9102ceec096b5fe9e54fd4e5cd4bd8
torus.out0.01952.h5	8391c8d50874ea14ca30868fe8268c44
torus.out0.01953.h5	cb6239c0a36e3539447ca2857dd946a7
torus.out0.01954.h5	ef47e70bd140757ac9ced507cbed6cd6
torus.out0.01955.h5	aeeac2e45caa5fb1e89014e112ad08a8
torus.out0.01956.h5	7d4a977c1eb7262ecac15a15abc45f71
torus.out0.01957.h5	834647af011af19d6a15f955e61fca7f
torus.out0.01958.h5	b73d5bfc7493c3bec14032fdde34542c
torus.out0.01959.h5	2409b7e08b4f7fbf1e2f1236d10550df
torus.out0.01960.h5	2d48f82a9b92d95945e74994dc067a53
torus.out0.01961.h5	ab59b15cded26a8b6dae8572d2dcac62
torus.out0.01962.h5	38a71885ec96baedfcc87e793358b047
torus.out0.01963.h5	7708969961ebe74c7141e45a47330775
torus.out0.01964.h5	16f588f5043b0cf31fe9cae2687ee9ea
torus.out0.01965.h5	cc18e3c874c67222afbb5e4875c080b4
torus.out0.01966.h5	c8ac017aaf4a15e4801cedd5eaf0d72b
torus.out0.01967.h5	24416c1c31da3965e6152acab2458899
torus.out0.01968.h5	7aaad004ff461f1e252bdf941763adec
torus.out0.01969.h5	77b4977e9460901dda8537d2e996f0eb
torus.out0.01970.h5	bcbdbfb8c02e0862965367ac052b1e9d
torus.out0.01971.h5	4ebbea8efc8ca3a356640da528628189
torus.out0.01972.h5	69772b804da18e9d1ed43558ccd0ef7f
torus.out0.01973.h5	c8658e4c0a930c7679cb9a106df91420
torus.out0.01974.h5	80602c21ef234280aeb4add390ef5cea
torus.out0.01975.h5	1e245e6ee51a4aa514856fa709ac3640
torus.out0.01976.h5	d9f52ec9f64b0bcdc00d2e373042a97d
torus.out0.01977.h5	fc963f4b545e9a80028182c2c0cb4745
torus.out0.01978.h5	d03b07fbc5ef23bb11391bee03e25f17
torus.out0.01979.h5	fc132a312eda3ae518fa9a953b3448d5
torus.out0.01980.h5	9e8c5c38a04e4f17ae3ed7914a0cf4a4
torus.out0.01981.h5	e83a7fd93ed83ba44607891c743c4e03
torus.out0.01982.h5	2edbc5e612dcdb822dba14da6cc9c54f
torus.out0.01983.h5	c1f64b511581d37b0af8fdadb67982bb
torus.out0.01984.h5	e2bc9f8adc4bc896d871260e3b447af0
torus.out0.01985.h5	e5c73147274853aa1645d1c358592e36
torus.out0.01986.h5	4e5f7328da8fdc23aa3529f3666b67c7
torus.out0.01987.h5	5f4471eb32a0b45f17a8196a4c7668ac
torus.out0.01988.h5	2a82a78bcbeda8696597117ffa58dd2b
torus.out0.01989.h5	e775b5c0a7053e251fe9243f698adf92
torus.out0.01990.h5	d0a63577ce5801534e309e721e2f49b1
torus.out0.01991.h5	d5cb388a25fb172fee07e2bee5b2be0d
torus.out0.01992.h5	c88e22d6180fc6fc040fec53117d0d6f
torus.out0.01993.h5	321ce05499e7e6819307a71c9554a87f
torus.out0.01994.h5	f02f378167e9396083a4517447df2fdc
torus.out0.01995.h5	0afac1ca0ba47fd08c6b8d82d1b4b181
torus.out0.01996.h5	8c6b15edc83b76bee39d38c8f1b99e74
torus.out0.01997.h5	359c888c519906716fd5abedea00f2b9
torus.out0.01998.h5	1f8b77c76b20c59f15f462846fdf2b64
torus.out0.01999.h5	0c0610efe92225d9fa87864b3c9fd7d8
