torus.out0.03000.h5	7c0de7eb22828a3779d2b0d929cc67d9
torus.out0.03001.h5	389b7e6fc6c5be8cfde82f2623342951
torus.out0.03002.h5	6de771f350aead2b55b41eda1bf93ba7
torus.out0.03003.h5	0e59e74481e993833ae994a93a536ee8
torus.out0.03004.h5	d95cc49370a685d51fe1e6fa2f463cef
torus.out0.03005.h5	9732d79641f9a8f483589da0be5fe6a5
torus.out0.03006.h5	6dcdb658d8f1be40b368a3625cd92e71
torus.out0.03007.h5	37c4f9579523754a2a496f18e6a2b602
torus.out0.03008.h5	a3e14dce528df33deeed753c5ce44091
torus.out0.03009.h5	f0575021cb675de23a74d39c76d04dfc
torus.out0.03010.h5	c565bbde24b1d559a9010c77fa136374
torus.out0.03011.h5	f219f530713ba211ca0adf03cd24efa9
torus.out0.03012.h5	b211b585c8991c57934abd23c275e2a0
torus.out0.03013.h5	9b83619b8a76ab38b218f1912440d8fe
torus.out0.03014.h5	34ae94867edded02840d6b97494e3c48
torus.out0.03015.h5	628a121d211ff3c7c918a64d262fef80
torus.out0.03016.h5	3ceb8f69f93d3e75ddabab57c75a8d02
torus.out0.03017.h5	450722ea1e5f15465c2bf9d5dc0a5451
torus.out0.03018.h5	1669ed32886d7feeb1c708b68ce84b82
torus.out0.03019.h5	b1e6d854ec24c518f75f88cba905f2d4
torus.out0.03020.h5	c1b1de95d5b8e4be9e5704cf2177b8fb
torus.out0.03021.h5	e3918af71dd5989ddd3201a5a7dfa51d
torus.out0.03022.h5	1f025783f4d38c7ee83b8ea14743fdb5
torus.out0.03023.h5	27f7accc0a227328d43fb00593863918
torus.out0.03024.h5	c2b1fb5f5108f5e852a9336629d1ebf5
torus.out0.03025.h5	262e1302699a64511fefd4d061243fd8
torus.out0.03026.h5	b9be3bf4d34ca4c266740d647e25b177
torus.out0.03027.h5	93833e6dbac52fb35baa80cd41277a77
torus.out0.03028.h5	c886d365846255ea3d6a4577040956b0
torus.out0.03029.h5	bbb0e0e063ea5f6118b21303f2cc5a90
torus.out0.03030.h5	1c0f9e703a39432d83ad1c7a3eae4802
torus.out0.03031.h5	336680774d9e2af8c66a381b7eeba9e2
torus.out0.03032.h5	7a7ba96c03ae444d21dbb58824c98f43
torus.out0.03033.h5	2958210310961aeb12176ad829e83c62
torus.out0.03034.h5	c7278149d0d12cd518702a3fcda62ca4
torus.out0.03035.h5	34eaa51b2475e0df90e46cb6bd5e2838
torus.out0.03036.h5	7b94f118d19f6260ebf7246d91ad29e5
torus.out0.03037.h5	326c4c72f16f4c0be84b1b1c98e6aa2c
torus.out0.03038.h5	4543b2d4ee2589a02ae90521c80071eb
torus.out0.03039.h5	acfeffb111afadbb32c57cf4e6c3f43a
torus.out0.03040.h5	65fe55d1de15093e3dd55f9ebf667165
torus.out0.03041.h5	4aabe43115a5fc589b081a74b1e1d42f
torus.out0.03042.h5	dc67f2e14bf4347138a734b616b95fed
torus.out0.03043.h5	4c8c33341bccb1755504d37dbde91434
torus.out0.03044.h5	ac05e83f35675f58021fdd3fafe74510
torus.out0.03045.h5	6a32ce3e319d6d378301e2779a937792
torus.out0.03046.h5	5941dbebacd446a5c612a0cc4aac2192
torus.out0.03047.h5	fb6c4ee9721fc9b6d2bc752f9ec0288c
torus.out0.03048.h5	202d663802bebb680329b7ab351abe5a
torus.out0.03049.h5	bc23cd3be73c492b943bc23c8182a3e3
torus.out0.03050.h5	8c36d3e16fc58db8b90c9704b97fc488
torus.out0.03051.h5	d33700c07f2656d4fcd198ee64808c4b
torus.out0.03052.h5	25094bf869812f1fc0dfdced96994de9
torus.out0.03053.h5	665cf71c70fdaa320b098b8860ec6e62
torus.out0.03054.h5	ab612275261b6177c265fccb441d461c
torus.out0.03055.h5	8f97622d6134d269d92da8b38b87dd1f
torus.out0.03056.h5	6f045728d3af8a66909c8700b79828f7
torus.out0.03057.h5	a3d7bae7f2a344ea35804fe7932eb35a
torus.out0.03058.h5	d9f8c605931f29804849dd6d877628bc
torus.out0.03059.h5	f783d3789fc29bd3f9ede35b6c5093f0
torus.out0.03060.h5	7b3bf64a199b4dc5569a733dea386168
torus.out0.03061.h5	dd5a7f774526afea8a5e177b9266e424
torus.out0.03062.h5	4b3b8203b02dbb91f2a7e8b4322186ac
torus.out0.03063.h5	2d4db0488e8d9e94cc579cfb5f2b9155
torus.out0.03064.h5	c57a89a24081bb85792a87ac9a8dd9ba
torus.out0.03065.h5	a512f76eee90043d9ad70139095de528
torus.out0.03066.h5	28362a199fa23a0fb901449132c4b13e
torus.out0.03067.h5	2f16243f79efccbdb80d00787c5a1cee
torus.out0.03068.h5	3430019b129e00d787365d894a51e0e9
torus.out0.03069.h5	c9e8d91c5263df87f7fda14a83f19074
torus.out0.03070.h5	092049de5c55c8b59a19d3f630150afe
torus.out0.03071.h5	41537fa9c7b060acd170c67dd4dcc39e
torus.out0.03072.h5	b78e9ae52d0efe6d36d051ecf32a9774
torus.out0.03073.h5	b816abe5ec5ce6c1279e1d7abc4da12e
torus.out0.03074.h5	c1f68628d8e825f1b2424c027f46db98
torus.out0.03075.h5	545e7ff60ddbc58bd062212a6c90b88c
torus.out0.03076.h5	aed3f1e593b191dcff8fc2fa5310db3a
torus.out0.03077.h5	e921fd39d4fe7b5c3693ecaf8c490ecf
torus.out0.03078.h5	07a5e958fa3da7be52c1f45298be2290
torus.out0.03079.h5	9154f17eb149368f53b96a99a062c3db
torus.out0.03080.h5	0b40b85de639ac74e67c6f5ff4fbe2c2
torus.out0.03081.h5	26bdc485f9ffe0c3f03caf025eb8b0b8
torus.out0.03082.h5	2e1fc1ee9287d021706ad217479ddc2f
torus.out0.03083.h5	2828f816db3660ec09c55b577229d6cf
torus.out0.03084.h5	2ae03e3c734bfdad93dd25a1ad463e8d
torus.out0.03085.h5	3902e6bb2ddead9e4618807446c2f515
torus.out0.03086.h5	d7c1ef7fd1ae685dce0c195b317deae0
torus.out0.03087.h5	917d9b4bdbbef20c769bb0be8136e380
torus.out0.03088.h5	20b1e466e2adab627e232cef2d4418d9
torus.out0.03089.h5	d0ddd4382b93c62de0010a86c0a2d579
torus.out0.03090.h5	a7ac7a2026e742ead9768c5ae16c8c0e
torus.out0.03091.h5	88b9d36c4275386ce335a44069fd8389
torus.out0.03092.h5	13d7a6b8c6dce89ae78fb141c94a0fdc
torus.out0.03093.h5	ddb22c6ed1ed2ba1a3fd3cd49727ab8e
torus.out0.03094.h5	77a1bad99d7ec8565da2d976f3131283
torus.out0.03095.h5	d973b6676b338e46f69e53c443f5bcec
torus.out0.03096.h5	e2e94cb18bba5c129bb5c247b91745d6
torus.out0.03097.h5	5fe9398243813203bd5b2a052c2cbba8
torus.out0.03098.h5	3c217be7f14dc890f6e757218706b073
torus.out0.03099.h5	f23f09205600b56436ed6edf748ae911
torus.out0.03100.h5	94e0f9499b3e3bee3051c09dd817ad58
torus.out0.03101.h5	882d3712395b2a969795462b595a7e7c
torus.out0.03102.h5	8b1f2cdcc2ea48d1f304c7ed20ba1bbb
torus.out0.03103.h5	085835d70e36232129382494dc69a91e
torus.out0.03104.h5	25785559cf7f287ad6ea55a0099263be
torus.out0.03105.h5	121ab97ee0cf9c0b0633ea631bccac27
torus.out0.03106.h5	4335d2139ebb12a3cb870ae15406f904
torus.out0.03107.h5	6fd16209d2a85bd13628729b7326a493
torus.out0.03108.h5	510c761daa5ea831586a9db1ce537baa
torus.out0.03109.h5	01f3ff777afc645c87cddc67ffc90900
torus.out0.03110.h5	73dff79b72a80304e85093f5bd579669
torus.out0.03111.h5	f4d292c234b5fb195deb5ac65cd80553
torus.out0.03112.h5	a406d9829590a82c57f9098dbb824a44
torus.out0.03113.h5	468866ba835e530685556e8a27521e90
torus.out0.03114.h5	08a13918b296cc6d8c4438e08dfb26b8
torus.out0.03115.h5	927ba1b50388ef83c91345470fc0f474
torus.out0.03116.h5	46e6434647a13e09381f124ad15f9bf2
torus.out0.03117.h5	664a9d2e941fd554ea8cc2343d07c383
torus.out0.03118.h5	a1920956c0cdd3c7a442191c99209bd9
torus.out0.03119.h5	cabe5f81a86e9ef02ef77b902ff5a648
torus.out0.03120.h5	390d754535ea74adcba03f6f0b0be352
torus.out0.03121.h5	3ceda932bee24bc4173467b91493715e
torus.out0.03122.h5	b1a72fc7b9642ed5af3da2e7aca110b0
torus.out0.03123.h5	87981c62f34e2714b5335bea8eae1072
torus.out0.03124.h5	62c003b325efb3403236ae73427e1399
torus.out0.03125.h5	a8b4d6ba42224e7ac0379a77399c2d32
torus.out0.03126.h5	1fd46fff70fdd2600438a05056277149
torus.out0.03127.h5	1f3d274eb00632a49854a9db5b624ac8
torus.out0.03128.h5	8cc74c7a9a4a593370617b0764fe8c14
torus.out0.03129.h5	5273a56be6d985b27da1d17e0429bcfb
torus.out0.03130.h5	7773e28feeace2be5ca9142584f37380
torus.out0.03131.h5	866a909f25f8fc753cae2320185691b3
torus.out0.03132.h5	98f754489bf792aee960065378a33b55
torus.out0.03133.h5	e1fe87c94c51787c71567dead4c57994
torus.out0.03134.h5	801beefcfc49537306bb5001b94a81e8
torus.out0.03135.h5	14a953ea0f5f92fa6285b05d52d4a472
torus.out0.03136.h5	c02affae024d368d1d22cb3dba4527bd
torus.out0.03137.h5	2f8be38bb2f52c4f996bece522650803
torus.out0.03138.h5	5310e1387d6c20b581ced9e574a820da
torus.out0.03139.h5	9788e5be5041465a6aa9c6b95a0cf884
torus.out0.03140.h5	4eb18a4311a44d5f6ead2209cc25820a
torus.out0.03141.h5	49ebf9a23ce6b730cb4f1b8d3c931505
torus.out0.03142.h5	a27c66cb0198ff8c0f7a72f69855c59e
torus.out0.03143.h5	d9689c368573564b13d5c7f21cc2ebb0
torus.out0.03144.h5	0dc4834828e1cab23ca2e8f6485c83cc
torus.out0.03145.h5	2b4fd11c00dda170794b874ea1af77cb
torus.out0.03146.h5	ae82999681242435e83cfe29534a19ee
torus.out0.03147.h5	4540af9d7a2789c0e2f15b0372249552
torus.out0.03148.h5	3f77ed081ef0e36fe49159f54c1b1cae
torus.out0.03149.h5	9e6567beae8687c79d4fc948d315457b
torus.out0.03150.h5	80e269c5080c0e10163f303713a943ec
torus.out0.03151.h5	f5c0cee38c618023758e0ac61a4955d7
torus.out0.03152.h5	f9f81ad88e46614ce8b48bfac1ca2ec0
torus.out0.03153.h5	ed40c0c45ed5fc038b0001df0e5084ff
torus.out0.03154.h5	cc514c8e24ac76494bda122e0b14254b
torus.out0.03155.h5	7c519510fdc0e80bebeae65b52ca7a9b
torus.out0.03156.h5	7179972a84ec6e6b0602b5d9ed77d0a0
torus.out0.03157.h5	80f4b9d78539ae30c48fb8d773d81019
torus.out0.03158.h5	a5c3b35848ad0b28f63155def8835d85
torus.out0.03159.h5	d8d1009421aefc6f90bfb09a5ceed990
torus.out0.03160.h5	a2606858019cbbb6eb02ee5de68ae49f
torus.out0.03161.h5	2dde2b4254685dbdfdf9de1d587d9f23
torus.out0.03162.h5	0a855de58ff56890a40ef3aa3ca53e03
torus.out0.03163.h5	b7ea8d3c94c526e6d4ae9d75acfbc68b
torus.out0.03164.h5	470ecc36c88c78f53643ccd506a0fcfd
torus.out0.03165.h5	3f8a7dd361e86c8a39ba28a6cbcef145
torus.out0.03166.h5	14afa6184d1cc16556f884b16174634c
torus.out0.03167.h5	50611de068a0d8b1af40165854f63eba
torus.out0.03168.h5	f8cfe839d71da41f348444e68f176824
torus.out0.03169.h5	67fb37e85180be0906d7cfe67aaac7bb
torus.out0.03170.h5	c276c4089d93fb658f6a6683bc11ab0f
torus.out0.03171.h5	65669286f103b62812f2ca2a59b7ff42
torus.out0.03172.h5	21d0f7a4c9c5e01d8acf4697e09e6ef1
torus.out0.03173.h5	c06e00b5059fc71f3e72a1558c0f70e3
torus.out0.03174.h5	7a396d58d5ef31add87b307f5184e842
torus.out0.03175.h5	6b376926f29d81de6656e50abc6e9e26
torus.out0.03176.h5	e4d064378b0f1bfe4ffa8a2788ed43fc
torus.out0.03177.h5	44fbf66134c1ba1810cae5640151fe0b
torus.out0.03178.h5	ebbe803d053a8edec6ebb5d1540245c1
torus.out0.03179.h5	9137f891f2711bca50fe3e5ec8ea34c3
torus.out0.03180.h5	a4a02aec0519c2200ed88f80fe4da1b3
torus.out0.03181.h5	3823b1a0dfdfceaf73de39ce7acc10fd
torus.out0.03182.h5	f989c8d9cd4738818424cf40dccdafe8
torus.out0.03183.h5	bfb04e93d3479dda0571704a772d109b
torus.out0.03184.h5	52c7b5aa099339010db7d61ccfda399f
torus.out0.03185.h5	856fd553f365b3f2f07b8af5c30cd13c
torus.out0.03186.h5	2c0870f6af95589e4aaf92913e8ee029
torus.out0.03187.h5	dd4f128d3199f5b719241095d3b288a4
torus.out0.03188.h5	dfd8d49bcb4e2f4bb7f25d06806c1d68
torus.out0.03189.h5	8c66376e1f00077372598ea4a9547628
torus.out0.03190.h5	0cb6fef8c21d65c9f5d8fcac69400a68
torus.out0.03191.h5	da93a31d6eb0cac9d985148d512089ba
torus.out0.03192.h5	690a0cb567167b8c24e3c6d07ce00721
torus.out0.03193.h5	fc5becc35af12f935aaea591787a8f9e
torus.out0.03194.h5	6f51a99c2b370bef4816d1f03a45aeb9
torus.out0.03195.h5	490abc4b9148c8cb9256cb2e7aa3c8a4
torus.out0.03196.h5	97e19406cc42f33da155b4d106545d8d
torus.out0.03197.h5	7fe996e966fe2a6041122cf1ad8e35a7
torus.out0.03198.h5	a771547c95b7139ba3233bb918fcc4f9
torus.out0.03199.h5	b8f6a391102756e5f61f8a19e297294d
torus.out0.03200.h5	f9a47ecb5ca2da7540da6c8678eb3a52
torus.out0.03201.h5	6202712dca60bc137a8948dee4df80ce
torus.out0.03202.h5	8ce0481eb7a060b4e3603a57f8767833
torus.out0.03203.h5	2efa57d8a5cc6127e79c089ebb4286b5
torus.out0.03204.h5	c0ebdd6e55d12852160c7a1594f5c204
torus.out0.03205.h5	f2b5343eec0bcf74ff168439f865cab1
torus.out0.03206.h5	6bb74e6f276c9d43516b1c2596fc0458
torus.out0.03207.h5	2c106de6dd38891dae0ddb12b473816e
torus.out0.03208.h5	e7dcfe80ea324b9214853740000d958c
torus.out0.03209.h5	ef6ef433c0907048550eadede6fc82c8
torus.out0.03210.h5	fdcf87710b6464e2c8a251d71c69e36f
torus.out0.03211.h5	17976f47d641a3d7b6ddae6723732c6f
torus.out0.03212.h5	86106ca7ff8194a91b7e75048558872a
torus.out0.03213.h5	18672abb925381c989a950fe3d06c6a8
torus.out0.03214.h5	92c6f50bc755be936e54b2e62879521e
torus.out0.03215.h5	68e7e64bbd1509eca37e292f5628a79a
torus.out0.03216.h5	554f77380fe8bf9edabc29c9cb04b535
torus.out0.03217.h5	d228a2f69b50faa97a893897d502cad9
torus.out0.03218.h5	d6f2b8549b4a94dbbfee539341488a87
torus.out0.03219.h5	547e5c2fa34bc7874a35e6dfc3d9b59d
torus.out0.03220.h5	298c6f2d3ef721f9f1428a7672b63857
torus.out0.03221.h5	fc33567ddb10aee556b57b42fc1e3b60
torus.out0.03222.h5	6e3a83c576b86085897550c5125a5b37
torus.out0.03223.h5	ed78a7c49495ca43d9438bb6d769bb1b
torus.out0.03224.h5	468af326f9eb875ae99e2f915f1ccd9d
torus.out0.03225.h5	36ce18a0f200d38c60cd4a3f374bf0db
torus.out0.03226.h5	49ed6ef742adc4fb42a864d7847dcc86
torus.out0.03227.h5	797e67bc99f03dc4eabc914db1d0d0a8
torus.out0.03228.h5	455bf77bf716782e2ecd88dfcaef9e17
torus.out0.03229.h5	71594114fded1fb7762637967a2e1662
torus.out0.03230.h5	69492f81f74188f9ffb1c450a8b32f97
torus.out0.03231.h5	23f56f2ec00244187a91efc7236072fe
torus.out0.03232.h5	be470752b2fdc9ce03aee9f0d1b48c28
torus.out0.03233.h5	2b6d299bb983251ac8379c4c504cf865
torus.out0.03234.h5	624a95abb664dd589482736fe6b43292
torus.out0.03235.h5	3e009aeba4d9a22e52d71d3e32083480
torus.out0.03236.h5	43006ff1aaea9ee1c9e9b8caaf0cfcb2
torus.out0.03237.h5	88f8645655107ea1c9565a284add98cd
torus.out0.03238.h5	e1ac3bc46e1fb45e5fb3f70f30a39626
torus.out0.03239.h5	9e101369d81f34875ba9ba9320aabfa2
torus.out0.03240.h5	e37593523b9ed02759c384da173bfda6
torus.out0.03241.h5	4d0fa5506a80f2de84539e18e6ef226f
torus.out0.03242.h5	cf260656bf3be260c2c0f37faa527521
torus.out0.03243.h5	5d96790bd16507b4109b7d9812eb1c34
torus.out0.03244.h5	6f5c3a03e140a4c55f1166927745978c
torus.out0.03245.h5	6a87fd3f99eb164b79335c30b7b92419
torus.out0.03246.h5	25a039e46788f2f9e7a679d9e80f1604
torus.out0.03247.h5	8dbf1bf6f2fcb5fe06727263fbd23b78
torus.out0.03248.h5	676b711b5893aef4c530e57ca4f70d9e
torus.out0.03249.h5	c81068d628a4cbaeb2a8907c01f867db
torus.out0.03250.h5	08808ce4e3738ac452493e87b41a1ffe
torus.out0.03251.h5	846d4c0a3bb8d749bad5885d148f81d1
torus.out0.03252.h5	9a3ff2de9c5116fe6240f556c885fdcf
torus.out0.03253.h5	c309899eeae4041f601065412b97ef1c
torus.out0.03254.h5	6d58e61678ef03b0ed67882175582711
torus.out0.03255.h5	704a9982f7df76b000896133e636f789
torus.out0.03256.h5	957428f1f1225762014d6a25e80d4ac0
torus.out0.03257.h5	31725288304c754c9a0055cdd2492d1f
torus.out0.03258.h5	e04e76463c9fde6864ca3ac240a1d306
torus.out0.03259.h5	8319439deede410349c443d432d742df
torus.out0.03260.h5	ccf72baff4aac100befafc6ffc5045c4
torus.out0.03261.h5	21e6cb2ccc9cee9777104d92501bc205
torus.out0.03262.h5	fa6c46b283f24b6986b178565c0f0245
torus.out0.03263.h5	26fd49aeb7dcd3f167d5dee7a1d3c930
torus.out0.03264.h5	47dc03b67b7ce084018246790d41d385
torus.out0.03265.h5	ea230ea4adb73b053bae7f2a94db4ee2
torus.out0.03266.h5	804c4215e68f2b8da56deb5cff5a5030
torus.out0.03267.h5	d721e5dd68185eb0f8b4d4e0168e37b8
torus.out0.03268.h5	800527994f0c32fb94bdcf6ab48bd604
torus.out0.03269.h5	1e902d380f3830f26fcc48f5c824622f
torus.out0.03270.h5	89260cc27845d50aff0cc382346e27cd
torus.out0.03271.h5	059789fc01be96d7c60ab59ab459dc25
torus.out0.03272.h5	99c446833dc6a9be36cfda65e160633d
torus.out0.03273.h5	bbd419301d10d0c24849326ebab59235
torus.out0.03274.h5	1c561aadb1315dbbb3f98d00ea55e574
torus.out0.03275.h5	f1704fb97330fe8f467173b6413bd769
torus.out0.03276.h5	1cb4e3830b1968fcf37d101b8bf1ca88
torus.out0.03277.h5	76832ec30c030dc9afcb7ce3ed86bf74
torus.out0.03278.h5	ea38ba4fbd086675acb6ba66308e635b
torus.out0.03279.h5	78ed5abbc0d74d95512c4e395e769fed
torus.out0.03280.h5	35712f6c338dfb34d131b992e0b38948
torus.out0.03281.h5	8b2bd770ca92eb75af7a73561d76acc2
torus.out0.03282.h5	bd66e85022ab0b149fa22bf19d60d7e9
torus.out0.03283.h5	bf2f1e9513415f238024d1db497166cb
torus.out0.03284.h5	28f47769af7652e095070a1a36dbdc6f
torus.out0.03285.h5	b0d277ab5695bca8ae99a8f0ad7dc784
torus.out0.03286.h5	40f44ed3b3c4f5467f3463b7cbddc368
torus.out0.03287.h5	b5a1dbc36ebb30795c0d98a79ffc9e13
torus.out0.03288.h5	9bae6a76512c648b5fe1f9a8d2e036e8
torus.out0.03289.h5	c08b34f74582532190e02ac367b9c6ee
torus.out0.03290.h5	5538273e3ad54fe029163c615c5f38b8
torus.out0.03291.h5	dfbe6a02e591be145b07cbc95be2d756
torus.out0.03292.h5	80d58fdc1096e2180717df21e08a3c8c
torus.out0.03293.h5	32c1f2cce8e53782402291377fd8755d
torus.out0.03294.h5	af8bee17ceb275befd95ac4873b90c2f
torus.out0.03295.h5	122d893ae0eb704192b3e66ffdac3c49
torus.out0.03296.h5	46948fafdf4e1b40b49c15ad6f8fb72d
torus.out0.03297.h5	f339d357d035327ba57e55af189599d7
torus.out0.03298.h5	1a22826a11a9abae3e691a88bc236216
torus.out0.03299.h5	20e97915690f1f0534b423ebf386c323
torus.out0.03300.h5	09f2ac47c05bc8a98ae9c23b0783884b
torus.out0.03301.h5	24b65987e18a1f6e0c65fed35d1f85e4
torus.out0.03302.h5	2deb75f277e9e540ea4d25fee8878702
torus.out0.03303.h5	6b974a9f8b2a3b25fe820af8e3793ae6
torus.out0.03304.h5	f0fc9bda1496d16b93777e5dd70d8c9b
torus.out0.03305.h5	8c30610bca3247e0369b2352cfaf5905
torus.out0.03306.h5	ec0489c0caa10b7a3525cdc9864b4a64
torus.out0.03307.h5	41def7651d1e6e9d4b48b5de5c06cff1
torus.out0.03308.h5	d8af5a8c47307b3d56f297bf1a89c771
torus.out0.03309.h5	2dc736d43312f2f21a8cdf8303891457
torus.out0.03310.h5	120ce5fae44470dda6a9413df0fcfa35
torus.out0.03311.h5	451fb106bf36af5a4392585627bba6d2
torus.out0.03312.h5	0f5dd2b93f1dec8049ae1c994d3efed1
torus.out0.03313.h5	fa468166bd4dea927d6b6367e0b7a330
torus.out0.03314.h5	87c367c6b4ffe89cc9ce27fe6a397481
torus.out0.03315.h5	38af509a60a5dae7af6d19e66f9337f0
torus.out0.03316.h5	91719b4fd8bcdab6e73460f6fe4e72ba
torus.out0.03317.h5	697cb825f4a3e8f3b040ee1653a69218
torus.out0.03318.h5	55a15bade60908fa6c76f560be5b36c4
torus.out0.03319.h5	acbab16171920d5afe75db9a5e2d1c92
torus.out0.03320.h5	3ab5ec412bc46e0e6be348f2ac5ab030
torus.out0.03321.h5	1931bc53037430842c25b94667c51d8a
torus.out0.03322.h5	e196bf666f2e8e1c2b8e367fa18a985a
torus.out0.03323.h5	0428d8ff4f3f0c8728629d491b273248
torus.out0.03324.h5	7a33fded11db76e8fd4a8f658064ef54
torus.out0.03325.h5	41f9704ea41a9a54d551aad4afe6647a
torus.out0.03326.h5	4dc09479d6f85041890edef6117691cb
torus.out0.03327.h5	944f9b0fd601d6b9eabd7b436779db9d
torus.out0.03328.h5	6e3d428851e5775427e131569a23c2d0
torus.out0.03329.h5	cfb07755d213e2d08afd730b7afdc73c
torus.out0.03330.h5	4b1fc5f057f30860096887b9fda2c9fd
torus.out0.03331.h5	15096b5f2c1a0a569212f392ab7488c8
torus.out0.03332.h5	f00602c4948622405d099d52b456117f
torus.out0.03333.h5	71ae7d20e57a415f9a09cbcc17f97fdc
torus.out0.03334.h5	3b546427f4520c5622c7e136613a9107
torus.out0.03335.h5	82539db11f9579443fafc89b1bb926be
torus.out0.03336.h5	3523cc8466696f86b1adb715df9bd9f0
torus.out0.03337.h5	79ad35dfece920f8a1e3921200549c3a
torus.out0.03338.h5	34f3b5c7013027a2495e629505519b94
torus.out0.03339.h5	021b047e2bb36c996d6106f980a3d524
torus.out0.03340.h5	d0a2fbef578e10c4f569bfa4f50eafc1
torus.out0.03341.h5	2694187fd1c59d7942f4526fe6b25cf9
torus.out0.03342.h5	33587bc463f153f49ecfb04b4710b5d4
torus.out0.03343.h5	719b1e3caf6c50fac013375b121b039a
torus.out0.03344.h5	77b423b51c1fa3ebdc12c6361839dbd7
torus.out0.03345.h5	861eefb95828577cb1f5db730e363e4c
torus.out0.03346.h5	87173ab3359a371a36f20ede2235b8f9
torus.out0.03347.h5	c51f244558a13c66bed542bde3b4045f
torus.out0.03348.h5	89774d818fec6aad15023c430e14aa22
torus.out0.03349.h5	40d739682442381d4eb51d75ab311b9e
torus.out0.03350.h5	68586784ff69dab88be821c81b6bed53
torus.out0.03351.h5	ef99795976d528fec75fc0c71075327b
torus.out0.03352.h5	c2873985ea809f35cbbbfbe406f110ea
torus.out0.03353.h5	0c12dbfdd6331ed5ef1534ed841367a4
torus.out0.03354.h5	bcb4a748eb6e43be022ee8a0afca3ec9
torus.out0.03355.h5	6928034492514d3fe2b02da5e03ad550
torus.out0.03356.h5	ba09398d6c73bbcfbaab4e10c97e60a2
torus.out0.03357.h5	cfb36696b5da7a2638fa8fedb84b2852
torus.out0.03358.h5	75d11f1cb80ebe69a09a10ea88266703
torus.out0.03359.h5	044e14ac48bd15ccc826a85b68301afd
torus.out0.03360.h5	a6c22863040bdde1d48b1bd701f7da0b
torus.out0.03361.h5	5d307c17a4099a923e54383a643db896
torus.out0.03362.h5	ef241576be24acc09963b71d226d70a5
torus.out0.03363.h5	f2a50f021703837149606c3ee96e7652
torus.out0.03364.h5	86eae50f8277625bb50236c784d7cb82
torus.out0.03365.h5	a9c13fa513390131c244d39e7fdd1d63
torus.out0.03366.h5	a6d3b765e9cff73effa6af7853fa7448
torus.out0.03367.h5	bcc4858a532fbd8a039ae2da85d4ab6a
torus.out0.03368.h5	c2be65777ca71bcb69bfebe42aff2cd1
torus.out0.03369.h5	6d40c5bdcf4adf29fec7581830d23463
torus.out0.03370.h5	8b2a50943aacab8bf70e26089a7da4e4
torus.out0.03371.h5	0829c89aa2b6aba8d253609c3abe8920
torus.out0.03372.h5	61782f437ad8e81dbd6aeabc8276ea95
torus.out0.03373.h5	25d857818c4cb2cf744cd218404fdf3b
torus.out0.03374.h5	cacec69e0dacb88e1331e1979b66f151
torus.out0.03375.h5	8d157ee89a4cd4663d5740ff5ec56e67
torus.out0.03376.h5	32a7012b3892220a88db3ea1c66db59c
torus.out0.03377.h5	5858570ae3fa9cfda880861164f08a48
torus.out0.03378.h5	fca9ed35ebb9fbc96780c023fdc0f8e5
torus.out0.03379.h5	6d2a7e2d3012299908fc73734e293d60
torus.out0.03380.h5	737c9984b7b97f21d6afed7965301213
torus.out0.03381.h5	3b253e7df60d43e9dcec09d7fc666308
torus.out0.03382.h5	756791ecd1de9b3118fed3db6a89b1ae
torus.out0.03383.h5	f4160892db886e34f52312ae8a039f28
torus.out0.03384.h5	ef6ea5cea1e98b66eb5adbc2390fc364
torus.out0.03385.h5	3aabc0ab5756f460f8f41b5094aecf3f
torus.out0.03386.h5	235a0f7d9ae7c06a89a0df27a2165156
torus.out0.03387.h5	5b244f9aa17f2954b43347e45ec864fa
torus.out0.03388.h5	2bac40450085d172319563c2074a4be8
torus.out0.03389.h5	b42c259f523d6ddefe2bfd7ffb1f2fb4
torus.out0.03390.h5	38bbd3409b278a532c0b04ea772eb86e
torus.out0.03391.h5	dc8bdd95c51ede1306c1f87498db2e41
torus.out0.03392.h5	8d3fc2b8da485c831f405fd4aacce952
torus.out0.03393.h5	1286d8c97f71dde96ab3d29d5029865f
torus.out0.03394.h5	eef8753c6d8bed680e294bd84837a48b
torus.out0.03395.h5	ccd2ce48025ff8fa1ec5004dd06a6654
torus.out0.03396.h5	c684560b1c6e229d4d93206ad6a85a6d
torus.out0.03397.h5	e8eac63d8d00c08519350979bbf0af9f
torus.out0.03398.h5	3bc33b265d8ff47020a1df31106eda83
torus.out0.03399.h5	b6b7bdb05510e1882f931cbbe0b4e721
torus.out0.03400.h5	2410e01b044cd3a3964f004ce9107c68
torus.out0.03401.h5	2073c154c6650376c1e311654fae3c04
torus.out0.03402.h5	64828f7695f069077906fc185274e0a3
torus.out0.03403.h5	a41081aad721da6d1f44250fb688bbcf
torus.out0.03404.h5	8a21b2d52ba37c997d70a23793cec28d
torus.out0.03405.h5	7b025c98f453c98a5dfdc013780d0092
torus.out0.03406.h5	a8efc4a5ef48215e8122181a596332f1
torus.out0.03407.h5	78a14228c6cf250050acf2059b873f8c
torus.out0.03408.h5	ac2494d767f10fdecc99648b08e5c6f9
torus.out0.03409.h5	17ae21b616a97b3c9d86c7ceb3ae7d70
torus.out0.03410.h5	9e3e4fe5175c9bb20f7d7ab49d8d37d8
torus.out0.03411.h5	889d488949c451082a240973699b00f4
torus.out0.03412.h5	5519bddbdc60c9ca201bba9780a7e1f7
torus.out0.03413.h5	cee5de276a8add6ee5db7112b4b6d0a7
torus.out0.03414.h5	b25106ce070bd7511cbfb1522a90bf8c
torus.out0.03415.h5	9a1dc3b882db969b2ab8d829ffe61e49
torus.out0.03416.h5	c8a3df504ae8c8dcebcdc5f7f82b79ea
torus.out0.03417.h5	f18707969de3e6ac729ed3bdcc18e006
torus.out0.03418.h5	075c93af3582c0e5b74d6c8396a76b6c
torus.out0.03419.h5	678662e536bcd558f78c3b34af508c63
torus.out0.03420.h5	4ba8bafb8cc6e7f18087eb089dd6b744
torus.out0.03421.h5	9535c6c6c0024bcc046a228da604ecbd
torus.out0.03422.h5	5b6bf8c2b08d379b7416e071fc45146f
torus.out0.03423.h5	bc3dbd02df9179ce6b50cf997550ca6e
torus.out0.03424.h5	93286651d50d448182510917aff7a034
torus.out0.03425.h5	84c986accc8517d4ad00ead92eca92b0
torus.out0.03426.h5	0b35b186acaacc0cf5f687b6d75881e2
torus.out0.03427.h5	2a618a604e29e08bcde8ab8d723c051f
torus.out0.03428.h5	6206051d2133808b0517530ab849c48f
torus.out0.03429.h5	28ad58088b1cf24f2b220b94df5eae9e
torus.out0.03430.h5	4fbd528e8994c5717c87d599443cc42a
torus.out0.03431.h5	920673b3fce9d2e9d6e4cb15398174ef
torus.out0.03432.h5	dd2c536339250766eb23da143434b9f8
torus.out0.03433.h5	7524f3543f44c098ed373ee868a479ba
torus.out0.03434.h5	e20400304a398dd96eb2259d8e678408
torus.out0.03435.h5	d203535efb8b0486588e24994bcb0807
torus.out0.03436.h5	206580e3aa145e7eb3933801169e27ce
torus.out0.03437.h5	7f2ace3d4811964cadc0cdb9963dfc07
torus.out0.03438.h5	23d73828da77e1d9bccf9b0c17c02f84
torus.out0.03439.h5	424cb462777dc83684d889c1696534a8
torus.out0.03440.h5	399f22554050a4a889b9b8871c13fbf3
torus.out0.03441.h5	b33a2f5a941fed994c6a6f1242d9a343
torus.out0.03442.h5	fd3a20a14d060244b4ee4c4fdab22029
torus.out0.03443.h5	ac72b48544d479c97f3571e0dda7e64b
torus.out0.03444.h5	b76e52f7a2f14e4ddeb6c04b374de232
torus.out0.03445.h5	bef502493c9c463c6c49029a6d63d6c2
torus.out0.03446.h5	b126c747af71d19a17186bf21f754a9f
torus.out0.03447.h5	a89c0591cd2b2c2916f931b5d30e469d
torus.out0.03448.h5	34af1e52d90c212b058d27deb41b51d8
torus.out0.03449.h5	d9e33c76b21f8284dc462fb0856fc164
torus.out0.03450.h5	6613cc301d3b87b8d7470dbd60d09065
torus.out0.03451.h5	91f02d3639ca1c4aca80ec5ea7ba55e6
torus.out0.03452.h5	f58a251826b41af920ad8e012119ae92
torus.out0.03453.h5	4810007fd21a141a42d16f58b5948643
torus.out0.03454.h5	83ced09c7e26221b0d3120a7f1dc1e20
torus.out0.03455.h5	38343b1c51709e53edbe8c4b32ad26ec
torus.out0.03456.h5	837db628a1cb9924961d74554ec0bb5f
torus.out0.03457.h5	1a70afa5cd4e18667550019ebdb70257
torus.out0.03458.h5	472c0f74df2f15ce99ee4114677b1324
torus.out0.03459.h5	0410064619c4bf50c4e4805a1596e7ce
torus.out0.03460.h5	07973c13a98c064f02890f5a03deee83
torus.out0.03461.h5	b685c29d2a577f3aebc24fb7bab858a6
torus.out0.03462.h5	6f3026c13d037a70e18f4cdbc65881f0
torus.out0.03463.h5	69015c7150f7a2ad7bb00685d4f25442
torus.out0.03464.h5	1bd8052eb35aa2967f8dbd04ffbdeb4a
torus.out0.03465.h5	7a8d06ee4033aec4d4ca12bb778c433a
torus.out0.03466.h5	bfab2821efb2ea65664fe8405be0dcc5
torus.out0.03467.h5	bea28d6dd12b73ff3e09930222b6ebad
torus.out0.03468.h5	e2c2675a98cafafe8f185db0d004708f
torus.out0.03469.h5	c326b7fa732e5fe0aa907463a2dadc6a
torus.out0.03470.h5	ddc43576b453d202200b2e98ddf40074
torus.out0.03471.h5	0cc852857f92102dd1419224df4234c4
torus.out0.03472.h5	f507dfd42854c7f2007a731aa1052713
torus.out0.03473.h5	01fa218941921b0df8a27c2c4ac53b19
torus.out0.03474.h5	99c2cc2635036abc47921f54706944ad
torus.out0.03475.h5	ede55975ac366e48c6a313ea40725a36
torus.out0.03476.h5	84fdff7efc272b74d96f5b8233cfcd35
torus.out0.03477.h5	7c558b9bb178e2f9eb39380d3cd96768
torus.out0.03478.h5	98353004517fdc90400db4ba7400f47c
torus.out0.03479.h5	daf4e2a8576513b083e3be892507e972
torus.out0.03480.h5	0868331ee85b1ff06870efd62df4b605
torus.out0.03481.h5	acdbdf0b137a7c912c096f594b9da41d
torus.out0.03482.h5	0f02c57e080b101f32acb322da32c1c4
torus.out0.03483.h5	9946e5fe74997f5692b283605cb654af
torus.out0.03484.h5	3291f91d38e1f8398515b46afba8aad8
torus.out0.03485.h5	6ac243e77b72e79c6f4aea6dcd723c4c
torus.out0.03486.h5	98ef1fb84c3884da7aaa065e35dcd3ef
torus.out0.03487.h5	216a0630f506209fe44b992600f1bc60
torus.out0.03488.h5	cb2378ae78b0107e3dba513742f3ef85
torus.out0.03489.h5	743c01fd609672f170b8a405d71c7127
torus.out0.03490.h5	e615513d3528c591a46629d6bf6fa239
torus.out0.03491.h5	905db993974864389a1d9cf2bf6847be
torus.out0.03492.h5	a7c02fde541e51e787299d233ed5e11a
torus.out0.03493.h5	0e40cde5eb55fb0a8863728bc9cd79cd
torus.out0.03494.h5	716b08b100b016c4332a5300fce09d72
torus.out0.03495.h5	6dc6443542cb7c66ec0892204b9d2da2
torus.out0.03496.h5	aaeac5b859eea30f80b25bcb886657e3
torus.out0.03497.h5	98f59a632c45f71fb1caa609c14f77d0
torus.out0.03498.h5	36c199b264b87f364cd7cf87af5c4390
torus.out0.03499.h5	a0b3b829ef1e091fe7c1ed1d7c8ffab0
torus.out0.03500.h5	69c7eb6d3121883733ab5170d0aebc29
torus.out0.03501.h5	bf6ae323352ee0acb8a90cd8b142fddf
torus.out0.03502.h5	3beee99305dffb62a3528a6c1589975e
torus.out0.03503.h5	7bccf9d23b9241c49208c3c3996e9957
torus.out0.03504.h5	c9029ae03a8fc502b99e8bb737db5e0f
torus.out0.03505.h5	a564ac9d15f90073a47c7ec02ef5cb3b
torus.out0.03506.h5	a6963e52f5e9b7325e2a129ac745b255
torus.out0.03507.h5	f751594789a7e5c7febd5258fb5237cb
torus.out0.03508.h5	027a601a6bfe35d54bbd6f9c87f48741
torus.out0.03509.h5	67e5b546d35757cbbd9e1704b3b5a443
torus.out0.03510.h5	7bc77cef7402e58150877f694191726e
torus.out0.03511.h5	405be63fb7b4e25d273efee2b7563004
torus.out0.03512.h5	2408dabbac3fe59fe6f29ea3bfd90079
torus.out0.03513.h5	fafa2c9e2be59055b098a85c03aefb08
torus.out0.03514.h5	d3c2720c096431318d360fd1ef3fa127
torus.out0.03515.h5	db7eb55a94774d019779827cd2cdce18
torus.out0.03516.h5	48b79e49e74695d3a96de427e0bc12c2
torus.out0.03517.h5	57421eb7736bb23e792cfd485c33a80b
torus.out0.03518.h5	6cd19a9bbb12bfa81734981798a0c0fa
torus.out0.03519.h5	eb549e2f16334344a12db618eda6a32b
torus.out0.03520.h5	ceaca2703a3298b0638606538173c5a3
torus.out0.03521.h5	b0ae5307551b733e5a75b7e56de31cfc
torus.out0.03522.h5	8ba314987efb79e4f7a77c87acd9e579
torus.out0.03523.h5	50168acabdb148313da94c16f9c481bf
torus.out0.03524.h5	e8cb0dff9f031ed9c3e418f40276d499
torus.out0.03525.h5	8b6b569bdefe2cd7fead1d6a77ca4aad
torus.out0.03526.h5	c6726ec8fdd0fb9f050198270662eeb1
torus.out0.03527.h5	a069c60d082ae56d0e730c4b33586774
torus.out0.03528.h5	40a4081b610a0584d3844e83d0dbb179
torus.out0.03529.h5	c3dc609be0b1d7586d48c0dab43608fb
torus.out0.03530.h5	c2ed4cbe28a47c867acc860096c0ba26
torus.out0.03531.h5	a3443166fe02d4fd46cca23ee98454a7
torus.out0.03532.h5	40fd71512273687715b4dfc60bdad09e
torus.out0.03533.h5	5e6fc7421d97cfb57fc392086f6e8e05
torus.out0.03534.h5	f2c4869c9ab540df1a44ea8fd6db0212
torus.out0.03535.h5	d8e0416959a3e5ed15e3912990848392
torus.out0.03536.h5	9d6a9ef1d7f91ed1d283a1aa4e40d3cc
torus.out0.03537.h5	ff8057c9008a3a23cccc36a9e907cc6c
torus.out0.03538.h5	2f3612dc81730b1c71e56d4954c69ba6
torus.out0.03539.h5	c01a5326f79f1f0240944060c85c3797
torus.out0.03540.h5	d980169f8e83cddfd41112b1d18c6021
torus.out0.03541.h5	6de1799cb55ed3aee6d60ea430a0fdd5
torus.out0.03542.h5	a29f4c8ec39a47187009b8dce0504652
torus.out0.03543.h5	a4e934f1c626ff9c8bdfed6cd399d831
torus.out0.03544.h5	9b28a1982403c6b1eb9e8d494fd15559
torus.out0.03545.h5	20cd159b86dbf2a25e587a981dbf03b7
torus.out0.03546.h5	29ed066f220c4558389f8a51546082fa
torus.out0.03547.h5	ab6a5b1971ed7f1d476bb92da953e048
torus.out0.03548.h5	d42aa0fbe8c05a73709ca5a6ec3fac70
torus.out0.03549.h5	69453dee92ddf5916e0b4c230e01a8cc
torus.out0.03550.h5	62f48f4b233574cbccd997b94315290c
torus.out0.03551.h5	c004c700fd27b2246c51d9d3f3e69342
torus.out0.03552.h5	c9293c75af39f5c61b6198245d2e33b4
torus.out0.03553.h5	d7b7438fe3a245f51bb349b6de1ea6ef
torus.out0.03554.h5	40b2021b5e4a1f8c0a252e1f3d894d9d
torus.out0.03555.h5	646547d04d274bca7558934dab8f6c17
torus.out0.03556.h5	ba04edfe928a8c507cee6d9628013af1
torus.out0.03557.h5	b34488a5e3e6165423e332f7e8dbf5a5
torus.out0.03558.h5	728c61d3f6bd2cae6b7154962d364046
torus.out0.03559.h5	048baa54cf46d9b13240fe3e4dccc361
torus.out0.03560.h5	096adff5330aa8721b573734dd16d6dd
torus.out0.03561.h5	5383d5f577b361f49cba62f1e2a88976
torus.out0.03562.h5	eb636cd98350751e8c511c3593f61d19
torus.out0.03563.h5	33d5e9306cf8d0534513a481d40ee152
torus.out0.03564.h5	ecce1809da90a1feda050ae6de20a3b0
torus.out0.03565.h5	1f7c19e70fa03f35f9a657922b650a4a
torus.out0.03566.h5	64f5c8d00a489f5025a79794db9adb63
torus.out0.03567.h5	4debdfc2932452d65fbc8dd89f18fba0
torus.out0.03568.h5	5f7c0219641a37b72bb0bf42861f3815
torus.out0.03569.h5	32ae6bfe117705ffe1ebd317264fead2
torus.out0.03570.h5	57b3dfe8a80fe585057f5260754ba4f8
torus.out0.03571.h5	d829d3b5e41995212af5d74cdd296db1
torus.out0.03572.h5	498dd8b972ea5eb444cf34f28eafb28e
torus.out0.03573.h5	f4416f8b38c9c3c63afff800903e6c98
torus.out0.03574.h5	624ef8d2716ab79c9d1a3d5732879308
torus.out0.03575.h5	e2a783a54341acea518ada767cc95928
torus.out0.03576.h5	7187a1789be48e6c097a402bdf298119
torus.out0.03577.h5	5c22537fdf2eed891dcfc3ad236da42c
torus.out0.03578.h5	980f2f6b8bee22108c4b0ececd031f84
torus.out0.03579.h5	061cf2c8d941cbee187f172a93525a0d
torus.out0.03580.h5	cb027e7ff01d74ce0035be0d1337704e
torus.out0.03581.h5	c707bc1be31946055bcb6fcb42f5c3e2
torus.out0.03582.h5	3a0bf3da334c29a4f69ea36573c297fe
torus.out0.03583.h5	24d4e442cf97878cef72981ba128e1e7
torus.out0.03584.h5	d70ffee530167f3055d8f591754e43a0
torus.out0.03585.h5	bd03de43cb2020d8efd430477064f77b
torus.out0.03586.h5	19175c507cf632113f01e48207eb70fc
torus.out0.03587.h5	547aa06b5eaa73b6ed44386feb098657
torus.out0.03588.h5	e46c569c4bc5f46473195b978a59f04a
torus.out0.03589.h5	a0f8377031f2e488048a7d9f243af66e
torus.out0.03590.h5	24cade442585780b850539301e6ef198
torus.out0.03591.h5	b3ffc9b1a5c5c986014bcfb58bfd6545
torus.out0.03592.h5	6b20e215aa2fce69e8b048871c8580f0
torus.out0.03593.h5	a5405e3128333c927df44fb1c335b60d
torus.out0.03594.h5	d496aae9d026d5bd58836ea6c72d98a4
torus.out0.03595.h5	840175ad909f823302d3fc3f4bc20b35
torus.out0.03596.h5	a726f07ae1105d789b97bf41b79512e6
torus.out0.03597.h5	c4fb62a499b70ab7753b364f53c983d5
torus.out0.03598.h5	b1b2fd725ea6858c8223cde75ea70fba
torus.out0.03599.h5	5a1f18226ad3523aeec5ccab20c37c89
torus.out0.03600.h5	c2de60ead676dd0ac21cdd4c809bdf63
torus.out0.03601.h5	45906f53e03a683fb30338ec8c19322d
torus.out0.03602.h5	27879f087ea1e36d2e74e60c94498d8a
torus.out0.03603.h5	fd92dfccc1734d6839191a40c231c6cb
torus.out0.03604.h5	294c7e87c207c3734a48b4aad140edd9
torus.out0.03605.h5	78ddd86918e9192b2be33f30c219bd8d
torus.out0.03606.h5	62af5dc74f94c097ad915bf2f4bb8974
torus.out0.03607.h5	e84dd05e5a1a4aa2e701716db81eaf77
torus.out0.03608.h5	0d434b0d08eb00ef62ebd395c18efaa6
torus.out0.03609.h5	f99ebe4f67410067378d369a6a78fccc
torus.out0.03610.h5	daa3acc8bae920febdbf2df801bd3a94
torus.out0.03611.h5	154ab44873bd8515eb1cc667707e5af2
torus.out0.03612.h5	d3b518b52a503e686a8c81ca9927215c
torus.out0.03613.h5	7359cace4eb619ea413419f70ba0f677
torus.out0.03614.h5	c042e9f8d2ec143f09944fd1db0d819f
torus.out0.03615.h5	178d54f24f89a27ecadff9ab5d674021
torus.out0.03616.h5	778c4c6a3d576fc5da3c491591d231aa
torus.out0.03617.h5	2e410418f4970fd055bccda08d937b16
torus.out0.03618.h5	7f0b69b5f1ad92abbbb971e6e1633650
torus.out0.03619.h5	8d8fdf9c45fa1dbc3a8279c556ed43e7
torus.out0.03620.h5	7659603db03c68be814c32d8a9ce02db
torus.out0.03621.h5	5d1bcd682c0fb8fb6019de2a4020c040
torus.out0.03622.h5	8d8084a141c630a195c8fa5d92da955a
torus.out0.03623.h5	09a460e6d7a8bd239c3360d21f301960
torus.out0.03624.h5	45174162ae290e1fa6858a91b671f218
torus.out0.03625.h5	eed1295ea8bab6eac9fad6a4ce01a2fe
torus.out0.03626.h5	aa674d23761d3a3dad2f4012f60043ef
torus.out0.03627.h5	fbce6159918ef6ded2a172c2a45ae11b
torus.out0.03628.h5	5c0c91ec4a1106c66371019d50363aa3
torus.out0.03629.h5	d1aadf130717b9091124de95676c5cd1
torus.out0.03630.h5	bbb58c907abf6c0a9ad1825f84637f1f
torus.out0.03631.h5	94fde30a04703552c44505e628006264
torus.out0.03632.h5	b6aeddc89693eddd1d21acff6c0d3640
torus.out0.03633.h5	dae1f04010847fe22ad80dce2348a97e
torus.out0.03634.h5	ca18940fe1f3646db0996838b9bc7537
torus.out0.03635.h5	6af23a7fadd54295c1aa706cfd0e1e86
torus.out0.03636.h5	e0520208a0e3f40f773d99a95abdbc34
torus.out0.03637.h5	6b99d15f951c6dc6605880288eb51969
torus.out0.03638.h5	d381adeb9287067c5f21f6075fce3b0b
torus.out0.03639.h5	10d91e5712eb81ffae5b50d4ebdf25b0
torus.out0.03640.h5	43db4bcd74775e55a6054cc2b036eaf8
torus.out0.03641.h5	6700d43fdf1f45d24afb2b40d5ca4852
torus.out0.03642.h5	2381d1bd3b6f88714fdeaf762b691c73
torus.out0.03643.h5	193fd557c2cb4cdcf1de15faf53ce711
torus.out0.03644.h5	93f2a51518f5c1c7a93060a84cf36714
torus.out0.03645.h5	bc66bff415ed46aa8582a3277e46c9cb
torus.out0.03646.h5	78bee2c7e8f9db482387a1b557d7cb55
torus.out0.03647.h5	379a7c7188c6d9389858c39b33588ff8
torus.out0.03648.h5	38309ac6f3472552148f0d2483ad91fb
torus.out0.03649.h5	a6b91bd15dca9bd5cd9454f8d55eafbd
torus.out0.03650.h5	78cbcd7272d344a6fb194ea0ce5ab898
torus.out0.03651.h5	436d45cb4916f638ca52463356312416
torus.out0.03652.h5	83a24a15dbe06c5144abac9e977ee5bf
torus.out0.03653.h5	814c59423f4201ba1e7ebdb2ab62b1b5
torus.out0.03654.h5	b3bcb5819491c341c197cf8b0d4b685e
torus.out0.03655.h5	e752a85c57ae74ddffdc2ea3699f032f
torus.out0.03656.h5	5521378cabbc8b370abb8d70f68e06b8
torus.out0.03657.h5	b09f14af491f829e7d5146fdb10a37a0
torus.out0.03658.h5	bb937216cca951608391f2681c6af53c
torus.out0.03659.h5	463be39d933422f714b1b3d6d0731ae6
torus.out0.03660.h5	f88a1beac73f48c8ada93a231f516d6c
torus.out0.03661.h5	c5afa2562223f9bd04eee8a03c79d202
torus.out0.03662.h5	808abf712ffb72207c6615adff2f7da5
torus.out0.03663.h5	f9d4e5eb0a331a3ea5b414d24134e4ba
torus.out0.03664.h5	7c0ce9d3ccc52237c3fd4d2a3b559f81
torus.out0.03665.h5	b90ed3a19c871fcfc96ff14788239477
torus.out0.03666.h5	e45ad8c39587d169987f95e1c38556f8
torus.out0.03667.h5	06c740716f91e57683f5919cb4d8ab53
torus.out0.03668.h5	a53038ede097b32e35639f3a1d5dbb55
torus.out0.03669.h5	89be3796532bd6780cfbebcd034dd295
torus.out0.03670.h5	c77ca9cfd8957b7d4e4fd6990a5a48e1
torus.out0.03671.h5	477364001ebbc515347d7da6d34448fd
torus.out0.03672.h5	a8c5dfd1d2635871d38192880dafc335
torus.out0.03673.h5	f3607a4dd7f7e54c2b68d415e03a0ca0
torus.out0.03674.h5	16c1cd726438e6fe5fcfc8f5142ec4ae
torus.out0.03675.h5	10c5985b55490a0aeb15ea6649471d01
torus.out0.03676.h5	55dc4ec942c05fe8977f21649f08e6a9
torus.out0.03677.h5	f3fa8028be60c6fa6302820326e2fad3
torus.out0.03678.h5	abf44db670d1671f4fb9ac08a00a7a6f
torus.out0.03679.h5	cf7524e46d1fd55f0601e84f23db2be7
torus.out0.03680.h5	ad9b7682a846110ffa7ce8976da938bb
torus.out0.03681.h5	e87d0461409d02e4ada0fff151cb6978
torus.out0.03682.h5	366cf799a44cc502af1ca7bf358c5f69
torus.out0.03683.h5	81384e5e13ef36fd97e3d5fec122a6f4
torus.out0.03684.h5	7a9661edfccdc48b8373c3324dda1f8f
torus.out0.03685.h5	ac9b93fbd5c69fd2f81bbf4c20437401
torus.out0.03686.h5	234b69d8178bac000310f86cddcf43da
torus.out0.03687.h5	1d0f32c41454409d5bc779359b5eadb1
torus.out0.03688.h5	a1dee4a8a1411738afb61f39060d7e05
torus.out0.03689.h5	216a68939cea57199d26296d2fe3dbaa
torus.out0.03690.h5	a5216f8e6c26ab7d0bf3b325716b299f
torus.out0.03691.h5	fba3a7188b83f060743d218def1dd9d2
torus.out0.03692.h5	2f4d9ee9496779217d314ad42d7b074d
torus.out0.03693.h5	ed789b2daf3a5bedd21ab6c9e7474091
torus.out0.03694.h5	1884e6ad86e4cd502e6248efe2d889dc
torus.out0.03695.h5	2867786c35bca3d734a1978dfc6121ee
torus.out0.03696.h5	6eee0de9efeb22e4ea94211ac1ed0426
torus.out0.03697.h5	e45b6dbf45c397d5eaeca22f6a8bf7b7
torus.out0.03698.h5	4dbeda3f0d2fe2248688146593ad9618
torus.out0.03699.h5	c3d287e7ee621cd00da4d08ae14d3a74
torus.out0.03700.h5	142795226633a61fe2559c8ca9a9ab6d
torus.out0.03701.h5	1112cfb6f0ba2fbf14816bcdd3d4f2bd
torus.out0.03702.h5	7e56e51638b8c7b9b6a5fc320eeec28c
torus.out0.03703.h5	7b4bb2fc508d46075af5ffc85177dbcd
torus.out0.03704.h5	089ae88353a93837b7ba5fdb770df903
torus.out0.03705.h5	9997636ae7b1ec444b837022fab150d9
torus.out0.03706.h5	d712ba908306b0d8d15d9d1c869cdb86
torus.out0.03707.h5	0e445ac2bbba2e5cbe89fae6fbbfb751
torus.out0.03708.h5	5534ef5bb7cd92c419019af325c371f4
torus.out0.03709.h5	ee5caa9169a53c9daa1435d426333dcd
torus.out0.03710.h5	42f0dd915c3bd7e53b102e85500c416d
torus.out0.03711.h5	a3a31ca65575627b7df03dec1ae2c49c
torus.out0.03712.h5	1c477794143da932498caf8504e7d6b0
torus.out0.03713.h5	bda73c238e257462ab6b7096a6835b5c
torus.out0.03714.h5	6302ad01f75539604bd3830e0d9723cc
torus.out0.03715.h5	6fdfef647b002675eb87c644cf914d0b
torus.out0.03716.h5	130438139352795dbdaf249b015927e4
torus.out0.03717.h5	88546c9b54989997962af46af55fdfc2
torus.out0.03718.h5	84e93002c7df376806d5d02e40d7223b
torus.out0.03719.h5	2d881b303ac972b885332c9597a4a1a5
torus.out0.03720.h5	4dc9e64b0d755ecab047df9434126cd5
torus.out0.03721.h5	40f065b54f3297844a5e1d344dcf8560
torus.out0.03722.h5	514704332b9d20e538486cfb1c065981
torus.out0.03723.h5	c6b50b1ef3de20bf698f85b75021304e
torus.out0.03724.h5	908f257fa23a74b2df8f9554f5d8f6b7
torus.out0.03725.h5	f88a152e3849149dd99d42db784dec3a
torus.out0.03726.h5	a231bc8858fdd3086b33b16b25012c20
torus.out0.03727.h5	3d94055070d34e431003608cbd4eb50e
torus.out0.03728.h5	415655c680f804b461157f47f31219ac
torus.out0.03729.h5	c8384471ad6f275a09a84d7353a3ecc2
torus.out0.03730.h5	3026014ce98a4478fc893c349e289476
torus.out0.03731.h5	b34ffe996b51047ed0eff591fa36605f
torus.out0.03732.h5	1f19f4684781122ba29b618c398068d7
torus.out0.03733.h5	fcad0122abde015bcb8106fa6916d108
torus.out0.03734.h5	bbd4e791f462e98331503cfea9cafd94
torus.out0.03735.h5	6fbe2c0bd11b1f792a41055aa1fc2875
torus.out0.03736.h5	c7ce406657bc3b1f7c14f1600cf700ed
torus.out0.03737.h5	5d33ffbdee6fa808fc4106aa3fc06cd7
torus.out0.03738.h5	bb8265ef1ad9becf0806f842a669bf93
torus.out0.03739.h5	f4beaf66367036d3280b902dc812fe31
torus.out0.03740.h5	7953611dfaea5634c53b816ebb0b866a
torus.out0.03741.h5	e3431fa8245adcbd1102e2f5658e53e9
torus.out0.03742.h5	f16e0d73e30defe2daa396a06efb3357
torus.out0.03743.h5	cffb61d8e49d476713c42b177a7c6d35
torus.out0.03744.h5	263a5ffd1eaaf3872bb7feebf311f8c8
torus.out0.03745.h5	a1b269cef52a35b2d811047b84d345d8
torus.out0.03746.h5	c16ec1b1872f4a025aaf53a7cb6face5
torus.out0.03747.h5	f703c852d64e2c1b1081ef368b82d8fe
torus.out0.03748.h5	42c289b1f3c7c65a905672f99d007fae
torus.out0.03749.h5	219453dbd4321eb9fa1c7654ce343970
torus.out0.03750.h5	16c09de96c2d01e5eab209d2fad071f8
torus.out0.03751.h5	a83ef60394a60f840d4fae377ae77c20
torus.out0.03752.h5	1f2be5baf265a644c4d0bc8319f53fcc
torus.out0.03753.h5	3b32b00befd567fdeabe2f78fe0dfbbb
torus.out0.03754.h5	62c99ddaaab2b6fa1a971aeedca989b2
torus.out0.03755.h5	6af1dc2cea1bd9d881c66a9e36b20161
torus.out0.03756.h5	3a56aa15cd12bc4c70bf9f54b4d85a37
torus.out0.03757.h5	5b45bc5d6792a8af5a110d8145656744
torus.out0.03758.h5	c416c0955cf3d6dd81392632c33dd6af
torus.out0.03759.h5	514b19407c998bac7ecd7cef37f8b354
torus.out0.03760.h5	02f391af74f719fad94982df28c733ac
torus.out0.03761.h5	78a6d2ee32c8db340b1ae237dda1912f
torus.out0.03762.h5	fa948e2ed5db52f8f487b3349e8eff1d
torus.out0.03763.h5	ba1399a72b929aabbfead9557bbacd1f
torus.out0.03764.h5	5a529ca6bd8a36569070f6c39df01d26
torus.out0.03765.h5	365dee95edf773b57f4671e1409951cd
torus.out0.03766.h5	7f91c01cddd29b216d2b476c3f722cd9
torus.out0.03767.h5	5f53aa2c25b09491cce107d3176aff9b
torus.out0.03768.h5	b0bcf82705e82462f512297dd5cb9610
torus.out0.03769.h5	a006e5f8a88626f2ae962af45240535f
torus.out0.03770.h5	05a714ab28241a58fe07b45ed4431314
torus.out0.03771.h5	d09cc46cd7623821bceab96569a148d2
torus.out0.03772.h5	1fd099e1467282c500d6a4ece1ac2e0e
torus.out0.03773.h5	d5da448cc8d8e9bcbba971a107b67673
torus.out0.03774.h5	efb2eac578a72f889b177d94409c9ecb
torus.out0.03775.h5	a7a34842f7f2af8939b0d6cf92448350
torus.out0.03776.h5	15901df45e1fd8fdfbfb96d6f2205618
torus.out0.03777.h5	b87317770b31ebcca86f0483c3733f25
torus.out0.03778.h5	154b8ec3b713eed89085787ca6a8514b
torus.out0.03779.h5	9d8c828ed6a4b017cd1df7fddd11b914
torus.out0.03780.h5	70a8656207201c18549fd827c19ce687
torus.out0.03781.h5	f27f8ffb78396ca535357e7502dd90dc
torus.out0.03782.h5	50741fa0fc5bc5f51041dbaad00b36a8
torus.out0.03783.h5	7d6f3712ba72590bdc9c796995573905
torus.out0.03784.h5	0691930dcd80c52416c5dc0aaeb08628
torus.out0.03785.h5	41cfeb3728720e9f005402cb673ef040
torus.out0.03786.h5	f0f8f60bb7eb2e4d3060eef5bca0ff06
torus.out0.03787.h5	7b7efea6050fc61beeeac93a75d259a6
torus.out0.03788.h5	741d95225618ed36d45ba15f1219e1a6
torus.out0.03789.h5	7a76c72d91759f25c6dc8ddedcf05d04
torus.out0.03790.h5	aca9d11c5b541316295eae22b1bd5209
torus.out0.03791.h5	ee48428dd5c332dfc49ff8647cd590fb
torus.out0.03792.h5	8cb3f7d551c3ef2826280df9a9230af0
torus.out0.03793.h5	88cb955da8a14f82a92c85761e9f34ba
torus.out0.03794.h5	67d62014279534d9de6e7d88b9b7f6fe
torus.out0.03795.h5	b25b2565e0e4377e64487801dd2be337
torus.out0.03796.h5	122246d4e132e3aa97e9c701f8320b97
torus.out0.03797.h5	61bfffd9e307abbacf038b3f7174700e
torus.out0.03798.h5	eeb322cd93d65ce6c1e5e24110164d0f
torus.out0.03799.h5	61ffbf3c9027ee259c939cc97d676e3a
torus.out0.03800.h5	245412e6ad538113d93840cd30a66144
torus.out0.03801.h5	0fa674407ec43460848b5d75d7fcf340
torus.out0.03802.h5	bcf8ab6d5bf8e96b066af3cc7fa87e7e
torus.out0.03803.h5	c2b9b0b3d33b346049c12330b6f518ee
torus.out0.03804.h5	858d521282d30810ae723d46468e5efc
torus.out0.03805.h5	0602fd71fead1253aaa61e83d1a64b11
torus.out0.03806.h5	606a06f8567efcdad494ccb41331ec0b
torus.out0.03807.h5	7c6765ce06d820b92f06445522d5c68f
torus.out0.03808.h5	bcf36f7d8ef049e23c292c19ca60dd0d
torus.out0.03809.h5	39734bf1d2603af35e311293ef1181eb
torus.out0.03810.h5	23094ec87d20391c3a0420508cb5ab7c
torus.out0.03811.h5	e678495dfa0cb03189124cea6f65be3c
torus.out0.03812.h5	b7d31c6de174e514809299000e737ed3
torus.out0.03813.h5	caa4330593afa2b40a1635790c8b2f3f
torus.out0.03814.h5	ba00a9c5592b9419e3bb9f5391617c6c
torus.out0.03815.h5	e0a82ca54c24906122cc4d7bb9e5ce63
torus.out0.03816.h5	b1a387b0537076db3f46b35b24f14c08
torus.out0.03817.h5	8f3285d735010ff2981c046848b82376
torus.out0.03818.h5	7159e568fdf7d44403214836e0b044ce
torus.out0.03819.h5	3895d0f5b27812f350c94b19f9d93322
torus.out0.03820.h5	ee5e5349081e08a0163482651ea1773f
torus.out0.03821.h5	0b1fcb0a0f4159b5b837231ffa48ef43
torus.out0.03822.h5	292fee0a15d882f7ff86d9f2e8233c66
torus.out0.03823.h5	9113d2451ac629d4c2d716cc34433469
torus.out0.03824.h5	406019a90c03bfc59407f84b1343ce4a
torus.out0.03825.h5	92ee2a893e6e6708c78354332fa511df
torus.out0.03826.h5	d4a2fa89fa4220ba6e675139ed2bba43
torus.out0.03827.h5	28f4fda06658d8f757b79b35fb0e24f2
torus.out0.03828.h5	3939cd93ac0deaff24fb53470bffa3ee
torus.out0.03829.h5	94237abdc58749340d7820dcf450469d
torus.out0.03830.h5	2bb821d83ae5adeb8b2c067c20ad0db2
torus.out0.03831.h5	691265bc5c2f01f03f34a69685e8d65c
torus.out0.03832.h5	f89a669df62be9656de85e306fbcf139
torus.out0.03833.h5	572a1f141ac2a3afdd4090528ee62aa1
torus.out0.03834.h5	7cd0f5b0505e6fba7f021d33800ebab2
torus.out0.03835.h5	bf2971cf3c11e50bec1e0ba2cdf903c8
torus.out0.03836.h5	bcacae3c20e9dc489dfbf62fe298c5dc
torus.out0.03837.h5	8123ad852fc7b02ff504fe92ca6423d5
torus.out0.03838.h5	37c929bd45a001144e45a78f46b70525
torus.out0.03839.h5	17bf13aef21c5187678496605985ad2a
torus.out0.03840.h5	55dabac6f3641b4a838ab597a229b999
torus.out0.03841.h5	bdaded1fd9f4a9997d68fd36eabd1c3f
torus.out0.03842.h5	f54306fd0eed91cf591928e9cd39f73e
torus.out0.03843.h5	16b5ef56b5461c040737e9a1e981fc72
torus.out0.03844.h5	5f83587fa3d308cbdf80666813c2e08b
torus.out0.03845.h5	7ca7b741519817618a30ba356c78e419
torus.out0.03846.h5	fc492c6d0afdea03c908a55bda4f855e
torus.out0.03847.h5	60a9285c044878ab2da70021c08ca400
torus.out0.03848.h5	8ba792cf45baf052480f525677b03696
torus.out0.03849.h5	4cd4643e3ada653501caddf7f7791c23
torus.out0.03850.h5	a62e08aeff570d22d4713da5320e1343
torus.out0.03851.h5	21740ab57a0a0f21e0c0cc94d5cad086
torus.out0.03852.h5	5843a02d29f49844f8d243f8cb825fd3
torus.out0.03853.h5	8a3429595a24ad97b8a681e71b729f1d
torus.out0.03854.h5	a909c4c461804e07cdb7d7db74afe333
torus.out0.03855.h5	36e19aa66f500d9327e68b9232f4a7d9
torus.out0.03856.h5	813e28bb17350ba63dc3387a5e32927c
torus.out0.03857.h5	d6a34752b15b356218bf66e4511b5668
torus.out0.03858.h5	878a95f16c096adb1de98ac80c09fcfb
torus.out0.03859.h5	1a08107ec3c9797de40ffb241e278380
torus.out0.03860.h5	4ab01cd5e0366cf07b978da1ab0d32cc
torus.out0.03861.h5	9cf9e06c6b557d71f3e23a6bcc5a2008
torus.out0.03862.h5	5fecf1c1d50f5727dedc088aeaae7e0a
torus.out0.03863.h5	3fdccaa0894418e256a6b56467cf88ef
torus.out0.03864.h5	ea8ce03bca1f1f874fc654e62d08ffb8
torus.out0.03865.h5	30f1fb8cfd1640305a0ae5c51d9236d1
torus.out0.03866.h5	b4a145bd5ee129fe4d6e53dc0dd1621a
torus.out0.03867.h5	6f6cca0ff8c93d52add248c0439bea55
torus.out0.03868.h5	888a143257494f126ef970931896518b
torus.out0.03869.h5	e5d3c14fd8d03c36c4a2079e199062f9
torus.out0.03870.h5	4d4b0ab15be39ba88d04d6bcd69c940c
torus.out0.03871.h5	ef6abffb2ab03afeb176bf20d28f25f8
torus.out0.03872.h5	e28b72d017ebc7bf5a90fbef8badc88e
torus.out0.03873.h5	c1658fe0f83b42aab386b663144fa478
torus.out0.03874.h5	2f1e9c1f17a0b19e49eae2c20ca2c994
torus.out0.03875.h5	de43346d25c9cb84c2ccc9b552fff332
torus.out0.03876.h5	d0761721c69c44b8d39a79429118df92
torus.out0.03877.h5	d1c759a1bafe41875ab9cbbb21af32dd
torus.out0.03878.h5	7d0eefd42ca3399de447487d7c557d7b
torus.out0.03879.h5	14c0def2898985bb8882a99133ac2847
torus.out0.03880.h5	01dad69e1870148028e8ef337bb86e9f
torus.out0.03881.h5	22ec98261920ce739e9f9153741a1f8e
torus.out0.03882.h5	e53e8e604b023167295d58660ff92aac
torus.out0.03883.h5	c9498c9c4b9b3a752aa24921a9169449
torus.out0.03884.h5	6a97d04e4a2d46e3663a7bf116d674c6
torus.out0.03885.h5	d5c5a40198e3cf5e70dbff4f2bbe819d
torus.out0.03886.h5	e6bade65bff4a9559ef826bb166e3eca
torus.out0.03887.h5	82ddc48b18450ef68f2257a804d0896b
torus.out0.03888.h5	b6fd9769870277b99f16ac16256da7a6
torus.out0.03889.h5	70dae51b0b5a82690b990c419a575484
torus.out0.03890.h5	4859477b7cde8e64af55ab913284c12f
torus.out0.03891.h5	4d63d22f12f37dd8a3d8105255f67ea9
torus.out0.03892.h5	365193b87184debad0134149fb9969a4
torus.out0.03893.h5	4da3e17310126f5f628590c613dcad2d
torus.out0.03894.h5	1b2721b6aa177ad8203618c698abdd79
torus.out0.03895.h5	460c9dfed6c1eb56794a5a2f68e08a7b
torus.out0.03896.h5	33b596fe0c889a625e16e8c252fc2699
torus.out0.03897.h5	ef7d0937b8b75a5ac723a0f078e3fdf8
torus.out0.03898.h5	c5ebdd7cb10528049da3964341bc4d04
torus.out0.03899.h5	11a192cd276d7ffeb0db3cb5cf7c3b0b
torus.out0.03900.h5	6aca8820627aa50388e15a62ca1134d5
torus.out0.03901.h5	0da0d4edd2dafd5038863ad7b7f938a0
torus.out0.03902.h5	187acce7cd928ee7bf71ea1703513bc9
torus.out0.03903.h5	dc976e8d28291300194f209ba7208c36
torus.out0.03904.h5	272b0b0247f7f951f344c1ddb47a2534
torus.out0.03905.h5	3fde46cf4002eff42b22bd2c5b336cee
torus.out0.03906.h5	09542dfc0139631920383c04b219b0ee
torus.out0.03907.h5	de50cfc39c33f4a0d2ef895d038f15b0
torus.out0.03908.h5	f1911a27ee030a5a3c0c1b4a01aeb425
torus.out0.03909.h5	fd2f0c2b33680cf3a1ddf4421e0e5200
torus.out0.03910.h5	6c208cbbb6d6de12969feab4fa8f2f89
torus.out0.03911.h5	abc7bb777539003b3ebb4c32355c120a
torus.out0.03912.h5	f557fff44ee5a82433bb4d8cf4a707cf
torus.out0.03913.h5	3363b616707f9bdb0c1c6a6c588fcf86
torus.out0.03914.h5	e1ed5667e7c35880eb8707d47dfc35bf
torus.out0.03915.h5	053714a6f698d50952110bd2a9d08e00
torus.out0.03916.h5	26ce657830ac3887236e16b10d1db027
torus.out0.03917.h5	5957e2158670cfb391baef3124b81342
torus.out0.03918.h5	a24852b59cbda6c8ae93d6a92dcd2995
torus.out0.03919.h5	ecddaa020bdb488ad18009b862d435f0
torus.out0.03920.h5	c8bcfff46516ca5a2d9d7a187d181bfd
torus.out0.03921.h5	32f0c4028212bea8b81133b258510383
torus.out0.03922.h5	ee3ad0984d39f74337d83b7f627f6c6c
torus.out0.03923.h5	3f8152557055530f784b65eabf36de6e
torus.out0.03924.h5	9c444dd99405715a8e28a7e1b2ac017d
torus.out0.03925.h5	75507e6eb87e5f2636329d0067503072
torus.out0.03926.h5	565bc9896c18bab0e0104e0f48a2c513
torus.out0.03927.h5	f3cb6305551dbaa3e692c232b2fb7ec2
torus.out0.03928.h5	402a9132c1e3e0f09b29b01200def0b5
torus.out0.03929.h5	b454f932faf57ff9e752422cc9b698c1
torus.out0.03930.h5	30b6d5a4cff8057a5f93a92c0a047599
torus.out0.03931.h5	f6726c6f9b724d761f146cd36688ec35
torus.out0.03932.h5	344c70bec2b5def4a0202af7eba3edc7
torus.out0.03933.h5	36a2a1d3a8a26ec426adbb5527762ce1
torus.out0.03934.h5	67bed89b1eb14b133a1b42e6d58d9433
torus.out0.03935.h5	11a57050e133979ca1afae2d7ccd01aa
torus.out0.03936.h5	c997625d6092b740204e8d0092dd75d0
torus.out0.03937.h5	1a70e847fa6f57c5adb331bdf39aa1ea
torus.out0.03938.h5	f338c37d4cd8574373f50d6911b8abb6
torus.out0.03939.h5	52c1b43832d86ea5cd1b54f93f0f7a97
torus.out0.03940.h5	7cc1147d4d638b46de4305d710a0da46
torus.out0.03941.h5	369d57c7e4817e6f10d49ab70fb96db4
torus.out0.03942.h5	e96fd7dc31fa3a024a7bdf8c5770d83c
torus.out0.03943.h5	edbf1d42cbb391a9e6fcf2699f8b1732
torus.out0.03944.h5	46d5d20917ddbfd1b06404d3346307ec
torus.out0.03945.h5	58ac0e77321921691d3f9826a6fc4d12
torus.out0.03946.h5	f0211fa4f4f5337dbd7ac61f844d12b8
torus.out0.03947.h5	066c4d5e203f0b4f2ae47bb26dd1c563
torus.out0.03948.h5	978ffef5e01594762621a84ec423a8c1
torus.out0.03949.h5	aa2e33751670962f9545e008226ff63a
torus.out0.03950.h5	675701b8637d63bc36a9a887c0c07eb9
torus.out0.03951.h5	fecf39b1177e1eda9cc871d579c87a36
torus.out0.03952.h5	4ee2e1de611517d4e71601606c5f5fc2
torus.out0.03953.h5	966e8067a054b8b73286b64b352288c2
torus.out0.03954.h5	ef6995df6e9aafde4c0bd2b87c376b5f
torus.out0.03955.h5	c4d90db3253e14c89246a69a6ba8337b
torus.out0.03956.h5	70b731205d7195f82cfc3e1467b344e4
torus.out0.03957.h5	dfd1c79c17227c49ae60ac207a79f285
torus.out0.03958.h5	134b03891b537b829c0dc39d2dd1f111
torus.out0.03959.h5	255c6ff353317430e75afa70466e0910
torus.out0.03960.h5	e726d9617c76da2e1128b6121bde4d09
torus.out0.03961.h5	e665a607232c65a1e8084f632c939fff
torus.out0.03962.h5	f0fd9a51058680c7af7b46177e13b86a
torus.out0.03963.h5	a4699fce8a7610a5974e33870c16cd01
torus.out0.03964.h5	72b91a2a1a3cb4c937ed9cf750b6a97e
torus.out0.03965.h5	1a3a81e7e57b2f9a38938828cb954d6a
torus.out0.03966.h5	169c55ba158cff5995eb157464d3eea0
torus.out0.03967.h5	3eb5b482f690edf878a8883f76875450
torus.out0.03968.h5	6817ced7378656dcdd2003b644535eeb
torus.out0.03969.h5	883ada3c2f3bcc29af27c7ec0a62f21e
torus.out0.03970.h5	7ab17c42f5bb3fda71554d5b2d643085
torus.out0.03971.h5	f8176693e8756ee630cce5a87b0cd4c7
torus.out0.03972.h5	484d87de8d51575e686c2873bbcdad69
torus.out0.03973.h5	9148463bae0a76efc5373e13834a00c2
torus.out0.03974.h5	0d8ef65d5c77b2eb24a9df31771c4c1c
torus.out0.03975.h5	da4e899f06be450bd326ad53085defa1
torus.out0.03976.h5	6e7f1fc265a15f7c46ac861677656c15
torus.out0.03977.h5	1b863511ad0e9a8b7c68ce9b55a35155
torus.out0.03978.h5	ff3e249f03a35f206ca94cb94a5f7d5c
torus.out0.03979.h5	656976fd5abd74812c58c3b95ba1d2a7
torus.out0.03980.h5	7645b7f342257bbdc697044099c5bbcf
torus.out0.03981.h5	71421f69ca9573a6ec6f74611ad2b1aa
torus.out0.03982.h5	30e4cfdb17673cd48a6d64618914ae13
torus.out0.03983.h5	fd6cb2d33f1464a6ec81f010dd825a92
torus.out0.03984.h5	b623fcfc7e66f6b13659c855fb2274be
torus.out0.03985.h5	122d032fe38da582613b16df9143f232
torus.out0.03986.h5	b7b961d81e07e3eb8113e2fc44a0b996
torus.out0.03987.h5	abd4d76b0ad7006eaa2f0c05fd22abfe
torus.out0.03988.h5	0126a978800ae8e31b5a556e245715d4
torus.out0.03989.h5	c12fdcb02bd7398681883f60ac455236
torus.out0.03990.h5	85fdf338fe2bdd30f519c59b0a5de501
torus.out0.03991.h5	cba72f461476e748f7c32180ef727b62
torus.out0.03992.h5	247d7ca0e83785f11cfe274e5eda7f1d
torus.out0.03993.h5	dfcce891fb1a6fcdb6ac6b7c82287967
torus.out0.03994.h5	a9abcd5fc230f7f70c4b9247b3e86438
torus.out0.03995.h5	b20832d3f11ff98ee79d492f046db22e
torus.out0.03996.h5	ea347333ccaa3f7feadf0f010058eeba
torus.out0.03997.h5	91d28e95e3473320ded53c057a43d375
torus.out0.03998.h5	6036125c5af316292b4b2a73c83e6cc6
torus.out0.03999.h5	83558f02f45ec7b069e665360d16cce5
