torus.out0.02000.h5	2be7fad4377c9d7bb70c5309f47bffce
torus.out0.02001.h5	ca6517a2a8e81ec10eb2cdc4c1baeb01
torus.out0.02002.h5	b5f7346f3b2380100ca77445ee3359d9
torus.out0.02003.h5	037046c48e317cdfc1414667f60e4dd5
torus.out0.02004.h5	8f845da993fa850bb530cdc6e37f782a
torus.out0.02005.h5	3eed51a291f5c6ba47f2fdd0cc15e2de
torus.out0.02006.h5	39979e93637b354519637c6791cc8a2a
torus.out0.02007.h5	78fe4d2622868c161fb00b1f5d5e6205
torus.out0.02008.h5	101b7161facf0bb1ec325f1f09266e55
torus.out0.02009.h5	3787c0e9e999ed8305fc89c0bea4b370
torus.out0.02010.h5	ec518d3aa3b660e2c61c0dc66b6a4fdc
torus.out0.02011.h5	05c5f7367ef2dcbbb3d83866b86f0164
torus.out0.02012.h5	4db1a5a5b134e28ec296076ed864d6ad
torus.out0.02013.h5	33a5cfdd271e9a27f4d9c308edad2c91
torus.out0.02014.h5	100ec360849c68ea8aeab431d80dcc3c
torus.out0.02015.h5	540a6cdbad837e06e2f8f68acfd8c74a
torus.out0.02016.h5	c1429406a4c2f89e1f92fbbf5a434aea
torus.out0.02017.h5	00729555d7b1ad6f5643ccf3473ea15a
torus.out0.02018.h5	085f8b478555ef2d083342ebb294d5c6
torus.out0.02019.h5	bd3e25fed5ee4fe6b5d116603cf62e6a
torus.out0.02020.h5	27c5ded495d6926121c4a7828fa8f34f
torus.out0.02021.h5	0ffa0f0c4cd1705a53c8745c1af1ec5a
torus.out0.02022.h5	62aefeaa5ea2b66cadf76c21ef156971
torus.out0.02023.h5	ad1178b0d2d7c8e574e686fd110cde6a
torus.out0.02024.h5	09e100a23a51b9cf52a4897b7e6ec319
torus.out0.02025.h5	6697806385a23ac05d123da48a0b9d53
torus.out0.02026.h5	0b3e51ea8d453edf262e5a69e672054f
torus.out0.02027.h5	6cb98007b93948054f470b8059280e2c
torus.out0.02028.h5	b5f1792f06b909aa052e06b609cd01b2
torus.out0.02029.h5	7da7c3db84ea89440accc0a8da2a7212
torus.out0.02030.h5	5eee13d689e19bc82470389f0bf6abd6
torus.out0.02031.h5	3dafe66a97f0381890955e635ef8ed34
torus.out0.02032.h5	7997576321291b0037bd05b2630b7ed9
torus.out0.02033.h5	1afe0b6b16507fdbdab7bce07f71d849
torus.out0.02034.h5	36f4631c2ef35a4f5a824000c882b187
torus.out0.02035.h5	265839c02bb5b59ff0aa5f606d07bc3b
torus.out0.02036.h5	36b1f7402dbbd30138ece735ab0cbc2c
torus.out0.02037.h5	5c517326919dcf847a2d8cb41726c406
torus.out0.02038.h5	ee4c4115114238fca12c40abcf32445c
torus.out0.02039.h5	63ff24cc9ec03398d7f9bebcac03af06
torus.out0.02040.h5	e12f3d266b2c304742d49b96e1d8879c
torus.out0.02041.h5	7dfecd4dc0f62220fe79e09f00d32318
torus.out0.02042.h5	540340fe7a66d57f6bf685590c1fc2c0
torus.out0.02043.h5	5f2165896064dd9cb4b8578820993626
torus.out0.02044.h5	b6eb6f3cefac21455edacaa38dc9f994
torus.out0.02045.h5	cb28b666eb399510fc335759a1f31a00
torus.out0.02046.h5	ac89ea6511148586a34750084e5bac57
torus.out0.02047.h5	81686949c8ffe0a75d34b1d9d43ad609
torus.out0.02048.h5	c780066b16bd2e4041a9151a5e89e44b
torus.out0.02049.h5	699e92716cf0c5aa4b2cf8e50a730737
torus.out0.02050.h5	97a0500da6fd023cc5379b1524ce0ba5
torus.out0.02051.h5	09c6d95676fe60ff890ae59597df6fc0
torus.out0.02052.h5	6b984b13c13bcdf423f0fa48d28d40bb
torus.out0.02053.h5	c84b10b5495160e2e7f27d7a31fc06ed
torus.out0.02054.h5	d2234eb50eb3c907366d3f5df4b47cf6
torus.out0.02055.h5	6d7a4ee72cf89b8819946cb946e0fc10
torus.out0.02056.h5	aa6ef04d969ec4d6b06dbae871087606
torus.out0.02057.h5	36e763bda42a2010d2e8675735d372cf
torus.out0.02058.h5	e07beba8b86b578e5821b712faf1be9a
torus.out0.02059.h5	23c5479b0cf4e13f3bd084443d25a69f
torus.out0.02060.h5	c7c181cf2067cf4fab0b52022f4a0917
torus.out0.02061.h5	714d975f154c25fa597c9a163071dd44
torus.out0.02062.h5	b273684c914b71c788b3402929a61f8b
torus.out0.02063.h5	0d5ea178cc3d37ba8f5e42f739470f35
torus.out0.02064.h5	306aad38cc227cb66805d89678ed0939
torus.out0.02065.h5	36098440f1e00b724190fbd0b0d267f6
torus.out0.02066.h5	900c1c5b37fe9c25ddf99b01c2d5c473
torus.out0.02067.h5	365e7b553066f15b74cfa16790990267
torus.out0.02068.h5	ec90636e7de9892705fcc4bc698f34de
torus.out0.02069.h5	c3806adf0f1f3914734d24da76fd9a7d
torus.out0.02070.h5	858fd9e52bbeacdb39084f92e03fe236
torus.out0.02071.h5	20e8a1f3068da80f786aea41f03475c6
torus.out0.02072.h5	d1294c7f8bae40014f8c80668ddfccf4
torus.out0.02073.h5	1f91dedb03954b86f8b0231b24ac566b
torus.out0.02074.h5	ed5bcd30e9799974d0452e3d6026ce8c
torus.out0.02075.h5	ac01ac21b92d9b0984fbca6225b8ed37
torus.out0.02076.h5	76142ce0eb390e2f50e6d28fe9324f07
torus.out0.02077.h5	d89cdd94eefea9b0dd0caba992fa2160
torus.out0.02078.h5	1f33d94d4d082bfb1ff1e0efbe3c0a42
torus.out0.02079.h5	a55e716dc613f5b58cdfbdb70a174c57
torus.out0.02080.h5	d8389f14eefeb30a735d6f5659f922ea
torus.out0.02081.h5	ac9e1b1350157250c1079b249e7dcfe3
torus.out0.02082.h5	65ab965d0b30ce09d73250ca6272607d
torus.out0.02083.h5	0a73bfca3379fc670be5c7f59a3a174c
torus.out0.02084.h5	97b9415d0022ea611241693fc8680560
torus.out0.02085.h5	e0a2bbc6c3665c81abf3bfb4436d4d18
torus.out0.02086.h5	55b136c5dc97ff069b1edcf8292a0418
torus.out0.02087.h5	f1338f222b777a151992c66a9dbab4df
torus.out0.02088.h5	e19a2e0b6b218ac8d6511cb9344cd278
torus.out0.02089.h5	c58e2eb0390194932459fd722a26741f
torus.out0.02090.h5	e1708eed8d8fd36763db1e6eb71e155d
torus.out0.02091.h5	68aea4d3a56350081fb8e2c1c7b830e7
torus.out0.02092.h5	2554ea59f24700b4428710bdd3fc0256
torus.out0.02093.h5	f86e6acecca172eac418f50bc000d694
torus.out0.02094.h5	146c71c28f2fae1e75ec4b5c44edf6d7
torus.out0.02095.h5	6db848f79bb5197335e64ea0dc1ca8b1
torus.out0.02096.h5	37293b05457f83fac548c1b046834295
torus.out0.02097.h5	94af8fc56e5e9190341755747fdbc7ac
torus.out0.02098.h5	a4a1561c70d3f7b113d8716313f88e5b
torus.out0.02099.h5	f3117a032c09bf8c180edd408806541a
torus.out0.02100.h5	bce2cd79dc380974c785e21c3b43737a
torus.out0.02101.h5	685a8229c343699af33b45f7ebb3af8e
torus.out0.02102.h5	5e795e70b5ef2abcc85c3b68cc684425
torus.out0.02103.h5	20db5c675bb70c3e86687152f4b55557
torus.out0.02104.h5	af15efa6db8e5bab32bba7e26f409eee
torus.out0.02105.h5	16ac5a8119ff6e07d3f165fc8a7f2276
torus.out0.02106.h5	c03eaedca4e53ae0c265eb03955be44f
torus.out0.02107.h5	8eff16a20a5b7be3bd30db1335dcb28f
torus.out0.02108.h5	eae4230e1f9620bf6dacaf3153501803
torus.out0.02109.h5	7a6ea1176c225164a0da9f6a03cb7465
torus.out0.02110.h5	8b4072e79629bce1b28ce39ceaf6af22
torus.out0.02111.h5	3701ad485ffeea18e98350baaeba468c
torus.out0.02112.h5	f23208c1720f506b9e87a057e4566024
torus.out0.02113.h5	f35b6272dc7b223f40a1b0a5e5bbe9c3
torus.out0.02114.h5	bab79c505cf64954197bbfd887c56c27
torus.out0.02115.h5	ac9b5f5c31ab102f65b81a3d8fce508a
torus.out0.02116.h5	9c470ce402dc37187b0cf7034ad40b01
torus.out0.02117.h5	b522e8262ad77b5b87077987392ce11e
torus.out0.02118.h5	4313d545e236a7b426fc46580c84790d
torus.out0.02119.h5	fdb1942c7744fcbd26b088b838630691
torus.out0.02120.h5	e9b8bcaf4bc781cad6ad8b93434f8437
torus.out0.02121.h5	d9d224210926d7e3c8da495c4984073c
torus.out0.02122.h5	a7a39872610cfb856e405be51de50329
torus.out0.02123.h5	10462e1c107c878bf3a6768dd476fb1b
torus.out0.02124.h5	3908eb5ed16e97a0bbd27eb483758524
torus.out0.02125.h5	f685b026874f8e157719ab28ed0c7a85
torus.out0.02126.h5	a41558d1ee706b72820972ad1a6505c0
torus.out0.02127.h5	20d285eb6ec22a81ef36061f4b901929
torus.out0.02128.h5	a87351549e5f61618efb7d6b11179547
torus.out0.02129.h5	5b2b1aaa796259564b40fbbaddd323b4
torus.out0.02130.h5	6c4d348fad3fb0d7b0ae621829abd6b5
torus.out0.02131.h5	c5320b5de52210e2726730c99f95df29
torus.out0.02132.h5	594de66886679fbc3133405537c02f52
torus.out0.02133.h5	ec9acd0901b908e100364f6f0bc2c152
torus.out0.02134.h5	40244c7a82779053808f017ff6af6fa2
torus.out0.02135.h5	a934e467e7c6cd68455b15ff5f53df38
torus.out0.02136.h5	bc254aa2e988458e535e9563aebd4823
torus.out0.02137.h5	903b4537218ad358761a228811b020f8
torus.out0.02138.h5	6811294019f62b1afa22b1aee889903b
torus.out0.02139.h5	10795bf660a9defd722e39afff3e607d
torus.out0.02140.h5	b8394bfdc1b15e959277bfe26f7e90a7
torus.out0.02141.h5	d02756463be1ccc4bd6b9e78d18aaa33
torus.out0.02142.h5	427f03373a54c24c6ff15639af5dda3d
torus.out0.02143.h5	f864b4042ee95af0b6c0bf3027134cbd
torus.out0.02144.h5	80073443f59770e6317c02347d79341d
torus.out0.02145.h5	6027943052f88fc1617fc7cf4bbb0adb
torus.out0.02146.h5	7ba8e9990c39c0b1ce1b080e92ebd910
torus.out0.02147.h5	57eabef74157fb5d7b5de0d2aa448944
torus.out0.02148.h5	d284d2cccbeb0120de90603009909ff9
torus.out0.02149.h5	f9a8f057e10455fc08313043042eedbd
torus.out0.02150.h5	6673802285d78bcb1d6f921241a77186
torus.out0.02151.h5	c6638b791177890696b5968cdaf6df63
torus.out0.02152.h5	8b9d822727b391595cdffbb64585eb17
torus.out0.02153.h5	f8f78ebc0a26d1d5d63a1bd31860d610
torus.out0.02154.h5	de4589d6ec4b9e7bc6e4f4e9fdc828c0
torus.out0.02155.h5	6e766a2cf87bed01034df4363a1eee6f
torus.out0.02156.h5	1ffd600de39fbca2b1764595094cc78f
torus.out0.02157.h5	81e3acaa75b436e59320d811895f648d
torus.out0.02158.h5	ad8fa8d2e33503d3b7ba31e9f04b437a
torus.out0.02159.h5	c1c478eda4c02c67bd76ed46132a2692
torus.out0.02160.h5	97329a726a2054f44ca2e5b4c77b2e68
torus.out0.02161.h5	609c3cadb5cf23fdf47d383dc163df79
torus.out0.02162.h5	ae316b86811362b5b81912b5bd97a029
torus.out0.02163.h5	e7d0f0044c620a1d7eb077ac0d777397
torus.out0.02164.h5	2f0ae56542c45778ca9a2a18e75bb5f3
torus.out0.02165.h5	2f26f9dc63e7fd9c0478285ee152e9b4
torus.out0.02166.h5	45540b8fd6dbb627093667aede6ed51a
torus.out0.02167.h5	06ff2a477e88df1766dfc0d441bf2de9
torus.out0.02168.h5	b150b651198fb25d3101edd79b9300e8
torus.out0.02169.h5	898678847219751d8fdfe03a80ec61bb
torus.out0.02170.h5	175256137bfb90aedd1aa58959f173b7
torus.out0.02171.h5	d05936f5261fa6bd0e3b4fbd89a524c2
torus.out0.02172.h5	7424e63e200a7ba6408e1b665cd271bc
torus.out0.02173.h5	36901d602fcbc4e79432a0bc8d8842f0
torus.out0.02174.h5	689ef36c58cb569e0c9102a6162a7181
torus.out0.02175.h5	908344f97b4ac51ded2872f27f46c5ef
torus.out0.02176.h5	16ce645feb3b4743ae8cab5d0ab686da
torus.out0.02177.h5	e1c096f21367965a3aae74f57615d8ed
torus.out0.02178.h5	b9ef18a908f857acb5593b8b807e11e5
torus.out0.02179.h5	e90789eda63546f8a8d11912f90300f0
torus.out0.02180.h5	08094af24ef1357dae0b8c7ff4940474
torus.out0.02181.h5	8e3488a0b2af5c675ea871f5beca667b
torus.out0.02182.h5	cd1605a23fc5d636c0565a5a541e2782
torus.out0.02183.h5	be0875ed8e4ca789049367f98777618e
torus.out0.02184.h5	3bb2a35a42581798293e120e59a325ec
torus.out0.02185.h5	5f2a3292b530930d25290f487bf08138
torus.out0.02186.h5	0d4c26a3aff3c2c087366ede86bf8a12
torus.out0.02187.h5	d69b87b8c0e77279ec49c7b56ebe08b6
torus.out0.02188.h5	e9c0bc2a588befdfe30fcabaa40f7e24
torus.out0.02189.h5	d140a4b7de16365b04872e7d49e00a44
torus.out0.02190.h5	4da856f8301c67e4c3eb97df870b92d0
torus.out0.02191.h5	2a7bb491cf6cbca8b713458e7d2aad0a
torus.out0.02192.h5	db9874e82c02dea84ede891c84d3c868
torus.out0.02193.h5	06dfec27c3fe03da0798e4fa7daa0844
torus.out0.02194.h5	260c24a7fc98d2fc6b50a0eeaa782a7f
torus.out0.02195.h5	b34f4cedd4c849e36209ef8318ad2e7f
torus.out0.02196.h5	c46ca85e1cf4e87554d9e00c013176d2
torus.out0.02197.h5	0bc3b5ae13f0e893791841aae7d41477
torus.out0.02198.h5	c37022b8590d180f92878a08dafc08f0
torus.out0.02199.h5	2674b79f9000bae81569b94838906f81
torus.out0.02200.h5	582be588b16c39918c553f7337043289
torus.out0.02201.h5	c16d9184402d2653268ece952b99e72c
torus.out0.02202.h5	f3f4bc0d3b658b81190c811a3f348417
torus.out0.02203.h5	dc42132347956de0450c949161e7ebc3
torus.out0.02204.h5	58dbe8f6f57cf3c53bd1d0d6ae6c33dd
torus.out0.02205.h5	db92e4041df59fe12fc6158d458d6d45
torus.out0.02206.h5	8cb0d2caa857213e58802057bc3ad7f8
torus.out0.02207.h5	6ba0f6ac7613da302822395be926c302
torus.out0.02208.h5	d942585fac881ac4d7698b0224859f67
torus.out0.02209.h5	ee188d0a61d98f723fa78a37dde851b0
torus.out0.02210.h5	508db5add4b6e52b42bcfcbc3847f870
torus.out0.02211.h5	8f14145c0c1b4b00884ac499aeb3e4a8
torus.out0.02212.h5	5a736632744b8a7e6b3e887bf86b3ae1
torus.out0.02213.h5	b2f964c7001581688034974b75c55605
torus.out0.02214.h5	3df009330fb0d4f732a3c2b2025766f4
torus.out0.02215.h5	1644be7f2551023ee9f3c63ca40f05d2
torus.out0.02216.h5	730e8f8683e09861d2fdd2e7698614be
torus.out0.02217.h5	033a2320c111af547c0dce611b1752b5
torus.out0.02218.h5	f9509bf2eb628ab3987932dc60fc0fe3
torus.out0.02219.h5	6f9e13857dbaa650aeb3337d699ea226
torus.out0.02220.h5	5b8e14a50f962ac5af3c48d05b02cecb
torus.out0.02221.h5	a9d9230c0f7c48c39127a106cb9765fb
torus.out0.02222.h5	85ae0c9dac079609bef6bfd7c2601528
torus.out0.02223.h5	9b8d74a7fbe99dbf2400f9ac1b6dfd20
torus.out0.02224.h5	4a826f7c981a72ad5b03628c9d555db7
torus.out0.02225.h5	bde24199728fba6c2f48109ccf4f62bb
torus.out0.02226.h5	b8f5e3846fbf55d6f1f30be933561001
torus.out0.02227.h5	8520499c20638fa2daf14917cbba6af7
torus.out0.02228.h5	6dbc51fbe99285cfef853d5df62c497c
torus.out0.02229.h5	be4e1c9203178b940f2331c0b223d8d8
torus.out0.02230.h5	6b2e3c42957adf1d4a2d9cada5c72965
torus.out0.02231.h5	b601bed1c5bc2be406e1141a55b3b727
torus.out0.02232.h5	c2849321e2ad774af8db7bc7e542410a
torus.out0.02233.h5	94a1c8bbc962fccc1d7c2ed76d4b4ee1
torus.out0.02234.h5	5a6e51dc432ae1cfb3f946e4950fc34d
torus.out0.02235.h5	bf095a5c9bef4e4d909b263c1c974b90
torus.out0.02236.h5	7761b7c9df8ae3a90dc13ae1aab4c690
torus.out0.02237.h5	93654cfab2a056a0ba6f4245de9d5beb
torus.out0.02238.h5	1274b403da562ba4032d821b222129b8
torus.out0.02239.h5	c8c8e3043cfccb8d57f0400942c28ea5
torus.out0.02240.h5	bf80361ee041335e204d8d7f1cce2b5e
torus.out0.02241.h5	62ef8b3b4c1117ffc5d2d9f49ae431b6
torus.out0.02242.h5	a955de1ddeecf772c24795f0f594ab32
torus.out0.02243.h5	e29f1d127da186c1897fea70a78e90e4
torus.out0.02244.h5	f36047517f65c9605c7f1d5489425fa0
torus.out0.02245.h5	670969fc8cb877867b6b935bd443cb73
torus.out0.02246.h5	572100b78afde586d143731aff5c8749
torus.out0.02247.h5	5bf3ccd1e8ed734812a7c6c715097ab5
torus.out0.02248.h5	e73a950ccfce3aa0090a3fdc890fc465
torus.out0.02249.h5	b1293f4e817bed30cb80faff46ed013c
torus.out0.02250.h5	a2d4cb05d2054f8a40ca95d7e9077034
torus.out0.02251.h5	4b836edeeab91445970a0d3c8633fd19
torus.out0.02252.h5	2d0db2c405f0b0af1cedc432dcb66aef
torus.out0.02253.h5	6d91fda23973e46cd736a53918529cbb
torus.out0.02254.h5	458c0a3f5455de724f8a68c18fdbcee5
torus.out0.02255.h5	d07dfd08cc05f13131e7fb5757e13e1a
torus.out0.02256.h5	b6cca0ff89484e926c9232c01bc2ea4d
torus.out0.02257.h5	776ecac1462d190edc7323cf29cf08f9
torus.out0.02258.h5	75a350c5b70c24d70c9c34d384fc02cf
torus.out0.02259.h5	01352377556f0b88c63a9be65c34c80b
torus.out0.02260.h5	dd0590dfcb978d0020f2ed8c9c729ab2
torus.out0.02261.h5	5f0c6e00e6d6131c1a353836a3af5a29
torus.out0.02262.h5	02ccac684c5147c21bcb3c02987744ea
torus.out0.02263.h5	d9229101df4f7a6bc87f612dfa60882e
torus.out0.02264.h5	70b04826d6adf24ac34d8980da53205d
torus.out0.02265.h5	fa0cb5e3d9c1bb4590e533fdc5305d4f
torus.out0.02266.h5	85e66dbd1092564f9bd7a2510a0bb9b6
torus.out0.02267.h5	89829c6c72ce14863561b0b1881783e3
torus.out0.02268.h5	8141cbc7230f85740be76baf2bfdbaf2
torus.out0.02269.h5	54604b28561d4b6eac144035ff02445e
torus.out0.02270.h5	163d30e26d33cb7318f5f112b1eb67cf
torus.out0.02271.h5	c6daadd0d83096ea13984e2f09181514
torus.out0.02272.h5	50e8d621c6abd99be11baf57ce05221a
torus.out0.02273.h5	3bfa4728ea35527ee07c610376d1896b
torus.out0.02274.h5	de375a2137c40d81e2219987f8452a75
torus.out0.02275.h5	090b9fca6c97348f985a07acc8a2f270
torus.out0.02276.h5	d2a7bd49d93de003bcc74b0c58919317
torus.out0.02277.h5	49d1ee519d90f2baf483e9b856c08dc9
torus.out0.02278.h5	76b0ce8513ace1884a492e9ad4e64bb4
torus.out0.02279.h5	0faa3de2bc77b8941f8d2f63975c7d4a
torus.out0.02280.h5	26a772ae8b5e22662e623e2fce9b7cec
torus.out0.02281.h5	480617e0c0f0848454c890dca45bd931
torus.out0.02282.h5	dcaf837921440c136f218d9811bb4317
torus.out0.02283.h5	49da55deb87c84dba69cfd644488c590
torus.out0.02284.h5	3e73a4516a53b5fe6bc80d44b98ba0a7
torus.out0.02285.h5	74f7833eaca115e069937e94932b3c36
torus.out0.02286.h5	981e708a58c91abb26cde244f0ab1895
torus.out0.02287.h5	84621c43bf58f1be502aefa74be9046d
torus.out0.02288.h5	82e6cb754f835eafcf1a21ee2e15634e
torus.out0.02289.h5	72761296357948bde22e461aa1cb32b3
torus.out0.02290.h5	6f2d7178631f656b8bf2285343830534
torus.out0.02291.h5	f047ea6eba718a9922d8cbdf1e76946c
torus.out0.02292.h5	38acf84ce24f01b9f0268f0238c22041
torus.out0.02293.h5	2f9926f21ed3a93cf3e50c842fdbdbf9
torus.out0.02294.h5	bb5b16bef0fbb808ffc4ef476a57355a
torus.out0.02295.h5	f8f446b4ba42dc88ba7dec144a97de55
torus.out0.02296.h5	4ee8238b108832ad17e876588d9979cf
torus.out0.02297.h5	cfd5990e77b0558f8bfa825b8ad750c7
torus.out0.02298.h5	3ac55575923f195ed335de5b45b4f8b1
torus.out0.02299.h5	d6bb6284b3d4adc00670193e6ca9c18a
torus.out0.02300.h5	20f36b04d3a1486104c56c1f7f8a6769
torus.out0.02301.h5	82aa78f4a20caae57283cf0d5ba9fb2b
torus.out0.02302.h5	2d3b6f752928ed7ee4ca5f8dcb48566e
torus.out0.02303.h5	77834634d17e31ae39009f6610250bf3
torus.out0.02304.h5	c98750251659da2abb4c9fe59374b08a
torus.out0.02305.h5	9eda8f505b63bf1365efee0819e4a91a
torus.out0.02306.h5	94a5b714e648b09c3dc84648d45cfc9f
torus.out0.02307.h5	c3e3f6c6c70ddc352525951136a113fb
torus.out0.02308.h5	1a42294a726e15efbec15f781942b2e3
torus.out0.02309.h5	b96d68b1cb788add18eaf18a2514078b
torus.out0.02310.h5	47da317c68d8f29f8bbdae0e87ac9f93
torus.out0.02311.h5	a779a4d49627ba909342f5403b7f8c53
torus.out0.02312.h5	c8759f60d71eab984dd10f3bffdeba24
torus.out0.02313.h5	2f0de645c2ce02e817df973624711aa0
torus.out0.02314.h5	add43fd79db0a84507dcc451cd97cc8c
torus.out0.02315.h5	241f244577a4000e5cdd57fff571d970
torus.out0.02316.h5	abb3d146899998eba79a9049c2b90695
torus.out0.02317.h5	f2c0776416e717a2ff8915b8e22bd74a
torus.out0.02318.h5	08d19d3d5d4d18f5cc5e40ae4323fdbd
torus.out0.02319.h5	50f8801cc756d6308a73da0949cc90ac
torus.out0.02320.h5	5baf7f31ddf62132c132b8d5628d31c5
torus.out0.02321.h5	664971fdfa526e4e6d6ff4ee44493228
torus.out0.02322.h5	75e41926b12d3317151af12fc3e51766
torus.out0.02323.h5	1cef5f3c856d672dc23b5302e6f252c8
torus.out0.02324.h5	aaf0d2603873ddf3fad9161190142a4b
torus.out0.02325.h5	dd32bb7464d6b96d124eb2d510cb314a
torus.out0.02326.h5	6ef24651251c4c50be627db7c4823d68
torus.out0.02327.h5	44b382c2f3f098d06f31e355579e6edc
torus.out0.02328.h5	743e600c3969875f8f44ca596d346431
torus.out0.02329.h5	326fa93816b6bcb86610701a546a7850
torus.out0.02330.h5	446448322c4b0da18106691be1f98bfd
torus.out0.02331.h5	d0e1128b3e74c9c3954c89c279140d3c
torus.out0.02332.h5	014aee3e9fe9ad1f343727547a6e9fe0
torus.out0.02333.h5	46ff62569540e0036be4e44a69c134cf
torus.out0.02334.h5	80c975a5737a1c6fb004c60a5287fcb5
torus.out0.02335.h5	c0bd145f28566626e7224f3646267a88
torus.out0.02336.h5	d72b85e835833afb16df865f85d20076
torus.out0.02337.h5	0ec32696c93f3e489021e7c276347e68
torus.out0.02338.h5	aae21eef861db2121c7a2d1ee7a9b6ed
torus.out0.02339.h5	f7847ca84d04cf558a477a6b23f333c5
torus.out0.02340.h5	105422de66dae6a45aeadd829acaecf5
torus.out0.02341.h5	52663db0988ebded6d4ecf3939769ed5
torus.out0.02342.h5	875c831d98982c68734169c557c09df4
torus.out0.02343.h5	a5f27ae3a5d5258930d3afaaaf1f9f7c
torus.out0.02344.h5	38e58de1ee0fe88085246c61b08ce6a9
torus.out0.02345.h5	934071ba1681851904e922a9f1a29a03
torus.out0.02346.h5	7790017ec88906f84f92161013e6111b
torus.out0.02347.h5	7f4b518f8cf5808c5b3537020bd9e8a3
torus.out0.02348.h5	c71fff5ddde52775514f70a541dc5df1
torus.out0.02349.h5	b476ed0e13bc8bac78f9483ba84cbe30
torus.out0.02350.h5	7d72a3105b3caf4e5983c70f6c2306a5
torus.out0.02351.h5	76075f4f1aac10706700b56372083b06
torus.out0.02352.h5	ae039abfed31e94d6e01ff70eeb84d0c
torus.out0.02353.h5	6461815049cc1d6949a2f587973d1edd
torus.out0.02354.h5	12c1b966b422336964d2503af353f67e
torus.out0.02355.h5	3fb2cf6fe7dbfa7c81b737e06181e18d
torus.out0.02356.h5	ff4937be89cd3e1499e6fe21119f73d1
torus.out0.02357.h5	222f2284c65146182265a950f193dc0c
torus.out0.02358.h5	134cc64abf6bf8c57c0e319b1f923b46
torus.out0.02359.h5	2c89f647660f422474e1afe897213747
torus.out0.02360.h5	a0579c66fced26f71d46cf22b0354b60
torus.out0.02361.h5	8db793054b114299e385ce1a3336c14d
torus.out0.02362.h5	50bf294fb252df82fedb0f1f51dcbffa
torus.out0.02363.h5	15b81786231323c5840e9e4db7889d42
torus.out0.02364.h5	84cfe6360da58bf2a177bce93c4d9be4
torus.out0.02365.h5	b565c5dade2f3ed74514ecf835a9121b
torus.out0.02366.h5	1630813737b3f0c67ae4a13320682dca
torus.out0.02367.h5	3b5a5d046977055e9a6e518151cafa41
torus.out0.02368.h5	64cba910c181fd88c3cec51a5157e8f1
torus.out0.02369.h5	39109d23bb92697c855af8cadf3b30a9
torus.out0.02370.h5	ef924794609af040b3c1320ed7cb1247
torus.out0.02371.h5	22b41a5ebf9949064707ec19c4f06e6e
torus.out0.02372.h5	876b9d279837d00ca4acf9eb7c178507
torus.out0.02373.h5	d6e255844818a187f3ec60dbf9152c89
torus.out0.02374.h5	8eeaff320d74222a64b6e82865901203
torus.out0.02375.h5	4a2e08b273969bbc5eee382b417b2d32
torus.out0.02376.h5	1a122a67cddc960fe60edd49d1396251
torus.out0.02377.h5	db3a93f8a1b2ae7d0757b38867ea8d1f
torus.out0.02378.h5	27efce493f59442cbdf5d656aafd978d
torus.out0.02379.h5	ba941c187e4e66b2ca54089767d2ddf2
torus.out0.02380.h5	d0963def94c97b0a79913b19f7f664d3
torus.out0.02381.h5	bb8397734439e28ee2b1e85bbf5f0a26
torus.out0.02382.h5	dc01bf0691a435cc8329fdd7501cb5b7
torus.out0.02383.h5	4f221ea2c71ad85f6e047f800a87acb7
torus.out0.02384.h5	4380cf643b26dcd5257b843ff90db7da
torus.out0.02385.h5	80231f6cf13529541b0a18939ba93caa
torus.out0.02386.h5	968bec74a688f9e3770cbdae38d65614
torus.out0.02387.h5	5637f4860b762a6b3a91f108d1b0444b
torus.out0.02388.h5	519a52e7a009cfb9a8fe813df9b24211
torus.out0.02389.h5	da152b6456dc359315c7a85ab66f2fed
torus.out0.02390.h5	df655a494835963247fea34ebfd1cd98
torus.out0.02391.h5	e14264d7b66e081572cf96600d8de5cd
torus.out0.02392.h5	7d6a7c9241164d478cbd8c6c727113ce
torus.out0.02393.h5	e79e2163692eff8ef873ca7f4bcb344d
torus.out0.02394.h5	e6988249aaaa9965f147b7655d092308
torus.out0.02395.h5	ca5c9b20e51089c7cc9e9b44347da1b6
torus.out0.02396.h5	1d81b56de4e0abc7c4d6147d9b1f20c9
torus.out0.02397.h5	eec1dba7d8ce077fd051fef79940c70d
torus.out0.02398.h5	ec2060b6e55d57604a39bb988e484181
torus.out0.02399.h5	e9f7b6155dc03291134bf5adaba96b5a
torus.out0.02400.h5	2ac5871d856710b3f8e58294b99a77a7
torus.out0.02401.h5	00dfd8feddc6fed4197c5ac1691d38f7
torus.out0.02402.h5	d3714e958692c246def61f3bba2cd9bd
torus.out0.02403.h5	2b10779e0baf04f3a035cc7ac75aadff
torus.out0.02404.h5	9894446c0b5158a50fbe34e94fa4f8fd
torus.out0.02405.h5	db001784d68801a2109fae3f30cda364
torus.out0.02406.h5	48f507a37f49903698a0afda7ff3e9f5
torus.out0.02407.h5	7cf349a305a5af7f397be4bbae80bc54
torus.out0.02408.h5	9947673b56f269e1537703671883a6a7
torus.out0.02409.h5	4f132ea81f5b56d9dead3cadf8cc60c3
torus.out0.02410.h5	24b8efc719111c4ef14bc9402c7736b1
torus.out0.02411.h5	f11171b6ed8ec161a574612d1f23d39a
torus.out0.02412.h5	1354419a9276ab47d4ac6531ffcece98
torus.out0.02413.h5	78c924acc3f3591f964633adbb7f3263
torus.out0.02414.h5	74e2487c14f8dbcf5720f3c6d34fbd3f
torus.out0.02415.h5	16e705bc675d3771e929738ce9634a31
torus.out0.02416.h5	cd577aeb328ade2231001ac100b2b217
torus.out0.02417.h5	98290ad82affa2c83e83ecbddef596fe
torus.out0.02418.h5	1166d4ec708186ab70da38efe0cc97ba
torus.out0.02419.h5	7b0fbb2cfe848f7742284ffa98aae3e8
torus.out0.02420.h5	ddb86e9f91ca67b13d7fa359ab983568
torus.out0.02421.h5	7c5b8ae9b4597337295bd754493b1827
torus.out0.02422.h5	4f093244dc066125f29bf443f038d079
torus.out0.02423.h5	1b412deb34c3a06bbea55aa6b66c0748
torus.out0.02424.h5	60cbfd7b4811d60883ff07688beabad8
torus.out0.02425.h5	e8dea3866df409082056503752b2b1f1
torus.out0.02426.h5	03774bd15132345d79a7fb854c42b65b
torus.out0.02427.h5	0b91b8a38a6a5d39f6bb3b0cf54b1d93
torus.out0.02428.h5	8707e75f8f18e75dc793ede03bc5e284
torus.out0.02429.h5	cfec6e4b41db469a8c7f962c21830d4a
torus.out0.02430.h5	4102fc7195a60f0b87c969271f0437ff
torus.out0.02431.h5	ad0cc094f1e13b5da5d227f4a3078194
torus.out0.02432.h5	b6c28e95f8103fddd9855e30ac659497
torus.out0.02433.h5	3eef8a9351db1dec96c640269806eaed
torus.out0.02434.h5	546ad304529de2feef3880005c106870
torus.out0.02435.h5	f38b04127d391fe962c877c459d63afc
torus.out0.02436.h5	3ffa4b4775c28e214129310f1344a548
torus.out0.02437.h5	8b70c7c54aacb27ee417a0856de8e4cf
torus.out0.02438.h5	a57c1222b9d54fdb884498fe3e6375a2
torus.out0.02439.h5	871a66ca6f4ab9829783a03a6feacd2e
torus.out0.02440.h5	626a2af2d726a863ab9a41cf007105de
torus.out0.02441.h5	b8881bf250d56c96dfdc918841f6946c
torus.out0.02442.h5	50a89b7ebb105ae2c32f00362d2901d5
torus.out0.02443.h5	9030f8d37bce501e99f34ee919a975b3
torus.out0.02444.h5	3bb9d96f2d07faffcc1b4ed17d423844
torus.out0.02445.h5	eda9086595e88cc525fdf07d61e3d065
torus.out0.02446.h5	83286c236f3f5b17effa4ba77187a65d
torus.out0.02447.h5	669609f4166f0f4883a8a909d31aefcb
torus.out0.02448.h5	d566acae8375443029fb5127202a1a92
torus.out0.02449.h5	fb1491093eccbe9fcc9418b51f2271b8
torus.out0.02450.h5	ba3f2a99b6a18cb98ac67436ca7dadb0
torus.out0.02451.h5	959cb178709e1ea975a61e759cc37006
torus.out0.02452.h5	27224490b94599f961b28df63edc6518
torus.out0.02453.h5	94912d3f8ccaf4dfeed6ae2a3472b603
torus.out0.02454.h5	be25c2a1fe7031938247d42efa493b7a
torus.out0.02455.h5	cac79774fb15175393bac35baa2366f2
torus.out0.02456.h5	71cc7f684df1c34e3b88200a735a80b1
torus.out0.02457.h5	e74c3881d5103f49f3ef5db2bbb9d851
torus.out0.02458.h5	0b5f1f53aefcfd51042e9625f32de71d
torus.out0.02459.h5	599db0f5d7baa48b5dd97abf8c276e8c
torus.out0.02460.h5	31c9c74e570987474f8dffd368976aae
torus.out0.02461.h5	e5843b88e9f3e6510681c99e21d2d604
torus.out0.02462.h5	4cb62dfde4c9c5a9fa8b1b950c44cf83
torus.out0.02463.h5	932d4f9c3b521ba0f64ca418edac0047
torus.out0.02464.h5	30c33877e6c05a651f72b718c6c2d947
torus.out0.02465.h5	208982d5ded6a403692956e098b77b02
torus.out0.02466.h5	da1f553a8f830cee4b61b1865ee65420
torus.out0.02467.h5	05ea3c4b4aaa037e01b9d742ff34d77a
torus.out0.02468.h5	aebc8f61195a93a2049d1b12c5bd6778
torus.out0.02469.h5	22ac60410d332faade6b54ca207a979d
torus.out0.02470.h5	871ef569c2414ef9e1bdb506b1a241ff
torus.out0.02471.h5	a6a89bd8b4b889a86ce2d7e19b6d78d9
torus.out0.02472.h5	c4e540409c6593b7f7bd88a8fdb3a60b
torus.out0.02473.h5	011473a78a7adf766f054880a9d0f6a8
torus.out0.02474.h5	23c255bf6ad2ed3383337eae3a5078de
torus.out0.02475.h5	4408fc0cec4354b4949690795ac2ff4f
torus.out0.02476.h5	8a2ee9b00048db0a62d4957409d0f837
torus.out0.02477.h5	d9593ed748c98b58228c69538a132467
torus.out0.02478.h5	79f24b3b9b293d58e274f7183a5dde6e
torus.out0.02479.h5	fb73f5892554c8b349466e356b2f3ad0
torus.out0.02480.h5	3e148765e030e324abfe329b20da33ab
torus.out0.02481.h5	09783bce88c1b1d1f5f7f1832cd76ba0
torus.out0.02482.h5	30a43ea5a74f584284971af822ad8f68
torus.out0.02483.h5	2dcfee6e90d6d4a637341afac1eff70f
torus.out0.02484.h5	8aff80c8d4f01bfadd5ff2860ba34249
torus.out0.02485.h5	d122251602b9a7bd8b9e4cfdab04d637
torus.out0.02486.h5	86865fc6d877fe11db7bcf53281d06c6
torus.out0.02487.h5	8305dbf19fc39ebf8412c15ae88883a3
torus.out0.02488.h5	83489b2db8c0addbab8c4496d40a0672
torus.out0.02489.h5	4f80dde230114fef6cc3f9240d382b56
torus.out0.02490.h5	bf5dd2a70ef8d22f8c8c2dc56f2abb03
torus.out0.02491.h5	2a4ea3985aa0f801c2ae82020cf67364
torus.out0.02492.h5	0c93362f97f3d60c1a5a771148f1fafc
torus.out0.02493.h5	4491fe8589ebc2df3d2cea0705e665db
torus.out0.02494.h5	deae6cc38191bb3da127d62d9da4c4b8
torus.out0.02495.h5	03b82851b5a9fe2175d28477d5356e50
torus.out0.02496.h5	02d2dde0d3cff7bdbfe1657b5d6ff72c
torus.out0.02497.h5	a38c3bfd1c65b6a3f12c4990af9d5ca5
torus.out0.02498.h5	fa1e329dddf7226daaefda6cccbf4587
torus.out0.02499.h5	1d903a7f3d39e41fb75ea3790e4e0eed
torus.out0.02500.h5	8d5e77ffa828ce8598a789875a949add
torus.out0.02501.h5	01bcb6091b740c3be3fc1b68c518b4dc
torus.out0.02502.h5	869fb81b441af0d4e57a657d41cd681c
torus.out0.02503.h5	4fd815e99b954e141fb6eab900b1eba7
torus.out0.02504.h5	32491080342ccfddba63accbc995cd0d
torus.out0.02505.h5	a5b1ad75ba594b4cf66c4879508b5a6a
torus.out0.02506.h5	e62622a091dedbc18d96bcea9b67b648
torus.out0.02507.h5	c3249261d3de59a640d56776b31c722f
torus.out0.02508.h5	31d5bbd3a2967393d497321e99149283
torus.out0.02509.h5	e62557b3005bdbf70b8ff1e9907115c4
torus.out0.02510.h5	3ab21f8504e862b8e3323d5ef5ac6837
torus.out0.02511.h5	62b98632fad4e233e2b7e19863eda561
torus.out0.02512.h5	181f3463a48ead3960e89729b128594a
torus.out0.02513.h5	e743ea23e17968381ae79060b7e6a05b
torus.out0.02514.h5	949227f5db1176c0b22fbc491b3ec79d
torus.out0.02515.h5	944b73deb04e79614de8c192c65f8ac9
torus.out0.02516.h5	23d26077cb7c226623fde8f336eaa319
torus.out0.02517.h5	d6b57437377b3982903434b2b18ad27e
torus.out0.02518.h5	6b2ebf18908b312df1213d361bfba8ca
torus.out0.02519.h5	96e96f960363c2685d68104bd09ce1cb
torus.out0.02520.h5	61d42da3c42e647df1d3a99c5d0d21cb
torus.out0.02521.h5	1927b3b16c5e351f0bdc9fef14f3fad7
torus.out0.02522.h5	ddf98e71d3bfc4a8eb0fbc2ab1e0d196
torus.out0.02523.h5	22f1c88986c90a3e9c666bc62ea9024e
torus.out0.02524.h5	565c522903341efb5c0b981c8e74d280
torus.out0.02525.h5	9fd4da2676069e0fd0a6947e269d0f55
torus.out0.02526.h5	738177544026ccb75ecbb6f24553f16a
torus.out0.02527.h5	68f78d9009b6edc0a26e17f1f75222bc
torus.out0.02528.h5	9db35d72e82db12ed7a53697a380ccfd
torus.out0.02529.h5	8a400a81ed2de4f3cec2c045b7894fb0
torus.out0.02530.h5	b8b10c95d0298dd349d85f93489b2b9b
torus.out0.02531.h5	df0f2c2b5a6495a887532adbea015f03
torus.out0.02532.h5	3aaff4a6bafd4dd936700b5bc33dce79
torus.out0.02533.h5	33d67f5606fa8dc254ad98d4d7e06942
torus.out0.02534.h5	65dce2e17b90654d91545e74468eed76
torus.out0.02535.h5	211af37561b535c9460a168f43b1bf9b
torus.out0.02536.h5	a2474576892af428652331e7cadc54cb
torus.out0.02537.h5	bfca2e393c2fb148a596d45d3f6dff6d
torus.out0.02538.h5	e289a236ff5102e95db833bde78133d5
torus.out0.02539.h5	5941f04a5cf6f9158fa4873ed4ba44f1
torus.out0.02540.h5	f2bc8bae4ab4e6ae90ca83f42a33f755
torus.out0.02541.h5	4bc529acbd47b2ad033bfd089adb2949
torus.out0.02542.h5	2bb68244bd36d6da38f975de51eb7e47
torus.out0.02543.h5	2beb50471785d27132ceb1a872774cd9
torus.out0.02544.h5	3dfca5e57bd8d541306b5106d18c6535
torus.out0.02545.h5	0d7906b5da02f27664d669d472bf7906
torus.out0.02546.h5	d8f4f1c08fd5bea712617d9e4f6c66ee
torus.out0.02547.h5	85afde41f6b700dbbf395f6eec8f7f4e
torus.out0.02548.h5	e1e0bfc1e55da6993d85c22e8a45d601
torus.out0.02549.h5	eb1743da9dc2f9621c1458a69d16e3c6
torus.out0.02550.h5	cf3e5a68db4188710a2eca2fe57e98a6
torus.out0.02551.h5	80832b31ae73c73d578b3113ebdc9f9d
torus.out0.02552.h5	706c1d3ff2454c0551b5e7ade0c7fe57
torus.out0.02553.h5	07e68d225095ec748163a498d4cdac3a
torus.out0.02554.h5	3697938065cfc1ab483796bbb463c7ee
torus.out0.02555.h5	a2034e2e8208ae25aa0155e0639ac263
torus.out0.02556.h5	b479de642660de1c0e759c5c397dffbe
torus.out0.02557.h5	48c6aa806e7db6f7b3b133cf7ee9eaee
torus.out0.02558.h5	71e69950ea69ef0411c0a7b33146d75e
torus.out0.02559.h5	63f0cc3f2395d897bd7910926b4b8aca
torus.out0.02560.h5	b43604223433b11f385e98587448b561
torus.out0.02561.h5	934a493f97d3080788e41a47726c590f
torus.out0.02562.h5	af741bd8a334be316445dc84af1f63e2
torus.out0.02563.h5	cc7a979ab11cb6831773fc5f3f6b16b9
torus.out0.02564.h5	2dc4d60919ce9bfc3c8f9e9326472ef5
torus.out0.02565.h5	064ab09b62e1a44c07cfd6c31ad95a5a
torus.out0.02566.h5	941dc3c293f4b263306f457cdbff896a
torus.out0.02567.h5	c90fec5f4467bee9f9cbd3c04c3d725a
torus.out0.02568.h5	a325dc55d03faf776bb31abc718735c9
torus.out0.02569.h5	62ee7d70388cda2ca7f869e6a6773653
torus.out0.02570.h5	09b17004384b7b02ed8abf4d94480d78
torus.out0.02571.h5	81613f61e82c250462e7961a99b96666
torus.out0.02572.h5	f5683e5e301cb75f965894554764d0e4
torus.out0.02573.h5	bf21323e0cf857ec14241126b84a2df4
torus.out0.02574.h5	727c074f88e1ee7be1bb02cf82a1c2ed
torus.out0.02575.h5	45b16fcd7e33c9af5de927994eac75a4
torus.out0.02576.h5	208edd04e0cb7e7f3dc8d9aecf6d8ea7
torus.out0.02577.h5	4d98310516b53601b08ced4bf270da57
torus.out0.02578.h5	4619932b54d4bba4a2ba8183d55ec974
torus.out0.02579.h5	d3d32eb999494d377c9b9ab7c72269eb
torus.out0.02580.h5	5940fc9d483e20226db20d2e8350b602
torus.out0.02581.h5	3090364fc6e9673570fb2bc1f53812de
torus.out0.02582.h5	545454b4cf343f61a5baa64496a1b4e0
torus.out0.02583.h5	6d9b5d0c7c20a882bdb6d0baca976898
torus.out0.02584.h5	894cc2df55da2e67c0e45b94d1a3fb84
torus.out0.02585.h5	43dc51875c200adc95f9448202511bfd
torus.out0.02586.h5	355ca8d32947106948963545e894a5a1
torus.out0.02587.h5	b8a83b867563a16c3b2d6904087b7dd3
torus.out0.02588.h5	0bad7451f3f350028105496aa6fc91e9
torus.out0.02589.h5	4aabd02ae442cfc8fc8b192c8bf8c9df
torus.out0.02590.h5	fce035b179479153405413763034b36e
torus.out0.02591.h5	cc95113bca762999561479d2335ef1bc
torus.out0.02592.h5	fecacac3f7385de4ff1a343d9fcf1fa9
torus.out0.02593.h5	94b414020675680d00b7f162bcf18808
torus.out0.02594.h5	a96b8ffb01a838c0bd399435e95346ad
torus.out0.02595.h5	e65f734068f95e0b47670254273c206f
torus.out0.02596.h5	9ba995f8db0bf670380767ec154b54ef
torus.out0.02597.h5	9d4f8ee135beba5439f1dadc0f30750a
torus.out0.02598.h5	e5cde1e0349536a90945e68206e6545e
torus.out0.02599.h5	202bc9b4c4770c37d02ba3f1eeae91b5
torus.out0.02600.h5	f302be49bc148891a7881c304a4aabc1
torus.out0.02601.h5	b7b4045a5d85631cf52cecbe6da468dc
torus.out0.02602.h5	47d543f9260e5a49d0b2f20dad29707d
torus.out0.02603.h5	f9dc2990c4ff1837720877fa786758cb
torus.out0.02604.h5	d4c918d7bb1159711317c6b993d0b4f7
torus.out0.02605.h5	f43177c296713fedfc786c6b67e7a499
torus.out0.02606.h5	bc998ff6529f48c119b50a5cabb8be9a
torus.out0.02607.h5	e28a220761628ffcbdb2eb1c31ac0925
torus.out0.02608.h5	079144ef4183eb97910b8193c665b57b
torus.out0.02609.h5	922194c07ba178de8b7a34217a69b356
torus.out0.02610.h5	596ec3125e819d97ed136ccf91090885
torus.out0.02611.h5	2f592af62ef399a46137b83ac852ba1d
torus.out0.02612.h5	38a704cac2df29740fa6c0840c9a2896
torus.out0.02613.h5	8e6a49404d0de8f1f51a6b38afc01c80
torus.out0.02614.h5	5cda68e33b06ce62247a987761d4d05a
torus.out0.02615.h5	70025814e769b3f5a50553e8704a38f8
torus.out0.02616.h5	52614733f2d650c9d6da3ee84829c1b9
torus.out0.02617.h5	22fe41aa8947307122a214d2b584e3c3
torus.out0.02618.h5	1b1a9c8c4c491e32244171c0f24e3e0a
torus.out0.02619.h5	5810c5be4fea915838410ab5aa65e197
torus.out0.02620.h5	3fb39b57fb7bea42e3a0dba6ad3c2d84
torus.out0.02621.h5	0b9bcd52f6f4ef4199dfb1e5fbfb7655
torus.out0.02622.h5	4cab4c073d47ebc965c4fdeb2f0443e9
torus.out0.02623.h5	dc1296c17d1f97a64402a075c440b36e
torus.out0.02624.h5	a06db28e5b998e236e544b77ed7f98eb
torus.out0.02625.h5	669f52a553b8a004f534c73c6f5234be
torus.out0.02626.h5	26a5707e1af56e070e35974b832d84b8
torus.out0.02627.h5	c5fcdb27455bf7cefe534888cbc034ca
torus.out0.02628.h5	32b6f3714e3e6cd3ea0371cd4e4f28e0
torus.out0.02629.h5	6c897b4936c98948a956cd7e71ac8fd4
torus.out0.02630.h5	3f481fb2de551903988150abca3eeda9
torus.out0.02631.h5	a81b8021aa6f552f3d3fc8fc6d5223b4
torus.out0.02632.h5	0aed9a74c5ba9fcdfa9b3f8f8ee349bc
torus.out0.02633.h5	43673b4a95b122ab938580a7fe0fcff2
torus.out0.02634.h5	40922507590162694b824fd1c25a09c4
torus.out0.02635.h5	8f90c1ad5dd70fcfd69f448fb4165d44
torus.out0.02636.h5	5f62975f3b93bd6b2fc7235d1a826999
torus.out0.02637.h5	24feae050762481f8be5bce8941fa368
torus.out0.02638.h5	57b36361b828db70c08e00e3391f5ab1
torus.out0.02639.h5	ef1e89de2484479e9f92d8e30b50b8f1
torus.out0.02640.h5	a8db470240e14305a9ba4cc61e0ce405
torus.out0.02641.h5	628e67ebef39a0db80c596cefdcf3991
torus.out0.02642.h5	83bdbfcada7824dc738d7621491e04b0
torus.out0.02643.h5	b13eb1192a4b3b9cf846c0bc9d750dac
torus.out0.02644.h5	c7ea7f4df277d22319ede9c3cfcfe2db
torus.out0.02645.h5	a2a8ee87188a1c0722d29950a7b23340
torus.out0.02646.h5	87f41214753f600b438a12a54eef3d8e
torus.out0.02647.h5	c177c17a01d3df8040ff09de85de9517
torus.out0.02648.h5	1f083d0be8e8ab9a4077095f76a10aca
torus.out0.02649.h5	e70c1321a8d72e6331334ffb87ed597c
torus.out0.02650.h5	ba0a944445ea906261d43e6d50be8733
torus.out0.02651.h5	2186289374f960118d8b6ce88eddcbb8
torus.out0.02652.h5	11ed52579dcf01143cc60e570a955e24
torus.out0.02653.h5	0b673c06005de2af4fa1e024a5b7c3e7
torus.out0.02654.h5	8e03714fd6f977ac7fd0a1fbed2cc914
torus.out0.02655.h5	f010e17262c7c8a934dc93234304c1cd
torus.out0.02656.h5	90dffccbb8abbe8e8e3b41326a4a3951
torus.out0.02657.h5	6cfbec6dc5df295d98351852324b4cd8
torus.out0.02658.h5	cd820c39e8e87f34255e8449a170a1ad
torus.out0.02659.h5	12d2bf456bd82f4b69358e022f559148
torus.out0.02660.h5	62aa3fb4479082c032bc983a2dcec9ac
torus.out0.02661.h5	3a88924694299d50be2629f50c540798
torus.out0.02662.h5	4fb869348559562f6a2e6a076e10179f
torus.out0.02663.h5	99c02db5cc1d820d96568a3fb03bcb5a
torus.out0.02664.h5	d9fdb28ca04c23980cd1f93f794478f9
torus.out0.02665.h5	1e6f1116305fd4839d5d4d0d76369d39
torus.out0.02666.h5	c588cf221ba90f4d0090e85414c9c185
torus.out0.02667.h5	9b764764ad8ca0738269845257c14ee8
torus.out0.02668.h5	3b20290380d9b645bff1d10ea64da709
torus.out0.02669.h5	7c20b5841088ed907b14efb9656bbd9d
torus.out0.02670.h5	b64236a3fadbb8608d6bdceb94fb170a
torus.out0.02671.h5	28c9a7ba8860a797b6332a5be1b38397
torus.out0.02672.h5	5ca622214e8be82564069fddf1ba2f2b
torus.out0.02673.h5	1b059b8c5b57ee62627d0157f4013674
torus.out0.02674.h5	efa5a6f1ab241dc0ce533d0ae69555af
torus.out0.02675.h5	a4f2bdd93fbe79b92b3b73147cf820ca
torus.out0.02676.h5	875a91844b04b9ffeb7cdc1d5feb18de
torus.out0.02677.h5	e07ba58f0498f6a810f9bf2bde2d848e
torus.out0.02678.h5	17dfa3dfe94e203ed3bf3a64832670ec
torus.out0.02679.h5	46b7d2723042c5bcc614ed2e125e4d10
torus.out0.02680.h5	3c7bb419e451e43f7332076d9796e6a6
torus.out0.02681.h5	626a4868b7b43f5258c749169b1753e7
torus.out0.02682.h5	91f8b34459f868d41f10de80cfbd8e89
torus.out0.02683.h5	98a66899076a219b874a1205440f19cf
torus.out0.02684.h5	ca0f0b2a6885cb0e94032ad91dd3f863
torus.out0.02685.h5	6a365f83ca375f41c28c8604660295aa
torus.out0.02686.h5	a4b022c363896a9fd40b060dedeabf42
torus.out0.02687.h5	ffeb2472c4bd4c161969e1541e803873
torus.out0.02688.h5	0bd780dfc95302a519e3717098d9131b
torus.out0.02689.h5	6b8813a1c8465a003da783d05e45324c
torus.out0.02690.h5	51e666b8aaf4f6c38925f6e5672038c5
torus.out0.02691.h5	1222b45519b0ba8203df46ec4c9b19cd
torus.out0.02692.h5	d512183cee9dfb7cc1688d4e4ed60d22
torus.out0.02693.h5	df235cc36227dd52ee74ee5da93c8a18
torus.out0.02694.h5	38ff1f5ef62ecd6e756861d3af44463b
torus.out0.02695.h5	acecf69ab355f00a978df7e4c56e6a76
torus.out0.02696.h5	36516959c3cb3bdd8104fedaac84a5a8
torus.out0.02697.h5	b0c8f0bf923d709e62358e258963558a
torus.out0.02698.h5	82cb03a6bfe30ba3225e2c688add4763
torus.out0.02699.h5	d4f2208848b42066b11bc3e48b208f97
torus.out0.02700.h5	7be6de5e8a8b51d57f993087f2906194
torus.out0.02701.h5	1a1b54ae3055b765923ffcd7ad220179
torus.out0.02702.h5	7b0934dd1a52df02a1c6e41306040f58
torus.out0.02703.h5	506875d0ed3ac2a11e93b7af5fc76890
torus.out0.02704.h5	7b419d5c021a5bc4ff3902a92f43d8c5
torus.out0.02705.h5	8279a4887c61e739f103f0e4e827ca67
torus.out0.02706.h5	ca9eec971221959e0f64bdd8bf22ab9a
torus.out0.02707.h5	f6168cd8a99a88e81b917c30a3c3c8f8
torus.out0.02708.h5	9d33ca42147aac3206bea19aecff3ffa
torus.out0.02709.h5	d213f4aeb7d65ba01475bb7cca312344
torus.out0.02710.h5	09804a3b5f28a9b4385947246a1a070d
torus.out0.02711.h5	450faaa40294b8e85f3c1034e8b9af99
torus.out0.02712.h5	671d8980382cae395c140e3ea6545163
torus.out0.02713.h5	3d5a13cb42b66144b9e7ac9828dd44f8
torus.out0.02714.h5	ac69fc240dd4ed216cc12602f0018598
torus.out0.02715.h5	5d82f9ecb212785b22c08574754b8d8f
torus.out0.02716.h5	710d5142897da38ee2c1f72d21872ac2
torus.out0.02717.h5	3ca3c5a4f4d5439d7afd46426b196ae0
torus.out0.02718.h5	cea9e8ff9015da4d2eba7dbf052ba369
torus.out0.02719.h5	86f440af498156581555ac9693f645ae
torus.out0.02720.h5	3a54c736a6a5344ee0994b50ef7cf559
torus.out0.02721.h5	e9a9595991aef472a679f4ed4be7484f
torus.out0.02722.h5	9b586e68a54e17306476e742e0b43458
torus.out0.02723.h5	a0092ee60fad4647307f3a11e93de18b
torus.out0.02724.h5	078e711c8fb04c4f86aba7486fca4750
torus.out0.02725.h5	99cbc0d628c078e20faa91b78e1c5c43
torus.out0.02726.h5	43084f97b47852375f4db646cce13190
torus.out0.02727.h5	11b29caa6450caa8c5a296d5a9ca40ec
torus.out0.02728.h5	a10d0691b9f34051fcc020933c3d4685
torus.out0.02729.h5	5a06baff8ef7cf1d401cba2d74bb480c
torus.out0.02730.h5	a8365b1cc888d4403051bddd83922e6a
torus.out0.02731.h5	e30b308b8b19dec50b8d0696ca0a9554
torus.out0.02732.h5	00d809ab1912e65067b0c3a3727f1133
torus.out0.02733.h5	fcd36cfafebc1fe7d5dc00f549d3c840
torus.out0.02734.h5	b66feac27bec7b2d2e241e2ea967d556
torus.out0.02735.h5	f3ceb0570c0f068428fc712e6591eca4
torus.out0.02736.h5	5176b2fffbcddc5142d036a2f8bbfdcc
torus.out0.02737.h5	b7b73314cab30f6b4ccb7fbbd7e579f5
torus.out0.02738.h5	e539a71f6d573519c96abd1ae810ba24
torus.out0.02739.h5	459f5604d98719864d4396b903bcfd96
torus.out0.02740.h5	cee887b67451cf527f665df9580a6590
torus.out0.02741.h5	3f698acb230111b8e74a7c5953b1aa48
torus.out0.02742.h5	e119cbe9b6fa7aa06ff6c9d36d04a7a3
torus.out0.02743.h5	bbea0bb343bd6beccc7b085e84a83e00
torus.out0.02744.h5	5e1cbea3f15a26c9a9481bfc9c695c09
torus.out0.02745.h5	8cfd10cb34afbd309abe46fa6f699fc0
torus.out0.02746.h5	403a1bc6ccc01366a8c2f0c90da068b0
torus.out0.02747.h5	4fa373d83c49a8937979e617cd4f3ad6
torus.out0.02748.h5	077b513b35ddccc1d3d54855c5355674
torus.out0.02749.h5	dfc7cc57515e1d74e6bb6ffe03410797
torus.out0.02750.h5	124f365248edecded105c341c5de18c6
torus.out0.02751.h5	ebb0033307f24a98ac3685513e708a80
torus.out0.02752.h5	e4766c2e2fffe29aaf3e06382ea62ad2
torus.out0.02753.h5	d1d2f2e1acf008d05cd083e83257dcfa
torus.out0.02754.h5	0b06b8b2871686e0f309a0be660aed55
torus.out0.02755.h5	b9e5c0d9855f9625df22220bd014f591
torus.out0.02756.h5	3aed6f63b65884bc05f48a1c38335e90
torus.out0.02757.h5	aff9f519c456fb77c9d0dd5af49c2f71
torus.out0.02758.h5	7eaee90a445e6dd6002f13a937595884
torus.out0.02759.h5	b6a6cabdd353c4fd864945f3af382630
torus.out0.02760.h5	d289df5e17ad16ed0ac4d4ca5a11adde
torus.out0.02761.h5	4593691147a0eab1851e6de7294d46d6
torus.out0.02762.h5	583da36c48a3fc90ce11c6bc1669cf80
torus.out0.02763.h5	2e4bcd0d78639f6335c693302d27299e
torus.out0.02764.h5	260cb38330caccec94fd718181c54554
torus.out0.02765.h5	6d91f713a96356c02876722323b90cb8
torus.out0.02766.h5	2d7ac33c5a60bd67b19c6f2f383fc20f
torus.out0.02767.h5	bb440d43ee8e8bb3dd0518d08dfed6f5
torus.out0.02768.h5	595317e065881e9b634d204c17e072df
torus.out0.02769.h5	148ff832cd6428210fe1a80c64198b43
torus.out0.02770.h5	076f2fce228bb4de50910690659b63e6
torus.out0.02771.h5	68e685d673612f524bb84dec2882281f
torus.out0.02772.h5	844a8c31358a86878e2e8ab1ae553771
torus.out0.02773.h5	cfbeb74163cd37c7558e1e03b14a3ab5
torus.out0.02774.h5	f53eab991999683e3032e4c41bcf4ccf
torus.out0.02775.h5	a29cdd4f3b7ad72ea26da0dfa7b340a3
torus.out0.02776.h5	fabed17c50e886b46f7071795be25953
torus.out0.02777.h5	afcb8d409e45b9da6e8c1256d7da5c44
torus.out0.02778.h5	e164d6cb00007ceab94142c875ada4e2
torus.out0.02779.h5	655fead51ed5c339edfcbb02cd3a643b
torus.out0.02780.h5	0547b9fd0f83cb857248a3c188c6a659
torus.out0.02781.h5	95f52c3f1164b8b52d1e4875a1096fab
torus.out0.02782.h5	24f44fe4e102a59a41e977ca64ec5290
torus.out0.02783.h5	8b115f6603ea1d61e1503aed2c4af2e6
torus.out0.02784.h5	e0fa438df700814710b38243945bb1c9
torus.out0.02785.h5	9411dae4c50548e7d9c973af48718e74
torus.out0.02786.h5	a81c650ca3d186c5e7b082358180d999
torus.out0.02787.h5	6d339f7769c51dfc47560233dc5fc730
torus.out0.02788.h5	af96e1770752ea6d271f3ad98b3eefe9
torus.out0.02789.h5	338f7b6aad4e0f528cee096d63304dd3
torus.out0.02790.h5	649df3a3aff58275ef20909b3f332477
torus.out0.02791.h5	b26682e9a8a217ddba8015f1b0305761
torus.out0.02792.h5	bdf245e7273466f2f8d92707f9b6dc41
torus.out0.02793.h5	43ec7b25d0df3670dffdfac45ce2ca72
torus.out0.02794.h5	c7d662996adebfeaeacf2e6d5305a3d9
torus.out0.02795.h5	25b1359a2ec24bcedf9dcdff0395f0a9
torus.out0.02796.h5	dcbf680ec58e176ed3a7760f123ef3e9
torus.out0.02797.h5	e305c0d2f7494788744cb759905f4625
torus.out0.02798.h5	bd3c9ef8979e33865b0fd0903756cd29
torus.out0.02799.h5	0afc9817b10617f2aec9c7769dd13d52
torus.out0.02800.h5	e562536cba5a36a01c261117477a598e
torus.out0.02801.h5	08ed7733189fa918e56974079317d7e9
torus.out0.02802.h5	4216dd2ed0b4b9e46a422795ee0de181
torus.out0.02803.h5	349acb41cc6d649495814970bcc4eb0c
torus.out0.02804.h5	69325659b4794d6dcf069cef001b6623
torus.out0.02805.h5	8631a2e839bb4c705b7d35bbb42515bb
torus.out0.02806.h5	7711f9da956830921c93786476f3656b
torus.out0.02807.h5	06db4e01c047bb399baa8c9001c92c28
torus.out0.02808.h5	c41964eab6c88b82034631cd3dcfba06
torus.out0.02809.h5	6513afc8de0ce6bf61336a87a0312a64
torus.out0.02810.h5	f968d713629396ae70c91cff87576a69
torus.out0.02811.h5	180992e2919d1623f71ab1ccdafc2138
torus.out0.02812.h5	8dad8d4a1cbc296c9b8322eb703ff980
torus.out0.02813.h5	b7a78b980d10c5cb480404c3ae88eca1
torus.out0.02814.h5	40a01d5dd81f8035f6a1826e404a5194
torus.out0.02815.h5	c251c0d0eb21dc972aa519ec72d67738
torus.out0.02816.h5	92c52641fae32e73e2441cfe2411dda7
torus.out0.02817.h5	d1769099bb8946742ccabeb95fec05f7
torus.out0.02818.h5	94f303dc6d89b9637932c223876b0814
torus.out0.02819.h5	f8162a74f220b5e371ddabdeee2890ea
torus.out0.02820.h5	095d452ecefa70302e2a2c6465e1992d
torus.out0.02821.h5	c8464a0a3facee469546b02ef18e6e8b
torus.out0.02822.h5	08694ccecfa4a9a4a85db81ac4b36dc7
torus.out0.02823.h5	724fe3ea7157b81d2de138fb354646ac
torus.out0.02824.h5	4bcb4b43bf87df391be4540db1ca05a8
torus.out0.02825.h5	f0abc0cda787f711004626695f168b57
torus.out0.02826.h5	951d36bc963b68abfa1b27f375ed88f9
torus.out0.02827.h5	c4dd7c0dba6ef4fa84a105f01e191117
torus.out0.02828.h5	6cf1b1da0688867cd795eabf0d325df4
torus.out0.02829.h5	d060f3b8f2e3a964657a5e464bf7aee5
torus.out0.02830.h5	3993cee2ce96b34763033deaf121b2fd
torus.out0.02831.h5	7e04fb37b17c9fe4f72df6378ecae2aa
torus.out0.02832.h5	1ef2badcc41eaf5cfe76644aec0f102b
torus.out0.02833.h5	2aa75e8f35736b4abe7c5dd990154bfd
torus.out0.02834.h5	6a5ef32f8c5d8e55c31f26ccd3791d8c
torus.out0.02835.h5	29bd4611fa0296667444db93e9482c91
torus.out0.02836.h5	4dcda6d7151426b84f3c42f4c9264254
torus.out0.02837.h5	51521b16e7ba1cddb23d71dc3f5323cb
torus.out0.02838.h5	2e3af426661034f811253773ab1faa92
torus.out0.02839.h5	eb37580e1e39530a91faa39539c76536
torus.out0.02840.h5	b31db670f02e2d63741132a1488664c3
torus.out0.02841.h5	7266894d146cf6af9c60191ed3fad723
torus.out0.02842.h5	a96ae0ea17f3eae2729d860de677fba4
torus.out0.02843.h5	c3d334aac8054b350cf60766c018cab6
torus.out0.02844.h5	3ae5b44d6dc0d52d8c2309c36ab7373c
torus.out0.02845.h5	217da906bc226996f883f6be76eedd60
torus.out0.02846.h5	d7e7c38cf3c05bd0e10888d326f505c7
torus.out0.02847.h5	a353fcbefecc273c90c770f767396932
torus.out0.02848.h5	cd6c1891b6464d341f6caca2a687093c
torus.out0.02849.h5	1335ef177078601ca932aed5cc5cd60d
torus.out0.02850.h5	acae8fc0bbd243daca42f762e4ac73eb
torus.out0.02851.h5	fe4984254b65bf1c281a03df6300f2ce
torus.out0.02852.h5	bffa954fb8c57f590edd82094680a385
torus.out0.02853.h5	e24c67ee4703fcfe2086849f473f9426
torus.out0.02854.h5	87be0b799bf174cc5ff64936d18b07f0
torus.out0.02855.h5	f9f3d3db96b2e65e529d4de585805d46
torus.out0.02856.h5	17cbd79b51b45b3e633c97b31522b183
torus.out0.02857.h5	584fab2044eaafab6f49f8e5b079716f
torus.out0.02858.h5	eb9435b4cb8b8d93ce7a0d48e753ddcd
torus.out0.02859.h5	bf741ce3943ff0d4a67919ff2dc17006
torus.out0.02860.h5	ca44979a533353f428385e60a6c21f7a
torus.out0.02861.h5	a7516500724adb45d579e38b70174602
torus.out0.02862.h5	6f4c037f8ec89e08a030e610a282f2b2
torus.out0.02863.h5	f617d61fe7c8fc2014d441da0c3406d0
torus.out0.02864.h5	9590b68bd3c7d9eccb9b4ad67fb3ef96
torus.out0.02865.h5	5f5c14b6303954f675aed7b9d0bcc414
torus.out0.02866.h5	1d5f345931fa84461350d48765de5502
torus.out0.02867.h5	7082600eb49b280a068e963923eeb588
torus.out0.02868.h5	2127882c66c2df16c739fb0baafdf1cc
torus.out0.02869.h5	a8828c89b6c9fee6f29caf2508e3d15a
torus.out0.02870.h5	4b905aeecd222d61bfdc9022833bd7c2
torus.out0.02871.h5	d2d51ebf3740fa80a000470695a6e8e6
torus.out0.02872.h5	89266f6c4faa69a254573ac7179f4a1f
torus.out0.02873.h5	e1120bc3426a785578c224efc05a1876
torus.out0.02874.h5	fdaebf46ec97155900be3eab975895a8
torus.out0.02875.h5	b27873a1ede452c24162882c2788964e
torus.out0.02876.h5	4239a9faebf03f105ef4e7a255309d72
torus.out0.02877.h5	98e7c107cfa3eda94ec927bcb62b553d
torus.out0.02878.h5	b5aa3218216458f4bec783ffe27a59ac
torus.out0.02879.h5	ab8e8baaf08cf8f5d977303c82d60cba
torus.out0.02880.h5	0a0afe57bd839b2ec6dc3683d2266955
torus.out0.02881.h5	818e59c19a7303943248bf264b4c2fd3
torus.out0.02882.h5	e6e48bc751867de0721362d366da1f94
torus.out0.02883.h5	fb35cdfb1cf6f2cdddb742d3091a5de0
torus.out0.02884.h5	d16aeedffa07e72b9ce68b882f5ac286
torus.out0.02885.h5	025a4c8b5bfb880cb23d4be591b49282
torus.out0.02886.h5	93482144b973067f9615e87e7cfd690c
torus.out0.02887.h5	f29ea1f879c3bfae5d5d8833b2b19768
torus.out0.02888.h5	b52b01c8d798ccae75d1e9a31b8d78ba
torus.out0.02889.h5	b928d5997ce38fd7711a0dc99fedb828
torus.out0.02890.h5	7a8d1af7488fd6a861b3de6c714e4999
torus.out0.02891.h5	f50d0cf9b56f27666a26566b68b3379c
torus.out0.02892.h5	11e9b5bf44a1be047b7687a41dd0870d
torus.out0.02893.h5	122fbea37051b29987c64e9386d9f3a8
torus.out0.02894.h5	b1a3fd46403a822b8e76e9c38e2f3540
torus.out0.02895.h5	cff8ce89081706ef4fffdacc1a2e8f49
torus.out0.02896.h5	df46a0d99fde2a98811a915cde5f7fed
torus.out0.02897.h5	38926ba58442f8ae664b1dd406a35dbb
torus.out0.02898.h5	7256cd775f777e626ca5a39947cc3cbd
torus.out0.02899.h5	4dfdb17d3750bb40833881a518f794ab
torus.out0.02900.h5	14853abca180e611942902e7e48b1da0
torus.out0.02901.h5	92e41de45147340d1511f29a54aa25c4
torus.out0.02902.h5	fc5ab992405b8e0d911fa2efa69061b9
torus.out0.02903.h5	a46275c42adf218025536b5d998fed55
torus.out0.02904.h5	5945af7cc5b901113cdc58eb4fd18e9e
torus.out0.02905.h5	33799911f0eb4c2d8ef201e4b9d85c9a
torus.out0.02906.h5	2d3a5105170fed11ff28986ba319902a
torus.out0.02907.h5	df44885855ed816c0d131feb261a516c
torus.out0.02908.h5	d9b462a89fa8b121a48a439cc68b09fb
torus.out0.02909.h5	16510466fae444efcec50f590ab19f7b
torus.out0.02910.h5	2848c8b765ab1b2079e5b5b4979000ba
torus.out0.02911.h5	51ba0d5a09caa33684fd5dcb31675d1c
torus.out0.02912.h5	d08f85f94141d6fce4bf1568db23930b
torus.out0.02913.h5	424db938ccfe4228908d31d2133e35a4
torus.out0.02914.h5	2412a3e748cd708ce09b77bc1e89a5a5
torus.out0.02915.h5	b0c4627f309b7911ce11742959e1a865
torus.out0.02916.h5	64cf06051bd37ef4baaa295698ca7ffe
torus.out0.02917.h5	232e245676f850d6ce1bfcbfb1cc290b
torus.out0.02918.h5	bb2fd9d00edfd8340e9e8c1c510d2c2b
torus.out0.02919.h5	e6edbe7cd8ce9097a4f96eeadd8cc4c6
torus.out0.02920.h5	10af4e66d3763b0e96fac4ddd018c392
torus.out0.02921.h5	24b65c6e471018a12f650c6265275dc8
torus.out0.02922.h5	2249b55812c86585cf98805b0e017b29
torus.out0.02923.h5	15e8dd7201e93f642c67e070e0876a09
torus.out0.02924.h5	793f38efc53decd8e083f08bf0e66980
torus.out0.02925.h5	4ca8aa8563d0ebd445723780988a2b77
torus.out0.02926.h5	d962ba54b293a55cfd99e7f28d08bac8
torus.out0.02927.h5	54382e2765218e5fcbd05227ec7938fb
torus.out0.02928.h5	a188c03840728b2a133368e2a7e62002
torus.out0.02929.h5	db078abc89c3d6d23031c5d011ac148b
torus.out0.02930.h5	d670785cd7f22d8a6f90451c526d3842
torus.out0.02931.h5	351880d2a49c5410d3707c6f89d54c02
torus.out0.02932.h5	551b26dd8d1b8e607f3c7780ccb2452d
torus.out0.02933.h5	0bf12d86a406eaca9abe7f1c86f277c2
torus.out0.02934.h5	49c209dbf809a6b4ad64ef951abcd811
torus.out0.02935.h5	a60ab9db904a960729aebde7bb3fee19
torus.out0.02936.h5	1e6d8ddc7ea58ea33ce20120e807811a
torus.out0.02937.h5	62f0383a17e0509c446a180a9152539d
torus.out0.02938.h5	010cae71171f0ac39ae3617dd92e91b7
torus.out0.02939.h5	30a8cb9513027ac69cc4988d2d3c4511
torus.out0.02940.h5	948c51011edff97cbd9207fc48cbe85f
torus.out0.02941.h5	f63a48b100d512bfad42478a966299e7
torus.out0.02942.h5	943c5eab69f31b6cbab324960f91d770
torus.out0.02943.h5	93009ca75db62c53f1565e27de02d3d7
torus.out0.02944.h5	2c7a27e8247d418f755983e6a17c542d
torus.out0.02945.h5	ebcc46291404afbdb598c0d4fe00ed9c
torus.out0.02946.h5	3a88aa074bb1c56b6facfb39a4640fd7
torus.out0.02947.h5	d4b837fcb62093d6691094847c92a198
torus.out0.02948.h5	1a4815a1af37d1057fa3f261a9dafd7c
torus.out0.02949.h5	3ef7035637f757798c742287c2d805cd
torus.out0.02950.h5	97fb38e79a0942ddd9f36323f86f0412
torus.out0.02951.h5	6508695d1fbef574dc53da841f0436c4
torus.out0.02952.h5	ac9d876d6601e464a89ee9b41e75d482
torus.out0.02953.h5	88312c50b900f953596df42dd62b20b5
torus.out0.02954.h5	a484dd202ad40d3959f3ba2591800213
torus.out0.02955.h5	b832afc2430d5660f56ba64f150d800b
torus.out0.02956.h5	d48a6dac3d5209da081902b5f3979ac8
torus.out0.02957.h5	d693f270a447b2b3fb37768f4af76b6f
torus.out0.02958.h5	bf2571b2f4ae17b31b9fe2d0626b1d8a
torus.out0.02959.h5	835cc955c75a88123493d9ecbb9983f5
torus.out0.02960.h5	81ae994fbe148ad2442ada96824f6490
torus.out0.02961.h5	7ba02cd70626ec44eb3ed1527e1d1d1d
torus.out0.02962.h5	c882d730f7fdb21f1a49675e7ca55b08
torus.out0.02963.h5	670148d8c5cb80808655e84139bfcf42
torus.out0.02964.h5	b60f0a71cabfe8bdec6e46137be01268
torus.out0.02965.h5	7258f08e52eea195425f23286ac3c36b
torus.out0.02966.h5	cc99962b3822d5f7631a20168a8292af
torus.out0.02967.h5	43e9832c860a91d8ab333e2fd97e8752
torus.out0.02968.h5	2767ff4b73500c87a4421d4b42dc7cd9
torus.out0.02969.h5	781fde854531e8f65de27807f46ad9b9
torus.out0.02970.h5	3135cf83c8fb0c47304703c87b0376f2
torus.out0.02971.h5	0d6980918e4565835bbfc90c5138eba8
torus.out0.02972.h5	7d76ea9f227e8fac78c926aee5260cb7
torus.out0.02973.h5	3cd8a4ad0d96ec022296f8930f567dde
torus.out0.02974.h5	91f029942ea6c822797ea274b3c04fd2
torus.out0.02975.h5	c5d4274de5dfb336cff80506f1cd350c
torus.out0.02976.h5	4f80fb6a8c94a8f665258b21b0d96e04
torus.out0.02977.h5	e1ccaf921b1ae3b56d000651dc677c8a
torus.out0.02978.h5	5a084843702871ba37ca7e1c76237524
torus.out0.02979.h5	81cf6169640798052e4e7406c018ee53
torus.out0.02980.h5	4e0db20d556d677d1f7dba2e71494a9c
torus.out0.02981.h5	06da8702096aa036f23540439c89efda
torus.out0.02982.h5	0499c25a2482037e867e18cad74e320e
torus.out0.02983.h5	15e2c2f6b4a0d79cc2d41b64176b2a32
torus.out0.02984.h5	c0cf441134d31e6ecd2452e16171fd0e
torus.out0.02985.h5	fd98defb2e5424e2ecf84934df56a750
torus.out0.02986.h5	b322957536a48b2ac16e76f40bc0df00
torus.out0.02987.h5	95d2154b54a7867823f0fd74ade28787
torus.out0.02988.h5	ace362f4eb9f42da7e26b9a71dce4a35
torus.out0.02989.h5	a9ac2fe66c9c3a2dbbac527d1d3579d9
torus.out0.02990.h5	2249d66f8bf32aee588805365203189d
torus.out0.02991.h5	1487757024ae782498bf81f7bb18d216
torus.out0.02992.h5	343c5ca30c340edd3b9a09f1286750c9
torus.out0.02993.h5	084e2875f61cb4c3e8c641a66b3d02e4
torus.out0.02994.h5	3fe9dbf1e70d8b28b62aacf3dd606110
torus.out0.02995.h5	51ce945c536ce6882c302af034b6aba2
torus.out0.02996.h5	af68af16ad52cc27742e652110dca8f3
torus.out0.02997.h5	511a0168b798bf421191976853d3ab20
torus.out0.02998.h5	68832f5d876f68dd4409d7ba4a4b3831
torus.out0.02999.h5	6732972193477aba11e4caa46eb1976a
