torus.out0.01000.h5	e7ecfda4f9acb6b6bef21e13d3971e75
torus.out0.01001.h5	962e6b9e329d9978a9dbaa5bccd14532
torus.out0.01002.h5	4d2d274d0d889998aa9454934212bd54
torus.out0.01003.h5	e0cbd0d0154808205797d747f6a6ab5d
torus.out0.01004.h5	0b710d31cc51515ec65fd6baf7f78245
torus.out0.01005.h5	c3babd4343da50447c79c670e7bebb5b
torus.out0.01006.h5	81ea1bf0d8f1e6d35136dcfbc1d9c094
torus.out0.01007.h5	39c1fff2165f268a54eb5360ef59f73d
torus.out0.01008.h5	5fbfd8d31b17525bfd05b64fe55db0fa
torus.out0.01009.h5	3c1ffd41155c9efa017137b279e27eb0
torus.out0.01010.h5	1555a9cf6794acebaa57aeee4bc71af8
torus.out0.01011.h5	4fe4db34139416b249f3d32968c0ec37
torus.out0.01012.h5	5a36149703454df2ace7951cd775c0c3
torus.out0.01013.h5	5468524b95b4cfedb41405d8638fb35b
torus.out0.01014.h5	911898aeb24ef5150de2f5ebd22e77bf
torus.out0.01015.h5	f889c18ebc6b30590f4a297d2bce4ab8
torus.out0.01016.h5	5830ca8de004f4d9b19e7070eda814e7
torus.out0.01017.h5	07abb58d1c07f97e6d26a994b5b6565c
torus.out0.01018.h5	5ab06b1fb8aaa627a5966770dcda0af5
torus.out0.01019.h5	1712b18347b6d48929969218a114b93f
torus.out0.01020.h5	06ad77c387cbd9da9e9bf1be524abb29
torus.out0.01021.h5	8220b3a492b3affda06de479f5bfa535
torus.out0.01022.h5	83223515a0faf89f8532fa170bf65c02
torus.out0.01023.h5	54ef2b44c4bc06a1cd361f668759893c
torus.out0.01024.h5	10b7edddccecaa29ed7c237da03a61bb
torus.out0.01025.h5	3734619537f666eb6d47963e631a92d3
torus.out0.01026.h5	90a16cbb535e6bfbea20e73b20c32727
torus.out0.01027.h5	07229d289f3a875b98bbfb048fe26d74
torus.out0.01028.h5	286ec0ee2e2799992abd64ea0df3d608
torus.out0.01029.h5	4b9a3c5c5e021dedb6c596aaa14deb82
torus.out0.01030.h5	892fa5c515c0d8a582f3926ed0f36ea5
torus.out0.01031.h5	e6b12b1bbff1c96283fa67191a5c231b
torus.out0.01032.h5	61c0a9ef45a2a99c69e257f63c458f52
torus.out0.01033.h5	7df7e8552fd9b32a4bce1521d8a21981
torus.out0.01034.h5	22d4344f7e035e82f59e06f37023ba39
torus.out0.01035.h5	25cfca914d97052e15587d08b45dfe8b
torus.out0.01036.h5	c8d05bb67fcb9ffa8ae9cae0724ee02a
torus.out0.01037.h5	363d88ff7592bad6e7b1624d694f2417
torus.out0.01038.h5	a21518b6eaf9139dcf29335ae18d86c6
torus.out0.01039.h5	af8251ace1ce656d934eea69d011bcbe
torus.out0.01040.h5	583f8f6d89c34443b8b42998bc266216
torus.out0.01041.h5	5735c697e5ccb25ad0d4bda7bf477838
torus.out0.01042.h5	2834ff25466a89137d18b0d777ad0102
torus.out0.01043.h5	e213a92934315aaba8dc3fe2f9b577c0
torus.out0.01044.h5	aa829d54481c3f9f4db64a08d7ce0f19
torus.out0.01045.h5	ffa53a4feabecf59ea8d6c5add45d67c
torus.out0.01046.h5	d87bf2e08b4df56b219b6cfc7440c68b
torus.out0.01047.h5	ba51eef1de5ae7fc61ca81051aac4c17
torus.out0.01048.h5	dcf5f283052eb566398faf665d291acf
torus.out0.01049.h5	7edf7cafeb133457e104f7924322885f
torus.out0.01050.h5	913eb7f4d6f8f40bbcbb199533c686d5
torus.out0.01051.h5	44e8a6cb04078618986985cd6e33c22f
torus.out0.01052.h5	3d0d61380e21521ea90a20839134be89
torus.out0.01053.h5	c75143c3d6876a0f77dead2c3eaa5074
torus.out0.01054.h5	e7e595868294434cb0b6273a092c4481
torus.out0.01055.h5	21c11681cc936595bc56e3ba747efba0
torus.out0.01056.h5	42dbdcd3e9c26600b3a60ce0e703d0c1
torus.out0.01057.h5	4450de9aebb6e5ad2e17cb0102201e5c
torus.out0.01058.h5	0725cbbef6b948db3cecf4d57a0bb6c3
torus.out0.01059.h5	dd64cb4cf072f3d64b84fdefd0e350c6
torus.out0.01060.h5	32efad28cd8dee8e72f9f69cc6829480
torus.out0.01061.h5	fbd1b66b87404f0504ecdf2b66efab1d
torus.out0.01062.h5	b82c9bb016c488b72accdde1802fb69a
torus.out0.01063.h5	7f72da2d35a25e0d71d8b2eb6913a499
torus.out0.01064.h5	1e2a464c38564f2e5793953cbde0ad6f
torus.out0.01065.h5	2dcb787c5f226d90da6d90b0cc2b1576
torus.out0.01066.h5	2bc43cf093da0bf22d78d7837d76eba6
torus.out0.01067.h5	ebaffa04b76e0973cc78dac6dfa9223e
torus.out0.01068.h5	69ce44af119aef468cf379a3c646eac7
torus.out0.01069.h5	637d50125be6227cb95aec2b9be81d66
torus.out0.01070.h5	d298fe0cb0868c21773ad18233d31a68
torus.out0.01071.h5	3813cc63d93a3a3a847fe57c4901e40a
torus.out0.01072.h5	e8fe3fcd5743ee6bcbe06a5791eaa36f
torus.out0.01073.h5	8466580429e316a11149429376f8b40a
torus.out0.01074.h5	1de63ec963eb714935d0c39d2dc8367d
torus.out0.01075.h5	289401d598b2dde30f9312b48d8ff688
torus.out0.01076.h5	bfee8bbd571b726630d09e356ec08cfe
torus.out0.01077.h5	b15adb3caa2eaa102e3c76b919cdd397
torus.out0.01078.h5	1c17abe295fd52132798d2f423e7ae97
torus.out0.01079.h5	62079ae890f36e670723f3adaff77b90
torus.out0.01080.h5	5bc934053e9cb919c277f067892e96db
torus.out0.01081.h5	5372b42594863cfe3cd9e1840a4c2b4e
torus.out0.01082.h5	eaf2d8bc6c6c753faaedce6705f2194f
torus.out0.01083.h5	c48826c1de9ee8355afc1bbcc9f95e29
torus.out0.01084.h5	fdeb610ea42d6f0f8514370c642bc255
torus.out0.01085.h5	9bf3e41b017c25d4868bdb494c222935
torus.out0.01086.h5	4dce98612ea29d083dcdf7bd6ff1ab44
torus.out0.01087.h5	0ec8ce100ef8a8271732433aed0a756b
torus.out0.01088.h5	7e862342a14a8f3687b541c529e75f27
torus.out0.01089.h5	39da1e904e268bfbe1e184150f3d2341
torus.out0.01090.h5	a08f47a94f2060a0f73f80d15b25dbcb
torus.out0.01091.h5	add2876569b06428fe7b55008b6dd3f4
torus.out0.01092.h5	c08a0c4c230da296e8f918604c304c9c
torus.out0.01093.h5	bc57c4743e9f8a5e481737f132e4756a
torus.out0.01094.h5	fe0b13e73863cf38db8a4cd1cf5285e9
torus.out0.01095.h5	d0b4d459ee6e788b389ef40261173aac
torus.out0.01096.h5	79289bb64a94c0ff0689862bfb72dcf1
torus.out0.01097.h5	efd8aa8328424147e257c72b5b1d9d03
torus.out0.01098.h5	4529fccfb76202fd51ed6629aefbceba
torus.out0.01099.h5	ac5dc73bd4d127415b822c66542e26e7
torus.out0.01100.h5	7c4b0164cafe02321a4436ce7b46f0dc
torus.out0.01101.h5	c4ee8c9b9af51d32e117805409fe1ce1
torus.out0.01102.h5	af2f5f2915116924c9c504d83f821113
torus.out0.01103.h5	d516de2d568a8a05b454911872aaeb53
torus.out0.01104.h5	1ea0c306b3e578cf93a9af0717534352
torus.out0.01105.h5	298a9fea6796efbb3dcbfa4b35c4c6bf
torus.out0.01106.h5	e2320302ee8b6b8a1c21c2aec94a39bd
torus.out0.01107.h5	8f8b70b7dfdeb2f2e0f29a96b37a749c
torus.out0.01108.h5	3f5da3269da664087b1dc4d6362d72c3
torus.out0.01109.h5	c5c917fc04f81b6e06a5c63283ca9b8b
torus.out0.01110.h5	fc3a3799d2ba15750094936198dced94
torus.out0.01111.h5	cf1877d9bf77575db52e751c34a8792d
torus.out0.01112.h5	1e3998403c6ea80c331e61ee0f55c6bd
torus.out0.01113.h5	cac55addbdee8854b3a806dfd0084d18
torus.out0.01114.h5	af69fd334fa82fe03a6f6bfabda27945
torus.out0.01115.h5	d0385604b0fc52e79a87f56e11414677
torus.out0.01116.h5	b68d0975aa0e0df78484731c13ecc205
torus.out0.01117.h5	622436b72eb59950b98da8687feaafee
torus.out0.01118.h5	9193d8c9790534eac8c5b2b53d66ff7b
torus.out0.01119.h5	760782ad2bed0b49541603b475fdf81c
torus.out0.01120.h5	d249b0e9162bfab19bf81873fbd85726
torus.out0.01121.h5	218a88d930a9312138f02d0693fa2459
torus.out0.01122.h5	d3fb164556a0bc93d987cc54a59f0191
torus.out0.01123.h5	57e89f6faa7ae1d95495599c97a38e2c
torus.out0.01124.h5	dff23bebd9b26faf23c649dceeade7af
torus.out0.01125.h5	c728bf16ff5c0d3421c3051cf3f5dfb1
torus.out0.01126.h5	806deda25ee4ab7a497714335fc324a8
torus.out0.01127.h5	11ea2657125aa5842f040fc7f0247a8d
torus.out0.01128.h5	02033aad0da0bcb9e3dcec9a31ac744a
torus.out0.01129.h5	a1beb5ecff77858a89cd2f53bc271fb0
torus.out0.01130.h5	c3e81affd0f440980dbe1cde55179ef6
torus.out0.01131.h5	f8c90bac8e85fe5245cc56fc15be2532
torus.out0.01132.h5	5151122d29c50f4257c02bfe7103fcb4
torus.out0.01133.h5	2aec5921fbf723aac8668a1f42de5f5e
torus.out0.01134.h5	b0099fe19bc06430f6dbeb96c34ea8de
torus.out0.01135.h5	3a401f3d77214a927d08da94939dad12
torus.out0.01136.h5	2e55c89c3c105649c03e6de2517592a0
torus.out0.01137.h5	b91e5f174783715377f7e7a0c5670cff
torus.out0.01138.h5	87b4c84d4cb7d943c6aee7f14e54a24c
torus.out0.01139.h5	a2523f7b4e05d6a78bc2be57a14c05a4
torus.out0.01140.h5	31de1c223f946c31fec778caba0a149b
torus.out0.01141.h5	a503fa47c9ad12d6eec0ee9aa578dae0
torus.out0.01142.h5	dc4c5b2168ac76b35e853b37d0945145
torus.out0.01143.h5	2a57703f90702a8935a2551d3eee67fc
torus.out0.01144.h5	23ddde452e63a08557d38e69d20d712b
torus.out0.01145.h5	cc71d0bd110ce5a309691f6d1b6e54f9
torus.out0.01146.h5	bd375000631d1c00d1aa8faa232c33bd
torus.out0.01147.h5	684424be02e84a35c1f63c53e0a62185
torus.out0.01148.h5	632c8547574fd754ba79d5607fe94f26
torus.out0.01149.h5	d85ec82c883a137c959c29be5ea5084c
torus.out0.01150.h5	3207faf41e6db4fb0fc5bab5c6f6dde6
torus.out0.01151.h5	7141e859a3cde3f639b833ab60483733
torus.out0.01152.h5	83833e7cbef56e34ad76cfafb9cf217a
torus.out0.01153.h5	e73052902b74acfa2363d5eb8827bee3
torus.out0.01154.h5	490925a50486a7c25c3cc4f212ed0115
torus.out0.01155.h5	24efaea1063ff4999ae2ee690c351542
torus.out0.01156.h5	7f8b25f3b7e40296f3c635e8221d8e92
torus.out0.01157.h5	696c9a1d30265ae1f9fad0d383f60760
torus.out0.01158.h5	a2dc531a4a47f7f732886c21d5be4534
torus.out0.01159.h5	00ed98bc632b3678fba833a227d425be
torus.out0.01160.h5	72caa30ab44a9f41269a0bf65c426d57
torus.out0.01161.h5	ccf34d160b99c214d74bc782670eeb47
torus.out0.01162.h5	cea9e71d707b62cf78cd754bd492e6f2
torus.out0.01163.h5	06cc035209dcf309316720764cb6ac36
torus.out0.01164.h5	64f411416713576339e0ed3cd4f09cf4
torus.out0.01165.h5	e9399bc0ec08e8223cfe2eb703046a66
torus.out0.01166.h5	5edebfb8271914953c46e3fb4d0c9f72
torus.out0.01167.h5	269b0c2d5abf180fcda1c916dd0a2484
torus.out0.01168.h5	74cdc4cee01c09caa9155e2a88778e1c
torus.out0.01169.h5	91825148c89f3e1cbb501f4f9879d576
torus.out0.01170.h5	29fece91fc2a7c930d5991ca723f5a26
torus.out0.01171.h5	dc34bac04e56b3e40f3dc3fe8862a1f4
torus.out0.01172.h5	698b69f0c4cc9bdbacdce2cd2e9e012b
torus.out0.01173.h5	849bcf600b4f03b66f7126f966e8f98f
torus.out0.01174.h5	7908a8186328f2c9f6aa27ea7d75900c
torus.out0.01175.h5	c0741f04373c5fa3430a0d2cc4d82380
torus.out0.01176.h5	3a401c7142d80fc7ab6d0b041145b4ce
torus.out0.01177.h5	5e2c42215984c0d00fce8df5b10fe46a
torus.out0.01178.h5	34ae774a11d8700bdba6f5831fe09700
torus.out0.01179.h5	b14ae0ad21a465e3b465dfff0f56b243
torus.out0.01180.h5	50e48d279c4ed56ac80e00e1b733e7a3
torus.out0.01181.h5	bf099cac5204e21df311add08e78f438
torus.out0.01182.h5	2c493275a8434f79d12d1c3f0f9dcd6b
torus.out0.01183.h5	0da271b0d707a18190625863ceece677
torus.out0.01184.h5	88628ac5735beb9999555c44852a321a
torus.out0.01185.h5	ea4cccf92ffe2d05f8bd4cfa0cd7be55
torus.out0.01186.h5	6f1872d747a2450658f3fd57e83c2744
torus.out0.01187.h5	6ae3036c5de7bee4e23e070e1f1754c3
torus.out0.01188.h5	3122a333879d9b5dd70372cc59df2817
torus.out0.01189.h5	215a1e29709ddb6e85e0446288e9a486
torus.out0.01190.h5	4148556bed6cb1f686c4f448297396e4
torus.out0.01191.h5	5be6fc704853319d2be703379cdca583
torus.out0.01192.h5	a7df2844c7c3933372e35d5266cd7476
torus.out0.01193.h5	ae593d6eca90f7563a3f6de47052322d
torus.out0.01194.h5	7a65315e53268d0f6a7736ed98ab3ef8
torus.out0.01195.h5	12ff8263806c198ceb3f09ffc9f36227
torus.out0.01196.h5	b4c3d519d7729d3728814aaac5a92da1
torus.out0.01197.h5	4e7d77216565428a8c2548ad58f49c77
torus.out0.01198.h5	925b90c1d696b77ae34ef15436471550
torus.out0.01199.h5	1d93f6ddd10a11b99e6ae89145a6c3ef
torus.out0.01200.h5	1aeb215cc48bdff68af615c302089502
torus.out0.01201.h5	1f4a6b10a5c533edc5b21ff3412d3f24
torus.out0.01202.h5	7abf947a1a4036f7fe1a772e3092c3be
torus.out0.01203.h5	89f1fb4c2a24a004b70bfc969a05b8f4
torus.out0.01204.h5	48f6329c80f2c9b9a1a29770571f3570
torus.out0.01205.h5	66432d2355c8e04b47c24ca84f8a6acf
torus.out0.01206.h5	ff0f96bb35dce5590372eb3499386895
torus.out0.01207.h5	7ad4fdc48d325423d612a3e6731178c8
torus.out0.01208.h5	e97f91a73198ce1e4d85c825a4d40b13
torus.out0.01209.h5	e15e08890cf9f6d5141f81d91393b92c
torus.out0.01210.h5	6ad1401271da234641c0286063b8f546
torus.out0.01211.h5	385354bf6ebc64ab2f3705ac0e18f057
torus.out0.01212.h5	326970eb28ec6ee5f6d201116e8b80d5
torus.out0.01213.h5	ca9d685f4b57da30eb611bfa0bc6321a
torus.out0.01214.h5	ce5fd333ee0bc939502a2fc655468aa6
torus.out0.01215.h5	dfe7079e04738db72cc9c673044cde83
torus.out0.01216.h5	94f257c4c861c92c36fc37a578e2ed12
torus.out0.01217.h5	e60a54c721991ca02fe1e8b5142ebfdd
torus.out0.01218.h5	783cb54f2cd616392ff3d6cf3614da1d
torus.out0.01219.h5	0816046086a639a8a641a826ca6fbfe2
torus.out0.01220.h5	04fa9e75dd388f15e01f805afca306c2
torus.out0.01221.h5	0e4886177d1948025be838772b3dbcd4
torus.out0.01222.h5	9a63ebda315a19edb0d9740062d81c7c
torus.out0.01223.h5	790d1cacfa7ecd01774fe5daccd382d1
torus.out0.01224.h5	321adedbf91a7b86792076f78e67f2c6
torus.out0.01225.h5	512d1610a1d7b44ecb807d2288af7341
torus.out0.01226.h5	646cb3e7ce59b96bd5c9be3adc2d6fa6
torus.out0.01227.h5	a63e8a1bfc21366971a673d0106b92dc
torus.out0.01228.h5	df332f60b36aa1c7241017ff07f8ae9b
torus.out0.01229.h5	6abfb4506c19e65cb24946383226bda7
torus.out0.01230.h5	0e754a04a180cac16b62d73d65f64f15
torus.out0.01231.h5	b4f24c97bdd75d09fb7eeb01aa634df8
torus.out0.01232.h5	4ea53719c83592d7b37303187ae8fcc9
torus.out0.01233.h5	e4a99ed75a481352ed7761a322b805f1
torus.out0.01234.h5	e30b39f4e57829e6018ffee4d44881b9
torus.out0.01235.h5	f8f2862be63af2b514757481f9ab4dd6
torus.out0.01236.h5	34794b02c500ee42399521342ec834b6
torus.out0.01237.h5	11c66bd984b6db32099c62b396ca778d
torus.out0.01238.h5	b2f7886ce9fcfc22b4e945ad0b051db6
torus.out0.01239.h5	435d82fe9d94952f4a4f02113a6d1975
torus.out0.01240.h5	7f5bf1af015e4de432d814de13470509
torus.out0.01241.h5	e5280b31d0de05a6a571ef281c1cc498
torus.out0.01242.h5	f25369028520ae274ca518e72d0987df
torus.out0.01243.h5	01a8ee60c4da0e96f77f06c5868962e1
torus.out0.01244.h5	4334fb441b6c95d3455b08ffc4e9d073
torus.out0.01245.h5	5049878bc363af9e8185112b5f1f71d4
torus.out0.01246.h5	1695c6c9f9b0946aaa2e811a2f164923
torus.out0.01247.h5	e46ea333caa36984de539ddca0e74a43
torus.out0.01248.h5	ce1390a91fd047afd998f665e32813ea
torus.out0.01249.h5	76b0aacb4e6507ca66f56b3dd9be7497
torus.out0.01250.h5	06d647b36236ebd5fab854648bc00387
torus.out0.01251.h5	e2dab40740ce211e6fa2acbb23a48afb
torus.out0.01252.h5	0576a92577ed611e0ec7c60911dea78a
torus.out0.01253.h5	991ff4c8dae39a1fffd883a0f8c0f27b
torus.out0.01254.h5	3318bcbd083c099fe07d108ce6417d84
torus.out0.01255.h5	d12ad620da0c86f99ccd86667ae3dafe
torus.out0.01256.h5	dc98e9a466ef965cf7ff98d5900e91cb
torus.out0.01257.h5	86c37290ab423481609f2b636688c19a
torus.out0.01258.h5	fb623cf4564f1c7d02a706c32b135caf
torus.out0.01259.h5	f34a5d872769418783362b3e915286df
torus.out0.01260.h5	55a949e178709f2782383b903b3c24e7
torus.out0.01261.h5	6ebf3e5816c7c43e2e8e5d04ab81245f
torus.out0.01262.h5	e7453904e96225d4f29a45a995bcebad
torus.out0.01263.h5	afe922ef6f1c5804c837b4f18f46da9b
torus.out0.01264.h5	47cc0c96b0164718cf6645b87b5fd73e
torus.out0.01265.h5	23eed435207e308ce3ce814dece62acc
torus.out0.01266.h5	db031438fb74633956eab1ea1ce9b351
torus.out0.01267.h5	9acf4ca6014df1127779744f1f499c35
torus.out0.01268.h5	a4303ecaa1a1ee8601518dde49579d9d
torus.out0.01269.h5	c260e14efa71f85fb6ca70e127b63b30
torus.out0.01270.h5	d677135bef6b0cefb18ed3e07443aec9
torus.out0.01271.h5	01a69c075185e3bf4c41373978874f04
torus.out0.01272.h5	3c36b40fc45b618399578f3484f70401
torus.out0.01273.h5	8e934c2f998d4492f8cb6b0cad4212b0
torus.out0.01274.h5	88d6b2c1c81c9526da2024713a95ae75
torus.out0.01275.h5	c675e0d32834bfe2d1c6821d74531f6c
torus.out0.01276.h5	ff7735e8702fecd16be510d0473525aa
torus.out0.01277.h5	0e6f2a8f5dc2248cbfbd838a550b7c83
torus.out0.01278.h5	bb25b88a256631dd6598c7a2f17d220c
torus.out0.01279.h5	077bc9c7f4f4d8c96b3abdf40e6d47ca
torus.out0.01280.h5	66f5f90739ca60d637517610e72a26dc
torus.out0.01281.h5	26cbdf5b9931b64950d174ac0cc13b05
torus.out0.01282.h5	13b40a975687d459fb9812e3cdcbb1ad
torus.out0.01283.h5	2f5870377b631f01ee8c74da8455904a
torus.out0.01284.h5	5aca62381bf9675e58a6a8bd3dc4e1b0
torus.out0.01285.h5	a9772e7e2c34cd6596bd7cc2e2d33ecf
torus.out0.01286.h5	9313664f4c89f60e1db9c1c808dab2a4
torus.out0.01287.h5	0497e1bb135903b43373797f3f02811e
torus.out0.01288.h5	6c31c9e996c23e47a2ac89a8770def01
torus.out0.01289.h5	1d9792f81d8e78a9bc738c2b925a2404
torus.out0.01290.h5	bede0898069b7050cc699e588d066ba5
torus.out0.01291.h5	4c1c48d23253ec778c82310e5ad30bb4
torus.out0.01292.h5	70c73888464cdf3295bfbf822b745118
torus.out0.01293.h5	fb21a0761e799a119bd6de54ad307586
torus.out0.01294.h5	1802a3d65efc47771dc54e1d4ee6ed2e
torus.out0.01295.h5	8bf6f8c632c693c476583903d502f069
torus.out0.01296.h5	b73e4773ad5fe66e4a2d227dd47c8202
torus.out0.01297.h5	45e1944a3d88fe757e2468d2654e8440
torus.out0.01298.h5	049bb1cde218ecc32862a62529ce6208
torus.out0.01299.h5	75a62952cf223b77e81753322e1c2df9
torus.out0.01300.h5	5c972950415805cf27135a8daadfaae3
torus.out0.01301.h5	7e80f9be47e619eddfcc062463e763b9
torus.out0.01302.h5	166df134a74d7ffd28be4dbcd953d4b1
torus.out0.01303.h5	c92c20a2dbdd14dd5c308f5d6326c650
torus.out0.01304.h5	bb2c0aa5b0bc53b807da56e0d17fcb3c
torus.out0.01305.h5	a092b299a11720a2694d1930f80b34ba
torus.out0.01306.h5	97b8fd53f2cc4c7df62dbabb7ed33246
torus.out0.01307.h5	1fcf301c4a64ac3e0af67c58b05dad72
torus.out0.01308.h5	124c12539abdf26ef924b156150d122c
torus.out0.01309.h5	80da32d3af072cb957a93233f1bac407
torus.out0.01310.h5	2d3f700d1d02b5e5c2422878298700b7
torus.out0.01311.h5	91ea5b464348410a88d580d46a117afc
torus.out0.01312.h5	eb381633508d15435b2750f067fb3a8c
torus.out0.01313.h5	2cf0c8025ad724b799466cec309f1864
torus.out0.01314.h5	6624d630357b63440f2a91500c71e23f
torus.out0.01315.h5	4af2c78eaad4bc5fbed6fc5c2ae0a8c3
torus.out0.01316.h5	5d065e73177ef49da36346f603de65a7
torus.out0.01317.h5	39e0dec7f26d91eb6d024aac331e8c84
torus.out0.01318.h5	510d5d456ec4d91bfd6bde31c05630dd
torus.out0.01319.h5	27e74e1ca74c32f13086ca04cda79ab5
torus.out0.01320.h5	63c91b7a3fde614ac67ba5e836e63870
torus.out0.01321.h5	78e8821ddda125c99106112fd36ac0a5
torus.out0.01322.h5	b99461600dff5c5ec9ac414d395cbbc7
torus.out0.01323.h5	a936b6692fce1137cbd23f8233b3e5e8
torus.out0.01324.h5	51bfdff54185b9089d424cfba3ba598f
torus.out0.01325.h5	4c3de05d5baa78820e32f8a6a47046e4
torus.out0.01326.h5	47955ee96133ce67c473c9aa6f02eae3
torus.out0.01327.h5	d34da01250bc5f87430d5a65fedbc242
torus.out0.01328.h5	158d403f97f6520fe9a2274c9fbc99d2
torus.out0.01329.h5	869040550671060caf6802fdfa2b338a
torus.out0.01330.h5	e0a24ccb04074e5f304f6e0dd6ccfc75
torus.out0.01331.h5	f5a86925cd3e8674319372ba983272bf
torus.out0.01332.h5	ccbcb079e4c1b664234a78fcc01246ad
torus.out0.01333.h5	342b47ebcf22bc0da991f5c0e8e4c663
torus.out0.01334.h5	b8f4a9a7488d5ff6cb8caccb3ddd5298
torus.out0.01335.h5	5d5212e8ff279bc677a798f2f71fff20
torus.out0.01336.h5	e7711c77efbf7f26680d55b427ea12bd
torus.out0.01337.h5	5804213952543a12942343f9e609e0b3
torus.out0.01338.h5	c6b261451fdad1e5db0f04058e5bd786
torus.out0.01339.h5	ab84732f446f89ae309a243c29e762aa
torus.out0.01340.h5	12d1373e646373abf9b6fef93bf4c9b0
torus.out0.01341.h5	960a3a67e8829ae47db100ed8f8fea11
torus.out0.01342.h5	46ebc78b1fc0e897098407ca1ed5db15
torus.out0.01343.h5	2c32d746b66ee9631c2f4c9e46c45f47
torus.out0.01344.h5	c7e499de85d39f847bce6433a92cbbc7
torus.out0.01345.h5	1f1a4fb6f3921f97b92fe8bd9514faf0
torus.out0.01346.h5	db337c5f8f35b3253fda4e93afc14554
torus.out0.01347.h5	3fc84c98471e79607c3303c8b40b5e47
torus.out0.01348.h5	997c899cdba75c0f67a2faa88156ffe7
torus.out0.01349.h5	f718129bc12790c75daebad01230cd1a
torus.out0.01350.h5	5cbb889652621a2d2bf11677fd9f06f1
torus.out0.01351.h5	a88fb9b947c54c9da5907535a9cca5a4
torus.out0.01352.h5	451a8498049df396be027dcb2c347af8
torus.out0.01353.h5	388962092651d739a933805b54d384d5
torus.out0.01354.h5	1c466a51ceea8988de6e31fce4765043
torus.out0.01355.h5	0d94721636783c0cbbe45c2c33193c45
torus.out0.01356.h5	eef0b9677ff5ff0f341d24f485a4cf18
torus.out0.01357.h5	d4abe8591abf3eecd5a85fbd4c86e46f
torus.out0.01358.h5	8939389bea7aaab26c5fef7381b53dfd
torus.out0.01359.h5	88fc537635a252ba19f2cf79e2b39292
torus.out0.01360.h5	d7a1deac85cd7ddbd943b897326aa9e4
torus.out0.01361.h5	18bbb895c1cc9b58e7b4bafc5652af42
torus.out0.01362.h5	2a78a3784b4243d05fb74a60b6ab2d7c
torus.out0.01363.h5	0549a993ccd870ff76039e9ee2f076f4
torus.out0.01364.h5	ac947095dc56c835989e99ecae2608ad
torus.out0.01365.h5	1a753f8502ad8d0d212440b2774bc6f5
torus.out0.01366.h5	b22f55507d88159a26a0dd09bc3792f7
torus.out0.01367.h5	a735e6c618470ac7b9e1f2d51dcd3766
torus.out0.01368.h5	434cef48b8275cda1225f6488f5aeb8a
torus.out0.01369.h5	033881216dd9fb873663034ecab13081
torus.out0.01370.h5	0530e96770aac3ee0ba31f0b9ebe741e
torus.out0.01371.h5	8f9024a5d749719ada499b480ae19c22
torus.out0.01372.h5	65974bc3dd56e50787eda7767740758c
torus.out0.01373.h5	b459a9684585673db5dc13e1ecd8e699
torus.out0.01374.h5	86656ab076b9a8aaaee71f4f34ab2cec
torus.out0.01375.h5	74bb95e5b23866707d6e3e8eb0ce010a
torus.out0.01376.h5	f0f57ccc55ed8e35512456cecb6e1aa8
torus.out0.01377.h5	d4fd007f1c4e5bbfede3c0e7efed3938
torus.out0.01378.h5	2677c7165804ca9340f8ee46b983c873
torus.out0.01379.h5	0426d88e2a5e3129367717fec4f4beb5
torus.out0.01380.h5	25d32f43b0af6b590e9f5bc3bc2ce90f
torus.out0.01381.h5	6366a2b873cb58e8ff15932d57c6ac19
torus.out0.01382.h5	c482722a5100e23c135bad434526663d
torus.out0.01383.h5	a1d5873fb9a0d2af24580f4be18bfdaa
torus.out0.01384.h5	b28113eeda567ce1a31c9de8ce722611
torus.out0.01385.h5	202146f3f10199c474d1a039d3f51d64
torus.out0.01386.h5	f3ee7db889eb9f8c93506e2d0dfa6550
torus.out0.01387.h5	5b674851b65f213a20da27e31d1fd228
torus.out0.01388.h5	8b6022f743e28ba8decac5201163ef21
torus.out0.01389.h5	74855441082a76389202ecb998377d59
torus.out0.01390.h5	02995ae982e8084fa57e7287656ebb3b
torus.out0.01391.h5	1390a89a1026678c4be14005e379bc74
torus.out0.01392.h5	af799c9f0a91f86bd7050fb83fd67cca
torus.out0.01393.h5	f33e1291c0c02a01a11be2e43a2288dd
torus.out0.01394.h5	b3ca709b468afd2b0d465990b56845be
torus.out0.01395.h5	84d20d551df0f19d735bfe07c1a65377
torus.out0.01396.h5	dcf2d2a4d8b1ebde81c3feb07d577384
torus.out0.01397.h5	e75d8ae597d52bb438d6f59ae54c2aa6
torus.out0.01398.h5	b05f873ffede441935999e0273ebb4c8
torus.out0.01399.h5	0449feabd3ffd5dd49e015eb9baf652b
torus.out0.01400.h5	6296e4cbb946e230fb091c00b8020d71
torus.out0.01401.h5	9a9dc383edc02753cf6373126680969b
torus.out0.01402.h5	98397496df3387cb705ea48b273d8ac9
torus.out0.01403.h5	073cf78ca6d309071f605f073812fa7d
torus.out0.01404.h5	262474af69b7e0be6c6618b847ab3bbf
torus.out0.01405.h5	ac3de85c9cef5e33bc2b025080bc4d4b
torus.out0.01406.h5	dd0d41d1fe87d2f8e6d6bf17bc964d5e
torus.out0.01407.h5	f6854556e75b456da8b6ed40711b9330
torus.out0.01408.h5	4c1da1c63e7497318c3dbe56be7d71a5
torus.out0.01409.h5	df0e019e70fe0016f306ab10015836ce
torus.out0.01410.h5	8b366f94847c11b367a013b128b5bee0
torus.out0.01411.h5	ccd47b90c0f28f90282a3a94375891b8
torus.out0.01412.h5	7983db0558b426f52066c6ad06b624a1
torus.out0.01413.h5	69ad3b9dae72e362779ea75af4cdabc7
torus.out0.01414.h5	254e43931795b583541297064e5a3da9
torus.out0.01415.h5	c89b3b99b8079d1f8609c1ac258be1ec
torus.out0.01416.h5	788dc9d039dea7f126aeac9f58f96850
torus.out0.01417.h5	70ce7a7d32c948faf3cde0c1955f0151
torus.out0.01418.h5	51ec96c1c97f878323496fb6dba7d46f
torus.out0.01419.h5	e2a017e8902657167fbe640dcde0c3d9
torus.out0.01420.h5	10a6a35e2d456d54b9af51172d25b6fc
torus.out0.01421.h5	5b607c6c78f21876f1a940746bfb60d1
torus.out0.01422.h5	8a900bd9bcd5e7ef0ed6c1abbf6b57e8
torus.out0.01423.h5	c6af4d3dd907fcf28713311b0c7322ff
torus.out0.01424.h5	f4d7fa0dbba9449c139d0cf0f9f82419
torus.out0.01425.h5	ac286c6d9559c7a95c630ad9fa302981
torus.out0.01426.h5	a32e4ccabe8b8303930869f657e2eec1
torus.out0.01427.h5	aaed178e329f98ccc0096caf84beeff8
torus.out0.01428.h5	9d2682ad2ff63c3720cb745990012093
torus.out0.01429.h5	e1401d40f169de969bc9c5db26904adb
torus.out0.01430.h5	334af3c7c9d0ba1dd9c900c2e3bbcaa9
torus.out0.01431.h5	b3a113bb30cbe78683a665cc6ff65f00
torus.out0.01432.h5	8e73e0269e9096e4967b06b331ff14bf
torus.out0.01433.h5	9ae052ff840a4a5549c15ea6b0387ab8
torus.out0.01434.h5	3635c6f06c3bd72ed935a720e4e21e25
torus.out0.01435.h5	55a296b37e04eacc6f6b660e01da4ce8
torus.out0.01436.h5	b6286ebb117543e428dd58bc4d8485cc
torus.out0.01437.h5	f0cc03c56f0acc4af67384e3a26fe277
torus.out0.01438.h5	a1a2045958a03eae8d78b8676d4e5cf1
torus.out0.01439.h5	aaa99c7a15c2412a5c1f5ffdefe60a35
torus.out0.01440.h5	8445450378738c400cbdc2bc17751e56
torus.out0.01441.h5	ad25549affb66c3808015a35fd0ec471
torus.out0.01442.h5	3ace917794d65f66b7af07ecfe948656
torus.out0.01443.h5	ef0e9893a3ea63dc19a325ab47493264
torus.out0.01444.h5	12659ec173820325dcebbd916b3558e1
torus.out0.01445.h5	a5041dc2788ddaeb5d61f8001d55fe64
torus.out0.01446.h5	73699440d4995a1ce08a90189363c054
torus.out0.01447.h5	0158c1de6698a8f88bfbc5405b9d393a
torus.out0.01448.h5	2ad2a277aa8f0b29fab82d382e367485
torus.out0.01449.h5	6aedb2f5ba39e9aea70fb10e4e2f8379
torus.out0.01450.h5	422f9148057c23f15a9e63be6c5fcb5e
torus.out0.01451.h5	9a432cecf6e5be168a4a4d55164fb8b4
torus.out0.01452.h5	0b8145c2e0e130aca7abb8905e7aa7b9
torus.out0.01453.h5	69fc4c102e605ec01ab70f8f7d82d213
torus.out0.01454.h5	0bffaed6be990d002d340bdff6bf194a
torus.out0.01455.h5	4e8f833bb507d91c6eec03e79781016a
torus.out0.01456.h5	d799434c35dab6ab7431290f4898dd42
torus.out0.01457.h5	1242e2bfd79d75f50bef6f10cd10bb9b
torus.out0.01458.h5	a8071e0965e2a5a1114b1e4eec116a08
torus.out0.01459.h5	d20f0e0babd0c4bf4ce8ab1f7f54c95a
torus.out0.01460.h5	f1c71510c37c5db40dbfef73293bf7a4
torus.out0.01461.h5	397adc6ed8348bc75ffafd1672a1458f
torus.out0.01462.h5	90c8983d629f683ac08d796b555cfb6b
torus.out0.01463.h5	0059770a39dd5b628b8dc7175cb29f93
torus.out0.01464.h5	95275ab0495f724291290e507aa0bd2c
torus.out0.01465.h5	b49143af024c272bf5dfa570bd7e13b1
torus.out0.01466.h5	629e10ef2709e148b32060eed4eb0241
torus.out0.01467.h5	8252bbb569b05f5b3003b0e402abdcd3
torus.out0.01468.h5	e8663471618e7d7a95fbe3b569451287
torus.out0.01469.h5	af4fecf6fca291825c0e208de6cb61a9
torus.out0.01470.h5	6897bd013f94d2bef4b7df778b1b7b54
torus.out0.01471.h5	7a111cd3127902d1efaf7891ccc2d949
torus.out0.01472.h5	37eb736ef9b8e2d68150cfa121794662
torus.out0.01473.h5	55c518e57533a8d529bc795a03a0df3c
torus.out0.01474.h5	2fa2d071420fd3d6c0d0214db33d924e
torus.out0.01475.h5	b3b763fc9f591e02df05d4a42aaeec48
torus.out0.01476.h5	a6b29f319ee7321d4ab84f192cf27134
torus.out0.01477.h5	87758c06c9f657203bb3e1b4ce57a312
torus.out0.01478.h5	18f04180bf63b4d8503ea360ca799633
torus.out0.01479.h5	aaf99fac107833a2b8c370bde31a49e4
torus.out0.01480.h5	bf4e0e5b8f322a9d4f643164942b5c29
torus.out0.01481.h5	bd4ec611466558f4559876fa5b9a6cf4
torus.out0.01482.h5	544abe21ff2017bee5225f478f49bfea
torus.out0.01483.h5	4cfa400218b4b00f635ca79c70338646
torus.out0.01484.h5	306dfb8ed17b5a9392f1c0c4fa5ba9e6
torus.out0.01485.h5	9daff03866c6adec9e4e658ebf430429
torus.out0.01486.h5	0e6357645e78ca8e765795c7fbf53619
torus.out0.01487.h5	5e5458063d95dfe5b15bd378e2ac3e43
torus.out0.01488.h5	f4771bcc74ff3ac9d4e14f0e2269cbd9
torus.out0.01489.h5	093bffc71bfb14a5aa0c2fe59d777d4b
torus.out0.01490.h5	b1fad1334787c393261376aa01fb1b48
torus.out0.01491.h5	132416be307e645d0f007c0bbd60eb20
torus.out0.01492.h5	32927b25be7e2d7d25976b8e591213c4
torus.out0.01493.h5	9e92a001cc7ad6bdd0418bd2b9e00d74
torus.out0.01494.h5	4bc076cb5a67b66a982be48388f1771b
torus.out0.01495.h5	4dec76cbf82d4d1e3474b680b5a3af8f
torus.out0.01496.h5	9ebf4a6329eac22862a5685f05c376a5
torus.out0.01497.h5	6f8519ac3c11115ff160d387accfa311
torus.out0.01498.h5	93f4de7ba20841ce1817a50e6dcdb46c
torus.out0.01499.h5	92499e7d722a03bb5b3f982f5d6ce259
torus.out0.01500.h5	f9a20b475652a6e8723786d41255bbb7
torus.out0.01501.h5	d503438b103feccbd183a6c5f541b0af
torus.out0.01502.h5	48183eab1dd92381b66e310cb3041bf7
torus.out0.01503.h5	f863f89cd95ce3408babbf1d5f0fdbae
torus.out0.01504.h5	c714326c174838d9a7dfa8174a4b25ca
torus.out0.01505.h5	871e9b7f0e7812c186287dd0d8d08b83
torus.out0.01506.h5	dfda7ef023b14e0465537bd8ec6fa240
torus.out0.01507.h5	dae239cf6fa639cc8536a3db88677fb1
torus.out0.01508.h5	b4bd3cfc1a24a33bf0d7a2855b4aae8e
torus.out0.01509.h5	03580ef0dbf4c6de33633ce42df1581c
torus.out0.01510.h5	fc70e681e2db97b4320567d1d61393f7
torus.out0.01511.h5	945ced4ae769d30d263e97d4cd2b08ad
torus.out0.01512.h5	7ba8f64c9b3e6883b12878f65580e452
torus.out0.01513.h5	407e6179509ca33ca37eb3c76e13441e
torus.out0.01514.h5	bbdc8c0095e0e2abc27776acafb83cfc
torus.out0.01515.h5	8e836ba0ff62de43386b95081ae15929
torus.out0.01516.h5	25e36675009952046b7e475b59f2dd4d
torus.out0.01517.h5	0a19d6e1aab552e0b379aec998648cfb
torus.out0.01518.h5	9cbb53d31030577dd0cb178b31040446
torus.out0.01519.h5	f640327ff4a9389c1b50bafd4d40ee74
torus.out0.01520.h5	6c0c75116a4d7bc83c83edd0817b69ea
torus.out0.01521.h5	dccef4b48c6709a8ba7a0c033fc60ea7
torus.out0.01522.h5	317090d53b539d433bc3c6eac4e4ccc5
torus.out0.01523.h5	984a5ff3162152e0db687c1c108d3dd2
torus.out0.01524.h5	9e83d1892b693d4be472d936c04f7343
torus.out0.01525.h5	336eae7c4e734a7e6a43331080f6ee4d
torus.out0.01526.h5	f2e75043ecc42ec3583a574babbc20f3
torus.out0.01527.h5	d7473844bde0e67d6a8ced369ed5e284
torus.out0.01528.h5	f16772866a919ac985df81a4f0f8398c
torus.out0.01529.h5	483411dd3935260f38385a885de4c9c4
torus.out0.01530.h5	18e6a19f93977e1ac2967f7af2feb1c3
torus.out0.01531.h5	6c664d7bf53045f27ca57e4c3e813fa7
torus.out0.01532.h5	4f32802bd15af403d88a36ba0cfacd8e
torus.out0.01533.h5	1610f6f42f6f2ea84d0057776e3b6890
torus.out0.01534.h5	1c4fb62eb121156c3914cd521aec2aa9
torus.out0.01535.h5	eb1c456879257f2293568bb461824379
torus.out0.01536.h5	8e087e48b5b6ae1c16afd60f2b8da3c3
torus.out0.01537.h5	0c308dacf5c02537bcc9404fb6b2d144
torus.out0.01538.h5	36817fe2e7b062344d20813e5f09b91f
torus.out0.01539.h5	f4546ce045873c27a4a40b442c318118
torus.out0.01540.h5	3eb001edfc113dbb7c971ba64e666163
torus.out0.01541.h5	b808b37b29e76841d4228ce983fe2353
torus.out0.01542.h5	9299f9460dfd38c36b8b5c54f632a4e3
torus.out0.01543.h5	d00471fcee826f2498a499ad118ab0f8
torus.out0.01544.h5	c8b030221aa8f6e40fa063b7a9ce522e
torus.out0.01545.h5	34a69aac8551a033e4de9aed203e0f61
torus.out0.01546.h5	0de289e3dab6339bca44b921b8362fcf
torus.out0.01547.h5	e9e82c2e7a039139319ffb2aa6f14125
torus.out0.01548.h5	41a06171a8d3801318a14ddc4c34a21a
torus.out0.01549.h5	87632607a73acdee61ee264db18e2f12
torus.out0.01550.h5	3811359e4d90567b310457183bb8e99a
torus.out0.01551.h5	e209f928546e59a231d4db67049dc457
torus.out0.01552.h5	276bb2e3a26c87a941c246fd5dbae134
torus.out0.01553.h5	583e616ba1ae8d4c00d889f2746e7d24
torus.out0.01554.h5	1f9a725699f16064195650dc55bfc02a
torus.out0.01555.h5	de5ac641873f837d5edbb40f60b32c7c
torus.out0.01556.h5	6f4e11e6f2e7a0aaddf5a665626dc793
torus.out0.01557.h5	e5928e5c3067b19718de28931840a64b
torus.out0.01558.h5	a0d45aa515408aef12608632d7c075b8
torus.out0.01559.h5	9b6bdfd07ef1a15db4b38908327e61c0
torus.out0.01560.h5	c62d9da501fdf3bf68f89ee27666376a
torus.out0.01561.h5	c7515d6262a62422b04e27e473a39ea1
torus.out0.01562.h5	9b74aa732231938e02cb6f8340aab788
torus.out0.01563.h5	07859156d2a4c3b86c9b6ff9c5e5a298
torus.out0.01564.h5	07de03dd0d2c01e16bbccb985b47ebdd
torus.out0.01565.h5	05cd3ad942cfc409b50d08647379d503
torus.out0.01566.h5	4fbc27ce2942b67768d9aa2b0452b666
torus.out0.01567.h5	ed6cfa3685eb800332121e59f96b159d
torus.out0.01568.h5	943b096038a735e6e22925d3d27dd98d
torus.out0.01569.h5	adc99794adc5b56f39d00bbef6d69635
torus.out0.01570.h5	63996ce6103bc7eec30c404c30b364ed
torus.out0.01571.h5	76c793c158548d6c09fcf66f46dfbca5
torus.out0.01572.h5	b0ef990f3820f1b0e539eec1d1e2bd03
torus.out0.01573.h5	7646c3a08ed1cc7be052f0ae0402e557
torus.out0.01574.h5	f100efa7a4af92ccb4e53421ab9eb717
torus.out0.01575.h5	fa8754cbdd50d9425a97111d590c1e53
torus.out0.01576.h5	e97c41d46e230e460c9317f8d09523b1
torus.out0.01577.h5	09d75eda41354fca8b01cffb0b178fdb
torus.out0.01578.h5	e755284076a6e0f1736d9e9b1aa7558d
torus.out0.01579.h5	4d62e1bce90a30863f0d3ee886665b26
torus.out0.01580.h5	d3eae331fc81dbd6436a025aa67929ac
torus.out0.01581.h5	fe24a2f02e494118c42b9f2b2af39c44
torus.out0.01582.h5	44d0bf8df5d496d28dff53f9ea2e8ce3
torus.out0.01583.h5	6106aeeba905bf1d79e33dec59922783
torus.out0.01584.h5	bacdd4215107760ac102057e851450a9
torus.out0.01585.h5	99c0b0e1dc75988daf4db0e439dd6d9e
torus.out0.01586.h5	9584cef0cb08951b2c851d6b717eb372
torus.out0.01587.h5	68d0ce374206216d6aa7a433436f9413
torus.out0.01588.h5	5de494c2296364614d4bd927a1fe2c69
torus.out0.01589.h5	ca204400a8595c99151457daea59dfc8
torus.out0.01590.h5	161f78297b877606ce984fb23dece3f8
torus.out0.01591.h5	5bcd2727087bb27a9fafcc168578ec44
torus.out0.01592.h5	9adc2bc618154275ee66aa26f2867358
torus.out0.01593.h5	e9d9fac1fe1eb0c957db5008c7237856
torus.out0.01594.h5	0608bbbdaf81f7924bcb798ab4a9b5bc
torus.out0.01595.h5	ecee73e8bbc5136f349f35ef3e714a8b
torus.out0.01596.h5	cba5f687b54b8d162750b0189dab4cab
torus.out0.01597.h5	06fcd01035246e96fba1534295a9fc63
torus.out0.01598.h5	3cdba10f765be6b28aa0932be2853e66
torus.out0.01599.h5	df007f03212056c3f4d1ce61e2c8c6d0
torus.out0.01600.h5	c3f357cd01c9eff15e72b1e996640fc9
torus.out0.01601.h5	b286725b03d8cd6308ac43d94e9fabf4
torus.out0.01602.h5	bc4c1586cc5c4ab4f6ab7f3173258adb
torus.out0.01603.h5	08973fc79f9864499ac8fcea51d528c9
torus.out0.01604.h5	5ced98963b58a29584ccf5a62e3410a1
torus.out0.01605.h5	6445c09838a54930b543283b8ffea2d2
torus.out0.01606.h5	dba9fd6de64ae34edb8688884e05143e
torus.out0.01607.h5	f1133e22bf628a23a0ec5e4219f2d199
torus.out0.01608.h5	0aaa3860b0123aabd6eecd30851d959f
torus.out0.01609.h5	018bff906fefbc11fdd05fe7aa0f9044
torus.out0.01610.h5	4feeb5fa4d665a868a5225cf61dcc2b4
torus.out0.01611.h5	c699f70db1b627dd34bdcf8087770c0f
torus.out0.01612.h5	f3874b7b72bdabb4d66dae4a7a040f1e
torus.out0.01613.h5	4529a7edee46c750c3d75bd0f8574c9e
torus.out0.01614.h5	a7f5f7b2538ebd26799a97242c4c6460
torus.out0.01615.h5	d8412dc498fc58f38b25f52ae6fad529
torus.out0.01616.h5	54261e5fa57962fc158281e5d31cfbd6
torus.out0.01617.h5	e55dab2fbf07358518f95b3df8dc271b
torus.out0.01618.h5	1bc01a28dd7543983172bbe9e608ab9b
torus.out0.01619.h5	8190eac99f094d6558b8bcb379ebfdac
torus.out0.01620.h5	29627dd834a044a5aecb140982a1e5db
torus.out0.01621.h5	fb69dcc2d9d364191e095a99a1a4b60a
torus.out0.01622.h5	2977e91a95558195e61c53eeebe445df
torus.out0.01623.h5	0ddb1ef94da73ce8ca25ef6af9d1acca
torus.out0.01624.h5	803707237996fbc6aac2e458995c95fd
torus.out0.01625.h5	4793bbe60479700bbf4b87ebbac6d225
torus.out0.01626.h5	06fef473e8f22bb92135d03559e0e2e9
torus.out0.01627.h5	68f85926d9be25ad4cc62a2a51208d46
torus.out0.01628.h5	9c47c68d059355267545a76ce2bd85bd
torus.out0.01629.h5	d9a2b406c00f6f390f487a1a19be16e1
torus.out0.01630.h5	a3a050f31ada7feba70bc3bc2060ec59
torus.out0.01631.h5	4b4fddc66563a31823d88e2f1a66409b
torus.out0.01632.h5	73f12932746d74e5dca2db2834945732
torus.out0.01633.h5	cb4c161ec76a8cea3681a097d3e5433a
torus.out0.01634.h5	7875583dfcefb5a17e2c9a54de89c9e6
torus.out0.01635.h5	beffcce9fa0b107baa897debe5d18a83
torus.out0.01636.h5	75b18216a3a2b77d6e73f82ee855009b
torus.out0.01637.h5	0b4b378c6fe129d658df709890df1951
torus.out0.01638.h5	4d2bbd6044fff484c079967dddda3a0b
torus.out0.01639.h5	28b5774ff410b70699ecdb2dd0ececea
torus.out0.01640.h5	b5808a75c74f0c0f22be4fd943100092
torus.out0.01641.h5	71cfd19c7f4816c6cdea86e059ddc0a2
torus.out0.01642.h5	6d022d8de8b5bc2b22a716d45fe37ac3
torus.out0.01643.h5	dccbbc8631e16ec923fb0d2abc3c6e92
torus.out0.01644.h5	d8a585e173468ff7249a9a17b84d68dc
torus.out0.01645.h5	2daf3e37cba2aa1e3adcb42e9a99cf28
torus.out0.01646.h5	21a3cdcd08f7d73b7b354d1825689083
torus.out0.01647.h5	ff00182660987b1e6d401fa66712dc38
torus.out0.01648.h5	e80f972cc1d2775770adb0e4a9511981
torus.out0.01649.h5	1538ab7849a0d5712b2550f24280d7fa
torus.out0.01650.h5	86b77d430249cc965e277c07b5bdc75c
torus.out0.01651.h5	2619e943073d8519963f94af228a69df
torus.out0.01652.h5	a0ab4c8673498e544e6a3d77428b5c51
torus.out0.01653.h5	e052ab9bdd836f4735efdd46cf87343b
torus.out0.01654.h5	d30d44cf0b0afc56eec8081fb79945af
torus.out0.01655.h5	02416ada80c43a730fa328cf1922f6c5
torus.out0.01656.h5	10db8599d10587ccc9c190db2d3e95a2
torus.out0.01657.h5	2111f8c1ef9af505ce16f080dd2ce6f8
torus.out0.01658.h5	7702770a775a5eec0f6f5d93a1b2a159
torus.out0.01659.h5	807dd487bec5583955a28a1127d1fcca
torus.out0.01660.h5	dfa7bc8e50faacc06076954b4a8820ea
torus.out0.01661.h5	f8097e2b05374ba34406ba99ac5a9926
torus.out0.01662.h5	61196b0bfde92e8813e97701344dc3f7
torus.out0.01663.h5	c3c0069ae1dc31764e4d0f2488f72139
torus.out0.01664.h5	5c7aacf0adf37ce1ccbdb341e928c6f6
torus.out0.01665.h5	1b188da99d6a099f617e8bc793953d24
torus.out0.01666.h5	5d32ba9a4de4c1eb2793ef844c586fb2
torus.out0.01667.h5	9cedb48371005e0c62abcf3252eedc85
torus.out0.01668.h5	6770603301b9ced6c827d7bb9b3df919
torus.out0.01669.h5	03daa21d4a4a941f0f5270c0b493a32a
torus.out0.01670.h5	8b7dff9fcc9765e61168fcb5cb3c2ed2
torus.out0.01671.h5	28025288ff30071b1c94a91c32da1c2a
torus.out0.01672.h5	a14cf599113dca0322074b978888dbac
torus.out0.01673.h5	9bcee9adf23638f66024d18854cc89aa
torus.out0.01674.h5	3f31d55d21560d1cce944c1cf3d4629b
torus.out0.01675.h5	c08c09c1d1962816374cdb9191b98255
torus.out0.01676.h5	83fc6c2d718b5bd1ca2b0ab11fdeac6e
torus.out0.01677.h5	bd22577e845c1ee6f4bdd7bba3a662d7
torus.out0.01678.h5	75bc0ce95a473d1c42a808f3b0babdf8
torus.out0.01679.h5	a7117f94fbc7e9623521e67b13414b0e
torus.out0.01680.h5	208fac29ce227ddb75d3ffeb923f3d6e
torus.out0.01681.h5	f134d337fb74e82ca4b7447abccc52eb
torus.out0.01682.h5	e0bc2ed6be8198781f684136a555d3ad
torus.out0.01683.h5	5c6341d8c525ddfea73f8d108824976d
torus.out0.01684.h5	06a88bf7742264aa2385f1682df093fa
torus.out0.01685.h5	03e6dcca7728a2070ccd09da9882ef94
torus.out0.01686.h5	73e3825fcd1db887c2f0af24f65a0d2d
torus.out0.01687.h5	9ccd63f113a70e68ae088d2ca9ca0da7
torus.out0.01688.h5	9d86b61d76a5ce64557d0a2e7ab92e8d
torus.out0.01689.h5	d420568ee446f31dc05797a7c0ec049c
torus.out0.01690.h5	78fe3d4d9a09cde5a3ef18225c6223fa
torus.out0.01691.h5	042b4c1694fb62a2370d68e019eb0d64
torus.out0.01692.h5	88179d72264ab61a58252830a9378082
torus.out0.01693.h5	9cfd158be8ce083bf90a8bcf1fc8d07f
torus.out0.01694.h5	8f56a152bbfedde6b7d3cc05d85032ce
torus.out0.01695.h5	e46cd01cfcfdd8fb533755fd2b22c893
torus.out0.01696.h5	95c8049f93bccde20255c070c7e8761d
torus.out0.01697.h5	f1d223486f9de90d0d77fdfd95c3fa60
torus.out0.01698.h5	824ba6918a81edbebadac775fd08cf98
torus.out0.01699.h5	55f18898a2b8efa141e437228ae469b8
torus.out0.01700.h5	3ce362988ec33a4e8c155f27dd409b9b
torus.out0.01701.h5	330ceb0a0eda8e50d85579aed163f9c2
torus.out0.01702.h5	8e21b7fdac5b0f01434322d1dbb838b5
torus.out0.01703.h5	ff1f8763b3713aa6eda4697a1e194216
torus.out0.01704.h5	46302684a5c1f810b8d2119ac6378182
torus.out0.01705.h5	56ff79d4818e63a6c42365e66c1cc162
torus.out0.01706.h5	49deca1014a878ce8150e359ef1017b2
torus.out0.01707.h5	9e2335ce321a11777cd55bee5707fc90
torus.out0.01708.h5	4a7c09cae78167e07665191027600991
torus.out0.01709.h5	8d916c754942118c881ff2b4cea2235e
torus.out0.01710.h5	aebe174bdbda6f06170c0860ed20aa0b
torus.out0.01711.h5	4bc88cfcbc1e600e755a22d5610875f0
torus.out0.01712.h5	e8dc77b8cfa01645d36473663ee0d39c
torus.out0.01713.h5	8a244d88a3e25f579190401b4691dec9
torus.out0.01714.h5	10799208b23b7ad7fd225c29aa5039c5
torus.out0.01715.h5	ec48159df4df4dca44d1342ad50e773d
torus.out0.01716.h5	62dabc00eb6104f46b949b8ced75d4bf
torus.out0.01717.h5	93d5ffbf0589edea395fecf502e7c267
torus.out0.01718.h5	dcc7f99fd31872f977614b60d92fcc17
torus.out0.01719.h5	beeb78e587436e4861049df33c981f03
torus.out0.01720.h5	b9463ccd066ae9c1f0358d73cdef511f
torus.out0.01721.h5	d2754d7ceccac58ebf415e70aa5d0d6a
torus.out0.01722.h5	43b0c5002aad321762064274260cb479
torus.out0.01723.h5	b045cdfe2742ff8e43a87b1f4e6c4827
torus.out0.01724.h5	b27b1ec9230143b2b270e4e5e73a1a7a
torus.out0.01725.h5	6096f109c3c69d77edd33e89b2abc8ac
torus.out0.01726.h5	410b53a128ef7733e3107f12770527d2
torus.out0.01727.h5	3b99d3a53ac302abaab2ab4fac367455
torus.out0.01728.h5	c8ab2eb5d0495b50f4b6966487b311cc
torus.out0.01729.h5	b767a6cd2583cff91a5385cda5ec7c14
torus.out0.01730.h5	0db4d090441cef5f1972b05fbe38293e
torus.out0.01731.h5	dfb3b852f669e373164ee1c18a54860a
torus.out0.01732.h5	62eacf709c2e251a9554b58f0129cf44
torus.out0.01733.h5	47a2ffd30e5d8e1b506c1639f956dd6a
torus.out0.01734.h5	3c8d980454fb6a16119aa5f8464737f4
torus.out0.01735.h5	fb1b74032bae33bcdfdedd11a4414998
torus.out0.01736.h5	9ac8dea1902a2f80aa36deaff9460c85
torus.out0.01737.h5	e78860696777a06f343a2b99c8823efb
torus.out0.01738.h5	c773451cef2ea64495f5a24b82a13f43
torus.out0.01739.h5	b192e0d413d29e7120e2754fea2033ee
torus.out0.01740.h5	0df1a10303d893449d8db940e53cb8b3
torus.out0.01741.h5	dfe486f4a392e3cafc09524c6be31aa1
torus.out0.01742.h5	85d5c17b0146f702f405ed0fa0bf03fe
torus.out0.01743.h5	60a919984764262abb890a98022da9e2
torus.out0.01744.h5	b2a22a10808cbca2f50f08e3749a41c3
torus.out0.01745.h5	fa0fd12b07c1a1a5400588ab5895b25a
torus.out0.01746.h5	dc2512a8759d6eb456e041f5fce1f627
torus.out0.01747.h5	13a0b9727ea68bafb94186c34c680582
torus.out0.01748.h5	244f35bc3f036b9d9629876ff6e31d5d
torus.out0.01749.h5	c045910b4dbe90b0384ac30ba8c39d57
torus.out0.01750.h5	d4c1813c9c42abd560702b52ecba3f87
torus.out0.01751.h5	25d6949bba9adc270d76d5ba0d03ea4d
torus.out0.01752.h5	0d0249570964af3ddc486b01be1fb32c
torus.out0.01753.h5	0c6649d59595091833be3a9a54074165
torus.out0.01754.h5	18f7ba1b1774b9550e837e96e6632bd9
torus.out0.01755.h5	a37f046c6099ad56c3da1171e3827ce0
torus.out0.01756.h5	8005442fa451aecfc8f8db6e3fe01ae1
torus.out0.01757.h5	cc4a64a035801f5893b681fa0b386c59
torus.out0.01758.h5	75c40f055fc0b54c84cecd64100fe5d7
torus.out0.01759.h5	6188a803cbcf4984672a9eaed36681f0
torus.out0.01760.h5	462c7ed3e101fd7c24171e83d53169b7
torus.out0.01761.h5	c10f8ead2bd22f387838e4f301d5f233
torus.out0.01762.h5	0edff7784aa919dde883df03b98c28d5
torus.out0.01763.h5	f91048fd3572b4be1b9f7125e806849f
torus.out0.01764.h5	9aa5324b96ec88383d2e17f816a3bc05
torus.out0.01765.h5	9018580e8d42e14f13019b32d9eeff4a
torus.out0.01766.h5	ce8dfde7b34c0ffeb7834fc062b88b5c
torus.out0.01767.h5	ad6ea1969a1133db44fee481011306c2
torus.out0.01768.h5	3ccd26315148430928f253c26ae610ce
torus.out0.01769.h5	bb0503a506e8bb34d39a6aac5b5924b5
torus.out0.01770.h5	225428f50b509ee45baeef39d29cf6ba
torus.out0.01771.h5	b25e0dd51ad752286425a1928bdcd4da
torus.out0.01772.h5	eb4773bb593c67f159055a1a97516552
torus.out0.01773.h5	cbe1aa0798a6262ac1481b1b4c18aedb
torus.out0.01774.h5	b80ee9beb1d5e3256f2289640535259d
torus.out0.01775.h5	7ca8c4e6d561e07b27e24ae966e74402
torus.out0.01776.h5	a022d00fb77fa9896a203618b64ff3d7
torus.out0.01777.h5	bb551a9f060725305cef1d4c498cbfba
torus.out0.01778.h5	964347e53b8781f2fadf97e60e83baf6
torus.out0.01779.h5	44fc879f3dbdd2f86e129037df9ff909
torus.out0.01780.h5	821c59482835fcf9afd506f621f377f8
torus.out0.01781.h5	ca9f5811e2e484a13fb2c0cfae60bc8c
torus.out0.01782.h5	41ad5d845f397c5957f3d0f7941a2ec6
torus.out0.01783.h5	0f867fd4f8563e239f921a5b86b8cd24
torus.out0.01784.h5	7761af7feffac6ab4f82a22a4955f557
torus.out0.01785.h5	f5b6ddf12fbc3e8e891b0a6d40e84cb0
torus.out0.01786.h5	7321ab9926e97ffecba345750dadc479
torus.out0.01787.h5	8e5fadc56d63106ab40d3e000f193e6b
torus.out0.01788.h5	38c43ee81d8b4a326437d2473f6f581b
torus.out0.01789.h5	b07ec47b8e22bbd1ae490921db61a8e1
torus.out0.01790.h5	a6e6863e63845467cbea2bcda7c29c6f
torus.out0.01791.h5	82a465649d96100c7f9cf54dc6a32477
torus.out0.01792.h5	b9ed8ed93d896a558bd54bf53ccf927a
torus.out0.01793.h5	9e8703ec8447d362e450483ebe993f2f
torus.out0.01794.h5	e4d55371495dd5ea9aa07f53584d9274
torus.out0.01795.h5	3baa3ef3f1dbb9b31434d5c0a1097127
torus.out0.01796.h5	9c83610f76dd616fe768a5de64ad8da5
torus.out0.01797.h5	a55cbfde2d590dbe13912c1880dddf6f
torus.out0.01798.h5	76899fdad354e7bbd17b8983eaa57ae3
torus.out0.01799.h5	1dd696ee7c42bba0806ba597ab6998f3
torus.out0.01800.h5	b7660dfe594084059a1e449eb9e3ab82
torus.out0.01801.h5	21fce73df9ad815361a997eb0b59a30c
torus.out0.01802.h5	edfb9d4379392a0eb34f1ca2a28f39c9
torus.out0.01803.h5	c6b5e72e6b78133d926d97bb17922265
torus.out0.01804.h5	8ba4480585c8bee7e3da113ca38e81bb
torus.out0.01805.h5	83465b02435ffdc7361dba2e5de5cd5e
torus.out0.01806.h5	812bf4b4dda80fa9384acfe6a66de4a3
torus.out0.01807.h5	4702f55955429245ff56210449ac3185
torus.out0.01808.h5	dbb466046012fde1af19c77902dfa45d
torus.out0.01809.h5	c191339698dd2b590f71becebe6062e8
torus.out0.01810.h5	5057f2a8895823d84b11ccfc86f5d399
torus.out0.01811.h5	a1996e917dcc2cbdcd278bd432fc8f85
torus.out0.01812.h5	f568be5065499a3f2b52008bfdd077bd
torus.out0.01813.h5	61a144d6eeb7363498b811671f8d2b6f
torus.out0.01814.h5	019f943c1b0ab4249f42dc579a3b2485
torus.out0.01815.h5	e68879560cabf0d8a8264479ef544aa6
torus.out0.01816.h5	1d5fd4b101d0dc50b4dfc8f54a2ff90e
torus.out0.01817.h5	d59748b2c176083dddada8be1e2c7b21
torus.out0.01818.h5	279ca98018b0f7d4c3161f2eb3b110e9
torus.out0.01819.h5	d9b1599ecb07b434aa8727c2dbc29ce5
torus.out0.01820.h5	aa03dd997fbb2a2d84c73cb55a693d52
torus.out0.01821.h5	e5ce419ef615514bc877eab09a3b489b
torus.out0.01822.h5	274d02439dd347b7c217e46d30fc35b3
torus.out0.01823.h5	4edb9b9df2e4de4bcdf732901d2f8a29
torus.out0.01824.h5	869949fba97ad17c81f0a3e4b24c3903
torus.out0.01825.h5	c79fbd024af84e8c06e2ec731fbb3678
torus.out0.01826.h5	53ae3d2d48d0841e96d78dec7aa10a62
torus.out0.01827.h5	c4aeaf3749e8d5b51634e1feb8b9819f
torus.out0.01828.h5	60ab8c5b45af3881e93549d245f8befb
torus.out0.01829.h5	32edb361cf2f583d2e916d6a01e8cee0
torus.out0.01830.h5	f205f9e2ad4142301df5b5587dd96efd
torus.out0.01831.h5	4a61405486cc0f570dd6737185f039b8
torus.out0.01832.h5	87f2833e87b30c486039f8e0662b20b8
torus.out0.01833.h5	a4fd8b2fe31124a13a62f19dd687252d
torus.out0.01834.h5	123e4e0ca8f2dfdc7bcec55cd7f60998
torus.out0.01835.h5	6dacf9d84b17213316570835386ba2ba
torus.out0.01836.h5	cdc102d737b25a85222acc7a94ffe49f
torus.out0.01837.h5	866bbcad1b6aaf296599b510b488a9af
torus.out0.01838.h5	8da9d2fba62b8979f7f9d3277e5e73ad
torus.out0.01839.h5	54965f351634e1cf8db42350c46a5f31
torus.out0.01840.h5	3008c228f7c63212425d8264905f3580
torus.out0.01841.h5	8703dea2b1d66644c60637be8f68b34c
torus.out0.01842.h5	a556ead6b68c37da7c3d84edc028a830
torus.out0.01843.h5	9d09d718375080e70e37be1a6c5900ca
torus.out0.01844.h5	04c3cf028da6caaf31b133d647237c0d
torus.out0.01845.h5	4ca10b7414d3ad6ada31808dbc27784c
torus.out0.01846.h5	dfafb45c9eea333a7ba03c5ae084bdb0
torus.out0.01847.h5	86643c95503844b1f48dff59f1f4ef93
torus.out0.01848.h5	c085bad3334af958b1b12fac64fd4f9f
torus.out0.01849.h5	8316eaeaee88acfbc3d2f72193e7b38c
torus.out0.01850.h5	4b93827f92cdb63f00edc48a1e77a35f
torus.out0.01851.h5	609de25e1161b9f3feb565b093decdb2
torus.out0.01852.h5	5d50802ea627bb8c01c36bae4ea5ebdd
torus.out0.01853.h5	56e538db315929bc1b564e45ee6cf35a
torus.out0.01854.h5	133c8f3889118fb9d275b4cac20507b4
torus.out0.01855.h5	a748769a7d5f50f2558c112c6e74ee19
torus.out0.01856.h5	dd8abfbb5fb1ee4821d4f04b9ca31d57
torus.out0.01857.h5	ea775fca10f05c8d2b40b7568cbf32c3
torus.out0.01858.h5	7e89022a5dac94a5f75f5a84fdcb3c39
torus.out0.01859.h5	b7426898f1e36f47ae1a25b51a290062
torus.out0.01860.h5	7851efcc6a49a6ca2eb7f488638ee7a1
torus.out0.01861.h5	44148fd7e46ad460d36c77cd82ed3e49
torus.out0.01862.h5	5c330589bf23f4ae863c29e63f1a799f
torus.out0.01863.h5	823ce36cc461f23171d5fa66cc787a7a
torus.out0.01864.h5	0990969c78cc2fb325ac13eec975ea80
torus.out0.01865.h5	d612c6897e6f81f69503233c3eb00e34
torus.out0.01866.h5	38843577cef120f27e7e0ebe455a68e4
torus.out0.01867.h5	98d5137977097ac6a8c142c5ba391d31
torus.out0.01868.h5	8a966b50e50a4e907a1dec98a5a45079
torus.out0.01869.h5	8faf4c0522f1ed49095228c87b9d77db
torus.out0.01870.h5	98ff068ece3c07a2d8bfa5a3cd2a0a7b
torus.out0.01871.h5	0563da6d47cf9d68e6c5f252d7ec6c05
torus.out0.01872.h5	cbcc60712a308a52163d23be54316919
torus.out0.01873.h5	29c0c159d26d596dbc6f355a86dfc1bf
torus.out0.01874.h5	b27ce4b96c149932e01667cb78fb0377
torus.out0.01875.h5	391a5862062f0f65a1d9b8362b40fd32
torus.out0.01876.h5	00cfe60f649b95af3dd7cb6ca8d38104
torus.out0.01877.h5	a13b6b359682a50cfdca956e3b2a7df8
torus.out0.01878.h5	321fb87f4b0606810c59f928b93bb5ac
torus.out0.01879.h5	c18af39113c7c482cc0e11b9e0768c7a
torus.out0.01880.h5	5ddc12926af375299603b4396d754ff2
torus.out0.01881.h5	516944510a78b50eabc7cc044392000b
torus.out0.01882.h5	cf8e5e7cf9bbe1ce0f215c329a001dfe
torus.out0.01883.h5	08e2ca141d0ddb2b658b531b41ed075e
torus.out0.01884.h5	f73ec98857f72b01dcb7ab1b8835d49b
torus.out0.01885.h5	1099287d0dc7d81a84d0e89ca88711ab
torus.out0.01886.h5	41a485c88571684702079f8e415cc161
torus.out0.01887.h5	6fa121225790fc1ef3c344fe89f135cd
torus.out0.01888.h5	5c28c3389b5c04d08f9ee0087688871b
torus.out0.01889.h5	418c71e01cc4fe18e726ed774871720d
torus.out0.01890.h5	80de583831fda2d0fc1cf4c22c08a786
torus.out0.01891.h5	579705a7b38ff0369b05cac8438fa5b8
torus.out0.01892.h5	3a2f4a941bfc658b6f5557839d904257
torus.out0.01893.h5	ae815961220a125db22fdf433304baf2
torus.out0.01894.h5	3ba23e16a4b59c5ecdc3b81f858398c4
torus.out0.01895.h5	5cbfe9816208372140beabe8d0a9fd38
torus.out0.01896.h5	4d36163fa8f6704e0a2e420e38d47128
torus.out0.01897.h5	1f8cb3244f9240038d6fa96b06f82dd0
torus.out0.01898.h5	c5be3da993a377bea890e11c61147e28
torus.out0.01899.h5	6dc058c437196357d00f8002e1f99364
torus.out0.01900.h5	aa3a110ec4689f3ceb1fd937b6439ddb
torus.out0.01901.h5	65c8ed545634cf09ce8780f26620ef44
torus.out0.01902.h5	f13e1b9e8cf99db1edb8047a5fd37a26
torus.out0.01903.h5	5821f238f425866bf4ccb66436dafed4
torus.out0.01904.h5	a5955059027c76c42e98837789dec8d6
torus.out0.01905.h5	00523ba45b418f2c1171914aae6fbe9c
torus.out0.01906.h5	8e063749b15f54c2c01fd0b6e0b37d1d
torus.out0.01907.h5	12411cb95c3aa9b20cad8d8ba8faf544
torus.out0.01908.h5	5cc69d21c2692cbcfc9a71db1247a3d2
torus.out0.01909.h5	20ae91c7fbccf6d5b91ec6e340f2ac4a
torus.out0.01910.h5	36cc83a159d6bf32e233936a9303160a
torus.out0.01911.h5	34493bbbdfd5d9ceaa61ffe024a2717a
torus.out0.01912.h5	620e03d6178e96e0c46226fbd694e770
torus.out0.01913.h5	817580112b5a5b97ff41290c349002c9
torus.out0.01914.h5	12da5d86e92e924b0c14aa94eab31d06
torus.out0.01915.h5	374bc236f51e6f111a139bf1e9e0ea29
torus.out0.01916.h5	ccc57385ee3bf06e3fdbacb60010e412
torus.out0.01917.h5	5610c8af586146fd60f6f6d5408b8ac5
torus.out0.01918.h5	eded2b7747294c97468e53a17a4fd480
torus.out0.01919.h5	5825f7f64aeb23c33ea000c5c17e05ab
torus.out0.01920.h5	73f4f14654847ddcadccc7b4df10a8b8
torus.out0.01921.h5	2b1b69b349595a532b135c5eb3c7f4d5
torus.out0.01922.h5	2e2c4dccfa97d1b539163571740a9fd2
torus.out0.01923.h5	2a0a6416b466e07328e93d6e9d2b4205
torus.out0.01924.h5	0c9c1cd7b1334b91a5c3d29bdd9b1f03
torus.out0.01925.h5	59e2c2a4b2e3282bb2580e43a8c03708
torus.out0.01926.h5	a2d1aeef911bc73729dc692cde5c8088
torus.out0.01927.h5	e3c8b0cf3031ca197c428bf2d32e9c7f
torus.out0.01928.h5	3b6c1fde8b9086df175a151ab9347680
torus.out0.01929.h5	72740f1f8d4f57c61f689b429526aaef
torus.out0.01930.h5	f50a1280e6b8e7e10eddd35d7dbf6e9a
torus.out0.01931.h5	2de78297d5b3fdcd32ca39fb5ccc222f
torus.out0.01932.h5	bbfe1894d11d7d4b3f01cad4b90b504d
torus.out0.01933.h5	35eb5c0370a848395fa11282a827ca2f
torus.out0.01934.h5	3706e09e0c81807f116b5bec2081401b
torus.out0.01935.h5	16c9a9fbf4e5d4b9b3747909b2c9e71a
torus.out0.01936.h5	9b822b70ba35141318cb0fb1c84b78b3
torus.out0.01937.h5	b1833a59fd75c8496a8a2bc3d7c105a9
torus.out0.01938.h5	bf595f21f4dae9a8ddf0f8cc8447982a
torus.out0.01939.h5	ee9a0d1741451c36c6e3a8c061122f37
torus.out0.01940.h5	bfa17140fa0cf4748c61f515c8e231a7
torus.out0.01941.h5	2d2e9371e02be5d7c24602486ade5373
torus.out0.01942.h5	54c6644b3c9ee83ffbf680576f5cac33
torus.out0.01943.h5	3c9d02edae8b967d7436d02e61074c31
torus.out0.01944.h5	e504e175f7551ac27c3e7b985ad4bc05
torus.out0.01945.h5	3a761f0e0ba1c89681dacbbb268a126f
torus.out0.01946.h5	1925da17e85bc1f6e5b05b05ee335deb
torus.out0.01947.h5	77f22a82f3345349c5f9ebf09fef18af
torus.out0.01948.h5	7d6e4644c205cf580bad1a76b7d58693
torus.out0.01949.h5	ab841e5e4d3a07f2d5a82e91f371c5c3
torus.out0.01950.h5	114e592b6589a3a22a932b4b9d16c808
torus.out0.01951.h5	0c2ca2f074f4423d577011a63ffe27d4
torus.out0.01952.h5	c0c91af75f902caffb6c8e24b8b296af
torus.out0.01953.h5	721229163041697844f8b7d141c65d69
torus.out0.01954.h5	d5466d953e0768fd97f82264a3735f76
torus.out0.01955.h5	0f17135551a88d4dc47405ee2ade95a4
torus.out0.01956.h5	0df8bd7d278f39ce5fd6f2630bc2cb0f
torus.out0.01957.h5	e17cdf7e7eb3336371026083e0574587
torus.out0.01958.h5	59526da30756a820613826db25282753
torus.out0.01959.h5	0d40299a4f7b28987aa2faf3609d35d6
torus.out0.01960.h5	dde7c5490b2ba9a590efee3a845ba618
torus.out0.01961.h5	a7c86cb2b2a41af6a36c2fd1fdca5aa4
torus.out0.01962.h5	c5998c1c1239be9bfc5ac510233f6ead
torus.out0.01963.h5	710aa896fca4d0cf18b56963b03c5cc6
torus.out0.01964.h5	e5fb95ad5a344aa4533845aace27683a
torus.out0.01965.h5	94e488dd8bf4a3eaf84c5612410f472a
torus.out0.01966.h5	9349641ca91ac7640e660bef1c3b6ebf
torus.out0.01967.h5	cf9e5c5ca93208c7bff153bbfb39735a
torus.out0.01968.h5	3e89fb8645bcb3b8bd928e83f4a7b0c9
torus.out0.01969.h5	80f5aca90f177161ccf3237bb28f23e6
torus.out0.01970.h5	73fa8d406200fd5538d5c97a7cd75fa9
torus.out0.01971.h5	dbb2ce1179085dabfbc8023326e5e5af
torus.out0.01972.h5	1a3d0a44bc36c687abf4c691f55ae525
torus.out0.01973.h5	6136fc2aa63bde71c159f4823431498d
torus.out0.01974.h5	b07fc8d49d3e3728f5a7b56914f4d40e
torus.out0.01975.h5	b01c465c79bcee38508891cdfd265c3a
torus.out0.01976.h5	1ff89188e06a330338baebe7af516ba4
torus.out0.01977.h5	d5a2a6a48f12d30e10a1475c5f6499dc
torus.out0.01978.h5	f65c6a8db2df6787f37d63a8736a55e0
torus.out0.01979.h5	a4ee66c0e7bf7077f2c77a73332390f3
torus.out0.01980.h5	55babf9843d6891481207f126b3e0493
torus.out0.01981.h5	0c66bb3dc92991c21ff63e19b5dd6ce6
torus.out0.01982.h5	e41200e919879f6b5b39f9b8930fb405
torus.out0.01983.h5	5f787af3949d1531b29959de537121d1
torus.out0.01984.h5	6b40cccbc2be9b8e13a27be4c2f4f1b4
torus.out0.01985.h5	8c9b1027a510b4a9e0f768a610ed126b
torus.out0.01986.h5	b1fb6e18ee04138d2e3398acfd65792a
torus.out0.01987.h5	ad074ab25d60786da083c388d120d0fb
torus.out0.01988.h5	ef2fd8d256cdd5b74fe5e0c851dff1f6
torus.out0.01989.h5	8bf005324413065551d4b378b472ffe3
torus.out0.01990.h5	a65cf9962f5792eddf04971b922b2c1b
torus.out0.01991.h5	eb240b44ccfcf0ee82c6322669c49729
torus.out0.01992.h5	6e26741eccf42b647d836ab3efae56dd
torus.out0.01993.h5	3daf41f8b27d169183f6c18b03066c0c
torus.out0.01994.h5	6f51ef490eb095f61266273804e84809
torus.out0.01995.h5	9a6c27131ff98aa854a9a338fa9f2a17
torus.out0.01996.h5	f0c7b32ed97220fd6bdf2da7953a42b8
torus.out0.01997.h5	5ffd55302964685d3f735107797b72d9
torus.out0.01998.h5	4eee47c30f64f6745e1c9735d4fbe895
torus.out0.01999.h5	de487e384142f0590c3f446008ad1817
