torus.out0.05000.h5	82c38f27a6ffee8e6a6569805998eeca
torus.out0.05001.h5	6ef77a3cdcc7d0bbdcf5d0b68c3e824e
torus.out0.05002.h5	96617213dece7d3ceba625f49b34e29b
torus.out0.05003.h5	e6472fbf0102575c7a97d56695c930e7
torus.out0.05004.h5	bdc9fec16137d2e3a2c1d1fb8f8dd38a
torus.out0.05005.h5	9fe193f4f9d9c8bfca383a8da4d6a89a
torus.out0.05006.h5	9e10d29a3c10d260e56cbd201bf116f0
torus.out0.05007.h5	6a9504a4998eca736c08aacd70176ad8
torus.out0.05008.h5	4b3b9275c220936b9d7d41d427eff9f5
torus.out0.05009.h5	800c8f50b0c0f92b14c5d91aaeeba594
torus.out0.05010.h5	a0a537dcac83d0ea0faa25b0ef9e4668
torus.out0.05011.h5	e63e0677e35452b56e03d26d3bdc642c
torus.out0.05012.h5	678f6489ad3bd55c7953376245e57618
torus.out0.05013.h5	719bfd8acaddd2205011ba54b9daa444
torus.out0.05014.h5	ee656a7fdcdea4c178adc059171134cf
torus.out0.05015.h5	1c30a7981385d26fc2b4de9f5b1db0e1
torus.out0.05016.h5	a54b03d4ca978c7f0c026be393966087
torus.out0.05017.h5	a44900d5d33dc47ac38b263e335f34c9
torus.out0.05018.h5	55af9d84978f67c2fc05403fb1e3ed6c
torus.out0.05019.h5	a686debe92919076fc54de88a4c75f1a
torus.out0.05020.h5	80b509598cfa659918b8d7c2c5a637d2
torus.out0.05021.h5	afed35351f44534e23fafa7e5d9c69e7
torus.out0.05022.h5	eccc1e2834d661c3ac4e651efaac4784
torus.out0.05023.h5	661231a01b78722e2d634502047a3274
torus.out0.05024.h5	2dca01a45152097a3d8f619560aff0b2
torus.out0.05025.h5	3b022ebbc522304dc7457129f327ca15
torus.out0.05026.h5	2c540e23b6f15e83b37585476105a4a4
torus.out0.05027.h5	a1a12bd050f0526a7097b4568f6962f1
torus.out0.05028.h5	188f84a02ae10cb46cc763ad458208c2
torus.out0.05029.h5	9bea8a1d738959f46035ff494c1a7ec9
torus.out0.05030.h5	6fa96568452a3b8a6392c5c93c03b4d4
torus.out0.05031.h5	bf793bab14084f334df051f0b61358bf
torus.out0.05032.h5	bfaffbf5b2d78b022b2e73333969adcd
torus.out0.05033.h5	5345fbc19e902a2169a2a9c961b92878
torus.out0.05034.h5	4494ca640c3fda5164ad0ac7340e9984
torus.out0.05035.h5	e07d6ce76559808c6e2ad8a2aa0378fb
torus.out0.05036.h5	7a06f9cda4dd80778b1d29ff173ed00f
torus.out0.05037.h5	f78ea1668bb56b34756866b6e32591e8
torus.out0.05038.h5	68abf6a0f7bcd3ff7edf3832810fc844
torus.out0.05039.h5	346b2765eb97c506817c0ba3388f0114
torus.out0.05040.h5	1bd7bb92385d44579e28f715d71633ca
torus.out0.05041.h5	f82acfd3f1591e78bd1a17c1885c04ad
torus.out0.05042.h5	6f09576a4eab4667e8b9be42f6a9fc92
torus.out0.05043.h5	597ee625aa10f9508d916613d5ad131e
torus.out0.05044.h5	65dec2b46cd178f4da1dd46d546a1b00
torus.out0.05045.h5	cc851bb3794495c5f6b75fe704107edb
torus.out0.05046.h5	fe226333d4ee99d7a397849456eb702e
torus.out0.05047.h5	541c5148155feb24216a1db029ca70ef
torus.out0.05048.h5	57587dcf1bd6643c96ec4458b8dc87d2
torus.out0.05049.h5	ae92e934a31be2487c7a19ad56dfa914
torus.out0.05050.h5	cb78e7f2db73c6d8fe7ae410720aa348
torus.out0.05051.h5	2d7d8eef47b8a757b2f313cd5eaae86a
torus.out0.05052.h5	42a88b49d3628e76ce15d69ce9be8653
torus.out0.05053.h5	448fb65100127bf0dcbb1cb6c2ad50f4
torus.out0.05054.h5	03032766d7daebfa8e99b205bc80ed96
torus.out0.05055.h5	b905602d9bfa44c8a2042a507c9d21b2
torus.out0.05056.h5	70fd7924d71331e7a45b8e851ca31718
torus.out0.05057.h5	907179d4d498d660d5bd56b319c44343
torus.out0.05058.h5	2d70cf130d2f246a0257ab500281c9ee
torus.out0.05059.h5	e143690d257b9fc150ccebbedaf67fb4
torus.out0.05060.h5	e4afb2d6e12916f4c9f2d6c55815170d
torus.out0.05061.h5	c3c39fa8d9f190730874a5323f3c7af2
torus.out0.05062.h5	140bafc4efa9b29d38a2f19c45d6a355
torus.out0.05063.h5	a5f1d54ad7e597b56b223bd9d041b944
torus.out0.05064.h5	1abf414ac8265e32f05e0107a73e6a79
torus.out0.05065.h5	c5dacb08f4eed7736b59809ffdecca63
torus.out0.05066.h5	0e42a01243767e14e6ceddb880be7a48
torus.out0.05067.h5	a8d6c26952b30c51b770f3e8e9392b00
torus.out0.05068.h5	f41f6dea4e3022e6a9eb64ae93fa58e1
torus.out0.05069.h5	69b30c89ce19e515068fcb214649b8fc
torus.out0.05070.h5	fff532c19e40da59866ad0f28b05acf6
torus.out0.05071.h5	7fb634d02a96b770a9be08eb44606e36
torus.out0.05072.h5	d32cdb1f5c1323ff72e180aa0aec2c50
torus.out0.05073.h5	e6afeb7047482148309c64d02b67f899
torus.out0.05074.h5	db8b44b4850cca762a93a4ed176b0721
torus.out0.05075.h5	8be840c88df597cdf8932a9aa22c3158
torus.out0.05076.h5	a3d242870df44efc82fc94102a00d2dd
torus.out0.05077.h5	cdb63c697a4344a72032bbabe4cbb78d
torus.out0.05078.h5	a871c68461ef78f5b58f0b9c8d432a54
torus.out0.05079.h5	b71276d90f38ada44d61ad4b31646151
torus.out0.05080.h5	4f731f21b094c44a3373c40541843dae
torus.out0.05081.h5	81cd7e3185aa622481dd03a0073946ab
torus.out0.05082.h5	18f5945a0e6e7885dd1f982fbd443afe
torus.out0.05083.h5	dc471f2c864ac5a53920991098532ddb
torus.out0.05084.h5	35c062c38c12f2f2ab1e7a5bf11cf213
torus.out0.05085.h5	05ab655ed31f28ed5c9fd9a4ed3d59eb
torus.out0.05086.h5	077a9980f80eb85ba52fa47add31eb1a
torus.out0.05087.h5	694cfc465f7776359c57214feb9cebe4
torus.out0.05088.h5	c341319a48c7ed96b173a9255e5287bd
torus.out0.05089.h5	60a915ef89a42bee3bda55059b8512dd
torus.out0.05090.h5	a70ea7e361055c62eb130d7c1aaee87f
torus.out0.05091.h5	4240a28ae2f00a37ca4bd00f9402b5b8
torus.out0.05092.h5	486c92ce44ca6bb68eceeb36aba2750f
torus.out0.05093.h5	10984880e91e01d2ecbe630bc69570fb
torus.out0.05094.h5	a6dc04fcb84564ff2d2659cbbb8f224a
torus.out0.05095.h5	f9cde04cfd2d3fe485f7552c1abbe186
torus.out0.05096.h5	a2b5b176689b6c205e6b3cd9c0f837ad
torus.out0.05097.h5	f1ec4c095dc43b915587725c6106cce9
torus.out0.05098.h5	9262bd5224e50c468607c385f274f889
torus.out0.05099.h5	27a06952bcaea8eabfe71d6846195494
torus.out0.05100.h5	6f852ddc1b5bd9842b21913f8e5acfda
torus.out0.05101.h5	42530e1fa44aec91660558ddd9868a29
torus.out0.05102.h5	d5de835f58013d8f914cbc0ff829d3fb
torus.out0.05103.h5	854a8378445c6602e34b9816320c983e
torus.out0.05104.h5	f90e3b5146f9d73240c01dd14bfd11f8
torus.out0.05105.h5	e9f0b5d671b19f021c4c593df594efd4
torus.out0.05106.h5	5408041c931737e842f768f1efa49930
torus.out0.05107.h5	926b58a56c68108ce918f25af670b353
torus.out0.05108.h5	e141bb433623ffaf04f4e02f5351ebb5
torus.out0.05109.h5	e7449f21a8b1366d02a28c66cad5cf08
torus.out0.05110.h5	63f641e4cebce617b0050b2cd93ec933
torus.out0.05111.h5	4083b47d854b8c9f6b5c7005f18ac41e
torus.out0.05112.h5	0472a4a8bf4d2b3cb83ca93c42c8889a
torus.out0.05113.h5	d255446ad514974cd0285dac250c75f3
torus.out0.05114.h5	d6bac05cdf0b06f2a4ff4260c16b16a4
torus.out0.05115.h5	82e53c94741da1c18c83fb937e096b7a
torus.out0.05116.h5	8efaa8c8d8f75c3bd02309c8551ae970
torus.out0.05117.h5	a10335d51398abe851cc5d59cec47744
torus.out0.05118.h5	3e8be237c1c6f0e2a47036ae5e7ceb12
torus.out0.05119.h5	294a60f35bf11f05d37a32ada16c20ca
torus.out0.05120.h5	7e6bdd3c41445b00b87734715ffd6568
torus.out0.05121.h5	9900a05c05a8f03bfdefb4e2f7391448
torus.out0.05122.h5	e6b7f62316fb33c329a9da360b7816d4
torus.out0.05123.h5	fe617dd4c63b49ae809df0e0da1a095c
torus.out0.05124.h5	ef55552dc0c986b144186630da1fe178
torus.out0.05125.h5	d36686ddfb2b85842ec5c69b8d824392
torus.out0.05126.h5	1eeb4b6dd3183711f3b98f42ac51ff63
torus.out0.05127.h5	4993ae0e0982fd93985f00b2866681fd
torus.out0.05128.h5	eb56ecc6eca3ac59f8b858c13c6303d5
torus.out0.05129.h5	9f80e995374f98d662c882f6fe217058
torus.out0.05130.h5	28a62f4838f30f0494c63f63877f0140
torus.out0.05131.h5	ed025a73f0df9b75e0ba031c3b1a5bb3
torus.out0.05132.h5	33eb3e17b7d94e693e3fec6c00885ec4
torus.out0.05133.h5	7bdb4269aa1f73664c40bd545601ab45
torus.out0.05134.h5	29668423516c32aaf27adbf0547946b4
torus.out0.05135.h5	d11badfebd56a954f386d9bf181f1972
torus.out0.05136.h5	94dcdcbb8d1c03774205d0421ed663a8
torus.out0.05137.h5	451bebff87363189a51eb5038ec4bae4
torus.out0.05138.h5	cb7cbb59a639594db4229460e968e03f
torus.out0.05139.h5	19616a9289ab1a43dcebecda341caebf
torus.out0.05140.h5	81c6e3e00ec4a85394e2387a8938a736
torus.out0.05141.h5	63b6f52e5703534c3b7b4b97e6815e82
torus.out0.05142.h5	a0361dae451fe782d0909ab68246c453
torus.out0.05143.h5	daa68010d79cf19e4453759caa0a9615
torus.out0.05144.h5	5c0d91140daf3bf349e2019a3eaf39b2
torus.out0.05145.h5	6f0168484a816bb3c975b827da65f3ce
torus.out0.05146.h5	f6fd97c629d3dfeb43c835ac6c90a0c6
torus.out0.05147.h5	817cf32a8bc610f7ac0e6068cbedaae6
torus.out0.05148.h5	cf190266eac40b7d8f05449030a409db
torus.out0.05149.h5	c4bf5ca46a0336f792663d47784a02c2
torus.out0.05150.h5	de5d8e530fce84d4892cd39a6adb528f
torus.out0.05151.h5	fe89569fda894aa9631c64f32b476fe2
torus.out0.05152.h5	8174aa606aa9570417dc6552af79a319
torus.out0.05153.h5	61e762f6eb76e63aa2eac83527ee38a4
torus.out0.05154.h5	aa8757889745df4cdb06cde55b152f5b
torus.out0.05155.h5	c3b997bc7f7a49470988e450fdb1a91e
torus.out0.05156.h5	64e94c3e382c75d85437adf3e2c50c47
torus.out0.05157.h5	caede3ef324f907cc6538d1fbaa8caf5
torus.out0.05158.h5	7894b662bcf23c0f1bfddf5577f82203
torus.out0.05159.h5	6a1be36a23b41ce3603433975276044f
torus.out0.05160.h5	b2d00db99abdb282457222f4e7028643
torus.out0.05161.h5	a902c1a1a480871bb0956a2419b6a600
torus.out0.05162.h5	5e03ad258f418d383ccca7fd5eedd7cf
torus.out0.05163.h5	311d5a29f939e437e243fe19049248a1
torus.out0.05164.h5	a2c52269a755f56ea0032e6e3e70ce30
torus.out0.05165.h5	25e16c6e3f0e3f50a9fe481461b308b7
torus.out0.05166.h5	aa36902e2336f5d84c13652855a5b26b
torus.out0.05167.h5	1eaeff32c37a3a4196e9220da0493165
torus.out0.05168.h5	669e0aeede05a9b294dea29a87e99dcd
torus.out0.05169.h5	2820309a7eb2a9dfc2bd4181c3a7f6bf
torus.out0.05170.h5	74f6c50553db18b2f1048a70fef3d5ce
torus.out0.05171.h5	276bdd7d042a6aefd5229598a16d39dc
torus.out0.05172.h5	dbfe4864bdb12f1c8b94f9d4e7c9d895
torus.out0.05173.h5	28f90e105dbca58faed2b3776f333a87
torus.out0.05174.h5	670490ee5488c4582e1bc42a64d731af
torus.out0.05175.h5	6696b6372ccee47486f01cf382304172
torus.out0.05176.h5	e0bd10149d32b3e06e6c02e09f6078dd
torus.out0.05177.h5	4b683b91001a5c333d87202a181cc88f
torus.out0.05178.h5	ee1b63e108a12d0d73e50f169e25cff9
torus.out0.05179.h5	37c81c138f99fae0b3acac927bd81724
torus.out0.05180.h5	3ff4bde00b35c3c1adf8fff3f7b14ebb
torus.out0.05181.h5	d33b5677c26ed1cfd748a53fb46ef4ef
torus.out0.05182.h5	162d63d1a3c0242cd72e38211463fd72
torus.out0.05183.h5	8fd9a13072027a5e7833b027afb34fc9
torus.out0.05184.h5	91b44da94bd469290b73195d009ebcbb
torus.out0.05185.h5	9f874aff667ed30ac48a8e067403ac1b
torus.out0.05186.h5	bfe8948e809e3a9d8a7290cab63cd506
torus.out0.05187.h5	8aee81fee768d7e9b2733a8fe9ecb85f
torus.out0.05188.h5	7666c87bb5c0f0bed9ae910f27d77a12
torus.out0.05189.h5	184c954c97652e70004c2cb77149aa2f
torus.out0.05190.h5	f9e3fabce2d00b77608cc534e2144d1a
torus.out0.05191.h5	391468e6b9dbe9c0d780e39c865acde3
torus.out0.05192.h5	06cc77091412a6f78ab702ac1bf05f1c
torus.out0.05193.h5	631d67c8b196fe01f3ba301498d57975
torus.out0.05194.h5	1fe6e68e740fcee04467735f0213e50a
torus.out0.05195.h5	e8fdb109908826338aa0c6f74e9b43d5
torus.out0.05196.h5	12b15193d1a67646b9b7b0ec4c25d9c6
torus.out0.05197.h5	78660c48a5d92adc8c62aeef55247ab4
torus.out0.05198.h5	964640a908f069c2bf7d802ed080f916
torus.out0.05199.h5	afbf5374bc0058dd713a835b902eb604
torus.out0.05200.h5	50b9fe7da4694371557bc1f00a08a5e1
torus.out0.05201.h5	a974c6290cb146e8a121c808067068d5
torus.out0.05202.h5	5f3ccb7e8c59d7db49d4b94863042e2b
torus.out0.05203.h5	a41dd09ee3dbef8556025830efbd311f
torus.out0.05204.h5	ef411ba4f802380663ae5efd20e32d13
torus.out0.05205.h5	fc02703c1fc2eb91be4fa949c97eb002
torus.out0.05206.h5	c7b4b981594e8b5ef1c18a77f9afddea
torus.out0.05207.h5	82a84e70d8d7a31b011fc5d1f7ea76b1
torus.out0.05208.h5	8b5cab01f4b936950736cae9f89915e2
torus.out0.05209.h5	2c141cd0f6ffac27675e6fb1d56df381
torus.out0.05210.h5	79400043e3135d7d36da0abde0906f31
torus.out0.05211.h5	1518c392e0d83fa6c7d10154998478ab
torus.out0.05212.h5	ede40365743729e82d28c0017bea152b
torus.out0.05213.h5	9b2c3cfe9da1615acaabdd0b0ca2297f
torus.out0.05214.h5	c60cb40e1ef26f776e7430076c0dd3ed
torus.out0.05215.h5	365b967cd7139c51860b36d056035c0b
torus.out0.05216.h5	69f59d83a3f4a06256fd72d74cd95cef
torus.out0.05217.h5	f87afa00b110bd96189f500cc2f5f7b2
torus.out0.05218.h5	84ee5904497613b3d946559ee8c19a54
torus.out0.05219.h5	7b04c4b9ab74c18ad203212e6714f8b3
torus.out0.05220.h5	074c7fecbe438d4cd3888c638cab0901
torus.out0.05221.h5	6b6df7f849b6e4fdd17b90eab41286f4
torus.out0.05222.h5	fc13bc9459212d25c04d9a375607b83d
torus.out0.05223.h5	2456319dc4fb1cf38951e8cdbaf81e16
torus.out0.05224.h5	1c038724994bcea2c853d7d187943313
torus.out0.05225.h5	f930e239d99dcaec0df9e4721bd769cd
torus.out0.05226.h5	6bb941e381b8b15fb04066032dcdeeee
torus.out0.05227.h5	c9b942cf952192a3b3e8acf8bb15fa71
torus.out0.05228.h5	7473bbd996d779a92bb16bbb472e4f0c
torus.out0.05229.h5	ae287eade406ff862b5bd878fb70d3de
torus.out0.05230.h5	ae3f2076d8b3eec2ccdadfe9be9eb3e7
torus.out0.05231.h5	2c72deb8d2b827fc227f6c8d4086b5b2
torus.out0.05232.h5	8732a9824343e909ed1212b244dea6da
torus.out0.05233.h5	62352200452e7f2dc074cd3f5ffdc62f
torus.out0.05234.h5	6a83268bf845dcebf7294bd2eec6d344
torus.out0.05235.h5	8c2b52875d80f0682290c367dc758586
torus.out0.05236.h5	1b9eb2e33f44b33ed4ca2bf283974159
torus.out0.05237.h5	70474bad6403edf02255f8ba39974553
torus.out0.05238.h5	158bc21e9f4b7e1e775626670ab66fc3
torus.out0.05239.h5	e09bc491a5846d771371e9fa20e373fd
torus.out0.05240.h5	c048a6cf2cf44564eb05a6c366f68aee
torus.out0.05241.h5	d255d98bcf354f8701dae409e8ce0ccc
torus.out0.05242.h5	970897158c092b1bd81e7307d23c3b79
torus.out0.05243.h5	cd5a0079401a996802da1b592527a1f4
torus.out0.05244.h5	d2c70fb860a9a48ce04f759d8f973828
torus.out0.05245.h5	958aeb9757b510e18f1343f6669bd881
torus.out0.05246.h5	488cbb54cc29f02a4f58bb9e987c2e2c
torus.out0.05247.h5	8a441e98dcf1f535e9cbfcf43499adc1
torus.out0.05248.h5	89e75861eaaeb4a7dff528aef6cbc390
torus.out0.05249.h5	d7fccf696cae95cbd05552652497935e
torus.out0.05250.h5	4a11c486946cfffbff9e67ee041b5697
torus.out0.05251.h5	bad0bed80c3cc9cd332c4b574c1f0d7c
torus.out0.05252.h5	a2aff7b7c1e235f045cdbcd18eebf02d
torus.out0.05253.h5	693a151620a3b32c561f33633a1f20ad
torus.out0.05254.h5	70afb7ddf9399ce5a6f3e806efe4eb18
torus.out0.05255.h5	50661c094685338c55d98c56361535ce
torus.out0.05256.h5	b0c8fd91d829eca7c10301de2ae6a904
torus.out0.05257.h5	390b1a7063b79032a9a1206539b0fa97
torus.out0.05258.h5	88ee3cd106f84b903ff8917b4338d066
torus.out0.05259.h5	abae829eba5d6b721755491cda338038
torus.out0.05260.h5	28dff13028a8446defa64fb98c59a0c2
torus.out0.05261.h5	75c9f59c0a9acfcb7d2ade5bf1793d42
torus.out0.05262.h5	0ec50c0aa75dc8b2eac5524c91ade19a
torus.out0.05263.h5	209299cc8e82cfb392c3dbd6bfe0d72f
torus.out0.05264.h5	d708c947c880536976751b80f7ba60fb
torus.out0.05265.h5	ec42556f4ec3a49a36070c5b718a6813
torus.out0.05266.h5	f46ef666bf4629ac53e6d74a24f05fe4
torus.out0.05267.h5	ca3d2098b4c99a0b36b35009bbc0eba6
torus.out0.05268.h5	c24dbf743d912214fe6db25287e7cbb8
torus.out0.05269.h5	f8857be0cc7f4107b8a494d0a6a24edb
torus.out0.05270.h5	040a8289268ae193fceb127fc38c0240
torus.out0.05271.h5	c261bee370643d6e45e6fc27c31a44c6
torus.out0.05272.h5	830489a3ef9b4f17e74ca087b8416068
torus.out0.05273.h5	a00ce0fba9567cc57d3eb16e430f7e81
torus.out0.05274.h5	5d1428fed225a4f6ef14d19fa6194038
torus.out0.05275.h5	b5fe094d60837a9341cba0cf54bbabac
torus.out0.05276.h5	a102310ea6aee5084db90de98fdb0584
torus.out0.05277.h5	ee8171ba6b322d10050320f3be5ce333
torus.out0.05278.h5	2af7674e16a898559101fe9f5bc492f9
torus.out0.05279.h5	922b64247beb49dc54ea3661956531c4
torus.out0.05280.h5	e851016445bb4974a5816f847ef60818
torus.out0.05281.h5	fe43a7968bdb6ec8f57a5d8313fcf516
torus.out0.05282.h5	5ea82d9d6b773497d389a8b3437f7afb
torus.out0.05283.h5	24f11aa1c145ac9e903fd43bede3714f
torus.out0.05284.h5	d8112bf157bec53a31a0be75359e0dbf
torus.out0.05285.h5	048b4844b25091b58c20f336cadef140
torus.out0.05286.h5	d66928701a3147d1cf57ee1f747aa715
torus.out0.05287.h5	4ffdf33855f338cfcb7d5b7cc112ac41
torus.out0.05288.h5	27bb73fd72e5256296075add668f38b4
torus.out0.05289.h5	130941441565a3357aef74b8c6ddd3e6
torus.out0.05290.h5	72b074603d3d15a61c40315b8f330ce7
torus.out0.05291.h5	62c24d993022c2bb4d732e3556a58ffa
torus.out0.05292.h5	fbc3e801bf21200fb641bde8a529d959
torus.out0.05293.h5	3b54a1427256a3504ba3e46673da9f1a
torus.out0.05294.h5	07e282f6d7dbc5b039322dd8009a34ba
torus.out0.05295.h5	2fc513a78ab3e5f96322f1ec30dbe32f
torus.out0.05296.h5	c9a7b5a21bd54a490832b80821276c35
torus.out0.05297.h5	49836515b99ce52c63ba39bd8a17bef5
torus.out0.05298.h5	9c3ea52824f1b3d16fa2a80e9223496b
torus.out0.05299.h5	81b17ad5e55311cea94f35299c656965
torus.out0.05300.h5	ace0de754b6372433da323c573835d40
torus.out0.05301.h5	b6900486f3505cc372365b67ae207d65
torus.out0.05302.h5	952a819c349ff2bcc429ded9260a84eb
torus.out0.05303.h5	059fb71f0a97a50be1f91fe340b9036a
torus.out0.05304.h5	08cbfbf5645fd734f9b37882d1e5e33c
torus.out0.05305.h5	fc8b3e89c026cb419e735c8bf6f8feec
torus.out0.05306.h5	176a602531e8a12b3036a8f3240bbd90
torus.out0.05307.h5	f78110aa1e2ad492c862ac1636936837
torus.out0.05308.h5	255e1bdce43bd28496e2192c0b9460f2
torus.out0.05309.h5	0cbe2e3c050b0c79e5c77cc213ae0437
torus.out0.05310.h5	a7cb783c421afc867bbbd0659d995ba9
torus.out0.05311.h5	a4c7d10b0633f2b216bbb8dce9466cb2
torus.out0.05312.h5	76b1b5b257f7e53908428db7c8930ee3
torus.out0.05313.h5	c9ee1be66b795ee2799b469afa0d2ae5
torus.out0.05314.h5	90fc7978f6e0c46c2f6d297fa0cf6609
torus.out0.05315.h5	84d4e9da16b950d4eb8aa5a5add93e74
torus.out0.05316.h5	07b1976415b10ea98e291780763219a6
torus.out0.05317.h5	16acc7fe7122fea37492eefaff145c1b
torus.out0.05318.h5	74b346fa14ab41e72cb8f181ddcb26c5
torus.out0.05319.h5	b5006dd8c929fd936f9725bb0272d5bf
torus.out0.05320.h5	1bf53cf6d548ffd6457aac55084c9956
torus.out0.05321.h5	d6a89fecce0574ffe3b3dd69ecf9ebcd
torus.out0.05322.h5	4d0dc6087293af5a362b1f3826ce92e2
torus.out0.05323.h5	efce3e73e8cd08164f513723082b4c6e
torus.out0.05324.h5	12028a3a3fb413b486739a26ee6b68c6
torus.out0.05325.h5	1901bac7f4a697845612222c611192ab
torus.out0.05326.h5	17d306291ab396e9c60bc17a38aef5ce
torus.out0.05327.h5	519fc2e75fad599a52d40b04cd9f21e3
torus.out0.05328.h5	a103c540bb959cf003749cefa2378338
torus.out0.05329.h5	4dd0fe85ad6812d509651ffd0cb81e91
torus.out0.05330.h5	6f31792975f9849b712add95d4f1a875
torus.out0.05331.h5	8f2077602e945040e7d4345d9d7b57dc
torus.out0.05332.h5	d2b5581e447778de1757a5fb6a83abf8
torus.out0.05333.h5	3919df9689f6d7b69d69d461aa361ac3
torus.out0.05334.h5	b6d54dd0fe85f09857f920ec174de30d
torus.out0.05335.h5	c153a5f7458877c1a79be3efc2438592
torus.out0.05336.h5	67e1f2223bc73af2038c029f56f450c3
torus.out0.05337.h5	ddfeda5b0bcb31886d133a9e92b0e6f3
torus.out0.05338.h5	225c01e99056cc9dca39db2808fd5b55
torus.out0.05339.h5	ae27c1ef78184af9380810b261d72a97
torus.out0.05340.h5	9058a02ddbd7154273a1c3192640bad2
torus.out0.05341.h5	eb2b268fc75897d12f0fe6c6eb21482c
torus.out0.05342.h5	6bafc54dcd62bff9ec92f6f5c44b38bd
torus.out0.05343.h5	e0606e18e17d74b4903e6c8c7960028d
torus.out0.05344.h5	4176f03147aa7c125f7d37db8aec13a1
torus.out0.05345.h5	583d481be23bedb878195c01fdc824e5
torus.out0.05346.h5	c8b8131437c688fa600a792a5c0012d3
torus.out0.05347.h5	47a8298a06e0bf7bc0120121cb7c8221
torus.out0.05348.h5	8f525d8226b120acb1615c549386f366
torus.out0.05349.h5	2a16817cad3eb4b7d4ef08d7c99e8b4a
torus.out0.05350.h5	9204ab31ffe2379e48f4aff3d9248234
torus.out0.05351.h5	66e4cb241513f24e623568ce23fea71b
torus.out0.05352.h5	7a9999254cfd4aa5be1a6a15b6bf75f8
torus.out0.05353.h5	6cf0339381def9480d7497cd8156f302
torus.out0.05354.h5	f85ecab8e301995e85be70e95775fcc5
torus.out0.05355.h5	b8a80a60ba6b97c1b8ff74fe5cbeed03
torus.out0.05356.h5	14eed192572cc5459568b4e8db7125f7
torus.out0.05357.h5	fac67635e40bb92a696da130e07ec2d2
torus.out0.05358.h5	3fe96b8e1fedd3a60760c26e20bc3700
torus.out0.05359.h5	5542ed886bd8adf2058a97bd057b0fbd
torus.out0.05360.h5	d12a9be1617f6afedbcd54b48a7303a2
torus.out0.05361.h5	8ef2881200ff5952d01ff186f9b6d152
torus.out0.05362.h5	acf12a1cd5c8518a19b2f8e8c7a13ac6
torus.out0.05363.h5	3989603af604eff76412202274649dcc
torus.out0.05364.h5	b27af83f20dfb28ccc1ec6ba3162286e
torus.out0.05365.h5	895b2a20490fc0e554ba033e36641743
torus.out0.05366.h5	f520a638bc5dcb733bd37e30453cdbe1
torus.out0.05367.h5	93e3c22213cbee80bea430df94c7a92b
torus.out0.05368.h5	7650c3bc8aba50f0cb22d30b468b7464
torus.out0.05369.h5	7d4d7ab2b72c512efabec8c55a01a97b
torus.out0.05370.h5	68b634c789e44d75cce4d88a1d3f3eea
torus.out0.05371.h5	747dd087b8cc2d250af3a8a565395d6a
torus.out0.05372.h5	297615aa0bc4813879437fc0f5b7a0a6
torus.out0.05373.h5	423bba9dfb7f5ba02a9bf1d2188d9409
torus.out0.05374.h5	42f03f8b93b680696be1b0cddfd9c858
torus.out0.05375.h5	bb8a1924d9877ab177bd39fb816eb623
torus.out0.05376.h5	3b76b6652bffc25b35ea4f7fbfbf2157
torus.out0.05377.h5	083ae3428240cd9b0aedd6da5017313f
torus.out0.05378.h5	b66657033d829ba6b8c26c0477fdf886
torus.out0.05379.h5	c717509ca0414482917d71d92d66b941
torus.out0.05380.h5	9d90fbbf0c36b0b74e39f7cf143ac333
torus.out0.05381.h5	3e97e7a1b009831f694556370e64deaf
torus.out0.05382.h5	ebfb409ecd0bc4743f33f8957431e247
torus.out0.05383.h5	fb46414a6d6a58e8029e2a066d783d65
torus.out0.05384.h5	a9bac49139bc92bbdd7da57cb79467e5
torus.out0.05385.h5	a398537e6f902746c446b5a3bc6e4342
torus.out0.05386.h5	7627384276636eda3d23be185ec8f625
torus.out0.05387.h5	8d6d9a512fdf02745e32aa0d0758fd67
torus.out0.05388.h5	193a0f6cef5b6f4cc4ee038f3eb3d7f8
torus.out0.05389.h5	fb6100c0f2fff6103975cecccc756e31
torus.out0.05390.h5	f339a79a6392e9932f147fc73cb3e047
torus.out0.05391.h5	ea1237ace54e0017c177227d66aab6b3
torus.out0.05392.h5	22f511aba4689a96a7431f8b08dc5e06
torus.out0.05393.h5	c1ad543ce3c7331b9f4dad02542d5fd5
torus.out0.05394.h5	7da5739c7fd621ae5f887aa004ef35d6
torus.out0.05395.h5	b348abe77d2b8f8007fb18d14c262d6f
torus.out0.05396.h5	f8a3fc142989939e92f84c2a941e6333
torus.out0.05397.h5	f6d47ed6932bb714010559fc648e1713
torus.out0.05398.h5	12b4c8437b980cc06b0371d54684e5a2
torus.out0.05399.h5	85aee8df8c1897d2fcc563d5a7fc4253
torus.out0.05400.h5	1368e3aec9553f47c94b73b1d8ec28ff
torus.out0.05401.h5	896c9f42ccfaef7d23b7301be5758e2f
torus.out0.05402.h5	c029111e77e53ab55b8b56b021dce814
torus.out0.05403.h5	165475b288a5a425a7c7a884c136b133
torus.out0.05404.h5	fd7eaa9447d971c1fb5f1ceb7f3b78d2
torus.out0.05405.h5	0e82514b68ea1eed465491be7539ffb4
torus.out0.05406.h5	49b977d688d1fde0c3f0182a7f00e78d
torus.out0.05407.h5	927c2af233d25a8ba8e7e5c739794e8a
torus.out0.05408.h5	7c3e577c227a93b6f4f6f0e23cd22eef
torus.out0.05409.h5	669bab29de9eef271c6efcc6a7c439a9
torus.out0.05410.h5	0cc560541b207ace534157d851bc3f44
torus.out0.05411.h5	1010b26b6df437af51c5ba1aa8fe1df9
torus.out0.05412.h5	9b9a2f5e283f4c03f0b3c3bd2b088940
torus.out0.05413.h5	235affcd10a04f76c0264e4e8583d577
torus.out0.05414.h5	1a472716d59eafcbb8474e12a54d5a7a
torus.out0.05415.h5	c0510073fa4e8688b2f011324b8943ab
torus.out0.05416.h5	b124f9a473cd1c45453c52d6e0e5b3e9
torus.out0.05417.h5	863daac813b6a3d2f39aa2769f281281
torus.out0.05418.h5	59cb5238f5a2e6dc3ba614cc072dd81c
torus.out0.05419.h5	3c3b3954863205bf4b91ee7597fa8328
torus.out0.05420.h5	52565a759fbe6ff4772053c2ccfe2865
torus.out0.05421.h5	2fefa44e86d7b2f99e2d0440a622940b
torus.out0.05422.h5	ed5ddb90931e478ca0edc45783c83fbf
torus.out0.05423.h5	c689d2537c736f816900db607204385a
torus.out0.05424.h5	dd23f63527ddd24da126d99876bb1334
torus.out0.05425.h5	9be14597052e1b7fb2b551f54f7d1933
torus.out0.05426.h5	153290d3691e6df217def5ba7b486f41
torus.out0.05427.h5	4b97bc14cf74e94e9ce2d29f781b7da8
torus.out0.05428.h5	b0654238effa1b3a9574ff2998b68b25
torus.out0.05429.h5	399b62f36d4ce6b1b0850d35c04d8949
torus.out0.05430.h5	f1ae0c3d39fc3b2a04de1606af10dd8b
torus.out0.05431.h5	3cd41665be1730b4b4bfc6456d5d1e3a
torus.out0.05432.h5	646706b48ed12241d7c32ab528107a0f
torus.out0.05433.h5	b72a7de29ffe75de406dd39b9da55e36
torus.out0.05434.h5	d750f26cceee87f1bbc95965886046b1
torus.out0.05435.h5	a32dc8ee39de1203e5942391ec78cb8e
torus.out0.05436.h5	e89bf61490099d0043cf72ffb3ea0181
torus.out0.05437.h5	cfe3e135d757bbc18a64f22792dcc2ac
torus.out0.05438.h5	db6e31160459232ca153174b76fbb803
torus.out0.05439.h5	f1482bbf6e80fb3333aab5473d72a3a4
torus.out0.05440.h5	00f60eb92b8180741c58689164bd96e8
torus.out0.05441.h5	6ca3e272e0b2f805a87eca989daf4b14
torus.out0.05442.h5	f695395adc8a7152100d2f0696217e8e
torus.out0.05443.h5	01d453db79f7f2511b61773c7c07aae5
torus.out0.05444.h5	c5c6ff6b4042d6ffbf15ecf42c3a96aa
torus.out0.05445.h5	a0513ea59f842d819e5c5504edc54cbd
torus.out0.05446.h5	948468fd7dcd0a97e41bfe2ff0d0744a
torus.out0.05447.h5	0d008b18ac652dba691ca52b4cf1086a
torus.out0.05448.h5	9785dd0993b46c60a55c357a6dda45be
torus.out0.05449.h5	8517f773facc6fbcd98f14ba2776f353
torus.out0.05450.h5	b1dc97606a85b55ae8ec38d1b30a103a
torus.out0.05451.h5	79d6e166bad8c5afa87e96b37bc764ae
torus.out0.05452.h5	5d60b778a529b2b36d4472e342bd6ae0
torus.out0.05453.h5	42c7a2a884e6db34dc499fa79053fbd7
torus.out0.05454.h5	c2bc162dfd84ad593b2042377a4c7118
torus.out0.05455.h5	e355a4fc4f6c0c02c3b0e55b3e1e32ed
torus.out0.05456.h5	b188a6c1f3140585a8345a67d9309f3b
torus.out0.05457.h5	938d93f81f6ed136d727c9b0eddf29d1
torus.out0.05458.h5	081ed5d2456977226b8fbf5bce660790
torus.out0.05459.h5	044fec19ac272389e2f64057638ea358
torus.out0.05460.h5	302cdbb71f523ed639ba568dbeba4839
torus.out0.05461.h5	25e07fa9d9784d74e9fb71efbea811b4
torus.out0.05462.h5	cd2491514287cd38a32b7ebfcc77bfee
torus.out0.05463.h5	cfb177d8357875325eeeaba818878f9b
torus.out0.05464.h5	15508ab702e93e98fd6d847744679c14
torus.out0.05465.h5	9e0acc47664ce7751eaddd4ca1c529b1
torus.out0.05466.h5	0e13b8f7ca4c0b0b7d1e88f3502256b3
torus.out0.05467.h5	3278b0922588d2f5bcce61812394df27
torus.out0.05468.h5	a832b4a3d135c2e20ff15692c6a421cd
torus.out0.05469.h5	970fe42ceb632f8000b05f5c49bfd791
torus.out0.05470.h5	cac5eb39008d5c80169f8abf095f4cbd
torus.out0.05471.h5	8c7df98c2c8b1dbf789991e49af4892c
torus.out0.05472.h5	f50563b890d78caa3442ba77394746af
torus.out0.05473.h5	d25752301001cf23627991f83570ced9
torus.out0.05474.h5	57cda4331acd6a9a64b516ea2993efe3
torus.out0.05475.h5	510bf537e86c470071572ff46f2ba9c9
torus.out0.05476.h5	7369319bb3e4bf30f2963af58bf99c50
torus.out0.05477.h5	bf2b0f535f2bf48feabec25948069da8
torus.out0.05478.h5	7a6e8c3f389b7ef48775b543183e76ed
torus.out0.05479.h5	cbcc6c37b24e6cdd9c8337d842fd1374
torus.out0.05480.h5	806ef1138e465c387a0113d5b2e5406d
torus.out0.05481.h5	4159109b1d9ca1ebfd53f6f151f4bce5
torus.out0.05482.h5	353964efec5b410d060119b6f3f8d002
torus.out0.05483.h5	266b6879d76fd92f2b5ce6b7f5483c96
torus.out0.05484.h5	a3aa8042c56714c798450df62be049f9
torus.out0.05485.h5	36cff162baca8c216799e2dacdfdb589
torus.out0.05486.h5	36d8e1587dc8c814a1cc181d6aeb2109
torus.out0.05487.h5	69b90263706a80bd75d6a6113235e3bc
torus.out0.05488.h5	f579fd53ed23d52c0384d3558a4903f4
torus.out0.05489.h5	de1feeb8308e092017f34fdd8fa6c253
torus.out0.05490.h5	1ce9271053ca095c34e7577db291cd7f
torus.out0.05491.h5	0fac66c10d847af0fcc3e7d659624d7d
torus.out0.05492.h5	a914c62ea315343bcce26a66fd2bfa5f
torus.out0.05493.h5	90f0d55fab993aaaac5f3b6f96b3b08d
torus.out0.05494.h5	1e724977b1a559db6cb05ccfeff6cef4
torus.out0.05495.h5	a66f26e91f3703b5695f3690c32f7013
torus.out0.05496.h5	addfacb43cb0c009f89c3f525e1060c7
torus.out0.05497.h5	ce7485e4068e5ce9f4b76ececf31ee7b
torus.out0.05498.h5	70d6fb3809738f6b617b3451ec79cbe0
torus.out0.05499.h5	d88ffe1abe8bf033a16c8136f7694360
torus.out0.05500.h5	08c356a8223f8477c03450ea68791fd5
torus.out0.05501.h5	ed1c0263c2b775b2f2e4c92be08bc081
torus.out0.05502.h5	e44d848db6b6b03c02e4d5897d255478
torus.out0.05503.h5	8c2d984cdd3136a54d4984f1b80de075
torus.out0.05504.h5	2c62ea3ad53dcb750dff101d64336394
torus.out0.05505.h5	849abfe41ef78d1c2cc19ad2f0e43934
torus.out0.05506.h5	74b689fe030f21b27cc69f8200583e80
torus.out0.05507.h5	7f550c2daf21f477577fb4a6f953f860
torus.out0.05508.h5	7b966c005bf684035e0780fce30ffe77
torus.out0.05509.h5	06fb731de225263e04262db2bed89be1
torus.out0.05510.h5	e53b560066236b39a92b7ae410ebc206
torus.out0.05511.h5	a6864084e595260ad22ec4fee9c7301e
torus.out0.05512.h5	29678b1debd666fbc2b69cb4c19833d2
torus.out0.05513.h5	e620de563e37a070733af26319ef705f
torus.out0.05514.h5	b3a7e831b191e29d4731314ff4b01292
torus.out0.05515.h5	2e1a9245b57255c6b17f0fe34f6f395a
torus.out0.05516.h5	251e774c0b197b319aff8103947416cb
torus.out0.05517.h5	e8d376fe458a7a9ac928a09bcebae373
torus.out0.05518.h5	120a4e0795b9a0e79786402411722cbd
torus.out0.05519.h5	e41549622c3873fd4071613435eb95e2
torus.out0.05520.h5	9bea0c2dbb791fba3bff750bb647bbae
torus.out0.05521.h5	565922d084f7142e444f93fff7c381bc
torus.out0.05522.h5	b9424114e47c556deec41967304588d0
torus.out0.05523.h5	7474015db55ea29733f0ba13875fca66
torus.out0.05524.h5	cdfed4879bdc24c17ed598a5098a7bd5
torus.out0.05525.h5	f940140a8256ae0af612690df57a8314
torus.out0.05526.h5	ef62bd1e24be5c3e608f43075ec5e164
torus.out0.05527.h5	ba5baf236e4a7715836675b182aeddd2
torus.out0.05528.h5	4b67933929f7b94506623a0d8f7622a5
torus.out0.05529.h5	e5735535bc0431bbd523b5db60ae6bb3
torus.out0.05530.h5	994338b0592b853a9b556b7ff217d3f5
torus.out0.05531.h5	860d96b4568679f259295d43a4d60c2b
torus.out0.05532.h5	556f36bd599cdd813ecc78a5f8813ca3
torus.out0.05533.h5	6deca043535b4c7a214482fcceb6c3ab
torus.out0.05534.h5	e0e762eda6cf5131f7fa934e3c886211
torus.out0.05535.h5	7f632311e083ec2abebf1e84109a39c9
torus.out0.05536.h5	f96797257823cdecead8a6ad5cadaa81
torus.out0.05537.h5	2c87782aa4ecdaafbc9b258dd4f05a7e
torus.out0.05538.h5	3d21c32a8df2f2fe8b0eae4126177e62
torus.out0.05539.h5	151d6d16e5694cd688b6d8ed481fe3bd
torus.out0.05540.h5	38f510b3c48a553263dd1c43d50a5995
torus.out0.05541.h5	906d44da250b7b8039f3c0c910593d7e
torus.out0.05542.h5	01e54cd9e74943a515da9dcdb3d6f5cf
torus.out0.05543.h5	f3ee0655f8ffbfa9e7a6541b31f4f798
torus.out0.05544.h5	6b37676b1bb7fa88d23ea3f32585daf0
torus.out0.05545.h5	5e33ab76239659c2810013fbd0c6282a
torus.out0.05546.h5	425be9307b3daa77bf22176349a2c458
torus.out0.05547.h5	f1ad14172afb4ac0c5405701a8b4c081
torus.out0.05548.h5	04a36d85d8ff712351a0d5d473c16b0e
torus.out0.05549.h5	d4cb26fed874f3fb43947da8f3bbe11c
torus.out0.05550.h5	8364ed3cb215bf2fabc8c80e1f7fc34e
torus.out0.05551.h5	28e38271ce77c8597d6c6b058bca1390
torus.out0.05552.h5	82435e9d5405a3c298e9c63361c9b24e
torus.out0.05553.h5	786b0368f5da2c490670d42bec94cb07
torus.out0.05554.h5	4fd36ebddfc51d58e5a2f50c317e24ad
torus.out0.05555.h5	719b450a17ebff6c30826d487217686f
torus.out0.05556.h5	882baf07a440bf872050dd173809d3bf
torus.out0.05557.h5	d417632f1bc55c2d3a3168c841e6393f
torus.out0.05558.h5	cebea1820526dd5197b912840311bd15
torus.out0.05559.h5	8f6ab3b0b3990597d1fdfeab37507153
torus.out0.05560.h5	51120d8e9804426edab9b729cd994627
torus.out0.05561.h5	60845312a8efece85164a9c552b695e3
torus.out0.05562.h5	09e3790422b2124a826885f9e9efec4a
torus.out0.05563.h5	34e09ceaf4120b268b1a323ef208b5fc
torus.out0.05564.h5	c86a7042c87b56b1bd1a8e2673233bfb
torus.out0.05565.h5	c5346b6cbec3b2a094e714a1220ee523
torus.out0.05566.h5	76b23b73be504b441e0ded40bd3c70f9
torus.out0.05567.h5	61124c6407cca5dbf3dd4620f1d1e106
torus.out0.05568.h5	cb51981f07de1fd10cc8e5495199be36
torus.out0.05569.h5	dd748068d94873062d0045833d19047c
torus.out0.05570.h5	726a6117cccfdafb15eb333e6fd3f8d6
torus.out0.05571.h5	27294b888cfdc5f4bdf8c7b33c8523a4
torus.out0.05572.h5	ad196eead04e428c2c0e0c51b4f00272
torus.out0.05573.h5	fc41932ddc8648e6f7acb4175955d26d
torus.out0.05574.h5	d2780b873087eebe0eb85fcfc7e4d3eb
torus.out0.05575.h5	473c068379b0ce562593f8a576094be5
torus.out0.05576.h5	a7280008d7923d4639ff1195576fd45d
torus.out0.05577.h5	34aa5bb23ee618e4d0ea1de6e1067fe6
torus.out0.05578.h5	1b868d76a70d2c3e9fe1915525e129ae
torus.out0.05579.h5	dcd98dfcd582596478b1373ee672e426
torus.out0.05580.h5	c7477cf5f5098c221df21aab7f073010
torus.out0.05581.h5	f82ad1241a3912c3509447fd308ee481
torus.out0.05582.h5	eeb61f5050ee7e5fc3d4ed44d63088da
torus.out0.05583.h5	8a38a4e3f9d5d8d356d945b634a89edd
torus.out0.05584.h5	0951e2c04715cf733838dd114a2f485c
torus.out0.05585.h5	a006e8bda7048afb1a38e9145bc8bcc0
torus.out0.05586.h5	8cc0af1b3a43bc052e8b2220b9d76ac7
torus.out0.05587.h5	68629c46fffc3c45c4946d1c0ef43fce
torus.out0.05588.h5	b3de25276ce73919bddad3719988f69a
torus.out0.05589.h5	307f7f65d4d2676b03b10af1ac6088e4
torus.out0.05590.h5	cc78464964b27e3d5d1352892a4fbfb6
torus.out0.05591.h5	d61c258bfac1d823e452ec63c52daf6e
torus.out0.05592.h5	1c7bff3112a1abcece9bbf4b31de5ed1
torus.out0.05593.h5	302b183002dd0fec506ba93eb07415e7
torus.out0.05594.h5	5144fae8cbb87c7ffefad96c75082689
torus.out0.05595.h5	13b9193b6c2f90d8755c4f8c141f53fc
torus.out0.05596.h5	2bd587f951b1de2d2441d23cdac7cdc6
torus.out0.05597.h5	a1e2c7eabc3c901b92d9db72a8a1a069
torus.out0.05598.h5	ce0fa9cb53c83e4217ba0c47d4ea4c9d
torus.out0.05599.h5	29212e9f52c7d0deaefb0fedae69f901
torus.out0.05600.h5	314277251c65e4c1241a8fc141687064
torus.out0.05601.h5	9ce9ee0318c79b27aa2c7615d3357f9a
torus.out0.05602.h5	ad54b30f9f9f5f20315132a3a8ee584e
torus.out0.05603.h5	0822e8b9798f98631e3d6adf5aab8d9f
torus.out0.05604.h5	1971bb060e51af3b4a014c55c31e7599
torus.out0.05605.h5	aed2684aac8a5fe74481da700513e0c1
torus.out0.05606.h5	4c9ce4209e8fa0971aa85569a40becb1
torus.out0.05607.h5	ccf88f1fd6eff7e888d3aa10515c4404
torus.out0.05608.h5	fec7d8a03c6838ff005a612af48868e8
torus.out0.05609.h5	5ad0d0c31013c603c4a8a64c8dd079d9
torus.out0.05610.h5	3f4558329e3fc7d2ef17a4a07705a84d
torus.out0.05611.h5	608a840ddeb5a9671bd043f418aee836
torus.out0.05612.h5	de28394bca6c24a8b578a8fd7da96836
torus.out0.05613.h5	1983eb747725e24af61068ca6d936e03
torus.out0.05614.h5	e80ab3a484ce12ed51ed22fb61cd4000
torus.out0.05615.h5	333bddb0350d682856262193a586bafe
torus.out0.05616.h5	7f92e0cd9aea4088732529b7691cf322
torus.out0.05617.h5	4326a191290c70b2bee4918bb0d569f0
torus.out0.05618.h5	9825958d8e3b6aeae8648efa64704658
torus.out0.05619.h5	425c0a7d42cb288b547594c38f4fe038
torus.out0.05620.h5	fa69a66858e86a8f58a6d46efde60ae5
torus.out0.05621.h5	f953d2f43b519970ab3a2f7d1447f220
torus.out0.05622.h5	bfd3ef0fceb5e9e07abbecd0699b9f34
torus.out0.05623.h5	a0408206be7aa834aa4b1f9d03346247
torus.out0.05624.h5	bded92cf97cc528aa7739eb7fb0ca6fe
torus.out0.05625.h5	fdb2485d9b1e60ba228aaf5a63b9fc55
torus.out0.05626.h5	5e33e65b4392bedb84206d0e2bf7aeff
torus.out0.05627.h5	1316336b9d5c113d07ba20e32c07a82c
torus.out0.05628.h5	17b99a01001f05ea56f75bd2ff625db0
torus.out0.05629.h5	3e49a16d79e980629695425434e444b0
torus.out0.05630.h5	f81d99e762c862249dfd104a2d20ea3a
torus.out0.05631.h5	d7d1a0a27f366e829e61fa9a7e20241d
torus.out0.05632.h5	7d838ee0c33d3d1d74b1cb38737a9027
torus.out0.05633.h5	67585b5c2d7c718045eb2b211ec44d6b
torus.out0.05634.h5	b09d69366bcb30ef37e060d7d212c386
torus.out0.05635.h5	fff8d40e1bf140305b8893b978037742
torus.out0.05636.h5	91d5eb7f26d4a2cef90e5daad717eba8
torus.out0.05637.h5	5be710680d07469693bb7062aaf5d285
torus.out0.05638.h5	9d7eb714efc08c4a5158761da212fc2f
torus.out0.05639.h5	60c42fc1a55a72661d7f4e1ae4b011a5
torus.out0.05640.h5	ebdb60e447a6cbb5eed24f42f970efc6
torus.out0.05641.h5	43005645f33a1f02d0b87c43aaca0365
torus.out0.05642.h5	168bf451b9d0e39ffd40296bb7d8ed45
torus.out0.05643.h5	e45937743a4900ec15b3e82bc609e666
torus.out0.05644.h5	09a49bee9e1d6a9a502b009ce1b259f9
torus.out0.05645.h5	75282ecb3a670a5d84b7201cace827f4
torus.out0.05646.h5	b8c8706917507ea71483e95de4b6530b
torus.out0.05647.h5	92c93e4526fbd1512f3ef18c421cdea1
torus.out0.05648.h5	ac7926d5ce0d0cdf9a6bed10e7901a26
torus.out0.05649.h5	6833682882bacf1c1cbafbca05d0c8e1
torus.out0.05650.h5	fcbb9dca413270a268d745ce2b84f945
torus.out0.05651.h5	fb713484aa9cfa85b39deb37ea889f0d
torus.out0.05652.h5	7a499654b6d05e57f621ecd616530199
torus.out0.05653.h5	850b51df64deae9d5e97f30402a740f0
torus.out0.05654.h5	af99f584d760ac74c389000e3e61a52b
torus.out0.05655.h5	4aec240893d78221fbcd7c02db7648c5
torus.out0.05656.h5	fbe02c1e74db23a0db7e00f8ab0dbe06
torus.out0.05657.h5	e711369c248fcd6093ce80a391e34ad9
torus.out0.05658.h5	71d07f93c136e74ace94c9aeaf8758e6
torus.out0.05659.h5	9eb2625e1be2442bf7b78e91376dbb7a
torus.out0.05660.h5	12dd2761b47e8a54621806c829831978
torus.out0.05661.h5	bfb245f0315175cefcbb4177e06a5e9a
torus.out0.05662.h5	d7d53263b666d91945d8a852f4b7239d
torus.out0.05663.h5	3a76517aacce4d4a93359d1a97d6d76b
torus.out0.05664.h5	c519abb702c62932c57cc466b1cd3600
torus.out0.05665.h5	d2e93bdd50df27d1fc6557d90e2f8038
torus.out0.05666.h5	a04780a5d8cde813f08e52d321c8a8e9
torus.out0.05667.h5	774405be3a3a1f27c6148b39f7ba372d
torus.out0.05668.h5	cc28594f984d4bea080ce7840e886e3d
torus.out0.05669.h5	e39f4b4ba7e46e0d04fd3f07eb555d29
torus.out0.05670.h5	b3a492317bbfff6c5131fdf338a596c8
torus.out0.05671.h5	254c8867f2a9311620cac2b988f1f2ed
torus.out0.05672.h5	a7b34a05967062475bd9b3b859d521a1
torus.out0.05673.h5	0804b6b064b2170d941bfc8abe0f830b
torus.out0.05674.h5	ec207a5533f792757b866a9d7baedefc
torus.out0.05675.h5	5ca935b0fb2bec829305d23f5865cbee
torus.out0.05676.h5	d9f6846106f13f8e2588576a47459b5b
torus.out0.05677.h5	ca3168278dbd6ef4e6e12595f95689f0
torus.out0.05678.h5	df0213b314533c822c3f665346bf8499
torus.out0.05679.h5	d71f0ef3958f8b1ee23a1d641f15f8c8
torus.out0.05680.h5	2ae083af0548e02dc1e80f404b66588f
torus.out0.05681.h5	7db7b020ecf847a7229e4201411f6fa1
torus.out0.05682.h5	8ebc3e9e5b5f105cf551aca79346c787
torus.out0.05683.h5	1047e71c3b396b2eaa4e9fde22d36992
torus.out0.05684.h5	b855be38711c3304a15cd03bbde2ccad
torus.out0.05685.h5	56e798ac50c4d90010186c5352e784da
torus.out0.05686.h5	2a4fc6a92a29922dc01044f691168dfb
torus.out0.05687.h5	8021b2be3761d9edff48d9bc7b488e9c
torus.out0.05688.h5	b07a3d1b85f7f56f01a650911ac89573
torus.out0.05689.h5	57efd630a54386b4766d490a54a4e2d0
torus.out0.05690.h5	ce7747dfa1278fab00bd720c439f10f8
torus.out0.05691.h5	1fefa200059d194b7bc08a4fbcfedcf9
torus.out0.05692.h5	15973769772b126c53d64a9594b195a0
torus.out0.05693.h5	46507ae03f408e9a9a7c7118c1ed2df3
torus.out0.05694.h5	f4332347c1535baa5c3d0166f6e69d93
torus.out0.05695.h5	09870cda3af3838a8c94c17e0271e8aa
torus.out0.05696.h5	1bf3c271495c1f30e45dfeb8f4f66763
torus.out0.05697.h5	12d3f1825fdb58a8c60ff5d5cd702967
torus.out0.05698.h5	aace3eb7410e63c99fd11af076a3b9de
torus.out0.05699.h5	3c0ba68dfc528d549e1b1dee4e6e0f90
torus.out0.05700.h5	4bba07d9af16b8c25f6f965d0496d345
torus.out0.05701.h5	2d7bfa517db41dcbdce1ae81d433bf09
torus.out0.05702.h5	1b39bbd288bf4948447027a347f96c0c
torus.out0.05703.h5	8f6f8bed46b1194b391a6427573b9eca
torus.out0.05704.h5	10a00e5c0c7f8a6ca17361d6f65d2751
torus.out0.05705.h5	b66b05ae70b20e1a3187fc997ca7a1b3
torus.out0.05706.h5	040a8c0415ad0849546c0967becee18a
torus.out0.05707.h5	2b400711e25b701d95c532232adc797c
torus.out0.05708.h5	bd97430578d98e3c3a96fa7fa825cb30
torus.out0.05709.h5	fca7ebc175ca5f4617d04f0060ff2e85
torus.out0.05710.h5	0dc8fa9fceca0f7faf22ecc82d176efd
torus.out0.05711.h5	eccea26b36250e0e70c1125a0334d4e9
torus.out0.05712.h5	074bd19e4d03e55af0e11bd100e84af9
torus.out0.05713.h5	a517105b37f548abe1e10fc22dd375b9
torus.out0.05714.h5	ab6bfc0f7884847833674fec7ae278c2
torus.out0.05715.h5	efa9be2d11a88b63787bc63b828a4515
torus.out0.05716.h5	b388815c7a0bd96ca3cbb6f0807f2d5b
torus.out0.05717.h5	07aa80b18e44b1d5a1c82c403999d094
torus.out0.05718.h5	eef200374193c5a3c53add3d8f2bc045
torus.out0.05719.h5	e8370e473fc52a009062540f142f22bc
torus.out0.05720.h5	d32189e6aebcb061978558386f848676
torus.out0.05721.h5	95a55fbc11540e30f3bc123cd58371b7
torus.out0.05722.h5	ef373146c73d2d9b3b069904cdbfd892
torus.out0.05723.h5	e93cf0ab033f2fd1004f126f56cd892a
torus.out0.05724.h5	4a2310fb0f3e75959bc495bce34e5073
torus.out0.05725.h5	7f4a1aeec351a02b159d9c0bb0131acd
torus.out0.05726.h5	9db688522cc563d28882fe6d1208e8fd
torus.out0.05727.h5	0acca1d374daa1abb5ef830489d3f926
torus.out0.05728.h5	bf9128ad89c3c568f3f3640319ac69fd
torus.out0.05729.h5	92c4fb0ab1e509e4a722b3f7ae5c134e
torus.out0.05730.h5	f57cf28f967143fb2fd310dd3902b926
torus.out0.05731.h5	c669d91512a4cbb1f5d2dc950d395bbf
torus.out0.05732.h5	66cdbe74097bc972c3a686d1823c566e
torus.out0.05733.h5	43fcd6e15e6f7dc140678c523d2fedc3
torus.out0.05734.h5	aa667b417fabaeec79da277f6fa9865b
torus.out0.05735.h5	e22d470838f6c9f8a1cebb9fe3ef4610
torus.out0.05736.h5	d270f34c30e8452d962e5d84ea5dd361
torus.out0.05737.h5	b8dd533fced42eb8bfdba7f155f10268
torus.out0.05738.h5	c8aaf4c1c7ad8b66855482cf797ebfc6
torus.out0.05739.h5	0e029f144771b4a5295a5a0d10ae86b2
torus.out0.05740.h5	e7992f32b05ee96c6a254c97b3f3f8f3
torus.out0.05741.h5	942d3f62804b6e3bbf21380035bfc676
torus.out0.05742.h5	7cf5e2f839efccd187ee85091aa62829
torus.out0.05743.h5	c07159da7a0dccefbf6616ac04b9327c
torus.out0.05744.h5	cf3353f708249b3fba403de148007644
torus.out0.05745.h5	6a4d29ecacc733ecaf445668ce57dc8c
torus.out0.05746.h5	89e859a1bc387d22079bdb9eca2d834b
torus.out0.05747.h5	65195efb61d57d2b3912fdfa54a76e4e
torus.out0.05748.h5	622d3fcd1b759e99d64fca8074ed6b56
torus.out0.05749.h5	410a7aa1887ad1e08c0090663fa5d11d
torus.out0.05750.h5	df900b294db280a8cf85547789068059
torus.out0.05751.h5	4e861004b07d45233b00c34f580d909e
torus.out0.05752.h5	d3f186a9ed5d266d3a2d6d7b169adef8
torus.out0.05753.h5	0c20224e5cd5747aafa0b79e8c3653f9
torus.out0.05754.h5	06f5ac0425a70403648368b54932ca9c
torus.out0.05755.h5	065aef40189b77d0dc6c1405f76938d7
torus.out0.05756.h5	e8e561cf9a01805e3b9cca74ff8237ee
torus.out0.05757.h5	ec5f998876035ea54e018b7fe7a46912
torus.out0.05758.h5	bbdea07c52aebbef53e2b1011038454b
torus.out0.05759.h5	8b6b0bde723e458725df1a66aee91c37
torus.out0.05760.h5	f022dc2f2c9f66b41a72dd28d8b2f2f5
torus.out0.05761.h5	e15d48d96365b8255a230ad6da3d8ca5
torus.out0.05762.h5	663d7c43b475eeb612d8a27f0ceee0fc
torus.out0.05763.h5	7586524fd066200932373171784cbd4f
torus.out0.05764.h5	0f0b3023fe810e28c71f3aee48f95e54
torus.out0.05765.h5	01f448af351f5c87b4b67b39b3a5c076
torus.out0.05766.h5	271a71ddf3b6b6075ec4273ed9499db5
torus.out0.05767.h5	3f47f52a884121b3d373141e1a71ae73
torus.out0.05768.h5	2a27b7f18867f49eea050ed44a7d9df1
torus.out0.05769.h5	28b8ff417a5f8655ac51cc20f4caf1fd
torus.out0.05770.h5	57d8652cb6d788b9d85053af4dd4d384
torus.out0.05771.h5	7c7b0205c6d9efae665236abd4c25e67
torus.out0.05772.h5	6fba6a336b93760cf501236a41ba4b43
torus.out0.05773.h5	d175d62343087e95d4520468928cb3d9
torus.out0.05774.h5	04875a0d29b0769ff6ef19a492316880
torus.out0.05775.h5	93f0f3e09f999103ce81a25991564bf3
torus.out0.05776.h5	2b1ab3eee1907de84e6b56916fa6dc49
torus.out0.05777.h5	8bad8350e2bde307eecf63478ebda2cd
torus.out0.05778.h5	30270b7aa96c11161a2a970b01ebf79b
torus.out0.05779.h5	fa691e6012ed661e19d07784a8f1775f
torus.out0.05780.h5	53900fb929bc67ecf0fcf9cf3997f9b7
torus.out0.05781.h5	6ccc7951ad6ff2c1979b30d21930043f
torus.out0.05782.h5	e148af5243ba7def1eb4f61da33baf60
torus.out0.05783.h5	1e190d9f8406b8cfe4b595687721f3b8
torus.out0.05784.h5	f7cba3ea0aec7f965f74f48357838836
torus.out0.05785.h5	a7add23e9a29833b1f1b1531ad4f4cee
torus.out0.05786.h5	d8ff4373dcae84f3ed4d9d44abc67f91
torus.out0.05787.h5	53c17bbb48323632a80c08c89e5e737b
torus.out0.05788.h5	dc77ed8a94ea2d62d81cf87d4b8f7242
torus.out0.05789.h5	01af28224958b03deccfba846b17d9a6
torus.out0.05790.h5	f0165b2659d82cfa73b435f11117ba46
torus.out0.05791.h5	5e507cc642475b0497f4be00bf8b5b7b
torus.out0.05792.h5	2730f7d227c8726117d6c7af7a319053
torus.out0.05793.h5	a752ed67e280fff1cc492616770807b2
torus.out0.05794.h5	4783c75f124dca4075433005047da280
torus.out0.05795.h5	846cf03f9e990a6a099b8ac6fde28100
torus.out0.05796.h5	579fa3909c9846e2415279d6f8df7a34
torus.out0.05797.h5	c5cdfee6d252079df6daddf2ead39016
torus.out0.05798.h5	fc2a23a41fe2d095dfcc4a44a11161f3
torus.out0.05799.h5	9c7b417dbaa34110691fee7e217a8e04
torus.out0.05800.h5	4f2e2a445a9cd368b5f25785e7e4fda3
torus.out0.05801.h5	397ea2dbde4c931a4980d99c155ba8d9
torus.out0.05802.h5	1f5e55f961af99611c81af9440d9676e
torus.out0.05803.h5	ea48a506ac0b9a197473cd351db3d1a3
torus.out0.05804.h5	8bc7f055202383b440b3ee9c1b2414c7
torus.out0.05805.h5	313c0b360cf45f32418ee762c1b741c9
torus.out0.05806.h5	2d78ba26eefdddcfc368ce5dce364d90
torus.out0.05807.h5	9ce972400c892de29152af7c91b5b6eb
torus.out0.05808.h5	0b37d3f0597068717f6a777541cf9b6d
torus.out0.05809.h5	42e5adf68214177a85b6e39023e3eefa
torus.out0.05810.h5	175cab3ebdaf0e6a6f8853650f564065
torus.out0.05811.h5	55d9c5f96b63f67b8cdab75f03a95588
torus.out0.05812.h5	e699b43754cbad59478415f687b81f42
torus.out0.05813.h5	b61b73a7146fc1ed91510c5bf52b78f4
torus.out0.05814.h5	4535e6a63e6f514b2eff347cc8b800ba
torus.out0.05815.h5	58a5db3587b7e86af8a989d14e6062f2
torus.out0.05816.h5	85cc4df4a83748d90bf79324e3144a7f
torus.out0.05817.h5	3ce1091e34e4eb9040e1a8df9975abb8
torus.out0.05818.h5	60f9b0e493541604049afdd9fc152082
torus.out0.05819.h5	d81dd7775b58cf135c5e68a080d07a82
torus.out0.05820.h5	61dfa8582cc53d04f48d71a91a97db10
torus.out0.05821.h5	b91155f265e5d6f14f374b864da4a3a6
torus.out0.05822.h5	7d9fb3b8fcc0138aa6bb48ae54b204cf
torus.out0.05823.h5	1fb5934db29a19634da89e8f2a616e57
torus.out0.05824.h5	47cce19aec83f9196f41c19233a3c5b7
torus.out0.05825.h5	c98515ba5207c23f551d2a34b0e8f241
torus.out0.05826.h5	87880df90841781d9804053614826643
torus.out0.05827.h5	b95e0850dc2fd5fb9aeb5753140f6abe
torus.out0.05828.h5	4c3cdd43f21ec2aeb3f2e91116463baf
torus.out0.05829.h5	48c53da4578b394a491555511c9ee2e3
torus.out0.05830.h5	a17faf247e87708598c4c72b35bb2b0c
torus.out0.05831.h5	ff08a8c1831839f9e0cf93cd66a7d8aa
torus.out0.05832.h5	d6df530324f95541456b3f5823a3e77c
torus.out0.05833.h5	b1b5ba1369d875d8d81533da8ae795c0
torus.out0.05834.h5	e779443a067200419c66747d0fab9849
torus.out0.05835.h5	a824b96037e39d10ab71587b95c895ec
torus.out0.05836.h5	884334c354aae79bbbde27d3ffba0fac
torus.out0.05837.h5	fa58b45329da081e843a46f4362329a3
torus.out0.05838.h5	4c873941c921f6664a521050605c586b
torus.out0.05839.h5	929ed2ccf44da40ef21481c22d82b97e
torus.out0.05840.h5	a6367d0aa2911327e36f56975dcdf94a
torus.out0.05841.h5	258452b4141d44db8fd2182e44192cab
torus.out0.05842.h5	8d5e437e6ca3e6a7f6d3427da7875684
torus.out0.05843.h5	45a682eb8549ddb2545637e82e1df606
torus.out0.05844.h5	ba989a4aa7c1c47764da073675676a3f
torus.out0.05845.h5	4aa85644dc7ba28b85673fabcb2331be
torus.out0.05846.h5	54968fdee1ce0f90f69508df6ff16222
torus.out0.05847.h5	b72325892a7ed3e20612c85b5a7afbc9
torus.out0.05848.h5	defc1126c4f9f3f8760398f4355864fb
torus.out0.05849.h5	02334d43fd230d5fbf764cd88dfda504
torus.out0.05850.h5	0c8ac8b1714ecb4230b4218377523d61
torus.out0.05851.h5	8447a491db57d37b527f2cc353f8c583
torus.out0.05852.h5	9c587677b07f242b984a1c3b19a1a8b7
torus.out0.05853.h5	5197212c1afc1d284671a7148dd79b3a
torus.out0.05854.h5	dccc50c23d224fbfda64e28fe4d2f8cd
torus.out0.05855.h5	8ae5100317db9945429794248f545b29
torus.out0.05856.h5	216b83b81e929292cc57bc5ae0c3d7ae
torus.out0.05857.h5	c44ea960754e87a0ef3fbfa784e34c6b
torus.out0.05858.h5	9c99d9ce7b773b1b65baa1709e321c64
torus.out0.05859.h5	2508b8fddfde8b684b84af9e49c46d7e
torus.out0.05860.h5	1ffecea13961ce9cbfcc70e4ca3c4ae9
torus.out0.05861.h5	7fbb6a93274a2c84b4c8f700dcf18068
torus.out0.05862.h5	995887d0ee1ba435089d5d48a9f66bdc
torus.out0.05863.h5	7ca603ef342836033f8657287a8949f3
torus.out0.05864.h5	31ae70f0e92703a11cef9d3aaa7e6315
torus.out0.05865.h5	de58c82b49cebc3e8801a15e75945dc4
torus.out0.05866.h5	f17fee3db41afc419c5f8458ae0060e2
torus.out0.05867.h5	c7a17781ed99c35285cec331975179ed
torus.out0.05868.h5	54b30d7c5d5576eda3e09bd5eb6d271f
torus.out0.05869.h5	3caa711d9732803145ba9af1cb330ae4
torus.out0.05870.h5	4f9655cf23fe23b3ff6ea321da992e60
torus.out0.05871.h5	e11a6daa0104e8f28a5d5d33c2635c2f
torus.out0.05872.h5	360c9696c0323523b17617e1953185a6
torus.out0.05873.h5	9d007112ba8b3b2221a1b83f050085e4
torus.out0.05874.h5	0a1294d0333617c5626df30439f50469
torus.out0.05875.h5	f7f2a873dba60c3b7a4bc791a157e826
torus.out0.05876.h5	f78b39139ea87fd048ce44afa277c8fe
torus.out0.05877.h5	75ff65736ccf2b83efa22785e4291af5
torus.out0.05878.h5	6510671b5858840ff8292f2b900ca97f
torus.out0.05879.h5	22438a7344ac36eb43ea646481ba5f40
torus.out0.05880.h5	295106a3b17eb12f05ebad2554a61604
torus.out0.05881.h5	e02832da5b54a613204af1d3a6844908
torus.out0.05882.h5	4d5f47fe09a3eb4402064b05a57af0f0
torus.out0.05883.h5	2e87802a5e3a602df05147944eceb8bc
torus.out0.05884.h5	226c1afc54bf0cd53ecc728ba1d2ff02
torus.out0.05885.h5	ea7104a36dd41919bdd9c9b9efd1de3d
torus.out0.05886.h5	ffed1041bfd64f04beee2c84eb3c73d3
torus.out0.05887.h5	2b4006e186c6aa9ca6cbc5cec83167f9
torus.out0.05888.h5	5d67379f38c632a2d292f1ca4e98236a
torus.out0.05889.h5	da461e818c9be1c242aa91f6e94dba88
torus.out0.05890.h5	d2f66cec2e76dcebe5460e7ab981fd29
torus.out0.05891.h5	466c47d1152c49c4c481378d6c2ee09e
torus.out0.05892.h5	9ad85bb0853576bafe7eea0b2f4955b0
torus.out0.05893.h5	48f7e272f5d6818970d0c3db89dcb74e
torus.out0.05894.h5	3ee86f6c64a4c361346aba89a2c151f3
torus.out0.05895.h5	71ef758f1acbd450de97b9d0e850aacf
torus.out0.05896.h5	d1615a20a99d7a8f444c72517233dbed
torus.out0.05897.h5	82cd0416988f29f51d4aeb83b718c2c0
torus.out0.05898.h5	7f06e872ee1b44f83de10f0f5ddeead5
torus.out0.05899.h5	5cef4e89253a592ff6560863e7357f4b
torus.out0.05900.h5	4ec8f6eee409629273b38e27de393b24
torus.out0.05901.h5	3768fd7508c13552c86d1b6f6df2126c
torus.out0.05902.h5	4969a2e08dc51391b49b3aab87cd0ff3
torus.out0.05903.h5	cb1aba31d95241f1d0da13538a4da242
torus.out0.05904.h5	d6bd331e68cbb9ee57003e9bfcf55873
torus.out0.05905.h5	b35c7bc87208ad82ede8b770348a6545
torus.out0.05906.h5	5409b6b53a7762c76e48ed33c79e01b7
torus.out0.05907.h5	4b50dfc0a2f0650343b59c0666504431
torus.out0.05908.h5	229bf4602f3275468c546d8bf1f1a443
torus.out0.05909.h5	dc808c5a60a7d278a23c65c3d036d112
torus.out0.05910.h5	fc450e831e96e08cfc79f9397e415e91
torus.out0.05911.h5	685d02f016e05b8e353dc77804c07fa2
torus.out0.05912.h5	6cbc9eb236e69f5c1cca268a08b1b9d4
torus.out0.05913.h5	84f802b23c0ad31461a0bc3658c12d17
torus.out0.05914.h5	5e54836b7e910fd2b84ba4138e4edc8d
torus.out0.05915.h5	89b071039fe16779e3cd8c9166ae8d4a
torus.out0.05916.h5	97a3e750b202248aae5ef248e9092a2d
torus.out0.05917.h5	d9bc56c9a18f182374930790024ef1ad
torus.out0.05918.h5	c2b9c55ef899174b7cf20386cdb09ed3
torus.out0.05919.h5	d7d7ef993d9105e513f26d6749ae4abe
torus.out0.05920.h5	1cc836f3310d19af065b86eda18648ba
torus.out0.05921.h5	527722e6b817ab33371f5b51098634c7
torus.out0.05922.h5	699bece0339c170a01a7e0d36f4caa33
torus.out0.05923.h5	4dfa7dadba502a46b19c0b248fe7ce08
torus.out0.05924.h5	53a1d1ba1e8398f15e9b22a7cd8c700f
torus.out0.05925.h5	051773f60823870b67a26f33a418227e
torus.out0.05926.h5	ad1306b6ab5bb5ba428ab0f231413b5b
torus.out0.05927.h5	a27ed9baaf129256d1138e74ea58c470
torus.out0.05928.h5	00b69ac41f92c5f407ced128538addee
torus.out0.05929.h5	3afca373da5c627a3a7432e880019705
torus.out0.05930.h5	1d01f10b17fc8fbba987e68f7c231933
torus.out0.05931.h5	04afe1b582a527bca03af2347219b8a9
torus.out0.05932.h5	13bf64f219b9e68981f8f61a230510b7
torus.out0.05933.h5	4bdc8bffcf1f18a6c392592ddcfba72f
torus.out0.05934.h5	37e56a3bc89d3c86f84802cbc6b72b67
torus.out0.05935.h5	83355f83ac2c1a0d90c77e6ddf2cb492
torus.out0.05936.h5	fb13a2a59f8ba901a2e9b6ef34bf6b95
torus.out0.05937.h5	f5ab7d027d8084570605cd3bb2e7880e
torus.out0.05938.h5	910998b894d18bbdd7934f2887994e1e
torus.out0.05939.h5	d84b4a60e1130177b2cd40ae6c27e18f
torus.out0.05940.h5	5df157e880935e8ecc4749265aaeb0b9
torus.out0.05941.h5	e0460caa2ea923e7a78f2ecde1979d74
torus.out0.05942.h5	2f4f9d781a6d379f36ef1c8658e0ab9a
torus.out0.05943.h5	b951aeec80b32d7cb6c988dcd0960c76
torus.out0.05944.h5	5b5c0968e11d3339b2bc5e5d3a8d19a0
torus.out0.05945.h5	0e1d2ec6d23e10e07f2c2f41fec9de67
torus.out0.05946.h5	b8e31f31b33a80abe7eee31d5edf3b35
torus.out0.05947.h5	7050b893d97eb54b5d88120ae3520747
torus.out0.05948.h5	d4fe8aaaad01bda4ca91b9514809a876
torus.out0.05949.h5	7ddad9ab068c7eb81eefffaa052024d5
torus.out0.05950.h5	063c9c7acc831c73627e24c04b7474aa
torus.out0.05951.h5	a2d35330710cb36c8b762ae4b0e4c90b
torus.out0.05952.h5	25b4a951dd83ac64e625dd09ecb46c04
torus.out0.05953.h5	04531dba6152468c0503568bdf994458
torus.out0.05954.h5	e493ff436a310a35c05af868fafd0252
torus.out0.05955.h5	6886ee56961011ee3c37c053838d5f94
torus.out0.05956.h5	8714a1a4f486170bdeeea60fc18c8fa2
torus.out0.05957.h5	6fa1852d4b95fa71a0c17c4bc8ea70ca
torus.out0.05958.h5	2d498a7ea7d9049037eb6c8411fc9ec2
torus.out0.05959.h5	31ee867e9218eb2a0d1a16d8a340ae22
torus.out0.05960.h5	b2099376baa62bca8de9c2f19ab577c5
torus.out0.05961.h5	595ab86adc3bd416a3ebca5da627dc41
torus.out0.05962.h5	952cf4ad8c11770ddebbfedd150600d8
torus.out0.05963.h5	501199cb08be3309f20e4afae520ca53
torus.out0.05964.h5	e5e859b2d680161a42b084bc3073d809
torus.out0.05965.h5	6e4c4cfff1e37cd9ae0c22592190f553
torus.out0.05966.h5	04328a23b07c1181eae11e627c238657
torus.out0.05967.h5	d7adf3e0a6a4aa4e4d27eaed6effb50a
torus.out0.05968.h5	0a5030062a5d26bc7b7b672a3dd617d5
torus.out0.05969.h5	6491d02e06aee54a15ccce74c5faf581
torus.out0.05970.h5	ef7bbd4b724f84d5c6f1d9e77f6b24ee
torus.out0.05971.h5	4a142f3e45fea4972c7aa5bcec8c279b
torus.out0.05972.h5	c72f0c6d5621c17c1990ea0cd145eacd
torus.out0.05973.h5	c7740885c4d536233a129b652cbd5ee3
torus.out0.05974.h5	a7cbbc27e99b8b4ad6f2659906f7d715
torus.out0.05975.h5	89a02baf345638e157698715b5e64ee3
torus.out0.05976.h5	5e218fb5226a27e07850e019feef6b11
torus.out0.05977.h5	4bfda26eefa2f9b05bd1b18badf9c3a7
torus.out0.05978.h5	ecd17eb693f05b27ea7bb46aad246b0f
torus.out0.05979.h5	8ff92c7ed2cf25f2f42698794f636f1b
torus.out0.05980.h5	91c9485d4c88603ff1f97a76d7536379
torus.out0.05981.h5	2a99bef4f21045ef440d78bb0f7aeb09
torus.out0.05982.h5	10f7b5176c3ec6288919dcb39350e5ab
torus.out0.05983.h5	c7713707aca46b087d907017035429cf
torus.out0.05984.h5	5ca3d21db482e851d55d1534247940b5
torus.out0.05985.h5	8842f6a54072c2feaee6fc2c100d9477
torus.out0.05986.h5	91b6293b5a5c62ffe5170ce9abf4c686
torus.out0.05987.h5	93a4911bd4e85d0e053b3bbb15200f52
torus.out0.05988.h5	9019ffb9bf4677c55f780ea555644ca5
torus.out0.05989.h5	72867bf674c6afd9b67ff04422367a81
torus.out0.05990.h5	1e041f19bc635cf690a849aaf7f53d0e
torus.out0.05991.h5	7ff94d7d86386a866f1392b1b9b36d44
torus.out0.05992.h5	45a8a63f87568c61272cc4ba4a6dfb3c
torus.out0.05993.h5	0640ac69fb8a5db43cee82c9bdc6cdd7
torus.out0.05994.h5	f55bfa820eb78c50afb18b013b9d1cf3
torus.out0.05995.h5	37926a6d27f8fbd6c0e5cb34759873e1
torus.out0.05996.h5	8bd67b26567e78bb92d8a215634b834d
torus.out0.05997.h5	1d474b41235ba30d9a705f31fac58a39
torus.out0.05998.h5	9189e3a3f061c154ace78742e2daba60
torus.out0.05999.h5	461263b2cea14996baf82327f49c12db
