torus.out0.01000.h5	07e9eb0f30ac0e1c2c9e6e73810b7829
torus.out0.01001.h5	aa9cb3ecd5f73bb162eda574e8f5b423
torus.out0.01002.h5	6eaddc791b4031bf5e9fffd884870585
torus.out0.01003.h5	cb30959d076a082e2df1b5e93fc55f1e
torus.out0.01004.h5	fd57cfcac7fc59870443f113a6683df8
torus.out0.01005.h5	32e767eaa26dff2c26ec9b7b1e67d4ae
torus.out0.01006.h5	ccd2f78fe1cc4e9d3004b3bf829f036a
torus.out0.01007.h5	997888a9a0564d0091d725e90b59f6fb
torus.out0.01008.h5	8512cea93fea4a7739fd6a27500d093d
torus.out0.01009.h5	1acd477a6c0ec4ab71d7b4527d8805e4
torus.out0.01010.h5	a4397a2fa0ca54a4e5445fa366a56328
torus.out0.01011.h5	35838bfcb493674e5a6d90e95947d140
torus.out0.01012.h5	58bbe4cf58fb4512b76fd842e04e9a4a
torus.out0.01013.h5	33c7357116777ed02180cc287655a9b8
torus.out0.01014.h5	45767ca1c89e8e1f10d5291b81177225
torus.out0.01015.h5	161793490cfdedc7082117b251f971a2
torus.out0.01016.h5	35318e74b67e048293efeaa8a378150d
torus.out0.01017.h5	fbb21d4dbf225218f9f9b7971b83b527
torus.out0.01018.h5	8fda01ebf86e021d52c57a121dfd5d03
torus.out0.01019.h5	5dcdbad2eb13c5632efa9d2285484cab
torus.out0.01020.h5	f42c472fa564f90e38b8a4e9253fc4e2
torus.out0.01021.h5	ec7b6b4b8993e6a217bdc5fcdb992914
torus.out0.01022.h5	d6bac23c13db06a6970e4bf74794e9eb
torus.out0.01023.h5	da62ee7874d69ddc9d15a2803ba118ac
torus.out0.01024.h5	5e093456007cb5e22f17af204dfa7fc5
torus.out0.01025.h5	ce5f7dbe9a6d105bffb0e5f7722cd0cf
torus.out0.01026.h5	cc7a5d1230ea2f3fa53a695e3148e2fe
torus.out0.01027.h5	178fc38c79a08cb7cfe912558fd5286f
torus.out0.01028.h5	0155b590be4c4b428ccdd7e2767cf83f
torus.out0.01029.h5	add665a5a4f97b38e87084dee7882c99
torus.out0.01030.h5	3c32916822245c67a32af032d6b217e5
torus.out0.01031.h5	9a2f60ca307f7ee92377a62ff30c8f62
torus.out0.01032.h5	d22e7eb676355bbba077d43de271f700
torus.out0.01033.h5	87733fb64cfca326af7b5c31fc9ca3eb
torus.out0.01034.h5	5bcf7d524358ae0428db913f98ae143a
torus.out0.01035.h5	76a054e7b30b0be9ca97def28f661544
torus.out0.01036.h5	bb9af7767d46a96746b818a6e2ad0e15
torus.out0.01037.h5	e0213bcd13e9e928572633e353f3d71f
torus.out0.01038.h5	00d9c636b83ec8a13d6f2f9a371e792a
torus.out0.01039.h5	bdae3dfb47fccfe34670d6059b5acd1b
torus.out0.01040.h5	63e67e83fce7bebde38f69cf01b8ae3f
torus.out0.01041.h5	29e23abc491e6ad8c143732abf5d4f51
torus.out0.01042.h5	eb98480c55b4e593d2c7b3f86a4dde18
torus.out0.01043.h5	68988f611ede99a2c8e4a57b4d7654eb
torus.out0.01044.h5	18657aecfc1c135be2955cb0ad205d4f
torus.out0.01045.h5	1cc565581faddc81b1a5fc89d9cbe173
torus.out0.01046.h5	952a576b75cc994e5c7e6f66050a9a65
torus.out0.01047.h5	05177ad07546c0fce78bd34c8f312da5
torus.out0.01048.h5	0794a676b1e084fd7fefaac4c07c048b
torus.out0.01049.h5	fdd5438ade29751e62fddf67048abb4f
torus.out0.01050.h5	38eb3062ba453ee171bda16fbc6f32ef
torus.out0.01051.h5	5b124589e30e8f205f1a4fac183cfabc
torus.out0.01052.h5	7a3710ec67ae5015f3a0dc33cd2e67f4
torus.out0.01053.h5	6ac38e2499e6b6c793a89a7ffc3ef9b7
torus.out0.01054.h5	b6cb01b59c7f2a6a960227ebc654bb07
torus.out0.01055.h5	1ad1419115aad3b20efc926e06185c1f
torus.out0.01056.h5	a095d482c416c6e24fc7e3c9efc828a5
torus.out0.01057.h5	527ee8aa33874db7a968c2669fd7968c
torus.out0.01058.h5	385c210d7dd2c169330a862a7a6ed942
torus.out0.01059.h5	1aa71878850036b3c453ed40ec90971f
torus.out0.01060.h5	b010ad6c31abab1b857bcac87e86319a
torus.out0.01061.h5	5ed5991795b460c8c5fb27528d506b33
torus.out0.01062.h5	50ca79b32eb5cab2e79b640003e70f98
torus.out0.01063.h5	0141d8d50c7f3deb26420365a432e626
torus.out0.01064.h5	ca5cd69b9b36019dea76aa2df8c95d8f
torus.out0.01065.h5	7bba7c9d0b1fac493d962058af95527a
torus.out0.01066.h5	e400a96d6df3485b33626641c7b49698
torus.out0.01067.h5	031bacb26ac473a1d8bdfb78004b98b0
torus.out0.01068.h5	ce2814f5222b83663d1e1a76f1e9471c
torus.out0.01069.h5	b3ffe82451b1eea4549dc3ccdf411d33
torus.out0.01070.h5	a2962be876218916964ff3d540177bce
torus.out0.01071.h5	22a1c91b1491c99c6770782e0eadabdc
torus.out0.01072.h5	d238d5a9d1752124d587560402f8ea76
torus.out0.01073.h5	1945113255fe2ebb09b6c3095994b472
torus.out0.01074.h5	9ce666f52065f639ec9e9fbfaa8f9da7
torus.out0.01075.h5	6a6dc99aa9b6d9ddb15ce52f4f92cc9e
torus.out0.01076.h5	5506a317bdd901f63ea47c4ccede653e
torus.out0.01077.h5	b3ba351e99bf86cafc45b9561a1f32cb
torus.out0.01078.h5	ce9ff9c5c951115872c128bd14332115
torus.out0.01079.h5	01a1ae35a1c384991ab0967cb21670b4
torus.out0.01080.h5	d644d1259f83e73f86e675501ba1ace3
torus.out0.01081.h5	95825b882ca6f3d2d39159bbb5ec6a25
torus.out0.01082.h5	d1138968691fe4f12098c61d8d26b970
torus.out0.01083.h5	565edcda36967ed155443eed359ba01f
torus.out0.01084.h5	4395d4f250c682bb3a80fd16a257c95e
torus.out0.01085.h5	38ce179c40027c4d9dd630ccaf143d13
torus.out0.01086.h5	8d13693dbd5bbe90ae96c9ce60d1c3cf
torus.out0.01087.h5	c39fb1c9fc3ce0ae31323f8e3dfe26b5
torus.out0.01088.h5	ae68b8e9a499bd304fe81ab2c475512e
torus.out0.01089.h5	f8c94598ba0fd408921902df575b09c9
torus.out0.01090.h5	19d65586688c35765bcb654dd31e3f32
torus.out0.01091.h5	f7323760fdd4f8b1fa1405777bb042be
torus.out0.01092.h5	6ba8b064278e082db579bf8016d8d731
torus.out0.01093.h5	43ee7aeacee283890a792a5e8d6e7833
torus.out0.01094.h5	62905a5234ba9cc8f9cf9ac12decf14c
torus.out0.01095.h5	8e693df71449b55ffc762462ce7decc7
torus.out0.01096.h5	073eb3962b8eea2441563220771998a5
torus.out0.01097.h5	3b21bec993e7fe74f2e4eeb663c52127
torus.out0.01098.h5	2ee2e8b57724f5e67cbaee8c8f7f9a36
torus.out0.01099.h5	dc32ccb0cc31b7e7ee6033565e42959b
torus.out0.01100.h5	48fbf7dfab0c150f03da364d7ab5fe5a
torus.out0.01101.h5	2f9b4b7acec8d3810867730bd18b02fa
torus.out0.01102.h5	86828c25a6c67ab100c568a8721384d6
torus.out0.01103.h5	ca4636e72bc22bff894dda37040eda04
torus.out0.01104.h5	e4767dd8dc63e890e8a76119bee2555c
torus.out0.01105.h5	cc5fbf7a356f4a18dab961a663d20b45
torus.out0.01106.h5	94f1c54f49e48c1585748a2b7aec587e
torus.out0.01107.h5	a5f817b5df2af2fedf499882e874d8b6
torus.out0.01108.h5	ea3a991466e078e075fb088f76024b9f
torus.out0.01109.h5	3448c36ef5d2d6f2b14d8943a56cc43d
torus.out0.01110.h5	0650fd2f609f6d4a1c6a5e7f6585e26a
torus.out0.01111.h5	d62ba5c09333f368899101d1639d4a26
torus.out0.01112.h5	8fdde9265598c5e2677264a03b1f8dc7
torus.out0.01113.h5	89fd5f5ccec2d8cee7f2382bf4c20d84
torus.out0.01114.h5	8b9ff3d9cf47da927691141b54e3db7d
torus.out0.01115.h5	a5d1d2f76a43220cb24dcdb39248675c
torus.out0.01116.h5	e714650c675e87586269d56c9cf4a1aa
torus.out0.01117.h5	a52c3f650abbb9bd29e34873c8fa2226
torus.out0.01118.h5	74d006c327b771dc279e636f6385ee70
torus.out0.01119.h5	489fe618339f7a384322c66f17022bdd
torus.out0.01120.h5	5a405414f227b4d9be15aeaed8a0cec6
torus.out0.01121.h5	26d4d419c28ad9503d8ab10be087fe4c
torus.out0.01122.h5	994603d09742efdae95dfd4eb2bcea35
torus.out0.01123.h5	bbca0d5fd06727a291511ae44cd7c15e
torus.out0.01124.h5	862354579d7a2f35278289671be8555d
torus.out0.01125.h5	f407cf081daa8fc6c2a4306800436c1b
torus.out0.01126.h5	37ac6a0757bc4b1dbd37c580f8fdbc3c
torus.out0.01127.h5	cbe26f256ff8a75b8f179a5dd63a451c
torus.out0.01128.h5	bc508b0a5422dd59fafe04b73d4ac8e5
torus.out0.01129.h5	07c2a28bde54c1983959ec074250eb99
torus.out0.01130.h5	34fd3959e5c02f06d12c5b089f49c769
torus.out0.01131.h5	3f5789be1162384ae935df69e580db97
torus.out0.01132.h5	86754f77add7cb32dfb5f938c860d30c
torus.out0.01133.h5	93f09637f73d85986c708913113144dc
torus.out0.01134.h5	6a2cc226176d47882f1ae173f1a29dd6
torus.out0.01135.h5	1891ba1274cf89126469a42be316ceb2
torus.out0.01136.h5	14db9a0e32cc65ead1a8bb3b3ae93698
torus.out0.01137.h5	aab943d2f2aa584e8ab805874464f562
torus.out0.01138.h5	21e1be5612d77eefc8a73d1549a51fde
torus.out0.01139.h5	a8f3373369664b05087d6b369800108e
torus.out0.01140.h5	e011b575a619b2d479d1a8dd9bda2062
torus.out0.01141.h5	faab8dfe01d971aea13fed320e9d89bb
torus.out0.01142.h5	5424a7e94798f4387000a1f779da1e39
torus.out0.01143.h5	fea933d82e86c3f9bb16c459caa26065
torus.out0.01144.h5	f35342d5a2ec6d4763b285b9b27a9c67
torus.out0.01145.h5	fcecb4bee4cdfd5df3650894b1ba51ab
torus.out0.01146.h5	7e2fad776136143b76239fe99248685f
torus.out0.01147.h5	c6c71c6f64c33c867510191418ce2f1d
torus.out0.01148.h5	9e53ee56b6d4b21599877873315fc043
torus.out0.01149.h5	33a0f5fa19218c5df4455b7b06f29d71
torus.out0.01150.h5	81d03b631135524e711e4b9a4fa14c02
torus.out0.01151.h5	f93353d92a94bcda7bb1b88ea677be4b
torus.out0.01152.h5	c3bb6c4c909ac195ac78eb2940279b2c
torus.out0.01153.h5	fd78eb755223d4e05ff21f754073637c
torus.out0.01154.h5	9de1cbffe49015c50d8072a158765fb2
torus.out0.01155.h5	1a319b69a2464ae3552b5c828a9c709f
torus.out0.01156.h5	3d28181dc88dc4c99b29b7a8478792b0
torus.out0.01157.h5	e0ef08bc09ac7a4b9547955d95ae965b
torus.out0.01158.h5	d7ab2f32c69ec0428314109d8405184b
torus.out0.01159.h5	e3d19cf7f18f7897b610f5d770836592
torus.out0.01160.h5	b1fe13fa2c9c94f7df9c06a6d4606b3e
torus.out0.01161.h5	60fd277882a39bef2b8f14f042bf66be
torus.out0.01162.h5	483f69e5c46725fcd721314a0ce00c8a
torus.out0.01163.h5	a85cc17e6b33dc0e4e2ce65d26c46445
torus.out0.01164.h5	38a7ed1fd35684800762afbae6cb1794
torus.out0.01165.h5	b0db78f3e36ecd35eb566d55b2ce65eb
torus.out0.01166.h5	8cc1da5fc9f50a1dc04120ebccb95f0a
torus.out0.01167.h5	a2f1a7d2065bc886a6b69818521cc005
torus.out0.01168.h5	3c76d8546b95cc57d7c61f9d46b0c126
torus.out0.01169.h5	ef058385d16bfbf829f54df13802c976
torus.out0.01170.h5	11ad6ef04d50806c5b506cfeb915649a
torus.out0.01171.h5	7986adcf966db0ffe656bf51f6343c09
torus.out0.01172.h5	707ad044b1cf66beeaba2c0584b9da01
torus.out0.01173.h5	ac32496c2e574c949548a2c957f940ce
torus.out0.01174.h5	a2ded258312d9a8fda132bf98f7091a3
torus.out0.01175.h5	e0106355d4588355cca9c39f73833672
torus.out0.01176.h5	764da57153828a225ffe2625277fc9aa
torus.out0.01177.h5	a02ac62363cc077f0f63e7f2c1bce50b
torus.out0.01178.h5	9cf308b25e7f59a7b443ae9262090c69
torus.out0.01179.h5	0e27d73b0cb67a2c428f517491dfe416
torus.out0.01180.h5	04c659e7e8ef53a002f5262644eb9787
torus.out0.01181.h5	0485688ac01de8ec4c54150d5d8ab659
torus.out0.01182.h5	0552c2cdbdc85411775360723b8602f0
torus.out0.01183.h5	68f7c55d9e120011cd84b3fd637b9e9a
torus.out0.01184.h5	cfaba2bb9fcc9b26858f4cd2f46c08f3
torus.out0.01185.h5	699cac001c7ea2e5f3205130b6d07220
torus.out0.01186.h5	31e28ea2f8fd3436bb48624e00778ed2
torus.out0.01187.h5	1ff47399f956ce87285b052a38c642e2
torus.out0.01188.h5	7ec43cfa1d797bfdb75058c08f19b51e
torus.out0.01189.h5	796086f9eb7d556bdd6fe3558a111b4f
torus.out0.01190.h5	6a580be975b2ee22c427a0807aaf426e
torus.out0.01191.h5	66417dfc44308440cd979c0b73168754
torus.out0.01192.h5	1faf2c86f183d2a18990808040609915
torus.out0.01193.h5	68a3ac8aff96b6f89e4db243b582e683
torus.out0.01194.h5	bfdb4b6ed921ba046fb3a566f52dc5fe
torus.out0.01195.h5	01a8d79fc2357336e1ce78f784648aa4
torus.out0.01196.h5	f9e61f6c60827445907f4f743e72fadd
torus.out0.01197.h5	10bbe4a4bbde0eccb05271a4cb17277b
torus.out0.01198.h5	324fe6791c83718e38d798022353d824
torus.out0.01199.h5	c53736fd6dfa6778fa926a1971a02080
torus.out0.01200.h5	e4249293d806e02778d6a3a7d8cb9cd2
torus.out0.01201.h5	2b8dc66ccba2928f12f8f7b7913cccbc
torus.out0.01202.h5	c51267b9d5765245ded4e3381e54d322
torus.out0.01203.h5	ad91666caebcadeaa674639cab263ecf
torus.out0.01204.h5	653dea0c8fae6cf1a25af80dbbbf0cf3
torus.out0.01205.h5	79d6c5ae0a6a073f1948f0785d59a627
torus.out0.01206.h5	def0a3d9f8b515d8db302df5e89a27e2
torus.out0.01207.h5	07e07c98b2906bb2360ab393acf4c402
torus.out0.01208.h5	2545bea554c2d66e480b30d7ac94b3ad
torus.out0.01209.h5	6f2e0632af45080b82f20a32a15703ab
torus.out0.01210.h5	a22278f638e460bf42c16ada008502e9
torus.out0.01211.h5	ece5edbe46ae8f20a3be8268bdcfc1f6
torus.out0.01212.h5	58970a7a845a5e0ba8a066d3259306e3
torus.out0.01213.h5	1eacdfe94feae7fff02a1df8cbbde36e
torus.out0.01214.h5	4f970dcb3c8ddce99fa1b64b4c34e896
torus.out0.01215.h5	4330960bd54abcb8a5aa761606ec3402
torus.out0.01216.h5	11d15e776492c2a370a80049035ee0cc
torus.out0.01217.h5	1c554c2aad9e8fa95d7298c63b4c6f07
torus.out0.01218.h5	96018646ef7255c537e2987271fa54aa
torus.out0.01219.h5	b22dbc596d395db6b295787efaa3f9c4
torus.out0.01220.h5	787ecd67727bd0393b8c6693d4959cb8
torus.out0.01221.h5	c5ef9ac2a3716c3c992dd20634acec49
torus.out0.01222.h5	8f03e08472cb6001191606b308081d05
torus.out0.01223.h5	4873100aac084b8a6883c9cf63dab8d4
torus.out0.01224.h5	a80b2b4165b725cf2ab6d56fe0320290
torus.out0.01225.h5	01b390fc7006bec15bde0d242f5f77f0
torus.out0.01226.h5	0321ee07f19eef97f51261b2346c9db4
torus.out0.01227.h5	1d899548131b724ccb0858091168331a
torus.out0.01228.h5	ea2d8a5975a2c898165c1746f66cfa9a
torus.out0.01229.h5	d3b643d888f5ebb0c82b93bc465619f1
torus.out0.01230.h5	0cb0fe8380a621bc71b58e6ab1c21ebc
torus.out0.01231.h5	796ed6951547897d5e4157ecfe84c236
torus.out0.01232.h5	57544a59e9c8f8ceda2258c0f086053a
torus.out0.01233.h5	0d5da35a995a87b7561fbe1bd003c559
torus.out0.01234.h5	60257eda5883d5a3c7217b915ed8472d
torus.out0.01235.h5	65da268c4ad6647bdc3813b138d32a68
torus.out0.01236.h5	5fad53d4bd51531ff7275830c1e95a6a
torus.out0.01237.h5	4801de040e7dfc4a53f209c34b431d1f
torus.out0.01238.h5	52853f1c08fb46c4f26aae9d320ae7e2
torus.out0.01239.h5	1645b0e8a7ac0d20e66d09b97a43e098
torus.out0.01240.h5	b748d6bc53832e7f3fe9de1f171f1f13
torus.out0.01241.h5	1c465ce4b8523e6292f4719caca126c4
torus.out0.01242.h5	5a410ce8fd268fe47ec090ece0970f3e
torus.out0.01243.h5	33e82d0ddbfebefa78dc57ed9e7f7776
torus.out0.01244.h5	c1ba039de14f8dda93e784285c59dda2
torus.out0.01245.h5	689b814020dd83e4782ffa162ffa955a
torus.out0.01246.h5	5c6ad63f342859d49b16bebba3dbab36
torus.out0.01247.h5	f85a9ee50b405400b30066c2ebc47246
torus.out0.01248.h5	cdb104438d024dfdce8d2645df3ab3e2
torus.out0.01249.h5	bfe16e8797f0cce2f6e350403002f5cc
torus.out0.01250.h5	e6e1fa6f35cf045005c2d113b2e71452
torus.out0.01251.h5	1185bd5fa8872ef5cf3b2d22dc5eff59
torus.out0.01252.h5	445cc73ff01a941cf2421507ab4058a5
torus.out0.01253.h5	4c46560e3b07fc225054479167203859
torus.out0.01254.h5	6abec9e966365d9f0334fb159e360102
torus.out0.01255.h5	141e2a7785db285b83fd8b7aadec43b7
torus.out0.01256.h5	747b587ad177314e064845a97df3e0b6
torus.out0.01257.h5	3f4f174fa3a5d0d118f69525ed553dac
torus.out0.01258.h5	715f7d3677ee09063dc42a4383194f24
torus.out0.01259.h5	f9360906698ef0aecccaa55d35f412c0
torus.out0.01260.h5	84ba939698c26f858e6fd7f50ab8d1a9
torus.out0.01261.h5	6c533b259521d24a4c31cfc5ddba3e8d
torus.out0.01262.h5	7285109b5e7872523e28fed5d7aab6f3
torus.out0.01263.h5	482ca7512a090bf0e3517921e2a58b56
torus.out0.01264.h5	1101396b9db2045834d565c9e79254b2
torus.out0.01265.h5	8dfe3865af1c8ff915eddc6b7ac7a13d
torus.out0.01266.h5	1c016f35978978a94c4e9ae84362d29d
torus.out0.01267.h5	5c23141d1608d291177870a76332f38f
torus.out0.01268.h5	bc3a694617d7c5c325370712cc29daed
torus.out0.01269.h5	49dbf41e0d07082eec6fd19a39da0f2b
torus.out0.01270.h5	d3d4ddfc18bac041532d899d93c91fc8
torus.out0.01271.h5	2919ec2c36a0311de8b97c6344d79df0
torus.out0.01272.h5	f4ee7664f84a2ba0f9be7b617531667f
torus.out0.01273.h5	5948deac3da731040c6794d6fe94ce5d
torus.out0.01274.h5	df3e8b335cb1c1acedab825da9545188
torus.out0.01275.h5	a16e49b73ba2b26d5c4cd2559f3bc115
torus.out0.01276.h5	cb792f8a993f6205c12018407b328aa2
torus.out0.01277.h5	ba6d98b28db94e6478f94ae21140b7e3
torus.out0.01278.h5	7b1cc2edbc56a2141d038b67d6f364b2
torus.out0.01279.h5	9ae9e1ca75d4b106ed4b41e855ccc134
torus.out0.01280.h5	17d44c347ee8fbb0f3e60d78d5ac30e9
torus.out0.01281.h5	62ccf56d4a38e863b0d7c5019c777861
torus.out0.01282.h5	43585061039783541c1235893a1c291e
torus.out0.01283.h5	caa66d1a1480f49e6cc487aa820ed883
torus.out0.01284.h5	3756ab654a3bce9de386fe29af5b4c2d
torus.out0.01285.h5	d6083a623bc426659f5232b3ee244378
torus.out0.01286.h5	649493fcde3ee59aba4607b76dd8767b
torus.out0.01287.h5	8bd50f75aa981fcae549863c2cc2a4b7
torus.out0.01288.h5	a92ff11b0a62f31eac58ba1afe7ee988
torus.out0.01289.h5	00e595be5234f3f1dc7e016261172e45
torus.out0.01290.h5	f7bbf3ce7f7520471a4ccb4c40ef8f62
torus.out0.01291.h5	8ab37b09f9c99e37621b3079cab39b5c
torus.out0.01292.h5	aca2b445f819e9e04a482ad47783d9af
torus.out0.01293.h5	cdb0a3a9f3a32a20dc7d86bfe46e89e2
torus.out0.01294.h5	154b4ad2a641cc4bd65640ad8be4e335
torus.out0.01295.h5	aeb8f2b039f5583b970dcf5926452ae3
torus.out0.01296.h5	dcca864f6d12f8dc77d924eccee523a0
torus.out0.01297.h5	630025a8a351e4b3118b1e0eab9c0cb2
torus.out0.01298.h5	40006f4dbaa2e81d0e5b03e617af4ab6
torus.out0.01299.h5	edd00920972ebaf57b3d6f69bc6539da
torus.out0.01300.h5	79af53f560b12bf013d25ea5ab86b9e7
torus.out0.01301.h5	1edff5c27064f75548305c51287f2520
torus.out0.01302.h5	d35115a157bfbce8751cad3c7b69ca2c
torus.out0.01303.h5	dd3e5ce1d53deab8c48977e2ec210a14
torus.out0.01304.h5	b6efc814e420ed031b81eab4fd85e21f
torus.out0.01305.h5	b0b59a939d6051c0bc4fd285d1aa5486
torus.out0.01306.h5	4498d053b1d1472a13dc02005933b418
torus.out0.01307.h5	e8803d5bb2d474a950b7e886f4b40266
torus.out0.01308.h5	78a3ce28f2191795935e0a354a8697b0
torus.out0.01309.h5	f47b417417a39562ad28fce131c1b09d
torus.out0.01310.h5	3be788ee0f82d97d92333ff7c2288ced
torus.out0.01311.h5	1a58027be3c39bb8bb52555bfd047f00
torus.out0.01312.h5	2eade128dcb53ca2f0264c7d5e242e93
torus.out0.01313.h5	c341f5f0bd8056071f7eab0f53d14642
torus.out0.01314.h5	ec36b3257a7144524c63be27c8531434
torus.out0.01315.h5	84afec6d3200d3fcd8d18f91a9cab2d3
torus.out0.01316.h5	97e6b6bca05cdb4a416e501b5e8ad966
torus.out0.01317.h5	a4932483fa96441dc2b66da2422933c6
torus.out0.01318.h5	3815066e3843cf74a0a397bc4f4cd75d
torus.out0.01319.h5	e2e6c9aebba9af4d0cb0ebb64328281e
torus.out0.01320.h5	69b95ca68769a297a02234a2a09ad6be
torus.out0.01321.h5	1ed6542f247079bc999c37ca2fb77dcc
torus.out0.01322.h5	f219fdf07d471450db6fae09031e4716
torus.out0.01323.h5	55f5fc526b91a60419f9d3087bbddf2b
torus.out0.01324.h5	8f13997c55b231d269e3f9326941892c
torus.out0.01325.h5	eccfea13c91eb315e3a91b8409ef6cc4
torus.out0.01326.h5	93062ae4caec715ae99837ac5bacffa5
torus.out0.01327.h5	a1521362821840ac830f013e18524d18
torus.out0.01328.h5	afd7029f276faf3f61085d0c37cde8ab
torus.out0.01329.h5	7e79ccc6afa30f5d205ab5ae2a22b704
torus.out0.01330.h5	586f6318027f72007a4cd75c802da330
torus.out0.01331.h5	a5e989f5b853fbe8e082bc3d1c0a5a3b
torus.out0.01332.h5	8ab3fc22fa0b4062834374c2b4d89d3a
torus.out0.01333.h5	5806d477859dab12291f078ca4658837
torus.out0.01334.h5	dcf721c9141933cfa4f9b3697d1a564c
torus.out0.01335.h5	a0bb3631f4361afd5f19464662851b6d
torus.out0.01336.h5	392d8d1be0362cef1991a25ea2a6af2d
torus.out0.01337.h5	9e870a2971534cc7c08e0363ee3be2bf
torus.out0.01338.h5	a3acde903b4376f4afb9b39d5ec0444e
torus.out0.01339.h5	e81cf0bbecb947da981f95a8a2dfc557
torus.out0.01340.h5	e22c320a2076802072bb485a574a4046
torus.out0.01341.h5	5f241cc6decd595e40f6a506d8df2101
torus.out0.01342.h5	a9875228470e59b6283bfe99224f36ae
torus.out0.01343.h5	77bbb720f8a05c9c6f547a115b3c7e21
torus.out0.01344.h5	a134fce82d535c101345c034d100a2c5
torus.out0.01345.h5	fb60bb50a4f5f768a1ac7685d9302426
torus.out0.01346.h5	a7a45a1dcdb00282899ef1ec8e41dea2
torus.out0.01347.h5	2e2a13d5549cc6296211453d8e1a5008
torus.out0.01348.h5	3031643f290487966df212c7c9a15f1d
torus.out0.01349.h5	806f1229497cd6f73b10ce62b83ed06d
torus.out0.01350.h5	a4f2f6c0fc63db75b8b118de89b156d9
torus.out0.01351.h5	231b4c523ec95500d82111d95bf4c815
torus.out0.01352.h5	a74148bae475aec2db7129ce81a21cec
torus.out0.01353.h5	451d3ba05d7129edacc7decd670f2b8b
torus.out0.01354.h5	407ffe06c5eefbb934b18afd66f6c3b4
torus.out0.01355.h5	1da61f07b3e7d2e6190c9f5d6613f590
torus.out0.01356.h5	50537aeafa418ecca045b365e0ab75fc
torus.out0.01357.h5	c133ca49b67fdbbfb86b664ae83e4d78
torus.out0.01358.h5	5ec5d438ec4055cb81c21054c7445cd7
torus.out0.01359.h5	f114daa60d1050f50ed0ecec89938f38
torus.out0.01360.h5	dc57fdc526fae7a277e66905e3400164
torus.out0.01361.h5	b2bc7f30e8fb34ed44dd0e65cb802332
torus.out0.01362.h5	65b65036d152d7992e279623a67c7bc2
torus.out0.01363.h5	4db5a604de7003d5a9845a91b9f4181b
torus.out0.01364.h5	6f43695eecd359a825cdf46b566a33a9
torus.out0.01365.h5	9b40ef6e2bc6022a8dee4c680c7a9652
torus.out0.01366.h5	d7923ab2d0f759b3d79f99806b08a776
torus.out0.01367.h5	73f0381d1c360ce9474a75005bede9ee
torus.out0.01368.h5	49765c895fef745a2d3efc1969d4666c
torus.out0.01369.h5	a56bad64c02466e271ef5573c3b85a72
torus.out0.01370.h5	4b0fafeaf9e7b225e6f0f2918690d90b
torus.out0.01371.h5	af818190d8bb27b39f45f8f40b4bda06
torus.out0.01372.h5	df248162dde5dfa5ca7bba2b86dab136
torus.out0.01373.h5	7401742862d1183241063ef80fd6a8b5
torus.out0.01374.h5	1cc0df4062057343a911ad0de41de8d2
torus.out0.01375.h5	b029e35df5c9e01ae061d072c083a3e6
torus.out0.01376.h5	c6020338d7be662449c4e1a02d441bcb
torus.out0.01377.h5	95f59ecf14c5a027055224ef1fc09bb3
torus.out0.01378.h5	b35be7d1dcaaecd595b70701dbb1165d
torus.out0.01379.h5	7249e928b70387e2a3c2e28310470801
torus.out0.01380.h5	4ef657bfb6685d44294e18a914984c78
torus.out0.01381.h5	ea4937d52332203086f30231ac66cda9
torus.out0.01382.h5	e4e5a1b12dfba93a5009b6e34dc7bc06
torus.out0.01383.h5	779c0236bb09dd8d0d06e0b5fdc706a8
torus.out0.01384.h5	cbf11ff3a6d039830bc3f44db1333e8d
torus.out0.01385.h5	4bbff9ec1be7e729026c429f22028f87
torus.out0.01386.h5	6b0454e0d1f48aa7c00883745295db7f
torus.out0.01387.h5	5080bf1676ef9186d6b88f84dcdb6e21
torus.out0.01388.h5	6cfd7adf7e3292810a32ab4d8329a70d
torus.out0.01389.h5	6e29dc0cb7ec397e041f707cf3c3f0b5
torus.out0.01390.h5	d2a89632e71ec6dc42a3fe3001a902f7
torus.out0.01391.h5	2c227daba03b2b5285b32bc887f88fa8
torus.out0.01392.h5	b0c26dcbae935f072ac8febb5fe6b4ac
torus.out0.01393.h5	7860953fb3eb231940fd78a1c85801bc
torus.out0.01394.h5	395e22b12b04ff821eb1c349eb988430
torus.out0.01395.h5	3d693d73e1fad8e4c09e896bc560711d
torus.out0.01396.h5	b6d75941463628bfc0bf356aa19c4938
torus.out0.01397.h5	39b596e883de3bcae828669c9c637343
torus.out0.01398.h5	f7e34688afe66a69a8d492764248e7e4
torus.out0.01399.h5	6ed53abbd8180bdc1078924c96d11dec
torus.out0.01400.h5	8fc31ac5068a80e3850df411918c9fb9
torus.out0.01401.h5	60577493a4715780d5dea12d7601bcac
torus.out0.01402.h5	3dbe9d833d2afb4b36ce909178b13726
torus.out0.01403.h5	47ce8844b004f501371625b1e39409d7
torus.out0.01404.h5	6a06ded985681a0a04a88fefaaafaebb
torus.out0.01405.h5	a3294995e1845649a3f429151775ae24
torus.out0.01406.h5	2a3e498f70891bff0d4b1a3bf768c0e4
torus.out0.01407.h5	15cc2682204c2db913af06ecfa3364a3
torus.out0.01408.h5	0b2691e431a06727884f730cc57c9d98
torus.out0.01409.h5	287968666dc06c03009956a679deccd1
torus.out0.01410.h5	b10d1cdc0eeaf711a1b0b16fa6afa778
torus.out0.01411.h5	5fd0d881e5488661765b3c2bf1f593e3
torus.out0.01412.h5	90a442307a84159047d43f9d64edae85
torus.out0.01413.h5	a40ff0f74540c477e076beba36d42767
torus.out0.01414.h5	3a6f62d550f5fbf8ef7817ff3a4f3cbe
torus.out0.01415.h5	6114823d8ae09ce2efd09cef66147a2c
torus.out0.01416.h5	a7a4351a9a51b8e87f5537149b4f36d4
torus.out0.01417.h5	35824580c91aab4d74f1db330fb9e423
torus.out0.01418.h5	c2a38f76354f2a8560b0f7b23312c110
torus.out0.01419.h5	c9488b20a08bc0dae236021e81353690
torus.out0.01420.h5	96a83c3c828e11d69b584d8a4005ab59
torus.out0.01421.h5	888cc81881206b11d61537dc185c8168
torus.out0.01422.h5	4149b25527506212f824449ec74ad912
torus.out0.01423.h5	5a51c15c9133fed36d47860e7d568be9
torus.out0.01424.h5	56efcbc5313592eabac114e35a0afa4b
torus.out0.01425.h5	1b96c8b331de45accb4e9ee971fe0195
torus.out0.01426.h5	85d37b4eebefd500446379b760f95414
torus.out0.01427.h5	df99a1821b7602ef3aee2c9702aa5a7a
torus.out0.01428.h5	cd46db590422f709ae9006bf4d5edb00
torus.out0.01429.h5	4234f032454f003c792119a5119d821a
torus.out0.01430.h5	6d34d52621129bd89bdaa2b6a6110f94
torus.out0.01431.h5	7f0539153e77c7a71cf69aa89974e3e5
torus.out0.01432.h5	271ab5c5a6136b9bbc8e49d602e5e32e
torus.out0.01433.h5	0420efcfe989560ba42781ccd7f595fb
torus.out0.01434.h5	fead544197e886e5244174f1a6385675
torus.out0.01435.h5	86286122c9bfbf7c4cb67fcbe7de87ba
torus.out0.01436.h5	9e67961c195d31e00e26a5d831d4836f
torus.out0.01437.h5	2b8612793cef46fcee4add8217b904b1
torus.out0.01438.h5	b4e22591bf70a3bc2cb3e1eb50ab5085
torus.out0.01439.h5	9109f98c2b97aaa6c01f06928bdee457
torus.out0.01440.h5	c44ca17d8a0a2a4815e5980eff78016b
torus.out0.01441.h5	76eff3047829a77e3bc6ccafca65c9cc
torus.out0.01442.h5	6f87d5bfff697fe4a0b07b6c98923927
torus.out0.01443.h5	406658ef598945051e5db0e614d06da9
torus.out0.01444.h5	864ca6c2923cdf48d7def6dc2b773e36
torus.out0.01445.h5	87cb06f46f0f0deec6580eb9c725d4cb
torus.out0.01446.h5	c73f17831b15af344de03fb2fcc7039d
torus.out0.01447.h5	27be0b80a542ae9fce500054e85e12fd
torus.out0.01448.h5	b87b2a2e1928c2d9a7217f0df919e2f4
torus.out0.01449.h5	93c24344a780fbf3c8fcefc8b7d25360
torus.out0.01450.h5	57237e09ad81f27f4b82e89885ccbf7b
torus.out0.01451.h5	a12060635d586c0e7af6022a9c1df664
torus.out0.01452.h5	ae0175b882ae0b8e755c7cbf98a34a22
torus.out0.01453.h5	0f64521dcfd36c774624d6c0c7aabbba
torus.out0.01454.h5	255f91d9e1b06d61f3789cb4d8af9bda
torus.out0.01455.h5	7926c654ed7e6f9664e569ec80ff77f8
torus.out0.01456.h5	27a891b16e60c44da59175f7f5b7ea68
torus.out0.01457.h5	0d307dffbaf40a345b3f26ac6b2ef8b1
torus.out0.01458.h5	e1d7b36726582e8d040d85a997589629
torus.out0.01459.h5	c0cb7efc9e36a1c319d5bf1b0264b404
torus.out0.01460.h5	fe6ab01ee8cd0ed4cc8c5634fe1ce88b
torus.out0.01461.h5	16c69f3cb41ad8a87f92fd1986885266
torus.out0.01462.h5	000fbe65783fae316dc8d1dccf2a2fce
torus.out0.01463.h5	1b4e95473960214ec25f17fef11a5462
torus.out0.01464.h5	c894d000434f70bb98410d5dd950e978
torus.out0.01465.h5	8405c03108e592b491d8a4d2377e8d77
torus.out0.01466.h5	1866a92bfb3fdae2b77a95e02cdf8744
torus.out0.01467.h5	3fcb2c2362dde4eb77649cc88f5df660
torus.out0.01468.h5	cadeb1f51b84a0d0cb15f43a3b47fd9d
torus.out0.01469.h5	85497b8ac4a08d905af8f194dcdc4c40
torus.out0.01470.h5	8b44820dd5dbbe9285d7cb0a34112d73
torus.out0.01471.h5	8aa8c3ff236041c1658c40438916892f
torus.out0.01472.h5	635a94bae468fd0f63e6704fe297bf6c
torus.out0.01473.h5	2ffd7e79664a1206fd55d849b5d5cec9
torus.out0.01474.h5	7a3ef1ee87847160f2355d45cf45c10a
torus.out0.01475.h5	a8a7299cdaed289209bb40f3624a8b5d
torus.out0.01476.h5	68b724dfa29f3755e3178242efab1e9c
torus.out0.01477.h5	fb04eda3e3d41d87792df4f9dd587cf8
torus.out0.01478.h5	ba41852de10545c1af1b398f54893172
torus.out0.01479.h5	69b2559068c67b5116e3a1d65858027b
torus.out0.01480.h5	0352af1f68b85c7c01e5ebce1ac85406
torus.out0.01481.h5	b5cf04668b481598a79fcdc704c52078
torus.out0.01482.h5	4471a5b864d944cd6c8ef576ce28ae6a
torus.out0.01483.h5	d846d0c9350fd8b099b02191e3b0ddcf
torus.out0.01484.h5	54c946d9e18420673d21aa3e6301b44e
torus.out0.01485.h5	bfe3812621b79438385de2a087e5310f
torus.out0.01486.h5	18b99619b633291c64dd3ea6c9ce5c41
torus.out0.01487.h5	9fff4e31cc94f5a2003817beaeae32e2
torus.out0.01488.h5	47e34e87b2e608b7b8eafedfaebc35cd
torus.out0.01489.h5	203246ac3c695166dfa9cdf53ecf85f5
torus.out0.01490.h5	ac725fcfce72687a0745b9c77a71053c
torus.out0.01491.h5	dadbd4e9e6407ea4db31611e6cb05045
torus.out0.01492.h5	aecb4aa922c8fa1e279612b0a982c2db
torus.out0.01493.h5	5220964e8ed0913e1a283c7beb59218d
torus.out0.01494.h5	47ad164012caf807dcb159774d3dc72c
torus.out0.01495.h5	1f8b8441e41674722bc4cfb8b3111cd0
torus.out0.01496.h5	68c0a4d9f71c0f3830f7a11cd103c6cf
torus.out0.01497.h5	17c001a751c608dc68fc3b0a08f2cdd6
torus.out0.01498.h5	8d0333145ca5d17294d6b24f3e89405a
torus.out0.01499.h5	726d97af45129cab46ef3446ec367d62
torus.out0.01500.h5	b0d772ef379a9fb115b7e752c11dcb56
torus.out0.01501.h5	51babdc8a2976ebf78b8dd190eb2c8bc
torus.out0.01502.h5	846f126fede034b9a5faf687e30b1e53
torus.out0.01503.h5	68e7360d71da2187f2ce8798a1afc32b
torus.out0.01504.h5	cd39f4f02ade5fab6b51aa0857ff6f91
torus.out0.01505.h5	fb50d7ff9c8f141e42480dcb3c81d70f
torus.out0.01506.h5	7f9237a8444a9db1b4f5fa099d882185
torus.out0.01507.h5	80af8e6c2d3d41fcbdbe0b96e962ba0d
torus.out0.01508.h5	6e465b1a3465d8ac2c3b255e8cbf082f
torus.out0.01509.h5	66095ae174722bb5f894d7851d9d33bf
torus.out0.01510.h5	8db1dec55e1661bc41d9180d80a7ae6b
torus.out0.01511.h5	cf38b331aa9f8bc5c5686cf9dcb3f604
torus.out0.01512.h5	a0812ceea147f16a0ced9b57f0f1fae4
torus.out0.01513.h5	3a4e416d2c1bef4436f7d4fd196abe40
torus.out0.01514.h5	2f86ebf0f4c9a76e1b9dab6a1e4e79a8
torus.out0.01515.h5	5b7b6df87fb6ca694874f9e5f6ddd06d
torus.out0.01516.h5	bdd31b9d225b6cfdcb920f0847325c74
torus.out0.01517.h5	d731e08d8d5f892b6fd60d0bb4e23e80
torus.out0.01518.h5	7809c590ead343db08991707f990d35d
torus.out0.01519.h5	6a8e3a7ced01cb6b5e78da3a0ebd529e
torus.out0.01520.h5	a243c2b99a90ea223a9b1da6a28b3fdb
torus.out0.01521.h5	419160053024154228d12201320a9f8c
torus.out0.01522.h5	a2680cf032ca276312656492ec94f493
torus.out0.01523.h5	b798c8c86e67872788feb81c60db9bf9
torus.out0.01524.h5	6e4b1b73dc97facb082bc3f9004c920b
torus.out0.01525.h5	2598ad82e00a3ab798c0899d13c51138
torus.out0.01526.h5	da4b8622be876c7008d4209e671e54e0
torus.out0.01527.h5	5cd26011a6ec744baa45619789f168e1
torus.out0.01528.h5	5e8d182165a3bc46ab56ec94d72c9435
torus.out0.01529.h5	a3d588f5a8abf91a6bf7483ec0a6756f
torus.out0.01530.h5	5ea9a566ec7e644afa69f1271f9e8851
torus.out0.01531.h5	f65172e724a5a5625a18c133c3c3c634
torus.out0.01532.h5	e7597281a3332e1eadd31dd0c7747bd7
torus.out0.01533.h5	3fc97447d0459aa3de6708e9d04f22f4
torus.out0.01534.h5	135cdce30fc4d3410a3da803b6fac5dc
torus.out0.01535.h5	26186918f57a81540e915b04f628abcc
torus.out0.01536.h5	2338e5d24c0279a81c4c99d306eba2be
torus.out0.01537.h5	3c178372790c2745a7680ced179e9401
torus.out0.01538.h5	60529ff6ba213cc9006cc28aa2113a50
torus.out0.01539.h5	0717f4d6ceb5667a490914aaa8ce3145
torus.out0.01540.h5	ad545f2bd407f33ec977bdaede392351
torus.out0.01541.h5	12fa91ff12cae7b3d8aa78dbff31859c
torus.out0.01542.h5	bed055a2e9e761eff02b945fa352ac51
torus.out0.01543.h5	691cc9796817703d9e40be214cee8564
torus.out0.01544.h5	9734ba889a872156b44423162ad288c3
torus.out0.01545.h5	f3bdda030425e136c0ba733c67150680
torus.out0.01546.h5	44dbdf030057c0b4473a693215bad409
torus.out0.01547.h5	6d7e31a5a78e6c0368af8a1441c45031
torus.out0.01548.h5	b9e26b67c4dd214f18565f2a78d0be26
torus.out0.01549.h5	d3e77758c0c0ff28ff3b34efcaa61cf9
torus.out0.01550.h5	5fc87944f37068c82bbeb54751304f4b
torus.out0.01551.h5	f5a66c736b782240cfbb2503b66bd7fd
torus.out0.01552.h5	c3dc9e34f03dd78486d3b2c8a53067aa
torus.out0.01553.h5	14fe1856ee65f4c11c197b802f5f3b03
torus.out0.01554.h5	908f8ff8147da65d119e85adc2642e00
torus.out0.01555.h5	305fa713239afc8b6a83249763d2adc2
torus.out0.01556.h5	b49217209f372df76128253b605d60ba
torus.out0.01557.h5	e8c80c3ece28507716c9bbcdf726e81c
torus.out0.01558.h5	fc029fde3fcd2b1ed863b7c267262887
torus.out0.01559.h5	de7b412718cdc0a0f80a39c238bbec71
torus.out0.01560.h5	78700c2995578c2fd775f48d71e4cc4c
torus.out0.01561.h5	72ccc020b49c74ff2cb26b24f9d6cda8
torus.out0.01562.h5	cd3f17228afd18f2763ac80112cfac6f
torus.out0.01563.h5	dd61b38a5c6806e732ed2a816ade5e54
torus.out0.01564.h5	cddacfc0f07e6782b644d203bf23053b
torus.out0.01565.h5	856ac9bb014a336765505d3f39521fe9
torus.out0.01566.h5	2347390090ed791f771768e864487154
torus.out0.01567.h5	e02560dbf0ef8a950861e40037208e05
torus.out0.01568.h5	fbd8dc4dd596c9f566857f9898d9c565
torus.out0.01569.h5	c509c40a895d28df64fe7465538cb8f2
torus.out0.01570.h5	9ce851e0613395f858b1b7a60443beef
torus.out0.01571.h5	6d2c9259301f401dd6ab551030187601
torus.out0.01572.h5	72417a7bf791ee7b2a1648ca5584d31f
torus.out0.01573.h5	7371328f2ae0a1f90bfdb4526f51ff86
torus.out0.01574.h5	1f677958e2039ff9ca984d57fad7e4e5
torus.out0.01575.h5	272838eddf636feb539d4950b82345bd
torus.out0.01576.h5	07a0a6f192014aeed25bbeabd23cdd1d
torus.out0.01577.h5	db852e14751c468b69340e7e3bec5dbe
torus.out0.01578.h5	9f855fe74617f6e78d1bfb605bce5655
torus.out0.01579.h5	84ea7fce3df47ac1e923bfae2c9dbb85
torus.out0.01580.h5	89df70fe594db2bd12e1b3071a649a64
torus.out0.01581.h5	5fef2f6d2e58d7441e0f102f5d2bb6b5
torus.out0.01582.h5	c8301abf698f505196d89e250662f73a
torus.out0.01583.h5	e944cf9b4e390d880274deb0e687bc3a
torus.out0.01584.h5	893415ede2d7114edfd5aa01dc7e6ab3
torus.out0.01585.h5	0a7b74065eb89cbb06d067e07606b442
torus.out0.01586.h5	47015b6d4552472389284ae792efe053
torus.out0.01587.h5	5b479aa08c96a9ad65e5683d41d0c48f
torus.out0.01588.h5	650530fa65b64640f0698a34bb04daa2
torus.out0.01589.h5	b0b0c80c91748de6f86a5d4aabe43cfa
torus.out0.01590.h5	bd994f4e29d977707dc81825716198fc
torus.out0.01591.h5	a213c3f779ef3383d07a7f74d5794a64
torus.out0.01592.h5	597db9b0ce6cd125196b089adca271a6
torus.out0.01593.h5	9e909d26ab83e329ae8ed6f11f139456
torus.out0.01594.h5	5563fce7ce61dab158f698867d86b103
torus.out0.01595.h5	f0a9e963511894a66748b278f005f053
torus.out0.01596.h5	dda5b73b69c507c9201e0173e024bfb8
torus.out0.01597.h5	082becda03ceb8336ef41d864eea0ee3
torus.out0.01598.h5	098a893d90e3f010fd9dbba097356cdc
torus.out0.01599.h5	269a0786675dd7dea8148199b8528847
torus.out0.01600.h5	14e08f3c9794252bb946a7c3cc37d480
torus.out0.01601.h5	a43afecc572376fc9eaa96305dcdc356
torus.out0.01602.h5	3d17b76041167f6f287c1f944ddb2965
torus.out0.01603.h5	eb0c21b741aace217fca7faaedf25a83
torus.out0.01604.h5	3fa3c8449a6a64ffd79d550b87a73b16
torus.out0.01605.h5	0e4702f4b4794fd17c93c47d0bb9ad19
torus.out0.01606.h5	d86098edc6ac49347c07481d34c515b1
torus.out0.01607.h5	01e9381c65af01188b2a6f0456c1c8d9
torus.out0.01608.h5	5bad0b65776d9a21ebfd2bfb49abbe3e
torus.out0.01609.h5	171d3e77ad8ce4341a098f38472e38d8
torus.out0.01610.h5	53cd4e6f5f806052631b192ca65e6d13
torus.out0.01611.h5	ce17dfd3c56446dab8618f9eefaa1a15
torus.out0.01612.h5	04d270287821b3e4e32e92b3cf888d8b
torus.out0.01613.h5	fda108a2914d38e79b024d921c7d66c3
torus.out0.01614.h5	bfc69120f7606e54af2f508bbfe5b396
torus.out0.01615.h5	faabbe1de86f7b130b61eeb41208c451
torus.out0.01616.h5	a10ee2c0129bfb4e35080c6a9bc9e705
torus.out0.01617.h5	ae318d462c187fdbf0965772690eab03
torus.out0.01618.h5	2c4c1dd7178220f62627b28a021c88b0
torus.out0.01619.h5	3ae08246815d18cd245d059b63ee014b
torus.out0.01620.h5	b7ae5da466d246bfff9753b89ae6e654
torus.out0.01621.h5	d1cd310008c909988a4a7b655429380f
torus.out0.01622.h5	81fd13a5d9b7fcc8131fa0d88a7dfed5
torus.out0.01623.h5	f9828d281ec9509a7276f836763dcd30
torus.out0.01624.h5	da7fdcd53041acc628eb502d5b49f1be
torus.out0.01625.h5	7f48768c543ee2fcc4b84a7f66ce6097
torus.out0.01626.h5	052dc65784f7c62e2ea83743e97347dc
torus.out0.01627.h5	635442edec4c5713a12e4944761e98c5
torus.out0.01628.h5	e4bb0df39f26acd5aabf30344fde89f2
torus.out0.01629.h5	9273e4291fdfa707be8fba57f59ac3e1
torus.out0.01630.h5	a71626910b9b1521ebcbf0e6efbd42ac
torus.out0.01631.h5	e856f600026bcc2fb99992eeb2788fab
torus.out0.01632.h5	98fbd5f73bb76e979e0148d479aa0a3c
torus.out0.01633.h5	12242b5d2a0588012eaabd77e4a8bd9e
torus.out0.01634.h5	ecdcf3f89e6ebdad3e10d69436883a8e
torus.out0.01635.h5	6713c9ed40a33aad2b74d2dab3baa3f5
torus.out0.01636.h5	dce42f4dbf34136695c7b859976f5ebd
torus.out0.01637.h5	5598437835054a7345be7a05452bf2bf
torus.out0.01638.h5	269ab47db0a254f0f8bb492fe12d2cd1
torus.out0.01639.h5	251f4affa928a25104be5f5424a5f8b1
torus.out0.01640.h5	e1397a6fd058b75c01f02ae88af0a135
torus.out0.01641.h5	bff972d4f7ae870f8348da7a12f0d634
torus.out0.01642.h5	4246a69f4f79045131407a3f81ecb5c3
torus.out0.01643.h5	a920bdfae7c940a9bee4b577643554f8
torus.out0.01644.h5	1aee1f7e66c3d0aeb3d4ba022c6e6406
torus.out0.01645.h5	da9fb345894d37ff7188ba3897792921
torus.out0.01646.h5	83fd69f35f134ba71e0919084c9cdb8c
torus.out0.01647.h5	438d19069d17e5dff08155b24f78de08
torus.out0.01648.h5	dcc2a151fd092e9176a1e3fb566b8683
torus.out0.01649.h5	7d20da768f31002e2b160d25a5ddb7f9
torus.out0.01650.h5	ee8d13e24702d9fdd0f8dc3f20d88136
torus.out0.01651.h5	c7d2310c62d71a7806e1d13d61c16000
torus.out0.01652.h5	fe8580f4f10c7f0481c6d54e86f60f95
torus.out0.01653.h5	6c1f50213c44c593d687d8ce1b09b81a
torus.out0.01654.h5	11a1418b8944e334a95c04d3b15b6d86
torus.out0.01655.h5	b720b71316a6fa8c7bef14dd3d6f2eab
torus.out0.01656.h5	d682775bc4c6d8f5bd2786ea5bca3bea
torus.out0.01657.h5	93b64050c6db30dd22dcbc478acd9b6e
torus.out0.01658.h5	cbbdadeaa582c06a9d92d0c4ecf8fa8f
torus.out0.01659.h5	96d965e853b61507731030220067bde9
torus.out0.01660.h5	279c68598bc9f9f5bdc547a8c594d1de
torus.out0.01661.h5	6d65587634390ba015fe64e34f21c84a
torus.out0.01662.h5	9deb892791785a66ae10df9017580003
torus.out0.01663.h5	11b98034d7884ffd0488c59b34c03231
torus.out0.01664.h5	049f6bcf6a6765aeb6e00aa224af9242
torus.out0.01665.h5	0097efce5bdfd02831f6655931afe4ad
torus.out0.01666.h5	659ad66cbf79b701a2d4e90f1e90d683
torus.out0.01667.h5	e7a54bc03ac712758ee28358f8d9867b
torus.out0.01668.h5	f589d570ee6f1f6771699a16e91a8767
torus.out0.01669.h5	0c91ce3a8ec8239a61e4eb7e495e243e
torus.out0.01670.h5	6aef61d5c845aea56481e18f6e053ebc
torus.out0.01671.h5	6d3075af80091d6af70a61772338025b
torus.out0.01672.h5	8de84b498db5ce1df771417fe5c42c9d
torus.out0.01673.h5	8735e529b4b229cf0433fb35fb0c5ee9
torus.out0.01674.h5	1db8e18ef5ac3c7b07b8ad34a6465695
torus.out0.01675.h5	7d59d3d53cd4dd7cdaac3e1ba9250773
torus.out0.01676.h5	4c3df16eb194fe885822738618a2c2fe
torus.out0.01677.h5	b93f973495a0bc60b2435db1be5e9998
torus.out0.01678.h5	5b41c80c88bb262ad6c07af753e2df6e
torus.out0.01679.h5	23b2505a75e833ff1fa6b91f41954150
torus.out0.01680.h5	94706f2e041cc8de7c24b16186f80497
torus.out0.01681.h5	a21f77a6c13a41e01337700fda70ebe0
torus.out0.01682.h5	8a672ddb3b2d5f582db8ca6151413dac
torus.out0.01683.h5	30a7c699c6da083103d9c53b5c36830e
torus.out0.01684.h5	1e25ae7585be43ed2ab513669091c52b
torus.out0.01685.h5	160218de121a1a9739129404abcec413
torus.out0.01686.h5	853abd858444be175ce318b8ba77ad96
torus.out0.01687.h5	4e33bbf49ccb02409e60d1c084fd7d02
torus.out0.01688.h5	c14954a96b3251e484a0e443f052dbca
torus.out0.01689.h5	668ac8bf68c68da87e43e4d16c859a38
torus.out0.01690.h5	14bcfb29535124891452cbc671d11072
torus.out0.01691.h5	e206edcf70a0b04eee77aa6c3ec89ed9
torus.out0.01692.h5	270b112d2f70ba439d0ae2d66f511259
torus.out0.01693.h5	ad0f027589a63e49f64402b0b4c2ea48
torus.out0.01694.h5	7334cf2170d8397bda10178942c9a45e
torus.out0.01695.h5	13e7820de3110e7848ad21b61dc3ec32
torus.out0.01696.h5	5aaf33807462d9a5c261dcbdfa93c594
torus.out0.01697.h5	fbec8a2c68c7ffdbf5b24f18ef6fe870
torus.out0.01698.h5	3158d7dbd09bf9c92d8a5f0834570f2a
torus.out0.01699.h5	00b219313fe7d3372da1f86fddc973cc
torus.out0.01700.h5	1f5f7f15cc4d75b7a4db21424602200c
torus.out0.01701.h5	33f02f453dfd964f8d21e1231a1bb496
torus.out0.01702.h5	9d7fbaffe75a2e557da26ddb029f8224
torus.out0.01703.h5	31f5be855a684044a5a035f1d0e5871c
torus.out0.01704.h5	c7cf323f33cc3a2b462e16a2c65095ea
torus.out0.01705.h5	a2be6e089f17da5cfa1a68c12ee0eb8a
torus.out0.01706.h5	7ea5fa0c2853dda89971244d95c9266b
torus.out0.01707.h5	513622de51f2dc1d4f982e9a563e8590
torus.out0.01708.h5	29dd2de940df606da05834efcde33030
torus.out0.01709.h5	214ea972820268224ea4014562206896
torus.out0.01710.h5	5163b2b5df8126f45492f3662560c9cf
torus.out0.01711.h5	ab3dd3d6b9d10ced28c1a5ec0fb07fed
torus.out0.01712.h5	f5ea56fde5530f4175d49c1c5e34cd6b
torus.out0.01713.h5	8d120f45b8e7656a836a416044f42312
torus.out0.01714.h5	e3cae11be740f880f1caa19ef6acbeea
torus.out0.01715.h5	e9e79e72c7c7b859ab62bc5ea14c7ab5
torus.out0.01716.h5	ef4346e6b656488ad58a1fccd6d49a6a
torus.out0.01717.h5	b585ba26b06c945a606775f7890f924a
torus.out0.01718.h5	bb49affab8f88c1ef4378340d0ae5439
torus.out0.01719.h5	8f1abc755bae7ec7cb06ddee95caae1e
torus.out0.01720.h5	2d41bfa2a829273a626730f336a7ae59
torus.out0.01721.h5	9eb97fb3a7461342384f22a836f8339a
torus.out0.01722.h5	22a625eef2da3cbb6a2527ec3c7924c5
torus.out0.01723.h5	b918653fc438ba111d71276e913a04ba
torus.out0.01724.h5	dd372e90098c4fbda513e6bc87764251
torus.out0.01725.h5	d2d1b4b9989b3c04a0db1211604a728f
torus.out0.01726.h5	ccfff7b694b625ab728ba1b6b10be183
torus.out0.01727.h5	5bcc9650be3962fb03eb670b8730e469
torus.out0.01728.h5	a36972d6099cd74bab043100ee6fc4c3
torus.out0.01729.h5	90379d7240903447c730205c5f4359a9
torus.out0.01730.h5	66ccfa422efb515ff6d2ff642cddd485
torus.out0.01731.h5	e9674142b0a85cce3499fb64dc450c1a
torus.out0.01732.h5	dd0f56779579f5b5389743f75339aae5
torus.out0.01733.h5	4d32fa942c4f3759c8c041bf91fd8f4b
torus.out0.01734.h5	4705279f2b8528d04db81e24a2247af5
torus.out0.01735.h5	3f962c68cd93ff3798273294446bb946
torus.out0.01736.h5	66ac81e9571e013b6fd60394efb39e0b
torus.out0.01737.h5	e722c5f70da34b8271c72453ce3fd1d0
torus.out0.01738.h5	5114319abbc4bb885c9ade12be0ad4ef
torus.out0.01739.h5	f767440bda8934aed1cba13e67dcba15
torus.out0.01740.h5	70b40d2703f8723b639b3d33319dfde2
torus.out0.01741.h5	7501b24cb368f26336dc4bc9f609e6c8
torus.out0.01742.h5	f023fb772d1df8ba14d9e316280697e9
torus.out0.01743.h5	f13ba3148aa9a89140b5776b948d43f5
torus.out0.01744.h5	c4805f73f68814eaffe2e8cfe4824608
torus.out0.01745.h5	a3e99e8f23b4df2d61ea50c6f3579819
torus.out0.01746.h5	e35e91bb508eb4d52c951beeb1008136
torus.out0.01747.h5	d6caeb8edbd1436473e97c9f3f576097
torus.out0.01748.h5	2450e37dd750ae7672157e0cdcddeac0
torus.out0.01749.h5	1e18d651104dae2a2ffe1be1a09d202b
torus.out0.01750.h5	f2d9ea8eb04306b58e7472e4fbcb6c30
torus.out0.01751.h5	ae872cb5e2c5366c4c7af4e808582f83
torus.out0.01752.h5	40cdc50f38999bb0897f7dacf042cce1
torus.out0.01753.h5	898c57304af2f7e74348b6fff4b2944d
torus.out0.01754.h5	21059d16da6ae19cd01b678963bc7122
torus.out0.01755.h5	435d36baf3f043b2dc6d11847a2637d0
torus.out0.01756.h5	b1b5b1abbdec3fec37f6bb6246596c4a
torus.out0.01757.h5	84af27ece46188f098d0102eab5b1a0c
torus.out0.01758.h5	e64df83c1c6edc5f69feadcba1aa3a00
torus.out0.01759.h5	a6a6487406568d87241b841e31ae9db6
torus.out0.01760.h5	aae4e2fb4d160c6a6bb8c171c4291de0
torus.out0.01761.h5	86f7386e9c08f9d911b558c358f5cfb1
torus.out0.01762.h5	ac576ba4a6bbf9a4e6433a0f669f51d3
torus.out0.01763.h5	8da2351db8b809d629b66eb0d9d54a94
torus.out0.01764.h5	97dfd0cbedca58f7ec4134a49d73c441
torus.out0.01765.h5	d47a388a683c479bdb6251439c060bb5
torus.out0.01766.h5	f4aba6a40d189e00ec04ddfb4a90a18d
torus.out0.01767.h5	ee6a8f7f7f670168fd36a462cc8d4a07
torus.out0.01768.h5	d008c3cbb4e2285cd7e0717c04077e2b
torus.out0.01769.h5	aefaf36afbea4a32456d8c8230325b6f
torus.out0.01770.h5	2295e97545a08153442cbef25669b638
torus.out0.01771.h5	fc673273e4a5172514ad03efe7cd097c
torus.out0.01772.h5	8e7be36fe372314f66b12c9479102a34
torus.out0.01773.h5	977647b82371908736efd5af06d24d9a
torus.out0.01774.h5	0f8ec06892d0104d6ba48a42c2f72451
torus.out0.01775.h5	e7652056a7cb97261f9338aefded0e54
torus.out0.01776.h5	c3a3b1959bce41523898c93a1b4f3cc7
torus.out0.01777.h5	505c13fa36010ea91dd8e7eaece62238
torus.out0.01778.h5	8369692a5d91bd4b139b97e271e101ad
torus.out0.01779.h5	09c777b08f9fb0c180890f9551de4f38
torus.out0.01780.h5	e4587a8ba5aee335f3e0275d1fa3fca6
torus.out0.01781.h5	96ad8bfa1eec653465ab558c5c936e60
torus.out0.01782.h5	9ed94ffeac6cb8b0f79bb18c70f0c30e
torus.out0.01783.h5	4e52bcbd8a0c48a9e095c57d834679a3
torus.out0.01784.h5	6251864d5fab4b92cf76f1a0bcc99e48
torus.out0.01785.h5	f4ba2dea7cde6607fe591507c8249f4a
torus.out0.01786.h5	62cf6ac2a788e8ec3f8efb81ea449c42
torus.out0.01787.h5	08479a07ed49b428725355b88c0049a8
torus.out0.01788.h5	5f3ca8c116f1642476178354d7369eaf
torus.out0.01789.h5	df7722bcf4e0d8fc195e3004d7c06fae
torus.out0.01790.h5	1a72adf9eeffb3028c9ad7ff94513298
torus.out0.01791.h5	e2eb5a4883887365babcc90879daee08
torus.out0.01792.h5	64601e476430f5a945fc02322987968a
torus.out0.01793.h5	f35ff22aef48f25103c7af9a9fe49367
torus.out0.01794.h5	aba040433ff9f9ea4022f5833c8efab8
torus.out0.01795.h5	78b3de026698e5d4401dd3398ddf6464
torus.out0.01796.h5	142eb3f7362c0ec11d052dcc2a79d7a7
torus.out0.01797.h5	2b18dcad2a8000da70e59d28d1d5160d
torus.out0.01798.h5	b17a29c7741a172f78a050d18d5c710d
torus.out0.01799.h5	22408926444477997c091c419cdadeec
torus.out0.01800.h5	5c0195dd78b25723e7ea78dceeb91a5e
torus.out0.01801.h5	11804cb54dd3e494f626aa90fc9215ef
torus.out0.01802.h5	3cbb06f6388bd41f0742ca219f19249e
torus.out0.01803.h5	2ee7eb240cca35719147292696d93b7e
torus.out0.01804.h5	46e0431e3c02c8123d7fa0fbcf685e79
torus.out0.01805.h5	b02a2bf0a6cf56b0c5d8a37b3410d868
torus.out0.01806.h5	beb1331577a8e4c3a1cb141e363976b6
torus.out0.01807.h5	d01eaa297a66a78d8c331ccc10b76c06
torus.out0.01808.h5	f4a1f155661d7935a617ef06a0375e07
torus.out0.01809.h5	ac8676a0d89c783bb08f8a7fcbb78c36
torus.out0.01810.h5	29190c3baaecf61fcd1a0fa127cbca37
torus.out0.01811.h5	898b8f950aca84926153cbbe35b5ab41
torus.out0.01812.h5	e53a56bcc918082559cd680e6fc71bb0
torus.out0.01813.h5	c1aae577c9d40c012ec4c734609a66bc
torus.out0.01814.h5	ae6ab34a376481936fb5fd847ba004c5
torus.out0.01815.h5	5610f43139dcc44dd30ab6d32dd87b61
torus.out0.01816.h5	6d0ac73378a71b2f803f5337914ac64a
torus.out0.01817.h5	99ebc973a5d10363ada7e6202cc8eb09
torus.out0.01818.h5	6a23d193d8c9fd35f3dc8d7e789cf69a
torus.out0.01819.h5	a1c2b3515ffc49411a661c247d0fd8d4
torus.out0.01820.h5	9090b25d1c755019b33284cc44309247
torus.out0.01821.h5	c88fcf933852624dbfffc000293aeb27
torus.out0.01822.h5	670f0a77b63f06a305af5e88d9009916
torus.out0.01823.h5	2dead5c0019d7a0aaef36cdb78696efe
torus.out0.01824.h5	099084ec8bd441e31e90871e0919a7fe
torus.out0.01825.h5	5ef463e88ad083ef92f0c14e01448cae
torus.out0.01826.h5	e4e1af3831010dd29f866a0e7b489c5a
torus.out0.01827.h5	0797757de2aba29d34032ebd7b33b069
torus.out0.01828.h5	c71b89ecf4058af32639965cfebf8257
torus.out0.01829.h5	05ae278ab96f7488e055760971f83ff2
torus.out0.01830.h5	adcefb0aeb63d95139879be6477c6048
torus.out0.01831.h5	98ec5e226b8ffb2353d6f0467604ae24
torus.out0.01832.h5	ff065f9bc7f594adeb39128cb4ada5a5
torus.out0.01833.h5	7c4ed3ce12a69b85fc75441a9df67618
torus.out0.01834.h5	2fbdae593b62153b1bb18a502ca9be41
torus.out0.01835.h5	4703e5cb7c29acbca6cbbc4d835a7852
torus.out0.01836.h5	f6b767c9617d7797e22bb45ac1cedd35
torus.out0.01837.h5	ad0a95d7a11bddf8ee7944b79a39fa18
torus.out0.01838.h5	ba3148e6349fc4ee0fea68354c2fbf15
torus.out0.01839.h5	226ad3b68f69fd51da9b3925b40368c6
torus.out0.01840.h5	3f4bf392cc9a7ba98b277ff7d4b56466
torus.out0.01841.h5	c8a7dedffbeb1e5338413a5102dd3eef
torus.out0.01842.h5	1cdd90c233b0ca8c9a3884644f251ec2
torus.out0.01843.h5	ebb60e6ecf3a514bbb0c9c7f40442dba
torus.out0.01844.h5	47cb46fb79beafeceaa160789b836c82
torus.out0.01845.h5	f185e5dc16951cc79dadb1e17458db6f
torus.out0.01846.h5	0ebe66a86b6646132900d8d2c5a79524
torus.out0.01847.h5	0209518b823bed6a6cde44b02ba4cc5d
torus.out0.01848.h5	86fae23688efc409adc2eb2fbcc7a807
torus.out0.01849.h5	f1c277503c540738c5b6b7473e026452
torus.out0.01850.h5	6a9043b951a2fc4147aa139bf05b3e33
torus.out0.01851.h5	97f302149567f694bf4c580d899d8d57
torus.out0.01852.h5	ab5d018e21060b377d9f4d7738805186
torus.out0.01853.h5	e0dbae7a5f9c6b33b5417a26d6559525
torus.out0.01854.h5	64add1080605d8fb902ead840bd7431a
torus.out0.01855.h5	3c853d051e22b30dcbb948e7cc25a205
torus.out0.01856.h5	517f73b0f6a8e0a9edaa69f664410c5a
torus.out0.01857.h5	891258af6057293c525e93ae6891db90
torus.out0.01858.h5	a54f849821c15ae01e00d93efb9d7d64
torus.out0.01859.h5	757970bebf696ee75560a676c6567d42
torus.out0.01860.h5	7c8d5d62c7c8ee6b5c364e28aced96f5
torus.out0.01861.h5	cfae9c918b46de3d245814d354e5826a
torus.out0.01862.h5	28ee97dacab41ef10a0bc28d22f1c616
torus.out0.01863.h5	fe29ed64166ccd876e30d27898778c1a
torus.out0.01864.h5	60365a68973b59aa53b4c694567fe416
torus.out0.01865.h5	0423945eefaefe1e2c04934912563d0b
torus.out0.01866.h5	4c98c39981719953376c8d1cf15f4026
torus.out0.01867.h5	59c8292d128758b45706b6da44f3ef73
torus.out0.01868.h5	8f49082f497a55407fb0ab0f34810157
torus.out0.01869.h5	4fcd4c8956c2539a5591cd22f296f6e2
torus.out0.01870.h5	eb2da090a1c8568f521a2ab34e54e111
torus.out0.01871.h5	f68c31b50cd20172071508e707fc5dda
torus.out0.01872.h5	78d50647799f8cc9b0dfe225187de8c7
torus.out0.01873.h5	65cb48c9847d2f2a4f87e75495e6deb6
torus.out0.01874.h5	28173f2c416ab8926b21f2ba2b01bc73
torus.out0.01875.h5	79f7105f63f898e7f5733a4c9d1e0a19
torus.out0.01876.h5	df56fc21006334dda144573930b4ad78
torus.out0.01877.h5	62e20b7acdd628421eb73b4ab6ebf05e
torus.out0.01878.h5	9ce621221def06ab70a662b3fb0e765d
torus.out0.01879.h5	fceb98c002163019319a5d614e83e3f6
torus.out0.01880.h5	ce7e9c636914663c396e34275899a4d8
torus.out0.01881.h5	3d9711edeacca9683bfebca40b9c853b
torus.out0.01882.h5	5ca9c6df27097fae6a75469a8c85dc76
torus.out0.01883.h5	7346ab181cddfbb069df9090e8b4bc3e
torus.out0.01884.h5	cc8f67c5c9233dcbb1806511f4815245
torus.out0.01885.h5	f0e7588b402b40371eaf635793627daa
torus.out0.01886.h5	2d70b5fe9da34e13c004fb61921b8673
torus.out0.01887.h5	d469471434c1eae53b25743ae82989ac
torus.out0.01888.h5	60abb3c495e485f44e9347969d2e24f7
torus.out0.01889.h5	c352b9f940f01c9f1629a2a85bece6e2
torus.out0.01890.h5	bdfddcf156d9c09cae1b7a7851035050
torus.out0.01891.h5	68a89e498813a986e22f6ddf1a6d2baf
torus.out0.01892.h5	b3a5cf1c90db033bfa8308cc4620369b
torus.out0.01893.h5	2cafb8ea4e87fa9f457e7e314bd72cd4
torus.out0.01894.h5	8411ff952f7d5b3cf5a60f2956a750f1
torus.out0.01895.h5	223a489a3dc2681c0598c84417ec4f6e
torus.out0.01896.h5	c5c4c790d141ddba38fdb7cf5de8eaa3
torus.out0.01897.h5	183872937eefac862e922724878ce0bf
torus.out0.01898.h5	48b088aa059cf8264dddb585fa92c613
torus.out0.01899.h5	89a6d16793389e25ff6e7949cfbdbe71
torus.out0.01900.h5	d52642d97eebbb815675f6a5b8baee38
torus.out0.01901.h5	6a748dff669c329d3b73e5b63e28734f
torus.out0.01902.h5	60cedbe07cde8b1af3286b0f9df37098
torus.out0.01903.h5	27bb53f4204cc4fa89f7dbd33044caf5
torus.out0.01904.h5	3ba291129fca1fb6da1058739ed90093
torus.out0.01905.h5	cc11af9cbcdace85d3978ef518b869db
torus.out0.01906.h5	7bebcc7f13da50102332dc25c9e94447
torus.out0.01907.h5	7e13f98c4e68d5ac58b63c8bf8d2dce9
torus.out0.01908.h5	189910c76f487fa0588c4cb9f74592f6
torus.out0.01909.h5	0958dfb48a4b7b54bb5a6026e56a2393
torus.out0.01910.h5	07938c8bfc2dcda60cf9fbcf6ff5fd3b
torus.out0.01911.h5	d232bda6b56cf1bc8b6f2b80d2ccdf97
torus.out0.01912.h5	be8d83c58042ea8dc365628d86a7b05e
torus.out0.01913.h5	b183b13b4661ce163d126bf14a96d056
torus.out0.01914.h5	afa1e7fc938c529a7cff0508c00032ce
torus.out0.01915.h5	cf388c73afa9f65115cb78ef30df3473
torus.out0.01916.h5	62b143a7852e12b9624f42e8fd22e46a
torus.out0.01917.h5	ca53b88a275e4ebf2dfdd6efeacace14
torus.out0.01918.h5	47f95fcc95d67cb5c31c5ff52205b843
torus.out0.01919.h5	78c055dd29b45482d5685b1910ab0888
torus.out0.01920.h5	fcdfd93c2d3c82dbc380891cbcb44517
torus.out0.01921.h5	57f7d94c27ac1377e1598f7e3d617361
torus.out0.01922.h5	9c129bc65f38e4b2fbd6eb503b2dc31a
torus.out0.01923.h5	146a3429a0b2e8a692413bb8df56d842
torus.out0.01924.h5	d52215568c7bd418a5e3cf3b08718375
torus.out0.01925.h5	3f1c1245ea25e34bba40c25ca4b2aa11
torus.out0.01926.h5	3b4209ce65ae4ea95f731f952448cd50
torus.out0.01927.h5	bd871d12bcbf5cd8e0a0ab6172603238
torus.out0.01928.h5	f792d74e105d9cdc6002c9cbf7a7ac96
torus.out0.01929.h5	c158dee5c4c8c6904d97cd230cd45cad
torus.out0.01930.h5	6f5fdcf1e093d5ce01642712ecf89267
torus.out0.01931.h5	698fdd8c03bc06a68670a30461644acb
torus.out0.01932.h5	80986c3b9951c0ab6410847ae87fc762
torus.out0.01933.h5	d9ec3bfa8cce505502d5d8a712458271
torus.out0.01934.h5	c0901060640e272d679d7e0e56694a32
torus.out0.01935.h5	6327b9f5b99d65d9f4a0fc0d44dd19d7
torus.out0.01936.h5	fbf24d2ac4ca801fc72919876d0fa414
torus.out0.01937.h5	b6dc935edd0b0f163fbf01df2e6d579d
torus.out0.01938.h5	f1caa9cbe5180c4a92d2159b07ae60f6
torus.out0.01939.h5	c65e74236716d510afb012b392500196
torus.out0.01940.h5	187075a834db69d8663a75a381c7bf7f
torus.out0.01941.h5	0f0838f1e4b041b7697a20e0294d07b0
torus.out0.01942.h5	f87ffb42b4bd453686b81dfcff0d99b2
torus.out0.01943.h5	ac350eb5721f5b435179a044aef9cc3e
torus.out0.01944.h5	a4acb6e9e8b10ab06e1ca955cdf97d86
torus.out0.01945.h5	5e72b01548e1882153bf967c0fec52d8
torus.out0.01946.h5	6f7828cfa9a19fb2c9289ccecaec826c
torus.out0.01947.h5	a9223a76c12b70d8a772d12d7dc1c985
torus.out0.01948.h5	02c244e1fad8dbd99e1a7b964b6a53f6
torus.out0.01949.h5	d2a52b794b69b024696a68f8f189eb1b
torus.out0.01950.h5	9a1d0133f39c4d1157ef52a0d061a282
torus.out0.01951.h5	96415e4c1798fd01db9e741552f254b0
torus.out0.01952.h5	940e3648b8231e32a6cc433f083a8188
torus.out0.01953.h5	6a665c486db65856ac0c5faa33b101ca
torus.out0.01954.h5	a945747aecd91d3e4aa2c2758acad2ca
torus.out0.01955.h5	0a0c35465691970e33565478ebb4aeda
torus.out0.01956.h5	13c01371d5ecb5875270f2348a65a900
torus.out0.01957.h5	7246343b8de368a3cc9a5e1a285df73a
torus.out0.01958.h5	a0fe74204612f110786e3b686162e08a
torus.out0.01959.h5	e4c32512239d4a9958e8edf1894eb253
torus.out0.01960.h5	8357e632cc5d1a305c6ee10a9efa888b
torus.out0.01961.h5	5d030b9b4a15c478073f481eafd8e1ce
torus.out0.01962.h5	9dd943761b5cd666d9dcc4b3c7409942
torus.out0.01963.h5	e98f8da036b1ce3d7d4c67a507bde0b8
torus.out0.01964.h5	043393f96ac88b09faac5010c4a535e7
torus.out0.01965.h5	34ffe6cf3636aaf5588864181658f2e3
torus.out0.01966.h5	76dd43c7694ccb32508dcff602db032e
torus.out0.01967.h5	be98d5eadbd10153314c21a082568617
torus.out0.01968.h5	33aa8b10dc12484cc58e9c2140d69384
torus.out0.01969.h5	af478f5f147aa243d3a8f19a29cc13a8
torus.out0.01970.h5	7ff1ff92689c6061252e8551f08539b9
torus.out0.01971.h5	1f5df7469bce5b8860b8cbaf0bc23e8d
torus.out0.01972.h5	f00a432b4bab515f9a35f9ce17e45cb0
torus.out0.01973.h5	b0eb67eead24862bce11ff556a943153
torus.out0.01974.h5	a189e47181c5f59f91db85326a509659
torus.out0.01975.h5	2ba7821e0999e9169f040bb9f31a2c17
torus.out0.01976.h5	f0d8b1f0e13ad6918077a325a827509f
torus.out0.01977.h5	d84d464a846265dea43275a942fa53a3
torus.out0.01978.h5	ccb5057d527f02e60b33a914bec3add4
torus.out0.01979.h5	9dba74d41fb960c56bf854da47538064
torus.out0.01980.h5	4c76edb5c7a68a3034c17401479eac32
torus.out0.01981.h5	8b4fa5c10040d3fc804f9a591d1dd34c
torus.out0.01982.h5	23ea4bd318774d631bf831c51053a0ef
torus.out0.01983.h5	e865e554f5376bb98465fa6ba33f6bce
torus.out0.01984.h5	100fac5ffbb1db9dd75df635f5ae886a
torus.out0.01985.h5	d1f569945bf990ce34d26652cf4b32fc
torus.out0.01986.h5	ac74cb3785ef63c64cbd7b89b79644a2
torus.out0.01987.h5	f4c034c16aeeae4bfc79fa829298eb88
torus.out0.01988.h5	5d8d062cfde1ed65010ca38082d9f5ae
torus.out0.01989.h5	f271cc6f82c969605e20ab513be698c5
torus.out0.01990.h5	245ce157b73c9d9d4951b5e92290564c
torus.out0.01991.h5	d98fad3961940956875cd7fa691eeb6a
torus.out0.01992.h5	396b278572323a2cf1028e12142308c7
torus.out0.01993.h5	9a1ad52eb20f4d21fbde33ee4762f682
torus.out0.01994.h5	af8f7136e52871309a0171d9e29776af
torus.out0.01995.h5	219b96f0e37fbbb7255be4f1bf0f2e76
torus.out0.01996.h5	2ad8b09a0ff285992d54094fa5bf72be
torus.out0.01997.h5	80e87b1bc406864acc3fe51d3893d1c0
torus.out0.01998.h5	40708972684c36427f33242dc051b35c
torus.out0.01999.h5	1349bf86feee429a81d7de33092a29e5
