torus.out0.05000.h5	56a6f11f16ecaf10b89365f40ae9cbcc
torus.out0.05001.h5	f5c1aa612b4e3e4972cf9e96b688dc6f
torus.out0.05002.h5	72357b00bc584536aa1743b4a03f46e7
torus.out0.05003.h5	8877607a57a0560fc226ac7726f308b5
torus.out0.05004.h5	765c4c535690cb6261dff64c4e51979a
torus.out0.05005.h5	b2dfbbbf48cf1cce77ca362e7d0544da
torus.out0.05006.h5	fac3f63a1f8f8a1b4c54d0fe0789d9de
torus.out0.05007.h5	94e68b7f53a997f35b5e72dcbe6b61c8
torus.out0.05008.h5	64694ac3e1b883ca4524da599b3b000a
torus.out0.05009.h5	0c1300f5a01577ebdbadda856c77e261
torus.out0.05010.h5	24a6c360284766b7ad444c5c47db7685
torus.out0.05011.h5	0659a0276b2d4be92324fd915ea4d673
torus.out0.05012.h5	4ba4886cae5019b42b75ab6819458270
torus.out0.05013.h5	0fef22a18a038385188ba0ab1cbf8bdb
torus.out0.05014.h5	cee48ab3d3c1477c571f46fcc7df4e16
torus.out0.05015.h5	8255a08e07eaaa4878136a2ec323d749
torus.out0.05016.h5	463fd5d2027d0dcde10d90493d3b1993
torus.out0.05017.h5	948fe5f7c88f979489c8f4c0e68485f4
torus.out0.05018.h5	1899ebc59bbf77e6f0c2f7f27b0e2147
torus.out0.05019.h5	9191a7d4159ff980de1a0cfd8e5b4d09
torus.out0.05020.h5	7b29c718388af4c4c539960dd4c3daff
torus.out0.05021.h5	0b398a7fe17fbc5017866c1fafb2209a
torus.out0.05022.h5	fa57c1cfdc8cc6db1d0c0e082bd4943c
torus.out0.05023.h5	b4bb4d784c098f3c94d926fbe2f84ab5
torus.out0.05024.h5	f78f815f3ed82e071563abc7b752d4ab
torus.out0.05025.h5	c52b595e00700d94107e8a975411635e
torus.out0.05026.h5	9239b86121b13524d7b404aeab72ef1e
torus.out0.05027.h5	99acd3d28bfb277a2771d50890898725
torus.out0.05028.h5	6d7024179e781fd3a822dc24412ee35e
torus.out0.05029.h5	ecc6bb7a8a2861762e8ce35b416fb705
torus.out0.05030.h5	1b3cbf3eeb67862fef8ebf02bdf758b1
torus.out0.05031.h5	0a50cae4d5080929e4a1d29d62f8b738
torus.out0.05032.h5	777d916ae9663bc1bb8ab90ffe10299e
torus.out0.05033.h5	a7e37a03d14c751b17ca4373bd1be9af
torus.out0.05034.h5	0dd6a6256db8d75df32fdf5b6d5d2dd2
torus.out0.05035.h5	835fcf3d953f1fd8079c19bf3aa94c7d
torus.out0.05036.h5	6295a86b2323e379123ef6adea5ebe23
torus.out0.05037.h5	97abe3b1f71748e32bd5f7fca71ac0eb
torus.out0.05038.h5	2e1a87979bbda7c43e2e530d709f3dd8
torus.out0.05039.h5	646b8e6963396b36c8745a4cf452dfcf
torus.out0.05040.h5	bcb37ca70c3f22b9bbd91b630633038e
torus.out0.05041.h5	af3e505f06f1827d71d09c353c6e3a00
torus.out0.05042.h5	8feac8d7be14d732fdcfcbc678890441
torus.out0.05043.h5	48fb62f7f55bc7fcc1c48d727721d2a7
torus.out0.05044.h5	30ecbecf7f1a63bcef6acc89b4268344
torus.out0.05045.h5	b626de56ab7fe8a0cce760a188959bab
torus.out0.05046.h5	50f01236b6838dd00b9aad29b043c6ce
torus.out0.05047.h5	920e1db6e5bb9222862e3c3989903906
torus.out0.05048.h5	c88b4150fb68aa1b034826bbe3efcca3
torus.out0.05049.h5	afd03b0eb0ef033f0325439d5a7fbc49
torus.out0.05050.h5	aeaa3a48b17deec701f7ddb97fb407aa
torus.out0.05051.h5	c5ff1406e503742a7fe66c5b8a470e4e
torus.out0.05052.h5	d3a71c9cb25b16bf0bf10dc0194943bb
torus.out0.05053.h5	3992f674c54fdbeaa621e4159998125c
torus.out0.05054.h5	52c0110e799817e45edbf0434537a91b
torus.out0.05055.h5	b1446e9e36c5a536fc1d2a5a5d83eeaf
torus.out0.05056.h5	74f4558a61b8b3fcf52b8e1f30af836b
torus.out0.05057.h5	f1d17557f817cfd116bf0fd14a3d1fba
torus.out0.05058.h5	6f7824f1cd381d4b10b78a1bc971d540
torus.out0.05059.h5	556caf30f75c5c2ef4aead89934d7559
torus.out0.05060.h5	ebbdbfc74225df9218a8a07eda77b291
torus.out0.05061.h5	329562c1f294ad8f29c7bcbfbcb9f0c6
torus.out0.05062.h5	bf1b6f264a143dc1797ea430360c5c95
torus.out0.05063.h5	00af5507681695c70db3c66cae6773b0
torus.out0.05064.h5	2d2a9e2acb33d031fee106d6944e46c2
torus.out0.05065.h5	2148d8efa908c2731d776258a26b573d
torus.out0.05066.h5	4a82302ec88f3006828f032634cc9cf3
torus.out0.05067.h5	a0c16cc82a81062593c56df15a890a81
torus.out0.05068.h5	a6b3bedc286bec4585b9d93fede8c3e5
torus.out0.05069.h5	3c2d1eb0766b534f8671d176acd46472
torus.out0.05070.h5	46061e4c9386f0721acffbf10dfec93a
torus.out0.05071.h5	26a6e00f8d2bb7560be6ffcc8d739675
torus.out0.05072.h5	fb180a526895792f7eea7e6e805a2efb
torus.out0.05073.h5	234380ee6630a1ed4618c4801bd60893
torus.out0.05074.h5	02d872e370dd7d1a03d04248894c3e35
torus.out0.05075.h5	b1c01a841a6e7e79a5e60f1cbcc451c3
torus.out0.05076.h5	024749c8b2e6211f2e17636ab9101b99
torus.out0.05077.h5	0fd2f8452d46071824fb04f45311873c
torus.out0.05078.h5	c05162cd34fae273602e62c86a058231
torus.out0.05079.h5	2a4edd84730d21ca21108fe078057c96
torus.out0.05080.h5	449cdd6187bd2f217638d4de975bf04f
torus.out0.05081.h5	822acfac1e13e9b1afb2fa1792d5251b
torus.out0.05082.h5	f2edccce9791ea91de9ccb3168b74418
torus.out0.05083.h5	99fd9273aad678b0854edb1e5fd3a658
torus.out0.05084.h5	e1bccb77e7a4b635ef5ec5ad73353a31
torus.out0.05085.h5	43ed7735c5443ea7de081de60abce980
torus.out0.05086.h5	32a75473937f685e53c850cbd968ef1b
torus.out0.05087.h5	4211245fb3b5667db0bd67fe489643c3
torus.out0.05088.h5	cfda13787f20d82c92c29da9399b5fdd
torus.out0.05089.h5	643f8762151995735dd638afb6871c57
torus.out0.05090.h5	a5066716f7fbd92cf6e006a74cbd8aa4
torus.out0.05091.h5	819db3573622bce16b07bdc2b2906caa
torus.out0.05092.h5	1b643c157e3c35cd05d123330d03fae8
torus.out0.05093.h5	687c1abca80a07eb3a80c9937c19da3b
torus.out0.05094.h5	3de1eb754738bde16bf02ecd796beb33
torus.out0.05095.h5	0dda204dce8634f1a6f7ab9abdbd7e2b
torus.out0.05096.h5	f9f274fe8f822ccd9900bd6277974d0f
torus.out0.05097.h5	543ed52f7ccd6f61bf348284ff9b10d5
torus.out0.05098.h5	b40a7ec6f681e5d9e5ecd4c67f6a17aa
torus.out0.05099.h5	8d1ce3bbef2d092ee6a7f3b50ed70a45
torus.out0.05100.h5	b1075e4defb51b802edd867198b2652f
torus.out0.05101.h5	2ae90bbf09a53c9e2bd7c7e28ea5c498
torus.out0.05102.h5	9d09436d0e836d858715f7e15c5fa196
torus.out0.05103.h5	67b5889322b0e9e6f1997eee01a82c9c
torus.out0.05104.h5	406e8f8bbea1bb9e3189e791dc37e043
torus.out0.05105.h5	f08494f95beeebba67f8039d4c7589f5
torus.out0.05106.h5	192d0c659a644a1dc98c509cb7988e2f
torus.out0.05107.h5	593722acbfa523d2182effb900321d99
torus.out0.05108.h5	a9ccba117cc050e8dd048cee9d1ce429
torus.out0.05109.h5	52582ca3853a0ca4dbc0cf01b82be1d4
torus.out0.05110.h5	c60ca6830afc120b620e3d67b7c283cf
torus.out0.05111.h5	51cebd57d6c27352d6ce839faa2a82f1
torus.out0.05112.h5	4f505239ce11527a012fc6f448386b17
torus.out0.05113.h5	543a544b5917ddb62119d1613f7e3896
torus.out0.05114.h5	9087530f65e30479ceecc3324ca42c27
torus.out0.05115.h5	0b2de69b4a874073fc60607fde258507
torus.out0.05116.h5	0821ad687e8d1666a1b1d293192a7d63
torus.out0.05117.h5	0548457ca4e0bb86f1e00b2cf2c9c0d6
torus.out0.05118.h5	a5cf31a86a480931febe3debccb06706
torus.out0.05119.h5	9780bc18dfcf5dcfb00237097cbecd04
torus.out0.05120.h5	70364bc49c0e2165c39b0d04a8fc3532
torus.out0.05121.h5	3aceee336676e7d6b5e418e1756c777f
torus.out0.05122.h5	0b4bdf306ab2bc5e6126612d6dbf2807
torus.out0.05123.h5	6b48e6d1bd5f6b54ed1f862016b5602b
torus.out0.05124.h5	fde171beecd64584883d080796416d24
torus.out0.05125.h5	81c3a56aed44be5b8af86d63626d2536
torus.out0.05126.h5	a268ad6f2201ce2fe409dd7ceb07c22a
torus.out0.05127.h5	fd46e7a4738684c77a4bd62e29ba52a4
torus.out0.05128.h5	73376ab5612eea608b9febfd3cf6fbf6
torus.out0.05129.h5	dcc01233a231ae76c00ddecd81f75148
torus.out0.05130.h5	d69917ac6d38149f3d235d520466f815
torus.out0.05131.h5	54bb87a1cbaf9554e0e0335a1d5dd69f
torus.out0.05132.h5	6ffca3e818090ea8916a1e21ee7f1a30
torus.out0.05133.h5	7bf3ea49bbc5ccddc6b6968be02a41f0
torus.out0.05134.h5	6ca75f6cde6c6073651a3eaa8f527199
torus.out0.05135.h5	d102fc8ac3dee5067ca8e295f0603c04
torus.out0.05136.h5	3db6fd35981f027e8a68305aa1da8c19
torus.out0.05137.h5	5dd0d6e412a72b4848d4426ed0dd1eb7
torus.out0.05138.h5	cb0f742bd02cd5992bfc4c51743a2ceb
torus.out0.05139.h5	cfec508ba8d6ab50a8b96fb30ded1bcd
torus.out0.05140.h5	19bdd04c696bdb4c52afd1e727cf0dcc
torus.out0.05141.h5	deb516abee79e82500638c5b8a126e9c
torus.out0.05142.h5	073ba2c38c0a51b8e2d70a04f3187455
torus.out0.05143.h5	9016d5afecd5ef2e1762f3a35e0d846d
torus.out0.05144.h5	c3e4e9e1262fd31b327cb149348014ab
torus.out0.05145.h5	d9d23055afe78cb8bd19ab2e0cc484dc
torus.out0.05146.h5	254a0188d78e68caa472d0ccdd1f39c3
torus.out0.05147.h5	7a4de7b5246b7a8c0608c42e5c9169e1
torus.out0.05148.h5	201017d864b8ee18dca06e04dc8fed35
torus.out0.05149.h5	76ecb8ab2634915168e8b112828bc452
torus.out0.05150.h5	3c0ee05fcb30276f079b3cfbcdadf9de
torus.out0.05151.h5	9bcf2b9f5f484f5af94c4ba98118e606
torus.out0.05152.h5	1ad6030ae13ceefddf4d225eb5a5e6be
torus.out0.05153.h5	ec3509efdb9846c4a06007ad974d8acf
torus.out0.05154.h5	1f85d72730edf67aaf6d72a5d0f845ef
torus.out0.05155.h5	ee946c3ee930390dc7ed16ed0fcacea3
torus.out0.05156.h5	1175f47918e71f83f476f8dd0d84b3c2
torus.out0.05157.h5	e8ab4eaefcd5f05f30419d4fc92ea945
torus.out0.05158.h5	e17d4a2e61dfbe404ffe5696e3ae17bc
torus.out0.05159.h5	a315bb83cbeeeb029409facffd9e9445
torus.out0.05160.h5	4d8c1d8fafacfdd760974e717e71ae94
torus.out0.05161.h5	c466502c8890af4cfbeae61a7cc8256f
torus.out0.05162.h5	3caa4eb68fdf5961abb02b24076e2687
torus.out0.05163.h5	7b622000956e0e70584c8c838195b7e7
torus.out0.05164.h5	ca4b811541c2e6d97c9464ba511e550c
torus.out0.05165.h5	519f6ef192ba0a2d037507f9f6a7215c
torus.out0.05166.h5	9598069864bb73d2ad64fd30ca2f8ebc
torus.out0.05167.h5	b4bb623b98d40eb510c00268251c8f2e
torus.out0.05168.h5	09428bcb9cc5cd3f763e4871e0b63709
torus.out0.05169.h5	5f4668413991317b2abe2f9394af6c50
torus.out0.05170.h5	d76b61d7e8d00590bda46d43b2df1ad4
torus.out0.05171.h5	4afc069e2c9d737d8bded0928823b754
torus.out0.05172.h5	029f757d04fdbaabbd98063c3aa58f9e
torus.out0.05173.h5	58d968620895582399b56839dead7c32
torus.out0.05174.h5	a0b4744c7ef5657d76e11b6d6035039b
torus.out0.05175.h5	b4805f3ca616f446bba7e3760574f5e2
torus.out0.05176.h5	0ca30ecb84655f64ad95bdf16e409e14
torus.out0.05177.h5	ec8e560065bf34a445e895b7bbcfa645
torus.out0.05178.h5	cd2108bb06f41f84933c71fad237650d
torus.out0.05179.h5	a817a649b7e98691445009cfd9446e49
torus.out0.05180.h5	9238549d9dbdc9b4ac5901e286ae00f8
torus.out0.05181.h5	23971cbc139ca0d5cde5b7adec92d006
torus.out0.05182.h5	2ca72c743a45bfc8fbc7609f98f2de13
torus.out0.05183.h5	1fb92881aac3001d0b98140ee86f9669
torus.out0.05184.h5	d86193da4f526ef62c66f5fc92aa689e
torus.out0.05185.h5	63d9a6df4e62325d154b9e54e59d90f0
torus.out0.05186.h5	f6f7fa209d5cbae375a32bd1035920bb
torus.out0.05187.h5	7024dc3f8f97c7bd7f62618b4b0dc1bf
torus.out0.05188.h5	84a23105ba773b95fef553f0c9f2d128
torus.out0.05189.h5	5b81da2cd4816db55c1a764c664d367c
torus.out0.05190.h5	dd6c47f11408b30e082b2750f7015538
torus.out0.05191.h5	888750abc008b256c6d8c96e33ef9dea
torus.out0.05192.h5	1f036e30c6de663fb4f921088068c8ba
torus.out0.05193.h5	fe26dabdf5d6089df7a8708882cfe6c8
torus.out0.05194.h5	918ca2193c9ff94bcc7b6080de8cbaba
torus.out0.05195.h5	cdaaf98b559470ba5011b0dd18575411
torus.out0.05196.h5	fce59b6cc70bec9e8b3543bd075c7fe0
torus.out0.05197.h5	f7339fc1318256971ae6f24368855c1d
torus.out0.05198.h5	7733f97071a508fc9c4506c017ef49ea
torus.out0.05199.h5	ef2f9545ea751a6fafa910a250694f9a
torus.out0.05200.h5	3c35df4534cc0f1fe5115ca6d6d9a9da
torus.out0.05201.h5	a11bb8b6cc5942a058cbd676b25481cb
torus.out0.05202.h5	d523449f052b447913b2099f6d7ab3af
torus.out0.05203.h5	58cd29f60d627a506b7a01b696803030
torus.out0.05204.h5	5e6e14de5206a6a9be21ab8170ffe35d
torus.out0.05205.h5	d978e6f23f123f9843a511a05a164981
torus.out0.05206.h5	666e5da88360d0b47cc251190075d5dc
torus.out0.05207.h5	afc5cea84349d48fc41a2477b06b80e9
torus.out0.05208.h5	649ab14adc86396a842b71b086dea72b
torus.out0.05209.h5	941e07e9bfd20a2179247b5107318a3d
torus.out0.05210.h5	32d91c0c9bb65a4602f96485dc7eebc5
torus.out0.05211.h5	0e999fe9d5d01c81b477ef9c0b34574e
torus.out0.05212.h5	9b942de921004068062b878663703ba2
torus.out0.05213.h5	fd53fb5d3cba007b6a40e812a7e78ae7
torus.out0.05214.h5	b5d3072233e4e0b31315dd2156dd8bb5
torus.out0.05215.h5	d2a44d903a8250818fec55b3bf314c53
torus.out0.05216.h5	4519291b354feaf12141432f7aebf981
torus.out0.05217.h5	bf373ab3a4fa5cb5b73b520bca6bb9e4
torus.out0.05218.h5	b31be79779ac63975b81ac21f58257b2
torus.out0.05219.h5	c5edf2ca98f1afe5d1f977a898ff99b3
torus.out0.05220.h5	ad2fb0dc246ad851958eb95949f12720
torus.out0.05221.h5	26feddf1ff2f583800a7e8392179784e
torus.out0.05222.h5	65bff2da5406dd784334b4fb2f412604
torus.out0.05223.h5	7c5f4d20c1b20139199fb820f23da246
torus.out0.05224.h5	eef2f3649bf785922d184f4e710f9e7c
torus.out0.05225.h5	3fbf444e2c963961c1caf76765580cb8
torus.out0.05226.h5	9d779c254282bf335ea94f39222575db
torus.out0.05227.h5	a5e9d75ef36a88323c3c929a9b773ee9
torus.out0.05228.h5	8fdfe33af0683ea0a0dadb84c6d93e9d
torus.out0.05229.h5	519ced1acfed64129e9de29555dc69b5
torus.out0.05230.h5	7fb65cf6b85276d8d2d16ed4559f9469
torus.out0.05231.h5	0b4e84cf06cc4afd2b050b670d2bf94f
torus.out0.05232.h5	bc39fab2db3b218bd146329d606406eb
torus.out0.05233.h5	63bd5293745c15ca4291457b5b73ce3e
torus.out0.05234.h5	a4a28f8808a9b522f8d09d2b769c7fe3
torus.out0.05235.h5	2bd882b72981c64951498bf6a41fc658
torus.out0.05236.h5	3cb4f94962f54d5fa0cff35e3ca829d7
torus.out0.05237.h5	75aae0bba35da28ba01b97d1ff6d16af
torus.out0.05238.h5	7fa43950c40aac28c97e7bbbb5a13a54
torus.out0.05239.h5	0f6ba972c12974088af9353fd2e54c92
torus.out0.05240.h5	ec3cfece8f7cf3b87632d4834465f402
torus.out0.05241.h5	4f65789797a599ada9d53a93844ede96
torus.out0.05242.h5	d625bc4a126f6bd47c05f497959a61e6
torus.out0.05243.h5	b5edc6eb5fa3b17b4a9055f6d603dcf9
torus.out0.05244.h5	2db28819b16570c4650711904a915aa0
torus.out0.05245.h5	1180cbc78cb6cce8aba4107866dbe9ce
torus.out0.05246.h5	3c51eaca0e28f68ae2e8bcf710fdccc4
torus.out0.05247.h5	c950c306be7a9abf5584a5c010e0ac21
torus.out0.05248.h5	bf293af23684dc79972a36b98951bce3
torus.out0.05249.h5	ce8a75f7d0e28ce5d405049a0272b8a5
torus.out0.05250.h5	e71253ad695372a5d3589174d850647c
torus.out0.05251.h5	b78d80a1a7cc9eac1c04d0cb606dab06
torus.out0.05252.h5	b2747d7068ec24c3d553e80aaa389f3d
torus.out0.05253.h5	0d0db4c1b5e6dcfb2420d8f4f75151f2
torus.out0.05254.h5	59e54419e1121acf704b1058e8e1c497
torus.out0.05255.h5	497134d7e4d7c35fa9bf629d4a22509a
torus.out0.05256.h5	97ba7659a174ce0fbd54d6b1502bca0e
torus.out0.05257.h5	bf4a11e8af51605c34354e702807c696
torus.out0.05258.h5	18cbe765acbb1d43b628406e584ea0fc
torus.out0.05259.h5	447b9412e60210b9f0b34efab420bafb
torus.out0.05260.h5	b01075a36f536a7225d894cca7972db4
torus.out0.05261.h5	cef1fae3f4991c8c23ea21e03ed9d78b
torus.out0.05262.h5	3ff9334175acd7585e7f3f1761ed429f
torus.out0.05263.h5	b9b0e1be45b26cc25ae1482048721df6
torus.out0.05264.h5	9268c7130cd16e541b336f332d45f16f
torus.out0.05265.h5	ecba60ed26e6a5246a81a81b69b1a07d
torus.out0.05266.h5	026e0be3b669dea6d69e986d1a9fbf22
torus.out0.05267.h5	d70f2887f99b2f2071e18745aa422653
torus.out0.05268.h5	b1208b5c3e01f7b2c2d6a9b40880b6ab
torus.out0.05269.h5	bfde1a8aee59ff292f15dfe4be52f5dc
torus.out0.05270.h5	1a8359ac60458c106247ce9b41d8f642
torus.out0.05271.h5	29e76c87bcef2ef0dfe6980d1df0105a
torus.out0.05272.h5	1c07aee8516ce718f0d22789eecacd9e
torus.out0.05273.h5	db73e9e065ca85423b365cf8ff2b4c8e
torus.out0.05274.h5	e0d776aa5d24044a739a1ef9c61fc62c
torus.out0.05275.h5	b3efaa425e71154d0fab71a2c5059ccc
torus.out0.05276.h5	037d2e2c5ca9bac503abacb04eec4e22
torus.out0.05277.h5	d2b069164af317fa1c2ad2f8f0a939d5
torus.out0.05278.h5	c648aa7f35c967c31e9e5b027fd14942
torus.out0.05279.h5	fa75c4155507a344585e42887ba6aa22
torus.out0.05280.h5	4695069020957073321ea3616ad78f0f
torus.out0.05281.h5	2441b18b3de3246b75b226b29e331664
torus.out0.05282.h5	e41a431588f34605c5bfb1181caac2c6
torus.out0.05283.h5	c820cdb94ea76d49c6123b26856f39b9
torus.out0.05284.h5	5c5495d8a3f002ca5054624cd389e3f5
torus.out0.05285.h5	86a3ced57239f5059dfd20ac85a7b1f7
torus.out0.05286.h5	4a0fb21d417ec97befcfc8cdc11c80e3
torus.out0.05287.h5	adc91f2b92b78c1d6d922975fb84601d
torus.out0.05288.h5	e62f959d8908a9ad04c08cfc18e67863
torus.out0.05289.h5	1dfe146686e2772fc983e83eee2bda01
torus.out0.05290.h5	866ce11ebe9a8031f2c4b98e74e32c28
torus.out0.05291.h5	f952dcb12e4e2c31c1599d74065126a2
torus.out0.05292.h5	cbd28e1b5bc72d9b79d012cd15b9ff73
torus.out0.05293.h5	5e96af9abf68c2bd40acbad08519934d
torus.out0.05294.h5	2ffffc8483b48101296fdce59874f9a6
torus.out0.05295.h5	063fa03f329e9b4622b0fab87f37e74d
torus.out0.05296.h5	0e118fb087b85fcfcf0ef1edc071684f
torus.out0.05297.h5	3e073031723b6c53af0a9695a15b2f8d
torus.out0.05298.h5	5dfe6a1fdef36fbd7d594183e873757a
torus.out0.05299.h5	d323d915a393c0b9f68fce33db34181d
torus.out0.05300.h5	1bf7ef753020600f1965b7e679e7a064
torus.out0.05301.h5	27ed65b188005eca02d5e9491d43a1cb
torus.out0.05302.h5	5805e0c2ef6effac967800c522f9192b
torus.out0.05303.h5	292a82b23679aa3992f806ceba9454a6
torus.out0.05304.h5	398f438499b4d000100bc64428f3843b
torus.out0.05305.h5	d72e23f6ff952e37817641ebb8f20de3
torus.out0.05306.h5	386928c4ab6955104e475b65b4e9f26d
torus.out0.05307.h5	50a941dc47de8bcc2ee429502ac344a0
torus.out0.05308.h5	80e024253e203e40711687741434ffa4
torus.out0.05309.h5	a64f4808bac9e6e3b30bfd9dca00fb32
torus.out0.05310.h5	70ba92025ea6c861cd7b398bb78d7d67
torus.out0.05311.h5	fb214875f320fe17657d89dcd8ed0e8c
torus.out0.05312.h5	f32b6636d54aef7df85aa5d10f05d98c
torus.out0.05313.h5	1e7b420a474a7a7881f0148795037895
torus.out0.05314.h5	854461a97ac810a3456571c66e724de2
torus.out0.05315.h5	fb86b2c607f492a55553eb078fbd97d5
torus.out0.05316.h5	ae979d3e52dcb57e5954dc2b3e8b5ad1
torus.out0.05317.h5	2b88e1b36748a4bfd35bef343c4e0493
torus.out0.05318.h5	85e46bb032ea7d0148aa0497afc14885
torus.out0.05319.h5	f41b3fac85840c8d9b6f3a1ddd547386
torus.out0.05320.h5	fb5c3e9a750062a6bb18bd8901e3eaf9
torus.out0.05321.h5	8f4e3857e355bc2bb820d41613b36407
torus.out0.05322.h5	167af2a5e87463704efd45ccf76905dd
torus.out0.05323.h5	08a79a82848d0708842da1b357500e3b
torus.out0.05324.h5	7a4f1108e538d52bf01e41fb561fc1c4
torus.out0.05325.h5	fe28643b2328ffa020feec34690a9dd7
torus.out0.05326.h5	2a73e424e84de5d6bedad101ebd87e8d
torus.out0.05327.h5	f4fa260c89ad9312650ebfe062e3f6f0
torus.out0.05328.h5	924d7f005b1ad0477517a4d24f6b6c8c
torus.out0.05329.h5	6daec6e136d2453faf18f22a9d987b15
torus.out0.05330.h5	81bcf6c5a928c64d3d7f6ce0f03acd6f
torus.out0.05331.h5	21fa2d815544771710d3495122b6d6f6
torus.out0.05332.h5	cf48061f87bb0673765f413558af7a84
torus.out0.05333.h5	d53af2bb59e6ef3dd180b83ee06b68a3
torus.out0.05334.h5	99db9185e822a847484bb52bc4e85fb1
torus.out0.05335.h5	9bbd9a54582f35bf8eb95d34d1a75d9c
torus.out0.05336.h5	f89c9635b82b53a240d6f3e87a1dffc0
torus.out0.05337.h5	79653a240e78aa243b746da451592847
torus.out0.05338.h5	60f007481e7ef8842520f87a6853723d
torus.out0.05339.h5	838584acf89dc8eee02925f06cf874b6
torus.out0.05340.h5	fae8bc61af1661012969f663be62506d
torus.out0.05341.h5	3c08929ece75a4cf7c976f3b331064ee
torus.out0.05342.h5	d3aff985235a8d96aca4b7a24a92125e
torus.out0.05343.h5	db55ec422a8b08b6aa90a60536a356be
torus.out0.05344.h5	27775660ab624b1cd7d98767b2e8349f
torus.out0.05345.h5	ba228f1ce6b13769f6ce9e928a15130b
torus.out0.05346.h5	3a23a3600f26b7a14d9c6520446271e0
torus.out0.05347.h5	b3d043460eabe1a9e8fd028b812d40a1
torus.out0.05348.h5	d56a2ffe18218d2f48c182df3851592f
torus.out0.05349.h5	109aec538903b71d4ee4e8d975e9b84c
torus.out0.05350.h5	8538b286e16ba292e6f9ee6aa0c1bf50
torus.out0.05351.h5	7d5736286640400c9735bc8d4b630ca1
torus.out0.05352.h5	83fa4a017a2be37a146bf82f350b0038
torus.out0.05353.h5	e84e3220af0a0cfe64c429a743491613
torus.out0.05354.h5	7c92a6d66238d8a4acb809ae0fa4c797
torus.out0.05355.h5	38c5417e9bbb5f117f1b13ea46544209
torus.out0.05356.h5	7d84673be2e69a028e688cb36ea844fb
torus.out0.05357.h5	da2d9be3b3870ab81f2f4785f9fc4868
torus.out0.05358.h5	0676dbe828cb965fa1d2db1ef40bc200
torus.out0.05359.h5	38f509f1e8b685b5dc653210a47b2e05
torus.out0.05360.h5	212c819e0bdc6a00d8bfe8dbff5f4be8
torus.out0.05361.h5	88a34cfc74acedcaeab91965f7cec963
torus.out0.05362.h5	3ccd3e955134494eda42b80e30fccdf2
torus.out0.05363.h5	96b1a56c783f42cc6952aa8974879406
torus.out0.05364.h5	3b2b1b87293700687b93fd3bd4a72bcc
torus.out0.05365.h5	129e1b2c5b80b713d5d65894c4e7ad39
torus.out0.05366.h5	dee3486a6a23bbb1c95a213e54a8a273
torus.out0.05367.h5	d19f1631ecfe067a2d25f638735983d7
torus.out0.05368.h5	6245ae3f655ae2becddc35f177b4b564
torus.out0.05369.h5	3b4253756ae30ee2d56a5cf93a82b5db
torus.out0.05370.h5	17cebdbc49f731211f917c565e2c7b1d
torus.out0.05371.h5	e3c92e2d5af00014178fc73b0e4d2167
torus.out0.05372.h5	2f4725fd01e169b738dc1a5ec87daf4a
torus.out0.05373.h5	bd1e4ed82f21b64bec680379a21b2e14
torus.out0.05374.h5	1dbe3d2803a38ed3b8726532d5f0df04
torus.out0.05375.h5	1218f71c418c59e1c85d581b99a5e5cc
torus.out0.05376.h5	ace0919b220f78a570b6868540e96972
torus.out0.05377.h5	9ee7278caaff2151e816adada620df62
torus.out0.05378.h5	86df8ee6c7c289f503fa086c78254972
torus.out0.05379.h5	e508d8f808595181fdab69f516a30a1e
torus.out0.05380.h5	a6575b795256ba33d7ac0af3f0717af1
torus.out0.05381.h5	eec838648210ec4cd8601a56cd85b51c
torus.out0.05382.h5	17c6f6796b2ba65c3208ccfde7235af8
torus.out0.05383.h5	e757f85261c56c5c22866d2c4539262e
torus.out0.05384.h5	fd8db54fe66457473570d87fd6b79ead
torus.out0.05385.h5	4e032420ca93f47620154d096f064261
torus.out0.05386.h5	3d9b68f5dabe2dae3d6b2dcfa8e1304f
torus.out0.05387.h5	491f44f1fb62058a8a52ca3157463259
torus.out0.05388.h5	213bf86c3fab5ddc49fc48bb93d36ac7
torus.out0.05389.h5	01b6e05fd8f783270b2925dd1d8b96dd
torus.out0.05390.h5	f07d3a28eb6a1d20a255d3fa8fbbf1cd
torus.out0.05391.h5	5f2de86e3036c100921248b834ec6b99
torus.out0.05392.h5	127230766dac305f467e7736e056a5b3
torus.out0.05393.h5	0f38489bc92f9d7d82aaad72f66b51ef
torus.out0.05394.h5	63e22b6339324365b2ccc60880464610
torus.out0.05395.h5	67ea780e51a3e1be85cb93d353a2d307
torus.out0.05396.h5	9c7a17bd268ed1cbda38a90bf57d2f3b
torus.out0.05397.h5	3b6a382da5a735db5ac9f2d49eeacb28
torus.out0.05398.h5	ba29fc3a0ed9e519bf9f13054569f8c1
torus.out0.05399.h5	b90b5e9bf3e9e214e39f9eb3caca2924
torus.out0.05400.h5	0de05c29003d1678fce66a8f34f8ae44
torus.out0.05401.h5	e1cbb82a196ebf00d131491de07aecb0
torus.out0.05402.h5	b0c795b8fb8c1161226641c027303426
torus.out0.05403.h5	2e06f7398f6a1fdfdf9b22398e46ac41
torus.out0.05404.h5	a34f92519a00e6caffaa8a3ef2ef1c17
torus.out0.05405.h5	3a881270a75e53a7e1318c6ae5a04e0c
torus.out0.05406.h5	afd76a0ca767bdf4a5d35be3e5a33a19
torus.out0.05407.h5	f8a8d93e7ddb289a64444d27408e6d0d
torus.out0.05408.h5	1a867c31e96c6ad5767ce8304d19a252
torus.out0.05409.h5	7eec8e6d3bc3eca207594715199c1fd5
torus.out0.05410.h5	7ab25801828c414ecb64afc24aef190e
torus.out0.05411.h5	ba012fb719ba6b2fb0d6574bf7593310
torus.out0.05412.h5	960171e2deb7ac310d28cdfb370ef4ed
torus.out0.05413.h5	c8ff79b34600dae074bacee58ef9df36
torus.out0.05414.h5	feacae8df222d43961c54f91b89ff5dd
torus.out0.05415.h5	cb61af1f4cf34ac4bc35e2d6c89f8b17
torus.out0.05416.h5	70c563db8e072cef85859cd23efed8af
torus.out0.05417.h5	61efb51b85034c42648b9b11e9709f86
torus.out0.05418.h5	08dcfe303949dfc2d6ca27877d81cc3f
torus.out0.05419.h5	17d8eedbdc0c3007b5e1fcda25c2e711
torus.out0.05420.h5	0d6a82cca333b86aec3945146b87f509
torus.out0.05421.h5	eeb7c603fe4c42218fff1af6d61eb856
torus.out0.05422.h5	d8a9d334fac49664db6b6ca5776c07cf
torus.out0.05423.h5	826ae7eabb63274ac199a767967e0b54
torus.out0.05424.h5	3cd8f5206d838250c1a16151ec503c74
torus.out0.05425.h5	aa68f3522ee09f35e66834d745292431
torus.out0.05426.h5	3203d87dff7090d2100394fb4d2bf919
torus.out0.05427.h5	2b52071159bc226ba0ee79939cd4b36b
torus.out0.05428.h5	9de4b9873d287fa43c7eaff7ecb14842
torus.out0.05429.h5	aa1ac0ffd8a6904d8b619f7340833ecb
torus.out0.05430.h5	c2753b81bbe9baf1e949e71b8b3e3e19
torus.out0.05431.h5	906650dbbd5f2cbac6b43a40c00ea9a4
torus.out0.05432.h5	f2cb6c73e6e88c81c6796e944b0bf8d5
torus.out0.05433.h5	bcac08fb7548cfa2a2a9c442e9afa213
torus.out0.05434.h5	4664c8a85214f9fead3d237f0b6a2a87
torus.out0.05435.h5	24823bac2f8fd45baca030936026b54b
torus.out0.05436.h5	686a8cc6b7d453a90a600d48979b8109
torus.out0.05437.h5	45649f39ccdbca84f34f95063d99d0b9
torus.out0.05438.h5	2d55762eeb9f6c1fd00938749cb58e46
torus.out0.05439.h5	31062bbcd5ec0939340a8ad050421635
torus.out0.05440.h5	7134cb6e855a375bd81623e2ef967afb
torus.out0.05441.h5	c3f30389fe88382d1e2a18cee547afa5
torus.out0.05442.h5	9823999c2310ea3b54e385d1d46d903e
torus.out0.05443.h5	cfc9c99428bbf27fc8671cce1f459cfe
torus.out0.05444.h5	bf07b218a3bf020587dc077baac11af4
torus.out0.05445.h5	45fa7ddb9e13ddc65c23fc671fe1908d
torus.out0.05446.h5	242dd819c5d7bbe21bbb72ec80654d64
torus.out0.05447.h5	ee170354263a431d2ddb881cc36c71d3
torus.out0.05448.h5	9ac78346ac17cb388c9e5c8dcf7efd14
torus.out0.05449.h5	31ae5f7f4436e93d3b24fc316da3ec3e
torus.out0.05450.h5	dc55fb2b4c121adc0d38161a7cf42436
torus.out0.05451.h5	560c187df2a6691716b1171ae618521d
torus.out0.05452.h5	be063e6eeb790dcfc9f7fb9193939330
torus.out0.05453.h5	376247e4b25def90e5cfa72fdd19c1bc
torus.out0.05454.h5	85ac9cf45d882bfcfe9db1466d2ca31f
torus.out0.05455.h5	d99d364a795cd7fe092139fcc72ec75f
torus.out0.05456.h5	3eff5101d6c9bf44dbeca16bc688437e
torus.out0.05457.h5	47c45502f8ab27d360b8fde3b31c6d1c
torus.out0.05458.h5	681b67033d213d3cfc47708fa3acafff
torus.out0.05459.h5	956446d93bb26b2e64e36f63151f71d3
torus.out0.05460.h5	4d0cfb6b6e6c1f7640dc664d3422bd47
torus.out0.05461.h5	32462acce4ff60e66fbc39708ab63e3d
torus.out0.05462.h5	d5bde4b224ccd64b26603e9e3df9adfd
torus.out0.05463.h5	a5286d314fe828c37fa2539e1262c717
torus.out0.05464.h5	8be110d2ebf6181769d59e14044d7a5c
torus.out0.05465.h5	1d07a9bb7e061ace9c187b7186cff43d
torus.out0.05466.h5	2763c49a271f586f60e83a09f06bbef5
torus.out0.05467.h5	2ccc4e2af243b45245921d93f0f6e93c
torus.out0.05468.h5	58893ea602d0d4b930e2694c57751b6f
torus.out0.05469.h5	4e3a51b7e25615b9a83340e9ec58950a
torus.out0.05470.h5	99deb5ad52569c3b566764de26e68abe
torus.out0.05471.h5	1361d42200b25dabcade015d8978dc41
torus.out0.05472.h5	b2a2e3c80c7174bf9dee08825cdc4b4e
torus.out0.05473.h5	5938bbdbe2b88b69936c4a99db0d0a25
torus.out0.05474.h5	7f14d369ed177aff1d7a603e02c4fead
torus.out0.05475.h5	a35ca59a458a81ba91be0cdd34994921
torus.out0.05476.h5	66a327e28e3893fc1729d9151bd47aab
torus.out0.05477.h5	03abc194f216f301d6f0a69828e0a83b
torus.out0.05478.h5	b4ecea9dd15b2b91c5d7375badb0a6cf
torus.out0.05479.h5	03c08e48e2c5cce1be8845147355bfe7
torus.out0.05480.h5	81e8246bfb452d315935db22b4a19352
torus.out0.05481.h5	e99ec322a806f7c969ae53fd54040512
torus.out0.05482.h5	3b410bf0e10a2ff8f94c4fd94f17ec31
torus.out0.05483.h5	475439a73590f4383cba3a5f01eca95f
torus.out0.05484.h5	22249aef40fd1bdd3b81e5bbb70e7b06
torus.out0.05485.h5	6e34090e8e9295269c9d85ddfe492096
torus.out0.05486.h5	f7b6eb6f5d3a002861c1fc9797be2815
torus.out0.05487.h5	0bc0c3f5d21b3288ea3709420231f7a0
torus.out0.05488.h5	f48716ab0ba4e14be873dcb1635c5ab1
torus.out0.05489.h5	44e064db6745bf2337dbdc938b0e1418
torus.out0.05490.h5	47eb59fdf21ac646f1936784e585eea2
torus.out0.05491.h5	3e7dafa122855a774d29c013492237e4
torus.out0.05492.h5	4e1ff78d53db72a2b3eb617a296b447c
torus.out0.05493.h5	d7cd4c28fe211001de620a23339482f9
torus.out0.05494.h5	4b1c6864b849f3b2a655108d82f8e2d3
torus.out0.05495.h5	febd9e381dac8e4c222bc0860e434263
torus.out0.05496.h5	4d07f7533f127dc167aef9863f12ff0c
torus.out0.05497.h5	4e2f2a1c62ead2d30c4ec09da6a8bcb4
torus.out0.05498.h5	a0c0e8cfa480c9bf9e9e87d1194bb010
torus.out0.05499.h5	bba6dda1d0df7a0cbc9b14622ee4930b
torus.out0.05500.h5	6fb4395669a6d7eadfa86d8874a5cc32
torus.out0.05501.h5	3269ca14beb9b000c62b2f7c1b411862
torus.out0.05502.h5	8af2653e26e5eb7b6119259060ef528b
torus.out0.05503.h5	ec7cfa06922ac6a00ebead669289ea7f
torus.out0.05504.h5	fa43ce965161a9c001a23d3f1f693ee7
torus.out0.05505.h5	63784bf0d0631fda937dfaffd57eefe7
torus.out0.05506.h5	fcd39d7730c7adabb3f9009e199c42ba
torus.out0.05507.h5	4a2dd290e52f9302d6b2b2acde6e65fd
torus.out0.05508.h5	0ea4f8c13361d31b58e76bff4fd9d591
torus.out0.05509.h5	34d6838a3cffca1ae5f42aad54bee7d3
torus.out0.05510.h5	02b7364b802dd92bc7b6bf9e6556b35d
torus.out0.05511.h5	31417067697933f4f489079be6232c71
torus.out0.05512.h5	6ea059dd1b160366ccae503e5d1578e8
torus.out0.05513.h5	51cb8c9f722d27b0b4de79e3833057df
torus.out0.05514.h5	165afbb23d7bb692d6352264db040eda
torus.out0.05515.h5	33c3e292d9fd8e658e5f5385ecfa65a1
torus.out0.05516.h5	f9ecb2f380e786f6b74dcf1827604e41
torus.out0.05517.h5	f14e9fc5340786ce0be5a36ce886aeea
torus.out0.05518.h5	b20b44b45bd4812540a059b7dde8707b
torus.out0.05519.h5	d16cf009c6ea203616f21f0d4af1f625
torus.out0.05520.h5	aa1af7f1ae3dd972f9562ad6fe75dcda
torus.out0.05521.h5	5ae59846fea92aa026b9762a591af2e3
torus.out0.05522.h5	028d59bfedaf2cfb073cfb4037af1d9b
torus.out0.05523.h5	9523df68ecd0f86c29fe18b46c83f51c
torus.out0.05524.h5	277f3ba6c3701e5482928c3e66c25f06
torus.out0.05525.h5	b390982e3e287c901812bd331acb775f
torus.out0.05526.h5	ff559e7c8c95a27052d9b0e950571612
torus.out0.05527.h5	0410d8fb66860d653ee58ad52835ec0d
torus.out0.05528.h5	068cb60003e94a25b860f91305234ae8
torus.out0.05529.h5	e484dd1c1e94961c43462557e339e8c8
torus.out0.05530.h5	8d3309e65e2e4198ab92ea4134c56a1f
torus.out0.05531.h5	cf3af79d9ea1e58eff02a3b99487e737
torus.out0.05532.h5	b25938d8e2828d7898cc16cb17a3feee
torus.out0.05533.h5	9311f04efcd24b53b97ecca01139fb2c
torus.out0.05534.h5	a4d49287d362d266d969b8655e7f916d
torus.out0.05535.h5	e5e7cf4633f4e2453bc36897cbebee40
torus.out0.05536.h5	751aafb347e5f34b989be537421e0bf5
torus.out0.05537.h5	c1f3d62dff37c98a5bcad14c57e14e1e
torus.out0.05538.h5	b63d7db2288629a8066efb1df9698742
torus.out0.05539.h5	2c871738964087a59af2b317d159efe3
torus.out0.05540.h5	92b594996270b6f1eecaaa5917c79b5c
torus.out0.05541.h5	7bafb850878b5dbd2cfea7f903b9b1e9
torus.out0.05542.h5	6f51f4bdec7ee65f51535ad06a51e6cb
torus.out0.05543.h5	c7965399567798cee387ac2dd636e90d
torus.out0.05544.h5	bf6d69940d9a2fd34232cc9ffeda32e0
torus.out0.05545.h5	c526ecd2b7cf53de2d7530a15fb1e2c5
torus.out0.05546.h5	371df5cd6e78731ae3b7fd133005547f
torus.out0.05547.h5	7b601455cf69b968179cda118f62dfaf
torus.out0.05548.h5	6fc72e288218f7a1d20e2db48f98a74e
torus.out0.05549.h5	277de5dd8139478051d3d0ad012b344a
torus.out0.05550.h5	5224c596a13e8c7499949dcab21c96fc
torus.out0.05551.h5	ea0bc8bea409c80b057748cf5aa30221
torus.out0.05552.h5	10d165d7e80144c519e52f2e59d00544
torus.out0.05553.h5	99133e40f89159b558e92a518f03bd0f
torus.out0.05554.h5	8a52c3ca3375c5f7815c732d5655cfa1
torus.out0.05555.h5	ade80687aeb5f47d9a8e167d94211ca0
torus.out0.05556.h5	a7d8653857c9cba55e18ab34dd514758
torus.out0.05557.h5	2f75607fe6dffcd76748c5695d4cd24e
torus.out0.05558.h5	edf2a197c92cdf416b113d4bd57e2f48
torus.out0.05559.h5	f4c6376fd3ef913039153ee2de77b6f8
torus.out0.05560.h5	bd76bac93df357730d1884f4303e39b7
torus.out0.05561.h5	f440c8b7778bd59086ee5652ea07ffb2
torus.out0.05562.h5	0665d0e5acf2d689e88dc1669edc6e76
torus.out0.05563.h5	75a006f44dc7443ea74902290093e16a
torus.out0.05564.h5	17a395baffa1e42a63dddc8ceb15f079
torus.out0.05565.h5	6b40044711a0da744fe5167bd32b9992
torus.out0.05566.h5	66aa84fbe6802059c4462143691a68ad
torus.out0.05567.h5	0e01b2dd0b414d3aea07ae24a5550a87
torus.out0.05568.h5	534c921e6f055bca375f94822b365a4c
torus.out0.05569.h5	68daf053d172bdcfacfeaf813ae6e03b
torus.out0.05570.h5	1de38956aa324efc211c3b272542480b
torus.out0.05571.h5	58e5dc60bb7ca434d3fc393860539544
torus.out0.05572.h5	86c800cb1e7cab4c9821f2bab9c652b9
torus.out0.05573.h5	11638828b2df92ed7502991464283955
torus.out0.05574.h5	2ae19ed3b3f6dde0e95440e7f0ab2b5b
torus.out0.05575.h5	09743990ec9cec2aaa341ca7ba529b3a
torus.out0.05576.h5	605b1bdf1ebcf09338d22f808d354d8b
torus.out0.05577.h5	83aa55f7d54b467ce3682afb553c70ec
torus.out0.05578.h5	68cbdb192716790f2190d29602b95010
torus.out0.05579.h5	0d34c751ca32a5855e3cd4de2fc1ca6c
torus.out0.05580.h5	12a5634eefcfa5c394377859498bd2bb
torus.out0.05581.h5	25b616ea5f9dc74a9d6c39a587305bc9
torus.out0.05582.h5	332513d8d2e67d09e79e5e1ffa5356fc
torus.out0.05583.h5	07d4e841d7ee00ba13612135b3a85c23
torus.out0.05584.h5	ce4ee2497209a3c5cc9f9f3189e7435b
torus.out0.05585.h5	1f5efe58bc7268dee739f937497ee9dd
torus.out0.05586.h5	fd8238179569fded06337bf6037a4250
torus.out0.05587.h5	c1e103e37fd2f421eb1521695ab89440
torus.out0.05588.h5	88d429f8822ad2e1f33028cc44298e25
torus.out0.05589.h5	c8576059c1acb3c0abd54cdcc1605996
torus.out0.05590.h5	9df634a32c580e80deffadebbd0a1007
torus.out0.05591.h5	202c17d4b4ee5e8471859f2bdebbf639
torus.out0.05592.h5	4b2c119db57a345e50b0dc0ccd0d0938
torus.out0.05593.h5	a10a6d9aaff2ad8630f43ec5866f2668
torus.out0.05594.h5	151df283e09efdbd33ed7f15df36aa0d
torus.out0.05595.h5	91f81037e4015f115e189502689126f3
torus.out0.05596.h5	69b6f29a49f473e91d28bc6b358c3603
torus.out0.05597.h5	1ecfb2fffa3ade8b66cd604e1f7e2261
torus.out0.05598.h5	dbb638c5d3954ccdb724cbe10466eece
torus.out0.05599.h5	d239856065d6d41f9833965120a1afb9
torus.out0.05600.h5	e89f8e9667c39c1cd76c941385cddc3a
torus.out0.05601.h5	2a30b9eed2765614683cc264127ef359
torus.out0.05602.h5	27fede6be3815a3480ef5c040cbb1a17
torus.out0.05603.h5	a1a146ca6ab8d1f21a1697bf11f20c04
torus.out0.05604.h5	f8d1e03143775729579a6572a87e6f83
torus.out0.05605.h5	55f52dfcb9bb5da04fb60661c31e742c
torus.out0.05606.h5	1afd225a4f08b5886cd62369473fb7e8
torus.out0.05607.h5	863f0ff7d2cee9238ecf98d911f43f2d
torus.out0.05608.h5	651da2a0c7ad40c66c90d3a2bb9c334b
torus.out0.05609.h5	f45f66d8f04857cc8b27b5b5cac00949
torus.out0.05610.h5	b0d1df6b290beddb68b2c0864445a4c5
torus.out0.05611.h5	92643fd0f776a50d1a9e9df50b04c95e
torus.out0.05612.h5	9ed12b1d7a08501884ea23884d894a1b
torus.out0.05613.h5	179902b4e31ac761115e459fc83b4a60
torus.out0.05614.h5	254904edf255574a924602611e9cc4ab
torus.out0.05615.h5	339dd114b66ad2c33518d12758b0ac92
torus.out0.05616.h5	0f4d60820a253e247b607978e85745c9
torus.out0.05617.h5	6539628306eb3893fb9463e66dc9ab8a
torus.out0.05618.h5	6d0119be4ed994ff9ba6bccf10195fa5
torus.out0.05619.h5	32e7768c60cbfd5ee16f3e0716b1cd7a
torus.out0.05620.h5	9ac3b00b70b86451f0cf7a5a6cdc6d60
torus.out0.05621.h5	8b024a233054bfc30d7f5cbdf1d9b76a
torus.out0.05622.h5	433c674160427c17373e53df7794a6b4
torus.out0.05623.h5	fbb58aba3b3f97e19528fff2a98c3d9c
torus.out0.05624.h5	3e0cd8529c06366aa845cd0cbcfc2864
torus.out0.05625.h5	0109c02fffeb0e08d6d11cab56afc5c7
torus.out0.05626.h5	58c8a5b238840c3256ee369ce5afaa50
torus.out0.05627.h5	17aea2379aa3655889aeb1d9f54c2db5
torus.out0.05628.h5	586e95a861ef22cfc4630c908b880e1f
torus.out0.05629.h5	b1223f022ac14844f56c255999ff9324
torus.out0.05630.h5	a0f96863e9b998436470310a65de65fe
torus.out0.05631.h5	2c29a7cba334a7b10c6d230cbc719e1c
torus.out0.05632.h5	121e394744e3355d6e8adfcb2e975cb8
torus.out0.05633.h5	9f377c6d62172cb2706173a279d0fd91
torus.out0.05634.h5	933bda429d17dc024b913a145442cb74
torus.out0.05635.h5	ecbd01c202e687690d4929103bdab221
torus.out0.05636.h5	b84d0e430eafe0016af367f963059fbd
torus.out0.05637.h5	16b570167161261ab82d8f4d395ce9bd
torus.out0.05638.h5	5864da692bc1a53a8e7087543f15d700
torus.out0.05639.h5	4360fb8e949ae2cc7582855f5cb99a17
torus.out0.05640.h5	c4b82ed07e31f8101a4ce524cc62e53a
torus.out0.05641.h5	901e1ad0d627b0b291dc7639593817a9
torus.out0.05642.h5	3d48bdb6cacce4d00deff89741cdcfe3
torus.out0.05643.h5	21455723d6ba787d5309285e00513430
torus.out0.05644.h5	d6a332570506cdcfdc9926928f06f84e
torus.out0.05645.h5	b8a4b5bb14dd7005c4ea098a73dbaac8
torus.out0.05646.h5	576b8870a4ad27bbe6fc5269624b2ac3
torus.out0.05647.h5	75c1b12572307db75757d3697349b4e3
torus.out0.05648.h5	a393cb5fe7cb7c661ba6589fc4a2ed94
torus.out0.05649.h5	47dfc9de7b5774a6fe2b5d38063feb63
torus.out0.05650.h5	2183cd0e27871873f67a3d86d44cea06
torus.out0.05651.h5	ea724ff57ba225541477f080ef2664a4
torus.out0.05652.h5	e5ef96c899a7c6dbef0d7f9bc7cf123d
torus.out0.05653.h5	f480826724fad843d9a05f133f0983a1
torus.out0.05654.h5	0952c9d7621b79ce72d0b6c6850035d9
torus.out0.05655.h5	25b02a9095109a651d5bbdbc06fd7ab2
torus.out0.05656.h5	9f92d5a40e7bf7c77084896baacf4aab
torus.out0.05657.h5	2783a113ffb04e97fb4eeaf7a90c3c9e
torus.out0.05658.h5	145bfdacbb93e9c688b8e1a38aa40db6
torus.out0.05659.h5	70679f1a13465e3547bd53bc26865f70
torus.out0.05660.h5	be1ad81635367adcd36730500a1dc9fb
torus.out0.05661.h5	4b3f87b356e5c946d5f123a06667915f
torus.out0.05662.h5	fb76f8213b2302d4a317ecbd0a47bf1a
torus.out0.05663.h5	3867091ee62cc954269009c44d4752f9
torus.out0.05664.h5	08b3f04f9335a1be9812ba7033c51c3c
torus.out0.05665.h5	5bdccd577f812f8e51eb26e9e3c805bc
torus.out0.05666.h5	096bab5c3a83eea4d60d556e1c4f99fb
torus.out0.05667.h5	deff1422c0baf9634f526b2ab9e98d58
torus.out0.05668.h5	58d9e48bedbdff00dc6a9165c31a398d
torus.out0.05669.h5	c130044b8acf931bf59a715ce14554b4
torus.out0.05670.h5	34adc17f234b7a55b341c7a9fa50851a
torus.out0.05671.h5	62606daa234d5f62a11ec4a30d78e575
torus.out0.05672.h5	a21fe43342ef031ebaa668bea98679a7
torus.out0.05673.h5	794e4c8b3750455a4b232b5b6d840aa1
torus.out0.05674.h5	a0c8fb169af0841bb03a3cb8998f093e
torus.out0.05675.h5	85f43d4bb5f6ce32724ccd074a299b97
torus.out0.05676.h5	41fc9438b473f1efa1395fa28e2008f9
torus.out0.05677.h5	62c2eb4c6374166ca038da59feee623a
torus.out0.05678.h5	c93e82dd2ab1238897e2e60f19932b7a
torus.out0.05679.h5	cc6ba603387d254e60c704d6638dd13d
torus.out0.05680.h5	ee07e7c90aac55518cb37a38bbf6eeb5
torus.out0.05681.h5	b4f140306592b95cdb113ecaef8dea33
torus.out0.05682.h5	9a16ef6070fd98456eb70e8a03fe9a2e
torus.out0.05683.h5	e61cd50ab7b5ff1c1beb5d6f15444f44
torus.out0.05684.h5	e0781db621821fc84593d90e3b9c3e98
torus.out0.05685.h5	e6c23ce48adacdce86b5756b0b72c02b
torus.out0.05686.h5	0886ccb58adbfddbdf216f7aaa7847d9
torus.out0.05687.h5	48f03068329c36ffc9cfce098d41607f
torus.out0.05688.h5	1f2a52d7cd75d4360ab9944f482e4989
torus.out0.05689.h5	6c766eaa1cb911ccfbe382751589f88e
torus.out0.05690.h5	0fe46d0473552f3e069fa4d2e3ff3f17
torus.out0.05691.h5	5db1ce5c5ad7c6774fe24f132bc60635
torus.out0.05692.h5	db0e67872e3f96581d8d5ce8c7d83a35
torus.out0.05693.h5	f4759f25691dc65d5d1c178f7b56092c
torus.out0.05694.h5	079fae4017b083604f9f202e1149906d
torus.out0.05695.h5	60f6eede995c2f100f96f71c0ef1713c
torus.out0.05696.h5	c33410e3f750003db713baac1e1adbea
torus.out0.05697.h5	e17f9dabee1562537f67cb19fed50f57
torus.out0.05698.h5	056d323f89222a7008189a908ca319f0
torus.out0.05699.h5	20442c36308b7893c3bf65334495ef8e
torus.out0.05700.h5	208486a07b3b7bee3cbd922b8c974da7
torus.out0.05701.h5	40319bd4fc74bf6fdc37297420d2ad91
torus.out0.05702.h5	7063b5d68fff8348a4c656c18b42d099
torus.out0.05703.h5	066ab9df188756edc4e86f1024a708dd
torus.out0.05704.h5	7df3c620388bfd5a5f761c503026391c
torus.out0.05705.h5	c68bb7e8455b6c274d3f621552e3cb1b
torus.out0.05706.h5	bc4894b7756a78f8383bd32b0ea0f401
torus.out0.05707.h5	770f87e30f45826392a3247b63d4f450
torus.out0.05708.h5	0abfcfb4e286cb3044d4af4449d4ef8a
torus.out0.05709.h5	63629fa13615121b38f4715e5e5c89b8
torus.out0.05710.h5	ffcd090afbccf272e061ddf90f2377af
torus.out0.05711.h5	9992ea5abd98d006243612987cb71738
torus.out0.05712.h5	518e89ebc09f33ebec45ed9ffd1acbc9
torus.out0.05713.h5	47fc6958f24af3f911215da55a760e3d
torus.out0.05714.h5	a3bf62c301ab0fab5155c0458e0c5843
torus.out0.05715.h5	2e0331a904e56d0110a946cd5504000a
torus.out0.05716.h5	0d877cee16ad385a09307a5a52ed5977
torus.out0.05717.h5	0cc6cfbaf6d35c96051fd6159796b39f
torus.out0.05718.h5	0077fd96f5df151d9058e75741a18b3d
torus.out0.05719.h5	9f93c59f2be3d7baaa2edf44916e2f48
torus.out0.05720.h5	f23cce40773adeba81b528e8170b957c
torus.out0.05721.h5	ba2ef38a5342dc0c7dab8b4e9ba1d1e4
torus.out0.05722.h5	21e40af1fff233874cc157da9b2f893c
torus.out0.05723.h5	cae7a2b4b5b1a4a23487414393f3c355
torus.out0.05724.h5	fb52d3374024f6557fea91c796e68414
torus.out0.05725.h5	a21930ad8e4399ded2beff9a28fc506f
torus.out0.05726.h5	5515a2476e6a6eef6a142c5529c76c67
torus.out0.05727.h5	b28fb95f91de0f6bad6bdd257a8a2cfc
torus.out0.05728.h5	6568ff43f315f24188f92585d2692682
torus.out0.05729.h5	03c96c478f341acc619bf5e9cb66dc0a
torus.out0.05730.h5	89a5b96ddb1426bb8b937d4f3df2304e
torus.out0.05731.h5	2c6900692f2af7ee40c81017917a8bcc
torus.out0.05732.h5	438dad92f15b39122f2560e459bb7312
torus.out0.05733.h5	e81c00a5e198b62796156cc9f02b5651
torus.out0.05734.h5	eae9198ca4a361f357df2f0fc054a1a6
torus.out0.05735.h5	1df51957c50f83bc6d454bc7b045d933
torus.out0.05736.h5	a402c0495334d296bf18259d4df657e9
torus.out0.05737.h5	cdf9d99eafb26356d57b47d18dabdd04
torus.out0.05738.h5	89cee839b0474a09cba889de3fa61275
torus.out0.05739.h5	71a472b4f969a50a6a32ce81eba6ed7d
torus.out0.05740.h5	30761f04893247368beaa42f21cc54e8
torus.out0.05741.h5	e0ef5827d1cadcd4cc9a2ba3af91eea1
torus.out0.05742.h5	cd54bbbbff7e4f652098a65ebc493939
torus.out0.05743.h5	42807eeed46cad0fab806e1685ff020f
torus.out0.05744.h5	c654a693937408e82311f9c2290ac7c2
torus.out0.05745.h5	2c9c406bd639becbeb453fc42b67d182
torus.out0.05746.h5	06950f1fb8c09088bd88b4c9ee6e3e93
torus.out0.05747.h5	e984f796249534115f772e627ba7993e
torus.out0.05748.h5	bc059b29e96198dbb9094531b0f07d88
torus.out0.05749.h5	5c274705c7ba0ac7044d8b8953b9003d
torus.out0.05750.h5	99b3b5284b5d4d2399fe4a7e5ca401d8
torus.out0.05751.h5	de4daa20f8182f4cea54ddcd57aa7870
torus.out0.05752.h5	2305209ffa0c98c13aef2f398d03683b
torus.out0.05753.h5	0348b85d81a7cf5c9baa4432b71e3c8e
torus.out0.05754.h5	ea3241326e0c66dcde4aea649c4de802
torus.out0.05755.h5	4a7553a51ebe56a7d3602950da83d10e
torus.out0.05756.h5	750477a6b8d1931d440d594db12df2da
torus.out0.05757.h5	bb88502118c669bbbe13857408512ac7
torus.out0.05758.h5	c678cb5c5908401b8a5d6ceea06c9087
torus.out0.05759.h5	402d236586a427dd77671fccf5158853
torus.out0.05760.h5	88bd59c90b046d55075c3e9444828de0
torus.out0.05761.h5	3619d1d767c720ed7d3cc8c686850f00
torus.out0.05762.h5	4d941c416af0e85c53e040c931352cdf
torus.out0.05763.h5	124f020d109c187ae355ec16adeee7d2
torus.out0.05764.h5	3fb4009185554364b66eb34158b7c75d
torus.out0.05765.h5	58e0019e5a6185c9cabdcf9ae11966bb
torus.out0.05766.h5	4d986c2cf8bc270a584cadb78f59b5a4
torus.out0.05767.h5	3e8ffcd1cd4788e7f693ff725042ce9f
torus.out0.05768.h5	4c142208dd1307d59ce3bd427c279e1d
torus.out0.05769.h5	610ac114792ad36490d012921161edb5
torus.out0.05770.h5	a6ebc043ee5e5f6bd63aa90cbc489b3a
torus.out0.05771.h5	8bec27f63952cab5e6159a45fc4255b6
torus.out0.05772.h5	8c1f2a31d7bbf890db6967065e13c3c3
torus.out0.05773.h5	38c17a8f678d504093fd6beae641b1b6
torus.out0.05774.h5	251b99fb8807d50c5c5aa100551e6b98
torus.out0.05775.h5	79203de78c33777c38534f0e0b32bc31
torus.out0.05776.h5	dd248a09ce8929c0c4a3157b674def25
torus.out0.05777.h5	3fc32b467e9221180e9ac66d10322b8e
torus.out0.05778.h5	e7ae0e5969bbea8a6486e0a3ecc8ece8
torus.out0.05779.h5	d2594c4e79753f210bbc442e37c55728
torus.out0.05780.h5	811969ef0a93e7dddcd47ad7bf4054ec
torus.out0.05781.h5	35515d0604e3250b09e81a49e8a449ef
torus.out0.05782.h5	ff304c1278ce37f8c3d3ce67d30821fe
torus.out0.05783.h5	8532104dc1170d0a854f392c63d7af72
torus.out0.05784.h5	1f6a4ebc7a083337cfa867dfb9738749
torus.out0.05785.h5	a3a2611ef6beb4fb3ee34c11a87dc2c0
torus.out0.05786.h5	18fe84f7c5665e330da6e6dd9d9d58d5
torus.out0.05787.h5	089367a95c52e1542a300e457c31888e
torus.out0.05788.h5	8f9cc3b6f4610361db3040aa02e6374b
torus.out0.05789.h5	499c2c683f0d0a397b0023e9cff387d6
torus.out0.05790.h5	090c6476528648e83e9c77738d182f5d
torus.out0.05791.h5	6fbb3f6d33d12776c52f5baa284e9e96
torus.out0.05792.h5	51ae3be7ac3b6f761c0088cae10e83d8
torus.out0.05793.h5	353cd35304899b51de668f2cecec50d4
torus.out0.05794.h5	529938010353f02ae20f03e9cffb0269
torus.out0.05795.h5	6d74dda0d39f7a7f269690fc611375e4
torus.out0.05796.h5	e494a3119dcb106ae52dd87ec8a38258
torus.out0.05797.h5	5de159740f0dd08d9bc1686fdb87959a
torus.out0.05798.h5	186064f418317e95303bbc45febad810
torus.out0.05799.h5	7f0660b60a4299a38a51d7d6ae968aa1
torus.out0.05800.h5	830558ff520d09513a127b2d9518367a
torus.out0.05801.h5	8b412df346ad72eafb34a320e79af315
torus.out0.05802.h5	0c990b7f04e51ec37dc1b0343a2b4b4d
torus.out0.05803.h5	5ef5e00d59f6c4c8ec32d1546cc7f161
torus.out0.05804.h5	5d91e67fe4c653670b7b8f9e768aaa73
torus.out0.05805.h5	388f1ab6375ee3c59ff77fbfa1a19dd3
torus.out0.05806.h5	794846015d4513438cb2b43a296a8300
torus.out0.05807.h5	59091b0c0a3474d3165c52af5f6773fa
torus.out0.05808.h5	ce029efefa62d0f1017c40a135675ccd
torus.out0.05809.h5	ec4f3adb8e1be61fff00840a90e2043c
torus.out0.05810.h5	19bd54a4bfdfff53e63a21c0e13b1cb2
torus.out0.05811.h5	c104fceea5d0e306252b9f588b20424d
torus.out0.05812.h5	ddcbae65174a2af83104404f4ef4069d
torus.out0.05813.h5	5f8504e3ce27b88f525dc792d89db19c
torus.out0.05814.h5	d19ad5045c04f974be98d3f83066fe5c
torus.out0.05815.h5	8b8cb34cb23c37d223a64446fe5c1614
torus.out0.05816.h5	e6c9f9a107fcde4916dac14baa9b5ef3
torus.out0.05817.h5	7ddbf5bc39323ea0582be526670d2fd7
torus.out0.05818.h5	c6eb039a76ae32f2d317a18ad2e88f5b
torus.out0.05819.h5	f318f96628d8a5b21e037bd983c17794
torus.out0.05820.h5	88ddcc83f31f9d8ca461f2e1e0106a8e
torus.out0.05821.h5	8639925dea434de09256ee6b7bf103e8
torus.out0.05822.h5	44ad0db2d0df3a07e44ced25213ae7ea
torus.out0.05823.h5	83e982fb63ace6efb9a5ad4a2bbe15e4
torus.out0.05824.h5	7b6ee43ef360e5de3dfdbf44dc44a4fa
torus.out0.05825.h5	6aa99d00cfe776e9653e1fa38d2005e1
torus.out0.05826.h5	647ad8b90dd750d4cb8439991b89dbda
torus.out0.05827.h5	811209cc44fd8cc95b2139f8381cade9
torus.out0.05828.h5	cfbb18841c927f7cf38ab5c2bcd86013
torus.out0.05829.h5	5eb0da47ba97ae41ad1a49653d1930e5
torus.out0.05830.h5	52745efd64e7894a9482e228fe98db68
torus.out0.05831.h5	c89d5661ca407810a0df44f74b41e545
torus.out0.05832.h5	f6c66f50dc341c1954027bf2e77a49f5
torus.out0.05833.h5	94b3c06a0cbc8aa2ae14369a49bfd53f
torus.out0.05834.h5	7f6c5b74d9b9b7fbd5eeb5b75a6fae4a
torus.out0.05835.h5	332070c98330c3c0ac53873d3acd9498
torus.out0.05836.h5	2eb2b44f4d99efbaaa283d109437c53a
torus.out0.05837.h5	8830b8094d2e3c0c1af0ce47642a5844
torus.out0.05838.h5	452e01a9e70d6ff85ba5cfa5e3ada42a
torus.out0.05839.h5	8044d72f3a6c9883eb052bb48b576807
torus.out0.05840.h5	6bded3916575cbd2e088d151d11cadb0
torus.out0.05841.h5	e814cec8719aec901c80f8a26615f846
torus.out0.05842.h5	bee17178a768685ac2784ab234725f9f
torus.out0.05843.h5	17b5c9f870b523718f6166f13bbd9d0d
torus.out0.05844.h5	e76116b5f8e4179d91658e133778f9fc
torus.out0.05845.h5	ddd89c0cda3c98157a119ce19dbf9413
torus.out0.05846.h5	cc7842bd8f50b82b0f9ce69698a179ee
torus.out0.05847.h5	5d63d474354a0e91d3773ba9b6a39257
torus.out0.05848.h5	2032d7508671c28e2ffa83a4e075c452
torus.out0.05849.h5	a243e211d51975b420fe9e7e8906ab5e
torus.out0.05850.h5	239f7b26db5dc5fa57d454897ed20ca6
torus.out0.05851.h5	2b39f9d13319b88310177e0fce7a3b24
torus.out0.05852.h5	125ff87baf53dcf53dd1413414380d77
torus.out0.05853.h5	5e075292e139446b1aafac21b0a72a84
torus.out0.05854.h5	11e6af8d227914eb89d37d8bb86132cd
torus.out0.05855.h5	ec80e2d7191468ab95a4d3be98f4edc2
torus.out0.05856.h5	d38ac3e24ac995acbd6ea07d7a10b593
torus.out0.05857.h5	694b665c7a92d52cc308f3570e80bb8f
torus.out0.05858.h5	6ae822b9d0ef775a76a1418eda39036f
torus.out0.05859.h5	307585b91cd2809dbbb7957f7185ecae
torus.out0.05860.h5	dcbe35aaf9676d19a8b535ed607c3aea
torus.out0.05861.h5	317eee614b5e4648248ca115aaf83165
torus.out0.05862.h5	16b0919c636abfe646ff514ffd9402e7
torus.out0.05863.h5	5b88ccc530aab239a274a1f1bf6d5e8d
torus.out0.05864.h5	8c1d089307b56fe52433cbf11c18a884
torus.out0.05865.h5	1af8816bd1216ef2e367f81aea344fce
torus.out0.05866.h5	6b4f2d6a12bca3cd2948f9e2ed310f66
torus.out0.05867.h5	9d014858b37317ff010511e271d8989e
torus.out0.05868.h5	4f61aca24e9de455db93b8b3b2683738
torus.out0.05869.h5	02eda1388fc0cdc14d9c9f153da16c14
torus.out0.05870.h5	1f219906db9841575cc62d1159a21f10
torus.out0.05871.h5	ddec1f6cac5fa723a1087399e52cb88d
torus.out0.05872.h5	2d5832bdf07c603ab06d0e6757eb461d
torus.out0.05873.h5	8679f80def928c54474aa89a9b1b5653
torus.out0.05874.h5	923187706b9a7d100b33f91edd43bb54
torus.out0.05875.h5	a1b2d4f72cd5a09490ecc11ccb8a5c9d
torus.out0.05876.h5	4aa21c2646084db92eff6b2ac97b9fa1
torus.out0.05877.h5	8a0529dc7798ed50a75093b17c67ef47
torus.out0.05878.h5	877e1479f666ce6e66f10d5b18bf9209
torus.out0.05879.h5	74cbb6c761d7e3b2a69477bd55976304
torus.out0.05880.h5	c3285b24eaf919c809f0a0a4df44e70e
torus.out0.05881.h5	d7f5f9c3632f901a7ac7084a05416ff3
torus.out0.05882.h5	e545b41bf9668a1ba041e87dfc662afe
torus.out0.05883.h5	cbf655543cf912cc5b2bc6180e4aea0a
torus.out0.05884.h5	30292791f47a6f7513d5ff2a606e8973
torus.out0.05885.h5	81c32b428168d5c81761b34187ddafe7
torus.out0.05886.h5	809da043620e385be74c342d108904ff
torus.out0.05887.h5	b72bc19316ed8ed0ebe93996f8fd27b9
torus.out0.05888.h5	a1e92662724cd84842622695ff4a0651
torus.out0.05889.h5	b7ad3b5d2c72853f98e4e8aa568fb994
torus.out0.05890.h5	1690fe13971570a5eb116ad73b5c2c39
torus.out0.05891.h5	c871e35026243010c13610cdbe095ba1
torus.out0.05892.h5	7bd38b68d75c6321231155277cebbd8b
torus.out0.05893.h5	0f5c0ed8ed7723a33caf915fd358ff35
torus.out0.05894.h5	7c84aa4ff5ad6fb07bf6e9bd064482f7
torus.out0.05895.h5	6dc5db775defc6d5ddde7d2d0a396e3e
torus.out0.05896.h5	4cea553da579c2ee28f0e93f548c539a
torus.out0.05897.h5	bd3eeee785dbb7cd7d6a172611895abe
torus.out0.05898.h5	6effb7e2685e76225a5ed1ea71a81e26
torus.out0.05899.h5	520dfa46af78a2859e9d046c6c449450
torus.out0.05900.h5	c95ab2d946f57f12afe8e7db4694aaf2
torus.out0.05901.h5	f1639ed4f24cd7c21a6e83cbecf79b06
torus.out0.05902.h5	37af562c37afbf679b5268ab6a16b86a
torus.out0.05903.h5	42c274e18e167ea9040f644a2fac2fea
torus.out0.05904.h5	0de2904a9f9b3963f194e8b58663226d
torus.out0.05905.h5	f47cd968aa2549f518702a97c5625eb6
torus.out0.05906.h5	91995655ac7589d192c18f4421261ffa
torus.out0.05907.h5	5c3fae8e721d7dcd4d0630341bd1dce6
torus.out0.05908.h5	c332832d0bba999e87837b41bde40725
torus.out0.05909.h5	b95ebf10e78edfc8c394bd4a126a868c
torus.out0.05910.h5	337482a89be6634dbf1da25ac73b2f38
torus.out0.05911.h5	72fd71d3363d0e2f8db9c22797f6340a
torus.out0.05912.h5	d8fbd70e81fa33b4ebeda63df5079283
torus.out0.05913.h5	b89edfa0a157e3accb4a423b70ebb048
torus.out0.05914.h5	0ce840ace040982fbc96ff879a04c830
torus.out0.05915.h5	00e145912f7ecb9acba74b33319daa64
torus.out0.05916.h5	4a623a0c7aba4ac324a643c6945bea01
torus.out0.05917.h5	2ef36bc233bbdcc0e205aa8241ae9733
torus.out0.05918.h5	11bbe40ff3fe37bc575cc4e68e20793f
torus.out0.05919.h5	85a7115f4b96d68edcd493bd9a51d4f4
torus.out0.05920.h5	c408ea4db323bfa95381d34449d4eb7f
torus.out0.05921.h5	3f59a198fad20deb3b8c19b78bc451b9
torus.out0.05922.h5	8aa17c608ffd07d14cc55cdfe5ac9b97
torus.out0.05923.h5	8e32830a64c297deba0163dfd847cb24
torus.out0.05924.h5	8111cc6e2489978a786b2ffe494d9b59
torus.out0.05925.h5	d7ecd1c36a0ab6bf96ba1aa724ebdbec
torus.out0.05926.h5	d98ec81ae895e2e66a60a8f03842e3d3
torus.out0.05927.h5	d8b10e4551ffa7f5f831ff8ec01ead2d
torus.out0.05928.h5	a9e86046c62a91134114e2ae00223fa3
torus.out0.05929.h5	13c327c9c5ab625804aaf7d2388ee131
torus.out0.05930.h5	adce06fa932caf03137f05dee97d5392
torus.out0.05931.h5	7b4ba049671048cdcb3a84044d865fc6
torus.out0.05932.h5	0f7dd4c164c0a408e44b804eb14966f8
torus.out0.05933.h5	d2f5d1c9a60053abac94e314fd28dfac
torus.out0.05934.h5	8a5cb05d3c0704b18663a670fe852bec
torus.out0.05935.h5	e8d51cb94f535298bbbba3ae8168ec81
torus.out0.05936.h5	8a09e0a6af5814a37cd5bdf7e0aa835a
torus.out0.05937.h5	81e227115f6cbaab52743850ce47199c
torus.out0.05938.h5	151e3ee768d5636cbd5561803449dfeb
torus.out0.05939.h5	8d21e958de948ee6bda0c3457ceacdec
torus.out0.05940.h5	1b42327fc9e2769f171e5d29fb85986f
torus.out0.05941.h5	16c260183075c8e7cdf976e3e09453d7
torus.out0.05942.h5	f3afe239b075134d16fb53306e1c788b
torus.out0.05943.h5	d0972698f72c24609094e846eecfe029
torus.out0.05944.h5	62ba34c99abe0ad61f4cdd70a819da67
torus.out0.05945.h5	550afa98068b95f699a78b30627ea1c5
torus.out0.05946.h5	4b66c2741c53b291a6a7d1c7a60d7513
torus.out0.05947.h5	154709f88338e5bd889dd743568d300b
torus.out0.05948.h5	607ec23c9b8dd3400826eca6feae483d
torus.out0.05949.h5	bb87f5c5c7f50b154cd93588ede79430
torus.out0.05950.h5	e53b0b1ec3d845f4badfcf0b98bdee45
torus.out0.05951.h5	15134244f2a7f2cf205bd1e7e68cf81b
torus.out0.05952.h5	e5100bb35016a50b27df147165bb2c88
torus.out0.05953.h5	92cb130eae291597135456459bd47102
torus.out0.05954.h5	6edef365cb39b03184662683d49dd42c
torus.out0.05955.h5	79271a9dd791857b6f0b6b040c29e90d
torus.out0.05956.h5	36aeb2efd8a8f0482aefeea120ccf6ad
torus.out0.05957.h5	d9a517db17d83e357cc969a1f67678f5
torus.out0.05958.h5	673c736f6ca2f37b44fca21a52b46d04
torus.out0.05959.h5	2ebab8e960ec61c6fdf2ed278fafd1e1
torus.out0.05960.h5	e0515880c7cf35d1fbcf460061018ade
torus.out0.05961.h5	348b0add4a9f93661ae9cd39ad45df2f
torus.out0.05962.h5	fa284c82091665e8938dcc89598c8b62
torus.out0.05963.h5	5e62b3414d3aebecb1e6136c8718959c
torus.out0.05964.h5	5a82dd26ead47d966a9d20afb6e7a900
torus.out0.05965.h5	eeffc0fab565fab99622b748773a127c
torus.out0.05966.h5	4ae5e29f0a1a3e54562f9b11737882a8
torus.out0.05967.h5	5030b17325cb10193cc0945c6b0d0a67
torus.out0.05968.h5	123abaeea81009730390059177770368
torus.out0.05969.h5	c7131b7f01dd3770bffa999439e4e4a1
torus.out0.05970.h5	342d9daeb0f3f8a1a66eba4f4df9ebd5
torus.out0.05971.h5	46a143ca9be68d21600268af187af525
torus.out0.05972.h5	abf2e83bdc4c4cf25ba36a7bba9ecc69
torus.out0.05973.h5	eb443a51b21e55bf8ba2c83644f1eb73
torus.out0.05974.h5	40503f315f158340924ea37c69b04dca
torus.out0.05975.h5	02a7b0297df94214f356565eaccceac5
torus.out0.05976.h5	93a2fed6ce10da908ec543860d777b07
torus.out0.05977.h5	ae09df84905507f0d504fec07d74b21c
torus.out0.05978.h5	72f1d65ad924daf20e5f6710b89f3613
torus.out0.05979.h5	11e006fed05d62a7c7880152a7d56ec1
torus.out0.05980.h5	ef01b181db36808c9f7ae6ec9555a9b6
torus.out0.05981.h5	3fb75dc154ef5edb5748aa8fe7614fe1
torus.out0.05982.h5	dc1ce3e0735d229401d458a78cafa786
torus.out0.05983.h5	3a0e689b494e9343ed980a0359724098
torus.out0.05984.h5	6c5a7e10d4802ec9bf291cc728b7e758
torus.out0.05985.h5	f9c4bdd5a3278a55b960b49cc2dcbf93
torus.out0.05986.h5	2431e6a16ab7e9779062ee1f0e40ee5c
torus.out0.05987.h5	43260b9b97921ed6b12459c4ed9ca436
torus.out0.05988.h5	7e274d3c316a4baa55ade1ffea70c68f
torus.out0.05989.h5	ad82880800136a395ec9d26b84371708
torus.out0.05990.h5	59072f5c9cf37e96e07ea92b1808a44e
torus.out0.05991.h5	01e0dcb6181a6dbe5959989f5ca30e8e
torus.out0.05992.h5	1e3072003f5de176082e58dc80e10041
torus.out0.05993.h5	3d133f4c1b3972dce00883a684e6f917
torus.out0.05994.h5	d50cad7575fef70ac91ffe9d6b831d92
torus.out0.05995.h5	9aa58c1df3964bb68e5d1b4b6e9d2280
torus.out0.05996.h5	0ad09042b15825771572766c0a60a723
torus.out0.05997.h5	6139ba10e9dc25d12f8e89f50d42a26b
torus.out0.05998.h5	e38ac9b0bcf627afeed4cdf874d19f15
torus.out0.05999.h5	c99b41621f3593fb1eb2e40f47aef4f8
