torus.out0.02000.h5	3c8f6317b835485f5b3a72c234d17470
torus.out0.02001.h5	b6e1aada018b55682a32da10e29748f4
torus.out0.02002.h5	67ac62605dcddac086b22205af972725
torus.out0.02003.h5	c46f961a6fb31384c072e9c7bd2f89f1
torus.out0.02004.h5	7b5096dbbc3678dafe5b6291bc70049a
torus.out0.02005.h5	b7228fc0b4d26df08b2d0db8c6cbec8c
torus.out0.02006.h5	6ae6e358aeaba569b7344b88faf770ca
torus.out0.02007.h5	51eb5090cbcd9856a200c841c2d094a8
torus.out0.02008.h5	41ec1b6bbb6e0179fded80719dd539df
torus.out0.02009.h5	f6a8fb8cdc58ab188f6a1b8747390304
torus.out0.02010.h5	ecc73a1f4f5e777500dd0004830f178e
torus.out0.02011.h5	4205612e48d8b2735fd77e6fefbe9ab5
torus.out0.02012.h5	2ce82f364cb6eff153e4d843f2496eaa
torus.out0.02013.h5	e8858e847ae144bb126583b0c7aa0b9f
torus.out0.02014.h5	32b5ff8b1fed531a55e9f6e0443a086a
torus.out0.02015.h5	0def762f37ebb6274a889aa9ab00d016
torus.out0.02016.h5	24090ba20be75ba64b6027e269cb41d5
torus.out0.02017.h5	25276c0e47fe46b4bffbffef52020281
torus.out0.02018.h5	c266527867ef83873d4a102e848cb7ce
torus.out0.02019.h5	a26df782ccd11807339b5c089dd6ecba
torus.out0.02020.h5	4d6ea7ebe615f2ef8853b2ca48b57c63
torus.out0.02021.h5	e1f035f9e64fc613708ecfaf14f13fae
torus.out0.02022.h5	e833b6ec2c41a6a63803d9572d8f83e6
torus.out0.02023.h5	e4e339b693d1889a539d01853c96c4b9
torus.out0.02024.h5	e137c796b4ec364f5dc5a2fd29f35859
torus.out0.02025.h5	43c2349cbc16099a28a9278b8edbac15
torus.out0.02026.h5	545726d032677fb1cd7714a7e590de67
torus.out0.02027.h5	c9fed7bf35454f73d209321a47bf3bd7
torus.out0.02028.h5	c28c6233148cf8ef3932f10df6db11a1
torus.out0.02029.h5	e52c1d84c353316e982413327fb60641
torus.out0.02030.h5	d633f1f5f27e253fca3ed0f70e7b4e91
torus.out0.02031.h5	973d98c600fc54c905264b131e4e6498
torus.out0.02032.h5	155f6d4e0246377aa5c967b570128424
torus.out0.02033.h5	7c4b79ec1d3d668c28983a479b0f1f1e
torus.out0.02034.h5	07f93d6e3d9def5827e7b6fb18644ff6
torus.out0.02035.h5	b1de1099174f55a66cfacd456fcdaee0
torus.out0.02036.h5	2dad9a38a63e6c14d97799ac9dee636a
torus.out0.02037.h5	f6fcf64e0634665b502a8e0f53c8196b
torus.out0.02038.h5	d65cbd8e0d6dc24ec349a0fa376a35f9
torus.out0.02039.h5	1776e59cb6f045720ca8355b06f08b9e
torus.out0.02040.h5	f7855a90fb2ac34edcd825b787f18d47
torus.out0.02041.h5	2a18b1acc74d686e488ac47b7125a3ac
torus.out0.02042.h5	b51f7764112cc1fbe13347c229338419
torus.out0.02043.h5	e4f20b6bdf1cbeb146f0dc04d44b441b
torus.out0.02044.h5	aab2a8bb4814773eb0963284ba1a004c
torus.out0.02045.h5	a261c79f50dd19e6f5797ae877e49ce8
torus.out0.02046.h5	6e93fe7d8dc91444b5aee60b07a4ca14
torus.out0.02047.h5	651b0b3c7aa1a9d27572ebfffb3d8d71
torus.out0.02048.h5	a5456aacd2fcbc93dcae9d026c7c1978
torus.out0.02049.h5	af12d0998ef7ccf77cf66ad0c93b5df0
torus.out0.02050.h5	c29bdbd6aa993bc0e77008752f565c3e
torus.out0.02051.h5	85bd0afbc481ef00c68ab336253c2316
torus.out0.02052.h5	277fe62c2e7c399578f881d167152280
torus.out0.02053.h5	f9d768aa0001b4667dd7b0de87a84ed6
torus.out0.02054.h5	f9551bbe1d5c0ff08a728fe6faa814aa
torus.out0.02055.h5	42050d51aa4acc78270b7c0b83ec67bd
torus.out0.02056.h5	95d95571f4706a4f43aedaea53d2391b
torus.out0.02057.h5	879268e244563587bf47e2b20871e4f4
torus.out0.02058.h5	ff90f80d8be10c6315c89c6bccc8e64c
torus.out0.02059.h5	fd5f044b5a0dfcfc9b01f3b0d07a4083
torus.out0.02060.h5	040b4ebc46e06804e21ff01e90f10e67
torus.out0.02061.h5	72b27287802802e1b230865d54a13da5
torus.out0.02062.h5	d4f95b0a51be86dc972287c731440a44
torus.out0.02063.h5	c2a2b357ace8d837c7da56e7a0d81b0a
torus.out0.02064.h5	eee157d54f0b0e1043e761df842f8593
torus.out0.02065.h5	27e8b7bd188e68102c7dcb321a371b7f
torus.out0.02066.h5	1a001142cd214e31b8c9004ca2221e6f
torus.out0.02067.h5	52cae271b99fea5255aa08f33b876176
torus.out0.02068.h5	26270000a42cca023e4574e1fd5d0880
torus.out0.02069.h5	8d5fc724669f4de417ce4cc7afb562b2
torus.out0.02070.h5	c308bf0eba30582733562b2eb786dc23
torus.out0.02071.h5	1f8ef4ea336553556adbd9521d3b99e7
torus.out0.02072.h5	858d1785a57be92842ac1f1ba1bbf97f
torus.out0.02073.h5	f0740a3bbf4aaded5d0d7744b41d9bb9
torus.out0.02074.h5	ffbde7565e68ebaf4baf842938a8619e
torus.out0.02075.h5	75087f4c7bb98896d5bbabe6175385bf
torus.out0.02076.h5	78a5c0f607d8ad3f0c77c0d08a02f7d1
torus.out0.02077.h5	a450140ab9f0f9eabf249358967e1c5e
torus.out0.02078.h5	149ca9b0015e6ea0a3fa494bfb614929
torus.out0.02079.h5	6cb1ca562b3008e74e38827d515e1795
torus.out0.02080.h5	d572f4b87f54f39f795d08f3d159e407
torus.out0.02081.h5	cf4e0b310d010d3e18ab957ba9c8c49e
torus.out0.02082.h5	41e0d8b57a3c0a114ce59eb3f5da280f
torus.out0.02083.h5	46c23ce80390accd392132492531e417
torus.out0.02084.h5	3d0b105318152b677ede56141c7a2952
torus.out0.02085.h5	4ba579591314e47c6fbbc269962b7d20
torus.out0.02086.h5	93d8df4fb5da66015d18aec8ba027ae0
torus.out0.02087.h5	1f015ae8635a93eee5de6cf614158812
torus.out0.02088.h5	b9a408f80ee820e32cec4aeda2a1c275
torus.out0.02089.h5	446c1eb33cb765536bc5d27a5207fcd6
torus.out0.02090.h5	6d24b443f5ab689398dc22723a37fe3b
torus.out0.02091.h5	660de5cf3e42c038bc949055efb713ed
torus.out0.02092.h5	f23bbbcf4a8971591ee302f4a99f4997
torus.out0.02093.h5	9e462008540e76b732ac1239c5f5f363
torus.out0.02094.h5	755ceed63ddfd9891834e55bc0815473
torus.out0.02095.h5	090e89e121f82c676e0f8c990a77e7a6
torus.out0.02096.h5	ed6b6c1418ce6b285a8a64636517e111
torus.out0.02097.h5	00e918f88122eb64f106fe90ee1a18ec
torus.out0.02098.h5	8543ed9e3bf44f1ffb3af078eeb540b8
torus.out0.02099.h5	5733c67b8bd2b88cc6c2f572ab5e0dbe
torus.out0.02100.h5	70a5d46427e44b3b743abc29e9274499
torus.out0.02101.h5	1328b9826473e04af8ff943f13a4af9f
torus.out0.02102.h5	83c1633a91cdf71668d1da369f5e1a49
torus.out0.02103.h5	c714ba933887a4b93313a10439de0bdb
torus.out0.02104.h5	d4f9028f202a0c830b8e60ba815d54fb
torus.out0.02105.h5	c145536743eaf9f2e060444b0147f0f2
torus.out0.02106.h5	26c653c439727e097fce3346ab7810e6
torus.out0.02107.h5	5dcbdce2e90be835f36494993cce82bf
torus.out0.02108.h5	e67c1e6dfa12dcd635869e9afdeed3cd
torus.out0.02109.h5	8a7a2a9d73bee4f820a6abdd6e5011da
torus.out0.02110.h5	ae2798a96a396b7166d65cbe999bec26
torus.out0.02111.h5	e7872b548abb57f19b6dc164387e25f8
torus.out0.02112.h5	474e345be824919fd00c10866be4ced2
torus.out0.02113.h5	9ccc74b32f537cfde1accf384485c25c
torus.out0.02114.h5	54b9a84a413d465b160ebb60df7be41b
torus.out0.02115.h5	e94713164e6bba3c988a19e04486fb1b
torus.out0.02116.h5	7012b7f887f86f7062c2112440f825a0
torus.out0.02117.h5	7d96b5fd710c4023e1764ba347c4640d
torus.out0.02118.h5	880da07cb655501eadd1987b95645e96
torus.out0.02119.h5	557bce6843813c2b1d181cf6911db01d
torus.out0.02120.h5	30ae52318b1d48e0f5210abeba3983a9
torus.out0.02121.h5	1ed164c74031af4d11f7299ff006ef49
torus.out0.02122.h5	e18741d39a29ebdd17e279fc1c2e34cf
torus.out0.02123.h5	165f6e0248dc84843ef0cbde816d5055
torus.out0.02124.h5	0c94a60251aaddf1746cb20a26b3127a
torus.out0.02125.h5	41c093b0f78858ca91a75cd2661fc7ea
torus.out0.02126.h5	d282fd48e58035da753286aee704794c
torus.out0.02127.h5	0189193de3a8f67901e102db727d4eb6
torus.out0.02128.h5	9699ece5ac354cfa3f9014005e3ffd53
torus.out0.02129.h5	fc85af64e9c65af0bb32b74ee9cd7eae
torus.out0.02130.h5	562745247df3390d0407ad3853d8b755
torus.out0.02131.h5	c2aeebd3326338977c9d51e7a23eda3e
torus.out0.02132.h5	4dc9bb35891bd7824d7ce827be7f981b
torus.out0.02133.h5	4058834374606e2721e455a749040870
torus.out0.02134.h5	0a89a70d29b4e1ef457d97e4d33d9ebe
torus.out0.02135.h5	e408102a725cb4c5dcf8c0bf1955e0cb
torus.out0.02136.h5	3dfff7e1c69c17f218eeb075bf8df167
torus.out0.02137.h5	8d436232c6046fda6bf67794ec88c8b1
torus.out0.02138.h5	d4fcf679d84b877304f80cb344e56efa
torus.out0.02139.h5	3e86ec71997ed324ba9042675410f76c
torus.out0.02140.h5	2f39ba477e81e1334e23f4b8a010fef5
torus.out0.02141.h5	0cb25982fb1f4819b599a1899c2f44de
torus.out0.02142.h5	ea79d44f061f77e003995aa667f2e65e
torus.out0.02143.h5	d676b3c5d174d6577cbb84a88a941d16
torus.out0.02144.h5	6db3dc0933cee9616531464b7e23dfd9
torus.out0.02145.h5	793b686ad18771079ac6361a494e899f
torus.out0.02146.h5	6c69fe4952794bebf265966deb3d70b3
torus.out0.02147.h5	d21175516749ccacbe850065ee24de17
torus.out0.02148.h5	74904f2ba1f1e99abdcc2c607b2a619d
torus.out0.02149.h5	bd5f07915e04cb279e0390ec3c6fcf6d
torus.out0.02150.h5	cc73cd3b2a17069940ee6c0cba324660
torus.out0.02151.h5	b9509eb71d3f90005112edde12865cd6
torus.out0.02152.h5	64fb2269eb5b8ca49ea9c70ded0e7475
torus.out0.02153.h5	b7e8e702338a9a7f934d923934247450
torus.out0.02154.h5	71327b0d57bb2d298b9209446f9f5fe3
torus.out0.02155.h5	d1d708efd5d843aca09f2b2173c0c986
torus.out0.02156.h5	d2d14430464b1bf4836c521b6b9449cb
torus.out0.02157.h5	cd5ba111089f4e74d0fcd0e174c0fec8
torus.out0.02158.h5	310a277527b1b99e51c1349021d6d02c
torus.out0.02159.h5	087e4bab6612310a26bd174659c4e7c3
torus.out0.02160.h5	2800f3ce0c060c1ba8fcbaaa5b98ff3a
torus.out0.02161.h5	e71f69ddb0c6de7155daff086a1cd0a9
torus.out0.02162.h5	6aab7089bc85ae504385ba50fff6c22f
torus.out0.02163.h5	facabdac8bbd54c033ac195c6da60a30
torus.out0.02164.h5	043eda30d85c73c83f6ff28e02994b2e
torus.out0.02165.h5	7ca7e0052e1ca7c41c5434fb6e1c7ad5
torus.out0.02166.h5	7670a9a33260da759c30131341ab578c
torus.out0.02167.h5	31284593e1b9cd670aad8f88fa980b06
torus.out0.02168.h5	3d7025008ccbee713b3f16e1f865e121
torus.out0.02169.h5	8d2d16bf0d5c5decdc17146084723f26
torus.out0.02170.h5	91ce623c105575797482a136f1b11f52
torus.out0.02171.h5	4d96c72901223885580715feafe8594e
torus.out0.02172.h5	a18d75374253de10a89b1570c7f3ecdf
torus.out0.02173.h5	7e8ccfbc11b9d46779787a85c0b41960
torus.out0.02174.h5	b6de25745d8b0adfb2a564bd14da1031
torus.out0.02175.h5	0f11cfd6deb2e68612898ba60239c5d9
torus.out0.02176.h5	588a2fc8ab279a62a143a1ce393c66f0
torus.out0.02177.h5	c66170ac5525a96f1fe543b985c4c2e8
torus.out0.02178.h5	6ff913cbb05ed2ca4650f9fd61d4e39b
torus.out0.02179.h5	8b566f759d76e8233581ea6e3dbc0a80
torus.out0.02180.h5	b894456bec6ce22d0bc04d0af320318e
torus.out0.02181.h5	325f492b99a89c99710912f50cfa46f2
torus.out0.02182.h5	cc30e715aed8a308dd407be12b333302
torus.out0.02183.h5	caf7fce78fcbb1cf6d3cbb4e4fa537f7
torus.out0.02184.h5	bbcd711f9ea0505ca28f5d111d4f2b73
torus.out0.02185.h5	3c5d40bf89674ab509f2fddcbe2cb591
torus.out0.02186.h5	cdb88b62cc89536fb9b14ff31453963a
torus.out0.02187.h5	423edaf64b4108e9e64f2bb68604264a
torus.out0.02188.h5	f543566c0dc7e0a60109fa6cf421d9bf
torus.out0.02189.h5	a581bb9c2199866eff6a43a5dfd412a6
torus.out0.02190.h5	62675db4b4f6ae9a430c8628529109ea
torus.out0.02191.h5	6fa81e7137b138506534fea0484c343d
torus.out0.02192.h5	f6496d3ab1844132302c4abb22cbb158
torus.out0.02193.h5	ecf500c02615c08de7418893bae57bcd
torus.out0.02194.h5	d366a3c34dd3e0d0181c8f205fbcc1a2
torus.out0.02195.h5	c209e800eb3e8154fd75fda2875c2948
torus.out0.02196.h5	75b7823bd73c46c20d584d30a09312f5
torus.out0.02197.h5	0e771b63cd6c51eca948fafc4d9a8f9f
torus.out0.02198.h5	23a9860d6ffd6b2bebc9990985e321b2
torus.out0.02199.h5	e2826aa71bec3184194e0db4762296b0
torus.out0.02200.h5	5a25c80e3301bed6ab496458365a4411
torus.out0.02201.h5	973dda1f781168e6b42dd99c6944a114
torus.out0.02202.h5	a893a1fefc34353d74149c45a22f4566
torus.out0.02203.h5	b0683343d94cd9169dbc1c6721a3c0be
torus.out0.02204.h5	b97d8038a74463e4f6a7c8ceca61d9c3
torus.out0.02205.h5	341bcaa0d9bff81490e8d5419b5ecc8b
torus.out0.02206.h5	612971dddf3f235dcd3ad7986559ea55
torus.out0.02207.h5	17072145acc470e2f9f2554fec7cd64a
torus.out0.02208.h5	81356fa5e99edb0a511d878fdd8b132d
torus.out0.02209.h5	6dea90f3ee32a406011c119e436e3edd
torus.out0.02210.h5	2a1e27f91266738dc0ebbddb65918f2f
torus.out0.02211.h5	a0c3f2b79c88aa9eaa34b38422046a7b
torus.out0.02212.h5	e9a8e7b19c0ba467a03cbff51cc52bcc
torus.out0.02213.h5	efc4facc2a0a335da677f340a5d8afec
torus.out0.02214.h5	b1a2ad1d9690d4025dc90f3272b09443
torus.out0.02215.h5	06fbf963eb9b6894634eca809fd582d7
torus.out0.02216.h5	833bad4f24af03053e79b619533ce9dc
torus.out0.02217.h5	3ddb372a730ea26d750f38f0fe8934f6
torus.out0.02218.h5	46398c6887373ab2467d23c3c4883b35
torus.out0.02219.h5	eb44ab375c1ad80a39c3ffa1077ff143
torus.out0.02220.h5	9ab7fe17c4b3cea91966d2a041a56017
torus.out0.02221.h5	8c722498ef967c033976459558b37d3b
torus.out0.02222.h5	0fea304a1d8ac1b9c8a23b1b71e44548
torus.out0.02223.h5	cd352a5f0a5dedfb6033fc849b9d085d
torus.out0.02224.h5	2cf32a2c74180aa90cb7c456f628217c
torus.out0.02225.h5	d7174628ea11d456e802d5daa3364759
torus.out0.02226.h5	fb3c4bb756818b2555ec5a2fa606f63c
torus.out0.02227.h5	5c75e88c376d7229df6e76bbec288e36
torus.out0.02228.h5	1edafc6c22d991f656251179c5cc80e6
torus.out0.02229.h5	d47c1f45abdfc87351b7dcc28143041f
torus.out0.02230.h5	d3f0132cc9d2156eb9b319979f764074
torus.out0.02231.h5	0ce0f767393cbe2a0ce5e331633ad07c
torus.out0.02232.h5	ca71099aaee4910dcf16caeea9c79651
torus.out0.02233.h5	f130499f9a50b74b047bd80afbe69457
torus.out0.02234.h5	662050a10617e19638ca8d543616eb45
torus.out0.02235.h5	018d7b0310aec0c0a961906ae04e6d38
torus.out0.02236.h5	9c5bcc3377d1b7a3870f5b5a7526cf2d
torus.out0.02237.h5	a3edd1011a3d4e20e2ecda563fd02e0a
torus.out0.02238.h5	713438f2b3259a8f42e0eb28cd342c5d
torus.out0.02239.h5	8d85edd983c8b3419dc27aa3a9f1d9ab
torus.out0.02240.h5	ebd026c23acde2b91d8aec03b0a355f1
torus.out0.02241.h5	01deff3cc2013f4a791ea4bb6bf0c347
torus.out0.02242.h5	f0902f3d1e8c1a8af090979568452a76
torus.out0.02243.h5	c65dc8fea08bbba80790366d05a62649
torus.out0.02244.h5	b4f70ee3208c18b9fab6e5d01a467f8e
torus.out0.02245.h5	670b7dfaa22e08b7001696598b3d8cf3
torus.out0.02246.h5	1d33c3a60dfd12bb26fc32d3e9ccffe6
torus.out0.02247.h5	376b76f456eb3f3e6d1c453090eb368d
torus.out0.02248.h5	ccc25fc25d1c4fb69fa7ed0ea62bb2bf
torus.out0.02249.h5	9e542ac515cdc07992e962fe5f70df3a
torus.out0.02250.h5	a4af2d419a00d19a5cc05c89f9ff52f5
torus.out0.02251.h5	583754dd4a3e8341613dd88f2068927c
torus.out0.02252.h5	b3b7fa07c6ae16b14276e36053e805ca
torus.out0.02253.h5	b30c92d6bba7137115ad5341ccf1cd65
torus.out0.02254.h5	54b323a628a511421198090ed1a0daa8
torus.out0.02255.h5	0655c464a5015902f415b00ec5e053f3
torus.out0.02256.h5	403197d1d6a373f72eadcb107f1aa40b
torus.out0.02257.h5	871d58880c936ec608b7416fb5266b76
torus.out0.02258.h5	d3010bc392c9fa59a3413b8d47b4c8b7
torus.out0.02259.h5	8959a161dc2fc0a35bcde42e0b2c037d
torus.out0.02260.h5	e6d72f21f81eec1c510b50b3f2ec03b9
torus.out0.02261.h5	45dcb8b344a61956432e375b2df4cc70
torus.out0.02262.h5	4ad0560bd17577c03e0beb11133e6f63
torus.out0.02263.h5	aa1617e319fadb8da536957d47ce390d
torus.out0.02264.h5	7d7af61c313d7d4a1be41fcc18bf9299
torus.out0.02265.h5	33327cb977075ec6a365bec4597ac595
torus.out0.02266.h5	49df0ef4120168526eba8dd50352597b
torus.out0.02267.h5	dd2e55f603e53a8a88cb311031b58b0f
torus.out0.02268.h5	1b671a0f9e1455a785c5bf8a3e34be7e
torus.out0.02269.h5	859ee4a6bcd33704e51b17d95491a015
torus.out0.02270.h5	ed569976106f3f037dce68186c234dd5
torus.out0.02271.h5	e2c1f137e15fd8ba0b42dfe38c984f66
torus.out0.02272.h5	f848a2f399bbc884a1e08caed3ce5266
torus.out0.02273.h5	2b126b10d30b9915f36609a2558a0c88
torus.out0.02274.h5	7591eda771c7f7d46b0b1c87e3d5eef0
torus.out0.02275.h5	690afba7c717b8a19cc423e71d887125
torus.out0.02276.h5	ccc974475321e2516e081afda24c7b8b
torus.out0.02277.h5	5d89bdcc819b14a9e5e21b39b827fc59
torus.out0.02278.h5	dda44911bd928c1555f0cd30affcad84
torus.out0.02279.h5	779358da9b5d378b2b22538315695065
torus.out0.02280.h5	29ac6fe108c225adfbfb8154a67a1840
torus.out0.02281.h5	e4ca317e36229edae67916698cb91f13
torus.out0.02282.h5	66017e581e57a897c9ced5dff5b29215
torus.out0.02283.h5	b2886ed4bda695d5c894deecc8070fc3
torus.out0.02284.h5	8b57bfaeae6b0f62baeee8431f17b242
torus.out0.02285.h5	2b9c96247568f2becc30e6eca30195fc
torus.out0.02286.h5	4500fd5fdf3ae476f595b38c2608fab1
torus.out0.02287.h5	ed5bd0c5f7162241ba3602c32dadec8c
torus.out0.02288.h5	9aed9b622e8f738b9232df2a79b414ca
torus.out0.02289.h5	429969829e544f4f0f7fb399dd6c350d
torus.out0.02290.h5	345080c624d091a69f94ef82f21030fe
torus.out0.02291.h5	ce8b18601062ac030ea0164b6885118f
torus.out0.02292.h5	cad51a497f79789299fb9a0fd2414004
torus.out0.02293.h5	f206b7e4d1c8c5b62a2ce6d6d03ecccd
torus.out0.02294.h5	7a73392fceddbecbf17b33c42f0fc5cd
torus.out0.02295.h5	784c0c0a421f2e63c32034929daf3add
torus.out0.02296.h5	59f6fcfbe44324bdd2fb1d49e61ce8c8
torus.out0.02297.h5	55fcc58342934d0789d645836c4121c1
torus.out0.02298.h5	e6b3f882f2bd8fad6fca449e943ca7aa
torus.out0.02299.h5	9d2fab56099985bee5e3fb13ce1b177d
torus.out0.02300.h5	0396d3d5d7b36cd6b1a9fee9975b399b
torus.out0.02301.h5	37b1405d9c6d308853f6e8b9d4fd61e4
torus.out0.02302.h5	1146e2357aee45d69dc916b018eec3bb
torus.out0.02303.h5	16733ec37b56822b79bb264295de9936
torus.out0.02304.h5	1ff927ecd835d5f785b878287f3be8bb
torus.out0.02305.h5	7b4419497ecf1149fcd2ce340d7440f3
torus.out0.02306.h5	59ea01cbce66e3d23b73b33411a437ae
torus.out0.02307.h5	184dd43cf272729a2c79767a42bbcc81
torus.out0.02308.h5	e6cf8c253946c1b5f604f48354ba3b6c
torus.out0.02309.h5	e94f38988d61cb3b090db9e709a42e40
torus.out0.02310.h5	107c7d8d626b252023dc9791e766026c
torus.out0.02311.h5	6c6ac20319fa9d5f891694ccded01eb9
torus.out0.02312.h5	2295cd7ec2351cfa849cb41ac879aae7
torus.out0.02313.h5	93605dbf7e224df1cdd0734b9ecca63e
torus.out0.02314.h5	a335a9f6ecdd98c8807ef8e69c35d62c
torus.out0.02315.h5	f242df7beeb27697d84ffd19e2a936fd
torus.out0.02316.h5	09cc3e31b8d73b9c72377031667986cf
torus.out0.02317.h5	e6256f79302289eb830206e89e3d7f52
torus.out0.02318.h5	2a13c452d66eb73ea8be5ee4eca1dbd4
torus.out0.02319.h5	f109f78752d8e063f9b6e41f31794626
torus.out0.02320.h5	397b5e02dc2a4176d17a72b5a29e6696
torus.out0.02321.h5	55b560b25ace371fa9870f99921a8a1e
torus.out0.02322.h5	dd0d94b87152f35d005eaeed3e3e3912
torus.out0.02323.h5	84cd5eaa0d0fd335a0b91f7fbd3a783f
torus.out0.02324.h5	b33405050d57442792844301445ce895
torus.out0.02325.h5	373227f589737f1190a81dc04f2d977e
torus.out0.02326.h5	ac160d0146bd7d5a5fbcad66c0572543
torus.out0.02327.h5	1f8e5f153f467b70dd26c5b5ee51ee8e
torus.out0.02328.h5	d253db5b2b85c02cd29149bc6b920c0d
torus.out0.02329.h5	806e9608f86080b82a26459b511d602e
torus.out0.02330.h5	d45d69c22260398b8886eddb55695299
torus.out0.02331.h5	9cfb122d18495b83fffbda49fab62c8c
torus.out0.02332.h5	277a93d0aed1a69d75975f49b0a63b4f
torus.out0.02333.h5	51e88a6cc8b81739c92b1347196e83c3
torus.out0.02334.h5	5ec48f41483e0f45fc3ea6125cb7d919
torus.out0.02335.h5	872c9000d66b26a1329d0f8661209c28
torus.out0.02336.h5	9c0bb1324fcb526f7b1cc0fb60fc7d42
torus.out0.02337.h5	0f7f7607c481b9a06e02c85dd8fe1820
torus.out0.02338.h5	c7eba39ccc9896491eaa5f5ddba9731c
torus.out0.02339.h5	04782b89cab90a41af13e6d499438a5e
torus.out0.02340.h5	74f73cb1d64dcdc7afffa42ef02bae05
torus.out0.02341.h5	d1b8ba979ba9c5356469921cee505815
torus.out0.02342.h5	43d47fbb0f894abaeaa37304a2b6897a
torus.out0.02343.h5	e154fa056c04d9d309efd2882dd8cfa7
torus.out0.02344.h5	dec0bfb4a3c4ecc75c90da5087fcbe1c
torus.out0.02345.h5	1b3f75066badb3b5f20f2c76820bdeb3
torus.out0.02346.h5	3083ce8804fb60a95a0359d8fd0c5cfe
torus.out0.02347.h5	4c6f49e2d3791b6da8a99a3925cb3b60
torus.out0.02348.h5	60cde29d5914541198138fe33e0b7cb8
torus.out0.02349.h5	233ebc58a5c2b645cb0ea52f0170d97e
torus.out0.02350.h5	43aaff917bc4d784820ba9e432149811
torus.out0.02351.h5	f463cf9b7498252b7d60e4dced461453
torus.out0.02352.h5	46e69405dd3bbbe981f3c0f4f8e575b1
torus.out0.02353.h5	93b4b1c3665cc536cb0945fa3117057b
torus.out0.02354.h5	c086a7967f5392147c1b1b7b020d2159
torus.out0.02355.h5	aa07e6457e75b3083c3bc97e9eb09c3e
torus.out0.02356.h5	e6873a2d87d0be20f7901eb761250fa7
torus.out0.02357.h5	22074f7edc6d9e109fca98fec155b550
torus.out0.02358.h5	6bc84af899d7469bf87e643ecde5f6e6
torus.out0.02359.h5	97f22c27831452ba2b494f4d3db2e3e8
torus.out0.02360.h5	d1acb2a87beaee14af0017bec641f35e
torus.out0.02361.h5	ebbc769a38a28504e72f0c7239acab6f
torus.out0.02362.h5	28cf4ab8aee46913199a480d274266d0
torus.out0.02363.h5	e3762a41dd69249ad9b9aff0189bcd6c
torus.out0.02364.h5	a336f37b41b3e8a9b46ef419c2cf8e37
torus.out0.02365.h5	90032204b99c70d05d7f536f84e520b9
torus.out0.02366.h5	94347a07cb7405281beb2c67654be087
torus.out0.02367.h5	0c86d79c0989a5c54e6254034fd58c5a
torus.out0.02368.h5	f393321c2d77aebb34540fa1c704da9b
torus.out0.02369.h5	db73b6c7abbe0c1d830baf0fbd0c3e7a
torus.out0.02370.h5	4941a51866ac0d393b0796fe25d8d3d3
torus.out0.02371.h5	cd963944e678d4364518cf284e78896b
torus.out0.02372.h5	48d4e7789e68f173609b4492a8f3786b
torus.out0.02373.h5	601a63b0e50c76eab633f38d3e29004a
torus.out0.02374.h5	f8c6787c324cc4e57dfddbbfe212e39b
torus.out0.02375.h5	727d9f191f9b9b7b8fc813ef8209f467
torus.out0.02376.h5	b0408393201f08cfebfb67e821a427de
torus.out0.02377.h5	7651d99b805e9db7780bd36e9c8d9d00
torus.out0.02378.h5	7c78b272195dd2c258b37f4b126f1bf8
torus.out0.02379.h5	fa5489e9bdabe56321aa059eb9a4a372
torus.out0.02380.h5	695df92dfe58a6e187143a6406c12d78
torus.out0.02381.h5	b89cd65cc7980491f4c64c46a66a826b
torus.out0.02382.h5	25118c7c0fc67310404f80b318e05af5
torus.out0.02383.h5	26bdd6da1884e910176b843d87f91591
torus.out0.02384.h5	1986ea6416fe4bf1ad16b69d76ede785
torus.out0.02385.h5	cbbaaa6a537b841c551c62ea9fd2c3ad
torus.out0.02386.h5	7bd3fbc20492058c20423d8ec73fed72
torus.out0.02387.h5	009c08fa3c48348358121ca2bebf3b24
torus.out0.02388.h5	98f6e6591e3994887e3a123cba912d56
torus.out0.02389.h5	ccc8ab63cffb3f04b9b9ed00b13debf8
torus.out0.02390.h5	88360b5b60a9d187c777a952069ad42d
torus.out0.02391.h5	a716ad474ef178b54ed91b89a928d452
torus.out0.02392.h5	fe78d0562382895d8c2facc281216ba3
torus.out0.02393.h5	32bd3c0fd26d6dbe654e47a74cbd38f4
torus.out0.02394.h5	bd64f247c479cbf9e72fcd6359e64d7f
torus.out0.02395.h5	ba913a910039064112d1fb74c30f2b7b
torus.out0.02396.h5	9eb0f9961a8856ae1293dce8c1bbe643
torus.out0.02397.h5	0f9ead00a37ade9b9fdd4a25411f0126
torus.out0.02398.h5	7b7058ec2e9d89be322ddfc6e7abcce8
torus.out0.02399.h5	821e51a804dfab9763bc22f1a38b5a08
torus.out0.02400.h5	4caeaab16afcd36b1010b6e14ef97160
torus.out0.02401.h5	7e6b5daaa58fbe0c485e603a70ffe8d9
torus.out0.02402.h5	86c98657f2d19f8380bb49bddfb4a0ab
torus.out0.02403.h5	58d5588d896bd2f584dd832f5a00555a
torus.out0.02404.h5	3203622a1b4c94459c018002f750ee99
torus.out0.02405.h5	3264a9bdad7200d864d9282b5d756f38
torus.out0.02406.h5	58d48813564e995e99df6032aca09983
torus.out0.02407.h5	0b0690c69cc24f87a14c43d63d8bd8ca
torus.out0.02408.h5	e785502d2ab6e6b61f1746115fa9d357
torus.out0.02409.h5	44d4bfcfd09ac57495ebffa6a5cb4600
torus.out0.02410.h5	9c03ad9a65c4e884638a0d3ece1dd5c3
torus.out0.02411.h5	65c415fa5cb5108f28faa6ec89147531
torus.out0.02412.h5	88b1a06a050602d6da1f468261b387c3
torus.out0.02413.h5	a6c7983e903b7e278e109116de924cc2
torus.out0.02414.h5	ffa3bc80aad127324b4fb33dad5b982b
torus.out0.02415.h5	ff18ed5449d2698b4f14005afcb1894b
torus.out0.02416.h5	980cb84c7146c1f4d4453c9bae76d084
torus.out0.02417.h5	932049d59772fe87ae3c05e913a1c92f
torus.out0.02418.h5	a04725258ae9a66d9d198ab5d70af0b5
torus.out0.02419.h5	36b3e5406b723b565871cb9cf091ee7a
torus.out0.02420.h5	4159ebe99a1a3774f3fc7080f22abb2a
torus.out0.02421.h5	1d6d8697b27114d710b9ca9f9b5b09c7
torus.out0.02422.h5	7bb61b813c4b43b8b0ffa2e5423f0bbd
torus.out0.02423.h5	74ad129ad83fd45d0246a13930bb44bb
torus.out0.02424.h5	f517f139297dc8704e0b702e22a5c084
torus.out0.02425.h5	1a75697f8a9053b3079b8b355087c78d
torus.out0.02426.h5	bf5e0f30b9d7029cd9b69d1b3c8fadae
torus.out0.02427.h5	3629b8a74272332530df349ec990666d
torus.out0.02428.h5	8c966872e7f7ab0c88d1fb1608e1176d
torus.out0.02429.h5	c4eec182dd9aef0142647f8b9477d4dd
torus.out0.02430.h5	68152be133ebf670160cb6fa840365c0
torus.out0.02431.h5	588f956d8f942f6a292707e24f66a81b
torus.out0.02432.h5	d0ca349fc5b8af82c8371f313d8e207d
torus.out0.02433.h5	a1057e848a26d930f582614fddb6a8e3
torus.out0.02434.h5	90c7a68e394faed72d8aea7e990fa0d8
torus.out0.02435.h5	6aec7a6042c78acade2eb1c03727e711
torus.out0.02436.h5	fd689a35ff4408adf19be64776707cef
torus.out0.02437.h5	d4276c0441ede9a2297e9893a9de288e
torus.out0.02438.h5	2c4101180079363eb9ed3fdc5834f807
torus.out0.02439.h5	66df4db28524f8865a1498f86849d0e4
torus.out0.02440.h5	b9da23bd16eb58a12fe541ba57e37b4c
torus.out0.02441.h5	65c818557a5110d237bb3bc0233adc5c
torus.out0.02442.h5	97f55d6c9d6f8c1b5e7ac67d0b9352f6
torus.out0.02443.h5	41967fd26673256a0013c426b244909e
torus.out0.02444.h5	a99d968d3f603894be5cb05849d53f0a
torus.out0.02445.h5	e41442540476d3f10bc1d316104651c5
torus.out0.02446.h5	7c01a06b20e24b7a6267b885b4046d2a
torus.out0.02447.h5	10265ac411b818b78d477ab211e65903
torus.out0.02448.h5	dbbf7bab989994791798431256ccbe81
torus.out0.02449.h5	44766e21af1b9757207ac48db878726e
torus.out0.02450.h5	60240bf849226bbb47a676ed20fcad23
torus.out0.02451.h5	d02954f93820e1fb82f7e6e2537b47e2
torus.out0.02452.h5	444c044189d149b1ed410a43204c5593
torus.out0.02453.h5	7d4242c2aebf8d59a99b537df422c970
torus.out0.02454.h5	689aa33548ae66519ac65d48a6b76460
torus.out0.02455.h5	9ba541883795610070328ca750b2fbb7
torus.out0.02456.h5	737f0fda059e66bd6775548bfcb1b196
torus.out0.02457.h5	81379e65bea7fbf929f743848b9f27a8
torus.out0.02458.h5	178ddf22e21e8e9e579bd73286196b9e
torus.out0.02459.h5	31c94895fc3772efcaf9c90362f55220
torus.out0.02460.h5	3bbad966abb12e69e6623e6c093e23a4
torus.out0.02461.h5	37a01e32369010729d314e37cbd13095
torus.out0.02462.h5	b5e0336c147259db4455781fbf1943db
torus.out0.02463.h5	b6b0e8a5384d2d8ffd70a9bbe7899978
torus.out0.02464.h5	145ce932cbe7567199c7a8303368590d
torus.out0.02465.h5	673cd0517c10bc24e2f781616fd77b2c
torus.out0.02466.h5	a973c89a24aaa8966d44a6b7f97de242
torus.out0.02467.h5	f9f6da0af638843d15e9e0a9fc85e891
torus.out0.02468.h5	6d1ee65455db38059f916cc0d403b8b8
torus.out0.02469.h5	a968ce32098adb96860251ba73cb3230
torus.out0.02470.h5	70eb5d1f5fd8ed865cc38554d4d5fef3
torus.out0.02471.h5	eae85f688f65f6970776d36e9a36b5b9
torus.out0.02472.h5	924491f0146b1edbdfc642236161e3d3
torus.out0.02473.h5	38844b29f0fab01c7e7176a1220db672
torus.out0.02474.h5	b86407cc5dc245d45e0dab3f43f82671
torus.out0.02475.h5	b1784a90edfa2963e3b2f145877a39f4
torus.out0.02476.h5	cfad06a0cc42bc59c2bf43b4f3634758
torus.out0.02477.h5	9b05cacccd2b98772a10c7032326bebe
torus.out0.02478.h5	73abe83fd5dca6c69ac3f2157c4de29f
torus.out0.02479.h5	31842337ddb1719864d52eee29750e23
torus.out0.02480.h5	7f8cd81bf34445587b24e0b7dce7a041
torus.out0.02481.h5	a614c8dc4923b3e1c8a8306bb4a29a3d
torus.out0.02482.h5	cdcd48e500a62ab39d9391077f0b5868
torus.out0.02483.h5	f706ff688ec7ca60819ec6ba9e72bbc1
torus.out0.02484.h5	ac42e274b1df5ebc219e6cc1067f61a8
torus.out0.02485.h5	7a91c7c32a9ee90f0f0f74fe7c30a4db
torus.out0.02486.h5	63d116c81b4005458f11708a0b10e8cc
torus.out0.02487.h5	627a6c2ca7357e704f7d8f86a59abf8e
torus.out0.02488.h5	710c51962b7fbe32a2f172690db7a8d3
torus.out0.02489.h5	c8b71c6094ec1d90480e4a03fff8c0d0
torus.out0.02490.h5	daa82a4c70bde89a194c3b2d334f72b2
torus.out0.02491.h5	83eafae02be49b968479fa548a92635f
torus.out0.02492.h5	08317837bedf82cb85c96567cb0b8f1d
torus.out0.02493.h5	58c10829d29758da75cd61b195f0a3b0
torus.out0.02494.h5	dcec390d91e0bb5bb415ffbd6b34e2a6
torus.out0.02495.h5	672d75bf6472c9d666395f1fde801f63
torus.out0.02496.h5	02f7ef950b8521bfaa5c0a25a8466085
torus.out0.02497.h5	f9bbe9b7dafda390560ee50d688d6e9f
torus.out0.02498.h5	11b26ee81641deadeb3deac3c1f8b8c3
torus.out0.02499.h5	aa591cc4d6f53e12898f1a4de314d045
torus.out0.02500.h5	698df66ebfd283c7f6a477705e1ab804
torus.out0.02501.h5	ec869957053b81c81bf228b0e4992f54
torus.out0.02502.h5	f90b8eb13e0ba76d6d94694409a63888
torus.out0.02503.h5	5335962fd23958736aa3a2fa8a48a4df
torus.out0.02504.h5	3e9b1787b5cf0217d20fd6b1a51e1a76
torus.out0.02505.h5	bbecb2b32ac410622545e4387247c3e0
torus.out0.02506.h5	5361f659a62df38002ff64e336bd86c3
torus.out0.02507.h5	e358aabcd02df70a94991b69548c1fee
torus.out0.02508.h5	a1a79b740e994ae6054a680360c5eb87
torus.out0.02509.h5	108c58a167e4ac585e93e0f7df2cb3da
torus.out0.02510.h5	c2d1303323031d8715e261488295f52c
torus.out0.02511.h5	97b5461429ad289988cbde6f82fe7ba8
torus.out0.02512.h5	4f89c08a3e6090b82931de4b03bfa030
torus.out0.02513.h5	6510ade618d4fd884594eb65b3f3f3d6
torus.out0.02514.h5	1083d147a37d5f98b7e692140a77bbf3
torus.out0.02515.h5	37f52a89a51ae90e1c1bd9e411fbc34c
torus.out0.02516.h5	9465609b95b4d1c4d1071a20f06cc40c
torus.out0.02517.h5	b7d6a8d0ea7512a52e9fda3665f20050
torus.out0.02518.h5	7703bc39fbed300dab9176e933e9bf05
torus.out0.02519.h5	4e88a52f521cd38b1b3e2405866bb55b
torus.out0.02520.h5	74ac076cd17b6d85f20a2f1b9f90027b
torus.out0.02521.h5	8b0b3e84ef2721b4cf19cb063356cf35
torus.out0.02522.h5	ba28b5774508ec75d6ebaa2703c1e685
torus.out0.02523.h5	c48d918b204e5de27b30b0d3639b72a3
torus.out0.02524.h5	696443bc46a7371a2db271300930ed87
torus.out0.02525.h5	ca548778cee867f6e51f6d068345ab1d
torus.out0.02526.h5	bbfd1d70f26a4977264c1795176deffc
torus.out0.02527.h5	c077e2faa99833d0f2f2df5eda9bb6fa
torus.out0.02528.h5	dfd31c2441b9e0c4621bb5f8a9684e85
torus.out0.02529.h5	f58362ed4fa4e96d55d7e21a1ec22c3a
torus.out0.02530.h5	12e37bcabaee1762a8a9623385dced7a
torus.out0.02531.h5	e97e89e1e4ceb6887f208c960d901d66
torus.out0.02532.h5	a2146821ccad8f7176e96d282608cd9d
torus.out0.02533.h5	7749b89ed57c6ee411e176c0f6c5e4e0
torus.out0.02534.h5	e1b7cda2742534276216f3b9f753a563
torus.out0.02535.h5	c2c6ba44de925aa9fbcfd10b59040a98
torus.out0.02536.h5	71da4c248fff69fe90095625ca6eb30d
torus.out0.02537.h5	426f0e8ba0e8031a8cd8ef550fa0ee46
torus.out0.02538.h5	9bf1c48c46b28e8e8554471e4f36ebd2
torus.out0.02539.h5	9f4ae2890c89763a1a2e20514ea567c3
torus.out0.02540.h5	38d50d2cab6b0ab5a11ae7778e29c7ab
torus.out0.02541.h5	af85b1b9104b6d8a997a443de99ce743
torus.out0.02542.h5	bb72269fd7790e285aabe97f377a9bae
torus.out0.02543.h5	6c4b4c976544c2bbde6a3516b1b7f171
torus.out0.02544.h5	6ed2418f2f7778e1a73c26c7f83f68df
torus.out0.02545.h5	05a69c3a6de9163d3dece3992e720dd6
torus.out0.02546.h5	e9dcbd61ea1b57621b59959e205b550c
torus.out0.02547.h5	4e813839df0394fa951df5e3ffb00303
torus.out0.02548.h5	eba81bae17f1484bc39b96dcfa86c038
torus.out0.02549.h5	f4323abad5d50df9dee4ab8843674637
torus.out0.02550.h5	1fdb8519887c11fceb7f622371d1b25e
torus.out0.02551.h5	fab34909d20f8438456b92b2bf77bf91
torus.out0.02552.h5	e770d90e5ead1b362dc145f2c8a69af7
torus.out0.02553.h5	a0d2ea0067b138f1a0e4069f587420f5
torus.out0.02554.h5	ac077ff4311a4b09f6be441dd7441a31
torus.out0.02555.h5	0c401a9bf507f62bd2b5115407398bd2
torus.out0.02556.h5	b7c384487fca3783f68bf88aac8d3200
torus.out0.02557.h5	de1e0b3b4da0cbf8e999fbc6a0b64257
torus.out0.02558.h5	e4e2a5c7226a46034ab6a0c6a1a9b708
torus.out0.02559.h5	3017a1bbe4b43e6c8096d08128f18cd1
torus.out0.02560.h5	7dcd4397c47325923d427d9dda604e52
torus.out0.02561.h5	ed12d78d2cda1f7acdc967645debd08c
torus.out0.02562.h5	2de28e91beee0fca4659ebdd1160ea35
torus.out0.02563.h5	76810368366ec47d66f513039f0f4fe5
torus.out0.02564.h5	12c49c336fb0eec0394156d9a2140089
torus.out0.02565.h5	5df17cdb6d4e205697ad5188e9b578a0
torus.out0.02566.h5	d03173f17d51c71dd23744b63828d84e
torus.out0.02567.h5	85a6165900b219688029baae876b963e
torus.out0.02568.h5	28016b00d933863e58135f03c3a3fef2
torus.out0.02569.h5	664c858c470d74e552d3acf5fa706d30
torus.out0.02570.h5	a48b79dad6cd5c15542d242c2595267c
torus.out0.02571.h5	f304c28bcf95650c0ecaf3c975610b07
torus.out0.02572.h5	25faf02a5092abce251667c437276f29
torus.out0.02573.h5	0017af1ba51d761f7d18ae9599f4b9ed
torus.out0.02574.h5	db045f48508ff45410d7862c57ace6fe
torus.out0.02575.h5	1537d95c8bff1ff2d44637afafcee952
torus.out0.02576.h5	13f5188122ae54c2190ba0177cb7da4b
torus.out0.02577.h5	11168577495f13100da50f54b9171457
torus.out0.02578.h5	e7ab9ccf1cdec79fb66fdb46eef2c857
torus.out0.02579.h5	1a2f98d450e7a608ab1c14246d9862b6
torus.out0.02580.h5	4bb4febba9e0d59be89d57c6220523a4
torus.out0.02581.h5	0fbd482dcbd8270a20e4c4340c5cea7e
torus.out0.02582.h5	da28a77753317c9e8360ca0a7db52aa0
torus.out0.02583.h5	ce8d0359d75d6ed10e0198b5e8809867
torus.out0.02584.h5	5e75a389309e3868b13fd99e47bfedf5
torus.out0.02585.h5	48e461b6ec7f267e87748d15e1363dff
torus.out0.02586.h5	bde665fca0b0913c5a6ce6462f77437b
torus.out0.02587.h5	637af38f54598123daf4657e072f105f
torus.out0.02588.h5	8d7241781a3f4b4a7c0659dc761af198
torus.out0.02589.h5	b85939d50fe1741fd60bea90b46a7605
torus.out0.02590.h5	b166f097d991d359495470a4acda128b
torus.out0.02591.h5	6b5f021022863ceb8c4592e372026006
torus.out0.02592.h5	9caa5f51bb2f5c3d729d360ef2027683
torus.out0.02593.h5	b1867bab20365457b81e269e9bda9893
torus.out0.02594.h5	70bdfc6df03ea193f9f2e3fc041aa6f5
torus.out0.02595.h5	8a66b790d60ec2cbc2d53eff051a82c7
torus.out0.02596.h5	26d52a1c70ea894135c0f82623174942
torus.out0.02597.h5	0e938b5301caedc93b365a02f70134e0
torus.out0.02598.h5	e3da8f2df70089ceda2d3c8519271048
torus.out0.02599.h5	edfe7c1d79875c1240ed00615a77b645
torus.out0.02600.h5	30658cf4f094b29ed4398610275fab1c
torus.out0.02601.h5	9618f2c689db8ab50767c16b4e64a52c
torus.out0.02602.h5	19cababc2de3c498bec38b7b6daf1671
torus.out0.02603.h5	59f7eec62856497c02fb84b72edb5f48
torus.out0.02604.h5	c876431c69d157f8353a3c68d89df049
torus.out0.02605.h5	d7327b36d27c3517fffc92de4c9c0986
torus.out0.02606.h5	9dd021b1a9b3d2c4603c04e28a1e81be
torus.out0.02607.h5	db03be0ee172a8aaaa2d9e6a5aa67e55
torus.out0.02608.h5	b542ab282b5635e31e1af6bc2e14fa11
torus.out0.02609.h5	34ed52a87320d339f1cd164d1668ddbf
torus.out0.02610.h5	2cb22abc3212a20dbe1d5ac35c7b76ef
torus.out0.02611.h5	5070f5dbfae704622109c28a834944e9
torus.out0.02612.h5	8156b3be12478257636c5524141a2f6d
torus.out0.02613.h5	155b184e6c8075809537e1cae34d0deb
torus.out0.02614.h5	c36195ece4bcda28e7d98fce89ca293e
torus.out0.02615.h5	0502728db05122a69e5c39f942cdbd90
torus.out0.02616.h5	415cccfdb0f084b0212a2fb04ae451be
torus.out0.02617.h5	4b7b15fe9dc50f43d3af241e0eac19d7
torus.out0.02618.h5	1dbeae677cb3753ffb04f17d23dcc3ac
torus.out0.02619.h5	39cd168f1d7376b3738745e3f6b42966
torus.out0.02620.h5	eb8ce311d84903cf109c3c9b5b7de36c
torus.out0.02621.h5	9a7237b9805886cbb58662ad58ec5905
torus.out0.02622.h5	30c8958b51bae6fe24524cac8dd31c03
torus.out0.02623.h5	95bc242165b4e7f03f15dbe57e192c4c
torus.out0.02624.h5	61ee06006962ac07475a9847fd5da1a1
torus.out0.02625.h5	25a5175614ace15ee2868552f11db6e4
torus.out0.02626.h5	35834b8a863937b6d85b7bd49dc29c6c
torus.out0.02627.h5	e677caf043b5e5d7512f72d877b9425e
torus.out0.02628.h5	6ba25dd912e76edc9a3c12fe0228f9bf
torus.out0.02629.h5	fa57e18f36a3464e653c685e9c189d62
torus.out0.02630.h5	32f6c6d785e68d1cf8a96579c6004b84
torus.out0.02631.h5	d64b9a7742191e509f2e2e5121c26aa7
torus.out0.02632.h5	b26c69c813d91069e1375c86dea248a2
torus.out0.02633.h5	1f39cdb13b849596cfc159eeac400eb6
torus.out0.02634.h5	18229e833002d6263ae9a8540c6d9a97
torus.out0.02635.h5	87515ce737e85c85abf020cbf59f7d92
torus.out0.02636.h5	53bee3c4810d28d9109cac10b208b8ea
torus.out0.02637.h5	8e5179d38f5e0983c2dd3e0b6587864d
torus.out0.02638.h5	08d403fba6a20996b5a1b9e885151127
torus.out0.02639.h5	90f091d14f5b2a9eeacff3fbc6d8ece8
torus.out0.02640.h5	e72cb3bc4527c377e5e1fb261e938a03
torus.out0.02641.h5	dba632e2d185805c4b4723a69cef18f3
torus.out0.02642.h5	018a39c977d86ead060168ae48addcbb
torus.out0.02643.h5	0a7d3ce03533d8b4393871f2ed1cd118
torus.out0.02644.h5	44a752e93da2eb35921f5132e8e25527
torus.out0.02645.h5	9cb34aba36b8b91f80c6001d1dd630b0
torus.out0.02646.h5	bf76e62758af8ff3e1416f50e44f3306
torus.out0.02647.h5	9dd3ce4a94c90197382b1eeb53e3edab
torus.out0.02648.h5	c4b88ae33d1df0ac89cdbc54e3d1cf1e
torus.out0.02649.h5	d26b8ed06e43edece565ad0096aac3fc
torus.out0.02650.h5	99e427f996a00fd701e37af5c561f605
torus.out0.02651.h5	8e6e7143ea91e2cde67d112938b1c5d7
torus.out0.02652.h5	61e7904ddc14e750c82630befb06e278
torus.out0.02653.h5	e31295ff72e2aa36421b329423873343
torus.out0.02654.h5	77bb67a9d48dce1ab904f29795e13eff
torus.out0.02655.h5	d94214ca737a254ee07ff7cc2a243743
torus.out0.02656.h5	bd0291060b11ffd82aa6268977cfd8f9
torus.out0.02657.h5	690b7d731decf33680b4405d6afd8241
torus.out0.02658.h5	b65b0c8f82f753a192d88ecf198f1356
torus.out0.02659.h5	4d8f8413ea38f2f1421a27b3ab70c617
torus.out0.02660.h5	3d7ac211f3b3cd23a6a09de46a51f50a
torus.out0.02661.h5	905945533b6d01586ebfc8f8cee6c01b
torus.out0.02662.h5	f5dc188fe9fda62d320453f17196041f
torus.out0.02663.h5	e554e90780ddbb0bf9a86ac66b4213e8
torus.out0.02664.h5	370a8f0066cbf0e0b478d1fa45c093f7
torus.out0.02665.h5	eef99304d9267fedb48cbe8cf3a06789
torus.out0.02666.h5	316d165c718adbb0a7de5f7f6e826056
torus.out0.02667.h5	352451f7a547a3fc101606414231705a
torus.out0.02668.h5	5043b1cb90cd46553270ddfa259f768f
torus.out0.02669.h5	11d6f23f46b987e78010100702655414
torus.out0.02670.h5	351d2a68263a1297ac4a64843104e0f9
torus.out0.02671.h5	d22c82a85d876127046da9180274bcda
torus.out0.02672.h5	d54b2d4cc9effd5910871911f63462cf
torus.out0.02673.h5	1b2e048f88e475b56a419cc7390f4b52
torus.out0.02674.h5	b78d37d99cf2a55b4a9fd984cd82ddcb
torus.out0.02675.h5	72fa446604c3afd71df5bb5ccb41ab00
torus.out0.02676.h5	ce17388f34fc42375296e7025c6bd248
torus.out0.02677.h5	04236dade9b0f289fc71703368c610a5
torus.out0.02678.h5	560289f637d64376e3e87473e624273c
torus.out0.02679.h5	5f9e99f5d1c88d89fbb8eba039417896
torus.out0.02680.h5	d1ad58ec18c07430bbb5ba557344d6d1
torus.out0.02681.h5	a0555bb1121942bdda21508b2a19235d
torus.out0.02682.h5	ab38868d54392097535276f7ffdba937
torus.out0.02683.h5	c5b77d8ca29fa79438b2bde66c8781f7
torus.out0.02684.h5	7aa5c79ba19f37419ed74201233139ea
torus.out0.02685.h5	56e155ad3f3673d47cf0bd669d34b4bf
torus.out0.02686.h5	66e4bec64aa3b26c5d1436b972fd0e59
torus.out0.02687.h5	97ec04929959a95e058399077a72eef1
torus.out0.02688.h5	a3c3453ef3a5dd7f0f612e1d59dadb05
torus.out0.02689.h5	e4f003230c60c797f2452139bfa3b3e6
torus.out0.02690.h5	b4f098183d9813f3cb351c9b770cae80
torus.out0.02691.h5	faac2acbc453d5b43f0ec6ed899adf1b
torus.out0.02692.h5	8f15a8c15334ec03df61f1cddc0a4a4f
torus.out0.02693.h5	76a87a3c33314d6d3d01a80ea83de615
torus.out0.02694.h5	e23dc4c8134ea50b102b8e47ede00767
torus.out0.02695.h5	039c2a7a703e02833fc6217568bb470f
torus.out0.02696.h5	db77e67eddc5f33e27b1ba3e84e95c45
torus.out0.02697.h5	d2432ab5b668874b0196d1c9b41c83fc
torus.out0.02698.h5	298c63cb6f86efc35b5301fb68dc8119
torus.out0.02699.h5	65924a2afc7036acc9497471e95102f6
torus.out0.02700.h5	3954a73a53941694bf5e0a546afe9da3
torus.out0.02701.h5	3f5498f2e2db4207e638ab9a2187e276
torus.out0.02702.h5	7e124983072c2d8d95a79873cab01a83
torus.out0.02703.h5	ecf39f957fee41f0d9b2cb514564d30c
torus.out0.02704.h5	8075454c0ae9a1647fb4f46028a5198b
torus.out0.02705.h5	235e26821efe329eb404a128e0438ea1
torus.out0.02706.h5	4a5e2ff58293ef10c7ae03133ff4630f
torus.out0.02707.h5	3c8e174544156c42d343ad3ce0061348
torus.out0.02708.h5	24ded394a7a50c99cb0cc4ff1ef73715
torus.out0.02709.h5	349a6a4f4178c727a90737d0e35ad0ce
torus.out0.02710.h5	e6afa633105e24d7384896a6dc4bd803
torus.out0.02711.h5	a2580bf7abb2f1f9b94e2c605d77be9b
torus.out0.02712.h5	bf65604a298bdc3a839db80f6c4a19da
torus.out0.02713.h5	1cc8e9c64f705eb299781c6a33da5333
torus.out0.02714.h5	ce8b41fded6e08b85aaf48f0ce294e73
torus.out0.02715.h5	9146cfdb28e492a7e1a128933e7f68bc
torus.out0.02716.h5	34925e7d82b9d70a3cc1f6aeab6658e1
torus.out0.02717.h5	3706b93fbf6dfe8f6aead5c9489e20ba
torus.out0.02718.h5	eb123f2ef99cdb20b7727d520193eb62
torus.out0.02719.h5	5f44982de0a0c90f81ff5fbc5852e3d3
torus.out0.02720.h5	f4d4cb5bc183b523d76736abe4c49be7
torus.out0.02721.h5	f5eddff09ae88b9ec06aaf8f11a4e8b9
torus.out0.02722.h5	d3b72bdf9e3b65dcad87f350a9ad7a26
torus.out0.02723.h5	70115192031d5315924e0675562d6185
torus.out0.02724.h5	4d91a77f8405a17544410429106e5e63
torus.out0.02725.h5	c2efb1a9abff22928694111d4329dfbd
torus.out0.02726.h5	3c270240e6ffffef81629906a081d519
torus.out0.02727.h5	d4b83c8f10d1ecc1a00affffd321328d
torus.out0.02728.h5	b038f6783ab472024843b2bf641ec655
torus.out0.02729.h5	f4f6bf594382ddc43007ef451a969551
torus.out0.02730.h5	e1da5656dfb63ce9fada77b603a9fdb0
torus.out0.02731.h5	26548352195634c94eb1b9c21c9306b0
torus.out0.02732.h5	0b9f87c18d7c0774d9c3bacc198b1d8c
torus.out0.02733.h5	881573f93db8c698ed7b11d2c6accbbd
torus.out0.02734.h5	4263edf3354dc8656d64c359be69e434
torus.out0.02735.h5	025ebd81bc246d9ca02f1fbf64d4fc8e
torus.out0.02736.h5	b2bab21cf6bcfb584a501ac6f67cde00
torus.out0.02737.h5	072154153c670e0df555fff3269cffe7
torus.out0.02738.h5	6b10731d6118294d00ba2cf69ba34fa8
torus.out0.02739.h5	a0a690a0008d1d97df76a98e800bfa4f
torus.out0.02740.h5	c89430ef61df10f70790f8ef6b06f582
torus.out0.02741.h5	9eff13f4350daf2b74a3043d022bead1
torus.out0.02742.h5	e9edeeb05e5e5eb835c1ed9975f54e3b
torus.out0.02743.h5	da6d37fa14ba148ed9bc853f41da9f07
torus.out0.02744.h5	15d560fc53c0df36f22338c3e5e9d277
torus.out0.02745.h5	e7f5965faffa011a7a02c16af0f3d1d0
torus.out0.02746.h5	e233eb7f7abf34f2d9501df4fbdccd61
torus.out0.02747.h5	01aa39ef8f8bc5b84177768cee85b434
torus.out0.02748.h5	026c1aaf77773d8ef34d5e46cb6c450b
torus.out0.02749.h5	bf5d7cbd13dcbce5ba01df6dc456a56b
torus.out0.02750.h5	d8dd199efe858dac108df2b9e9eb29d8
torus.out0.02751.h5	2f9098ea193315191237a0d9c6a1d55f
torus.out0.02752.h5	fd72da3ca88a376c414de49844790226
torus.out0.02753.h5	2deb760428f6269414ed09ad794c2e15
torus.out0.02754.h5	f609f2113fbb0a7084b413acb6aeb99c
torus.out0.02755.h5	466524a822f9e9ebd19be6f2d9828977
torus.out0.02756.h5	5157ad60cecc23c28078f8b464a30e7c
torus.out0.02757.h5	ccb5b1c44d627bf696166a12bbc2e1e9
torus.out0.02758.h5	408bc79e2a260ddf35f873232a2cec95
torus.out0.02759.h5	3d536c27714c4df2e57f4c18cca845f6
torus.out0.02760.h5	92582504e1f00aa057cc6225dd29d850
torus.out0.02761.h5	2e58e8d7d33765663c655f754decd5b9
torus.out0.02762.h5	5dfda6a8b93ef834854315c3fbca7b78
torus.out0.02763.h5	133322108a191785d99dec38707e46b2
torus.out0.02764.h5	04f3b6d842a5ff35f63c813cc57398ff
torus.out0.02765.h5	bf2b55941da1a6932e4998738ce9672a
torus.out0.02766.h5	2c44cb81b5b1ee641255c16ed3924adb
torus.out0.02767.h5	074b18c62992ad88aa4042614825c886
torus.out0.02768.h5	991d535ceeafd82369325dfc226302d6
torus.out0.02769.h5	559db6c7cd9e559a4b5e16870b5b2fd5
torus.out0.02770.h5	4ef651b1ed2094147850da94428e93b8
torus.out0.02771.h5	21507686f01e79d361aa43743198e0b1
torus.out0.02772.h5	cf41f43872dd862e6689451cbe6e622c
torus.out0.02773.h5	263b52b745607d1d49d8a4ed2d47a2b1
torus.out0.02774.h5	f058de88358c6395c547f5f78fea49df
torus.out0.02775.h5	4c7a0957d9a8dccc0c130f5cbdc87f19
torus.out0.02776.h5	c28bea4a0accd52d57f86400e190feda
torus.out0.02777.h5	aa388e457fe962154e41bd3d22522baf
torus.out0.02778.h5	dbfeb7c4238c4767b5788b0fdd4950f8
torus.out0.02779.h5	4ff9a96f25f6f1849a08c8ea3d1509f5
torus.out0.02780.h5	512a87625c38db88af1e91e9c3cc5232
torus.out0.02781.h5	adae2d6f3961f1a334b98ce55935d98a
torus.out0.02782.h5	6262606ff27fa0164ae01c25a5d9a00a
torus.out0.02783.h5	3c0d7104ec37fb3651cb9a09efc529e2
torus.out0.02784.h5	d2278e418bddb5607d756950bfabdb3f
torus.out0.02785.h5	0c8fcc8343100c7b844dece9e8f28876
torus.out0.02786.h5	82fb4e962493f7ad11632468dfd298ba
torus.out0.02787.h5	0d655b3da580595e0ab3746776cb393d
torus.out0.02788.h5	e8c837178f60f820ce580ff0b7a9c230
torus.out0.02789.h5	2ce7d882ed554d41067b3e92e9171361
torus.out0.02790.h5	f1a5ff0d9314e0afae56e615825b80a5
torus.out0.02791.h5	d1221334d8e7abc01055bd5d4d664a64
torus.out0.02792.h5	269b758e2fd4c18fa76cc73ffb87db2b
torus.out0.02793.h5	4032c028544cbd333f47fcf9fae6714f
torus.out0.02794.h5	84574d8754816adb11ede6ba3157e4be
torus.out0.02795.h5	d3a01d35d2dc8c7b9fad9caf5e482f94
torus.out0.02796.h5	90dc0b6b7f071dd8e434bda568025565
torus.out0.02797.h5	c810502b60fbba68fc3ce189021184d6
torus.out0.02798.h5	5cbb58ef051a94774d6b03558bd7162d
torus.out0.02799.h5	7f6d350283f20cf777be49d4a5b64aff
torus.out0.02800.h5	8992ef22f49d6cc81d838c7b94340a0f
torus.out0.02801.h5	d0bbc98c96bd6bc42a58894aa52b81ee
torus.out0.02802.h5	689124c61c7b29cbe1174ec7373f307e
torus.out0.02803.h5	7af8db77ee36979973c46012a0ad2c30
torus.out0.02804.h5	72a1ae8f54f6b128ab1f74bb5c7cd517
torus.out0.02805.h5	c648d8305af8cc8f70e296fc0f54a755
torus.out0.02806.h5	affa52eb1f39c2a44a7320493a1d0b9e
torus.out0.02807.h5	aee90ee5580c94f8b21983b945f0e8a8
torus.out0.02808.h5	766518a2fc685a21aad8a549a71c7b04
torus.out0.02809.h5	cd0efa8ff270fd48fd7f1aa7a2c3a6a6
torus.out0.02810.h5	84fabb66d29ffa1ef64f782176941490
torus.out0.02811.h5	4c9b3d2b63ee6632d35627524ea83be1
torus.out0.02812.h5	b65122a54cba52ebcbfdeccad042c5f1
torus.out0.02813.h5	f4e567c9ed5dc6d1e9cb4eab6c2c3989
torus.out0.02814.h5	1c98bc8e12883ec0b282aae67f75e1dc
torus.out0.02815.h5	aae6058a67c2f44a0b46c404d81d23af
torus.out0.02816.h5	2a4170abc27006ec74ce31ac507eab44
torus.out0.02817.h5	7727a426cf307d5f24823b0a971a7b32
torus.out0.02818.h5	7bae443f71c6a7b93282a8733e194e1a
torus.out0.02819.h5	92d6c2db3c9e936ea420a566a88b8eef
torus.out0.02820.h5	0ec2b70167fea444f9f5fc1ddc7b164d
torus.out0.02821.h5	3ee8402675c8018cc8bb37d0653dd6b6
torus.out0.02822.h5	b8e0921dc02594dd5952da63be02cf1d
torus.out0.02823.h5	178bcddc42e65e9876f670a165af125a
torus.out0.02824.h5	4b9c28fa672ccc84da68619b1051d361
torus.out0.02825.h5	6a6a5511d330358e7e440465f5ba7c83
torus.out0.02826.h5	2a8974bd60c2b7e1a4e7b7776423a1c3
torus.out0.02827.h5	da9e25e0b83a79e6d0050ee6e46ff8e3
torus.out0.02828.h5	cc8bf231611a992c076db1a944c663a5
torus.out0.02829.h5	a68b04e040dde56e2b9f0481c3e6d377
torus.out0.02830.h5	ff363f5f5b7776e72fc1842f9193e3d9
torus.out0.02831.h5	3577f782e0cc266870bb0eb39c683880
torus.out0.02832.h5	d70658b5fb80fd6857953059a9a4eda4
torus.out0.02833.h5	dc36ab1515bf2f259d9bf0d995d0c935
torus.out0.02834.h5	8e33cde13e652540fa6e9a0c21680198
torus.out0.02835.h5	c17295f8f34cb928bbdcfb3cb7c05ab6
torus.out0.02836.h5	f2b8adf256864d27f89857e1f244c09a
torus.out0.02837.h5	ccd558c58047855dcc72697f008e595b
torus.out0.02838.h5	371f241f4a8ebbe1da402d90d24b3a44
torus.out0.02839.h5	a1c84781eb585a5a3c1151f693218ea8
torus.out0.02840.h5	71ca270173ebd63e8d4268594bd3e49b
torus.out0.02841.h5	3b668b65512d441226ea872645d40186
torus.out0.02842.h5	5f53405993ea9cac61b3467c41629142
torus.out0.02843.h5	4ca99d434ba23ee8e9b1c7ccdbbdedef
torus.out0.02844.h5	c783e6557141ebdd87be9b199fa069f0
torus.out0.02845.h5	44e0fb55549ad04966e99f3d0ab15fbe
torus.out0.02846.h5	0f08fcc9f1151329cba25aeb1c3a7a54
torus.out0.02847.h5	8b0f28021aae966f4d44898d3a260150
torus.out0.02848.h5	a754bc74a0e0af0162c62ab21409ab06
torus.out0.02849.h5	dded6b2436f95f8487564ef3864f2364
torus.out0.02850.h5	5b67cffcc6be14eb32a840c21a351366
torus.out0.02851.h5	ea4a17d529db72b05b0c4fcdafa104ca
torus.out0.02852.h5	189b25aadf7f74a62f9746da7feb78e4
torus.out0.02853.h5	774b4c94eec5f1189657d3f2d0da1e36
torus.out0.02854.h5	efa21a4ece65a28ce8eeefafcc16e137
torus.out0.02855.h5	8533c02570eebd84f254150b7072b30f
torus.out0.02856.h5	9667650e8f2af07d37e2ec7418ffe734
torus.out0.02857.h5	10613f3b662664e5f886bc3d932c784d
torus.out0.02858.h5	2dc1de20b47e516862056076d0296cdb
torus.out0.02859.h5	de86103aa341bf959965c89c1f8d0808
torus.out0.02860.h5	f5017a1285b23c503b647df79199981d
torus.out0.02861.h5	8da1c9d7856fb6872ac383ff4f920b9b
torus.out0.02862.h5	e655d6dffd8568b22de96c0459bff1fc
torus.out0.02863.h5	6a71d6508b2c34acacb2484b1029ab8f
torus.out0.02864.h5	a8f34fe6a205a7d12bbbc5a6b566a20f
torus.out0.02865.h5	c46ed234c865b71be3726cb6d2078bce
torus.out0.02866.h5	f9b1c66db7107f656610fa90416511f0
torus.out0.02867.h5	d001befce26fb5d670781dc617de4427
torus.out0.02868.h5	2671e80e93efa3ab9a73b511edd973ca
torus.out0.02869.h5	a93a43ce1dd696978c4478f1dffcc458
torus.out0.02870.h5	60ccb1ec7f2ef8ed2848f3ba2be10beb
torus.out0.02871.h5	e4e4c2ee1ab4faf55c9364fa473631fb
torus.out0.02872.h5	0318ef6f9105e40a3cb2ad4013117bda
torus.out0.02873.h5	b64215686bd2e3517a426a00bb570c8a
torus.out0.02874.h5	da3804cb498e721d2b0d3384e492334d
torus.out0.02875.h5	ba3e1433705dd93990c4170877249e4d
torus.out0.02876.h5	d4837570789f38b1497bfa299da57e02
torus.out0.02877.h5	54dbc81b01c79ea51b376f6ea34a2c71
torus.out0.02878.h5	08207277600f2f319791b068ab961581
torus.out0.02879.h5	f49d99a15019561f2c278b69edd25aeb
torus.out0.02880.h5	f3a3900a89b1563012b0a4da3bac0531
torus.out0.02881.h5	07b145f44e5a2ee80b18ba962199dc21
torus.out0.02882.h5	30783a0ec4b9073d858b517a15d3fdf6
torus.out0.02883.h5	4a18d7e4e155b95df92bce36c2571102
torus.out0.02884.h5	b527a79ca148d2ec280a3534c74c61ce
torus.out0.02885.h5	f79beca73f98c6c4e7cfbeb93a787e0d
torus.out0.02886.h5	4583f36445e21f566ffbd1b1526f46b0
torus.out0.02887.h5	8b8afb19d4a4a834d056da11b7ac694e
torus.out0.02888.h5	a96bf847f4d10e722f3ef4a209d7a366
torus.out0.02889.h5	ce42de7b25c5c338079a96c2633d79c7
torus.out0.02890.h5	4b7e06b0b64438bd1949f8d205eb527d
torus.out0.02891.h5	6c8cd6cb6d0f799549d44a682fd251d3
torus.out0.02892.h5	634bb31cd10010fa3b10a2e450cbbb45
torus.out0.02893.h5	be887c91520b65bb88ebfd3a90d0d48b
torus.out0.02894.h5	0e20e9612c2a6f00074254eacbe1dcfb
torus.out0.02895.h5	d0d2b59a66a3241d063a076cda35b2eb
torus.out0.02896.h5	702e1c0e7743be2025dcdbd39549bfe2
torus.out0.02897.h5	36601dcf962883abff51dda865b3856a
torus.out0.02898.h5	9b06b4783545d211166a2cc73d461707
torus.out0.02899.h5	f252e642ac938852f6d27f0d9ec4f74d
torus.out0.02900.h5	cc61e93c1a97ff6cb09dec87d0772cbe
torus.out0.02901.h5	5491530a6af0176ed91edd69e1a3b88a
torus.out0.02902.h5	c7d9a6c371d8037ae0799685c964d68f
torus.out0.02903.h5	5ae10536a814be94c91a0c1e44aed463
torus.out0.02904.h5	feb3fb22b14ece8ac4285679d425d6cb
torus.out0.02905.h5	13f346bf2b3e51e7a40bb5c3a58007c0
torus.out0.02906.h5	b7ff41c084780a90fd651ec4ac8648c7
torus.out0.02907.h5	9d054c58ea00c304bd914b47ed1ded24
torus.out0.02908.h5	fd4ec7091c4c536e5524b695415d3ddd
torus.out0.02909.h5	adb6e60f4274cb615cac64bb01114528
torus.out0.02910.h5	9967f2a0f2f4ef9a9d14d956b37c4fc5
torus.out0.02911.h5	abb69e7084391212d5a3769882f830c8
torus.out0.02912.h5	c5c50ed7315eec77040b493cc8f818c6
torus.out0.02913.h5	46892f545541eb37d031d27c3794f2f7
torus.out0.02914.h5	a04391628f8028075dedb10138ae62b7
torus.out0.02915.h5	e097a46f6b1e781b2b5568e89cbd97d1
torus.out0.02916.h5	3ef26ebb36df56146875d027175f0b67
torus.out0.02917.h5	70f9c5a7224d509fd0947a3fe53bb093
torus.out0.02918.h5	0a1fd82a7b99256b5d58d0da70f250a2
torus.out0.02919.h5	a0ea0a872761f1e6a35d9c76291b17bc
torus.out0.02920.h5	e2cd3fd4674c84c43caa2cc8be7e8f64
torus.out0.02921.h5	b3d6de4eb317adad5d468b42c3dd6132
torus.out0.02922.h5	b82bfcbe6027688adc1fafae698537f6
torus.out0.02923.h5	0d30c28bd6ff932414f7ed0595410418
torus.out0.02924.h5	05a01b9bc0b7decbb9302fe60da70ca7
torus.out0.02925.h5	734e065953eed7686a2ab12b59da7049
torus.out0.02926.h5	9f7ef7a069be0c7c76a09b4c7533cda6
torus.out0.02927.h5	e9f90685a837e420db9858fa9e5d35f0
torus.out0.02928.h5	c4786cede6116e9cba7a8271cc553754
torus.out0.02929.h5	8313a145af43c9c5480663db0bc4cd2d
torus.out0.02930.h5	a02b47c4a56d9acb618074f196cf1be4
torus.out0.02931.h5	9e9288ca2b9af693f2a8596436f4e5e3
torus.out0.02932.h5	81049ad8d225eab622836a373662e7c1
torus.out0.02933.h5	b6f9d99a2022b8246513118bdfecad24
torus.out0.02934.h5	36d580d03b0af110b2052c93cafd5a16
torus.out0.02935.h5	2097c4e5780b5c3b282d72f09210674f
torus.out0.02936.h5	5e2ec7864cf7e426bab2030c471aa36e
torus.out0.02937.h5	cfbe37742278d384b297348c14cde170
torus.out0.02938.h5	f27210d8069758ffdff11e5c56049fc1
torus.out0.02939.h5	352b8b30052ef452a5a585d82de8beb0
torus.out0.02940.h5	32899a68f156b430fc2108bc1760d654
torus.out0.02941.h5	338276f2556ddfb8327ceb9bca3faa81
torus.out0.02942.h5	a134c58fe5512bd4be1007f26e72cb05
torus.out0.02943.h5	16984928c3bf67d4f31908bd40af8def
torus.out0.02944.h5	40ad03b11141f622d033ae51ab864788
torus.out0.02945.h5	2ab1c95803e549205041b22b3c598ae5
torus.out0.02946.h5	193fd33a2d3dd4a1a264263e3bfbeb52
torus.out0.02947.h5	66761e478ff32a15a812aa5a06bd7534
torus.out0.02948.h5	279071a7aaf38f66bc8911eb3792785b
torus.out0.02949.h5	8861434d6fa354e44eab0765d7bf144f
torus.out0.02950.h5	249b0e1172752fbf84c9b11455e8e7ad
torus.out0.02951.h5	4cb0388d97092381e9374d5aa614c67e
torus.out0.02952.h5	77408a396ebecbdebb96d51dd1998451
torus.out0.02953.h5	e061c5f7952ef361c9805d636e56de40
torus.out0.02954.h5	79aa03a6ae1799dc7fb9ec9608c0e277
torus.out0.02955.h5	658d55c4db409a8a8a75ed7d32ff5a26
torus.out0.02956.h5	25df5c2da6ad1cb449498e6f8051d6db
torus.out0.02957.h5	5358abd31dfd28827b44be2d57fcdf4b
torus.out0.02958.h5	eb5c3d3b28bd682d206f171144be3f89
torus.out0.02959.h5	fad185cd8e6b8c91a8957b7303e47cf5
torus.out0.02960.h5	1ea2d1c34e57c08b1a7aa69655274113
torus.out0.02961.h5	b4832bcc3d99e377445322b4607c91a3
torus.out0.02962.h5	94621061d7396b2bf6db2f7592759624
torus.out0.02963.h5	fc8f84d3613b7010915fa9a8c2bab13e
torus.out0.02964.h5	709041d07f655cc34a9f5efdda02a573
torus.out0.02965.h5	1d47ee73de7e3ae52382d98e7f18d869
torus.out0.02966.h5	55bd6bbebb90623b374ec30fa4354499
torus.out0.02967.h5	0341af99b47058620025949831551dd4
torus.out0.02968.h5	2bbd19bce3ae4d161722fef5e7f047e2
torus.out0.02969.h5	d186f84e8828c9cb8287bc8cc651ef6f
torus.out0.02970.h5	5c3512e37472b999e630e4811cd10496
torus.out0.02971.h5	28335d4cbc7a4950680a595c78fec637
torus.out0.02972.h5	97eb6f4f46052dd49a6d078d5da3ecd9
torus.out0.02973.h5	ecc6c627d161f28007e99c17555b3703
torus.out0.02974.h5	dde0135302218f22b755962deca575d1
torus.out0.02975.h5	2b4dd6c519248ae596bc9065eafb63c8
torus.out0.02976.h5	5df1e56a4005f77e7d9597e3ca9c9ab2
torus.out0.02977.h5	ab4aa8272e94bc04dc3de36409c81054
torus.out0.02978.h5	e80db5e8a3267d87a83539bfac914309
torus.out0.02979.h5	e399bbaa9e3cc0341e163b80af12f47c
torus.out0.02980.h5	05ba0344cc33885c8c18f4efee4e7c56
torus.out0.02981.h5	31bc8cd36dd644f574ac4ed1ae5223b9
torus.out0.02982.h5	172932b78a5e1685ea19d0c828353959
torus.out0.02983.h5	cae93cc7804d39721ee9c2d395c2aab6
torus.out0.02984.h5	88f574db18be2681b9980555f537df3c
torus.out0.02985.h5	98e9a978ea20627dbfa8918a4f73f724
torus.out0.02986.h5	e107902903fa386a13be8c138099edf3
torus.out0.02987.h5	716a97d194e8c5dac4c785c95231d4bd
torus.out0.02988.h5	4fabe69634b51bb157cc2ddb29dd0abf
torus.out0.02989.h5	f5d10cdf3f79e3e8f7004bbafc8034c4
torus.out0.02990.h5	17e3dc0da407bfcc796f89a601078328
torus.out0.02991.h5	4b33752c89707912da12aa3b2d69806e
torus.out0.02992.h5	51bf239453962fddf6a2fe9d7d11d5df
torus.out0.02993.h5	e811b59f1ae85b54ab599e757c876179
torus.out0.02994.h5	b6615ee1aef2cf62bf6ccbd408657e12
torus.out0.02995.h5	6780f8649111af195a056d74f8ca7f84
torus.out0.02996.h5	65f328811253d2d23e993ade952813a9
torus.out0.02997.h5	df2e588a7d2cec1043b4ba33b7cbc2e1
torus.out0.02998.h5	0461e830c3f3ac13d170e41cd7072b6e
torus.out0.02999.h5	54714bb89a8af02c816743d37e3d7612
