torus.out0.02000.h5	5082dc00e909dc6f590c97c76f1408a0
torus.out0.02001.h5	f85fa3ddd3f5bc04dc64eb8bbaf66044
torus.out0.02002.h5	bf52427864b0e5103ab80e87dc6b8798
torus.out0.02003.h5	6d601ef2cf47b3444794ca11dde5676c
torus.out0.02004.h5	733623014998cd72b8d64d90331730a4
torus.out0.02005.h5	f73921cc93913b47c5c55d66ec2ce9c2
torus.out0.02006.h5	36a0b31bf867aad1ebf5abdd29a6acb1
torus.out0.02007.h5	7b3251eb4036f46c19f90836ebbd5ada
torus.out0.02008.h5	0db45dbcb43b8493568680b2741197e8
torus.out0.02009.h5	0bb7ccc379f2571c4d3a8a30bfc85965
torus.out0.02010.h5	1d9068b9a67de85f81bcc31cb6bf8cab
torus.out0.02011.h5	458de0c4311e2392a183793f00b92151
torus.out0.02012.h5	3bbef5583f6b216509e416ff3a06c9b6
torus.out0.02013.h5	9fa11549723abce79b8fe0ac96521204
torus.out0.02014.h5	de95180cfccfdb4d74bc0d14bbaa3e22
torus.out0.02015.h5	4224580f573414a5639c5abd02f1948d
torus.out0.02016.h5	b537dc9ef21f33e409b5a941616c101e
torus.out0.02017.h5	8b0ec2dbcf85ab348d11b540ed9133dc
torus.out0.02018.h5	91041e1942a2530e44325bf2ef7fd34b
torus.out0.02019.h5	90fa2c8c80e62b11fb72874a555fd2c2
torus.out0.02020.h5	fc408847432ecba38a512c84aef9ca2f
torus.out0.02021.h5	678d62ac71f9ffc36f059f787ebb3d43
torus.out0.02022.h5	17ec12ce973d18c57965a17abbf40d37
torus.out0.02023.h5	dea6f91bcd5a37b97e774cef33c2da9b
torus.out0.02024.h5	aea899e5da24d3d51a93781a844ca45c
torus.out0.02025.h5	364a5f61c483a1b7794a6a9c06eeea3d
torus.out0.02026.h5	1d579cc5cb29e9151e148e8659383fc9
torus.out0.02027.h5	9f90e39d21d62d04677c60b37dd9bbdf
torus.out0.02028.h5	5015647d881df119bc04dee9a9437f58
torus.out0.02029.h5	f6d546fb0e42ae44c549314939319266
torus.out0.02030.h5	aea15533145cd99389aab9fef3958759
torus.out0.02031.h5	105da07f11655631797cc7ac9f84b3f6
torus.out0.02032.h5	80d6eb87f6a840f8aecb3f8a9eefb6b0
torus.out0.02033.h5	df819d1c28f8c5f10b3121877ef3e5f5
torus.out0.02034.h5	afcf004fef992a3072eb8683bb446586
torus.out0.02035.h5	11262b1c79012ff4110af4a47be1722a
torus.out0.02036.h5	15aef2879c74ff62dc16aec60ab28500
torus.out0.02037.h5	2eb56cc63ad73acc3d0044278e85251f
torus.out0.02038.h5	2ccf80c108e09179fa8db06d0a410a26
torus.out0.02039.h5	8bf58554cba39957d07de656fb847916
torus.out0.02040.h5	e4ee1b7b6679ab129bafeb1df2808d6a
torus.out0.02041.h5	25515559394159139e43ffe471042605
torus.out0.02042.h5	414f7a7dbc8999e8020f489a6475bca3
torus.out0.02043.h5	19b1df5b3a4d736ac640fdde07e259b7
torus.out0.02044.h5	cc90d01545f46116005ff19ac2589fd9
torus.out0.02045.h5	446fe9ea6b9b33db7f33f7ff7f385179
torus.out0.02046.h5	39422b9e44b0151f185b4766d31c1964
torus.out0.02047.h5	fe597479829cba105c07091b52ff4459
torus.out0.02048.h5	304bd0fff993685d90cc4d655979d9ac
torus.out0.02049.h5	09e3febdb06ac1f563657f86d98c7941
torus.out0.02050.h5	287cfd52c080c6813edba8ecdece0a79
torus.out0.02051.h5	d617afb8ae8f9b8289e76407ab196f76
torus.out0.02052.h5	85e731af826cfb867747c78da95cd585
torus.out0.02053.h5	664f5a9306acff73e69548467ff37a01
torus.out0.02054.h5	71e1e26aa5720c385d50c86e05882e9e
torus.out0.02055.h5	307d719b1fecefc479d8732986cadc3a
torus.out0.02056.h5	80b3d3da130dadb543c801d80442c198
torus.out0.02057.h5	448905c6d95303517f42df01aeeca2f0
torus.out0.02058.h5	a00d420b8646a932a07d34e08a780599
torus.out0.02059.h5	d7a21b0e8e6566cca5a08e11c00e8701
torus.out0.02060.h5	58dfe6c3fc39abf22e4ad4ac9cb7f663
torus.out0.02061.h5	5e03cb5cc2aa52ef7851560d34095efc
torus.out0.02062.h5	48bad4eca8324e5a6c7cafc64f35ff8f
torus.out0.02063.h5	4e83c033b26817094b16fbc91d1cbd96
torus.out0.02064.h5	0664b5634e3a9ac71298df8d1721fe92
torus.out0.02065.h5	24384060523b0243ea8840dd388c0688
torus.out0.02066.h5	fef695767065c0f90c732482b5d2c80a
torus.out0.02067.h5	47179e0598601e0879bc3192b85d4a91
torus.out0.02068.h5	5cddb5e197ee1ad12784dffd53b23620
torus.out0.02069.h5	b3e3e36a17efa547a520e32f3c6c4f07
torus.out0.02070.h5	e6a0f588bcd57feccb4239e104d5550b
torus.out0.02071.h5	4b429a05ef15e98e703aae324abb9e8a
torus.out0.02072.h5	b326acfd116d2afe22132745841ab788
torus.out0.02073.h5	d812ddfbd1f819142b7d2682665cabb2
torus.out0.02074.h5	997853191a05449f3e28032f0553fba1
torus.out0.02075.h5	3668ae786d4e9fb06fa2a2e5e016ecec
torus.out0.02076.h5	9647d16872bb2caf556530d17b630f25
torus.out0.02077.h5	2f996e0e115b37a6c56b15d70a62d2ea
torus.out0.02078.h5	964ea9bc6974ff5f16de8224cc3a9ca6
torus.out0.02079.h5	a1e205ae0044c76426b3730b30a5d4ae
torus.out0.02080.h5	4ef3f98919f36a4625190c0f90d6da06
torus.out0.02081.h5	22aedd06ad5a0e370eed413a09cc50a0
torus.out0.02082.h5	7aa41884db2e1e1705f133c68ef74d4a
torus.out0.02083.h5	babff9b91d320c0ae9cb712a99040661
torus.out0.02084.h5	5986c0cbb05656b63db3fbc21d3709d2
torus.out0.02085.h5	4afd46b94b96fefc73f94f352dd5d97c
torus.out0.02086.h5	6feb3f7b32c1833c4ad2ddafed7b0fa0
torus.out0.02087.h5	4e92acbd96b9001778925ece34439f57
torus.out0.02088.h5	658dbd885bdee5bd8dce378d409ab033
torus.out0.02089.h5	e5b32bdda713e215de080c9bb44678e0
torus.out0.02090.h5	aa0c6141d227275d13052c0f53a7f75a
torus.out0.02091.h5	48f8ebd8f386c6ae5ebe343cb205b8e3
torus.out0.02092.h5	37f1190b95a8ab62ec8de72da70abe7d
torus.out0.02093.h5	31e93b338cd123c83662652ea71e2027
torus.out0.02094.h5	4dfa448102384f202875f835ac3d3897
torus.out0.02095.h5	f0e3fb96c20e9442448edc86284ee589
torus.out0.02096.h5	c62eb342d24e76f2aab007721664b182
torus.out0.02097.h5	5e57bd4206f34b41eab22cde18bb6acb
torus.out0.02098.h5	3793541df6ffcee70aca89532ce8e4f6
torus.out0.02099.h5	a35811188ce3c0380c6063fae8572355
torus.out0.02100.h5	ecc60df66ebe99e83099a973d5a3b824
torus.out0.02101.h5	a97859b1dee17a4f2ba1cf3794854e21
torus.out0.02102.h5	6009c4ab07aa88bc98142241a665d1df
torus.out0.02103.h5	860a44bd4ae66c78b0f6d4c1f223c45a
torus.out0.02104.h5	dbd275cfb82e3d830b6cecd3d043de3d
torus.out0.02105.h5	13af287a79511430abab55e9ffef2748
torus.out0.02106.h5	ed2fd12ce00af74f1218bcd31ad13913
torus.out0.02107.h5	0ef6fe3455cbe3cb7bc8064d62584e0b
torus.out0.02108.h5	0e46040f842460ed62bad16d14314871
torus.out0.02109.h5	ddab2ff63e2b1d91468130b02719f2c3
torus.out0.02110.h5	bd41b3c64d3ae4d655a6d44f7db16cd6
torus.out0.02111.h5	ce8da0a35305cf6f392fea5ec0b7e38b
torus.out0.02112.h5	b64e789c54a69353590f26259ffaf800
torus.out0.02113.h5	7dd37ab546e378f864b74acaaa4df94f
torus.out0.02114.h5	8dea914b18b57a48fb0cc314faaa1949
torus.out0.02115.h5	b5d5570e3a57a1e8cb14380a77767f10
torus.out0.02116.h5	853341a5ac7e8cddc4d594b7813dfe25
torus.out0.02117.h5	826095e130d076f50e4f22bbda997a94
torus.out0.02118.h5	880af82d727d784c9efc4f70e685d09b
torus.out0.02119.h5	33253337445c5dac806a829a24682a2d
torus.out0.02120.h5	02b654e156398297ba0e0b1f314ab5c4
torus.out0.02121.h5	afd7134992f2410372c5a04a9f01363f
torus.out0.02122.h5	5999ecefa569c039a1a526bb7cb4f9a5
torus.out0.02123.h5	9aaa88ec01e5f8db25763b9b2484bce0
torus.out0.02124.h5	5da3192be6c5fdd05b9d2360fca85470
torus.out0.02125.h5	2a1db05006726cb1f1bd8782d912e9b9
torus.out0.02126.h5	a2e734b7fc8b62b0b3d500baba29d3b4
torus.out0.02127.h5	22c5c5ca6a11def4024ce75a97475710
torus.out0.02128.h5	86624670a2135bb804338af4bd053f15
torus.out0.02129.h5	a5b2d0bd572ec1c470f5952a4c3ba558
torus.out0.02130.h5	69b8ce11b2263b238e0d8701baa61c82
torus.out0.02131.h5	142f3e91304471783dea52a4f8e57a74
torus.out0.02132.h5	f1bf2c92a7ebd2a55af8f6bf19d834c5
torus.out0.02133.h5	5e26f13bce6ef2191040dd8bcc7c0bef
torus.out0.02134.h5	26505fcd29aa7b26f6a75c0dc9a95092
torus.out0.02135.h5	ef29fe48299fdf97ba884a1867533c47
torus.out0.02136.h5	b100d3ebb0611f395a03ec9ae35b209d
torus.out0.02137.h5	24078283e67b8c00c7c642b182f40054
torus.out0.02138.h5	00741af3010a802b29bfba13755cfb88
torus.out0.02139.h5	5666782d45c92e824b5e81e6f4d91a6d
torus.out0.02140.h5	d125f841d8622e3f5fa621cc4f6df644
torus.out0.02141.h5	efb3f261c1b4a680287a87d297a11faf
torus.out0.02142.h5	28ac183118ecd30469ceb3217b2e65e5
torus.out0.02143.h5	7678bc6734f8e72b5163b894392c8181
torus.out0.02144.h5	526bbaca6ecff45bcacb693a16053f9c
torus.out0.02145.h5	4f2364f03f60010bd45ed79098f7ca61
torus.out0.02146.h5	df245b25be9c64e14b87a8075cc5aeef
torus.out0.02147.h5	83047318ad84b05f82fe4b49157588d1
torus.out0.02148.h5	d123f273261bf318e127c8f7a0f62dfe
torus.out0.02149.h5	a79cb296860c45e024e9a48fd9623f9a
torus.out0.02150.h5	6dd305537bb7f7d0a91ceb957fe8f23b
torus.out0.02151.h5	40e16862583bff334548598add2bf81c
torus.out0.02152.h5	87ab4439e5857cea0ceca264f3d41711
torus.out0.02153.h5	558dc40217411bbbcd24f266e2051157
torus.out0.02154.h5	58d8e975af9df07ae6c892f5a0004470
torus.out0.02155.h5	3554a4b45bcb77a5c3fac0847eded16c
torus.out0.02156.h5	eeff8041d2c207657382becb7eeba089
torus.out0.02157.h5	323211a9a15ec6af07b43585f83a81e0
torus.out0.02158.h5	249f77d742c22d4c9ae2861d0a65c711
torus.out0.02159.h5	16de5585c496d74fa5dfcbd73ac51ccc
torus.out0.02160.h5	aaf07e98d867fbfcb2cd775a578c9c88
torus.out0.02161.h5	85bd5c3f651ca0d59569cca21c0e24f4
torus.out0.02162.h5	0f34653606f30716cd36afd90b226a6e
torus.out0.02163.h5	752e80ed1932fbf47e4cdef5aabf88a0
torus.out0.02164.h5	636e02a6d782796ff326dbb77007dd03
torus.out0.02165.h5	6c3cbc8eebd77453d12e6ce973c1e155
torus.out0.02166.h5	5c56c327ba66fde93dbde384cf6da03b
torus.out0.02167.h5	fbab8238bc23a65b1f8a34efde21b84f
torus.out0.02168.h5	f48ff5932c14db539b390046d6dd4753
torus.out0.02169.h5	b02af5f7926ac45a78e07bbe5a6d8bfa
torus.out0.02170.h5	10e9cc57207fd98b15a1c1e23cc31e7e
torus.out0.02171.h5	f3972af7b4f79701914177f6b89125b5
torus.out0.02172.h5	0835c62a5e9031a14eb5814f2051d25a
torus.out0.02173.h5	03f102e01491b1b643b2ef1e9b1a5be7
torus.out0.02174.h5	afed0f80cd5304ee413f949f265652b4
torus.out0.02175.h5	e23794c4532d8a7c2a0491d9bd14d4e5
torus.out0.02176.h5	d41425fd4e504f68d161bfc3652e05ed
torus.out0.02177.h5	8c30ccdfed78768d55426c547ceec79b
torus.out0.02178.h5	54782b16b8b358f91624855c54505040
torus.out0.02179.h5	2e18e7610491607c7876ab45f54d7930
torus.out0.02180.h5	1ddd48b7190362c196e1f8e9f4959647
torus.out0.02181.h5	39ae830436f5ae3721b5dac56da2b05c
torus.out0.02182.h5	85e7ede22b0e176848bbca1d35d03154
torus.out0.02183.h5	ef536eb185a845a35381f85c3959720b
torus.out0.02184.h5	6586711a714d8cbb3ae3003c7f9217c5
torus.out0.02185.h5	ca9e7cc0b9c9dbfffbec14dfe591aee7
torus.out0.02186.h5	7d954d4003c0b50fadf1852a3bc2e1fb
torus.out0.02187.h5	55afa38ba7b5c5d0c1f36839b2c35f03
torus.out0.02188.h5	a1cc655f088c0fde793a2517be05aa13
torus.out0.02189.h5	81fb6cc05f20aaf70d31bc3ff4ff0994
torus.out0.02190.h5	42a77fce9af94183659f9a213debdfb8
torus.out0.02191.h5	89f012388fc35a533088d93ed813bc94
torus.out0.02192.h5	9901fc7c1ae07e707faa360fa784c497
torus.out0.02193.h5	6559be507066cb9e0c90871caa700492
torus.out0.02194.h5	9496d0ff70e57ebd5452cbbc811dd753
torus.out0.02195.h5	141434b81709d362013bef8f2958fd1d
torus.out0.02196.h5	b90b1f877622077d9b63a6091b720d8d
torus.out0.02197.h5	88c3a2a83fb2ec301629ddc4cb79a1ed
torus.out0.02198.h5	57de9ed2e2b41564a4239096ebaf28db
torus.out0.02199.h5	0852fdec431a818d1e8432095f491633
torus.out0.02200.h5	cfaa1d2fa768d3a3c3ac514a64168422
torus.out0.02201.h5	188823c8a61cbf961996b4293f112444
torus.out0.02202.h5	190ca364edbe54e0619599a361cc847e
torus.out0.02203.h5	8b87159b9d93e48d9c071a805a65985c
torus.out0.02204.h5	ba615094e02691bf0c2df0c705c8f377
torus.out0.02205.h5	c155f01ffe40da402a82a81a08f80f18
torus.out0.02206.h5	743b98e10871688385fd59d2174afdd7
torus.out0.02207.h5	0b2dcfe299d08de962d068fa551e2f78
torus.out0.02208.h5	a90b3ebe5afc598992fcf33bfb876406
torus.out0.02209.h5	e097f9c6bf365b92d47769a55c04f413
torus.out0.02210.h5	ff523cb08c5ebf2523ed63585171859f
torus.out0.02211.h5	d142eee7f2ea94236ec44d4976af800b
torus.out0.02212.h5	c70d554f987972c39f82c57bdfdf85e4
torus.out0.02213.h5	42e42a18e48d085b310659c320ca878e
torus.out0.02214.h5	99568fca61c11985e5f3dad8d53efd65
torus.out0.02215.h5	9dbb90853836f00bd09ecf614151105b
torus.out0.02216.h5	d2c175f06cd96baae3d9fd989fc5a2a4
torus.out0.02217.h5	23245d226bd408d61bf42cff2b3111b8
torus.out0.02218.h5	3d4233fd5979d1bc9df15c8539b0dc38
torus.out0.02219.h5	a3fd5b74120174e7c53f5005ceff62f6
torus.out0.02220.h5	ab4c3a6302ed2b7f9f0f58257552b522
torus.out0.02221.h5	2a2cf5bcb211030ba2624932b600a55c
torus.out0.02222.h5	8e301171e4aaee7438bd989761b18557
torus.out0.02223.h5	17563235fe1299cd4892056c616f46c2
torus.out0.02224.h5	bdb58cbce7d8c4c67710e0d8885d544d
torus.out0.02225.h5	616c4c9e662501c5f2e961572cd7ec3b
torus.out0.02226.h5	23ddf53de60ae8c476c2a5caeb1182fe
torus.out0.02227.h5	0d7cc0b32489e13098c82aaf0a351322
torus.out0.02228.h5	0c3ca9b5779c647acc289c106e4407d3
torus.out0.02229.h5	e4a14dd91aca9a4bf75c775c4fff8e23
torus.out0.02230.h5	5b050d6709f22146238c0183e3edf6a0
torus.out0.02231.h5	46b3f73af1768ba45bf5d285b18a5d32
torus.out0.02232.h5	24715790dc7ab4249337a13f003d0707
torus.out0.02233.h5	ab6fdc9fb1189042b674eacac4f9f875
torus.out0.02234.h5	e2a34da8bd77a9db70b8fcd4ff18dfe1
torus.out0.02235.h5	ad83544b8719616a6b749a5366f28d92
torus.out0.02236.h5	3a25c545dd15da9e211e72a218e18472
torus.out0.02237.h5	31f30dc6e1bf4626167df3688589ae40
torus.out0.02238.h5	084c502f53b30e3ad8b7eea2f7da465c
torus.out0.02239.h5	c7b05e204a85fccb8a3fff347e797ff7
torus.out0.02240.h5	69e6237a4b709c9257d97502bc4d79ab
torus.out0.02241.h5	3b891d6364cc926813a166f28bbde0b2
torus.out0.02242.h5	25e51df23030813d7ae96c15f7ab1347
torus.out0.02243.h5	014d636e5e08396339b3f6e2d2981198
torus.out0.02244.h5	28fe8a018f7665e6614215ee37dc384e
torus.out0.02245.h5	36fb0c9494741ff0d005a2dd63a03fd2
torus.out0.02246.h5	0759f2979eb8335553ae1c8643dfff6b
torus.out0.02247.h5	17524a4fa05f4ec7d2f5ffe85f33b8d2
torus.out0.02248.h5	4db5ccaad69810a62a26c893c62cc3e2
torus.out0.02249.h5	d33a90d78b4391af50ec800b7c38eaec
torus.out0.02250.h5	df92887457ff8eef5d87e47f1cc3d63e
torus.out0.02251.h5	8a9e541cbee855818b5254575b772252
torus.out0.02252.h5	fca9c165f10d670f2feef83c205038ef
torus.out0.02253.h5	fc94f55ccd55da29fcb269a899945ab9
torus.out0.02254.h5	13f1c9217e4dbc38001378c6408f1398
torus.out0.02255.h5	b9e64a349c06e147f06858608cb37599
torus.out0.02256.h5	61b7d3197c66f564c64a016180a4841c
torus.out0.02257.h5	9bc3791abbe16efe01b1c18898daa62e
torus.out0.02258.h5	2e823f4eadd44f9e60b70a6e790db023
torus.out0.02259.h5	f4e6400bcbf8f2ccf431342576a54b15
torus.out0.02260.h5	b5a33e341dbedcdefa0712c1a04735e5
torus.out0.02261.h5	bf410300e0f9e14bc21cdcfa649f3d65
torus.out0.02262.h5	c3d214b9ea23bf25092cb185489ecd50
torus.out0.02263.h5	cde6edc70b817fee12e653ad32e08144
torus.out0.02264.h5	f83be06a1ea5fd430c1e3ce67b06b0aa
torus.out0.02265.h5	45371662f199bebc2d91f70a77cac2c4
torus.out0.02266.h5	1a24112ae0546404370032ca96e3588a
torus.out0.02267.h5	c80d3d1f93a09bcc03aee2bcde6410ae
torus.out0.02268.h5	d33cc8dd1fbb03f02a52c6c5cb3440e9
torus.out0.02269.h5	8d0373fc2af25f7ee2a2966de056d0fd
torus.out0.02270.h5	10aae4b4b07efaa3882c06373b4316e2
torus.out0.02271.h5	3b1466cf7348afd65303ad084006e2b8
torus.out0.02272.h5	96d7d1882b5a977c526c438e9265ecce
torus.out0.02273.h5	f385009a0c6203b261fdc21c28cdd444
torus.out0.02274.h5	52c6bda47cb3e3af751ed3356f4c491f
torus.out0.02275.h5	b3f86bc8de8d9d76919c6fec34f5ca74
torus.out0.02276.h5	34a923d74f8e8dddc07d6747a5433ba6
torus.out0.02277.h5	3a017907fab045ea403c022c7022d227
torus.out0.02278.h5	904da303f33248e20fa1b1dff6fa6a51
torus.out0.02279.h5	c899ac2ab5313cdec420acd01db36b56
torus.out0.02280.h5	6996f864792e0e95560dbf1f03eaaadc
torus.out0.02281.h5	9ef5b8f40a732f14a69191ea56bbdf78
torus.out0.02282.h5	2d9e412a3f4cded7c6092370c2898e9b
torus.out0.02283.h5	fb4caac4a2dee29ebc42c7aa076447b3
torus.out0.02284.h5	275a448aa0848bfc708ac566201362ae
torus.out0.02285.h5	296bfeb939b638eb253a24ae96cdc147
torus.out0.02286.h5	6c355a968ff5ce8864edc71b6d79b5f1
torus.out0.02287.h5	7d63f3e6a74b29abe0c8bba759189b94
torus.out0.02288.h5	1b8208d0964d9d085a45b0d4c57ae6f8
torus.out0.02289.h5	52cf2c8f9089733ab7bd2cf97f6d1740
torus.out0.02290.h5	61d654cc954308a511aaac2e542fd78f
torus.out0.02291.h5	73bcebe269d460d96773cc8fb74b9437
torus.out0.02292.h5	3cbfd37a806189929fbe63412be5ba9d
torus.out0.02293.h5	8b07eac20f50f3ebfe1dd1dc4e7c1563
torus.out0.02294.h5	c70476f678cc97a6a2abf56aacbacc88
torus.out0.02295.h5	710f762b8f905c131f43792949db5872
torus.out0.02296.h5	f988b5d5683081b70a05f9779cac05f6
torus.out0.02297.h5	510073d62d3a5e593d580d8f942706d2
torus.out0.02298.h5	bc789cf015ad4b79472469a623dda29b
torus.out0.02299.h5	107e5e857ed84d1a04ff8d4b7d460aa1
torus.out0.02300.h5	74ac7508894fbaf6dd69e48af761fe54
torus.out0.02301.h5	8742f642474765cab602069642879325
torus.out0.02302.h5	3415e80d2230761088584fd6948e228c
torus.out0.02303.h5	c205b56d8a08fc7c7060a9d93cdd77e5
torus.out0.02304.h5	beec27a07688d342e88629192b1fba2a
torus.out0.02305.h5	211d4c8620c7f7e7df9965f77a66d82f
torus.out0.02306.h5	6c07f1e0f381d7b923ff5616c9d114c3
torus.out0.02307.h5	a55bd7274bfeb5f40f1b2770eb3c6a15
torus.out0.02308.h5	75df9c9c532a7d2a6c09bd08fb79286b
torus.out0.02309.h5	2179c413dd83bcbbbc71e5ff4c77092c
torus.out0.02310.h5	90cff6671488fefbaa0edebd9e3f651b
torus.out0.02311.h5	fbbb1eeb8cd84fa4c7173407f0ceb840
torus.out0.02312.h5	864358a61a01ce514ffd151915d1f51c
torus.out0.02313.h5	f4632454cb24357239123c83377f56a5
torus.out0.02314.h5	fdfda63cbc344e297609414dabcfb8f4
torus.out0.02315.h5	9d78bc27787dcf8e789aaa6f5d89d768
torus.out0.02316.h5	dfced7747f142e279f11ae1320c08a89
torus.out0.02317.h5	8a5be530a0bb5604f2d68e685e6de2e0
torus.out0.02318.h5	cf352a1d2133da8ce4010432f9c609d8
torus.out0.02319.h5	3ecc494c8ab97ef5ce51171764778aa0
torus.out0.02320.h5	34fd2f91e129379875a374c137e40561
torus.out0.02321.h5	917c4088214d924b26f54e37e57c3ad2
torus.out0.02322.h5	34e890bc3c1f98de3627f0ee4c63c894
torus.out0.02323.h5	18dffb1485c423924283ec8392161145
torus.out0.02324.h5	b89fa97a11df7ca5d87ebfccf89f4c97
torus.out0.02325.h5	ab542215e7e5fd3da4275135534abb67
torus.out0.02326.h5	467c74acd0e79b0192a73bcf6cc9e9ad
torus.out0.02327.h5	810074534d13856ae80b520f4bf61d18
torus.out0.02328.h5	74f81c3035eeb95fa3b7c73c5ef13c3a
torus.out0.02329.h5	0985abe912bb8ef05fbc54de8876642f
torus.out0.02330.h5	ebac0fa98ba484867725a3843daaa3bd
torus.out0.02331.h5	0316d1f4dc4921a47b32d56f9832590b
torus.out0.02332.h5	d529949e995aa449a81de43782a6d324
torus.out0.02333.h5	28bee803b8e9febc8beb7b8379fa5ef1
torus.out0.02334.h5	35d54992c5379db6592c4aa260585bfe
torus.out0.02335.h5	bb8b13fd5b4fb2ea2f407c556a1c028c
torus.out0.02336.h5	58e970334a010f6bab2ae945ed28d7dd
torus.out0.02337.h5	f397e920cdeb1a58274fe6a0a7dc9dba
torus.out0.02338.h5	5b07981a6f09aab4d2971ad015c81f66
torus.out0.02339.h5	abfde49d914c3a6fd0619218c39b938a
torus.out0.02340.h5	b69e28d84085b37fff796967860f1b94
torus.out0.02341.h5	5b7a15dbcfec29ed92c90113d6055b93
torus.out0.02342.h5	2a9e1df411fbe53863b367144495cd34
torus.out0.02343.h5	ba133e94e78ee856503e3f6ffd98beac
torus.out0.02344.h5	f1b4b83a3acd763792d999dc95b26b1f
torus.out0.02345.h5	ed7d222c2cbbba96cb2e45ab5af00597
torus.out0.02346.h5	1a2e407bf3e98a972aae393b57a181a1
torus.out0.02347.h5	3ac3e0fdfe8773a574bc2fd9b757d50b
torus.out0.02348.h5	1febd68592061dbb04788eafb385d980
torus.out0.02349.h5	04f8136eed415f4b3b43e2d90e16953f
torus.out0.02350.h5	1246caa64d7e67e680d1fd11c7f360f7
torus.out0.02351.h5	5987dcb2a669ddf9c311bdc2ffe130fa
torus.out0.02352.h5	db80dc20d598c7404d606bfebc40f02f
torus.out0.02353.h5	a6cc8e5a8fa173f1b5d9ecd2c4a79003
torus.out0.02354.h5	b43c2683dc462b2743e8266f6c6bfd60
torus.out0.02355.h5	0f1055559042839b53de77d0fce92345
torus.out0.02356.h5	a52e9bb961d0ffbfa6274c337ee09232
torus.out0.02357.h5	48719781644ca61246f439b063728a28
torus.out0.02358.h5	8ff421054a7c998c37f1752e0a949146
torus.out0.02359.h5	68d22e0d6ff6cd73d1f4396a58d1c6c6
torus.out0.02360.h5	a134f9e6fba3821a9280918eb61569ab
torus.out0.02361.h5	d44e19b2b5a0e882ceeddefbcf09b0b1
torus.out0.02362.h5	d1981571fa2d0f2e1e94cec3b5b7f033
torus.out0.02363.h5	31e5ab2ea300ccf59372aef999b6e5b9
torus.out0.02364.h5	0998c7c098eb9c55b9087dbd9a5bf485
torus.out0.02365.h5	4cad87ce93e5ead0571046d00516314d
torus.out0.02366.h5	d63b135f62d5a16758241a9766d30728
torus.out0.02367.h5	debb00a37886a9e541ebaea5cbb3210e
torus.out0.02368.h5	0f84634352ab85f1b84caa1877b0318d
torus.out0.02369.h5	687acd5a5c9c4fb24eef64a77ebf18b9
torus.out0.02370.h5	4f0e30339a8b47f9ed7b94ad03d1fe04
torus.out0.02371.h5	8c60bf4449ae17d9848f0ebd37e506e2
torus.out0.02372.h5	a07c97d249fb3241e8dffb853bb5356a
torus.out0.02373.h5	e62e63c011fb18b67f2196f5b766772b
torus.out0.02374.h5	4dffca1845c82328706235ad920b287f
torus.out0.02375.h5	d6dc9801847a153e31e3666e0fbc03c0
torus.out0.02376.h5	628461f03fc28f5a0f2b09656361bb0c
torus.out0.02377.h5	4e750f7d1642524137e27ed21e05ac6b
torus.out0.02378.h5	1b17289a5a8b376aee186acc32930c2b
torus.out0.02379.h5	07413523b13e1ee20bd24c4c4b4c26a5
torus.out0.02380.h5	33f5c8db0cbe4073d6c2a68e393b9a6f
torus.out0.02381.h5	5b6bc61b65e1d5dc0b25b3836035a8f6
torus.out0.02382.h5	83513d3915770dc5353c87fdcae899dc
torus.out0.02383.h5	7e2c4aeeeddfc3f10d5c705cc61409d4
torus.out0.02384.h5	65cdce5a9c7061a7bba8aa8b1d842988
torus.out0.02385.h5	79145f0a4f7a3385597f1d76208826c7
torus.out0.02386.h5	72366fbb2d577aa159a150858653aa2a
torus.out0.02387.h5	e53edbfcfd8210f3f46d1db3d95b45e8
torus.out0.02388.h5	0301a4a0909219fab07a1fdb05a1366a
torus.out0.02389.h5	dc5d95258f8d31b7416e9aa657ff52f5
torus.out0.02390.h5	e2e52411c9b908774733f7d3aa76edc3
torus.out0.02391.h5	0f9cc56365047ab750d4a94a92e69559
torus.out0.02392.h5	e40064943165fec05b82842c1955e89d
torus.out0.02393.h5	02ae9df831dd2aedfb24d8e393664506
torus.out0.02394.h5	ecf99c0b79e1b9543075d287337d773a
torus.out0.02395.h5	cab21ec45d90e7f1ea5c116432cc5141
torus.out0.02396.h5	81da5fa905e2c0156911307c51b36b40
torus.out0.02397.h5	bd3b19e1003259d85bccd89776d34227
torus.out0.02398.h5	dc724de4a91c946c4af735026fa411db
torus.out0.02399.h5	fb7af953d06d57b3f934af463d4a771b
torus.out0.02400.h5	9ca7d177841d71eb089d96a1107c6d05
torus.out0.02401.h5	7218949397385d28c257d348784832c7
torus.out0.02402.h5	aec16232184820a6ad6d76eeb026f1e5
torus.out0.02403.h5	0024436b47613068670767d8a70e6576
torus.out0.02404.h5	15fff450a95eede3e291064da4c1503a
torus.out0.02405.h5	9ed09e170c706e49c31b368d62251462
torus.out0.02406.h5	fdffe5bf229b48b24784fcafe898850b
torus.out0.02407.h5	44efc938f687e180f47b642ca40931ad
torus.out0.02408.h5	b72d45479a07a0bbb05fc5e303360449
torus.out0.02409.h5	80621139b72ec4da6cab5d4a0ef795a8
torus.out0.02410.h5	3de249728d2499a8f9e09be022bc56d7
torus.out0.02411.h5	6699a9d0db0f179d1f32a05aa9f647c4
torus.out0.02412.h5	a6eca160407c7a8d46a054799bb7cb62
torus.out0.02413.h5	639dfe7eb9748b35ab450a82734dad68
torus.out0.02414.h5	5d95c5873f77475410ebe9a3c8e591d4
torus.out0.02415.h5	086046762d34a2cc92eae4cd1bc54e2a
torus.out0.02416.h5	9404456c79258aed70b3aa8cd0348f12
torus.out0.02417.h5	ebc1bf2666ffebf8c8c218da5ab2a445
torus.out0.02418.h5	8eb65849da59ecca73c3dce3c45a113a
torus.out0.02419.h5	4ea04700bfe4f3f1eabcb9c1c4b3ad1e
torus.out0.02420.h5	b8bbc46649f7e486cc22211a91de8756
torus.out0.02421.h5	218dc6964f55d945090977b2fe3b9307
torus.out0.02422.h5	be0acf47f4c71be368416522c594edec
torus.out0.02423.h5	4574acf4c93f2ddd2e42dbc9107b2570
torus.out0.02424.h5	b58251c68dce3de33f785e4b4953d72d
torus.out0.02425.h5	16be0d5c722473193f7ecdd8cd7ec45b
torus.out0.02426.h5	51413ec64dc6a3408eb997c2b647abc5
torus.out0.02427.h5	bb5c7a10c808201847567fc20dba25e6
torus.out0.02428.h5	c871ed136f41f54f7619af7030d95071
torus.out0.02429.h5	c77ed9edc85d18374ee2f2969a5341f4
torus.out0.02430.h5	0bfe4d1335fd0ca6566cae32849e5d59
torus.out0.02431.h5	389f1deb8345bb9561d94fadd662be49
torus.out0.02432.h5	6a36494465acadb0cf56308d654054ad
torus.out0.02433.h5	a7825272d2205db4f84a870fdea25da9
torus.out0.02434.h5	22fe1222df15e6c8b8a00d46da364020
torus.out0.02435.h5	c8744cfcf6eb70508129c78df3884bd3
torus.out0.02436.h5	b2bd3fd6cef4c99167a296ba371a1d52
torus.out0.02437.h5	82f99c4f853ed17af611c4b003550b9d
torus.out0.02438.h5	461525f0cffac1caed57a96353f01fa5
torus.out0.02439.h5	e538921e1b92054f557db98a07c30b88
torus.out0.02440.h5	4cc503fef78eb8dc1de688aca78a6ce9
torus.out0.02441.h5	59bb9e84428cc5b53fb74063ab72f7c6
torus.out0.02442.h5	2132ccd3b5ed5da4db6173b08241dd60
torus.out0.02443.h5	4c1d3dd6d73c68b222429dee03304ccd
torus.out0.02444.h5	0496a94da7b72e0ec71351eccd5d8863
torus.out0.02445.h5	6d6e947969d3397affad7303a16639e0
torus.out0.02446.h5	faa9f29a200a58bf5a20dc5867c8cd33
torus.out0.02447.h5	496374984d67fda73d80ff72b7032a7f
torus.out0.02448.h5	f4ffccd463c190eff390129beb5ad327
torus.out0.02449.h5	cb2cfffe9b1951c629e2fc5f929527d0
torus.out0.02450.h5	93c31cd39daadb46d7ede824d32da11e
torus.out0.02451.h5	7eb85ce08e04d807fa49dc52659d0a8f
torus.out0.02452.h5	5482ec59ab51fea47a70ee78a0358745
torus.out0.02453.h5	d60e59450ffbd48965e55ca66a60bfcf
torus.out0.02454.h5	3d56893315c7bb3f1f26e8a95124122e
torus.out0.02455.h5	84bd07da0a5ffb1545096eb4fc664e2d
torus.out0.02456.h5	a597525cfc661878583970c034229952
torus.out0.02457.h5	7eefd37901ee00ca5992ae5922bd2349
torus.out0.02458.h5	166e8d2df5383ab2d3a144f6f5c0bb14
torus.out0.02459.h5	eec394957c4df8b1c83edd72a05e131b
torus.out0.02460.h5	6906603ee5acd08cb26a9f1e625b92c7
torus.out0.02461.h5	f7f9b135e42f12a69af9061f200a72d2
torus.out0.02462.h5	b7c4cf8f336c2fe42bfbece9f5c5daef
torus.out0.02463.h5	9c3bd80ff114a20a2df718556837c004
torus.out0.02464.h5	344e665fe9d3a1cf15ffea72b2314d3c
torus.out0.02465.h5	6d18cc54fbef79c5712741958452f8a6
torus.out0.02466.h5	f773d6b87a74983afab83fc12585deaa
torus.out0.02467.h5	499d3e3b971d12dce38b84043b90d28d
torus.out0.02468.h5	1fbabf894c545b744f7d81fd9762fef8
torus.out0.02469.h5	dc5a05ea01313ef432ad335fad93e12f
torus.out0.02470.h5	b7c3bda19b126654a45ee6ae75e7f6be
torus.out0.02471.h5	97270e629cfd9b9c97d4293d0f998085
torus.out0.02472.h5	e9ef750e3d4cc0c9788cefb52cdb0769
torus.out0.02473.h5	bf32dfee5965958490e901c6286b61b2
torus.out0.02474.h5	9a5487b716b9c6e491a6c88a5d0080e0
torus.out0.02475.h5	16c6770842b18f73267d2b217e418708
torus.out0.02476.h5	dc76d3f1f736e279789097000d08ae3a
torus.out0.02477.h5	76f5bb1fe95fd4f3741d39d29a9f9a07
torus.out0.02478.h5	d9ff9045f8b9f9e45012e3bb2226066a
torus.out0.02479.h5	68768b264b38e33dc248d4a383317d3b
torus.out0.02480.h5	d684e3bb7e40c9e244941d194131be98
torus.out0.02481.h5	b96e7ba6acfaad86b0c9e38cd49bf4da
torus.out0.02482.h5	3cce9e7352f62fb080ea1d1c01e8a38b
torus.out0.02483.h5	327f17ade09ea72ebc7de8ffe6d173b5
torus.out0.02484.h5	37f6348930868a3d935e5da280bb2676
torus.out0.02485.h5	196c2d2bfdac48e6caf24baa423fbef7
torus.out0.02486.h5	a5527059121d57f19bc25d3e76831372
torus.out0.02487.h5	2eda44a6f7c45ff84550568c5fc64699
torus.out0.02488.h5	a1717f00adce24546dd9feaa490d477c
torus.out0.02489.h5	528e6507e6ad44d501349e14bc517383
torus.out0.02490.h5	7088ebbedf46b4723a6108a8f1b29896
torus.out0.02491.h5	20a1805c6d4392d82efaa80b4456cd2f
torus.out0.02492.h5	254f241b88fc03ee830786c6cabe7d08
torus.out0.02493.h5	112fc094dc4e922a6ca9fcec3788ed7a
torus.out0.02494.h5	0b1b9eb8584dc8be0ba53d5bd316d443
torus.out0.02495.h5	cc44f2add3cf432a2a38e0858faab932
torus.out0.02496.h5	f428e1f9d202514b411cbeedcc9e8a61
torus.out0.02497.h5	0b903dd41ca638ea4d5fb4a5bf7107b1
torus.out0.02498.h5	0f4a6ce0cba21c25f33e554f378c9deb
torus.out0.02499.h5	c0bf532864678e12cd0d32195a5faa4d
torus.out0.02500.h5	0eef7ed465048994c4c1b1b8cdc668f1
torus.out0.02501.h5	a9ebc5d4a8011c9b82854dced3526e36
torus.out0.02502.h5	b22e6924f5a8b4ee2691b2b148da4326
torus.out0.02503.h5	6f9a96a5f90757ecb63ba95227610cab
torus.out0.02504.h5	53789cda839df6f332fae8c3797c4c53
torus.out0.02505.h5	e987092f530a53a2973e2dd45fafc6fb
torus.out0.02506.h5	2f2151d160de089f858114f36e7d31d2
torus.out0.02507.h5	11f3aaad8e0f22b20a7e87634a132e62
torus.out0.02508.h5	f7233b0643aedba8172b59fbe07da260
torus.out0.02509.h5	b6019489fde88abb9cc88838a39eebe0
torus.out0.02510.h5	d8ed771721ce6ec1bb36304d7ba67e53
torus.out0.02511.h5	6d088d64b37f3efb209d429340b0a5af
torus.out0.02512.h5	845e8e383bd4907c95a4ec579bb6b647
torus.out0.02513.h5	939fb5d54b6daa390a13f914c64fcd05
torus.out0.02514.h5	452deaea4608f13d9e35abfee5ade0e6
torus.out0.02515.h5	99b1c13147c55d350965fff9335bc886
torus.out0.02516.h5	496c52217847a1c3e1df4e75754164c6
torus.out0.02517.h5	81ffc49480628c1cd5f056c5485ea7e9
torus.out0.02518.h5	e5821160299e53e49b5062a50cb30b23
torus.out0.02519.h5	3b4da651dbaae10b3ccae2128dd90f9e
torus.out0.02520.h5	f70ba7ecd4acb712980dd6ee58337731
torus.out0.02521.h5	79870df4ade5c860d5ae8018acbc5383
torus.out0.02522.h5	3bdc75055269271acf0c538797275d07
torus.out0.02523.h5	84fc313f94edbfa40cdceae2d8486f7a
torus.out0.02524.h5	6890c158577021be1b8ab1150ecdf3ca
torus.out0.02525.h5	2f11e9890eb639f87898e0ce3514d2fd
torus.out0.02526.h5	36696d24efde4aed259d5bef8630fc78
torus.out0.02527.h5	569959c1de445988fafc6d55cb024e5b
torus.out0.02528.h5	095cff46ae7a385649f0a3001e52d208
torus.out0.02529.h5	d67d4e43fd0c1b05f1781a7265cdf69c
torus.out0.02530.h5	90d74d9e611842b0d2c09d4b5ce7f17e
torus.out0.02531.h5	7227d0963e08fff1bf8e47f19dc1fd15
torus.out0.02532.h5	c95897777f7dfd55e27899638b15eeda
torus.out0.02533.h5	2db50f42c11f69c5dfd0b142f0529989
torus.out0.02534.h5	800e5f1f760afc6d864663fc7fd2ad00
torus.out0.02535.h5	b5f92649bbbffd4da604c3bb1c1a5d51
torus.out0.02536.h5	00475a7f79f874f0058c2285d44c5b33
torus.out0.02537.h5	169162404807e183d9843010e8f6b74d
torus.out0.02538.h5	a2ff1aec97a1cca88ab40b8077541cb3
torus.out0.02539.h5	e681953a13b285ec354591254c9d95a3
torus.out0.02540.h5	08dff831d007ffe88f24a06dbb85fe20
torus.out0.02541.h5	1158ac7df173a602169decfc31a67b6f
torus.out0.02542.h5	952b4d244713a7feb65c89c3245d91df
torus.out0.02543.h5	abf664797f7dfc12dbb5514d8d2a4b0d
torus.out0.02544.h5	100cc9256239a187cee533d8ed1948d5
torus.out0.02545.h5	7157ad068a6873b17b5f36cb38e31a44
torus.out0.02546.h5	04785e3505abb3633583ab8ec8d95572
torus.out0.02547.h5	b645bd08194c18390d16a90aa03c788d
torus.out0.02548.h5	2747526f2ea443861902889d5a3a19bd
torus.out0.02549.h5	206f4fb37668654ffe95a3cd2e33c28c
torus.out0.02550.h5	30d64b49763bd397a286b40b68d05c4d
torus.out0.02551.h5	16224bad026f1a1ead33123507bc4ba3
torus.out0.02552.h5	1675be1329d8efe9d5f19074f42b11a3
torus.out0.02553.h5	03461b177500bfccbf9852af09d65c95
torus.out0.02554.h5	cd2b11efc4e47ad3658d5502b12bf2c1
torus.out0.02555.h5	5c79c05bba439fe2184115051ed73089
torus.out0.02556.h5	a934c6a97c14a3a05834d7f9722cbc79
torus.out0.02557.h5	3dc3586119a9bdc06ef444e2475a8499
torus.out0.02558.h5	848b3c0d093aafeff596587b1a5302b9
torus.out0.02559.h5	13feec67eb6778494c8cb14d9ee0cdc2
torus.out0.02560.h5	394c4cd98956c18777469923e35dd9b3
torus.out0.02561.h5	22af73d8d003839b69a90e073bc51c5a
torus.out0.02562.h5	00971ecc0dfe14f2b0c4a9b5eccfd4b6
torus.out0.02563.h5	6d7c6ff0e5a2d6603d1c0f2f2e254840
torus.out0.02564.h5	796c0205b6cdcaa313627bb1d93e621b
torus.out0.02565.h5	94fa0ab977a0671752116707ae256574
torus.out0.02566.h5	14cb42c85dfed5454994501edb3e5d55
torus.out0.02567.h5	eaf0842835f946932b6de8f72f961d4f
torus.out0.02568.h5	b90bfb5abd60567fab0959973beeef82
torus.out0.02569.h5	393c930c60cca8ef3fe81a3f256f1e73
torus.out0.02570.h5	b4badcc68ebee20714bf809a90e27254
torus.out0.02571.h5	76c1267a1317380572ff6e33883cee7a
torus.out0.02572.h5	f48962edf9903b976efb179f38179c7d
torus.out0.02573.h5	414d089d9af8741240b263d69bdea9e3
torus.out0.02574.h5	91bbede69a58f07c4ddc8369c62f2eb6
torus.out0.02575.h5	d733642ff64223e6dfe123d7747e4759
torus.out0.02576.h5	c220b8d5f0dcd4e9b344be7382b03382
torus.out0.02577.h5	e91fd9eaf9b0f9a5c4f06674aa809bf3
torus.out0.02578.h5	43ae29573d6ffe10ec0027efb78e26d6
torus.out0.02579.h5	5a36e875bc2186e987bfe28a0999ec6f
torus.out0.02580.h5	ce42ba5a6334b6bacf2ad74a369ddbfa
torus.out0.02581.h5	8e93d8656fbd6fea1d45f553c9cb9cc2
torus.out0.02582.h5	1f05eb8e0c8568a327e457c6d40c5f4e
torus.out0.02583.h5	b2583a62c116a23dcce7ca40045c1da9
torus.out0.02584.h5	bec95b72bcfbeb283d9a9f1d8a680125
torus.out0.02585.h5	a16176c8a4567bf491db5e2de977b8ed
torus.out0.02586.h5	24ca7a4111580549bc8e712716603c13
torus.out0.02587.h5	1705b0b8d51c4113618722b37765aba4
torus.out0.02588.h5	fc53faea9bef1735bea060043dfa0d60
torus.out0.02589.h5	e0ac0e422b4bca9933d896373afcaef2
torus.out0.02590.h5	9335320a76b83b7bbc1713a232ed4e9a
torus.out0.02591.h5	079314c24bebbe0718ab1c877f773817
torus.out0.02592.h5	ebb1a764cb40ee74be3f5155e35e0dec
torus.out0.02593.h5	f98ae6ba16df9f827397bfd995374204
torus.out0.02594.h5	e1fff65883455ddf0c113bcafd0813df
torus.out0.02595.h5	1c7a08848079e43d15a60dadecf3e048
torus.out0.02596.h5	869ab1957106a2c18c31bcbe4649e1b0
torus.out0.02597.h5	72fcb1b03049d2a3f410ee2586f7e7f8
torus.out0.02598.h5	be58bdf6097f7012fa0b91cadd0409aa
torus.out0.02599.h5	7843ef00f1c3f95ff47e6c04dc55b9a7
torus.out0.02600.h5	2b2e3c88d06cce91ec1da0d5e8ada32f
torus.out0.02601.h5	7af1a42f7a9ba23005f7dc530a503e11
torus.out0.02602.h5	a877015c2286f3928c011cef970926e4
torus.out0.02603.h5	75c1e8b853e336d80eca9bee7a39939e
torus.out0.02604.h5	a3f68283ed713c6367732f7d4437033a
torus.out0.02605.h5	4fca54fb53a7a147be8a62e3d3d0452b
torus.out0.02606.h5	26291943c87007670c081d0bb37ec9c1
torus.out0.02607.h5	49f82880cf4e563eca396c99bfd48691
torus.out0.02608.h5	3069e7b969b4e68eca1d6866a66d1516
torus.out0.02609.h5	ec028fa8135d6834dc0e4137c0420c91
torus.out0.02610.h5	a639fc37d88fc090d804dc5b173651f1
torus.out0.02611.h5	1a3f7abe9503e55f73506ba592a4d56e
torus.out0.02612.h5	a509c5852eb59c5b8646c61ec6d5819b
torus.out0.02613.h5	8318bb5d0e8fc0bc01f03df1020532be
torus.out0.02614.h5	9e0726fb833e7f19182d595958af516c
torus.out0.02615.h5	3dfd9daecc09a505178db342ea55820c
torus.out0.02616.h5	72fcf2b838070812b7414d77ccc1bdda
torus.out0.02617.h5	10254b513636fcfe95150aabe07e0944
torus.out0.02618.h5	c2de23eb55f220f59857a00c2a9db9ee
torus.out0.02619.h5	69485e2c03e6bb2f32e7ddadba703273
torus.out0.02620.h5	89d97f9a245685bd9578cca9749e2444
torus.out0.02621.h5	110b33bb2e624cfaef6f7fc2f7ad84d3
torus.out0.02622.h5	8640a9fafae86bade8ca084fd3889fef
torus.out0.02623.h5	e0569ec90af81198ea96d12893a040d8
torus.out0.02624.h5	ccc6cbac38b7b96ced025c15ae7dd567
torus.out0.02625.h5	a9705009476060b1991a5baf9368c7ec
torus.out0.02626.h5	aaa26f0d3bf7680ddd1637569a65729f
torus.out0.02627.h5	d05e42ef703bf894ecd20924dd8970c2
torus.out0.02628.h5	58015c30caf94f3706dcc7a449b021f4
torus.out0.02629.h5	f6c30aae7a8a30800655c8f9ebf36f63
torus.out0.02630.h5	dca38389766f68b98a350c2d6277dce6
torus.out0.02631.h5	59e4002ead80197f62d342f1059eec3f
torus.out0.02632.h5	b7a4cb75bd8c55bdb971c3adc7312c15
torus.out0.02633.h5	1994b2a6895d9fdde460c88badb579d8
torus.out0.02634.h5	fec8193ff2f7d360159b00b84f99655e
torus.out0.02635.h5	273ed0d71f41818abb2cdb66f87d78fc
torus.out0.02636.h5	a1dc4fc3b994aaecbee315ce7ec08b2d
torus.out0.02637.h5	1b7f526626d0d940f8df134406a50d97
torus.out0.02638.h5	0ab2f80b7f8a8dcf9247a46b751179d0
torus.out0.02639.h5	45a349b03fa1d71d3d788def2c539878
torus.out0.02640.h5	320f5df1cdaa08cf804a18ffc2709623
torus.out0.02641.h5	a3692ec85af397925ee7175cc9c8ee62
torus.out0.02642.h5	5d79a71e2f237f64ea1b17dd0b34af7d
torus.out0.02643.h5	43cac3b254f148f3baf1f23bed8e998d
torus.out0.02644.h5	067ba631e070f65a157ef42d52ea8077
torus.out0.02645.h5	457ae3f1aca7ddafe6ff014ccbacc798
torus.out0.02646.h5	6f2596efac3e0b59fed6fc7e12137956
torus.out0.02647.h5	12ac6d2cbe3341dc75a71613d6b7d99c
torus.out0.02648.h5	7398625e6a5c73d0c983c553f3f90e0d
torus.out0.02649.h5	c7204f7ee996f701968df93715389221
torus.out0.02650.h5	dc7e5c17a845cae39d3d1de415821565
torus.out0.02651.h5	0a691dc9738cca859137b633285c7a7b
torus.out0.02652.h5	7949b308a523e44ead46a47489f4b273
torus.out0.02653.h5	947c37eb8c3f03d8dab8b84d60906cf8
torus.out0.02654.h5	4e00a36269af48794e0856b62fa46466
torus.out0.02655.h5	48f5469b20ecd40bb82f01eced193038
torus.out0.02656.h5	eedbf5af2869ae9eed1b053aa049b863
torus.out0.02657.h5	3ab1f27bd08fbd3d3ab302d50fe1d6ae
torus.out0.02658.h5	ee22bf6022833db5b428407ee42d71c7
torus.out0.02659.h5	d15ace22b121725b0f3f87ad6c88b95e
torus.out0.02660.h5	7a2f2bad768c348630f46d34077d2697
torus.out0.02661.h5	d61bc2db442debcb51d5e0d4f0beaab5
torus.out0.02662.h5	8bfdd25dad649189a45ffbe0c9c38a33
torus.out0.02663.h5	7babd03150fa0388b466dd65c83801c9
torus.out0.02664.h5	56aef7280e86cc8d5cc4284ddbbd67ee
torus.out0.02665.h5	b8e264761bdd19c5ab98bdae4e7023da
torus.out0.02666.h5	f5a7e0ff40a6d623269b8ec8171d2eae
torus.out0.02667.h5	36b55119527d334e927750724499d9dd
torus.out0.02668.h5	4d1755d952471bb9c9f50672e5e6f545
torus.out0.02669.h5	fbb1372bf4efc0ac2655a30388a7dba2
torus.out0.02670.h5	6d1298738158174f274ea4c1d51ca0e4
torus.out0.02671.h5	2f2e1228dee4732dc3df55e2c4f3de16
torus.out0.02672.h5	0320abf6ed813010e0fc9ebd1c88d8fb
torus.out0.02673.h5	0fde3e41ddb9f43daadf9be3e516f6d3
torus.out0.02674.h5	0bd2b64866f0feff260c9e7b2629d64b
torus.out0.02675.h5	80e94b4bce27c1487018e457505a11d3
torus.out0.02676.h5	9936affb44373a4f4510f84c6e45445c
torus.out0.02677.h5	8248d4aabe9489103dcf530f3d5e7ccb
torus.out0.02678.h5	12dfdce357ff1cd7f87e850fdd09973e
torus.out0.02679.h5	a51fc7a5e7d65ea9b1350faa70d5c5fe
torus.out0.02680.h5	97e9db75ed4b25e5108404b4b5d3b948
torus.out0.02681.h5	cf52ae41c4c546ad50d82edf6d168c2d
torus.out0.02682.h5	87c92ff2c5b9de0b1e2151a15eb3c71c
torus.out0.02683.h5	7b2084d46bc625528b12878a3fcdbfa2
torus.out0.02684.h5	161c50a4f7219d0411dcd1823dbea2f0
torus.out0.02685.h5	307075b6242c8ccc6eefc9c902d12162
torus.out0.02686.h5	02ec29edf10a5f2baf4c4b7c7395ab00
torus.out0.02687.h5	7fb359e4fedc2f85c0abd7fdc9d037d3
torus.out0.02688.h5	9ec615a2b08d47b8afec4b9e695a2a6c
torus.out0.02689.h5	5570d912c578cf4540060169d68b1567
torus.out0.02690.h5	37a3a24c9db6422ab7d6ff0bd46c29de
torus.out0.02691.h5	35e0705d498eee5074fe8661a81147de
torus.out0.02692.h5	8ed9919069e51e68ea62e2b3f52831a9
torus.out0.02693.h5	fc4a53a79366a8331e6d4e8ea57fa258
torus.out0.02694.h5	4c68c52e7520429f98df4302de9ff4e3
torus.out0.02695.h5	5155e97c0993951ed054751d82296299
torus.out0.02696.h5	2f6f0c9b7f4ac897856aef520dff9df1
torus.out0.02697.h5	e98efc426b480c4bbcb48c02978c5621
torus.out0.02698.h5	8892fa0409b463b39ab94abcc46f457c
torus.out0.02699.h5	85f42b6da48d39e0626d72f8d32c0921
torus.out0.02700.h5	a98e2513bbd473a603db8f3eb08d1116
torus.out0.02701.h5	8abd838c32fbdedbe4ad175022ed7242
torus.out0.02702.h5	5fa7267616c1839df7999ff8611b2577
torus.out0.02703.h5	f70aa88b9b40e27bd6a7101189044f36
torus.out0.02704.h5	f25775f0633ebbff2ca4526d39cdb210
torus.out0.02705.h5	2273c92ad06a5638bb493798b9c354e3
torus.out0.02706.h5	094b06f47a1a9bf64380332d5cb17d34
torus.out0.02707.h5	9caa69e1470416078bb81bb095d838d2
torus.out0.02708.h5	065cbdd7a8cef6a8c281b73023fcc3d4
torus.out0.02709.h5	0e7806a8840af8dd66a70616387f08bd
torus.out0.02710.h5	f9f9fd6aa9a7375949640e47908cc397
torus.out0.02711.h5	ed5e22cb2963db464382ee97171c4254
torus.out0.02712.h5	021e17acf1d44e09c85d8003fc2bd58f
torus.out0.02713.h5	f7048b0a0ab3bacf83628348883ae70f
torus.out0.02714.h5	7c1d9c94d5c1f4e2eb1ef9f705c82d67
torus.out0.02715.h5	039cdcaf7da3f62cbeac789b7ed9f2ee
torus.out0.02716.h5	77bc1270962944daf750ecb706104d48
torus.out0.02717.h5	ba9e7c13e0295e08fc8a6517f60f88f1
torus.out0.02718.h5	59fe2c4d57749b03f1255dc1f1d6287e
torus.out0.02719.h5	d65a45f07a297cc7c91f8e22d54ef189
torus.out0.02720.h5	f349b0b69b2edb59bf7bfc1d9d4863e8
torus.out0.02721.h5	6368329998d7a5bb0f7f2fdf9d6d52a7
torus.out0.02722.h5	77d2fcc066055defb8506d13630c3832
torus.out0.02723.h5	201d755cd9461aabc6a2232fde7048c9
torus.out0.02724.h5	415498b498628e6f54b354cd6c294db8
torus.out0.02725.h5	da91f88655984e47ebbe06cd865e7e18
torus.out0.02726.h5	5d51be11d4374ab7d166fb17c32d0966
torus.out0.02727.h5	e544252cea453a5d83de93727475ad4d
torus.out0.02728.h5	591bc878c7e99a5486e60473a776a526
torus.out0.02729.h5	4cf130459fedc66946b5526a08dc9e38
torus.out0.02730.h5	b55fbd7e8c20e7e5cb7ffdbbb2cdf0af
torus.out0.02731.h5	a79f5c42360cfb4480126bdc16b5c92f
torus.out0.02732.h5	9810062f6b9d51d3b902b3e0b97f49be
torus.out0.02733.h5	6bdbd2be0495901e458d7f6b2a457290
torus.out0.02734.h5	912e3f67ac28b82e74624572fb8ed72a
torus.out0.02735.h5	7384aeca246d832d852a6698f6b4b5bc
torus.out0.02736.h5	1a725a8473542bdc0d9bf15e3e7e049b
torus.out0.02737.h5	04556c87c991d96d32609bf8608b9dc6
torus.out0.02738.h5	5c79ce3ea7a98c3fe0eed55c12a8e2ab
torus.out0.02739.h5	01997284df77881c36e8eb045f425c0d
torus.out0.02740.h5	202762eed12c8bac728ba71a075cd6b8
torus.out0.02741.h5	74d203854d7c87a9fcf3f2d61d940fa1
torus.out0.02742.h5	3bc6cf7bf6d00db4c47618c406c4d556
torus.out0.02743.h5	d97b48fcfec8684617ff6607df0af5af
torus.out0.02744.h5	1e44b3b207824cd285fc8623c235c14d
torus.out0.02745.h5	4755c2c715bbadc23980f867d9470808
torus.out0.02746.h5	0667f7312e0d970c86add40701287bca
torus.out0.02747.h5	9ef86c038413f60e4dcaef16420297bc
torus.out0.02748.h5	d48bcec8b56976a5fa4c8ab030074905
torus.out0.02749.h5	4101bbfca941e56623f6db2e6ef34742
torus.out0.02750.h5	8418d70f0009d9db2592e90b006cf64d
torus.out0.02751.h5	b7411e2b8c1dae06fad27614fa863bac
torus.out0.02752.h5	855598507e010a192f54e0c489c42f2f
torus.out0.02753.h5	5cd2da4c6f0f659ff7ba5266a9fee8e3
torus.out0.02754.h5	128bc582d81925c2cbfa5da152ef3945
torus.out0.02755.h5	39bae7552f0fcad89485a4a96f1f9b5d
torus.out0.02756.h5	4aa2d2f03fe532b613e01391bbee63f8
torus.out0.02757.h5	338613873dd7b21e1d2c9b1a801777a2
torus.out0.02758.h5	032532a206f3bee57808bee9c317d00f
torus.out0.02759.h5	1c527f502e980d36916aca10675e392c
torus.out0.02760.h5	52292a12947346d8e9b8b5158704a4f4
torus.out0.02761.h5	5875eb108952fd74e05dd67505e62e25
torus.out0.02762.h5	d402873eda945af3dbf2ffd743f21214
torus.out0.02763.h5	4688ad81f8fb40fbaadd9983177e2739
torus.out0.02764.h5	13c15180339fb8b47fd67b44395704ba
torus.out0.02765.h5	891e8806929f3ac06daceb28162e039a
torus.out0.02766.h5	3d48729ab6103db1e273dac90b5b3338
torus.out0.02767.h5	837991da507fb68201962575fb656e34
torus.out0.02768.h5	1345f849556600040676bc60d664167c
torus.out0.02769.h5	1f4ced56a5bc0b7873354bf5966657c0
torus.out0.02770.h5	f12361a1c55921a3c5f64574c2c0edc3
torus.out0.02771.h5	39b8403776836bbe56d95976113825be
torus.out0.02772.h5	6d1d49726129408ef7c02c7ebf82aea8
torus.out0.02773.h5	37fa717ba246c837654acac2bacfd386
torus.out0.02774.h5	c5cef13007a44e89ca9d109b9aafbad8
torus.out0.02775.h5	b46913cbfdde5d636200fe88150cf1bb
torus.out0.02776.h5	3fe74d939c528759a7b475fbfea2af38
torus.out0.02777.h5	d3b851ab2755c272fa57c260550e6ae6
torus.out0.02778.h5	e41767bce79e64b5c65b8d1c41fb24a7
torus.out0.02779.h5	cd3096858a6f79803d8e3f5cfd419ce9
torus.out0.02780.h5	a822cdc604dccd128fe62b5e5c902d35
torus.out0.02781.h5	7a92262ff280362efd2caa7c22a029e9
torus.out0.02782.h5	e456ec530c889443e07d9e07107fc707
torus.out0.02783.h5	f279491c267ad53d132d7c502b7394a4
torus.out0.02784.h5	43d1afbf4dd222e0d361e1038c787ae8
torus.out0.02785.h5	ace08512ad5e9783bab4e86976b33f4f
torus.out0.02786.h5	00040a6b6283960719752b0c5163c00f
torus.out0.02787.h5	9c131fa6ca49e8a53de243d8b3fb4800
torus.out0.02788.h5	4429bbfea2c65f993149142a48bed2e8
torus.out0.02789.h5	aa1ee339a63fb7dfd47e7c1d22392414
torus.out0.02790.h5	e00170ca44e5312ee0fb4dd4be954aea
torus.out0.02791.h5	e5d8f18f2d5d3e5c716a6964132938c5
torus.out0.02792.h5	dd487ac60462074851556f9cb4a12d78
torus.out0.02793.h5	2dc66766d6bbfeba5c48105fcaeb760e
torus.out0.02794.h5	4da3fa9b4b730d846059950c162b9445
torus.out0.02795.h5	5a1918a62abed9577a75bd93cd4092fe
torus.out0.02796.h5	9df4a83bdb5aefa7e30ea82eab7f0935
torus.out0.02797.h5	caa3cf408457a50bd9717f630b699740
torus.out0.02798.h5	7e6f77cea848a4744883e1f292e30013
torus.out0.02799.h5	c01a04655af65ae4f5470c4168a2d583
torus.out0.02800.h5	34c1565a146cf918e246c2d70b6f4a3a
torus.out0.02801.h5	7591e832cce1a34dd7ac6a54a9f29597
torus.out0.02802.h5	78ec39ad189ba22691bdd7ee22d03a5d
torus.out0.02803.h5	3f87143f49c48e2f0a5dd93a5b391839
torus.out0.02804.h5	94bc050b7e9e288844586a89a33646ea
torus.out0.02805.h5	8a7cf14b87d4da6d044c84c95679e693
torus.out0.02806.h5	f8c93fbeb3de6ab85546a77c13dd2ea7
torus.out0.02807.h5	d932d56f89a92486c74faa4abb430f07
torus.out0.02808.h5	b5aa58c890ee74383beb5e05ab29f41e
torus.out0.02809.h5	e6060a906da84f63cce213f45fd2d106
torus.out0.02810.h5	3601e2aaa5a06c9fc4a2be33ee73ed25
torus.out0.02811.h5	734f6bc540db9c1187b6a60ec8a8fa28
torus.out0.02812.h5	217c34031cb44b128ffe357cc9cd47a5
torus.out0.02813.h5	b4751555dad841938251ae781621b427
torus.out0.02814.h5	0c31534288379b0d10b95bcb947890b7
torus.out0.02815.h5	d99f78fdd2cba996caa6e12ddd580a9a
torus.out0.02816.h5	9988153052f1d6f810cbdb6c147d54dc
torus.out0.02817.h5	2e03ad5c09b679d3ff9393a698a9ed67
torus.out0.02818.h5	f025f0b08f5934d173f1f2bd8b7e5154
torus.out0.02819.h5	84519fd252253bf1c6cdceb64f8d3ffa
torus.out0.02820.h5	199086d8de77f79f56da747aa6f13a04
torus.out0.02821.h5	6fcbe716c467ae487740f44a6468f973
torus.out0.02822.h5	5ce809ebdf2983fe253339ddd3d54835
torus.out0.02823.h5	c7d969ecb15d0a8714a05497f096bbb6
torus.out0.02824.h5	4477c5466ee30456fae92fdc458071ea
torus.out0.02825.h5	c984548157b87b75c4e12d120cce34e3
torus.out0.02826.h5	1a987224f176672a1032c6259b5a5945
torus.out0.02827.h5	5976b51c4cb0141890ddef6c1e0daa62
torus.out0.02828.h5	a7bbc8456ff46a6735ab511cbca0d91f
torus.out0.02829.h5	8927c5a62373b915e2c58f9b7c3dc5b4
torus.out0.02830.h5	7b617da0dc579c9e21ac7a7e0eb0fed7
torus.out0.02831.h5	9fd1f6e07b6d1d20e93a125df14662cb
torus.out0.02832.h5	2ef7cd588a8da64939f8f466ffddec74
torus.out0.02833.h5	6e57ac735542e88cf600006b5753f821
torus.out0.02834.h5	ba2530ac6384f201b43a47df7fa31bd8
torus.out0.02835.h5	33be4650d51e2ee28bf2a045919721dc
torus.out0.02836.h5	ee2a0bdf3e47883f619fec39913570bd
torus.out0.02837.h5	abbab031fb9db4aa8f24636f45e96c3a
torus.out0.02838.h5	954b7b75f23c341f2227f3c3fc3828b4
torus.out0.02839.h5	1c9a87df32260d051b5b73be7b50ffc0
torus.out0.02840.h5	b340bfaa2a24eca03133393312456045
torus.out0.02841.h5	93130d97d022224bd894bbe6125d8d7d
torus.out0.02842.h5	b74e30e14d39ad136758ba39e9e89e30
torus.out0.02843.h5	d36fa6d0cc5a9cf69c311a1bd8f80300
torus.out0.02844.h5	bf92ef69fa9ee4a80512e97b8fe8c551
torus.out0.02845.h5	f6e767a179b27216c6abb6508a9756f4
torus.out0.02846.h5	88fe89c2bc856ff13a84aeed4eb67b72
torus.out0.02847.h5	3fa45a5bc429f274b299b80b0e9f78ba
torus.out0.02848.h5	8b2f8c5820e9042f668a303b68888296
torus.out0.02849.h5	cc1f7cbd7f47f22f449256ce0491f96e
torus.out0.02850.h5	799654ba45de426e56eef3a549a1857f
torus.out0.02851.h5	0b5ec026379ca30263d9ab4bfbe4d0e6
torus.out0.02852.h5	55231cd2b8a73a8475de446528bb27fe
torus.out0.02853.h5	9a35b1c080e65bf674cca05886eab5c2
torus.out0.02854.h5	777785fb52d36b1031f39ef4499e555a
torus.out0.02855.h5	0b764e11aeb8ba2bef42e56bf767d9eb
torus.out0.02856.h5	8d6e3278345caef594bc5b12a53d0fc0
torus.out0.02857.h5	07cd2b68ea291890d61db91ee488e567
torus.out0.02858.h5	a57456ff1a0990ad1f2edf006777a3fc
torus.out0.02859.h5	17eb9f840f03fd8311b53dbd3540ac54
torus.out0.02860.h5	2cb2dc3ab57718060fd73c04a99dcf8c
torus.out0.02861.h5	c2c0fd2071c75931f67d53c8139232bd
torus.out0.02862.h5	7951b42505f0986ddc654484a45bf54e
torus.out0.02863.h5	1300ab81699be85c27e544b73389d97c
torus.out0.02864.h5	403e366e27ebf3b9736885c76f54f237
torus.out0.02865.h5	a988230a8e1f7e39d9c76fa2eb8b6bb4
torus.out0.02866.h5	894ed8ceb738ebf933954c129317c2b5
torus.out0.02867.h5	8e4586508985b9bb6ef1b367aaf6377a
torus.out0.02868.h5	93a0ed0404fdfedbc8f96113d3dfdf44
torus.out0.02869.h5	781683c0e2be822c7ca293fe363e25db
torus.out0.02870.h5	b4b64cab6146c808cf595f7f67a4d51e
torus.out0.02871.h5	0b58b002aa0917b352cbe1b01cb65642
torus.out0.02872.h5	f2b7dec2d8208dfd645bf1f87135cfc2
torus.out0.02873.h5	1cf7109021fd1c5c354b0eda288b952f
torus.out0.02874.h5	ec014a801fba96b1a5ac85b900282f00
torus.out0.02875.h5	5d3879f7ce4fb0a48398cec78af62d71
torus.out0.02876.h5	cbfd9e8501094b112d1542174209ffb5
torus.out0.02877.h5	7154491fc8a756f267d0deebdfe94d1a
torus.out0.02878.h5	3903eba078b4a0190142ef13106e6a5e
torus.out0.02879.h5	ef1268209ad7a0d5761417b9ae80d38b
torus.out0.02880.h5	73413d211af07f351fbf434eabaa97f2
torus.out0.02881.h5	c0afc5d7d3e2812cc458595d6650d02d
torus.out0.02882.h5	3c4a0a9d3163d40307369c5da756d026
torus.out0.02883.h5	d41a404d31a66db89f54f18a561ce8e7
torus.out0.02884.h5	08df577b538157f8b435647fe7baa3dc
torus.out0.02885.h5	550a0fd43a39f7b9ab60331577608e4b
torus.out0.02886.h5	39df1dafbc6a3a671343c848e8e15db6
torus.out0.02887.h5	cf035f2b316e9b606104f8721bcfb8cf
torus.out0.02888.h5	6d54d4f688de4e58647810b5a4a85934
torus.out0.02889.h5	a16f8343e282a9395ecb7fa672aab473
torus.out0.02890.h5	b94921adf6892a3ea624de8663a8f990
torus.out0.02891.h5	50d7defd1114fedec6a86aaabe402b29
torus.out0.02892.h5	af2ca807a3f4de5b3574823c4455d4a5
torus.out0.02893.h5	ae160c5e57e636675f3f336f5429400a
torus.out0.02894.h5	a85d7facb255202cd87144ef438f5f30
torus.out0.02895.h5	6c1f288a3ee273ad265e0ad1b24ca174
torus.out0.02896.h5	eb14de0bf263a5ad2310b0c3a9c226cd
torus.out0.02897.h5	e745a0f1d5d9beee3339010f5134ee27
torus.out0.02898.h5	cefc0c86395150952ad994f30782a3c8
torus.out0.02899.h5	f2f86b7ef8d63fe7da77cc3a98471d75
torus.out0.02900.h5	ed0239ef9e9263d9009e58bf24b58345
torus.out0.02901.h5	f2bb795f6634e79d91c0dd42de28528c
torus.out0.02902.h5	926924e907b381f1c342fde3c538c88e
torus.out0.02903.h5	aa63a6415efd82caf4b96982b0dd69b9
torus.out0.02904.h5	d893f4e979e8158e12f0416b22b9e3c4
torus.out0.02905.h5	19f17be71421d18a09a61c5c440b9a5f
torus.out0.02906.h5	0d17f659973b8cf693e8b5d7d3cf24cf
torus.out0.02907.h5	afb8bcd8c43edb35af6e626907be4e3f
torus.out0.02908.h5	5e97c4edded13b226dfd7d46dd85d310
torus.out0.02909.h5	6e09e2eae869bf200f0feb149fe5fe57
torus.out0.02910.h5	ab2e249fc886b84b16308a1a0dcdaada
torus.out0.02911.h5	8a2f08fe01ff1559f3ae0ef38851b203
torus.out0.02912.h5	c2300afa59f2997551b018b9ba07873c
torus.out0.02913.h5	f330f89b062f91067f7efdb6d15ebcd0
torus.out0.02914.h5	7d6dedb36ea47648eb13430a580e53d7
torus.out0.02915.h5	5368106462e1e15540a8da2c2f13621f
torus.out0.02916.h5	540a0b4e60be9f5c6181904180349ed3
torus.out0.02917.h5	c21594d284b896178bbfce2646615119
torus.out0.02918.h5	1b7f86ccd8973f21df0fa1df71def223
torus.out0.02919.h5	f4ac894a1a725494b708d3e10a32e58b
torus.out0.02920.h5	8f6f875caa7ecf8cbba620a93049230e
torus.out0.02921.h5	491cd6e05e34d494b6ddcd6b43687366
torus.out0.02922.h5	ce62f0a2298cbe6d8edc09b04cdf4d6b
torus.out0.02923.h5	c3f9ad2829c616f4ac168ad8a822a03d
torus.out0.02924.h5	76dd184514e403555ddc5e95511d8468
torus.out0.02925.h5	f6ec5172809a0d2cd835a55511c27bd4
torus.out0.02926.h5	e0772f3860273a8d5ec32cf41117f66e
torus.out0.02927.h5	6a74f95658e6ed4b861d7834c3a680e8
torus.out0.02928.h5	d91afb309b7b3300bba827d122e8beb5
torus.out0.02929.h5	9f0570e671c0352e15ba1f2292b3735b
torus.out0.02930.h5	d81f3ab0301c66422d8a009f2e27ce5e
torus.out0.02931.h5	d8b8d92f7aa33f42281d86f070141052
torus.out0.02932.h5	d43d3a98b084e4571d1acda9aff51e79
torus.out0.02933.h5	c43d8bcecdca3ee61be3c20a4dde86dd
torus.out0.02934.h5	f6a43d79a1d81e7ee67aeecd63da2181
torus.out0.02935.h5	a309b6ef07a1885ffd4ab92d951e4f7c
torus.out0.02936.h5	be9bc11b31db581319caf5ec2126633f
torus.out0.02937.h5	186c06977a4bdd495f68a94140d4bab6
torus.out0.02938.h5	e3a7ed91cc0346fac3d65bb18030c7c1
torus.out0.02939.h5	be2d57f81796043c94a459a1dcde8e49
torus.out0.02940.h5	85135106953096669271e4f380e9b515
torus.out0.02941.h5	5a473301f042ff843fb319ff06bc5331
torus.out0.02942.h5	18351a5d2cffadb5332c9a53bfb744a5
torus.out0.02943.h5	a0700c14836d17ab6eba67670057503e
torus.out0.02944.h5	043ff056d79602bb7b0083b731b5b76a
torus.out0.02945.h5	72fcfd0296b46722c8cb8b623b40fa69
torus.out0.02946.h5	5df201e6659f8d09e15a2ff3e4e13bfd
torus.out0.02947.h5	4f2ddd1e53e9b892c1212eb48904f3b6
torus.out0.02948.h5	f874c57348389dc0532ee2da75d8ef24
torus.out0.02949.h5	474406a7c97b3374fb4c3834c47a03e1
torus.out0.02950.h5	11f0c2467a0e0804edc8329c6d4298b5
torus.out0.02951.h5	bfb8736549c163503f6c2e9e0cdc6a69
torus.out0.02952.h5	26b2bdb59bdf48956fc9c32036aa1832
torus.out0.02953.h5	9c7527f5961b05500fdaf54c3761217a
torus.out0.02954.h5	530b107ddb6d1a099479335065e6b400
torus.out0.02955.h5	4867fa6560a10bd578cb938ae7a51694
torus.out0.02956.h5	ba1556ddeffbee1ea8dc06c04c552548
torus.out0.02957.h5	d7a21c7bb1f20d696b1fcdd07e4c2311
torus.out0.02958.h5	5edae547ea120dded47e7c22d125f033
torus.out0.02959.h5	652e916a970679cb2ecc19475a46eeb0
torus.out0.02960.h5	a1201562e166eac5257a40a650dedde8
torus.out0.02961.h5	02ae7b661669dca58f8bc9dd32327f58
torus.out0.02962.h5	1cb8b104696e046f5995519ebbdedb99
torus.out0.02963.h5	12de3715a664fa7f555754c86c47f5dc
torus.out0.02964.h5	5d60cad8c6b6a890348693558d34e4e8
torus.out0.02965.h5	7a9afb2d5239aca5f507575b793c7d53
torus.out0.02966.h5	e60f7ec464c817ea5e461f3854ef7083
torus.out0.02967.h5	2af2dbf58db72ebf212ba9c70b4ee119
torus.out0.02968.h5	f2b938cb1a98d3e210bb09fb8763d8c1
torus.out0.02969.h5	37613a7c628b8b6e852c743543a4c31b
torus.out0.02970.h5	00cff3987060b8393c773741ce1c0484
torus.out0.02971.h5	9bcf320a51b20a975d469c5f4355af71
torus.out0.02972.h5	e87d98182766afad860643e3460444f3
torus.out0.02973.h5	011d33d2e7d644b04b69b7cbd0fc3958
torus.out0.02974.h5	88e042e1109cbf863d578b1ad9ca604f
torus.out0.02975.h5	fd5360163de555984f26b76c4f3bd35b
torus.out0.02976.h5	5e532dfd11ac5613ef26330a21704ee1
torus.out0.02977.h5	00a21601ea5c7671fb2f474cd957f0e0
torus.out0.02978.h5	df9b9e3f08ab7335fa8eabb14730656c
torus.out0.02979.h5	5b14c1ce533f120ceade08d922e7997a
torus.out0.02980.h5	1f488ba6a67ff8bf17f1d8bb47eb9c0d
torus.out0.02981.h5	e4150e6d5fabe41538080c8d3da4d0f8
torus.out0.02982.h5	9ef8a3eaeac613622360f3223c79f0e0
torus.out0.02983.h5	7398a9f4f843481feee5e92616812402
torus.out0.02984.h5	16ea8aadafb9f4f69390de4e54b447ae
torus.out0.02985.h5	0bb72bfbc7361305981fc5e9e782d6ca
torus.out0.02986.h5	a503736b16cd98ebb4c045337494cbfd
torus.out0.02987.h5	cd5485b8e10ab74b3bd4b3a9e9f9a056
torus.out0.02988.h5	2e53738d113c54e04f3cbef5c7e267e1
torus.out0.02989.h5	ee6543da0b93f36c6988b867d8f95b65
torus.out0.02990.h5	fc5865f4e165049d08aee5a5a5db23a6
torus.out0.02991.h5	8efeee1e762c1fac04aba4f19a11564d
torus.out0.02992.h5	f62c3f1e94ea13c13307bbe0b30e0cdb
torus.out0.02993.h5	b723a836b1e21bedcbeba595b1cdc7f4
torus.out0.02994.h5	b0ac2051fae002fba017e74ffc530adb
torus.out0.02995.h5	0825a50a9bf644e687263ae40aa9a95f
torus.out0.02996.h5	1ce901613c5467fde113de9f94de0475
torus.out0.02997.h5	c88090342f2518923eac917bee4fbbf8
torus.out0.02998.h5	2ad4dc04c7751b61b43ea19723311fc3
torus.out0.02999.h5	31d5750668118b4d9edd9fe8983f406b
