torus.out0.04000.h5	a303f4c2b967a5102909e21a2d3291c8
torus.out0.04001.h5	e3856a86094f15e846a6a9f585297f20
torus.out0.04002.h5	a5642e470156a1a111eec1fbb8a82ed6
torus.out0.04003.h5	f9f9771df2dd10fa575e444366d288aa
torus.out0.04004.h5	364d494b02b0e4e1ddd2ff9cdbe68d86
torus.out0.04005.h5	7a0aa4b17abb2a9d2c7539c49a441d72
torus.out0.04006.h5	c5410b2882bc25e546d9635e82f63fe7
torus.out0.04007.h5	9890a21d3f2ce16b1674fc27abf988eb
torus.out0.04008.h5	0e04af5c559ee5938aca2e8e13227043
torus.out0.04009.h5	109936e79e698a92f5aed2d7e9444666
torus.out0.04010.h5	5364acd29e2007ee0c2b1f3f3827215d
torus.out0.04011.h5	635c74bd3debb9ebdde7118554181b89
torus.out0.04012.h5	f4dd3715fa3deef6bad45b1689c70b1a
torus.out0.04013.h5	2de9e93e8c9b0f3b803190ba45261401
torus.out0.04014.h5	b683d7444e4fc0b86b358a809f34fb43
torus.out0.04015.h5	4f295c7e575f954e000fbbe3f76d75f7
torus.out0.04016.h5	6d7ebb5cbb7c78a826bf08cfeb72c04f
torus.out0.04017.h5	f117f4d3ec5e09167dd6266f4bdc4bd3
torus.out0.04018.h5	20a63f042bd25bd4e9acbc95e84192b2
torus.out0.04019.h5	387c5d326c4a3a01adef36374a3c775b
torus.out0.04020.h5	0e2de87af67d6d64048dfbf9597e13f3
torus.out0.04021.h5	2fd0ffcdb34942243909c10b5c3b1635
torus.out0.04022.h5	e4d4a932ccbdd073b672eb0f2ea95c29
torus.out0.04023.h5	f92659e81b1e3ec8f7ec5d4169b3ab0d
torus.out0.04024.h5	78fa6988e244c7523d30da566b0e2ebc
torus.out0.04025.h5	9d3935ab26ddb92258c391c2e516bfae
torus.out0.04026.h5	2082dc8f866bc7b43b1d38cad48257b2
torus.out0.04027.h5	71e80b40fa34f756806a60a28923daeb
torus.out0.04028.h5	b5c27dcbe8b328ab93e29c50bcef153c
torus.out0.04029.h5	eaa9dc98c4cff09b84d7898e854c2791
torus.out0.04030.h5	5b468941c900a8d4b6a2977f6a031b3d
torus.out0.04031.h5	5714f3492f620cd48c0c729804048910
torus.out0.04032.h5	ac9ac21910ee2f49ddc8844ac1b7456a
torus.out0.04033.h5	0a5a9ec1bad82ec8b6d8c2f36bb4352f
torus.out0.04034.h5	4b69bc2a52e5ff1919b808fce494250e
torus.out0.04035.h5	22089362a5ecaf7e97ffb47a285957b3
torus.out0.04036.h5	e723c8dc796490077d0462e73b1b8d6d
torus.out0.04037.h5	3ef8decd36b9f32edd7d3a00fa7f113a
torus.out0.04038.h5	4b90621ad6cbe7894f5f3122c81869ff
torus.out0.04039.h5	64611f4326d223ae7143358475cc2f0d
torus.out0.04040.h5	34a431ee5f42d60fdd99e8691d54c07f
torus.out0.04041.h5	071acbba682a85fc3765a4fe00d17565
torus.out0.04042.h5	08eab44e65128d87eebf9c22e1390e24
torus.out0.04043.h5	7933398e2d570bd6f5e0b0c9e993ceb9
torus.out0.04044.h5	4137a6b0fb5317f9b98daa9d1505c661
torus.out0.04045.h5	9f6e8c0118f249be988faceca7967d46
torus.out0.04046.h5	7e44d9ddc6fbce27b9030e00a2217bf7
torus.out0.04047.h5	8bcd400a9c57f6faeccbcff2d860979e
torus.out0.04048.h5	482611a962e4f7d548934c6df63774ca
torus.out0.04049.h5	0bfd0fa9227ad30ace86a303aef886b0
torus.out0.04050.h5	394a83d434096720c4aa21dee725586f
torus.out0.04051.h5	62a9ea90cad767c0ee75f07b5c4d60cb
torus.out0.04052.h5	1d1962d2c6a5665f59c50363490ad1ff
torus.out0.04053.h5	2e2fd6d32a88c25efa08bae539f22213
torus.out0.04054.h5	535fad682666c44191b8958cdf602473
torus.out0.04055.h5	f74af0c401cf73d9cc73dc9876b4a561
torus.out0.04056.h5	7828c57f323fa39fafd3b3e434e98a69
torus.out0.04057.h5	fd4b22257aa99f73f38601edbc5df4db
torus.out0.04058.h5	4d1f007542993b0d375014685e19dc52
torus.out0.04059.h5	640edffd6cd745f7d3e45727e7a6153f
torus.out0.04060.h5	be17e309c994aadb95942ba8b500ee53
torus.out0.04061.h5	52593644344734cbfd5f67c055834a62
torus.out0.04062.h5	3587ccad2a71eb315844db25647ef796
torus.out0.04063.h5	cd2c67b94a89190c9b6ba43e1fc331fb
torus.out0.04064.h5	8a246baad3440ef46b226920198af9dd
torus.out0.04065.h5	ca69cde828f682dde50d164028d53d2e
torus.out0.04066.h5	e2750766cd274a6e445d30254e4968db
torus.out0.04067.h5	4b5f7fcd61fa7a133bbf9468c19488c0
torus.out0.04068.h5	474c06ab2a83075add2d4e4a59f500f1
torus.out0.04069.h5	89d1aa81fc2a7509bf40bacccc1bebfa
torus.out0.04070.h5	af7620871c1ed2c14f1cb67864e18106
torus.out0.04071.h5	0e66bcd41151940bf65bc44633cc48b9
torus.out0.04072.h5	79d634432eaf02aecde429adf83b7ae9
torus.out0.04073.h5	baeefdbf05089f9ab14c2ecd8bc43c0f
torus.out0.04074.h5	b08c725a8479b0595699c4d00d29012c
torus.out0.04075.h5	b72eac13bb5d5a733bd8ab7153b78d8b
torus.out0.04076.h5	97666055b6cdaa76775a43603fdfa525
torus.out0.04077.h5	6431766f7592db8792b85f34b78049d0
torus.out0.04078.h5	f91ab5104ca629cb70adb8bd4ca7d7ed
torus.out0.04079.h5	3ae9e28e718ec32108ad7adde12b13f7
torus.out0.04080.h5	14091683d6db2259daf5290889532602
torus.out0.04081.h5	8c6d26131cc2e931f469d5d08ea69f4a
torus.out0.04082.h5	7a44e2d4bcbaa5358a9cdc85ecb7000e
torus.out0.04083.h5	784f1f844f718c6195a8eecedfcc0cff
torus.out0.04084.h5	ec18464353c8b41d520b56725a7d1aae
torus.out0.04085.h5	e0743626a4f36cf955e23f1d6cef5836
torus.out0.04086.h5	d41b9d20818fd01d91b77a689e525abc
torus.out0.04087.h5	5a8faec570609d2893cbd1c35f4f2c28
torus.out0.04088.h5	c35fe47c52334d0ae0ec84616fc3a122
torus.out0.04089.h5	6e915a954156598368e6d817102c5e07
torus.out0.04090.h5	10749c76000c281a608431099ebebaff
torus.out0.04091.h5	d494883f655b4508d5dd4e6ec39bdf73
torus.out0.04092.h5	3e15bd8927c5d31cb00514b20f387864
torus.out0.04093.h5	e18f68d6684a77d9c3c9db1bc0bbe083
torus.out0.04094.h5	fd28a701f15a3c0084b88457bfbfbdda
torus.out0.04095.h5	37102286b23baa9646d77fa4130465e0
torus.out0.04096.h5	d0d3a4dc053a72a959c8f50c1f270e59
torus.out0.04097.h5	92b47654756cd60bac3d708443a6e2ba
torus.out0.04098.h5	4956f3d44d3ee7b35f1dfe2884e0b34b
torus.out0.04099.h5	c3576e9da2c8633039f2c8abc84d4b33
torus.out0.04100.h5	5e731a736e95a79c6aad27566fc3b981
torus.out0.04101.h5	36b9047ef845559be96d8988e6ea9348
torus.out0.04102.h5	74bda1795f3485b98e93817757a14797
torus.out0.04103.h5	09145cb6f4582799f1732f81bfa45d0b
torus.out0.04104.h5	5f6fc30d3f41a3b6026597f011918fac
torus.out0.04105.h5	b5df8365a15b406b813f38107f0594d8
torus.out0.04106.h5	cbe2e8b0fbece37526ee0f75dbfdd3be
torus.out0.04107.h5	92926217b0ecb786903296f23529e8eb
torus.out0.04108.h5	899324de9733c0d6c66a9a465ab9ed54
torus.out0.04109.h5	02876f38adea9118def4e1e94e8deb0a
torus.out0.04110.h5	1f3a926b9b4a4399dc1df3934cc7b63f
torus.out0.04111.h5	6af74317c8dd959f72a7afb93c7ae4a2
torus.out0.04112.h5	3ad038aae93a1644fe11dc60fce5b504
torus.out0.04113.h5	6acfbbf485d66650524cdebf5690aa3d
torus.out0.04114.h5	400b3e9562223fc89e22381a693adb66
torus.out0.04115.h5	f7f8435dd359a6cf339fa6cfb0bf3b79
torus.out0.04116.h5	6034d53be6609104b0bc057fc6b45429
torus.out0.04117.h5	2250fd36cea6226d035f8d8a47b05fad
torus.out0.04118.h5	0f0b59888a78377193a4650feea660ba
torus.out0.04119.h5	bd16929ae0e8af91090e989d4cab7eb4
torus.out0.04120.h5	2f8da53abf83f761f54f4a9201e605ac
torus.out0.04121.h5	2e3c2a6500c7c82098ee86061257de10
torus.out0.04122.h5	c0651862c112e8e3f8e98673ed458a53
torus.out0.04123.h5	4213936239b196c3edc6daab2d91d004
torus.out0.04124.h5	67c78589ae593acfc58eca21d4777dd7
torus.out0.04125.h5	f3f400167ba92e5855e9cb03242c32e9
torus.out0.04126.h5	e4667e2932da31eea21db8bca996c6e6
torus.out0.04127.h5	5a30691c0b8b4e50bc8c014f4d69ec17
torus.out0.04128.h5	57e748e715a1abc10795ae8f55fad7f5
torus.out0.04129.h5	2b3c97682eaefe3b674fd4c892195fae
torus.out0.04130.h5	6827535fa51a8c1707af2354aa11ee41
torus.out0.04131.h5	5866efdeaeb15d4beba7fec255e91f93
torus.out0.04132.h5	67e0bf8b1c1631e85543e9376cf35d25
torus.out0.04133.h5	9c7c3de33c3c26275621e0f826d52e6c
torus.out0.04134.h5	94c87c45192a171071be5fc37408a31f
torus.out0.04135.h5	5ed52ac0c8f28d70e919e6fc6eea1404
torus.out0.04136.h5	f7a3e8f2ac9f0eaed800eb343ab9113f
torus.out0.04137.h5	7c810a5cfa084d788a6dfce01f486311
torus.out0.04138.h5	1d667775c7450dbcdfcdb234398d64f6
torus.out0.04139.h5	4990a52eb282c2d4f564bac43db8e7c3
torus.out0.04140.h5	22dbbe1cf2bbf2f882d2724a480ed65d
torus.out0.04141.h5	b639787354dcbb043c0e29f81e96b832
torus.out0.04142.h5	615f542dd49e1f3a135eda6901e253a7
torus.out0.04143.h5	537c4e9f5336945a5d8608cd23ae115e
torus.out0.04144.h5	de5ccf6204b43f554a781d5e3d5d16b1
torus.out0.04145.h5	10522c019322385da1c276233da1c0ea
torus.out0.04146.h5	5981577f66958cdd28f327ca357bbdc8
torus.out0.04147.h5	d0a0622567d1d0ae8e478fe62170655d
torus.out0.04148.h5	389b182d2db21f20b930c3ac75284593
torus.out0.04149.h5	a1a0e171edb48b7af7206b872a559bfe
torus.out0.04150.h5	f492b058926a8da9dc870a2cab79a4d8
torus.out0.04151.h5	59213ef57339759f94599b3b3acea7db
torus.out0.04152.h5	d29340527e6688c039cb1aa482165d55
torus.out0.04153.h5	bc61bd4285ca8910953caba65d4b45b7
torus.out0.04154.h5	e2fb05d87a41dbb380646a89cf40dff3
torus.out0.04155.h5	973bb25077534bdc47585255aad54844
torus.out0.04156.h5	ff732a37fd04d2c8975ede82a93c108d
torus.out0.04157.h5	e3590b1d2882d50f24967c9a6ecaa8fc
torus.out0.04158.h5	0b07a6bbd0c07d477a5bed5dffadbdb7
torus.out0.04159.h5	9df2d95edcc29fa28a73d721086a831b
torus.out0.04160.h5	424a2fbd868a613da9973ecd04457b33
torus.out0.04161.h5	8e364c1ee3da056217901ab2c7426893
torus.out0.04162.h5	aba9eb7955e517f304a16613d4f1944a
torus.out0.04163.h5	7d715aa6cd24e113fd9ec0d66c8112a5
torus.out0.04164.h5	2d784173159034068d9989c9286d192a
torus.out0.04165.h5	4a95e5ac047a0e0e372fea8fb0fb844d
torus.out0.04166.h5	29af5bcfee4616ed4f3feff694bb84b5
torus.out0.04167.h5	83fa10920e4671e367710143ecaa6830
torus.out0.04168.h5	93a3e9cbea3930da0578f8862d8a02e5
torus.out0.04169.h5	bd07962d46439aa4a33c0e4917e05af4
torus.out0.04170.h5	fb0fbde5145fb741903ae223efb0924c
torus.out0.04171.h5	a47a8720d25f416cbe33d5cd1d849750
torus.out0.04172.h5	369e906cb9b5f68eba0e0136259cdc54
torus.out0.04173.h5	50980b4ad8ba88767ace6957baf406aa
torus.out0.04174.h5	1f6a0a3a0c36d37ed2ebb9adc556c226
torus.out0.04175.h5	c7efeacd79ad4f147c3f1965ef1ae865
torus.out0.04176.h5	776513c4e0faa5a06a50a68979103887
torus.out0.04177.h5	8194fd5d2d6e034731232e02e7eee86e
torus.out0.04178.h5	4df2170265b8cd30d636f79925ac4e02
torus.out0.04179.h5	d10830d693a56ca394bede209c85ce09
torus.out0.04180.h5	85fdca8d7845a7ab86291b4ea2185140
torus.out0.04181.h5	2a6f3e64834dc4c14faa5f0cd1cb2bb3
torus.out0.04182.h5	11cd184a023b5c661499c13ddbab9aa2
torus.out0.04183.h5	e3c16c9b9570911eafe50c70dee2df84
torus.out0.04184.h5	221dd8ccb5989065a47ef5510d7aa06f
torus.out0.04185.h5	5964664d3a741c522fa24b6edf8b93ee
torus.out0.04186.h5	f23fc44cf4123067a6a66df2675d7f14
torus.out0.04187.h5	1bfe49afcc43045b1fab6374c3d24e15
torus.out0.04188.h5	66e9258c79cdcb12d4aba939b80e4faa
torus.out0.04189.h5	a6077726fe85f2ee002283fab9fa5f86
torus.out0.04190.h5	dd95bada033122b6a9d814c4ef73fac9
torus.out0.04191.h5	23685508c6d2b9b71117ad0758e08933
torus.out0.04192.h5	1ca204ea7e1e19b6c586174d377145fe
torus.out0.04193.h5	a9a7eda4c9069d9719c4f058d588ca8a
torus.out0.04194.h5	61d2490b7c9cde3c033c492b31514fdb
torus.out0.04195.h5	e8de733c02bd1d4294e9e704d807dbea
torus.out0.04196.h5	f4af66bdce6c06b9334c65c376276b0f
torus.out0.04197.h5	46c1188d0f89fbbc9139b7199c0daec8
torus.out0.04198.h5	69f483e9c9dae348cb5a2da2d3835caa
torus.out0.04199.h5	87ae6be2613c5168c3f8a5b437403cca
torus.out0.04200.h5	4579a959ca5fabcb607076ce15294688
torus.out0.04201.h5	e654a8ed983c9a4526c0213aadf41431
torus.out0.04202.h5	6cefd29c733e3359404526bbecf2b846
torus.out0.04203.h5	02851a6a0e1f4619bce6b07ff28a6bda
torus.out0.04204.h5	f913227f7fea5677e5d5fd1faa5a529e
torus.out0.04205.h5	afe70ef8e870e0440090c32536dc243e
torus.out0.04206.h5	e353b14cc1f69f8e0798572528779084
torus.out0.04207.h5	4bf670ae7bd6dc78147f9493296005e8
torus.out0.04208.h5	fe5f29f7d29310e947318c28d40f03a7
torus.out0.04209.h5	c12f44806f7b7d988dfbb2aba768612e
torus.out0.04210.h5	65e4198a081ea9cbf8cd971e51211449
torus.out0.04211.h5	49973fa0bf08e8d4f0b9bb162f54a0f3
torus.out0.04212.h5	99df7e41f6104fd4ead66f906a3faab0
torus.out0.04213.h5	9b762b9ef6d22eaed5fac96d85a240ff
torus.out0.04214.h5	c879e181778631753c1f0ed061ee3ad6
torus.out0.04215.h5	0e45f64eb9962aac4b140ed4afc94d92
torus.out0.04216.h5	31b051da9379720a8231bdc26b9e98d9
torus.out0.04217.h5	664da4afb554abe55e45db55a7d0c9fb
torus.out0.04218.h5	745e0139eb483a352d8062bceda2ffdc
torus.out0.04219.h5	6726fe3d8f19a9cc89ee5fa7d950fa88
torus.out0.04220.h5	4e213b0022f635307dd235fec7e387da
torus.out0.04221.h5	07349caeec52adf84e987a6457867d91
torus.out0.04222.h5	106e23dca5a39aa35e08d2820e4090d9
torus.out0.04223.h5	83f23c8f03fa322796c92c6104a3b11f
torus.out0.04224.h5	c13f5994315bbe1941e920c0ff80aaeb
torus.out0.04225.h5	e8a0e506db03d0be8c49340d9aa6174f
torus.out0.04226.h5	8ce0ab820a72f3c57a24d40117387bcc
torus.out0.04227.h5	a7362fbdb91a0841c291ba6bf3bb7dd8
torus.out0.04228.h5	ed92b67a7a0937b0f14c5ac3f6c00542
torus.out0.04229.h5	e09f7d92eb548d2aaa48a1bf04aefd4e
torus.out0.04230.h5	129fd0503aede9b97f9974d34040996d
torus.out0.04231.h5	6c872c07047ee7ca803a4dc0fd6877a5
torus.out0.04232.h5	9b8708043f95a504b4719dd04b2ba053
torus.out0.04233.h5	02621d1360222c3f267bd6d640112de9
torus.out0.04234.h5	bcd2fb8c594ba0b8d61ef897797414a4
torus.out0.04235.h5	d3f9765d4c39bf97fefe0a0357a1821d
torus.out0.04236.h5	c5fbaf0e8b6bc2efe24c275b7a03aede
torus.out0.04237.h5	c2e8782b420a1aecf7ca40364c335ad4
torus.out0.04238.h5	fefb39c6570aef2c52ad2f8a87d6fd73
torus.out0.04239.h5	27ff9a82a9925474bf9f60ed58fc5b65
torus.out0.04240.h5	945e55af1ae73c826a74c5dbe87f1b90
torus.out0.04241.h5	f699218c2e5654a94de526bef7fcc84b
torus.out0.04242.h5	df620d0c1ce43252bb600bfc1fbf3d68
torus.out0.04243.h5	002ed951a0f601c0316d6c87b92fd522
torus.out0.04244.h5	638c49b16480d173e3e8783812abe246
torus.out0.04245.h5	8ba4a28194c4342663dcbca05664be52
torus.out0.04246.h5	ba4b28c5add78a09a2f46da1db1c67a2
torus.out0.04247.h5	4ae942ad1954c88c8b0f262f20f8d095
torus.out0.04248.h5	f4b5380e40eae7c13667059575d61635
torus.out0.04249.h5	96d35604e1c16b9691b125858a32e98a
torus.out0.04250.h5	6c5e0982452c3fdfec62c1a24d08cb5b
torus.out0.04251.h5	68ed199b4645054734d7b193507faff5
torus.out0.04252.h5	236a215edfd26d4ebeb631b903742ae1
torus.out0.04253.h5	7594a5b8470029f7a4db090e1eb009ad
torus.out0.04254.h5	5e0c1e219f2f14c054656bc8582007bc
torus.out0.04255.h5	e8c948d966384e89989682cf8205341a
torus.out0.04256.h5	be9cd70a36ff826ebae81c1149eaae26
torus.out0.04257.h5	aa724fd1a68c9127c0cc7d49cb763464
torus.out0.04258.h5	489e074aee1468e0b20946b4f96f29e4
torus.out0.04259.h5	893afb0308c2dd8e23afe2e986333c2d
torus.out0.04260.h5	cf8b96a5d1a34df4eafa548b9a9c4654
torus.out0.04261.h5	4e3603621e0fa58c28129248320ce1fb
torus.out0.04262.h5	995d5007f24c26ffaf58121c517e2ce1
torus.out0.04263.h5	50c4bd746f98f29c6ddbbf7f38445745
torus.out0.04264.h5	abf28b1053153b745b2ee1711bb80b59
torus.out0.04265.h5	54cf2d87022072e6bef1d9738c4d4f58
torus.out0.04266.h5	467da040310d09d942b16362f11cd6de
torus.out0.04267.h5	4687fbcb4c14cf03cd9c05933d76005f
torus.out0.04268.h5	f57d940360e6a65de5e28d0dba8698f1
torus.out0.04269.h5	ef585e62858be157a2c4a03fa78cb0f9
torus.out0.04270.h5	0ca369c747e146bc53e6f0930a9da3ae
torus.out0.04271.h5	56c435227abf26e75792cd3a29d130d2
torus.out0.04272.h5	358fd856d6d30c2c08348bb982383d62
torus.out0.04273.h5	4f9a3f33b38adaadfbdbae13e780e5ec
torus.out0.04274.h5	7f045733046c6ed24b1ba91d5dd78999
torus.out0.04275.h5	8cf5cc407e37d11bf1204dc7e1272ceb
torus.out0.04276.h5	47d3cb8560b4f25d70e2a7601efb82a6
torus.out0.04277.h5	567da35b7981bec199a1ff7823f67e21
torus.out0.04278.h5	bc6d755bf971b54e056a326c7bf762ce
torus.out0.04279.h5	51915f39feb254b28015d61657201e59
torus.out0.04280.h5	41f2eddaf16da346a8a9da8e0267c8f0
torus.out0.04281.h5	f5e25421b225eb420b989def18bc90fe
torus.out0.04282.h5	9bf9d895df6874993d28b813eb51ea3c
torus.out0.04283.h5	c3cc59209cf32cab5dad795db52c9748
torus.out0.04284.h5	d0720bcb26722497b56b050cfb66d969
torus.out0.04285.h5	5366460e1f74746de1ded820d9a2667e
torus.out0.04286.h5	7f5b1ac16f920c7203c097f7e14a607e
torus.out0.04287.h5	17b418670da69c5cad97ab3ab3075fcd
torus.out0.04288.h5	38187b184c5b0912116d23d6dbfc3ca4
torus.out0.04289.h5	f10d31449a837c890b361e39e6a78ec7
torus.out0.04290.h5	14845989b9fee1fb0f858c84a10fbb12
torus.out0.04291.h5	b22d3524933aa791bebde94bfea53708
torus.out0.04292.h5	56bc32954d68ac3eb1932b9baba12eba
torus.out0.04293.h5	f05d2b48c284ca8bd00f028e5dba57f8
torus.out0.04294.h5	c8be4ae240ae3616952f7b04f2112c45
torus.out0.04295.h5	02041977109d89b24645b565f9ca276c
torus.out0.04296.h5	0d74b753ae330146334f6ec924878edc
torus.out0.04297.h5	4bceb7537d3c398f8ef23cee34553a0f
torus.out0.04298.h5	576b7683d3cfbd4b3267dff84771418e
torus.out0.04299.h5	cd1f8ad9de0be4d62432b917c85045d1
torus.out0.04300.h5	2161c392aa4bde9bc24632511ef25e9b
torus.out0.04301.h5	cd19efef517dc11226d8ccbde3d6ece5
torus.out0.04302.h5	a5fca79d0458c07ed83929109ef16680
torus.out0.04303.h5	2bf45b6fe713aa4bd81a36ce86926dee
torus.out0.04304.h5	feac4c941cbced8a0c02027de667368c
torus.out0.04305.h5	368e53227965826e2842eb615bc3c8b1
torus.out0.04306.h5	4fbe480516a8c4c68ec1014359676c52
torus.out0.04307.h5	025905eeba3f7f17c5be9dd10dc0c383
torus.out0.04308.h5	d0efb5b79170e476c7a6529c0f16e6a6
torus.out0.04309.h5	ff1f1478116c2dc97a6059bd59a5b935
torus.out0.04310.h5	269b3344ccf9fcdcfb4972f60244d5d5
torus.out0.04311.h5	bf8efbc00c6bcb32e37c1ad77d4b7efc
torus.out0.04312.h5	050891795d67edbe3d539ea12038ea9b
torus.out0.04313.h5	0f9b83ae4b63f796592adb7593a5ea85
torus.out0.04314.h5	6137ba607fd9f7b58123ca7be97c725f
torus.out0.04315.h5	516296f4b4fbefda74e80ec70e645a86
torus.out0.04316.h5	d6e1eba0ec9afde808bae18f4fbb3027
torus.out0.04317.h5	f7c70e5499a25868177643257963aa66
torus.out0.04318.h5	595e17e3f8b44edb93a2aab15432cf25
torus.out0.04319.h5	7f074ee608769623b65c5179880d3212
torus.out0.04320.h5	6ef069fb171cd6d9a80b6bb3d28ef40f
torus.out0.04321.h5	4e22d76f26409dce432d283e2628ed3d
torus.out0.04322.h5	3638a804197c44e7f0112566cbd47940
torus.out0.04323.h5	c2a81d6366cfa3a24ed231581faaa352
torus.out0.04324.h5	c477ca783b36042c3e88178b71f544b7
torus.out0.04325.h5	a238335f212203fb10d3635b16519c00
torus.out0.04326.h5	86f9c4d82e421c1e1fd95eee9056cd17
torus.out0.04327.h5	745ae93327e89a420654dd1ed658d94a
torus.out0.04328.h5	023d1cfbf8c1eed4c127c71724405dc9
torus.out0.04329.h5	b834a217fb6eb038d19371b182530b27
torus.out0.04330.h5	6134ea69f26d39ca0f6c7c38b9a0845b
torus.out0.04331.h5	448816f82710d17124644e6224ac786d
torus.out0.04332.h5	3ea327c85639689215c3493387c250b5
torus.out0.04333.h5	d94f781502787bc3cb544ff65056bd69
torus.out0.04334.h5	5dfb84f3878f5635766e532299e8e26f
torus.out0.04335.h5	6cce85936ab453a0af452eab9f0f46ae
torus.out0.04336.h5	0ba7a6083d4183371902aeda4974710c
torus.out0.04337.h5	d496984e41cfe3817c3b9e52fe9329d3
torus.out0.04338.h5	79ced565360b3ca17d8eb60fa3495b3e
torus.out0.04339.h5	412c94910955d2ff519ecd53f8402d7b
torus.out0.04340.h5	526840c5e0db96e7c16b115ca484d55d
torus.out0.04341.h5	7060c2fc00a216222206ab8d9c95d03f
torus.out0.04342.h5	abd3993abe2c6a2a0bc1f1ebd02cbdca
torus.out0.04343.h5	ebac43854e06a0033f5daabc70449b5e
torus.out0.04344.h5	bace152e004aef0960083fc42ed0cff8
torus.out0.04345.h5	ed0a6108be2b97ff4963acf4b0853dd9
torus.out0.04346.h5	ad6ffec0b0209855809c7b11d97bd395
torus.out0.04347.h5	4234f7df5b0114b292798a48c3d0a232
torus.out0.04348.h5	e8ea75ff9a56c18d62ff2b26c62e57b6
torus.out0.04349.h5	cc9bce0b05b44a032e4c5f57387c0826
torus.out0.04350.h5	7720d323f4140f80d88c07e314b9f1f9
torus.out0.04351.h5	90ce9433179cb565f369d46a8d0d6615
torus.out0.04352.h5	03793daa5a733c5a6ff6ac219f0a27c5
torus.out0.04353.h5	db37ed6c0d2b2ecdbf96a05bc4184e0b
torus.out0.04354.h5	431bc6f297d927d21682947fdaeeee4b
torus.out0.04355.h5	921d53d8786dedf63fdd6cbfd7788442
torus.out0.04356.h5	57dc5a0155454e1af60977ef840f4354
torus.out0.04357.h5	5b5e517abece2ec865cb33e100847d57
torus.out0.04358.h5	29b563242866c0f7f067759a91e72d8e
torus.out0.04359.h5	4211c5c79ee348cc2d83e1c0c187105d
torus.out0.04360.h5	bde042c3e38aac1687ede3f3a7bbc53d
torus.out0.04361.h5	89a9a6d7e14301e402021fa53d1284e6
torus.out0.04362.h5	0a1634c9798f02e9e0aad819cac1cbe0
torus.out0.04363.h5	49df75d7903f50b91f39dfce916ceea8
torus.out0.04364.h5	df70ff33800df8d31cfa06a851667138
torus.out0.04365.h5	94e63187c0dd8eca56ef6b30138b6fe4
torus.out0.04366.h5	5b4a660006d6c2e48c5618b0bdea89eb
torus.out0.04367.h5	3aef7d85f2722fbc7ee19be9ae0816de
torus.out0.04368.h5	8e70ebed4122995d00c8f7d6d0b848e1
torus.out0.04369.h5	cd034c9e32d5799773b2196f80692860
torus.out0.04370.h5	941fd444abf2af04bce2c75b611ad833
torus.out0.04371.h5	10d3904df5a4f3c09fcbaca92e318128
torus.out0.04372.h5	e2de8301cee9377c26dae04beb2a2aa6
torus.out0.04373.h5	647b724c2c5688fdeac3be1f3c3d22cc
torus.out0.04374.h5	b4bd41a8d5ca8697b0041c46cf325489
torus.out0.04375.h5	ca5eb1caea4873563e24654f2224d24e
torus.out0.04376.h5	04109c01b53a65ab16c8fa9e088d06dd
torus.out0.04377.h5	eabd040faf487d14952900465d9dcfad
torus.out0.04378.h5	78b23293bb169152edc824a706c4214a
torus.out0.04379.h5	9487ba900d1efc2ea35595f6f04d81bc
torus.out0.04380.h5	bdd52775eb4555e92e788c2c7db6272c
torus.out0.04381.h5	532f81d3ad8cf2543db521266eb5b734
torus.out0.04382.h5	ab8a0535bcda136d2a0766aef958f919
torus.out0.04383.h5	b09d45c7608df0f990ab7a94001ea82c
torus.out0.04384.h5	4d7e7357cdb35ad5c158311754f39712
torus.out0.04385.h5	01580e1eb525539cebbe29cf280b969d
torus.out0.04386.h5	45ac30701234d7f5c326493bc367a59e
torus.out0.04387.h5	666e9a0e7edf5156b850a4df411255f3
torus.out0.04388.h5	2c35b63d0642e99d795e3d5251901d27
torus.out0.04389.h5	3e0840373ab0d2705c564a0daad1b0d8
torus.out0.04390.h5	16c924197325050b8638c641fbbcf0ff
torus.out0.04391.h5	3a20e16b5dcfee07496a5c677c98a640
torus.out0.04392.h5	73025ae03787809d8caf57b49d6e9809
torus.out0.04393.h5	809f02653850fa88c913256f6c2fb7e1
torus.out0.04394.h5	febfaff44e7a9e241cc98a3e16c52d51
torus.out0.04395.h5	bdfe6f0bc4a65671b3d9aabf710bf830
torus.out0.04396.h5	7b8b72f39c79298663ada094a86dbc70
torus.out0.04397.h5	3f03abc2453c331d63b0730f4581f282
torus.out0.04398.h5	62f3744f75ecad0c13509c430115f9b2
torus.out0.04399.h5	3696e237b71512ebf1e2340ab59e99d0
torus.out0.04400.h5	ea9fa855b0bd3f9a8762fb5655da5659
torus.out0.04401.h5	b499d7faaf9ec4a99a027c1169b9c7a7
torus.out0.04402.h5	225cda23e4dcbdf84c571106587257dc
torus.out0.04403.h5	7646f13cdbc09cb9d434f6d6c880e3e1
torus.out0.04404.h5	c7df9156abba7f1a9fff2b7ace990463
torus.out0.04405.h5	1d5de7d69d5db08b21b15615d67c9aab
torus.out0.04406.h5	dc4972dea6a642d4f8bc73efcc961af2
torus.out0.04407.h5	0fc6632b64e1be88d7ca6ba1788dd730
torus.out0.04408.h5	f875c5e897f9a035ec92c4db3edba5bb
torus.out0.04409.h5	86c364474196a949260dfc54e80a349c
torus.out0.04410.h5	6354e21dbad7868525299fe0d49b033c
torus.out0.04411.h5	6fd6de21e2c9fad39cd000d76c72c670
torus.out0.04412.h5	0534e1fd787aa734e05862f3abec049d
torus.out0.04413.h5	ffeb4c289727d76598895a1bdabe6f24
torus.out0.04414.h5	ce2cda4ee886a00b696236056b6ed2e4
torus.out0.04415.h5	98ab9506487b1cda127f8c05b3edb140
torus.out0.04416.h5	91e6e815f70ffc9db7335b3ea89422c3
torus.out0.04417.h5	babb4cdf740d5737ccf339d947738664
torus.out0.04418.h5	56c77e655030a5186acf27650e10b1dc
torus.out0.04419.h5	127b62767842818e9308553cd7f69e67
torus.out0.04420.h5	ac775a0dd5b688714fd55488a279e9e1
torus.out0.04421.h5	935ba54ee64472ff52a8bc3198c7897e
torus.out0.04422.h5	6a2b45a9aca969ad7c6e541b77780739
torus.out0.04423.h5	816e24b1c854db4c87abdc9a8fa252ec
torus.out0.04424.h5	423febe37d924fb320374849b4b6fd77
torus.out0.04425.h5	67aa09f395513f8fa9b8903d26fb0388
torus.out0.04426.h5	47a0f3f9ee5a0bcdb92d5b8a837e2175
torus.out0.04427.h5	f0afa2e1df7b4de89501a7a5ff4ace2e
torus.out0.04428.h5	ce57761f458eb2669a8d07c3206049e6
torus.out0.04429.h5	d3cafbb98ef5abbe1d2e6f01fa366ea7
torus.out0.04430.h5	3fc24d5acdb78374fbfd9651938e3d08
torus.out0.04431.h5	273b541d39f9f049e6a23661401f2f99
torus.out0.04432.h5	6083481affc4921da4ab2d9ede46de44
torus.out0.04433.h5	8cbba11eae32ebb6cd0a44b4436b800f
torus.out0.04434.h5	81d30b273d525a8fb243fe11c33fb7ad
torus.out0.04435.h5	fb5a06f9d7f3ee2642ce1ee70b2d53cf
torus.out0.04436.h5	f55668aacc978f15aa90c21153761377
torus.out0.04437.h5	bf79e65f3166804ed8fe1238e67cd068
torus.out0.04438.h5	ba8f161b6595c3923fe81c98d0312f2a
torus.out0.04439.h5	b06bb2d88e75894613a18388af982373
torus.out0.04440.h5	f4f7692cec4a9af0b0f21fd6cbef1187
torus.out0.04441.h5	ab7caed24a8a8d337d24cda30f8a649d
torus.out0.04442.h5	589e044f7ae55ce95d9b227b021806a9
torus.out0.04443.h5	b739279fe2d5eda9708e03a6755a32e5
torus.out0.04444.h5	94faea0bb0df2083d1f226ebd914be1b
torus.out0.04445.h5	5fa9df4920d21d5c570eb5c21718d48c
torus.out0.04446.h5	63fa3e442f0fd4789ef86d7b7bfd1e26
torus.out0.04447.h5	d7217eee8c3e76c5ec54eedcfcfbe3a5
torus.out0.04448.h5	22c81266de72029ed87437b87807b5f1
torus.out0.04449.h5	5dd935a8ad2eaadec2bd80b78f65e124
torus.out0.04450.h5	8e363c57ac9ec95eac46671d1f2ca10e
torus.out0.04451.h5	266c10a293eecc9e41d07788ee638054
torus.out0.04452.h5	4e74303979041bcdf51551fc8e97247d
torus.out0.04453.h5	51c8e129cbc1099f2b41fe4159d89fa6
torus.out0.04454.h5	6d586c54947ca99262bcf1cd1bd571d7
torus.out0.04455.h5	53bb3dbd846941a4e2f9b3960092b533
torus.out0.04456.h5	61f4a85d50b63135189fd69523ac5a50
torus.out0.04457.h5	1cd3326f20f8c7898aca107c405bcf3e
torus.out0.04458.h5	6ed1452b6a56cdc6340a7bfa8a08fe71
torus.out0.04459.h5	f8be128c26bf73999ba15a2d101e1982
torus.out0.04460.h5	ec5add51c5ff0ecf781a1c7acfe62040
torus.out0.04461.h5	971150c73e3b83bee17f6b76589a6df7
torus.out0.04462.h5	0dcb05e5d8277682f244a7e829e4fac9
torus.out0.04463.h5	139dfa121043cd632dda75f753ff9771
torus.out0.04464.h5	41de9b12af0e9aa227bbef23e73a4c55
torus.out0.04465.h5	b22ff944a8f3e5565a44322f4aa47232
torus.out0.04466.h5	2bbf2721ba0e40a450d03a68630435bb
torus.out0.04467.h5	e3103c431341a78b604e7fd886b35e16
torus.out0.04468.h5	440538883bbed9ab5afd18ea7300e260
torus.out0.04469.h5	3a037be4f235d969c7916e6714004bd1
torus.out0.04470.h5	981b461ec1f7a2a04d3d700693a9ef8e
torus.out0.04471.h5	510a9b6a321af3f6efc93a076d20c92d
torus.out0.04472.h5	d355eacbf006b13cc5be92662ef63541
torus.out0.04473.h5	c0ad42a06bf270f7223863d62fea5203
torus.out0.04474.h5	8d93c0f016999c23540154a342bb3ff9
torus.out0.04475.h5	04b20bd0080050a61069512d3062ad4d
torus.out0.04476.h5	efbb6d318ed706f246398a50bdfded20
torus.out0.04477.h5	1002541c034932abd04c7732efedbf07
torus.out0.04478.h5	1df682525ad5e7791568542eb0db2812
torus.out0.04479.h5	608b1ba26f1281d7b2d365f4c1efc575
torus.out0.04480.h5	b89bca2bb31d475f8677819e04d46a3f
torus.out0.04481.h5	a5440340673dbe90570225a2e6f3c5f1
torus.out0.04482.h5	4471a0383a0d04f23728d96652007027
torus.out0.04483.h5	48b97ae96ebda632f099ba6f3b9139d0
torus.out0.04484.h5	e070396af206ed89e22a5099c5c4339e
torus.out0.04485.h5	08c0876ee38182f630a5ad62a1eca0a6
torus.out0.04486.h5	312ac5661eed0df35db7acb232267d7e
torus.out0.04487.h5	9cbc8d4ab65609e012d24140ff71ceac
torus.out0.04488.h5	53d98851458f425dbdb6990ee8e9174b
torus.out0.04489.h5	d5b6aaeeddb6ee5dee77587203bb3ca7
torus.out0.04490.h5	8cf6ddd2a87eb0da83dd1112c233de7b
torus.out0.04491.h5	b24e5e2860127605e4ba798b4cb66c33
torus.out0.04492.h5	e6fb0261c16cabadbc2361b7a7f6643a
torus.out0.04493.h5	1fc804c32dca10c3125604534df043f8
torus.out0.04494.h5	bc25a8f0e147ac06db7d8dc42605c49e
torus.out0.04495.h5	8205749e806c804bfeb5cedc58bc9462
torus.out0.04496.h5	71a30efac108ae4d9c7610933cf1c698
torus.out0.04497.h5	f7cd35c6fa9a0a0e1b9f00c7a76001b5
torus.out0.04498.h5	6739dc298c6ce697b9876537f0491438
torus.out0.04499.h5	0f62d3f7fbff66c1452f96a325917b03
torus.out0.04500.h5	4c98e40aff35a46a3e7c86d7ef1b7bf3
torus.out0.04501.h5	0251f974ade843f7065dc82b4e11f583
torus.out0.04502.h5	60ca6ec16e70ef382c6466d9ab9b08b6
torus.out0.04503.h5	fc150b591a1fbd5ba70c2218a1891a2d
torus.out0.04504.h5	e056d1eead190e9307a57dba89a2d0b0
torus.out0.04505.h5	4908be0e038d303ae829d25784e78644
torus.out0.04506.h5	34f8caa9336d2321c78ffb33e5fc71a6
torus.out0.04507.h5	fbd6b1464cf0bbc623de61775f365d8f
torus.out0.04508.h5	608f62ba03178d48c1af6e6ba38f6315
torus.out0.04509.h5	1b09508c7109ca6e8f95e1b7eb7476cb
torus.out0.04510.h5	f7e989c87bb1c005d355efa285a1d83f
torus.out0.04511.h5	4fd04d0a8cff6a4b23b22348688f2b39
torus.out0.04512.h5	9b0fd198b35224e2f19873e4ddeaaa19
torus.out0.04513.h5	954a3d10faed1d4577565b68f035a7cc
torus.out0.04514.h5	1cdc33f3fb689a53282b223fe6e91433
torus.out0.04515.h5	54459656fd2cb0a30912310af2fc933e
torus.out0.04516.h5	5a5c7f8da538549f5d6ce9b9e2328f9e
torus.out0.04517.h5	fd9cc8a401277533fc7f95788ee8fa5a
torus.out0.04518.h5	bc541ca1ea5d3189368bcf9cf6f4ad18
torus.out0.04519.h5	e31cecb8a7a82cf798f30ef9c4ddc951
torus.out0.04520.h5	07a927339e5f751ab099f0a1052bedcc
torus.out0.04521.h5	32ea65e105a1aae8c8c75de624f4e235
torus.out0.04522.h5	91f2ae6a22df75f3f5b0e1707ee61cee
torus.out0.04523.h5	b6dfc3b8f4c653973ae8a5cded6ac1de
torus.out0.04524.h5	6bdbb505608b82808f33d181dbd0e14d
torus.out0.04525.h5	cd4488e717950acc0bde1fd547cac985
torus.out0.04526.h5	34853ee8ec78e64b36df8141b0291790
torus.out0.04527.h5	200c9d6bfe7c4fdff2e54b381a723a14
torus.out0.04528.h5	b919125303ab89a322127307d7560b42
torus.out0.04529.h5	fe2bb6a5435e4cb0c4dfd53167fe7bdf
torus.out0.04530.h5	e1f94d6d0eedae82b973507a17a3fa7d
torus.out0.04531.h5	d48985533aadbc06a62936f18da257ea
torus.out0.04532.h5	6eb7aa5afb89564fe20be08073079863
torus.out0.04533.h5	0e0612240af3b0d5f37633130f31f235
torus.out0.04534.h5	9b9abf9d46d10e3b73c5ced07afb67c0
torus.out0.04535.h5	176118f403fd8288d6712bc3aacdee6c
torus.out0.04536.h5	258b5beac2c8a37bdf1a7acc8c591303
torus.out0.04537.h5	d8cc690ef1f509811b711e43456c07f1
torus.out0.04538.h5	352f0b6afe4ce63c68c3a973fd2bc375
torus.out0.04539.h5	13240bb5bc4a9d8bf834592f9ae71474
torus.out0.04540.h5	4776ec2684c3cb50817124fc732089ea
torus.out0.04541.h5	5ecefc890a383403235f48a5ff712836
torus.out0.04542.h5	5ea490104a0f4d3c5a23c7338f48b70a
torus.out0.04543.h5	f3a6acb4f1ecdb9a7e9bf0dd208b7d11
torus.out0.04544.h5	e1bbba96f0b1490be34f953ff8a9af73
torus.out0.04545.h5	664d244262cf8d4f9320a57e9462d8df
torus.out0.04546.h5	8172a71cdf342a36fa839c9311f7ebb8
torus.out0.04547.h5	115f937181b8916ef9a221bfb0f5422b
torus.out0.04548.h5	a13a254cdd2be2301897fea2a9e2b609
torus.out0.04549.h5	2a492df61280901e4dd723874fc8c366
torus.out0.04550.h5	2f5f8d97d08f1810edb29fccc81ff1fa
torus.out0.04551.h5	82492594833720eede4222b6ecc99012
torus.out0.04552.h5	60d6785cdabef4a86b136ac5e837615b
torus.out0.04553.h5	a572e87d695a26fea3390fa92c3f55a5
torus.out0.04554.h5	beab8d23043775e4a2cc9e5b560867eb
torus.out0.04555.h5	7e5417cffbb2d46ee7a019dcaeac6d2f
torus.out0.04556.h5	33fcee32e11aaae2390d86b50d0d4115
torus.out0.04557.h5	b589173fda271d159e7269eb70ced481
torus.out0.04558.h5	f7220f71bbdef704d2472ad6befbfd08
torus.out0.04559.h5	a7618c4f1d954728ddf2d5e25c1d376c
torus.out0.04560.h5	60efbe3faaaa4f0ed43bfa812c154401
torus.out0.04561.h5	285a1c921b89a0b882695f3a60881384
torus.out0.04562.h5	fa9a68ff2141f0c0c070578592a9f5d8
torus.out0.04563.h5	2f5be90b29b58aa2df08d30576c103e3
torus.out0.04564.h5	2d85f937808702e2d64444163f8f5e0a
torus.out0.04565.h5	9086e1064634e80e97fea0e9586c77eb
torus.out0.04566.h5	ca9a84f2e62641d5016a79ef7b9754f9
torus.out0.04567.h5	64be873e28a71ab2968abc514fd94e45
torus.out0.04568.h5	e4d8e05bf37d2278ae72cdf41851b16c
torus.out0.04569.h5	2a97469dc230204ca3f482e983453164
torus.out0.04570.h5	71c3f4d4186c0873b512b6f53428a6f9
torus.out0.04571.h5	5ff0af92843a4e730d92314f7fd2f4fc
torus.out0.04572.h5	4a41fe188cae762ae4d2e7f61a19f35a
torus.out0.04573.h5	ef1d2bfdcc6914e6845198c177065e27
torus.out0.04574.h5	0e6720d957ad2107605f0524a64c1af2
torus.out0.04575.h5	965db2edce8c257668cd6e3e77962d2c
torus.out0.04576.h5	e373a89d39b6add48628f3dff69764fb
torus.out0.04577.h5	e466e022f65c6149a3c74fa92843619a
torus.out0.04578.h5	deb5500258c8adc638a361329a0ed1f6
torus.out0.04579.h5	45ccaaf6f9557efaa01475954b22467e
torus.out0.04580.h5	263c651fdc0491a031a2fbde83a9bea0
torus.out0.04581.h5	3bb36ab663d979ff08ccad1e06a75e23
torus.out0.04582.h5	640b7cfdaafef44b1825fe56d2557f29
torus.out0.04583.h5	3a310c30a3113456e32f1d0b93d32557
torus.out0.04584.h5	0c35276a13a0002c093c3c1b1633eafd
torus.out0.04585.h5	06ad8a76d2d3533c22a53872d99d3a99
torus.out0.04586.h5	169763fcb448dc498ca984f53a25f6a7
torus.out0.04587.h5	b509a2b61d8259f921b6d347d9d4aaed
torus.out0.04588.h5	d27f78763c77ca9fc3bb7d4d82894b92
torus.out0.04589.h5	081f3fbe9f2e24e0127d706efc8c35f4
torus.out0.04590.h5	466897c4bf52738057309cf6b1347f88
torus.out0.04591.h5	688af03e449ba34bc32be337858b102b
torus.out0.04592.h5	fd9bcbc2e9f3426b7c788ee12e3522de
torus.out0.04593.h5	cad4831e55976894b94b06d2de7ee743
torus.out0.04594.h5	3f340842e07dbe07be718349a72e9171
torus.out0.04595.h5	643a130a45d0fccfc72f370988fe554b
torus.out0.04596.h5	1cc4bc57c6437a0656d2725e66564b63
torus.out0.04597.h5	2e22629ef279570535f2e6b964fe1149
torus.out0.04598.h5	e24c9fe4e1818008b01949b3214738ce
torus.out0.04599.h5	783593066c15bdfd0027819b9c61df21
torus.out0.04600.h5	542423f8a3ac4e850859fd9719adf2c0
torus.out0.04601.h5	c8f62a11411ca856ec57fb376f4dd43d
torus.out0.04602.h5	2eacd208fada5e3f7afd26182be315f3
torus.out0.04603.h5	8b2c22100e3cc3992c3b41a897ab92d5
torus.out0.04604.h5	9165a2445f112e2fe45841658a13292d
torus.out0.04605.h5	d93aee002d4fd41da5e0836b4eae1ec8
torus.out0.04606.h5	e0f6c24bf8be2abbdba8e2ba3a8839e9
torus.out0.04607.h5	68f17459951b01580984ad3828895797
torus.out0.04608.h5	ffeb0bf9c81bf628b79d8eb5c2ccdf4a
torus.out0.04609.h5	075b9c956c9de7cc96a775b3ca321696
torus.out0.04610.h5	ffe90cbf6f347d906d3763806d4bfbed
torus.out0.04611.h5	baed381af7203822d72988448dbafeb0
torus.out0.04612.h5	c7d208e97dc28b804b9ef7ed90790088
torus.out0.04613.h5	04fd454f70536dce584831d1dc97e45d
torus.out0.04614.h5	d31fa79a0b84086c65bb958738590cd8
torus.out0.04615.h5	86e9bb30c528ec21992db354f7dd8503
torus.out0.04616.h5	ebdca641c7826e3df88ee280a1830acb
torus.out0.04617.h5	22b13c99435dfc7b5552f4ebdadfa535
torus.out0.04618.h5	5ce6562811a331f4fd075fe428723e74
torus.out0.04619.h5	a2927a4f464f141f9a993c1eddc578f1
torus.out0.04620.h5	c270033f06bdd9e69cc19a9267dca126
torus.out0.04621.h5	b1ff01760f76ca9e285e1db994129965
torus.out0.04622.h5	930ea23c95add3e8a8952c6b85311124
torus.out0.04623.h5	1af213fa99efd54338ad43c4d9941f0e
torus.out0.04624.h5	9b577468bd9f429a4fcd93abfb96a64a
torus.out0.04625.h5	2c5ad05513b4e40a6f804d683e31dde5
torus.out0.04626.h5	d1f4bacd812514e0b15af43f723c190f
torus.out0.04627.h5	b697ecc4f80f25d36aaaf9f9376daa34
torus.out0.04628.h5	43c16cefe3d861d6a6665856cbd216ef
torus.out0.04629.h5	6f27d9e24c3814a39abd25e126cd8170
torus.out0.04630.h5	20557c4d4428e1501178f993c0979994
torus.out0.04631.h5	c14f2dee7cece53589618a09d5588786
torus.out0.04632.h5	e2b903e87a536514cc905fea44b93e59
torus.out0.04633.h5	caec12c2b474b5466c2528eb97196b53
torus.out0.04634.h5	cc47ae99211f8d9db23c96ccf0b887d9
torus.out0.04635.h5	0dede3e8996a492dfdd2520fcb3a99de
torus.out0.04636.h5	034cefcf638b9a42d8c901dca50a7c6a
torus.out0.04637.h5	f336b1232efb0dc06ff9c709ec65b437
torus.out0.04638.h5	8d0b87a0885641ad18ef6eb0cce409af
torus.out0.04639.h5	a07bec16c00e39af44ccc785f0db8c09
torus.out0.04640.h5	02488c39e6613d0d0077f4784981642c
torus.out0.04641.h5	aaa6e1887e604314704ee6a0db19c5a6
torus.out0.04642.h5	5e171ecf07d4a1d39760af44427c5384
torus.out0.04643.h5	f2c52e83ed0833ea1babc0242f45e0b4
torus.out0.04644.h5	7244f9fb42460e3d3fea52a8622ae798
torus.out0.04645.h5	439f4c2502338312aeb68513736b1c75
torus.out0.04646.h5	d4270986ced726060a39a81ce0f02fd4
torus.out0.04647.h5	3e1321a3a655b786a1f2e55b201ef6df
torus.out0.04648.h5	42f58c822081bae591d9572227a39737
torus.out0.04649.h5	229996371fa1467f2e62226bff231ba8
torus.out0.04650.h5	2a07778bfd1217b9fe6112eddeed8d23
torus.out0.04651.h5	6cd948cb176b26651bb01c159933373e
torus.out0.04652.h5	59b7c5f2224cfe9fa1f4c3acb1c08561
torus.out0.04653.h5	03b85474ce4f64fc0d7e1210d26f1e8f
torus.out0.04654.h5	7de4d8d54cb1d363b00a7858094a449f
torus.out0.04655.h5	b191fcb352a6aafaace01e1b22f1b38f
torus.out0.04656.h5	a8c770f3674e9278a7f08ca48944825b
torus.out0.04657.h5	27b264fb77dc1c5f1f889d623a76f664
torus.out0.04658.h5	87ca2541a520406c6a202d7ceeced12d
torus.out0.04659.h5	caa994b034ca0b6a63932f64854c47e8
torus.out0.04660.h5	e0be9f2156ad3afffcde224274b4d3d4
torus.out0.04661.h5	c2f7bcc5d0b4ed722f11e3841abae9cd
torus.out0.04662.h5	b05ed6495289377abf3b1ad2312bb45d
torus.out0.04663.h5	726f0a8c14f87e12a63c3a15a9e53ed8
torus.out0.04664.h5	58019aa486eacbc9b7f62bb9052bdb1f
torus.out0.04665.h5	d8cd61a043f2ba1697625e9fd6b2cdca
torus.out0.04666.h5	6612121f984527a1718a5eb0e284478a
torus.out0.04667.h5	b4151398f55e23e80bbcb4b2d085b7e6
torus.out0.04668.h5	7e40842973a4bff1c227fe16fd0e8bfb
torus.out0.04669.h5	9bcfb057079f87d0aed14cfd3e6b9ab9
torus.out0.04670.h5	d526a626a852ec97aee3f178d9a06e20
torus.out0.04671.h5	f977e157dd3c7cc5c8f68903bf5e13c6
torus.out0.04672.h5	cfd3c15bb9fca2d5d849541da16cbe77
torus.out0.04673.h5	26f5ae3787317333a31ba420bbed15f0
torus.out0.04674.h5	7b2a909f77877bf7f7d354dff9fdf54d
torus.out0.04675.h5	53a6a92e3a98d1a590a8d59775651693
torus.out0.04676.h5	003b89460e08dad19269a8fd2d1e7c6b
torus.out0.04677.h5	e23fa3181cd565c07f8150a29f50d837
torus.out0.04678.h5	80c53074296718e6b574d86f6f2644a2
torus.out0.04679.h5	ede13d166ee57cfcb4bd7e0c2ec3694c
torus.out0.04680.h5	bdbc7e3789dd7f50252079c415d3fb04
torus.out0.04681.h5	f685e1345d24be4eb03613c43ce93885
torus.out0.04682.h5	030c3c7d9ef113cb1108409d8bedff44
torus.out0.04683.h5	f83968c72ec918fda4a324d566669130
torus.out0.04684.h5	6137016e1589c6cf12d6853222e252cb
torus.out0.04685.h5	2fedfeb85a23208a77450af268a857da
torus.out0.04686.h5	4e94ed37a1ed1211d0f72642b7a85377
torus.out0.04687.h5	d6e5a7e1e96b7f3928673cff4b48fc75
torus.out0.04688.h5	acb9a272bcd28860d13598bd5ee3248b
torus.out0.04689.h5	792a74de573a2a0752e1592801d2f1af
torus.out0.04690.h5	db8e75af4796f4b3d46192687cfe8815
torus.out0.04691.h5	620e8441e04587a791559c4bcbb7d666
torus.out0.04692.h5	98cae9c7195695c0f2e96683447a03db
torus.out0.04693.h5	c9651dac5c43fe97877419370e2e1961
torus.out0.04694.h5	9594e220a383c42445bab0faa1e697d4
torus.out0.04695.h5	d7e00788f9ac2428e2cefbc336737eaa
torus.out0.04696.h5	111dad844995f7dd75739fe3f5dbc104
torus.out0.04697.h5	07d0127e6823114c55efbc422eec740e
torus.out0.04698.h5	99ef0048da5e6be6ee4462bceabd33b0
torus.out0.04699.h5	4d8a674e946a3931c5f15f70386917e0
torus.out0.04700.h5	0aa0994d42e5aacc9d498df861d5ec05
torus.out0.04701.h5	1264b682bbef915e9f48228a9a90f881
torus.out0.04702.h5	9bbf95a8fdd939f84bcb4f377dc0e3d5
torus.out0.04703.h5	4743f6a36f8da3940ecdb3002f8ecc13
torus.out0.04704.h5	812005806fad91d356c8d8d13df12b3c
torus.out0.04705.h5	eec7ac3b78b870deb67019721af272c9
torus.out0.04706.h5	5bc4c8acf728bc20a6ab683e421d0109
torus.out0.04707.h5	bd86b3cdbbe392200fd4021feaa62c2f
torus.out0.04708.h5	4383e127b32392e26538626cd0194439
torus.out0.04709.h5	757a39fa2f7f55bf18a0269b6e82a08d
torus.out0.04710.h5	7754b76d2941f6b0bceb119602a5c872
torus.out0.04711.h5	95f04520be825f017ca0abd78243ff81
torus.out0.04712.h5	7621afc53eaea804cdd12d97b9548088
torus.out0.04713.h5	a61945827541e65f428f9a54eb3847e4
torus.out0.04714.h5	a1beae221b7f72d882c15f6b745e50fb
torus.out0.04715.h5	9e8fed46bcfb2e1863f78dade84bbaf2
torus.out0.04716.h5	f3dbb345fdfe724d94e8eb4350f231c3
torus.out0.04717.h5	fd0422d46457e064bd65aadce2d4c900
torus.out0.04718.h5	39b76ebffa34431373e5cafb575d7906
torus.out0.04719.h5	4e3e164eb9cf60acf4809a2e20a677bc
torus.out0.04720.h5	9b42be4728aacfcdd20abab94396146b
torus.out0.04721.h5	17e5a30587c73b934f1e16a4a90e840a
torus.out0.04722.h5	9f5d34cddc00b8cf134e0670e63d0925
torus.out0.04723.h5	b94d8fd2d89fb6495b48752ba0196b77
torus.out0.04724.h5	fa7370d0b3560656b140dbd6ad2a13e8
torus.out0.04725.h5	b05e1325ff5977b8b6a5227eeffa7345
torus.out0.04726.h5	e74f70d39e789539f5e45caceff096bc
torus.out0.04727.h5	4a9256d7f854bb86e3aec2523232d87b
torus.out0.04728.h5	e66eee6478e5527f8e64fe2f490b6aa1
torus.out0.04729.h5	c79f4336fc2cd6d1643ed997af2e30ba
torus.out0.04730.h5	49b8ed80e2a13617b4d814c3eb9491b4
torus.out0.04731.h5	7369038b558dac279688d63c11c3d3a9
torus.out0.04732.h5	c36b7c8dd70917a48df2615f200792f2
torus.out0.04733.h5	417156fc348b785a866bb19be0ca7a74
torus.out0.04734.h5	db929ae8046d8c7ea2cfbbe882b7b75c
torus.out0.04735.h5	164c035606bc4b83c9b87f65ce266031
torus.out0.04736.h5	dd3451a04bb2b4ded89a776cc13bf3f3
torus.out0.04737.h5	3b1e1d6b36e2ccc1f3bf26d6933476b6
torus.out0.04738.h5	8a322419c8b4201b0d9f99922431fe02
torus.out0.04739.h5	97878bf31abab53e5a0ce29cd9f9f647
torus.out0.04740.h5	d99ab18fd0666e267103a656eb140c7f
torus.out0.04741.h5	70e10ddc16c20ea409952483f5df472a
torus.out0.04742.h5	8608d1b48c3378bda36f6b2ed50e7150
torus.out0.04743.h5	a4df560038278d2c974a56139cc954ca
torus.out0.04744.h5	5ba3d6e4bc6d3f793ce5bf402c8f98b2
torus.out0.04745.h5	29c087d3097690fa56f7bbbbeca03e8d
torus.out0.04746.h5	e3b679fc834c2ce470d31e92fa24dbcc
torus.out0.04747.h5	ca3c4d23501a76450ea02fc971d8cd1b
torus.out0.04748.h5	c731e0ac0eb8d965d3c30ddd6e33c901
torus.out0.04749.h5	edb36137a09329bedadb1280a82faf49
torus.out0.04750.h5	7df9280cc98d4fd8247f7ea11511c67e
torus.out0.04751.h5	4175cbb2c959bab81d01794c4284adc8
torus.out0.04752.h5	4eb2e15fe21947e25cb3d2cee72c060f
torus.out0.04753.h5	0f7978d070b648a10739d9ca472d492a
torus.out0.04754.h5	0ea556356c3e7bb0a3d03138a3267e7f
torus.out0.04755.h5	c36a83f1f9d2a11755c151b85204d67d
torus.out0.04756.h5	38bf939fdd62fa75b132ca35e32bb056
torus.out0.04757.h5	f5618db67a42425e6169dc8d1d111414
torus.out0.04758.h5	34b36d7e37487ba81e7d0699ae31614f
torus.out0.04759.h5	a44aabea7488e5eaafece344286523d6
torus.out0.04760.h5	18fe6861b66adb603427182b0b8435cd
torus.out0.04761.h5	9e664f56bcfd8ad4cd1da5e1137fa576
torus.out0.04762.h5	9c39b8619289e488cc2c0033e5e22ab2
torus.out0.04763.h5	819a089e6e2d4f5aed4b159b961ebd93
torus.out0.04764.h5	7bc9926929c0c0d1a76271abe94f0488
torus.out0.04765.h5	44b4131e487fa6f24876d8e062f12e1d
torus.out0.04766.h5	a4374fc8f958bfb42316e59caccfd90d
torus.out0.04767.h5	158641df55cdcb136518c29cbeeb3b8f
torus.out0.04768.h5	15d13e16f8b3d8a8cc0261aa4283c626
torus.out0.04769.h5	5dc440a1c716d019dab56e3780b9c33e
torus.out0.04770.h5	311d9fcd647b1d18204982b4131f44ff
torus.out0.04771.h5	04ec311271c05dc5ce3494191f163853
torus.out0.04772.h5	52d9895ef8a16cfa03027b18c6a405ee
torus.out0.04773.h5	9df9a66f4d7c9e02d46c2a20d60ee3b4
torus.out0.04774.h5	3d75168eace439f0bbcdf33cf3ac12c3
torus.out0.04775.h5	ca268b56017ade3119acc3d28a6a9307
torus.out0.04776.h5	b200cab3a918942e76cc984f0ed1a981
torus.out0.04777.h5	a08a663a3835e5e04299dbc0b4567eb7
torus.out0.04778.h5	30401d02313b75e2facbee2385f034f9
torus.out0.04779.h5	51dc85f597e8d553481e06d383517dc8
torus.out0.04780.h5	38971e6b51075e410a0f0800ba7740b2
torus.out0.04781.h5	fe0920e6a49add8f4073e4b70634bdca
torus.out0.04782.h5	e88078fcac88fc13d49a351e0779beb4
torus.out0.04783.h5	aa2407be264409b603f4e4274e42a4b6
torus.out0.04784.h5	2b4ff16afdd3034c666febb4a4e152a8
torus.out0.04785.h5	63ec0e8b706e76aac219a4177403d6c7
torus.out0.04786.h5	4376c26cdce6ac5057ed5b727c6b5863
torus.out0.04787.h5	7e9b47785782d56dee96206c203577e6
torus.out0.04788.h5	118ac64b92b5f555a3718f06c56a6d62
torus.out0.04789.h5	6d49637f127d32978e9d7abde1a8966e
torus.out0.04790.h5	dd26140f989da9e06b4224ebf3e8cceb
torus.out0.04791.h5	7e3e1c28354cd148f220c58c4b2cf1f4
torus.out0.04792.h5	fed37a0c086f045bd1fa8558b594d6cc
torus.out0.04793.h5	d9dff9b2e3a3865ded03f9265a984626
torus.out0.04794.h5	5e542cc46f195c568940a06054f80be4
torus.out0.04795.h5	f320994b2a9f0718a85e7b3516ce9ac8
torus.out0.04796.h5	1ed3c404a3efef21abc5a1c54eb21dd8
torus.out0.04797.h5	6ab387d4ca488a1b8810d962b7ce2473
torus.out0.04798.h5	b55858c4d93c7c05e93051245b89d3eb
torus.out0.04799.h5	ddc7d79665d5d9e12d71bcd05e2795e4
torus.out0.04800.h5	ba097715344dda0ace2ac73367090f7b
torus.out0.04801.h5	ca2946384070a6fd3ac66d43f61a1827
torus.out0.04802.h5	cbb5ab9310d6a7ba0630f3d76e11b27a
torus.out0.04803.h5	c2896c8a2e1eb824209c66c92f544844
torus.out0.04804.h5	bffa39d65883277e46e48b6245b6607f
torus.out0.04805.h5	415714a46606b6e589572d01204f9bbc
torus.out0.04806.h5	b124b2a0e4669c369491633da92b369d
torus.out0.04807.h5	fd14dd47d6d060e67944d6ea20cf349c
torus.out0.04808.h5	4dd4ef4695542b3242ca5b657a40c740
torus.out0.04809.h5	ca81127b754f0f143ce06df2aff99760
torus.out0.04810.h5	1edb10c266b632bc19d159b1df35b939
torus.out0.04811.h5	f91f0b8f9244e14e8b1079f0eb9b83d5
torus.out0.04812.h5	fa0cf2bb44270122fe28333ec200e9c1
torus.out0.04813.h5	c27c28c207bc41321e87e4b68b2b50e0
torus.out0.04814.h5	9cc8d12619c69aa589d295058c983505
torus.out0.04815.h5	959f6d53c46818f5abdf0a5423aef499
torus.out0.04816.h5	1345e8d104e8881abe0f834f69219351
torus.out0.04817.h5	8afdac72ac4544025e747855ef01f38d
torus.out0.04818.h5	f4339eec2f53588abcc81e3bbf66ed40
torus.out0.04819.h5	ea5286c7d2ac956242f40c3bb287792b
torus.out0.04820.h5	3f8632a55301c8e0a0c6c08a07fc77e5
torus.out0.04821.h5	1db7107e2920c352cbbf6a5a2141bc99
torus.out0.04822.h5	e6ab25afd8612628b8d16340b63854bd
torus.out0.04823.h5	85fe68f5e387f5e6e0400dce3f998561
torus.out0.04824.h5	093e9e8b0ec01d13b3b95cd64496a13a
torus.out0.04825.h5	488436200af6fc84b606698dff5bfdcd
torus.out0.04826.h5	887f234607aaea625ad8277a813c03d9
torus.out0.04827.h5	404bd2570bf3172134a626640a6b0827
torus.out0.04828.h5	173a01cb1b62e225c7094bd543f61fa9
torus.out0.04829.h5	53ca89b84ca81e6a08eba2808f5b055d
torus.out0.04830.h5	af8b4af98f222859170338f2321e14ba
torus.out0.04831.h5	2de800aba199fd70868fded516707ea0
torus.out0.04832.h5	32747d680c7a8dd55fbd8c3b70d94b93
torus.out0.04833.h5	381a0f545ed1bff97a8e7a56ce5ce062
torus.out0.04834.h5	5d3559b81e6419eda64f1e3b2085479b
torus.out0.04835.h5	f02e7e62449f2db3425cf88d930d7cf3
torus.out0.04836.h5	ea5b28ee9491a043c7a290b4c5ed6310
torus.out0.04837.h5	4cc18dd41ea625a195afa80e2cbb3842
torus.out0.04838.h5	328e6053079ea1d507f9a38f3048c5ad
torus.out0.04839.h5	c89784d0bc514ab51e5c75d8080ded92
torus.out0.04840.h5	6d674f269f699d2457e91bbf649ed2ae
torus.out0.04841.h5	7a26f102a8b82ad5ada4fab401d2a973
torus.out0.04842.h5	b99d5f8400b1d72ed91feb945cd52634
torus.out0.04843.h5	1ca4362a7d6865f7eb9ac295b15c3cd1
torus.out0.04844.h5	b6c2f686f6c7bbe5fc4a7ecc2d87224e
torus.out0.04845.h5	5f34626ed2e61657a1f67a87f04df15e
torus.out0.04846.h5	60535f2a364cbd9dce9be83abe569674
torus.out0.04847.h5	f708fff87d8107183b0fc636220afadf
torus.out0.04848.h5	2ac0856c49f3d1bf25c6a702b09edf28
torus.out0.04849.h5	a7bd8b5866397d30efee11ec1e80df30
torus.out0.04850.h5	0bf4adeb9906aa1124fdafe361f4cb02
torus.out0.04851.h5	d727ff15bedb8c1e9f9a6c07d3731d03
torus.out0.04852.h5	1a02b7f00299fda42f3e84e66182f7fd
torus.out0.04853.h5	32c22978a2c0c8a028b73eade315d119
torus.out0.04854.h5	2d29413aa54f43e319fdae70fb1c83fb
torus.out0.04855.h5	213121820a6d4beeaebb47602c423d0a
torus.out0.04856.h5	24761bd289a501e8ffb8651d8967c626
torus.out0.04857.h5	b13f5e6fcb5449d16def440d0baa7d73
torus.out0.04858.h5	6a70c5c136c981ff054aca25edaf0aaf
torus.out0.04859.h5	1f36dfe32988af662c5013988c91cbcb
torus.out0.04860.h5	ee0ba184c6f04a128c63859a7abdd5cb
torus.out0.04861.h5	113ab5eaf567b8150ff2c5c9022c22b4
torus.out0.04862.h5	cbf60ee06d4660dbc2787d1e7790347a
torus.out0.04863.h5	7bb29a6d9aa82d5d015343bd12aa7475
torus.out0.04864.h5	623c97206a33a4a91e202185c6a1e81b
torus.out0.04865.h5	b9e40e89e4c845aa5f54a3fac892fb32
torus.out0.04866.h5	26ec00ad315821e277374dad4d565f51
torus.out0.04867.h5	6375e94de57d7d44b1a69dbba12f7021
torus.out0.04868.h5	806fca50f2971829a64b17c4469b19e8
torus.out0.04869.h5	d47a04b83e11b85eff28f43fa9649a33
torus.out0.04870.h5	16db48aa127accceaea35ac7013ee553
torus.out0.04871.h5	51f008789d0e359a6c6a76ee0dc4a0a2
torus.out0.04872.h5	02e9c498d40398eb52e311670c5ffc47
torus.out0.04873.h5	ae41fc2a9811e2931ef239b8bbcef00f
torus.out0.04874.h5	55ae236d3fae1282638c8ac5c6e9cca5
torus.out0.04875.h5	775c97e81b6145faa8b3ff46a0301050
torus.out0.04876.h5	e5a36bd070c44531682ef6109017a781
torus.out0.04877.h5	9aa496f76e03338bbe39fd80d9c45def
torus.out0.04878.h5	56c74ea9d5e7d08d7067486825696246
torus.out0.04879.h5	6ae7d53e826fc1563771d0dcb2e64f4b
torus.out0.04880.h5	611d0fd6e11de45ffb43d9fcb96a55dc
torus.out0.04881.h5	0a16e888ce5381a91678feb19c6ccf63
torus.out0.04882.h5	76163cc61b133d7f0e455aaa3d3cde19
torus.out0.04883.h5	50578d8f4c4a53005f592dddf375be37
torus.out0.04884.h5	34d707deee406dd06673fb07b51a2c31
torus.out0.04885.h5	61f41dac20df2ebee745104eb4a3951e
torus.out0.04886.h5	8b3ccbf41f1b1278ccb71698920f04bd
torus.out0.04887.h5	aaedf0cd04cc05a31c085c9b7c5fc54f
torus.out0.04888.h5	18e7c443013a7726ef13adce74ec0a7e
torus.out0.04889.h5	60113eb9ea1a28c9399218a5e0deefc3
torus.out0.04890.h5	0983458c8d29c3d35fc379960a4e7337
torus.out0.04891.h5	a1a2d040e0ef5fe28d5048f6292e0c23
torus.out0.04892.h5	d7a0cb8d8284f74a4bfcdf7033927ae9
torus.out0.04893.h5	dce006439f7138a9be8c94684f3a6ebb
torus.out0.04894.h5	658554299be5995844ed8c465b3be443
torus.out0.04895.h5	338348a5e0665c1e490d82233c210e92
torus.out0.04896.h5	906eddac8d8a4373d74508f6a80a766b
torus.out0.04897.h5	915576ae7d345c2414d72ca3b3be11d9
torus.out0.04898.h5	ae9af5f0b10e4aea90723227acb61ac2
torus.out0.04899.h5	b5efee560f05676498c9944b00a229ce
torus.out0.04900.h5	d80838d4cca251cb9b4ac2c66ee962b0
torus.out0.04901.h5	7bd213fd00ab0785b1cab2270d904283
torus.out0.04902.h5	bc0057cda6bd9fd9f882ba9274814566
torus.out0.04903.h5	7cd97af333c7148bdd070537cb8e8f24
torus.out0.04904.h5	64a40a8e1d9b9894528286b9344f8f99
torus.out0.04905.h5	ebc75eb74f7ada0e1fa686dfc0fc1cf0
torus.out0.04906.h5	cbff0a9772417f1ea7503102b769f44a
torus.out0.04907.h5	92f58c8f0276b6a42e9aa9e3faed083e
torus.out0.04908.h5	a82dc03701772265a7086040739c1bee
torus.out0.04909.h5	6ae907017b35590af05d39cc22e8412e
torus.out0.04910.h5	97f664918cc4e238ee078dd0e251790e
torus.out0.04911.h5	905cedf6509ccc6f1cf6a7f6c1799a02
torus.out0.04912.h5	da6c9dff73883e611d3af39e69c8e3b9
torus.out0.04913.h5	b1bb0de2dd6a5d9857159db912e4711c
torus.out0.04914.h5	582033df5565efbaedf8f6731cb6c767
torus.out0.04915.h5	f0aa6acd4d9150df95dc3165c5596685
torus.out0.04916.h5	c126e4909142fe5846ba1c68d7470089
torus.out0.04917.h5	03a90d36ed5b771f5e8411dc8ade9b68
torus.out0.04918.h5	e1f1b4c8ec08e6159cf074e94b01e8c3
torus.out0.04919.h5	059108c21c6a9d76ca9e80d8c2d9820e
torus.out0.04920.h5	6744df97ba7549832f88957aa48bfb58
torus.out0.04921.h5	d539e508dabf513a434a8340decd26d8
torus.out0.04922.h5	5c346b2c39b4a670012e358f40c8a99f
torus.out0.04923.h5	fae634fcbde2e9e8ed259303e915cd2b
torus.out0.04924.h5	33c77020a3c511ae7eca0275f14affa4
torus.out0.04925.h5	7b9e9805b58086a90de9758e2c7f7859
torus.out0.04926.h5	2b2d94c91e55bc3ef2c5e73517f6150c
torus.out0.04927.h5	d7c380b14033c049de9021740740d23f
torus.out0.04928.h5	2a0e6352b4d25c8a8fc37c359d541e22
torus.out0.04929.h5	5150f3fd92a464e88d4e62896f822926
torus.out0.04930.h5	aaf48a9ccd059448de59be7e689a5b4e
torus.out0.04931.h5	865bfb6956e0c372d965b63b4121f503
torus.out0.04932.h5	73c837bf419036f22e2dcfd3aaf08418
torus.out0.04933.h5	a1dad9ae3a07ea99018ce0284c3648de
torus.out0.04934.h5	65610497c7e8c9d3f61772218d9a5645
torus.out0.04935.h5	525c2dbdc8d352ab9f2d78fdce43491b
torus.out0.04936.h5	b273de6ed6e4a02490c5af1a3c4c667c
torus.out0.04937.h5	7cce9b45a31b723737e71cac3ce9f464
torus.out0.04938.h5	ee915cd4d3cb15a33e65257dcbb01a0b
torus.out0.04939.h5	0acc690b0f90290b4b6d9a8c270944c4
torus.out0.04940.h5	12ee62c91dd1f0cb534e6df684cac99f
torus.out0.04941.h5	1e94c0c6ea6a57744e3f72f5e9cca9aa
torus.out0.04942.h5	6f36981d7fa598f4fc0a6923a931f586
torus.out0.04943.h5	2d0f5234503a575cd221f6a235eaff2d
torus.out0.04944.h5	9753d44526622216eb42517af1002927
torus.out0.04945.h5	315485c514df86f221dba22934fefc4a
torus.out0.04946.h5	7af62d4647b657e7e1dbb333e86523b1
torus.out0.04947.h5	a513140cd6513ad8e22d5076ef845480
torus.out0.04948.h5	b5b3c21ecc4c970d3187a3079c108843
torus.out0.04949.h5	cf7c6ea2345efefcb7ac861dac20cce7
torus.out0.04950.h5	22eb51f8cda62fc8254b7b007a2c927d
torus.out0.04951.h5	727f1cd53e2ca172983dbeac96a1449a
torus.out0.04952.h5	e94644552cdd3c7861226834903cf768
torus.out0.04953.h5	47cf2edd4910ca0a5c8ed3292d211fa0
torus.out0.04954.h5	26ae9005d0213d4f2357784da31b1beb
torus.out0.04955.h5	506211169af8df0b789ef1f532c793ac
torus.out0.04956.h5	648b1d49357b5bd4e186bcfdbbc2bcac
torus.out0.04957.h5	d0d8dddcff15cb4528652ae99358c5df
torus.out0.04958.h5	de8fa03199595f9b6a307bbc625e13ee
torus.out0.04959.h5	ca4b5b2d91168cb27158d7124f817a48
torus.out0.04960.h5	66ed78090c82f39159dfe0fa22413933
torus.out0.04961.h5	a227aecd4ec5007ad6a0bde29236b6e0
torus.out0.04962.h5	c8286fcfd8698ccceeb70caf2f72639b
torus.out0.04963.h5	68c02cc56882962079f2cabb02689a0f
torus.out0.04964.h5	229888d2a319ef9d091bf80aef649756
torus.out0.04965.h5	7f839a09ce7e556bf3a873f3a4db4b6b
torus.out0.04966.h5	2b04cb62567bfd66f7623f9e9890a731
torus.out0.04967.h5	66171b59c13a39f090a694b758d955dc
torus.out0.04968.h5	5306d34a81b42dcef44ceaf94ec7748e
torus.out0.04969.h5	7bf8c4bcef295c6bed9bdf0092c90304
torus.out0.04970.h5	2eca0df2184ff0eed8f62542ac4e668f
torus.out0.04971.h5	ba6732084a3b368caee3ed7c26e2bc88
torus.out0.04972.h5	eed9e999a010f87a828ef58b48e7e35f
torus.out0.04973.h5	c335464032f99328fdfab62b59f42470
torus.out0.04974.h5	6e64a9cc5e5a048a07a25563bbe9bd4b
torus.out0.04975.h5	99314ea35c0b2196ba4fbf1e0d341654
torus.out0.04976.h5	03fef5000030bbf8f5de7796098c9944
torus.out0.04977.h5	683c5d97cc0a724fca66025ed15fb0e7
torus.out0.04978.h5	2cdfb9431a358b1b43a044e19edf3acf
torus.out0.04979.h5	39da4214703150f5b92970b6f92a4f14
torus.out0.04980.h5	392ac46be23a20119f34af659bea102a
torus.out0.04981.h5	e90e0c23ba347277b4a5813cb581dbde
torus.out0.04982.h5	d84fd673195b569db8e76187892e562b
torus.out0.04983.h5	f7d6b7b644f205625173884322e2e71d
torus.out0.04984.h5	e541c2f3cec68cc1111f583e006726b9
torus.out0.04985.h5	81afec87a87e1732e9c37081c29bbcf1
torus.out0.04986.h5	415d8092a4b0d9433e81d8e0b01159c5
torus.out0.04987.h5	9f4822df06c99774b580597756751530
torus.out0.04988.h5	ca22b382fb0019236f025cc8fdf9cb85
torus.out0.04989.h5	71e5f1f43df92fb5ec5b2e7eb72ff8e8
torus.out0.04990.h5	010bd8ad5e366bb310972bd020de9227
torus.out0.04991.h5	a3b19880f3565ab2c124705d9971e54a
torus.out0.04992.h5	6b5ebe6b789c78c20e685ba8fb2f72dc
torus.out0.04993.h5	40f2f9303134982e43d25c827954b439
torus.out0.04994.h5	3b7da1e70d45a95c1fddc5a3f8f2be12
torus.out0.04995.h5	4f5b17b18798301bdafe492432a78002
torus.out0.04996.h5	012e5f9debbc8983346c55237cc60fbf
torus.out0.04997.h5	45522287bac67491ffc53dbca9b87270
torus.out0.04998.h5	6f9d2f422c26ad94f8e49bece000eb19
torus.out0.04999.h5	7e1e711489422620b93a58da76c3b388
