torus.out0.03000.h5	ca196c255f35deb8e0ca9d1d6c15b668
torus.out0.03001.h5	f07eaa53d62351f91569581d15af52de
torus.out0.03002.h5	d0a98efdecd8ad8e0a8b725dac732bc1
torus.out0.03003.h5	a8b8fff32b9957393976993f66d23647
torus.out0.03004.h5	c094b847b293f45ca66071bea2bf2a1c
torus.out0.03005.h5	5ecc100dd5af6ae68ca4c85e8c085ed4
torus.out0.03006.h5	c4dcd3348bc0ae3d9cd79adc8ebc87ec
torus.out0.03007.h5	8cc8f788e83cb4e2eb3ea81f919f94dc
torus.out0.03008.h5	5d683e7105755979e5497b6047c5b1c1
torus.out0.03009.h5	efd1bcf355d6fe014db8c7430d129457
torus.out0.03010.h5	5af1613a47208eeb9f8d12809efafa39
torus.out0.03011.h5	535c8a02ae4dc34ac528e265df75a420
torus.out0.03012.h5	8687690e26f575d52352457de8a226bc
torus.out0.03013.h5	78c40689c063e05695f0b52a63916edb
torus.out0.03014.h5	4ec3ec45e66f6c63e3c4713614146d9c
torus.out0.03015.h5	f01c41981f199bd78a82bb96887195d0
torus.out0.03016.h5	2e1db87591ad43afa01de400d3a25d2d
torus.out0.03017.h5	4b19995035b98c820509c1ce2cd87c0a
torus.out0.03018.h5	7bd31e59c9f69dfe5a1ec1b522b8a8e0
torus.out0.03019.h5	32241efc2a793dfd747d6ebcfebb85dd
torus.out0.03020.h5	2adc82e800045d468a9c0def1fdd9e29
torus.out0.03021.h5	8924fab34849ebed5e5657f2812bb61e
torus.out0.03022.h5	8d1b1d1542f51856640874eebc44176a
torus.out0.03023.h5	24ceb5dff2610ee1d239211fee5efae5
torus.out0.03024.h5	95dcb01cec4c41d321efa8c4d8e2a6be
torus.out0.03025.h5	29a85fccb6cf777037de2ae131ff981b
torus.out0.03026.h5	55f38b5c57e1fd71ece04a7f4cdfc154
torus.out0.03027.h5	72deb8c9123ed0d8a7f7fb24e3cd9648
torus.out0.03028.h5	16c89b4c3f37f1562e0ed62f989347d2
torus.out0.03029.h5	83ce586d67e3314f2786987978d75fb5
torus.out0.03030.h5	852fc28547ad035835aaf47dc4c40679
torus.out0.03031.h5	6e4a90ef52ebd021bead9d2bf66cd7ab
torus.out0.03032.h5	d73e9afacce101705d2d19b4d1395556
torus.out0.03033.h5	eed4cc844c707eb7c8e44508bbfa7769
torus.out0.03034.h5	61e963e53c34ffc84ef7de6cfef0313e
torus.out0.03035.h5	b0ff227e1792115669c5977127f7651e
torus.out0.03036.h5	2975355723b44ca290297ba8fe8012de
torus.out0.03037.h5	c6655aaa6278496de75ae8648eb6d7fe
torus.out0.03038.h5	0bb97390b6a08d759173f4fc1df6a3c5
torus.out0.03039.h5	8291c341320a3fab4e233a3472034511
torus.out0.03040.h5	1255185c72f85b75dce9592a4e287b57
torus.out0.03041.h5	6472d5af8c0e4928d1231638810aae8f
torus.out0.03042.h5	1ba557dddaf388741ee1f55f1e2fa0ed
torus.out0.03043.h5	b1664ec9088dd3ca641b5b5db81b4e7e
torus.out0.03044.h5	7fe23e9701fd28db82ec5d6b7bde56d2
torus.out0.03045.h5	55a0ced875177fadf599a7c4bac2b2ac
torus.out0.03046.h5	43c5aeb3f232d4b445905deb6b08ac3c
torus.out0.03047.h5	69fee8a767f65d23c4771c7e3042c44a
torus.out0.03048.h5	76ec0bf6a21d6cf8a28349e08013a901
torus.out0.03049.h5	5f6b1a05de76f98349a29af39f6a9d2d
torus.out0.03050.h5	f26775f471132fb6dc491dbd42be30c1
torus.out0.03051.h5	3b7f8b6d4fb1afef285e0c444ac188bc
torus.out0.03052.h5	8a53f64336d4b4c1bae19d20d8265ba5
torus.out0.03053.h5	9f4811bc48965c678d91965173c2bdaf
torus.out0.03054.h5	de04e950649e6ea8eba832e06c828096
torus.out0.03055.h5	cb9359f09f56dc45005b3267fa116155
torus.out0.03056.h5	ee1445aa6f35972cc906c916f60243eb
torus.out0.03057.h5	084b256faf3b67057df129a3848700bc
torus.out0.03058.h5	0696af3ed4713bf6ed527ebc7ba35eab
torus.out0.03059.h5	a4c2aac7a6a7561dc953045caf889b7f
torus.out0.03060.h5	3f9609fb37deadcaba5e56913fae7a92
torus.out0.03061.h5	ef97ef993d634c6a858404cf581fa803
torus.out0.03062.h5	4c6e77983478340a4f4ef12344fc6a58
torus.out0.03063.h5	5303019cc0e6f6867b924677049befab
torus.out0.03064.h5	5df70f4ac64da7c8476676a600bffb75
torus.out0.03065.h5	4e58210a142f826e4f9f0c6cbdd9759c
torus.out0.03066.h5	27ff618124af672a0d506a48310449fb
torus.out0.03067.h5	bb79b717b938d00acf8e70171da3a275
torus.out0.03068.h5	0fb80f2611a6d82a0b69a9bc0957ee06
torus.out0.03069.h5	1d3d9fdf67d20e0637e1877e6e559f27
torus.out0.03070.h5	d9b546290b54c8280d49c180aa8b3e4d
torus.out0.03071.h5	ac241c54f5c66cea6554e368b7e69f9d
torus.out0.03072.h5	30034a0b3559539a64f19cce4e48e9d8
torus.out0.03073.h5	fb5836c98ecf07b9b74e946f44ed0ac3
torus.out0.03074.h5	db2838ad6ca5ddca955e0a133207b10d
torus.out0.03075.h5	0f44ff82741b13c1f8c4003ddb0d8ab3
torus.out0.03076.h5	b4710e04baf4a335e2d0eda9128e96c1
torus.out0.03077.h5	1d91a3dfc83b979aa6a10400be5b6a9f
torus.out0.03078.h5	266061a8cf2b4d25a243aad12ed51eb8
torus.out0.03079.h5	7a2a993a5120a6a12e38b62d8b1269c3
torus.out0.03080.h5	c07bf45b11df97460834bcfec399e5c4
torus.out0.03081.h5	b0e8fbdc789d242ede66b345545f857d
torus.out0.03082.h5	819f3fa0bea3296ca368ceb4c0c33590
torus.out0.03083.h5	6c3726d301ab516272217d2d7f3123da
torus.out0.03084.h5	2d7364ec2b46e3d7883ddd62a4de8794
torus.out0.03085.h5	d050563992b2d7cf734b71d050885215
torus.out0.03086.h5	90a3b2c5d08f1b6a4fc5c28d41cd1a4d
torus.out0.03087.h5	86746afc7c0e4d6f8dc38ca1c010d736
torus.out0.03088.h5	7e0ba286b41bcb30c55a6e6705995c8f
torus.out0.03089.h5	da50ecf9de93a9ef16a4a1d9e20f3e3f
torus.out0.03090.h5	82b1ec722e30748944ae0ff690f0931c
torus.out0.03091.h5	0ec1312ecaecb44254c2991c68bf3819
torus.out0.03092.h5	46dd33fe92b157a26a431fda301d1403
torus.out0.03093.h5	afdc699d8e702c120883093e4178717d
torus.out0.03094.h5	0cbd6e803da040d470f8a3bb6d639fa9
torus.out0.03095.h5	f115440a361e2f1539adcfdf07c89e02
torus.out0.03096.h5	0b3091fd196df4d7a15cfbda45a357b0
torus.out0.03097.h5	b97496ed38724c9866167376496a606d
torus.out0.03098.h5	ab0e1b89758e43f942675712f2225f31
torus.out0.03099.h5	818d3802ab03ade881f29dbbb85ce550
torus.out0.03100.h5	2091621876227a99dcd7472107a925eb
torus.out0.03101.h5	1d18d2824ab4912269a0d274440f1d88
torus.out0.03102.h5	80a07166caf886a53e426107aee5b8d0
torus.out0.03103.h5	2739cc15a2a37711808ae18a8dcafbf2
torus.out0.03104.h5	85f407aabbe668c286293581bac24d62
torus.out0.03105.h5	5e0b7519ed34d563aad91c2cfa3d37af
torus.out0.03106.h5	71f39691c11585de89c5a86752e07917
torus.out0.03107.h5	e3e6da4e3f0a681a50b7960046292343
torus.out0.03108.h5	9257bbb40c777c3fa1603d70462ecf67
torus.out0.03109.h5	e1f735f965fddce9cd40c8120dc45e2e
torus.out0.03110.h5	5624f468ba061684aa95b4b046c4c286
torus.out0.03111.h5	1862b843aca11078667d98192b900189
torus.out0.03112.h5	c2bcd30f7d36fe2aa2d6fe6a153138f0
torus.out0.03113.h5	42809a50e5ee7fa359dff706159febd9
torus.out0.03114.h5	af14a2dab9cda533eaa077c2dd067baa
torus.out0.03115.h5	b4a1103313b90c59177f21ab275438f9
torus.out0.03116.h5	29e4a33ef3735806d3b4468ef7f458a5
torus.out0.03117.h5	a09cde289244f23acee558577f7cdb93
torus.out0.03118.h5	05449f615a643dea5fdab84f9a7457aa
torus.out0.03119.h5	9726f720cb11f5a86bc2c68a21e63a10
torus.out0.03120.h5	9dadaba763b3586afbd5678fa9dcc8a2
torus.out0.03121.h5	68f2d8fd582c5cb2e9aeb187fcc223c3
torus.out0.03122.h5	db6c370ed00bb442767596b7b17bc491
torus.out0.03123.h5	c8579cfc5839d7bcd34b83ad1810588f
torus.out0.03124.h5	54e6e3afeebf3c5566e3e0459dbb41a2
torus.out0.03125.h5	d7137107c7c1c60df390bcaf215dea73
torus.out0.03126.h5	3ea68c33becd3842f678c657f29462e0
torus.out0.03127.h5	e8314d7017ebf857504370a35f62418a
torus.out0.03128.h5	e7b37b429426123958e946ef11b089f1
torus.out0.03129.h5	7bbd47d0009e953c0951e65835369c43
torus.out0.03130.h5	a9278c24dbcc4fcb04a7bdbab14f7746
torus.out0.03131.h5	d058502cf0cddd962247856c7f264b0a
torus.out0.03132.h5	1f339d2fe2dc74493ea9b7d1fe8ddb37
torus.out0.03133.h5	cf4a464420cadf7d389268e3ff1b7436
torus.out0.03134.h5	aaed152e4d639f4adebaabe49a03c98a
torus.out0.03135.h5	ee978c86ee1000cf05015ea9d52194ac
torus.out0.03136.h5	167ee2442ac95c5a7c3148a08e4855d6
torus.out0.03137.h5	615ec8014f9fed2d1efaa410800645f4
torus.out0.03138.h5	3b20948a817456b0cecbe4a9e2ef5c43
torus.out0.03139.h5	5c93e319f18151edbd90850e9187da08
torus.out0.03140.h5	b8935c5c069b7b9e52f54eb8281c7b5c
torus.out0.03141.h5	6bb02e6f6800497fc5eeebeae373e6af
torus.out0.03142.h5	83350a3a9bb714dc720c5c89577aedde
torus.out0.03143.h5	67e084cc679f862932355866c8a79128
torus.out0.03144.h5	7e6915f473464f5408cacfc3d3a89ed4
torus.out0.03145.h5	3d5ded13445d7aa2ce098dba6e43c569
torus.out0.03146.h5	65a11dd83b6c3edad2e561d6c4409257
torus.out0.03147.h5	3686c0f0fc69016550d27aa3229dc41a
torus.out0.03148.h5	b15cc387f3ef15f8942d0a48d76b6d2f
torus.out0.03149.h5	fa75167451675c56411104856926b768
torus.out0.03150.h5	beca360f6888fe1b2d19e8022aa7afae
torus.out0.03151.h5	6dff7d7e2435d6e144792066e79825f0
torus.out0.03152.h5	c77bf80b9f5765a99a260fdf32e83415
torus.out0.03153.h5	4d23972403cf5c6b7c8444d27135adf0
torus.out0.03154.h5	8fb97df9233f06789eaf266904d60267
torus.out0.03155.h5	77f667f3e0c12c978109f53820e8ff5c
torus.out0.03156.h5	0029e58f08e6ca7510fb5df0b49d3ad8
torus.out0.03157.h5	526b7975a95b59e60d3fef0dd0a32151
torus.out0.03158.h5	8a269ed966b37678181cd16c0cb99d66
torus.out0.03159.h5	2acdd50a41155e27cf2b7acd877ce0c2
torus.out0.03160.h5	f3057d0690dc4a3586523cf5ca492333
torus.out0.03161.h5	2771a64c5574635b487b5d5667b3529f
torus.out0.03162.h5	aa05621007a16774a045f62e518d451f
torus.out0.03163.h5	db9be13fa6c7def86fd3106fee4919d9
torus.out0.03164.h5	885c9021a47175e4126a7262d7e6d260
torus.out0.03165.h5	0f9de6847c1e21a21ed8d61bb3ba8229
torus.out0.03166.h5	f74fc1d108f71c75d0e6bcb670aaf64d
torus.out0.03167.h5	605e4545e1be3e0fc0913ae3e3f54f4b
torus.out0.03168.h5	d39032c2ea4570c342e136eb5a656b0a
torus.out0.03169.h5	a69fb64b78e2367dac9f4c613800424a
torus.out0.03170.h5	2d9c411350128566fe2db72dea378579
torus.out0.03171.h5	8b84ac049448fd947d240e4c2cc1672f
torus.out0.03172.h5	2352963f60478195ea26a323b1727e84
torus.out0.03173.h5	8bea71ecbfe91d0eee49d76983a05bdd
torus.out0.03174.h5	4a97225aa230e917c000c8f46abc0dad
torus.out0.03175.h5	d5f022100fa5e4560dc39baf4e280435
torus.out0.03176.h5	7fbc554334251593047ca5e37cbf78de
torus.out0.03177.h5	aad3aca1afdfdf361ca26ee3fafc63b4
torus.out0.03178.h5	b16c1f995be1353eb7199afd14ae1e7b
torus.out0.03179.h5	5b5dcd7bc1485ada54fe2be18391c6fe
torus.out0.03180.h5	e93d71261b47811abdc0bdd59739446e
torus.out0.03181.h5	e12fdfc8d58b0092eb9f7b1126adc04c
torus.out0.03182.h5	c16e577ce973a6d056d4a2b8c277dca3
torus.out0.03183.h5	6a3ea09a6a72cb85b38b30f5229eb954
torus.out0.03184.h5	8af861824fdd9443a80ac295ff83e447
torus.out0.03185.h5	3db206a73baa1979892f11a6bb726408
torus.out0.03186.h5	1ee3b53f4f2dc237b21ff470207fe392
torus.out0.03187.h5	3fe75e19161e054592324d54f90a49bc
torus.out0.03188.h5	22549ff367e2fc62175dc416cfe16f5c
torus.out0.03189.h5	dedeb56c9bd959d59b507c0c1ebb80bc
torus.out0.03190.h5	9f9305cedece985f79c075eb303aca89
torus.out0.03191.h5	017ad0fc34dde6c7b97259cc21df9a8a
torus.out0.03192.h5	8f79b179f0c2e0ffe3aea1aa332ad79e
torus.out0.03193.h5	7f1595e5b72ce911069a37cd3eded71a
torus.out0.03194.h5	a8137138aae07dd413f0cfaa51e81306
torus.out0.03195.h5	7a284403227fadd2034470510f843d5e
torus.out0.03196.h5	d0b8cbc32fc1468c85d84374b9c1c7e2
torus.out0.03197.h5	c3ba68f1a70153e6ca4b714a46cc9560
torus.out0.03198.h5	9a5444c257720ae93212d61ebee44ec7
torus.out0.03199.h5	16555370897d55727221e22587f02454
torus.out0.03200.h5	0893ff02f6a14ea4d25711b4949e9c17
torus.out0.03201.h5	830291dae111d87ecca2ccb1ec8fb9e7
torus.out0.03202.h5	9c5daf156af7df951365432488cac65c
torus.out0.03203.h5	0af9178fad317d60c3d12bd448039b6b
torus.out0.03204.h5	3f4571c0d616dda5ea6c3704ff4b1a54
torus.out0.03205.h5	cd90beb2cd80345394400694f2e63599
torus.out0.03206.h5	7fadab9f3d58e46c8eb98a11cfaa9f7b
torus.out0.03207.h5	fc66ff86ff3c7505fdf33f66810a1930
torus.out0.03208.h5	6b16d7f01ca17c6bb8a77597426cf0bc
torus.out0.03209.h5	e359b03fcaa8932f83c718af80b089d6
torus.out0.03210.h5	49a89fe2ce2e4aec9802ca5f08b6bce6
torus.out0.03211.h5	039007fc0ee230c4068f8281380d90b8
torus.out0.03212.h5	5f9effe03b775f78f55870ca4f151dad
torus.out0.03213.h5	1144a64fcbad4951a3339a4aebb99808
torus.out0.03214.h5	abb4f2a34822e39fe4448fe041c6d5b3
torus.out0.03215.h5	012fc5145b19e8311575bd3d1a44f5e1
torus.out0.03216.h5	bc4789e988fd10bb4c6121806650bc19
torus.out0.03217.h5	7828f3f26e427de8fa4c75c08ae5bf93
torus.out0.03218.h5	48787c3d04f9f6fe9ca3930fc2c2735f
torus.out0.03219.h5	142589b741c7f320e4623f50fd529002
torus.out0.03220.h5	d330e36ac8114efcf59dfeccfc924547
torus.out0.03221.h5	b998214a049a19d3d7d4d02986a89713
torus.out0.03222.h5	c232c8809e3275a697d5eb5ae6575ff4
torus.out0.03223.h5	aef747fb7a6e74d61b29da867a29cbc0
torus.out0.03224.h5	63c48488dc86c666b12bb33f0da4f898
torus.out0.03225.h5	590cefc09e5bd3543fcd82d399416d58
torus.out0.03226.h5	47b940b227159a32a4a485f8ad957eb0
torus.out0.03227.h5	cee544317238b4bba3f5503849d4ae3f
torus.out0.03228.h5	a0edc149cf0242e16f2646d4fa93ea58
torus.out0.03229.h5	d4eabd0bb842f31445857a2a7fad201b
torus.out0.03230.h5	1d972d7c450dab622f73c8ef7ee7157b
torus.out0.03231.h5	65ccec3772de55ed2f9835d36b540e3a
torus.out0.03232.h5	ccf2ba273a05e1bb4762e4d2e8a9d9fd
torus.out0.03233.h5	f462dc8d58f6a4422e62d6363eb6c680
torus.out0.03234.h5	b278603059c6a00403118951798b58e0
torus.out0.03235.h5	eab5c6dcab9afef5d532c8ac4b786f66
torus.out0.03236.h5	d750be7e225bf0cbfad62ccb1d5cce83
torus.out0.03237.h5	1ae62c5407d4cc72201366835e6cdbf7
torus.out0.03238.h5	8e6e7747774b669f87eee7332e6e729d
torus.out0.03239.h5	9889f49a33fbe69fe3068db24e299f92
torus.out0.03240.h5	3949b55f6d80c21edf4b6b9cc9112fca
torus.out0.03241.h5	914b421a6bed39b2c50a383beaa40e1f
torus.out0.03242.h5	caeb15dce3b1e782ecf9ce3e9b660870
torus.out0.03243.h5	23d4c1b70cf429ede2acd0462465143c
torus.out0.03244.h5	dfda99b55b1dfc2b5a6e917aec4b8f98
torus.out0.03245.h5	d6ef9d55b6b41941458452840ccf34e0
torus.out0.03246.h5	9f8fdb0ef54bb1c98f629bfdb894bfb4
torus.out0.03247.h5	a6e2bcb9f6245f43ff294e21583e17f3
torus.out0.03248.h5	4798fa1ca3a692eb521a977819b5e820
torus.out0.03249.h5	dc5b2f55c7b931169c5be9cd3ec86d22
torus.out0.03250.h5	00847b2f8f74678d0bcc3a09b75a5755
torus.out0.03251.h5	64f744c92220a1e2597645cb65287ae0
torus.out0.03252.h5	8a4d443ad539239ee01a7cfc897874b0
torus.out0.03253.h5	58300a116316b491996e27a4e47b542e
torus.out0.03254.h5	deb9f13309608e6e73f82109b697234b
torus.out0.03255.h5	25b687e43448a1b00d132a02c2812b05
torus.out0.03256.h5	05abbe20d2f5deeb8fbdd3bec5e072ae
torus.out0.03257.h5	7720428f730468bd72c881e527bcec17
torus.out0.03258.h5	587ee2aec48a877f9e83c0ebf57f55b0
torus.out0.03259.h5	73ccf20a684d35b5cd7636a7c665ac26
torus.out0.03260.h5	43b759dec561bbc551e98205df949a29
torus.out0.03261.h5	2bce36c6a16cd641088c0711aa469768
torus.out0.03262.h5	dd5b61d2dbd0f5ad1252f79e15e52bf4
torus.out0.03263.h5	6790fa9ae83b8a3e7b8dd60f9e628620
torus.out0.03264.h5	e29b4748c6b13383fbada9c1a31d1d44
torus.out0.03265.h5	dd28233e8e362a6171686be81229ef5d
torus.out0.03266.h5	71ab55de3baa0c8fadd6c728b117d26d
torus.out0.03267.h5	e085cc3c47d695a12312aae1debab0b7
torus.out0.03268.h5	58829bfc8a73f35c096fac70591247f5
torus.out0.03269.h5	242949ce86b5dc3e01bc50f5e3a05b71
torus.out0.03270.h5	8b9f0aab5b2921203ab47b637f429a90
torus.out0.03271.h5	913d94ce1d509b057486f5b39c78be13
torus.out0.03272.h5	7903ef03b3543ba25b4d2c1ec8558fe5
torus.out0.03273.h5	5c75ddfba11faaa8f13147abe3d24761
torus.out0.03274.h5	dd40cfdec65d0c233458a9af09cfcf1d
torus.out0.03275.h5	221a8d137cef8122257d29b6339a7043
torus.out0.03276.h5	1b7bb6e57462c1db1837946bf645a904
torus.out0.03277.h5	4b25a6e0b86cd1640829629c53fc8faf
torus.out0.03278.h5	3bf0ecbd4088ed01f2033aaf355d6841
torus.out0.03279.h5	758a69c70cd1fe980ca77a306bcaf9cf
torus.out0.03280.h5	56defea39aef4dd8f3888e59287554b8
torus.out0.03281.h5	b1af41087c4a9d4b265faffe175d594f
torus.out0.03282.h5	0c0761f1e37076ffbeb851fa17e5e656
torus.out0.03283.h5	7dba29330660279deff832f3847124b1
torus.out0.03284.h5	30d77400b181567e54f83694960eba2b
torus.out0.03285.h5	58764161f2f72c240b4c0e99a285c970
torus.out0.03286.h5	d0d9d733eccf828158c87fa7f58eaedb
torus.out0.03287.h5	bb1e809c91b8a39bbe7bbc7c2873d2fc
torus.out0.03288.h5	2156e0a4e78e54cdf142acfed3b8d5ff
torus.out0.03289.h5	b5346528a18e482b07b7da09a5c5be2d
torus.out0.03290.h5	42049fdbe36e1f75a793426d664523c6
torus.out0.03291.h5	bf3589446f182c390a1e3dacb5a508e7
torus.out0.03292.h5	0bc76f0b1b6bbe4afd842e62ee8cf044
torus.out0.03293.h5	88b03e89625c6954ab9bd58821d92c14
torus.out0.03294.h5	024499782f8d4c40b9989b26559013ed
torus.out0.03295.h5	bff7e8230554eca11da341c5211f5e16
torus.out0.03296.h5	1d761fe7c2eb817c18d7c7d3306cf36f
torus.out0.03297.h5	b75dfc2bd19e910e4705a69de92a2f19
torus.out0.03298.h5	722f38ec5cdff981df22b36bdd782bac
torus.out0.03299.h5	5bea777e131fc535c24e24f31fc85c28
torus.out0.03300.h5	efb94f4a2f30631a22ef58d36f1d429c
torus.out0.03301.h5	8c42a444e4a068b30ea1a06df7e79253
torus.out0.03302.h5	676e41d492f995a8b58badc24d14cb4a
torus.out0.03303.h5	d0c116ac2831b1c608f814c7b1ae7ce5
torus.out0.03304.h5	b1e40ddf67f0c7c80aba36544590fbaf
torus.out0.03305.h5	20312217e34a185c663d3ab1e4e55e92
torus.out0.03306.h5	72d899aa64c8c204e0c2890c7164bbc1
torus.out0.03307.h5	fb5a9150aef40f9899da75ff29a03f53
torus.out0.03308.h5	f0728f05e25cd2ff68da2e1fbf60c907
torus.out0.03309.h5	a5f9a9079562d1aca4fcfa35410575d7
torus.out0.03310.h5	76260227d4e4dc2acefbcde896394b2c
torus.out0.03311.h5	f7a966dca9b9d5406884752a1fc41e46
torus.out0.03312.h5	70cb4ffa475c4f97b849e9affdfc7011
torus.out0.03313.h5	73b8a41cee3cb5d61b752096d9a770f8
torus.out0.03314.h5	5445d4fcd60b4d68a9a8227dd1f05612
torus.out0.03315.h5	89c8bf4eceb2e22095b43f4138b6f73a
torus.out0.03316.h5	e0e16ab2fa2f62aecb4cc1cbe0d2f375
torus.out0.03317.h5	708af063f1138b3bc9d44bdfd3167a5b
torus.out0.03318.h5	6a57a1daf89b36c58a7c3e43e7b5cf7e
torus.out0.03319.h5	0077d5ce00c798ca6138b47020812203
torus.out0.03320.h5	3cda13eb5ed74b99daec77a92276c92f
torus.out0.03321.h5	8d1f0ce9653ecffc8083d518aece73c7
torus.out0.03322.h5	2bd048203d4e80e9fa7491ed1b1c6fd5
torus.out0.03323.h5	032bdf2818688a59a3ccf022bdfc65ab
torus.out0.03324.h5	5a2c5e87c56e8d7e5b07a6bc1f5e6c96
torus.out0.03325.h5	4e0c67d4d39b549ec31f4cc251632777
torus.out0.03326.h5	6bba217cc74c394058ce1522273125e4
torus.out0.03327.h5	b1bbf3e369b1b00e6e3f59ab73b19c4f
torus.out0.03328.h5	41e5d7fc021e16cd3af119785cba34e3
torus.out0.03329.h5	65a0352cc6404f967ee6f78ea8fdc4fb
torus.out0.03330.h5	e3487df023c074fd4828e3059a4551f0
torus.out0.03331.h5	4ccdd6332641afe33ceb527a8588769e
torus.out0.03332.h5	bd53bbb3ae57465e9d18dd9d557576fb
torus.out0.03333.h5	932ee0c03e1b2d9837e2aa986ac4275d
torus.out0.03334.h5	4dd3351eeb2056970b409888081d5c50
torus.out0.03335.h5	255455b6baf8240d445c1434753432ad
torus.out0.03336.h5	f196f98ee09d5dc3b7271b8042ba6d15
torus.out0.03337.h5	f1ac9467a88f66556ed90edb59b6d676
torus.out0.03338.h5	55f957b5b09e44c21e683d451940f0d9
torus.out0.03339.h5	35b6c98b68bc2600e5fa31241d0d24c9
torus.out0.03340.h5	17eb515efbb0dcf007bed150e2036755
torus.out0.03341.h5	e5ab3bc23c0504bdff721e05e963a0f2
torus.out0.03342.h5	3cb21ce1f81bfbd940dc6ae8dbccddd2
torus.out0.03343.h5	5d5cfac90ca489c2a7b98b27778abc83
torus.out0.03344.h5	2521708c1f889ddbb89c27762259cfca
torus.out0.03345.h5	fc6c45ed3262f432a9107aa28f8f8845
torus.out0.03346.h5	bd7f4a1805436835e29fae5c190a54b1
torus.out0.03347.h5	79fe3ce1f18f05761997cee75e0a2f71
torus.out0.03348.h5	1f05f47fb5d7c7ec22c905f71d01147c
torus.out0.03349.h5	bcf86864750cb2188262a5a7282ea403
torus.out0.03350.h5	c5d6f0d151b34680da7e519fce1058c6
torus.out0.03351.h5	eadf56873ec09118ed7b750c9fe1cea2
torus.out0.03352.h5	db23a7c49c18f7f129c883210d5ef2a5
torus.out0.03353.h5	023ab0ef79c24c6b69433eb2f385a09b
torus.out0.03354.h5	90aa864a64d36c60a48e34bc25dbcd0f
torus.out0.03355.h5	dae318f1db630ea1d31da7aa58bc734c
torus.out0.03356.h5	9f304302edf19c1da4a170878c031293
torus.out0.03357.h5	2bacf55d8d11309cf13828919f69a084
torus.out0.03358.h5	e4fdb242f4e2d7221572c349f8f1a091
torus.out0.03359.h5	242e64f03c0a5e0eb2bd2838b80444ed
torus.out0.03360.h5	fc88ef53af6fd38b3677930060dc1704
torus.out0.03361.h5	a41b5437bcedc787a4868fe65c4db6b4
torus.out0.03362.h5	0875ac0e0aff744f91e46eae2d75803f
torus.out0.03363.h5	8501feb75ff73ef2ef10905506dc06a3
torus.out0.03364.h5	b49cca8cf0291b61162bdb6bf5b99803
torus.out0.03365.h5	8e934ae1085f5f9ae345c7dbafc5d452
torus.out0.03366.h5	9f6affe2f1713c0f44305efd69475f0f
torus.out0.03367.h5	ff3cf0d66c895b8d1df46595f7c47d6c
torus.out0.03368.h5	7d611627b64828c5fa197adb8244622d
torus.out0.03369.h5	27e6f95a62fb9c75be79a196b36a2498
torus.out0.03370.h5	744e94961fdab8b99d6d87edfb0f21d6
torus.out0.03371.h5	f1887b4b8d17e8028d9875d9a2b356c8
torus.out0.03372.h5	a85fdd2cadea689e89f5f899f82cb90b
torus.out0.03373.h5	11ae66a78c2e65be0a94444910702ba5
torus.out0.03374.h5	a8edfc14311adca3f1cdfb2ad246722a
torus.out0.03375.h5	e0313da1abeeaebe63ee69bba57e2d37
torus.out0.03376.h5	2ba923d651704ab6b7916e820f213f02
torus.out0.03377.h5	e7ee99a7f650085ccd0d36a747c157c2
torus.out0.03378.h5	cb2ea4923f1d26dea5bc7b3c84226bfe
torus.out0.03379.h5	40b5431d2e24379df77c7667b790eb50
torus.out0.03380.h5	b2e7046f903ab86803a5ca5894466f67
torus.out0.03381.h5	1f833e0a9cd0245977145d925078c152
torus.out0.03382.h5	6549a1c5d3a314935d3fb33f052a26b0
torus.out0.03383.h5	bce2d89ac56f26b8434d185bfd4cc75c
torus.out0.03384.h5	c800895d6d068b9d95c4667d6b746dca
torus.out0.03385.h5	c3959a0cbda0c73de9ced2bdd2399182
torus.out0.03386.h5	a067145901de3fe5f5aa25009913fca8
torus.out0.03387.h5	fa1d4b2bf85af089fa9038007064d225
torus.out0.03388.h5	9a2cec7f876bbb5d53ce5e633118028c
torus.out0.03389.h5	118a26d87811be73ced7ba94f27ed9ad
torus.out0.03390.h5	bceb851c71c744e4f5e2775a30410375
torus.out0.03391.h5	ff74dc0cd8ce68692137da1c345ee0f2
torus.out0.03392.h5	3ad41e0015dab88e17927462ca3f5624
torus.out0.03393.h5	441fc1175f885d261c226747a6493ba4
torus.out0.03394.h5	9c2f3686f58858680967fbac9355334d
torus.out0.03395.h5	e7b4ef9c3c75b3192bae0d9059ae5537
torus.out0.03396.h5	4b1fa9f610eb487e1bd6f7418ff04cfb
torus.out0.03397.h5	e1c502a5f6dc684f063017fe420d758f
torus.out0.03398.h5	dcba0aa7bc3ed1132c3eab670f40af0c
torus.out0.03399.h5	0420a528718c5f0bc669c4ab4d5503ec
torus.out0.03400.h5	8e7f4e1cb06f985f93538dd4550bedc2
torus.out0.03401.h5	fbd9a605d230d4b47cec4118421a8e2f
torus.out0.03402.h5	ec939db4fb12afb2283530dbd025668a
torus.out0.03403.h5	425a58886c3e419fb0fed30054795cb6
torus.out0.03404.h5	8e0c7f0da214912a16884fc924c90e0c
torus.out0.03405.h5	f88d8fc1d6e41aa6aea3600cda354eae
torus.out0.03406.h5	0f3b8bfc1fff8813a4071b86583b81e3
torus.out0.03407.h5	9dc15d160297c5d0b84d92d8974d7921
torus.out0.03408.h5	941712e859918d3ef79915c95179cda4
torus.out0.03409.h5	e34f1cefe3e50b59ab801d71cf3c0800
torus.out0.03410.h5	677573d9268c0982fc81dbcd5dcc7f28
torus.out0.03411.h5	cb4aadd2aa43d54930c12486243c547d
torus.out0.03412.h5	84f7f5cad8b7263d847b60a8af164f81
torus.out0.03413.h5	a39d98015b800217eaaad6b5d5ee6f75
torus.out0.03414.h5	02cc27f6ee662b2f3095e46c2bb467eb
torus.out0.03415.h5	7dcf53a49216912aef1d15fd3834df8f
torus.out0.03416.h5	1311069290a00c8f4691ca2759e01f86
torus.out0.03417.h5	49c6467d2028269e9573fd7cf44cd343
torus.out0.03418.h5	469f4a9158f397e23c93c28e93c15f5c
torus.out0.03419.h5	d781a6354fa1fbdc31edf260c3b35230
torus.out0.03420.h5	d0634e6172742c5056b5a51235e1bf23
torus.out0.03421.h5	a90459d58f3bc75be628330febbecbec
torus.out0.03422.h5	eb718b2694d8ede90b14eb7a20bd0bd8
torus.out0.03423.h5	fad743c5f7ffae813e9e6b3856397b3c
torus.out0.03424.h5	11db3bc5f00631233382c0a949f2ebb9
torus.out0.03425.h5	9316c452540d8b113b585eeb96971424
torus.out0.03426.h5	e10678628ecdd30ed708d738864143c1
torus.out0.03427.h5	0aa3b20828ebc82f7c953ef2d3829268
torus.out0.03428.h5	0b5a6ebb8c15818fd772e45a2d0ebcb1
torus.out0.03429.h5	417e51bdefd84318c509ca4debbd3d8f
torus.out0.03430.h5	e65bf8ea3398757ec536c5a27e12c70e
torus.out0.03431.h5	d9dff5df958f45b77f82229ae4207b8a
torus.out0.03432.h5	7adc4cc016b099d2715ed87061df5564
torus.out0.03433.h5	6268ab23438bc6ef3c6e0d7bb24a9010
torus.out0.03434.h5	99fb347f50c28e862a8f487afccbc413
torus.out0.03435.h5	ec117f973457499fb8c92bed62ffb2dc
torus.out0.03436.h5	499d16594c38fc4338c7b311c467725b
torus.out0.03437.h5	0775f09018924932da9bbca547ded473
torus.out0.03438.h5	19456e0b35794ae8cb8991fbd003ab53
torus.out0.03439.h5	718aa0a7ff2194eaf54aafcab6c4cdfa
torus.out0.03440.h5	2f4a70377ff63044293fd7c76604c0f3
torus.out0.03441.h5	2555502739452d172b338d9cf8869d05
torus.out0.03442.h5	8a34dce5af2ab0e02d5ab64b03291668
torus.out0.03443.h5	e28e3d83448c3dba06d46041d071aba6
torus.out0.03444.h5	51fcce71ddb056fb6a553adb614f2733
torus.out0.03445.h5	da1a005af7e3693da34d7836bebae5e1
torus.out0.03446.h5	620ef12f647fbd227301df9767da5ebf
torus.out0.03447.h5	d28e6a4f0c4cfedc2c9c1db194ca0087
torus.out0.03448.h5	06a94b73e5bbb81f19ca295058c9614a
torus.out0.03449.h5	9781b9718a51aeb8840c487003afc2fd
torus.out0.03450.h5	320680b774234dcd56f05c657ae75973
torus.out0.03451.h5	05ba34ed8c27f87dbe02f83d898dd70b
torus.out0.03452.h5	49b64f32f8351fe232b2ca5aefcdb21a
torus.out0.03453.h5	bcd358370e9b447e2d5500421a567172
torus.out0.03454.h5	09d88258794681998b3abf53d76ecc34
torus.out0.03455.h5	ad6757507718c9168ca5949bc7a33bd9
torus.out0.03456.h5	14032a9968786204e28e7e35c1b97941
torus.out0.03457.h5	88c4a1139a4e84aeb5b558dd9d528b1f
torus.out0.03458.h5	902851823d8b7faa2d7bb0250a9c5408
torus.out0.03459.h5	986364d9ed15737575194daa55d51165
torus.out0.03460.h5	2badd1ebcdf411027fe47fa7e2a292e2
torus.out0.03461.h5	e060aa761e6679ede78ff793425beefc
torus.out0.03462.h5	1883de867f387d80f881cb621cd0054a
torus.out0.03463.h5	c9d2024c84869706d6b392f7bd409d86
torus.out0.03464.h5	18727596831dedd3f77bc4c99f06a879
torus.out0.03465.h5	0573ceab8fac43cb6e3522247a9e24bf
torus.out0.03466.h5	c5f0c3d1e134b0a54aa9001d7d9f909c
torus.out0.03467.h5	edecbff1327594b601edc89b6e3f1b20
torus.out0.03468.h5	6913c87537b75172e3766bfdd9b4b5d5
torus.out0.03469.h5	7b8b342db768e04123bd8e28abcb1dc2
torus.out0.03470.h5	d010ff0719a02e1c8d05469ea2852148
torus.out0.03471.h5	1f28408449f7ae68811cfaa04b849091
torus.out0.03472.h5	69636d80d4e04ce487e9b228749cf97a
torus.out0.03473.h5	a84e4a62c562beb1d7afb5471a6ec30e
torus.out0.03474.h5	c0c51907ed1e619eba5b35c2bed213f2
torus.out0.03475.h5	8fb54e5220d7a406074444755163049c
torus.out0.03476.h5	c9f7754cd462fe6dc570993e2c6b6035
torus.out0.03477.h5	faf113246d55b190129dfba8ac792697
torus.out0.03478.h5	0b7586702b897dd479b51e35e5c77700
torus.out0.03479.h5	e72c6ba73b6716a6db6960555fd1293e
torus.out0.03480.h5	b4434031af9d020246c4bfba19ca7c41
torus.out0.03481.h5	31617a32e122bb1abb8bd9b91f78d654
torus.out0.03482.h5	2027d763694a21c2e947e039f077b06d
torus.out0.03483.h5	15b9f7a845b9e766a150964d5acb4367
torus.out0.03484.h5	1be230e91b16615372e2e6d2fa5be480
torus.out0.03485.h5	b77ee4164ab91c8d29dbce1f03d0e47d
torus.out0.03486.h5	7a5b0e799277c2655e76b5879ba29ebc
torus.out0.03487.h5	c808f711bd517718711a6abee3346746
torus.out0.03488.h5	94bd6ba3ccc1aa079c73e2487c9e5a1b
torus.out0.03489.h5	1cf6d7fa57a3d0908efaaf7aca67097e
torus.out0.03490.h5	1c02e3952bd70ab441e09c925f9c1595
torus.out0.03491.h5	251193da8fa765623608f2fdeab70b43
torus.out0.03492.h5	7bcd379608772dcdef209b498dd17fd4
torus.out0.03493.h5	15316157889556a1806aa8c19cf5fd6c
torus.out0.03494.h5	05a9b96d644d3c5f77a5830dbbd1b1ed
torus.out0.03495.h5	5681843391abdf8e7eaf2d6b7f1a4a64
torus.out0.03496.h5	d332cf88a6a25ae0a4ec916d639da800
torus.out0.03497.h5	8447aed94d1058d850ef45894e26cc91
torus.out0.03498.h5	1a2f21e1acfffb36a64eb1c2229b2559
torus.out0.03499.h5	2fe790887048cc99d8ba851aca0822b8
torus.out0.03500.h5	7e4c580684b80f6142f08200e33f5185
torus.out0.03501.h5	cc9f3c3f188808fa5ac029292afa5796
torus.out0.03502.h5	53fd6654d8bffe094e7f80da530baf54
torus.out0.03503.h5	5d64cf679f733a597e269d28c63584ee
torus.out0.03504.h5	aa0bb4feb8aa4bba7ce9b92424cce0c1
torus.out0.03505.h5	ba0d403522ad71c1742b9047287fc338
torus.out0.03506.h5	7f189f9e6ca1ab357698563971677ca1
torus.out0.03507.h5	726c0868105b9ae426f3c38a137a54e0
torus.out0.03508.h5	453321311681fd18896d2756b32db4c2
torus.out0.03509.h5	2361f17e9149be46bec545e15be125d5
torus.out0.03510.h5	1948d616b7e3b188037669132b143e72
torus.out0.03511.h5	7776019b2eb71e6a9b301ba234758988
torus.out0.03512.h5	3c5d251db5d55f88cafb79144a673a3d
torus.out0.03513.h5	b403aefd31415c905e87eb1430656b6c
torus.out0.03514.h5	16b463d4b8ee11cf1fffe1397a6a1a90
torus.out0.03515.h5	d5806fa0dd4eb2899e77d9830005785f
torus.out0.03516.h5	a2697caf8a7b9d8be54b1d82b632d4aa
torus.out0.03517.h5	dd816e397cb0be9d68d4b29e8926b667
torus.out0.03518.h5	4b56475cb3f86b409c15ae0e2b2d8704
torus.out0.03519.h5	e2afff3d59697ec2384657b072c90742
torus.out0.03520.h5	14b0522d5e4c209f26abf0bc16ad8bf8
torus.out0.03521.h5	dd0427c61377fad9442103d8eabcc46a
torus.out0.03522.h5	4dfe6c5cd6cd1e4d49fd92533846bd2a
torus.out0.03523.h5	7e09f507e1ba62040dcec40b42d793a4
torus.out0.03524.h5	e6bb42616f967fcd01478f9c2b98df74
torus.out0.03525.h5	e438805c40ae66575fe3480774d27e25
torus.out0.03526.h5	8ffe0c893aaf75f9a53aeb3bd55638bd
torus.out0.03527.h5	fd50bd366780d361ba81fd9ba9083574
torus.out0.03528.h5	8e3faebef15aedf6b91ed7995005f8cb
torus.out0.03529.h5	1d738ee3788fdf7a5c51263271a0f8cc
torus.out0.03530.h5	9839867956ab8fe3f4ac2f70de2181ee
torus.out0.03531.h5	b49b369283205839e6f7f6813c93caa8
torus.out0.03532.h5	71c737b984b7c9b7d21825032fed93bf
torus.out0.03533.h5	716ffb0ebfd3d9d1346b2d4976b3ae7f
torus.out0.03534.h5	ba4925107190307ed4ed8abac8fa704b
torus.out0.03535.h5	9128adfc59d6d1ccb3987f2050f59ce8
torus.out0.03536.h5	bfb8e066bd8bee05a37962f466e154f8
torus.out0.03537.h5	51f3d89a07384e1b25afe5c70261443e
torus.out0.03538.h5	76cbefd41fca83f25a8fdc48e9481a51
torus.out0.03539.h5	8d7ac0c68492604aa67cd50c08e73e2f
torus.out0.03540.h5	1b47b3ccb09136605622abfebbe26ee3
torus.out0.03541.h5	b667d045e8154dcc444a693bafed5a19
torus.out0.03542.h5	bb8dc7f9e702ce858712cfbed574a1be
torus.out0.03543.h5	163777459fb9799386df321b70e3f0a5
torus.out0.03544.h5	2e0e953cbcd4cd8af94402d150db3600
torus.out0.03545.h5	a8b49dea82dacd53c9bb8b2c767ea47c
torus.out0.03546.h5	aa23556a544a0fc8312fc979e7996dd2
torus.out0.03547.h5	f0a1ab52cbb978163bed57eea71e21ed
torus.out0.03548.h5	8a74982194f887525a13449029722a82
torus.out0.03549.h5	28617e22b453519254a5151b1a9e5b6d
torus.out0.03550.h5	8458300e4122f8f969d76a2ea40dbf75
torus.out0.03551.h5	44411f0e37b616274c22cc90cb684448
torus.out0.03552.h5	4fd03f848c2c78465b476434d5aac9cd
torus.out0.03553.h5	c710f383327e565f24644388a49aded5
torus.out0.03554.h5	a226c39390c850c7a4982daab528122f
torus.out0.03555.h5	bf7d15998c3c308c156779f930df6a43
torus.out0.03556.h5	b4e6d8d4076244cd9bc75533407e30ab
torus.out0.03557.h5	a75ed6e4af40cb6a6d96ed75cbc38e32
torus.out0.03558.h5	030a5b44aedd50d0d51269e915ee7227
torus.out0.03559.h5	5494e124802a24883d705fc4ccda7f1f
torus.out0.03560.h5	be802059d6f09c753338fc9251ecb94f
torus.out0.03561.h5	a88e9443c041b07ed4f47f5e7a7dfcea
torus.out0.03562.h5	6faa6d21505773ade368fec7130790ce
torus.out0.03563.h5	e168cd968aa8a5fe406d454188aa1fe8
torus.out0.03564.h5	586f46f7ed57bcb61e7fa22e2dc17b66
torus.out0.03565.h5	7e2479ccb700ea9c0c3c471db493754a
torus.out0.03566.h5	f3c395e2f8cc1bbaefa63a831d5cf837
torus.out0.03567.h5	694ade1bae5ec24643b5c9c99b8f3d43
torus.out0.03568.h5	67c90f66f60401950ac5f15e745265ab
torus.out0.03569.h5	822e751a3e29a5a3845e7f081703a348
torus.out0.03570.h5	a99498a41bba85260d80b2c75b75bbb6
torus.out0.03571.h5	f6e6b4dbac49d091145ea1c02d7c8e1b
torus.out0.03572.h5	abbc601276541a4196d620db7b4a52f0
torus.out0.03573.h5	9aacc2ece8370652a477b7f0e2f4e664
torus.out0.03574.h5	3383395f19f675cc694c3e9f5195d007
torus.out0.03575.h5	71b058798f3be6de1c6b054b7588f0b8
torus.out0.03576.h5	55a5b14dd3f4847a4e72fd1655ac4d70
torus.out0.03577.h5	c582e71249fe3557dbdc09741a8da5bc
torus.out0.03578.h5	f0b6ca2c6a8c38bf156dfb2b234d6913
torus.out0.03579.h5	c0bf704f3133be861eaba7c8b2524478
torus.out0.03580.h5	74fa9b81de057ded2a01b0e8a4d5ab01
torus.out0.03581.h5	ef5300f48b1c106893d896626f147383
torus.out0.03582.h5	b484efec27c6d0bc2d0cb6433bfce39e
torus.out0.03583.h5	36e66c221f9fdd012a5ef8748387c985
torus.out0.03584.h5	28a1d3a2d338540a0c691463d834a49c
torus.out0.03585.h5	9541d70ee2f9f9b6e07fe71c222ce713
torus.out0.03586.h5	5a703311f864be5f6458c304f52720e2
torus.out0.03587.h5	f76ee212e3d00202b9ed22148a0b228f
torus.out0.03588.h5	07d0a9b00331d06c748ab5d4f1d42596
torus.out0.03589.h5	aa89921be91c7e7baa3f0372366ff23a
torus.out0.03590.h5	a78670642812c5ffdff9518c1dadfa22
torus.out0.03591.h5	ffbff8c2947bafc443b12345ecda4d59
torus.out0.03592.h5	c7d66f831bb440c8be0f070c9c127f24
torus.out0.03593.h5	6f7eaf088c844ebca90366e592764833
torus.out0.03594.h5	3b368b1cd18f04a20e2f2ee140c7de50
torus.out0.03595.h5	23f56a4c33c5c151cb7abf9b90e2fce7
torus.out0.03596.h5	29f9ea4100b0c84dbc95d4076e2cdd67
torus.out0.03597.h5	8babf0b9317dd36b817517379cc37112
torus.out0.03598.h5	0c4f20f93d1368ff64533b6bed4917fa
torus.out0.03599.h5	52e44e3249e655db0734c7c1fba6e657
torus.out0.03600.h5	c8dd52a0f123bbfe3d7e452a8de6da1f
torus.out0.03601.h5	b7f00b8d81214215175a3c00a41991bb
torus.out0.03602.h5	db344a9548b2f0d2ba76a8b5c4c001bc
torus.out0.03603.h5	07eb7d5791e87bf2ae97d6a7801cabe0
torus.out0.03604.h5	98a47f502669ac51847a92015876dd0c
torus.out0.03605.h5	e2b5d0eba3c1858a5e4855dcb18150c7
torus.out0.03606.h5	9d20d53868d088208367fe95d463aea3
torus.out0.03607.h5	abf32c392230f946865a77224d55abf3
torus.out0.03608.h5	73b0d6833abe40365fd0df27e148c7d1
torus.out0.03609.h5	640029e2cb9b7e6626c5a55682ad3b19
torus.out0.03610.h5	51b50c58308615be2f042c387430d38f
torus.out0.03611.h5	b6fb1782aa2348d6b2744d64dc4ab760
torus.out0.03612.h5	5fb59a5959f05a8b1a0d14b252f31570
torus.out0.03613.h5	98c6ec8daf03eacf5e1d3d39f50a58fe
torus.out0.03614.h5	4bf7329106f000afedb4eb795905e3f3
torus.out0.03615.h5	0c08aee07bcc1b35e953b497557a9841
torus.out0.03616.h5	76ec35f766c7a6d0955fae67a77ed859
torus.out0.03617.h5	54a1c73e6c379b4c404e5b85a279af3f
torus.out0.03618.h5	01373b9321532149945ae778121905df
torus.out0.03619.h5	cc81f87b0631868a1b35c08bd4ea77e1
torus.out0.03620.h5	1f97972281112464b8ca14bcb4c458c3
torus.out0.03621.h5	044707ff2a983f953fa27f19f1a8ee78
torus.out0.03622.h5	6dc7119e4ec2c1139d5f2170c8a29ab1
torus.out0.03623.h5	3ab61d6a3ae12c05d1dfcc255d40b057
torus.out0.03624.h5	963fb5db8965e424dac165f6014b5cc6
torus.out0.03625.h5	1f431a542743107bf0ad531c859d97b5
torus.out0.03626.h5	673dd020b5fec05ae9a31bdbd84ec452
torus.out0.03627.h5	87559159ad28bbae481b47c8ba6d0be4
torus.out0.03628.h5	516172b7d5b8f466cad5466e63817818
torus.out0.03629.h5	3d320808e5aaa84a862122c62260c392
torus.out0.03630.h5	1b0eeb36672080da5b907ca97310bcba
torus.out0.03631.h5	92368ac78545ef0ee7484cff41d45cb9
torus.out0.03632.h5	5b0fa34ab82f8e91a7a536e659d0187d
torus.out0.03633.h5	a21c3603f2290338aaef063a1e41adfa
torus.out0.03634.h5	4add2f736a338e352a3a9ce1de4e0c89
torus.out0.03635.h5	d407cbb5900a8b2baaccb799f76fa950
torus.out0.03636.h5	a789f2a30db6b1710b34696bc8be157b
torus.out0.03637.h5	e69251693cc7dc650c6a78c7ed87338c
torus.out0.03638.h5	c58424e5f01802f8d798d5cfcedf752c
torus.out0.03639.h5	18bb8cd7df6d496e67a5fb25c23c39b0
torus.out0.03640.h5	d787720cbc3c252f93006f993d03222f
torus.out0.03641.h5	ee27ed5b0eaec8f3aad8bf52c1e19f8a
torus.out0.03642.h5	296edf393bdf8ad2cbe7567a815c1d6d
torus.out0.03643.h5	a095511d1090283f317ed3bfde445e0e
torus.out0.03644.h5	2748464df6540977389ea054f3502156
torus.out0.03645.h5	4ce56662c2de2e82100bd438f7a8f631
torus.out0.03646.h5	94d1a13530c17c28192f76366f117339
torus.out0.03647.h5	d3fbc0c953e2002b19d32379585c9a00
torus.out0.03648.h5	159573501b042580c86a2702525b279c
torus.out0.03649.h5	17a3882b0c5689b40732073cc5e7c878
torus.out0.03650.h5	aead422b43478b1db1c3a139dd80d9ed
torus.out0.03651.h5	75c8eeb229b2d242d0615f1b8cabcb89
torus.out0.03652.h5	ad0a4b169f401e1b44298709fbdfbae4
torus.out0.03653.h5	acfb9b78776a56a0a4f1a1495f8c9572
torus.out0.03654.h5	f93761c8122bd197bf095217f7207aef
torus.out0.03655.h5	26d6bb82ee1f897bae6dd04c43b95dc0
torus.out0.03656.h5	28d57afdc02edae90c9edc656220f7b8
torus.out0.03657.h5	1cf25f29a249418d1a7455e4beda5224
torus.out0.03658.h5	9b7648979cddc4ccbecf4962937ee182
torus.out0.03659.h5	3b19d8f79c69f84d36a6c00a014c1b1b
torus.out0.03660.h5	60683536208057d7c624d0d0d30b615b
torus.out0.03661.h5	b85ecb612bdb0a7d0c5e4c89eee803c1
torus.out0.03662.h5	fc0f84192e853b83c5d236c841effefd
torus.out0.03663.h5	93c32a6adc0b537cdfe60ef8efb7afce
torus.out0.03664.h5	a3638e88692c1296eb69ca01105a1dcf
torus.out0.03665.h5	79011dbcef35b76f40285ec169dfb62f
torus.out0.03666.h5	42704072ca5191106ef00aeb97ea3efd
torus.out0.03667.h5	a139f4b1acf07b3b93b65679c49e521c
torus.out0.03668.h5	33542812921c8fac6acd34d97a8c6ca5
torus.out0.03669.h5	3231787580a82abf62966473212e909a
torus.out0.03670.h5	ea1e5d2f791c4dca2fccb38cb49fb690
torus.out0.03671.h5	9e7ef56188e00eba5941a80ee33cf816
torus.out0.03672.h5	d8617822be2a19f0e214a7686f46c972
torus.out0.03673.h5	c22896f8ef04d0eba15cf79a0f86257a
torus.out0.03674.h5	6d5006782d7ad254e6d13c35c14cb3fb
torus.out0.03675.h5	3475b26ee32bf138a3dd89c240190f3f
torus.out0.03676.h5	10843acc90a54dcc37d8ae388360775e
torus.out0.03677.h5	5fcfb3701a79b66f8bc55b750e49e85a
torus.out0.03678.h5	ecbea0756ff0c3ee4c550fdf3c66f628
torus.out0.03679.h5	2858cd555934bda9a094db3c879c1dd7
torus.out0.03680.h5	4d68683e4ed17d29fd137cdaae7bfec6
torus.out0.03681.h5	391a7aaee7e08595665352b78a327668
torus.out0.03682.h5	cdaf2257d1a54956adf2ee3a7521ee51
torus.out0.03683.h5	f4232cbcd416df412a279494a61722c0
torus.out0.03684.h5	cd2f0f89f7d98e067386ab23abddab68
torus.out0.03685.h5	be5de0c9f8cbc6b66552788d0c9b30e6
torus.out0.03686.h5	ff9f618364fd25769ef7a2d2fa66e2fb
torus.out0.03687.h5	3ffb02ab410743da0fd3fb7285524863
torus.out0.03688.h5	a1e180db39f31648b3be225361c5f260
torus.out0.03689.h5	a104ba05ee2da6ae878745ccd7287c8f
torus.out0.03690.h5	5de8d4ec77750873cad5af8155055619
torus.out0.03691.h5	ae1cca6ccd364c79ec4d6ae236b1c69d
torus.out0.03692.h5	93fd83a601e7df2db04efd24aaeee0a4
torus.out0.03693.h5	a9bf4c8b4a0e4983092f7f498f036b59
torus.out0.03694.h5	8b2c9edcf8954d58355ed3a66ed45016
torus.out0.03695.h5	2bd89b21b9bf116757a653791b0151ec
torus.out0.03696.h5	bd6290ce3c71ee66ad611f398a26cfba
torus.out0.03697.h5	ac2443e0fbb6d27c16aa454615a1b96f
torus.out0.03698.h5	6d822cf857cc9f4ecdf07fe1fc0a9e3c
torus.out0.03699.h5	7d4b831721ea5e95206246d90d14779f
torus.out0.03700.h5	a8614df4e3481f267ecf6710120a7498
torus.out0.03701.h5	858ff7f0b6c7d6d50df8bb77f6cb3c86
torus.out0.03702.h5	82e103eb6e874b19fb5a5a95bea02135
torus.out0.03703.h5	348317fc032396d96d68c84893ce0587
torus.out0.03704.h5	83add95bc45d9e762f0bd7b094f2cb97
torus.out0.03705.h5	46d40cbfe9702b1d6eab6521f8c92dc4
torus.out0.03706.h5	72f1cb2d54f6346510bcb2c39931f85e
torus.out0.03707.h5	8db1f22d72ca356b60df19c7b57026d3
torus.out0.03708.h5	c11d03c9d9c4d12bacedd1bfeb7ab197
torus.out0.03709.h5	347f284c2bb4df422f301d4a2845912b
torus.out0.03710.h5	b7c8d7bc1532fa58707e7417d6a73f72
torus.out0.03711.h5	517cead9810368043b281ecdd1a9550a
torus.out0.03712.h5	fcd58de0e8de4f9917294097023f84c5
torus.out0.03713.h5	81e06f9cf86acd0c19e0537a38cdc8f9
torus.out0.03714.h5	2d147d3cbf8764919d3e1edc49d51743
torus.out0.03715.h5	d9da00ae9d91ceeac96f8bafcff88caa
torus.out0.03716.h5	e2b67e69e2871dda8739148b139758df
torus.out0.03717.h5	e948915b1176d22a03e67baf98ae5b25
torus.out0.03718.h5	82a99bc74671e8d56b69c702200fa36a
torus.out0.03719.h5	4f0fd3b0b9924bee732011745ad6e5d0
torus.out0.03720.h5	2ea86b5eb1275649ff9fb87241d1bc55
torus.out0.03721.h5	ad081de17ba2239e1fcc656da89acae6
torus.out0.03722.h5	02aa6143b9de9aa934b1454fecc64553
torus.out0.03723.h5	cbe2e736390b16a9d27db7b76bb5c530
torus.out0.03724.h5	119996a90205c1f4722e4228a9ccf5f3
torus.out0.03725.h5	f2e105d18fd6b886dfc87455a16fb9d6
torus.out0.03726.h5	c3e9c7c07dfafa9674f8d98239a824e0
torus.out0.03727.h5	c1c1bcf2db6cb7bcf778047a7bd9b91c
torus.out0.03728.h5	02f04031401c4a5a03d23b49c29c2a9d
torus.out0.03729.h5	fbb41621be29a876855e1675166ddd7e
torus.out0.03730.h5	33c80358240ce1ef19b8edc911bc2ff6
torus.out0.03731.h5	11a5c9c96c41b64792bd5fdf05cbf7c0
torus.out0.03732.h5	49c6bacd6999e0ac0f985c0ca3aa889d
torus.out0.03733.h5	5eef92d473fa5ea023f9e05a7fa72457
torus.out0.03734.h5	e643bbb84bf0ec06000a5796f1ba6a67
torus.out0.03735.h5	44f8f75bc566e4d503f57dc1c7a31d00
torus.out0.03736.h5	6972172f43a9b7bdbb1d4059c13dfd59
torus.out0.03737.h5	359c47c62ec9ead1ac717e34f450d49d
torus.out0.03738.h5	a3ba26f6d065e758f4365cc37a67e6bf
torus.out0.03739.h5	ca9f6af126cc8a8afc486720c3ff675a
torus.out0.03740.h5	e89ea55fc075b892552f213ae13efaa5
torus.out0.03741.h5	46b90ea6c37a8af16d68ec4cb0078a9c
torus.out0.03742.h5	b9bffae2d717aa1663e18a84effd7110
torus.out0.03743.h5	41c9a16b1b0d3f2f7e20700fa12946dd
torus.out0.03744.h5	54c22d0ec6a7c7a736d21d7648b97631
torus.out0.03745.h5	02169c40b966f885e964d6334c746b6a
torus.out0.03746.h5	bc6b9ec604baa10d47b65c17917c0a70
torus.out0.03747.h5	4549d278a240e3052e15ef01ab8de6ba
torus.out0.03748.h5	834e5ac3221c80377e3cb4dac69fc720
torus.out0.03749.h5	844f4a2180ac57516403f46473bc0f7a
torus.out0.03750.h5	8ab4d3f2dbef684a5b3b691dd42b3603
torus.out0.03751.h5	6e203a6988b6d3193eb8e3d8907ca94b
torus.out0.03752.h5	49c948bb59049d3b6e9e4c34a932655c
torus.out0.03753.h5	a70a76a527faf873ec2d365340c3ce1e
torus.out0.03754.h5	c2b3c9d05881835df6fff17f7f1ff6b8
torus.out0.03755.h5	730dc6371c15b01c6f08bd5c59548788
torus.out0.03756.h5	c93b01e3339ca5395534e6b5880bdca1
torus.out0.03757.h5	7336a784e12c99f281880bc7338e6346
torus.out0.03758.h5	fe0d8bb61f88f7274c653128cfa77b4c
torus.out0.03759.h5	6395d4d7bbecdd8049983d7492512274
torus.out0.03760.h5	1ff81429077c22405d63b1179c608c8c
torus.out0.03761.h5	2f607c1b8253c647ccfa73c83d62ee19
torus.out0.03762.h5	967e55eb59aa6d874d9b35c9dc5eb6bb
torus.out0.03763.h5	5106846fbb8fdae08867af1454e7b630
torus.out0.03764.h5	506daf07279439d1ea0e6bc651d0de35
torus.out0.03765.h5	8ebf24e16e5756e5c940c439d749bfd5
torus.out0.03766.h5	c20e4f9dba248d8749d50cc472df2633
torus.out0.03767.h5	aff7cb48b93681bf784ca8f70c49c8d2
torus.out0.03768.h5	ab69cd7cd4450790c187fc142cdde781
torus.out0.03769.h5	dbbfe8fc32390ce2a1905883b77d5492
torus.out0.03770.h5	18b83301fcb4a78471849365898af157
torus.out0.03771.h5	34390cc77f84994e9683f8436e8e4099
torus.out0.03772.h5	0b466feeaa6cb3f847e6392aff02e43d
torus.out0.03773.h5	ad53f0df20f2156964c14bff06f866bb
torus.out0.03774.h5	76f54344b0b16cf779e798d18aa6a77c
torus.out0.03775.h5	519abd1520e2bc8da6595994d525f354
torus.out0.03776.h5	8bada4147e98eede2a7019d396385776
torus.out0.03777.h5	36b9278789eca8a2635a3e29eba81649
torus.out0.03778.h5	b5298ceca76f19189e454ab7db4f70b4
torus.out0.03779.h5	2850642ba51d2f796a7e1d359e5cb7bf
torus.out0.03780.h5	088da6aa7507221efc4e5a37128e09c3
torus.out0.03781.h5	b7619e5def0c44ffa7e473334983509c
torus.out0.03782.h5	bbd88a50d4902915d2db825914f90c9a
torus.out0.03783.h5	33a92d2e9bbc2fcee3dc2353f1323af1
torus.out0.03784.h5	786b48451fa872fe0facd3e515e810b4
torus.out0.03785.h5	9d98877afa9c4a2a260eecb7c9bfd4b9
torus.out0.03786.h5	f89ec8a490b01f4e45ae389eb5f683de
torus.out0.03787.h5	e213e35f787e53e5c8695f46a1826ae2
torus.out0.03788.h5	71375a6094c9f86e12065cc40bbb431d
torus.out0.03789.h5	20acca9907195cd082668344094d6a1e
torus.out0.03790.h5	8422e9e86a888071d8f9d1405ec49851
torus.out0.03791.h5	48a0652ac87ec6ff7e0736b7c735ba53
torus.out0.03792.h5	e4f739e508750a1e87af2c6019653bee
torus.out0.03793.h5	45d1a56f0d49da23765350b096e8c158
torus.out0.03794.h5	8da4090d22cbfcf8a2877ee0cf44dbb3
torus.out0.03795.h5	8aeac0ee1fc64648b2c8fa2e19e759de
torus.out0.03796.h5	85b8eb9ea2ceb2978b28e80427443f78
torus.out0.03797.h5	22fcb663601946626799af46fa9b1138
torus.out0.03798.h5	469a8e6bd8d181cd1482da8779b11a11
torus.out0.03799.h5	56991c8a0989dc610b3b990a0b4b2828
torus.out0.03800.h5	58d81ac31695a6efca16f4d30f6d1d42
torus.out0.03801.h5	c3cef3a07f744710a17304f2b6b718d0
torus.out0.03802.h5	df67a5058aac54af44df5b3740b33512
torus.out0.03803.h5	deefb71d042673e73fe804dc179b2eef
torus.out0.03804.h5	0aaeac7a530b20174979a740fce1898b
torus.out0.03805.h5	cf3e611d230422b3074144a1fbc11db7
torus.out0.03806.h5	efc3ce929a77674fa70e3f63ded90bc8
torus.out0.03807.h5	4a3214173aec9200c44a8c130109512a
torus.out0.03808.h5	c98c80f2c06012c17d492867eb2667c7
torus.out0.03809.h5	356cf3a15830097bcbe46840e6703d75
torus.out0.03810.h5	9546f2b16dd5ed6f308dd17a55b8d60b
torus.out0.03811.h5	49baf7924c6b0b4a207c509c20c7989f
torus.out0.03812.h5	1b081a003521aa2bbc942602c0077748
torus.out0.03813.h5	3b7ffeca1b17949282ec474d746ac0f0
torus.out0.03814.h5	261085fd9fc8e5ae5778820877d35c24
torus.out0.03815.h5	3ea290c362d81be9f710f7ea1ccff6ff
torus.out0.03816.h5	c67e8ccdd6babbb1a03e14e396922f92
torus.out0.03817.h5	42bf284a2a711b520b4132523b7eb291
torus.out0.03818.h5	f3f86d29339765f67360bbefad7d202f
torus.out0.03819.h5	d6cfd5d2f7587b6e4dcf7cf0688f6333
torus.out0.03820.h5	2e0bccf64550625387330e90df9ab0a3
torus.out0.03821.h5	a9ff62e1ebc2e498c5a806d05eee27a8
torus.out0.03822.h5	5e29f294dd4530b099564f2fab3913f2
torus.out0.03823.h5	af9264aac2c2f7850d7c15e559fcffac
torus.out0.03824.h5	32ea9e2f77706b9d2c2d2e67b4edbc05
torus.out0.03825.h5	b2b9fd87fb89b81b2ee1582a54178643
torus.out0.03826.h5	648ef9abaf96b65cbea0acedf83ca1e7
torus.out0.03827.h5	fd460ed5faf9b792166bd9302a2a1367
torus.out0.03828.h5	fe68d81cb8e0ee930d5276014ae8f68b
torus.out0.03829.h5	b8dca80da69f03e6576d9f6005948308
torus.out0.03830.h5	e1eb1f2993f530a15db36bf0fbae41e3
torus.out0.03831.h5	bf50182ba28127d616999a73fda23bb2
torus.out0.03832.h5	1293dc75467c79ec04ef395fa4d91c04
torus.out0.03833.h5	f13cba7538c52e7459bb13befb926efd
torus.out0.03834.h5	715aa70b3f4b31336721fc068572baa2
torus.out0.03835.h5	6f9ea7b9f99abf0361d7b38848f7ee34
torus.out0.03836.h5	4bc2cbc27000de56460264787e23be3a
torus.out0.03837.h5	a6ba06af80bfdb50d67c8b90099923e8
torus.out0.03838.h5	fa7e19ba7b7b1ed0d1c7b2e1746e1bbd
torus.out0.03839.h5	2d79e8855d37acc5576169b0a5a8449d
torus.out0.03840.h5	2e5c6671e9b8f9fbba91470d17f6aabf
torus.out0.03841.h5	144aa002d647c0ddd742883b98401eaf
torus.out0.03842.h5	f7e7d661498691f84e68fbaac6bf9916
torus.out0.03843.h5	f9149e0bbb9262bf02f3e4f03aafec87
torus.out0.03844.h5	a45fa45b14aaf9df219f024e30bdc03c
torus.out0.03845.h5	2992e3597acd376f28030f9b12cc428d
torus.out0.03846.h5	494ecdc33d14562d1c43cbb9ff60d833
torus.out0.03847.h5	964d2f3d7d5a10840c76f818036bbd69
torus.out0.03848.h5	0ece53c6f716adda5aa5de03cad00b4b
torus.out0.03849.h5	f74b81b3e164b5471131f461ce565d8f
torus.out0.03850.h5	5dc89a7359dd3fbb6ed1a92fabd878d8
torus.out0.03851.h5	dfa3d86e595d172776674fba647e6094
torus.out0.03852.h5	1978e40a3d77448257bc2150a55cb0e7
torus.out0.03853.h5	df855f2b1cc24c30f0b68b0683ba2ca3
torus.out0.03854.h5	002a03d0bba90dcee74584fda7928026
torus.out0.03855.h5	ea897faa3b4d26f6c709fc04d050ab57
torus.out0.03856.h5	c3109b284c258db0c22d2eff122162b6
torus.out0.03857.h5	822ffeb7998935e136cf22fbfb4527cc
torus.out0.03858.h5	e3b9e49846ec641fa752bd0837e426e7
torus.out0.03859.h5	ec80a909a70e599ce1eecfd2827d172c
torus.out0.03860.h5	97d9e52685fbafb547098d5d95a5b8d4
torus.out0.03861.h5	a2b59b8a548a62521ffb6bf0ddff5d9c
torus.out0.03862.h5	95841d519b11ae69cf7c3459371f22ec
torus.out0.03863.h5	f6d175f09d30d2600a318463c57558d8
torus.out0.03864.h5	2f83b4e305692538f1df6fed6526eff0
torus.out0.03865.h5	cb54bb47cb5ea38bf4fce03490b4d54b
torus.out0.03866.h5	7587bae0deb2a55faff63a6b2007dbed
torus.out0.03867.h5	0777bee1872f3ca5d698a5af69fdc6d8
torus.out0.03868.h5	7049152fdc88243608c6db887b481e43
torus.out0.03869.h5	b0beac48751604f153fea51cedd71613
torus.out0.03870.h5	7b2cc43eae9a0ed0c90d7f6bd5a5666f
torus.out0.03871.h5	38b9bd6dccb11e85e56a4a53161573f4
torus.out0.03872.h5	ccfaf49f875c5d717ff38d082652e624
torus.out0.03873.h5	bfeec4de9b349de8bc9c2f58decee762
torus.out0.03874.h5	c2b324798ef4159f54b04d306392ec47
torus.out0.03875.h5	797be4457e39a67b051972c2092d3553
torus.out0.03876.h5	198b827c0efaaf2734b1197569f5d77b
torus.out0.03877.h5	073ff6e455c2a081f9d94933aed152c3
torus.out0.03878.h5	9df8ed8a460c8061b1bcb7df4e711b01
torus.out0.03879.h5	21bda557b999a0e3991d11c5598c9a28
torus.out0.03880.h5	0c2ad7cdf178a383b21ebd7ea45a6cec
torus.out0.03881.h5	74d00a31d8667b43bae4682f944a3df6
torus.out0.03882.h5	250ada9130753bdbb36108966a581990
torus.out0.03883.h5	cd82708b9e76529160f59f3c090e6d22
torus.out0.03884.h5	93f73a286d695df68ad6bb9872587fea
torus.out0.03885.h5	9348bbf168fea3955747359d6eaf02e5
torus.out0.03886.h5	e2d02dfefe6b51d67da47ee838ad3fcc
torus.out0.03887.h5	5274d1cb6f175221f98f46bef0c2684d
torus.out0.03888.h5	a9e91fea50463d9b111429868bead90c
torus.out0.03889.h5	f84fdb71ca3484f951c726ba200ecb67
torus.out0.03890.h5	6143aab76bb3dd53b3f69d15b595a474
torus.out0.03891.h5	36e1f9dcd2981841c93423134d239efa
torus.out0.03892.h5	d4062a8517bf658c27955b74de27e26b
torus.out0.03893.h5	80a0dd7fba3563193df66bfbfe9d5184
torus.out0.03894.h5	9b5d52531a9f6b7682df7b74ad569b40
torus.out0.03895.h5	62ca00f7e28305e62bd0a7f6b8828260
torus.out0.03896.h5	f136ece5d22a1bfc847712566ea4c79a
torus.out0.03897.h5	2fa5e2a8ce289113d1282884a280ad36
torus.out0.03898.h5	4cc262066605c96c15548fb75c27ba00
torus.out0.03899.h5	14d8b0a716b9ebb5ac9721a089c9151e
torus.out0.03900.h5	d6ecee5aa9056e712e01f3f25bb9301f
torus.out0.03901.h5	6b9499d11475dc09627ae6efabdb446c
torus.out0.03902.h5	781148d266fa7575da64abf2f47352c6
torus.out0.03903.h5	ea48a524f5c3fcc7c1245fd0f32641e9
torus.out0.03904.h5	83afe494ce3c9c30cb48db596e8ea875
torus.out0.03905.h5	259d9ec6daab5dbbb9ec8e69598d634b
torus.out0.03906.h5	dbc5b88cd514d50bf77c7b85f90d9fc2
torus.out0.03907.h5	21feb5bd684817124b85553f3be06b8b
torus.out0.03908.h5	be4c1ff1c8c0ea63ab8de6ae47b85bc4
torus.out0.03909.h5	7f259ca479db7c38ab7fc26c71e350e5
torus.out0.03910.h5	4f2d2e90901d8b3fca5a2a91fb6734c5
torus.out0.03911.h5	c578ace14aa2b3645cf8b36b252747fd
torus.out0.03912.h5	3496f63cde2f88201c0c48c9913f32af
torus.out0.03913.h5	c62de5bb4866cf7e6691ac05fe47e24d
torus.out0.03914.h5	35137a77c6b2c08891ca2ee4bdb70507
torus.out0.03915.h5	4fe95ca771c3396a0d453393f0dca09a
torus.out0.03916.h5	bbbdd6d7fdaff4bdb7980ced89a41bfe
torus.out0.03917.h5	0c2fa0e058a0b8f0fb300970d9f5af1b
torus.out0.03918.h5	14fd2e8d819c07bd992fe6e577d17c38
torus.out0.03919.h5	083578a5df4e9b33f7606c8f3154e86c
torus.out0.03920.h5	f750fef1381ddee3e9c80b6bfa798d17
torus.out0.03921.h5	a6bb525b610da47b42d2b55fa0e55d3a
torus.out0.03922.h5	bda09247bdb69e2353c4290a19d5226a
torus.out0.03923.h5	3f6ebb67c55529f063986beb94283c46
torus.out0.03924.h5	d59ce28e6c35917d3640696407a55211
torus.out0.03925.h5	7f8e7991e339d08abaf58ef1109c2368
torus.out0.03926.h5	c7066ff2b1ffacc94dd14b01cfc94dcb
torus.out0.03927.h5	2cdc57a96495ec608cda013ef0e6e5ff
torus.out0.03928.h5	9a6a6f336643f5a34e0cd4c5b593f9b3
torus.out0.03929.h5	43761928483fb8ecaae1e91766c235c5
torus.out0.03930.h5	4855137eceac7ee447166ebec279758b
torus.out0.03931.h5	23a213425fcbc66e1e8bf751113c299b
torus.out0.03932.h5	08bfc1e5483426904da8f9bf165e3c59
torus.out0.03933.h5	2798bb54ae6807c0c809603f977663a6
torus.out0.03934.h5	f3b20f1b558cbbe98e6cb763f72ab417
torus.out0.03935.h5	ea95fdb5bac53e088f6acd6ec6653ecb
torus.out0.03936.h5	41bf5cc6208746029a1a737f2bf980be
torus.out0.03937.h5	d40809e522b00573ed4e66f91dd2c359
torus.out0.03938.h5	85eca2b9758a6dd601710b5299978141
torus.out0.03939.h5	7d2d927f296633750f636979dc6f144c
torus.out0.03940.h5	da10a0b5c70d1807c690ee02c46c317a
torus.out0.03941.h5	b2d50ffef4237fe1d24a3c69e4c4db90
torus.out0.03942.h5	8ef6839b6e06506b484cf308cd1dbaa1
torus.out0.03943.h5	5a50e932b0a0001ab515f9c27d49b642
torus.out0.03944.h5	3f2c7049284addd4a5d6ab232cb53c0d
torus.out0.03945.h5	1ca4746e83d577ab0bbe8d6554f90191
torus.out0.03946.h5	d30801f62e4bb86b3fb9761c6c3bc9c3
torus.out0.03947.h5	fd6d130b5242867b6dd38d9f1792d053
torus.out0.03948.h5	dcea642fa80cc97edec40affe59679dd
torus.out0.03949.h5	500407aa9fc770124cb90f0b18b39f6e
torus.out0.03950.h5	cec62e4f60a97037419713446cd588ad
torus.out0.03951.h5	c38608fb19dfc8e1d838dddfcdd19113
torus.out0.03952.h5	2e15966e1907f894b70cd5f4ddfbfdb4
torus.out0.03953.h5	9a5bfbced713c0a3750d817475c089aa
torus.out0.03954.h5	98c9429ab51a567f91c0ff72c60caa1d
torus.out0.03955.h5	74a28c214e81004301854c50a1d175f3
torus.out0.03956.h5	df6cdf8500929f9d2218af828ccf6c94
torus.out0.03957.h5	042ac72d2040c002dc6f5cb3799c9919
torus.out0.03958.h5	e530c44a16d1a829ab0b50d684f26223
torus.out0.03959.h5	2add62b21faa4d0f2c435f19d02707f6
torus.out0.03960.h5	b59eccf27ab243870a901ccc4b0be8ef
torus.out0.03961.h5	c421fca51553f1fd984f48d25eac073a
torus.out0.03962.h5	2181871ed514f3bb74d51942c06ffb29
torus.out0.03963.h5	37debafba33d5f1affe6f8ce980244c3
torus.out0.03964.h5	adb4dde1bc885530510acd2e1a522964
torus.out0.03965.h5	cb0bf872f4ab2f5952a1b0b315943617
torus.out0.03966.h5	fa869dff0185716e0f8580726d1afa79
torus.out0.03967.h5	d4f39493503da0be4aa96d4c2af28913
torus.out0.03968.h5	301d30687807e59ebdda8373c56a58bc
torus.out0.03969.h5	971ff5281f51165cd17818b94f56ed99
torus.out0.03970.h5	0382c416881115e157e50d602ea8282c
torus.out0.03971.h5	ea2500073d4b9d0c3faa00436d84b672
torus.out0.03972.h5	08f1ceaace92cc9a734535bc1828d108
torus.out0.03973.h5	d1196d8e7bdcaa640c7efa254efaf199
torus.out0.03974.h5	58e8ce2c25eb595f1d5ec6d657da9ad3
torus.out0.03975.h5	872d6c71ab92bb8f79709f894b0f7b55
torus.out0.03976.h5	f5034721e8660918fc00373570507b83
torus.out0.03977.h5	9810e1e558d595683deae534b28e2f4d
torus.out0.03978.h5	1bf102aba6b5540d8463c643b6444bed
torus.out0.03979.h5	116f2169c6b2ecb84290a3922ad92b32
torus.out0.03980.h5	55e844f503311f4db6e4002ec57c2d4a
torus.out0.03981.h5	72f2eec836b36b578f9bf27180c2912f
torus.out0.03982.h5	67f49f8addf752a20f826fdeea926808
torus.out0.03983.h5	334ecea822206ad2fc56489ba696f017
torus.out0.03984.h5	36d3f8a1cbe38570f59390b1b1c8ac80
torus.out0.03985.h5	080a8109b598d84729f9ea9f448a34dd
torus.out0.03986.h5	9a585efc6f259b06f823d620b4f47f36
torus.out0.03987.h5	311e87c75f68604bddf3998b215700dc
torus.out0.03988.h5	7869257ef2a034924de75e3a7df0b000
torus.out0.03989.h5	cd1615ac4b386151397739aa67623fcf
torus.out0.03990.h5	4af41df06304a46f1e4b8f6e5a7fa731
torus.out0.03991.h5	846f078b846abfb870ee518118b717de
torus.out0.03992.h5	f57b49ce4d65a6bbdf20d0bbcf214419
torus.out0.03993.h5	e35b0f2d322124190f45b87f2f51fe20
torus.out0.03994.h5	063dbb4b148b4bbca0389e9ff89db18e
torus.out0.03995.h5	b3cf911f57a2cbd7bb1168da2d1c1e2d
torus.out0.03996.h5	beeda4262a8940557a49cff40b073179
torus.out0.03997.h5	13e8b89aa5f5dc2475f1e957b5e18bb4
torus.out0.03998.h5	d8be6cbf3001a8b10292f619e9851d82
torus.out0.03999.h5	3e9caa068d5888f1385c433937c10ad2
