torus.out0.04000.h5	17e18d6a7eda74ffe47294a9fdccf3e9
torus.out0.04001.h5	3a6a3a79ba8adffcd132f4872a938e36
torus.out0.04002.h5	dc608985ddc07b1228dd796c725932d8
torus.out0.04003.h5	d78560515752831f97791e325b5f0c0f
torus.out0.04004.h5	0717822be169f8181c1b24bf2f29d243
torus.out0.04005.h5	5b0ac9ee40f9201e62ffee16bb24a8a9
torus.out0.04006.h5	2135bc62727235b97f36f4e1382d9092
torus.out0.04007.h5	b535305c2aa001496dfe30210eed22da
torus.out0.04008.h5	482fdffa86cc1f04055dba01f5fa163f
torus.out0.04009.h5	cbce38286c1f105b4c3f77e51c0c1802
torus.out0.04010.h5	ee94c5e525e5d937eaaa3fa7ae1d1d73
torus.out0.04011.h5	46aeec11c496b62e3960de439fe1d15b
torus.out0.04012.h5	0c846e3a5c1b4f9db66024b4d92b92f0
torus.out0.04013.h5	3e69e341dc5b414ac636904dada6e30d
torus.out0.04014.h5	8723a4107eb96926fd83b68e90f5ad8c
torus.out0.04015.h5	f5f2ffe438ddb9d96a1f4361d55a080d
torus.out0.04016.h5	e660b5801a84acfba75625cdadc7d154
torus.out0.04017.h5	0661186ee0f4d3b0420f7c700a49772c
torus.out0.04018.h5	39c2bef10e2ed3fa8bf02cb76500887d
torus.out0.04019.h5	431429460ee0ab6b3b8738ebec7f7391
torus.out0.04020.h5	a6b9c43dd977eae7de264a6330a74378
torus.out0.04021.h5	b34c28cd7d35fe15b64e39f260a81e04
torus.out0.04022.h5	c93e050b6a9ba42fa347a73753ec26f1
torus.out0.04023.h5	7e4700d0e90755e770b8495e8c71bda5
torus.out0.04024.h5	efa03e0664260b671d07a3e20dabb4d5
torus.out0.04025.h5	ba1dd92246de62cb2b090f1934875a2c
torus.out0.04026.h5	75e5c1806c41dd285c233fd00929398e
torus.out0.04027.h5	c26188208de89bea6568c3b3c587baec
torus.out0.04028.h5	96d88b3bac61184501a59baeba75d13f
torus.out0.04029.h5	a31fbcfe7e43e04f551d6a3641511cfe
torus.out0.04030.h5	33be248d4b1491fba8633e97463735ed
torus.out0.04031.h5	7547cf875d99ce72652355af6c25343f
torus.out0.04032.h5	8e6079b0330ab949f87afa3229936ff7
torus.out0.04033.h5	1c398d20c22f8071c1918490d8b854ba
torus.out0.04034.h5	f946357ac51346b6f080058e71eeefa8
torus.out0.04035.h5	84b767644bce7da14ac62ca97dcba9d4
torus.out0.04036.h5	219e2533ec21824bab28e64ea4a795b9
torus.out0.04037.h5	bea898142357ffeec9b98a1da4ef78dd
torus.out0.04038.h5	cfd429bffd9530621796f0312c85aedc
torus.out0.04039.h5	0c5df2e3d5fdbbb80624c6b2a2d86b2e
torus.out0.04040.h5	85a8082fa939acb9bfb551d78584c7b7
torus.out0.04041.h5	cc0bd09d700b9f1ef12d604d69c0e5ab
torus.out0.04042.h5	f0d9a769a80544b5b20a0bbc31866f60
torus.out0.04043.h5	a7e1135d66dd44bd1cafafc8b5e3ff34
torus.out0.04044.h5	3161883c9eabb1916aa6607b4822151a
torus.out0.04045.h5	ffcd215bc0f42d96e85c13e089404f4e
torus.out0.04046.h5	dea19e57c914449eb5d208da8dc579f2
torus.out0.04047.h5	9616f18f3643ef3c6cfc226d95f65386
torus.out0.04048.h5	c9a64bda8bd8b5e5361814cafa8e6fa9
torus.out0.04049.h5	9855bb098faf6ef08e528092352dfac8
torus.out0.04050.h5	a10026c0e33365ab904abc54b50f1f96
torus.out0.04051.h5	c2b59a6a7c3814ae35428cb6b50717b2
torus.out0.04052.h5	afda036f07aec5ce54c1cee2f50d0d9c
torus.out0.04053.h5	3b848fe04c58c87d50b5b5b4def3995d
torus.out0.04054.h5	c44a01ca2bafd8accbe9919bafc458ab
torus.out0.04055.h5	43fe88b47916afebf82a4477b0931e41
torus.out0.04056.h5	9fb2db90756d6a3c432f138e71196668
torus.out0.04057.h5	d0c89424537d16b56e182e0b60ce2d87
torus.out0.04058.h5	a20ee911aa253ffeeb023caa7d59db24
torus.out0.04059.h5	f357a2dcb92b5a3ac8f09d879e447e5a
torus.out0.04060.h5	1ee32365c769ce5aea83c8d255ce0206
torus.out0.04061.h5	002ca4e879a97dd67dc82b442036d852
torus.out0.04062.h5	a59877f259bbdf47ac3e9c9c7273a6f5
torus.out0.04063.h5	1059a7002a3c491b8752148fe97d7e5d
torus.out0.04064.h5	b07700257b7d5659f62d9f149799a008
torus.out0.04065.h5	82f5d97b50f70c32c8f07f7c4e603ca1
torus.out0.04066.h5	de27fcebf2ad55638290797ef4161a5f
torus.out0.04067.h5	d75b674391d1304d86fd86b7ecb4cc16
torus.out0.04068.h5	308a791ceb483171c81856b64c4dcc36
torus.out0.04069.h5	fec54fdf0c6ca4427f1bac1f87e78096
torus.out0.04070.h5	0331f80df6e4baf74292b6580f947607
torus.out0.04071.h5	f554cd8b084c80f5fa82d8e0639d470d
torus.out0.04072.h5	38b4ccde3ad2cd9c673d2042c4675d55
torus.out0.04073.h5	0a54a3c1f17c2c690a6f5b5a0f02e7c8
torus.out0.04074.h5	b32e639d765007b58e1fa92d92d13e14
torus.out0.04075.h5	60d479893bdc7dfcd1ba670a9990be1a
torus.out0.04076.h5	b33d76e876722de8fe7fff95ee0787d6
torus.out0.04077.h5	59d78d62c424c700410bc43b414f3dbf
torus.out0.04078.h5	7676eaad09de2f95848c47dc82f03321
torus.out0.04079.h5	bd7708d4b1518503d49f5bf57bed187b
torus.out0.04080.h5	4136780c7517627b4747b7f2f31c36b2
torus.out0.04081.h5	be9818388a46fe718ba9df13fda294ba
torus.out0.04082.h5	3a597b9bb18c5c5165d732434e6aafc1
torus.out0.04083.h5	1bce52c41e7ef01fc14b627afb4d47f9
torus.out0.04084.h5	b2501d8d13e1535e90cf7d8b4dc2d146
torus.out0.04085.h5	b54d61349ca81b1d1f772ebc79bbda7a
torus.out0.04086.h5	f694b85d2935e87417a6a2d634394c06
torus.out0.04087.h5	30a94a70c63027d9dad3cfe083427656
torus.out0.04088.h5	e5a9fce9739b43f7b28df02e3ab2f7c9
torus.out0.04089.h5	6bf739bc68a1d2aa69a4261b4a97b906
torus.out0.04090.h5	1384d0ba1b6c86d9fa3b10c9d0d2ab4d
torus.out0.04091.h5	fc38172eb85c9102527e106cac3a18df
torus.out0.04092.h5	6e021fa68767e9a14f5331f7f192d429
torus.out0.04093.h5	23df5e3d7d394fb2060613cd2f51033c
torus.out0.04094.h5	2741e316421442285092e8cbd1fa3473
torus.out0.04095.h5	158a1acfe3a159944985c08c1b24141c
torus.out0.04096.h5	4de179750762d092f028e0ac10c95723
torus.out0.04097.h5	63f45cd5a8665f7ac874f2259c8fedb5
torus.out0.04098.h5	8a56bf4ece7787b5f9e0b9156619a059
torus.out0.04099.h5	60011d996232954becb266d3d23d3228
torus.out0.04100.h5	82ac13b2865a066c5ca9a697031c89e7
torus.out0.04101.h5	de0872c76d6882012836947febf7df79
torus.out0.04102.h5	306d612b49be78195b7028b15d70f969
torus.out0.04103.h5	4736e2b7be10a9cd38efca942789e09c
torus.out0.04104.h5	fc672ea679e7d0e0b523632e4be61031
torus.out0.04105.h5	08ab6f9eadd5b3272c082d57a915dc5f
torus.out0.04106.h5	db40f9be81fb13b1ba7ceb0737b0f7ca
torus.out0.04107.h5	a20f157eb6c9f8a8581d67a2c8dc563a
torus.out0.04108.h5	a9743f28146924bbfb693096391b28dc
torus.out0.04109.h5	b5a85427d9011f2ac24f8fa7c9b991f0
torus.out0.04110.h5	5bff3ce6d13a8be3ab634b615097570c
torus.out0.04111.h5	0276a43b6bc8159fcd0c8319304e43cc
torus.out0.04112.h5	bc7098aad8277afcc6d9ca91390188bf
torus.out0.04113.h5	3a36a7a003b6a272d3e6e49c5ed217b6
torus.out0.04114.h5	cb06f62a4929e99f785e832eddb4a250
torus.out0.04115.h5	620a7f55d91775f3c9c1c0c9f0f8dcf7
torus.out0.04116.h5	1631b9157d37432da18f4461810bcd26
torus.out0.04117.h5	69499c4cab461a85d2f6c726134186f5
torus.out0.04118.h5	777229c0707403777517956ecd7a6033
torus.out0.04119.h5	234a28092af1334ecf4fdfa3b4d0a8e6
torus.out0.04120.h5	fe3eca5d27ef007f5eab644923118a3e
torus.out0.04121.h5	ed07c29e17cc233c82ee167c371a345b
torus.out0.04122.h5	31e638374eb40bc58c35cd178cf66969
torus.out0.04123.h5	0df1b56eceb45c68b7ef192fb13489ef
torus.out0.04124.h5	dd44758d303d22b2c7008b28c6f6122d
torus.out0.04125.h5	874cb68b9c18f4b8e71ab6bf7727a372
torus.out0.04126.h5	01ca1606c94d42a50a8e430c339716d9
torus.out0.04127.h5	dd2196f662556ce84cea8cbf2d063a81
torus.out0.04128.h5	624651f65efa857ab0b3370f2aa31ede
torus.out0.04129.h5	3ab51a1e0bc019fb875c82fa315392dc
torus.out0.04130.h5	818f855f16b47c9fcd1cc4ccff21381e
torus.out0.04131.h5	032dfea0e1cdb0049f50c0db9775baaf
torus.out0.04132.h5	ddb8ba176f683c1336cadb1dcf63cf65
torus.out0.04133.h5	0e0f6ba2dfe5f5ec279e35745dc36d4b
torus.out0.04134.h5	3996b193db0db50d12b5cbf39e40e4b4
torus.out0.04135.h5	6a9a53889b282cfa4abd5eff85f80b7f
torus.out0.04136.h5	2f9186ceafbcd48b40cdd5a699462339
torus.out0.04137.h5	88ddba15d427dba6ff5e0a326bda7e00
torus.out0.04138.h5	f4a833d1990a53775ae04d6ec1d55a2c
torus.out0.04139.h5	646a9c6c4d816620dd9cfb481151e864
torus.out0.04140.h5	0026fdca43a42b105e8a4e48c2b68cde
torus.out0.04141.h5	1f708f66995b7e2b7ddcfa2231c48663
torus.out0.04142.h5	beca313812fd0e22a859c24b82606243
torus.out0.04143.h5	ccff25d42d5ffc10ef4024f4ed2ae43c
torus.out0.04144.h5	36f74f3cd2ffad65029812a8e1ac416b
torus.out0.04145.h5	8cbe88fe524f6a5f05334ad67493bd3e
torus.out0.04146.h5	79bf5b8df489727b4ca1f7aebd247608
torus.out0.04147.h5	2486ecd249696c6d1b72f18d9ba8e366
torus.out0.04148.h5	524cab2294538def6410ecf49971fb0d
torus.out0.04149.h5	002ca4daa8800a0c471aad017a30a529
torus.out0.04150.h5	f599b0410df35480ab3a676aa2ee0153
torus.out0.04151.h5	b8117cd7b877d7654d313c3e6d1757f3
torus.out0.04152.h5	866ae3f80ead02ea68283ee4b8ba38c8
torus.out0.04153.h5	6bd9867aabcffcf7d25c5a7237108885
torus.out0.04154.h5	f3b3b3ea7c3d0b48298ecf2c1434fa16
torus.out0.04155.h5	8a33db43491a8e0eed0b4a44b8fba128
torus.out0.04156.h5	81bbe164f98fe45d527d89db01688aed
torus.out0.04157.h5	7d262e2375a06c7c390d14d846a863a0
torus.out0.04158.h5	6aa2cd3ab315dc62ebd0c480d6e582b8
torus.out0.04159.h5	bc2e86ae43ac8b65a1ab4ccb16b8c309
torus.out0.04160.h5	98676d72aefcfad64b84442c91a5675a
torus.out0.04161.h5	d6db3adb99d20cee5b482a35676939ae
torus.out0.04162.h5	69b46c90bbe4b20d9d2784d7563098dc
torus.out0.04163.h5	d841a0d4e9d9f0837dfa75a2d56ff479
torus.out0.04164.h5	91eccc3eeed1ddfe487c0e8b10d533e0
torus.out0.04165.h5	2a6b2f622d4088e47c71b4089269bb22
torus.out0.04166.h5	2ed0ef1574adfc933dc316d78095357a
torus.out0.04167.h5	eb3b02c7efa69604fb0e04d7b2a67dcb
torus.out0.04168.h5	4c5fb7a09d4f1fba4ac671d06d06f7ef
torus.out0.04169.h5	9d38e901a2502c2442a6ffad37379d53
torus.out0.04170.h5	93181f71520f02c6db1b380fc20f6c67
torus.out0.04171.h5	c7f83a7e8e35438fe4f0c2d3d20dc177
torus.out0.04172.h5	1f689c0979f5adff9fa4d3f0fe1070e8
torus.out0.04173.h5	e588350beae18f3058b66ed35e8e3ffa
torus.out0.04174.h5	8358851c21310aaea64753effc4b33eb
torus.out0.04175.h5	b68a860881cbed35042fa057b79ceb31
torus.out0.04176.h5	4a9079e889ca5335fe6d99a11808d499
torus.out0.04177.h5	f226795e690a3c4db075043bd1337758
torus.out0.04178.h5	d9ffaba68dd9807dbf87217a8defc344
torus.out0.04179.h5	303891b7535828adddf2fc5e33e71f5c
torus.out0.04180.h5	9c765f64814e1b3659e452ef327e0f2e
torus.out0.04181.h5	c8cd50abb1569c567d345ddc0596ac7e
torus.out0.04182.h5	2d1747749253926095f37d4e11a4ef32
torus.out0.04183.h5	837fc6abf0a83f0d6e663a1aa99d454a
torus.out0.04184.h5	b578745e905df9de9d2926f400de7dfc
torus.out0.04185.h5	b0b2f752ab1c14feed5c3144a7e42da1
torus.out0.04186.h5	0e7ee8ab94d83390dc8ed8c818ef2d59
torus.out0.04187.h5	47f2c91522ac607a3cf7484f27809598
torus.out0.04188.h5	450f2e8f174b77596810aa442426ae7e
torus.out0.04189.h5	4a48e097906025fea1f0a6644e3f397b
torus.out0.04190.h5	3b31e63db61736ca263b272be1794ee8
torus.out0.04191.h5	614c4ba6797714122ac8ede932e4bcc2
torus.out0.04192.h5	d1f638ed2a5d045e1204fd34c2f2a274
torus.out0.04193.h5	afc1632e1a3c24d7d7187229d29bf675
torus.out0.04194.h5	cc1ab026bb423e5bb9af82e0f3d5f5c6
torus.out0.04195.h5	e1cfe38dc4558459d8831c3c8d3cd530
torus.out0.04196.h5	e8c4ae420519bf964dbd92e0803fd9dd
torus.out0.04197.h5	48689fc88757a3d3efd277fa30f927c2
torus.out0.04198.h5	51a167896e86b17600ea5beaeb506f36
torus.out0.04199.h5	366eb5919ac00ed3530ac4d16abe1b70
torus.out0.04200.h5	16b6db3c8867da4bddd40b51b0022fab
torus.out0.04201.h5	9dc99b234f4d4b40216dfb655420db53
torus.out0.04202.h5	2b443bc9e39ac7b3fa8be8e831741943
torus.out0.04203.h5	e50f24efea0cbdd888617b5cd9c09fef
torus.out0.04204.h5	b60457bd7cea1c3072d4ec8014fe70b3
torus.out0.04205.h5	bc21b64f25504c490618f0809177716f
torus.out0.04206.h5	c764bd36c3177888dc42ff673881b93e
torus.out0.04207.h5	81f1ed02cbfa8edc90b0a759a2f2434e
torus.out0.04208.h5	aaf27c0a77bfa80d1c5eb564fdfcdf1a
torus.out0.04209.h5	9a21c9c4cf82eeeb1bc259e051166806
torus.out0.04210.h5	f20cee44afe0f73bf0768c0dcbdfeaeb
torus.out0.04211.h5	0d262cfa54388a9d60c9876b54699617
torus.out0.04212.h5	71a27a126ba00938b8c744aeec51d6d4
torus.out0.04213.h5	531485d7e14928739f3d29053b853f7a
torus.out0.04214.h5	ecf80cc551522c55aa2419c17dc14369
torus.out0.04215.h5	7935f81461bf4b35b9b1950e9a373e47
torus.out0.04216.h5	f95324161d255d27a8310cba8c8ef5e0
torus.out0.04217.h5	de66c7f3bddb8bfaa4fcbf87ea988169
torus.out0.04218.h5	1baf5d2e36db6d2fec24e53800dd72bc
torus.out0.04219.h5	a5d0548bde4c14a356acec6ca7aa939f
torus.out0.04220.h5	338d58957fe63b2e0d13c25354c9ddc9
torus.out0.04221.h5	8873153260399ecbffb4f1cffdf8477e
torus.out0.04222.h5	120b8db3a67b3cfee83853bac95113a1
torus.out0.04223.h5	e40e61a9649a0156a89724a424b080e4
torus.out0.04224.h5	e4b4b3be01d9f6495791fff1614e1704
torus.out0.04225.h5	e08b94ab71efad2729d90e015058cc2b
torus.out0.04226.h5	5da5ea40305707b946c5a19b970ec2fb
torus.out0.04227.h5	549e8074d05e3fd5281e6dc513284176
torus.out0.04228.h5	45baf050a0a7cdbee14e1dc8d5907da3
torus.out0.04229.h5	d9a7b9e28eafdb08dcef02c8af96a019
torus.out0.04230.h5	e2dfaf64f2509217e31e9417a47bb82d
torus.out0.04231.h5	468b58f2b429d4cf330ddba08336e6f2
torus.out0.04232.h5	61aa9aaa375577c7303fc8f3345a32b6
torus.out0.04233.h5	a9ea31f728763b6fc7883b506547ca2f
torus.out0.04234.h5	dbcf1f327e014ac3658ffc35ddb6c5ec
torus.out0.04235.h5	2587ff1e6aff5f610a491a11780a7f77
torus.out0.04236.h5	50b82be62e3c14eb58a0cbfc339ad713
torus.out0.04237.h5	4825144d7216d8e325cd4f2282dce920
torus.out0.04238.h5	cddaeca30dee3137f435ad318b34c751
torus.out0.04239.h5	98576acb1fa991cb88abc5d00a9aeba7
torus.out0.04240.h5	3b2152599b4541ba4ab8c7d62fac8399
torus.out0.04241.h5	8d7ab24d743a09a306cb509ca77ea969
torus.out0.04242.h5	b99a8cc0d7c0fff0ed64131e94b67e8d
torus.out0.04243.h5	57647956acc15227989eef66b8dd060d
torus.out0.04244.h5	9675aab0d2cea1723a1661a33c7bdd03
torus.out0.04245.h5	10224c30c5eda8656e011e078a56b071
torus.out0.04246.h5	4de34147f5115a51639f75869c622fbb
torus.out0.04247.h5	ce412e9b802793cb2e6eeaaf1caab907
torus.out0.04248.h5	e6b9df55549ab324bb87a9acff6902cb
torus.out0.04249.h5	7741b386775c591a734de1a0007e5cb1
torus.out0.04250.h5	be2ee3ea5cb7f08a80239acfff95ae4e
torus.out0.04251.h5	312ec44f75b1b20824d77f270771dd9f
torus.out0.04252.h5	8e816baf39d7e29e5280805b1dde95df
torus.out0.04253.h5	e1eeaa0ddeaca20144e77f41df7e789d
torus.out0.04254.h5	999e1e1418db0f29ae402ab71ed36dd3
torus.out0.04255.h5	42af06320c217b5c8a98751f63e1a211
torus.out0.04256.h5	76ed0151777c880f9d1d3c4f9ad3b2ec
torus.out0.04257.h5	1c6996fb674fe64a2ac28834e84b4918
torus.out0.04258.h5	ba4d9a54ca28ef5c52d90040944a79c4
torus.out0.04259.h5	bf80c29e552855458abf472b87d43f6c
torus.out0.04260.h5	a228abbf3f3c5d2d99e51f6996fc3327
torus.out0.04261.h5	2ae9e6dcaab1f47c24060e1cd5c119c1
torus.out0.04262.h5	6473490f644c9fb6e2204723b855656d
torus.out0.04263.h5	ae2b67923cec59e4401714610a7476a2
torus.out0.04264.h5	6d8a3a48c6ab09665da3047dfd4bfb3a
torus.out0.04265.h5	67d065aa407383d350bba458d8eef8c2
torus.out0.04266.h5	62237a914a93ed247175341802634375
torus.out0.04267.h5	23b87ad7e3f535b2193002618da429f1
torus.out0.04268.h5	fe64ca0e2df683af14801d80daa6375c
torus.out0.04269.h5	fd0f64201e9ee359966a18e2ba1b74da
torus.out0.04270.h5	2a185567ef01ae7a83fb4b07a286d08c
torus.out0.04271.h5	5f2ff02552ffd712558cc53f29de227a
torus.out0.04272.h5	8a2e763e6e0acc8893753bba8fe34616
torus.out0.04273.h5	2863f39d72b53e806c1cff6086278027
torus.out0.04274.h5	8aeb0336f78aa16ba27faea3ecfd3e9a
torus.out0.04275.h5	713c201ebc70ce72567a581656a7256c
torus.out0.04276.h5	ab84a4ae439925867f5e5f1e5b39f51f
torus.out0.04277.h5	e7b60c3acf54da36a20bcb5a585a5aeb
torus.out0.04278.h5	3456aaf10ea7b559644d98752d55ea8e
torus.out0.04279.h5	a4423a0faa12374bb6b780d27b5fa1e3
torus.out0.04280.h5	cf8a758e120cac5c324d5c0ba07e47a8
torus.out0.04281.h5	16518fe14016497196ee58b90f524bef
torus.out0.04282.h5	a41c843cfd16c8c27e3fbee6a9b796ff
torus.out0.04283.h5	5928e56e79f957df2f7159880de5c150
torus.out0.04284.h5	807516825be4238ca76c5c715912dff4
torus.out0.04285.h5	7dc19637dc86132ada4d5161974877ea
torus.out0.04286.h5	228622cb78186af0bf37607e06271bf5
torus.out0.04287.h5	0269a22ee1d31077d024d9267ebd87ac
torus.out0.04288.h5	e56d017b6362f8077d2b87ec8b838675
torus.out0.04289.h5	1b900b88486d1105418d3800f12ae4ff
torus.out0.04290.h5	bb4f4863de3b36a88bda60391daafb2f
torus.out0.04291.h5	bb71d167a289b365b457bb5f6b5384cf
torus.out0.04292.h5	589de04c27ff624230e24738c203c9eb
torus.out0.04293.h5	13ab3280d4e5c02d50f5c8015f378c77
torus.out0.04294.h5	338899a8f835f7030cb8b791e1ecb712
torus.out0.04295.h5	0ca92d6114303d98c5fa0667b55b8bcf
torus.out0.04296.h5	6a72a646f7a57b3e8fa5889403e52e35
torus.out0.04297.h5	061a67e0085504ba5a2f61d2bcb9b3dd
torus.out0.04298.h5	dafe219bd4fd60c431de48602bcedf04
torus.out0.04299.h5	ee62e9441b684778c15bcf93fb14954f
torus.out0.04300.h5	e3d925e56c5e6ffa9dee1dbe96a904f2
torus.out0.04301.h5	3cb51484155144c72aea3d4e1a0e0a86
torus.out0.04302.h5	36a3f688cc044e1dc9f9843aa68383d9
torus.out0.04303.h5	c6140550b50edff23a89b202e05d7747
torus.out0.04304.h5	1a08402c7ce7bfe45174ff70de44859c
torus.out0.04305.h5	af27ee6982f744015b1674d3447c5254
torus.out0.04306.h5	500226fcb925c40a22463d18c1488b93
torus.out0.04307.h5	85aa657821a9b525582eb279d23ea6ef
torus.out0.04308.h5	8984ebabfad5815074b7f9e5df0578ea
torus.out0.04309.h5	382e705df2c19a30bb3c4f96a76a4e3a
torus.out0.04310.h5	010ca03f594d6fdaab1ac6c928ffa2d6
torus.out0.04311.h5	f77328efdb270c4fbbbb28eb0d1ac0b4
torus.out0.04312.h5	d1a8111783474fd2cb6893e863959b90
torus.out0.04313.h5	cff1c131afe200b32d7dab3d514a97f7
torus.out0.04314.h5	a73c9230d46d2918fcf232b7b898d3af
torus.out0.04315.h5	318ee6a6a233811e9983309a497d3824
torus.out0.04316.h5	cd0c9f182a6a2ea01cc9bb1be0857821
torus.out0.04317.h5	eb56bd1a9255f2a43e4330fc073d0626
torus.out0.04318.h5	33aeb604d07d3ee86bd91088f8f28bea
torus.out0.04319.h5	077a0c09e26ded70a5d5477292255f67
torus.out0.04320.h5	d9e415d549bbc59425c2e7213a860924
torus.out0.04321.h5	69eaeaa3db7d2ade3eecbc69a62f9100
torus.out0.04322.h5	e7221d5d6ec57d49e9071a4311b15f76
torus.out0.04323.h5	d19bd229843125ea404eb0ce4a77cdb2
torus.out0.04324.h5	c42fe372cb03a2b6d1f239ccb378da88
torus.out0.04325.h5	407cc3f077c998796105a6cfd367d29a
torus.out0.04326.h5	bf9c4b3407afdc40347ef1c425d9dd32
torus.out0.04327.h5	55323f920899b6488204360b40d6bf66
torus.out0.04328.h5	923c28a16af8657bbfbf9fd82f4f468b
torus.out0.04329.h5	6e7f07fe90d160cec74d25a48932b727
torus.out0.04330.h5	b7a7e20a6af228ff1654fd65f1ae916f
torus.out0.04331.h5	e2657418a4520f47714b85c2b8221dd9
torus.out0.04332.h5	cefb129a8e77d3c25f6fa899b48340b1
torus.out0.04333.h5	3fa694db449114cebc756d990979af32
torus.out0.04334.h5	39df40723372ab920f030c296789443b
torus.out0.04335.h5	45b43c4b214b649fbf7ab11ccf977b5f
torus.out0.04336.h5	1160115d47a10d4695528d78829bcdc3
torus.out0.04337.h5	78bcb4b8169a9d7134f8312dbfed97c9
torus.out0.04338.h5	032d706ece2a72c2b459da772c9dfb92
torus.out0.04339.h5	399f6da2657a00915618fa4b70f4086d
torus.out0.04340.h5	663bf153b3cb8630ce168af2f21fdc48
torus.out0.04341.h5	431025c3293ed0806e00414a3973137b
torus.out0.04342.h5	a6af4672ac6ae22664a5a0a75918d399
torus.out0.04343.h5	bd195f15f75f75eeed97c30a0dee9253
torus.out0.04344.h5	b2c349336ae5d9d80d797cae49430ebe
torus.out0.04345.h5	231f2376e0f47f23df4de305200a22a5
torus.out0.04346.h5	ce0749f88b59049d1dafbd4caf1026ec
torus.out0.04347.h5	34c40b8d31a4053d041543cf971c3b70
torus.out0.04348.h5	7a8f9479072fcbdf644f44d90dc5d013
torus.out0.04349.h5	20163639fc421deaeaa8dbbfe80d1a16
torus.out0.04350.h5	f46e7d6673b13f3a80532d4d0d3630be
torus.out0.04351.h5	247c181d0d3ea85bb0bde65dd2cb3f74
torus.out0.04352.h5	3a32c2bbe89b109746b3a9e61fdf0692
torus.out0.04353.h5	b6472994edb455cf36a62560fbf69da0
torus.out0.04354.h5	56ae1fa9a990003c3c0374ea4d4c5a30
torus.out0.04355.h5	c3528d1237332b6dc06aae18823a4d82
torus.out0.04356.h5	59266bf9acae3068a83d432864e2b6cf
torus.out0.04357.h5	c0c30d488c7ffc95f0ca23bdf6e8f48b
torus.out0.04358.h5	10994eea0ee200a95aa00075ff8df82e
torus.out0.04359.h5	8d1b407ba8baf3f506812720c6976528
torus.out0.04360.h5	46dea03b521acf46bf751fb6ab244499
torus.out0.04361.h5	0823dd65ab67586edb3f17e82342b6cb
torus.out0.04362.h5	9a90c871518101ac4405a1bd010eaf31
torus.out0.04363.h5	6565d4a93b5c6d73a3c0e6111d2f0e37
torus.out0.04364.h5	e9c97e45790ce7ab8f18088e4940377c
torus.out0.04365.h5	bc1f9f09855088a3505e8f853c1a92f0
torus.out0.04366.h5	3d8dcca4eb3b4b115aab521747119d8d
torus.out0.04367.h5	09b1c70a4905dd9177bfa3b1a3d0bd6b
torus.out0.04368.h5	7da0a9ad86fb44ffaf482cd69a49da73
torus.out0.04369.h5	ddf23e17d4a4e2997c04a965ed5733ab
torus.out0.04370.h5	d63eb6a15626a433e20375baa4cdde9f
torus.out0.04371.h5	45f09039c603230999e78729f7bf29c4
torus.out0.04372.h5	676fce812b0986a0f2ed64092c340e56
torus.out0.04373.h5	f0dc8746520877f045726c508d8151c2
torus.out0.04374.h5	44dbc3902b236b3ea86b250366de0d52
torus.out0.04375.h5	fce888a5115b6f07cc3392419dec7b90
torus.out0.04376.h5	c2d11fd5c516c8c97767a574e2588238
torus.out0.04377.h5	42eac106268fcf662ce5d7a73bb34b73
torus.out0.04378.h5	55c6c824cc0b9d24cf39b038873fa312
torus.out0.04379.h5	4a9320888665958184377155ad45a44b
torus.out0.04380.h5	389814aaff116e1aaab0d936402c822c
torus.out0.04381.h5	63422926e2b20cd00c99618355341a0a
torus.out0.04382.h5	e5c8c52c945763340c47ba995b1f4de8
torus.out0.04383.h5	c258dadc85ee77ff6a4577a1b1f5c2c5
torus.out0.04384.h5	536ecca2a349f29aad653fd533289944
torus.out0.04385.h5	647381993c4bbc61515958d368b19547
torus.out0.04386.h5	d9eb3dd923c9bbe7992892f08dcf50cc
torus.out0.04387.h5	6bae2c8d338cf59265f6d253aff4ff67
torus.out0.04388.h5	4b54dbc3cdde5ef3c144e2e0542a2a88
torus.out0.04389.h5	8bae640d8057afab95cf548f81bf2da3
torus.out0.04390.h5	0de4a6c47d8dbd8f332dd8a090b8fa4d
torus.out0.04391.h5	f1fa8262f01fe6eba9de728e1341b30f
torus.out0.04392.h5	4eaa66d4d09067680e759e1b72334980
torus.out0.04393.h5	af5c6f04deabe0e23a8eb7cd5b0144c1
torus.out0.04394.h5	17e916e62b0f87d84b6585da60a054eb
torus.out0.04395.h5	ab4a5116cb2d7227efbf68d990f23a0f
torus.out0.04396.h5	712e123ebc5be944fa6fd135221fb568
torus.out0.04397.h5	d74076a4179f8e1d834ae373dca0afa2
torus.out0.04398.h5	c8089ffa7c7928d0c3b1cb4294a79c8a
torus.out0.04399.h5	2c77987d6199b0cc0989bc869cdcdf9d
torus.out0.04400.h5	97bd740bc01cf3adbcc7080498ee211a
torus.out0.04401.h5	23b40e3fe8c2b3c43dfb54b1054eb3a3
torus.out0.04402.h5	10eef0e10ca61f38847e4b663a344553
torus.out0.04403.h5	ab6f1c604bc21fac16ed34066e0112ac
torus.out0.04404.h5	b665f2170bf23f2172f1511fc2e56071
torus.out0.04405.h5	2a8e5cf6fb84c83f03dfa60bdabe95c6
torus.out0.04406.h5	49627c0e33e15d7619030ec0190a3db2
torus.out0.04407.h5	9e0469bc78ee435e79d3c1d26911c5a5
torus.out0.04408.h5	4c47885a09c44bcebd367da134ed67d8
torus.out0.04409.h5	b8cf640df9db68ce61cf58c674e9ea3b
torus.out0.04410.h5	cf97fdd023d01d524cc891a5c3d11ad4
torus.out0.04411.h5	b862d7f9ee7fe61c0b758e37cc1be62a
torus.out0.04412.h5	a2c281f93784ba06e42cd1160122dde9
torus.out0.04413.h5	b2be7349294d696e9233502128ac551f
torus.out0.04414.h5	b53fcc9b28f545fab244355d5b8fbc4a
torus.out0.04415.h5	be51d08227440905694f0d4420b02804
torus.out0.04416.h5	bf517b3f2e0e01d7d9a74f179d846c4f
torus.out0.04417.h5	928d623ece9fbcb5bffe51aad1b7752f
torus.out0.04418.h5	e34b687a10574ebd2c730a38ac90353d
torus.out0.04419.h5	1c16272a2d302189b59ac8992201cc94
torus.out0.04420.h5	d199a09d417ed5532a449365eacaa812
torus.out0.04421.h5	4198a9533145e00174c5c0ad5d9b1502
torus.out0.04422.h5	7a5829772cf4cd2bf4687a2eb991f602
torus.out0.04423.h5	ebe9e5ecc993f4cf26e80bf54b7a80f2
torus.out0.04424.h5	952cde59670f5e39a548a163a56448c2
torus.out0.04425.h5	9bdcf64013d598f91ab807c0e3b6f638
torus.out0.04426.h5	bed3a6977e17a3aba81194648b6c412a
torus.out0.04427.h5	69e57344de23ca4ff77ec23cbf3e0ad2
torus.out0.04428.h5	43589e3a2c7ef5f138ecc2ffba92cfc5
torus.out0.04429.h5	94ab6d10af4f288e3bf59dc7392be549
torus.out0.04430.h5	82fe14267ac4d6885c747867ba402c2c
torus.out0.04431.h5	25ea15efec084b6a80df2638246a4aa6
torus.out0.04432.h5	6a2174dd41992258b0e10310dd308e48
torus.out0.04433.h5	2d673cd5623f1edfadf1ee5c9ec08e28
torus.out0.04434.h5	a51ae0fb67cd71087abdc798f66b0df4
torus.out0.04435.h5	53fa2be7a4d72201d87956c2cd5c4491
torus.out0.04436.h5	4b633543e1a715c8abbd2b9cec6c6421
torus.out0.04437.h5	4c5576e7ae0d90c28e2eb7bad59962df
torus.out0.04438.h5	162012f5b2684ba62c9b7335d6add8b8
torus.out0.04439.h5	30311d363863a60dd93a230630ed3b25
torus.out0.04440.h5	733b1c9ff69bbb19c2e5ee68782a3959
torus.out0.04441.h5	b10a8fc3ddb105cdfad32c234fbc1f41
torus.out0.04442.h5	64d90a62148283abce97a3d9aaa5bbac
torus.out0.04443.h5	86005607dfeadebb39327238f2eca07d
torus.out0.04444.h5	3bedf2a3167f1ff7317feea67c2874e4
torus.out0.04445.h5	a87a1dd4fc8d8ba609b1b1decd63c947
torus.out0.04446.h5	42a29be65fe2f91aa8b0e232a3371ecc
torus.out0.04447.h5	9822ae418012ae0b83b769190abda2c4
torus.out0.04448.h5	9accd01bb44bd2c220f450ebbd46413a
torus.out0.04449.h5	c3430b6992040a3175020716ad5bdd91
torus.out0.04450.h5	98709c0e4633cb2de8b9ff51e27485bf
torus.out0.04451.h5	32dbbd653ffc990d8afc57c794090170
torus.out0.04452.h5	dee8dbf5d14f03a641c3b6ec20479063
torus.out0.04453.h5	cc83ad4b3c57efac3c67f295d4c9f22a
torus.out0.04454.h5	72dfe644bde88ecf6222c500512dde78
torus.out0.04455.h5	4a88e0dfdea84708e3beedc0222ba63c
torus.out0.04456.h5	55c0f9f7a87415b9073c8d5e45a19e27
torus.out0.04457.h5	72f736f754e3734a09a8b6be10e1b841
torus.out0.04458.h5	16d54794df3be525f4694774f30e7ec6
torus.out0.04459.h5	2d8e3571a2d33d348d01e8efaec285e7
torus.out0.04460.h5	6a0229768e3c20d7eab6ed9da5b56022
torus.out0.04461.h5	6560e35b12c539c6050de328e791a41c
torus.out0.04462.h5	d638a5dfe2ebb177384926bdfa9a8038
torus.out0.04463.h5	96c5f0742a0eeb64cc2b5030fd86717d
torus.out0.04464.h5	bd7471a269a692086bdc3a9a34373459
torus.out0.04465.h5	5e125fed9876f52a5b1dab601dac0a6a
torus.out0.04466.h5	28a896c5feeaaedd4f64ff909880f7d9
torus.out0.04467.h5	cc12b939e42a5afeb8980870433d5492
torus.out0.04468.h5	36cc66595390db430b74dce1c2242671
torus.out0.04469.h5	53d1fa0402b17d1f7a90610eb4252cd5
torus.out0.04470.h5	1ede9e70fa1e221dc6a4e5bda3896e27
torus.out0.04471.h5	ce4084abbb46dec00204c9aab84be8a7
torus.out0.04472.h5	943ecaacc5bd1bf7ab82c5c8710bead5
torus.out0.04473.h5	63df71a3a31f8ffbefe0baf93a9dcaae
torus.out0.04474.h5	9bcceffc8ba848ffc77ab4ad800f2b80
torus.out0.04475.h5	23d40b82147736f9e6b870eb656a3621
torus.out0.04476.h5	967ebfb888c8d8cec8098863b68b5b4f
torus.out0.04477.h5	fb1b60de567c58fb58d83b73037e0463
torus.out0.04478.h5	bd2e673366d62c2b2c251e9e34b5a19f
torus.out0.04479.h5	90eb3e7066b2363497bbe9b996972aba
torus.out0.04480.h5	cf7e24cc2c1963b35cd25e02593b22ab
torus.out0.04481.h5	e21d96c324f0f8f4a97147c0b8072e6b
torus.out0.04482.h5	c042330ee52fa0762602d67202144b32
torus.out0.04483.h5	d845502c94c8a529b4b022b25271feb8
torus.out0.04484.h5	3571007516075fa9f4a1355edd124282
torus.out0.04485.h5	ab5bb34a8e4443161cf8a4a8612ab9da
torus.out0.04486.h5	7b8f29dcaf70d3a9f0e0af438760c7de
torus.out0.04487.h5	51d512aef51576b21c47665ee3c549ad
torus.out0.04488.h5	186a01bd6fd1e876048f9a42859b84fd
torus.out0.04489.h5	6aa674d96f0d9915d3ea247adc9cba66
torus.out0.04490.h5	047dca0a456873aae257d9014d55bf6a
torus.out0.04491.h5	851d46bc004e7ab4415da69f87b9bd7e
torus.out0.04492.h5	d109443ec0830ef7f266734d11fbe458
torus.out0.04493.h5	35b32ef8e373a261de23d1c73b5f5f4a
torus.out0.04494.h5	5c7200ca7d15681243899bb7259f71cd
torus.out0.04495.h5	49654cbae9c34da030eb4a6004babc53
torus.out0.04496.h5	da8a917b4a9fed12de655b042d0a3f80
torus.out0.04497.h5	51dedc3c249f9d35c88fc0dfcb8e0f48
torus.out0.04498.h5	bc6a978ed4c2be7756090f708b46d7f3
torus.out0.04499.h5	cbd409bf489502a1bd2e2416697faced
torus.out0.04500.h5	1521e90c2a76b28c8b0407ca54c5ef8e
torus.out0.04501.h5	9aa2ab4c7b345594a64a8f6312b75ab1
torus.out0.04502.h5	4f66b2e6a0e4637c4f8c3cd36a7cff20
torus.out0.04503.h5	5da7e8cce8c1ba9f9bbeb59fe014de13
torus.out0.04504.h5	d00e5ce1810aefd24ab8a26092941538
torus.out0.04505.h5	db65184f7db56b97991313a6b62d49ac
torus.out0.04506.h5	c96d531c4b3d32b4dfc4ca4f01d09abd
torus.out0.04507.h5	be2185cfe54544893da8af65050fa5e7
torus.out0.04508.h5	c97fd49b5d18be5674eeb80d7db6bec1
torus.out0.04509.h5	32c690e4a6c8f8f21320a97134f5d442
torus.out0.04510.h5	a4de629fb9189fd1c0fef11093c94852
torus.out0.04511.h5	fceb275e7fcd9e89e60831f9f7e7facc
torus.out0.04512.h5	fc8d658b662983e370dd4e0bd2e2841b
torus.out0.04513.h5	69284971cddc4eacf831a3da0928f9a2
torus.out0.04514.h5	c740989dda50a9c100332e5a0463a416
torus.out0.04515.h5	7e6a6936cb4d3a4d328f730576349014
torus.out0.04516.h5	c167785a0f83cdf49873622c53bf6f92
torus.out0.04517.h5	adf6214d5af6b28c1bde7d79e9b17b80
torus.out0.04518.h5	3577709f279f4549a7ba79b6e750804f
torus.out0.04519.h5	a78591e64fda4110c7dec359e6aed38c
torus.out0.04520.h5	7c9af0f2700e982d006b831f0bfeef2b
torus.out0.04521.h5	e1f565acb7ca4ed73d5255103d5b7e87
torus.out0.04522.h5	c82e180774a57fb2e845c1fb60a575b6
torus.out0.04523.h5	13326e2a441aae0f1a6d6d2ea6650f33
torus.out0.04524.h5	e84c33952ee1db44be367a67811c31c6
torus.out0.04525.h5	9d5f9d53a9a9332e5a2bf54d9796e8be
torus.out0.04526.h5	0e8b7466e27eb39ada487834cf36fa28
torus.out0.04527.h5	9c9248ca7520e2bd4c2f7adad4b70f67
torus.out0.04528.h5	dd3b784958d6cd0a6fd1d10282d06c1b
torus.out0.04529.h5	1287a57f44756bf0358672f96e3056b6
torus.out0.04530.h5	1d3c5825ca89ea9f6f9acae2c9fe81fe
torus.out0.04531.h5	f871378dd4b4878100e27f03981903a6
torus.out0.04532.h5	572ccd8e16f1dcdf858cb797d9052fb8
torus.out0.04533.h5	79351b7ecef8ca7adbfca63571bc6f7f
torus.out0.04534.h5	28fd226755952b55876381d3bd442422
torus.out0.04535.h5	5dfb58d1c94356a3f30dc1edbfa86229
torus.out0.04536.h5	3d70e4e974cf291284214a120081679e
torus.out0.04537.h5	6e5f69bc44760fe65868f6a36b3bd7b6
torus.out0.04538.h5	1d956619f80a4aa63e1520a9bf70ec4b
torus.out0.04539.h5	dc5435dfb2deb3d14f0341d60788ae98
torus.out0.04540.h5	c344fa71a2f50c1666e1a347c9b2747a
torus.out0.04541.h5	90393b63f8c07bf4a9bbe6136cd83294
torus.out0.04542.h5	34aa9c23b23e6a62ad527f9aef5d5c75
torus.out0.04543.h5	110c72b076a9659075e63e133053c342
torus.out0.04544.h5	12a4b465c6701e886a458c5bb8e86c9f
torus.out0.04545.h5	a63d83c7dadf6af73cea14f23674cf24
torus.out0.04546.h5	7cacef3f18d5f98340b56eff77449b2c
torus.out0.04547.h5	1f26eacd880ad851d715f1d7f2c42234
torus.out0.04548.h5	a773460e29fc42009faa685078bc5cd5
torus.out0.04549.h5	838b5cf900ca287010daf81f97d184ca
torus.out0.04550.h5	5223e559fc7a46cf9023dc9e02f2e783
torus.out0.04551.h5	366e8e97c2b4b0eedd98c734d19b8b2f
torus.out0.04552.h5	a41f1ed13d700af64ecb4f3b9377316d
torus.out0.04553.h5	7aac10ed9c8856142821a4b29e63f55f
torus.out0.04554.h5	927702b55ff112cab986756fa19957b6
torus.out0.04555.h5	f31275e261d20d9b290d068feec72ef2
torus.out0.04556.h5	e83b170686aad0fa460d726000c6a3c7
torus.out0.04557.h5	5e89db41343b75c6ccc7861fb8069163
torus.out0.04558.h5	643c8a599352979827edd09466e2d0aa
torus.out0.04559.h5	eb5a7dbc52fefbee77f9d9b465562e5d
torus.out0.04560.h5	a34911e1870f2400e43f254cb062da30
torus.out0.04561.h5	e589fc95eb84084001c0c0ecd39b249c
torus.out0.04562.h5	4cb7efc294db7f504754d83c20935445
torus.out0.04563.h5	4393cbb608c5e1608b65ac96547682bf
torus.out0.04564.h5	209ec225e48793e1cb81fb872f0dce14
torus.out0.04565.h5	0c0f0e1e79ac7c67a98ebdb61908d7bf
torus.out0.04566.h5	b8810d3254f5f31afbe36157cac63a59
torus.out0.04567.h5	64d63abea0e4bef656eb37da8b4d1418
torus.out0.04568.h5	d4a93e8e425397b349ea7f1987847e48
torus.out0.04569.h5	2b5cf814a0f98d8c1eb7fc885c0e5cb0
torus.out0.04570.h5	a574a38bf99c5c2e3d5e8eb8dd3ae051
torus.out0.04571.h5	e79394bedcf59bd90026a581fdfb747b
torus.out0.04572.h5	25eb3a834a7ca504ca77a5910d9316d9
torus.out0.04573.h5	7e7c6bbd44b2bdd4a12fc1a3854dc959
torus.out0.04574.h5	4c94ce3a86be6fc64d7c3619b873201a
torus.out0.04575.h5	891dce5e3c4a8af18e21b9be36fa5129
torus.out0.04576.h5	adc70979fa498f4b8e511cea3dc614e3
torus.out0.04577.h5	ba0e689dc5753dfe0b8ab7293cec641f
torus.out0.04578.h5	ccd0370ec4183086fdcb33cb9ae10415
torus.out0.04579.h5	482df5d6dd35417aa1705b987d3ee243
torus.out0.04580.h5	555ff160062c59ad95cc3b6a41c55824
torus.out0.04581.h5	fc0470ac14b57c04c1cabce67cf0c031
torus.out0.04582.h5	c6a9d024f0ba411de81f8b854373910c
torus.out0.04583.h5	8af4f160fea7ff1d24f5fe590b9882d6
torus.out0.04584.h5	58b0db51b6b4efd7e1a59754f346c676
torus.out0.04585.h5	d54550e01b43cf535a0230da85faa582
torus.out0.04586.h5	5573221a138ceb45eedd0b54ecad33bd
torus.out0.04587.h5	998f18e7f22b9d28c216ebfee82abd17
torus.out0.04588.h5	a11bf5700e854a31feef0a5584a049ac
torus.out0.04589.h5	d71d4857d054ee54ed0dd1d698a7d18e
torus.out0.04590.h5	10a15fd201c33f9af041e10771d425e0
torus.out0.04591.h5	f4318acd48c0de89524514727b6d81da
torus.out0.04592.h5	9ae9250edbc480590aa6f0016b7cea6d
torus.out0.04593.h5	8684b177e38110184820c60af9d2eaa4
torus.out0.04594.h5	f7ba3adb2d54cac70d6db4d486c27df6
torus.out0.04595.h5	0bbcf2708f5f8a3dd787a547b44fdaee
torus.out0.04596.h5	8fadf796206cdf4a94a1301da7f54e71
torus.out0.04597.h5	d38d245bb07037f23226d6db768f87b7
torus.out0.04598.h5	6f7b418ed5d589d67ee6fa4e18450574
torus.out0.04599.h5	8995095ebb185dccb37e14d785103a15
torus.out0.04600.h5	afdd0ca5288f2f9fb88742eac6af0076
torus.out0.04601.h5	73021ada5fc3535308bac7a7b4254fa6
torus.out0.04602.h5	1bacfde206aafff148287475a2ad4ad4
torus.out0.04603.h5	caee89527bf4ffff4b02aadc6ccba5d4
torus.out0.04604.h5	7c597c1b1b2624e36401c5a227455156
torus.out0.04605.h5	84cc9ca51cac80b5ba96d52982a98f61
torus.out0.04606.h5	a0b349b1b7465ac42f971abd3c9cf0f9
torus.out0.04607.h5	e5f8caef311cd0473ee0fa5a47a3852b
torus.out0.04608.h5	85cfcdbc94d89b2d266c618790d94951
torus.out0.04609.h5	ee5fdc3e9844844c4e9d8c396d3af80f
torus.out0.04610.h5	c469709034d7bf1a0acb27aff25cee37
torus.out0.04611.h5	9acd6d6440606876d846b7df28237052
torus.out0.04612.h5	727fcd283dc54a9a803fafb4fc601b18
torus.out0.04613.h5	a1d4e8cb33eb427c230169b5ff9c26a9
torus.out0.04614.h5	5a648556e36b7dd316738521aa29ad60
torus.out0.04615.h5	5e69ed04859123cbb7135103a5bf62ec
torus.out0.04616.h5	897b2b35639db763099daf080c776c7d
torus.out0.04617.h5	b242e764951bc9d65d72caf59761bed8
torus.out0.04618.h5	cf8ad37838a58a96e64984d77772ca1f
torus.out0.04619.h5	756604cb0a1c8159e23f4b6f44114b8a
torus.out0.04620.h5	efc37c46fce8d98e39ae0deaeecc1f8b
torus.out0.04621.h5	77686958bb3d37d570e5d4984b0420af
torus.out0.04622.h5	916600e0085cad415dd5b19807283935
torus.out0.04623.h5	c8539f30223423a959a00e9d870bf776
torus.out0.04624.h5	b0902bfe4f4833367bfd08f6f868b522
torus.out0.04625.h5	6965b37b94c6501bcbf159e2d1c7db2e
torus.out0.04626.h5	1f510472f8f78aa3a5cce05c32b45a12
torus.out0.04627.h5	b14efcdd71fd7b32ff5fb1d0146f717a
torus.out0.04628.h5	60bc45502e8f6fd8e4cc20e5d61f6d89
torus.out0.04629.h5	31bdc38bb175893f5585618472fa6b04
torus.out0.04630.h5	6b97b826871ebe6b4e1effd39798a24c
torus.out0.04631.h5	0400436b6102bc906b185b8018a4c213
torus.out0.04632.h5	edfec5567622049bb24d2ae43a1bd0ac
torus.out0.04633.h5	072e64a1063a7e1b2bf785d6d23bcc3e
torus.out0.04634.h5	148b6b8b78317ee23003c8d2d8e516c4
torus.out0.04635.h5	0a5b7b181c37cc6471901c21f8845210
torus.out0.04636.h5	f27fb3892da175f236b9cdab4a15ae2f
torus.out0.04637.h5	b7430bcc31a42338bbf20539cfd83111
torus.out0.04638.h5	838e38adf95fecdd69d0b6f6fc07adac
torus.out0.04639.h5	20baace21e106d5f09185e1eb973f0f1
torus.out0.04640.h5	d6a3bc629ed2879f28b95c10eaa5109e
torus.out0.04641.h5	17f6f91d505bf3fe9369d0c9bf68c8e9
torus.out0.04642.h5	d759467c1affd8a4165a500169ff6369
torus.out0.04643.h5	06e1aff5eb4d21d4f567de3c2fa7a28b
torus.out0.04644.h5	29ed9f6de77f7d6c8395e11d8c48fa52
torus.out0.04645.h5	c05139740836ce3c79a85aabd36a3580
torus.out0.04646.h5	94698d84cf85c0fe87a66454a64e0be8
torus.out0.04647.h5	4c03373b25c2355bbb18d6c15cc2d000
torus.out0.04648.h5	4c61203486722fe5042b7f44e41ade6a
torus.out0.04649.h5	a84d38650a97f2f66f8cc9e15c5b6052
torus.out0.04650.h5	c228d28e0bbd6ed4fe6b22b06a71df81
torus.out0.04651.h5	cb1e6d5ff04314f557d69067f472df68
torus.out0.04652.h5	1346cf2f96676a9b7024274e27f84129
torus.out0.04653.h5	d92983984fd9c29e1737c118deefecf0
torus.out0.04654.h5	e884b14fc6544af7fc1a5efe576a964a
torus.out0.04655.h5	74d66dcc4caee3e15646361e8f6232ca
torus.out0.04656.h5	7db817d384a0bd4e92055e1d86706bad
torus.out0.04657.h5	a553b6d89c4ba7ce5b81233d54386a92
torus.out0.04658.h5	58d2f4c55468cebe5e1a3df6f06482a0
torus.out0.04659.h5	a4f80a0886669304d65ee80fabfd0090
torus.out0.04660.h5	758198619069971659592422a2a327a8
torus.out0.04661.h5	0e618d22b32965e1d6b28e73cf410b72
torus.out0.04662.h5	b9f6a4d739c1ebb70811548a1457efad
torus.out0.04663.h5	979c45576fe774ed4f85194fa9bf3170
torus.out0.04664.h5	44bbf7eace09a02cd581bb8dda044514
torus.out0.04665.h5	177d2d8f0d2241c7f81886c606f93450
torus.out0.04666.h5	e0e17de9b364e2b00a4dca282a36038c
torus.out0.04667.h5	b667642ac345db7b2b893198bb5e1fba
torus.out0.04668.h5	fb95a18956ccab7113ae492d370c5705
torus.out0.04669.h5	47deb944d06059dffd8c6e05dd9dc42d
torus.out0.04670.h5	6404c2ea0d2e3c68b62248752f810627
torus.out0.04671.h5	1f33585d4123523dbeb01d2f8cd903f8
torus.out0.04672.h5	64bb7816f1b117e18377b5beb0c36130
torus.out0.04673.h5	e58b3409ff5bc1cefba05c491ef53939
torus.out0.04674.h5	9a6369f7a93ac5030980f9106289737b
torus.out0.04675.h5	1836ee2e27cf56bb8bcf6f640b35edb2
torus.out0.04676.h5	97a9aaa8d7bf86ede474c2a88b06c5e1
torus.out0.04677.h5	e7a496203f2d6d2203e7b7b007310419
torus.out0.04678.h5	5a693c42ff94ee3a538599670e63e526
torus.out0.04679.h5	990f4434c5cacbf2dce5828664e0385a
torus.out0.04680.h5	30dfdc48e08d48c30a3b69f02d705ec4
torus.out0.04681.h5	0c96e75dbf4116307788ff6046604554
torus.out0.04682.h5	c9f4e171ce0d4be87cefe4881d73452c
torus.out0.04683.h5	dcde7715d26575264039923be14e04ab
torus.out0.04684.h5	15ac90c00e3243dafeca3abf2b19df6d
torus.out0.04685.h5	b51b18a1f160064b8317547fccc7f0b8
torus.out0.04686.h5	d8d3ff2b734a7663f1b7f2880a6407d2
torus.out0.04687.h5	e1d94b613756c3d0a1c9b14bb740c606
torus.out0.04688.h5	a90d1ee3b470d46e4ed84dd0fa161e83
torus.out0.04689.h5	fcb83534178c51ef043d85df55a86a67
torus.out0.04690.h5	7a95c94ca476c313bb394be23fdb121f
torus.out0.04691.h5	1f29c645ab55c488d7fdcdcb17b2a5bd
torus.out0.04692.h5	f330d66e9e9cc6463109ba349daebd6a
torus.out0.04693.h5	a8a94928a78cd9d060716c358facaf15
torus.out0.04694.h5	0bad882d4ae3fd661c740a460696f1de
torus.out0.04695.h5	6bb3f961f9ea96ac5004e488d96c5a93
torus.out0.04696.h5	7794579592c1ab9aee4f45f9aadfbd60
torus.out0.04697.h5	a9568b112d1858aa669dfaaf16339b8e
torus.out0.04698.h5	3f37fec0bc06d3d1c190fb6dbf9e9a74
torus.out0.04699.h5	dc3194ee59d05282c7ab36bfca9515c2
torus.out0.04700.h5	477e3a5572a8410251eaa75d76c6c44f
torus.out0.04701.h5	5e4e46797a4e5fe684c94806c94f2bcc
torus.out0.04702.h5	65fe8ddcdc08bcc033f8316f6ed74c77
torus.out0.04703.h5	70efa7a3f0492ca8de088190a1e89781
torus.out0.04704.h5	cae66b274f803dac12cf27ed845aca7f
torus.out0.04705.h5	accce0389efc0b1aa26419eabe40953f
torus.out0.04706.h5	9dedf72556feace23333358059e9a7f6
torus.out0.04707.h5	de8bfbc4116d28f1068b8653ca0f2190
torus.out0.04708.h5	10fd55dcc81fc0a01ced9b24d76ea8cd
torus.out0.04709.h5	be8169ad7a0babebd3fb674edf7e7270
torus.out0.04710.h5	a1b5881cbf62a6910bdd6f58069879dc
torus.out0.04711.h5	92130414d5c3ede25a6afe09b053b7cb
torus.out0.04712.h5	f1ab37ca8b600fe6657abd11a3ad5cfc
torus.out0.04713.h5	4179b4b66e938db6a64b22bceec81be8
torus.out0.04714.h5	474d47d9535b0e45d13768402bfd103d
torus.out0.04715.h5	c043573bf1bba0819c31707b0a88fbd9
torus.out0.04716.h5	0b8f765c35dcc73fb70c52630afe235f
torus.out0.04717.h5	fc46a958ad251d6487b274a0b5598859
torus.out0.04718.h5	14c91d5da5899aac409c9bb7ef7df40b
torus.out0.04719.h5	ffa6f3ec800d285bfa9a3df5f20d2483
torus.out0.04720.h5	67a1966427d3d2a5794862306f177912
torus.out0.04721.h5	4aed479c5f46d5afc39a1a539c1511f9
torus.out0.04722.h5	452891b38ea115cf72b39328f60afefe
torus.out0.04723.h5	5a11d43b8dc59a0cc1ba815bd11b371d
torus.out0.04724.h5	140282e9c790c3f2ad84ffc45f56941d
torus.out0.04725.h5	3e68a246ca1c74440db3e3339670699e
torus.out0.04726.h5	0628d65bdbd547433049cc35797ced85
torus.out0.04727.h5	e0e0af520d0f8b9eb20b6d2d686ce0e5
torus.out0.04728.h5	054ddc781b1b3e0995eef7864d58a1d1
torus.out0.04729.h5	3ab8a70deca4fb58fdbb3c2f343c067b
torus.out0.04730.h5	0bfeaed2a7ae87a3daa0689a780557cf
torus.out0.04731.h5	9d56e0f485fa902f83049358790e1eb1
torus.out0.04732.h5	3f202ee2e1cda30e4b06b72041c2e9c7
torus.out0.04733.h5	b80dae38ed5da20f0701b4c01b21bf90
torus.out0.04734.h5	d1e446ae18062de186af289329011ef8
torus.out0.04735.h5	fd348e81530b7ff40ee5dd46b43a272d
torus.out0.04736.h5	71610bca3a7638f6bf38df0ae96b09ef
torus.out0.04737.h5	7061e3ce2cc6b3f09cf099e4e24b9a25
torus.out0.04738.h5	813584f8990e8de8abd0e3d6964cbfbd
torus.out0.04739.h5	24c02f222c2c0d8aafdaf602e263018a
torus.out0.04740.h5	64f317953f13835d30cbbdc0e4c27e02
torus.out0.04741.h5	cac2b269b970d74fb22198a4df6043d6
torus.out0.04742.h5	d958b59ae6cdfbcc99d557aadc2efa15
torus.out0.04743.h5	b33df0d5f016213db5a2dd50c1bb77ac
torus.out0.04744.h5	53ef21faa8cf7c308dc1889dfebe6cbd
torus.out0.04745.h5	1fb30a11c92ab0e117d73fb7ac26cd8f
torus.out0.04746.h5	8f05ac2953bf7e5dc458a8d4f5dc2f65
torus.out0.04747.h5	0e713f928b7bff8c981702142751ca8e
torus.out0.04748.h5	1883df4df1083d60440b6a24104904d1
torus.out0.04749.h5	d044d7e38a0fd8250a703e05a199bc17
torus.out0.04750.h5	addf87c9afa61e54d70a035707439aab
torus.out0.04751.h5	5f0ce785b094e8d099b13dadd15b045f
torus.out0.04752.h5	e3c5f94df8f1d982de835b4a29a01c85
torus.out0.04753.h5	4d828145a5c353336177032a191721fa
torus.out0.04754.h5	2564325158e56a3afd3d3d33412d30f7
torus.out0.04755.h5	10f82ac157dd5019b5b2054efefa1740
torus.out0.04756.h5	73698de66d8aa2918413391f647c8c7f
torus.out0.04757.h5	456e077ccf031dd9d27e19f670a1b189
torus.out0.04758.h5	5cd90df66c2c500c3b7a55f0c8752491
torus.out0.04759.h5	9ea55348b640c47cfafd13ff9a17378f
torus.out0.04760.h5	d4bc04f4842a5d5d3e0cf672475d4594
torus.out0.04761.h5	24fe947e361bf291c2bba4546633778e
torus.out0.04762.h5	03c94f087e2c1008056b494b51ce6137
torus.out0.04763.h5	9a712fc4f89af81ec812b70313ae6d31
torus.out0.04764.h5	6828a72757aa85d4f4bf3322c9f70880
torus.out0.04765.h5	c3af9cfce3900692f6e4d0d539c41c56
torus.out0.04766.h5	703fc656e1d4c681d7d5ebc252426b74
torus.out0.04767.h5	b660b650d68e24508e44f92f832475f4
torus.out0.04768.h5	0e144db967e6f5b61663fefdaac3bd75
torus.out0.04769.h5	3cb5df7f372b01d17b258ee343431463
torus.out0.04770.h5	660fba47748766254dc7cad44c894e48
torus.out0.04771.h5	c8caad18028207f3138917baf8d65826
torus.out0.04772.h5	a5473de2f00f05a2af856f4cd25e1844
torus.out0.04773.h5	eee0d7e18acfd83d7422d5e384634eae
torus.out0.04774.h5	d9b5a5e690c5c28bb9ea0f2df9ff4236
torus.out0.04775.h5	f448efa467d5d5a301fb4923ed7f498d
torus.out0.04776.h5	faad4290b7b05553e8abd6d4538b312a
torus.out0.04777.h5	41dd1009857e86f18cf6767d13e4d887
torus.out0.04778.h5	74ce20f3876006e92e31a8751bd914da
torus.out0.04779.h5	344d2eda0da7fa2fef3d529185e160e8
torus.out0.04780.h5	5dca2f9d05fc27b10049b0e48e9bce3e
torus.out0.04781.h5	14b3abdd04d0e0d067f50c623bbe8615
torus.out0.04782.h5	f556db38665ef02c883b5ad2508302ca
torus.out0.04783.h5	87c9b3828dc14db26b34894354cb6f24
torus.out0.04784.h5	3eb210812859562de7f6623cecc300b7
torus.out0.04785.h5	09e21548af63046503fd1f223a687ed8
torus.out0.04786.h5	d0941637d4128aa4b2af19e2158f9077
torus.out0.04787.h5	6d8bd70db7af9ebb4e5a76a7b7dcdda6
torus.out0.04788.h5	338ebf4467d739f3456aadb0760422ca
torus.out0.04789.h5	76a1bc05fbfd4c56fba6b790505ae84a
torus.out0.04790.h5	101d1562b2829e9dac65307a093657fd
torus.out0.04791.h5	a3fece426a75310009bb7cd4cdf9c27e
torus.out0.04792.h5	caa1472a02002d622464c3f537779c70
torus.out0.04793.h5	d31e7496c98a294e93a382528bda9301
torus.out0.04794.h5	b428b6ab9945437ec6a948a37312c5d9
torus.out0.04795.h5	e61bd44965f8212964d9f59e5a7540a9
torus.out0.04796.h5	caa8a4b0fa73dbcf1799c7d44227d082
torus.out0.04797.h5	6d2c7d349362a3dd72496da621857496
torus.out0.04798.h5	e58d70fe723cf97936570d11171d05d3
torus.out0.04799.h5	85860defa2bdc0f21175de31b88ee1d0
torus.out0.04800.h5	bfe6917c32d60382f7145bbd9de684f0
torus.out0.04801.h5	c1e483a1cead3f561c9fad8a609197c8
torus.out0.04802.h5	eedd3cb584121aedd2b5eb4c3c086958
torus.out0.04803.h5	abcb70878f6d591ef57c06934893ff33
torus.out0.04804.h5	7b4ab024308208772e1399f7dde31959
torus.out0.04805.h5	6f0b3c313ff25e2582ffe39d6a891ad5
torus.out0.04806.h5	91364eb8007fa41a387dccb014cf731e
torus.out0.04807.h5	affdff99676a43780414f119b3eeff5b
torus.out0.04808.h5	5ede8836ee485280fe39ceb652502035
torus.out0.04809.h5	1432d4ee88e67a814f324f4c963f8886
torus.out0.04810.h5	346707a6fd94c5296d2dda311857113c
torus.out0.04811.h5	497e1d01ed693f5838878a10f0aa1f89
torus.out0.04812.h5	fa4ddf706c3df49011f7ccdeecda1258
torus.out0.04813.h5	2b8383299dd5fefbb659cd9f1e2bbdcb
torus.out0.04814.h5	21494ef5595cf2af3b8f49b77ecdaa75
torus.out0.04815.h5	94f789e2d0e745dfbf69e687e9298396
torus.out0.04816.h5	fcb0823e1b781427d8e2c54b6c1f1b9d
torus.out0.04817.h5	99b26cb1ff2a5e2be8e4d414169fbebc
torus.out0.04818.h5	bd3494a3ab69b1d362b95fb14e68d01a
torus.out0.04819.h5	d8b79f598f1d37242182389da8b27544
torus.out0.04820.h5	6d1c7f7fa2929babcb501d938a3c14eb
torus.out0.04821.h5	c72c7b5d908a874cf76d116a1412155e
torus.out0.04822.h5	dc54da869df933505cb67d683a5bc12c
torus.out0.04823.h5	1f5e58ae355717e5755d7d3ce681487f
torus.out0.04824.h5	57f7c02e8f642016644471373b675452
torus.out0.04825.h5	c152f139528c140ebfb6d4d4de27467e
torus.out0.04826.h5	6376a3e7c7d13e09ddf5660a1d289d1b
torus.out0.04827.h5	251a359e1496d224878ddb86073680ff
torus.out0.04828.h5	19aa3fdb6a815fde6c12723d6d7bd417
torus.out0.04829.h5	1e5aa6969ad75d3460d317d29dc2e60c
torus.out0.04830.h5	dc2e3794fc31707581b14605cd56d418
torus.out0.04831.h5	97063d8a8033de51b053d4166d40f94a
torus.out0.04832.h5	de55def222536b9918eff735fd0c7859
torus.out0.04833.h5	a91a45ca4f1e3a08c48e29688056dbf7
torus.out0.04834.h5	fafe267809b1da8d6217073885dcf6a5
torus.out0.04835.h5	e2ea8190c00a6d9968be05f65d239552
torus.out0.04836.h5	a13c5cb572b81436785e34be523164b5
torus.out0.04837.h5	b9e5848d26769c457d8e18166065bb61
torus.out0.04838.h5	06148c334c8b5cc87c431681be8f3bc6
torus.out0.04839.h5	4790f64128a6a76b598c07322b9d6d86
torus.out0.04840.h5	6cd787fad4bf15ce4b714667c3d23aa6
torus.out0.04841.h5	3c096e7df90c1b42da688797574e1db7
torus.out0.04842.h5	680e98635c5122200bc403346effcbbd
torus.out0.04843.h5	d02f7b0341c8a6eb7f773c0f87f6961b
torus.out0.04844.h5	be37ee95df83acdf3a58ceae394c91c1
torus.out0.04845.h5	8e9e6fb3e34ddab794d30cef970a23f0
torus.out0.04846.h5	db5a57cd8673f583f3f3c9aa3661869a
torus.out0.04847.h5	71dd2a76bc176e6e51e3c1fa3b0842ed
torus.out0.04848.h5	58675fccc88ebc4d02d288d4c0b898b1
torus.out0.04849.h5	71e919becc167d9e88aca1fb45b66545
torus.out0.04850.h5	6b37b2dd0f641bebd8724d8face93d7f
torus.out0.04851.h5	c8274065380b91e72406e2a1d73ea181
torus.out0.04852.h5	1c3e048bd382a2e4225c0b4e32357b1c
torus.out0.04853.h5	f8988da39c526149a6dd9fe64e8c1298
torus.out0.04854.h5	da1e42be24a890338277292c79500b4c
torus.out0.04855.h5	650b6340941eaa6f1bbb8c0fa1e4f6ab
torus.out0.04856.h5	973a6eb763881a3a85114dfb40a57616
torus.out0.04857.h5	5983dc3b1440bb6b2f8a007b14a454b6
torus.out0.04858.h5	041e6d9a115cfd638afc9d4ede7a0381
torus.out0.04859.h5	936d6178eb17ee7c5a7459fcb0561d35
torus.out0.04860.h5	d72f033cd8f3db7e7780761bdca345d6
torus.out0.04861.h5	f71f2897fc4b171288363eaad7e7f4ce
torus.out0.04862.h5	e887aada43694528d0ae49e4aca59750
torus.out0.04863.h5	f381ee20f136b1fd9129eef2b9e9cabf
torus.out0.04864.h5	df39d54304fb867a8cca9e8e5d621d34
torus.out0.04865.h5	8413027eb6a4e7e05170b3fb4fc51add
torus.out0.04866.h5	d503176b5113d2bd2082176e3e37bf1c
torus.out0.04867.h5	49048ab4de98687fcb5db486556d82f0
torus.out0.04868.h5	4c515635f9f4685652084a30d0a8b671
torus.out0.04869.h5	49154ae8b3ad159807ef1cd587a5f632
torus.out0.04870.h5	f886a5e20aa557094b30679eeb90df58
torus.out0.04871.h5	e9a1e00b7c578fd18b62a7f8cc119d24
torus.out0.04872.h5	a2c8194a38fa7f536eaa3838efd1d780
torus.out0.04873.h5	f70f6d7b6d8d6e5ab7e038b6fc7b55c5
torus.out0.04874.h5	dd49f2461a2f3eec14b8f7b0569507a2
torus.out0.04875.h5	42c8163917290e0b82dfdc0c29d3cff3
torus.out0.04876.h5	e42731641de76fb038bc423ccdbf7e6f
torus.out0.04877.h5	57f15765e712b73c4ff706c9cb13a285
torus.out0.04878.h5	64a6207a15ac782886a8e92f6a99b76b
torus.out0.04879.h5	8b90534f3c7a960af74afc82f6364e2e
torus.out0.04880.h5	56cdfb9de2078bd80c804e9d7a38146d
torus.out0.04881.h5	9bc8c39f00008008e9d4a5cb6b435b21
torus.out0.04882.h5	2b74dd148955847572f57fc5c7e9f908
torus.out0.04883.h5	6f7d84edd8783bf9ed2d9aab523bb795
torus.out0.04884.h5	797effffdaad52f8104ac0ad5873061b
torus.out0.04885.h5	b810db4b44507baf9aa7b3863cb40b90
torus.out0.04886.h5	8696743a636abc285ac449ea7035d977
torus.out0.04887.h5	d3853a10700fe7b52d1c6c9f0afa51a9
torus.out0.04888.h5	915669ade36a414fc7f384756f2f11cb
torus.out0.04889.h5	ec6d8382c54be01bce5d3567b639b013
torus.out0.04890.h5	d9bced3e810b6d4714a563c819a823e4
torus.out0.04891.h5	116c4b16113fb8f6874902d4508cabf1
torus.out0.04892.h5	9f5a15957bb41dd1cdf5d446829ae262
torus.out0.04893.h5	62f8611dc1d55d20f6e6992051b6bbca
torus.out0.04894.h5	ae4026277608197d9576862d0a8b5463
torus.out0.04895.h5	5f645a8ecf0002c7463a694e3740acde
torus.out0.04896.h5	9e4bde6f4d410961ecf6a57d579d6c25
torus.out0.04897.h5	64c948e3071016fae4087c6c00fac5c3
torus.out0.04898.h5	ec2e5538dc775569da240be8559d581c
torus.out0.04899.h5	f406308c2a5c8ba4ab0e930cf336828c
torus.out0.04900.h5	5c4987d038e93d81e6380b804d12e5b3
torus.out0.04901.h5	e5c1872a51446f5f5bb8e6f57fd5a875
torus.out0.04902.h5	094e7ad2a890437d9bb92b46875c40d8
torus.out0.04903.h5	73922d5fd245905b0c86c1b7543ab925
torus.out0.04904.h5	58f9ad9be5fa7333ed747f6d6c1e4703
torus.out0.04905.h5	9ca349fb40d3cd61bd885ca4909fd55a
torus.out0.04906.h5	911fb30ebadce8e319cb7fbedb62c4cc
torus.out0.04907.h5	c0c5d880f134fe1be8cbe7311b077615
torus.out0.04908.h5	d65ff2f070fbe4c5c6e8d689c898e791
torus.out0.04909.h5	871448fb90f6073d565264c9cc5e8ed5
torus.out0.04910.h5	b5d4921cb39cf45983e342ec91ec2b2d
torus.out0.04911.h5	9c7a409b3a93c54ce16b1e30699d8610
torus.out0.04912.h5	c628850ac0bb8e680ad17b1dac88da9a
torus.out0.04913.h5	6042d5d2e48eddce9c66eb3137fa2507
torus.out0.04914.h5	11d02308c89361ba323b17951d2aba7e
torus.out0.04915.h5	d88be8d8f45e5b3b27ee84da8e2da035
torus.out0.04916.h5	d08bd3a155fa7a78848758fbc97abe29
torus.out0.04917.h5	6774fe6a99e79b057188a1757883a74c
torus.out0.04918.h5	0e2ce46328cdae827d820010b176c29a
torus.out0.04919.h5	3f351372b65de806ff4670f02f107bd4
torus.out0.04920.h5	7d6364b678d5b24b05b95742d6b05c7e
torus.out0.04921.h5	837c45f8499052f638f7774081ce1f47
torus.out0.04922.h5	86e78d54131e8705c138c3ce4731a832
torus.out0.04923.h5	847ba3a7593af9efc5a3305ce7868402
torus.out0.04924.h5	787bfa99a812694dc9ba9e6b36c30f3c
torus.out0.04925.h5	6967b77de39f90800342d3a6fa9969c7
torus.out0.04926.h5	7ba295d4a28cf99ed92d8ed9738b7fc9
torus.out0.04927.h5	d08cf7d70a187a2486884a176980b0cf
torus.out0.04928.h5	9be509ba003d0b118d4171873e1857ab
torus.out0.04929.h5	87c3b3176fc99b0d7aab5935b22404d8
torus.out0.04930.h5	a23453e42142e49df1cd581a2e3997e4
torus.out0.04931.h5	7e5aa2f13aad883946a7d1615e31c655
torus.out0.04932.h5	17079ba82e9761044f946c16a687ae44
torus.out0.04933.h5	d5efdc4c3e6c723425b2d6be6f969592
torus.out0.04934.h5	3d387bfd16d0fe8f1d300b11082cfe5b
torus.out0.04935.h5	151312af955981d3e5bf963738eb9db1
torus.out0.04936.h5	8a328edf27e6e8e1d9e4ebc11e6a8d3c
torus.out0.04937.h5	41f39505ebb4e1a54d4a39a8c6f96c0f
torus.out0.04938.h5	be9f74d4b3b6488979bb1f02891b951a
torus.out0.04939.h5	ce4a2a1b9e86e2aba7cd7beecf90daa0
torus.out0.04940.h5	ce5b555c3d273d59ccf8fda1d713a427
torus.out0.04941.h5	1a562383c92c918f70c6cbb5e0bb831a
torus.out0.04942.h5	8a4b1b2b16e23baa2213bf1bee936b85
torus.out0.04943.h5	7fdcb6923c603d40b6f8b1fd3502a872
torus.out0.04944.h5	d05393aa9fe51fa773dd85eccf90d546
torus.out0.04945.h5	e70282991a9b3ffd373939558bfb761f
torus.out0.04946.h5	dd313e7e5a7c6a50c5919b9549423b4d
torus.out0.04947.h5	193bf6d92678ff56e609711a076708f0
torus.out0.04948.h5	aa5d9ed5507ed9c77087e31c26d0b538
torus.out0.04949.h5	25a2a8d7e95208da127335d130c81f17
torus.out0.04950.h5	18bb78a5886d7fc2341cb5f2c2dabcc5
torus.out0.04951.h5	e9f193ce80023139e98e9a93c27f76ee
torus.out0.04952.h5	3bbd95d649cdc315c2fc943d65b94980
torus.out0.04953.h5	f09005d47f65fcdefe6a1877904463c1
torus.out0.04954.h5	2b2e5e6ab8f3f57f33a3272d60921a62
torus.out0.04955.h5	0fae97bd02c61e9f2c370deb365ab977
torus.out0.04956.h5	06333521763deb9ea8593bd0320775b8
torus.out0.04957.h5	0e1149c6c27872537c8a7fd93e18e894
torus.out0.04958.h5	ca099bf1d56a3a97af6934d29d56ffe2
torus.out0.04959.h5	afe52788cd75648a2fd7af8416d150fc
torus.out0.04960.h5	bf2ebc88b7283d90fcd973072d8b19d2
torus.out0.04961.h5	3d43b1990f028558c746bd4ea2b81def
torus.out0.04962.h5	429753f40e8a92464f4891934099fd9d
torus.out0.04963.h5	4a114271c5df574a0a657fbf7c4aefcf
torus.out0.04964.h5	21da93a8cd925f2485d5a14a174084c8
torus.out0.04965.h5	2f1e2847c32787547af9a3c2c15a1ac4
torus.out0.04966.h5	316fc34257547d06d995308284c7d9a8
torus.out0.04967.h5	fd362f236de476baf02426b3ef50d204
torus.out0.04968.h5	29dc04889c74979323d4a05b675a6c52
torus.out0.04969.h5	b0919889075c4c91cbc27367458f5a11
torus.out0.04970.h5	cba96a5eb809dea15140928f063469b0
torus.out0.04971.h5	1554e740f2cedfb9791edafda04db24f
torus.out0.04972.h5	b18a283710d8d2a4fece82129903e441
torus.out0.04973.h5	490a6e310392a642f76f87d3057a10f3
torus.out0.04974.h5	d6bede2786e769a8b9535cb7a0d58587
torus.out0.04975.h5	e5b61054b3c311d7ed6c70bb19f29e68
torus.out0.04976.h5	1fb536a8023d7dca64e23df581b534a1
torus.out0.04977.h5	135eefdaff7f75d5ee25444777aab483
torus.out0.04978.h5	57f8b9997537a533db555da3cf2c6b2c
torus.out0.04979.h5	053843ead18e2795475fb85f479c3027
torus.out0.04980.h5	5800144f2dbadffaf3487d93edae7eb3
torus.out0.04981.h5	186f9f5d8dc86122d44521a7412b43ca
torus.out0.04982.h5	01407d11fd7c8befbf3ce36ff533a6ad
torus.out0.04983.h5	33bf273e15292dc22b298b57700f1e53
torus.out0.04984.h5	b77d1e5062ab39bbd035de374e50cd48
torus.out0.04985.h5	ff3607eabab276ba094843e3ef64f1ba
torus.out0.04986.h5	78728be41171d6b3251cb3ac04c19d59
torus.out0.04987.h5	061d824efc1fd72f8222581c93b4e744
torus.out0.04988.h5	5783c838a1cc2db6ca98c55f9faf6510
torus.out0.04989.h5	a6e3c93a5921e280eec71bf13be048a8
torus.out0.04990.h5	3e7ad5e555b49ddf5d50f47e42a8ef22
torus.out0.04991.h5	f1cb255ab7b469dd95fab7f6f5467448
torus.out0.04992.h5	179da7f67571027fb8c12c1c44f66ec9
torus.out0.04993.h5	cfa5e52a0183e5cac67f3701adfc61c7
torus.out0.04994.h5	79a5568c6d374a6235cc46af49bd0d89
torus.out0.04995.h5	2f7a2f8c9777d24ece1d8e47f7dcdb25
torus.out0.04996.h5	67abc577264390288544c00f762adda3
torus.out0.04997.h5	119e9fd88414e780170754a6056662f7
torus.out0.04998.h5	6f56bd248ee998b0f477e5d0f41a8d56
torus.out0.04999.h5	b18932ee94e0b85c3190d8e12705ba81
