torus.out0.01000.h5	2f5037ead1965229e011534aeaf58b6b
torus.out0.01001.h5	dcb703a55e4dd96fc493308cd1b20fe6
torus.out0.01002.h5	85573f7e795c176c0e8befb227a377c1
torus.out0.01003.h5	0acc52df613c8906388f7c7474b97ad5
torus.out0.01004.h5	6beb29b3becbd3df414483248c2d2327
torus.out0.01005.h5	8a0ee46f6229df3a4d7d9073e3291c84
torus.out0.01006.h5	f3e1b204035f8012ae6ef3876d8daf63
torus.out0.01007.h5	33bda719c8a1cecb0cf7a9df883392c9
torus.out0.01008.h5	d23e9fa81b07360c8307607686d01e27
torus.out0.01009.h5	72e52550d50215b1d579d4424909e3e1
torus.out0.01010.h5	da36e63e89730ff1b8bb5bf3645a1c2d
torus.out0.01011.h5	714cd5ee167f0c8ff6c9a2b6fff9f355
torus.out0.01012.h5	ffa99ee620c79be544ad325cf980e802
torus.out0.01013.h5	dc117fafd8964def7ca6a1bae1bdda2e
torus.out0.01014.h5	7ede791eff53d5a8d504c49516a031bd
torus.out0.01015.h5	9eaf3ecdea1967eca1230e4c59aec051
torus.out0.01016.h5	f57e0ae24be395e1317d307be25b5e6c
torus.out0.01017.h5	857704e7a85e52257aa8d81a1f441f2c
torus.out0.01018.h5	eee9560c11b1bd8643a3da50f67b869f
torus.out0.01019.h5	48532b8219bbc0ad68c5ea64be90bb88
torus.out0.01020.h5	7413acfcf211735c53aea1b48e050680
torus.out0.01021.h5	953177c26f2a7103e5bc77c0171f69bc
torus.out0.01022.h5	423e4100faaf7b119495f12fef5bec49
torus.out0.01023.h5	b572c0acae74ffa11d407e360e2bdb38
torus.out0.01024.h5	ea52e261d6924079fd4fef559f32719f
torus.out0.01025.h5	08b78abe26cbe37f1776757578781be8
torus.out0.01026.h5	54829e88c88b9e054b29ecbb74443f05
torus.out0.01027.h5	8bca706a80833638683faabfbc867dc6
torus.out0.01028.h5	82f34d533e92626db87b26319df9294f
torus.out0.01029.h5	cc0fe026d2572fb0acc94989aa4571d8
torus.out0.01030.h5	8226adc4b93358e2d2fa2ac385738e5f
torus.out0.01031.h5	ce7cde392e8e937761973772cb6c53dc
torus.out0.01032.h5	83b3118efdc477cec07b7ce87d3b7f0b
torus.out0.01033.h5	aab8c62a3a79e5c918fe860aa18e5242
torus.out0.01034.h5	5f1349441980865eef6d6a6f18f65102
torus.out0.01035.h5	14a8563663d9711a201adeb2473ea32b
torus.out0.01036.h5	3bb5f652fbb65441e8efa1ec6b30485c
torus.out0.01037.h5	0befe3c961639f50c9dfa67c8733975e
torus.out0.01038.h5	f9c14020dc97c53e7d71e19687cf6295
torus.out0.01039.h5	3471629e42b25152575ee0d5be60eda7
torus.out0.01040.h5	84f143e442171098eba83bb7bd9b1d82
torus.out0.01041.h5	4983e51a1df5c39530f7aad458114d7c
torus.out0.01042.h5	dd6b6c5a1741a147d20e2e1096b31572
torus.out0.01043.h5	5c37a86eac939f5ddf8898f1f080df76
torus.out0.01044.h5	49301488bff7344c727ce44e06d35275
torus.out0.01045.h5	6e0a9b02548907a4c9b083ce0e7c7252
torus.out0.01046.h5	5226d0af7d55e481830f29269f21d3ad
torus.out0.01047.h5	aa829ca1bc4db18f6db86b5c502cbabb
torus.out0.01048.h5	1d59c970ec7beef5e45dd54c84d4e676
torus.out0.01049.h5	d3732005f0f054a95a5b580c37987ba6
torus.out0.01050.h5	adbe41fd6e50b7be9748f5481619c06c
torus.out0.01051.h5	ae590213b0b28555a72d7e47d4cad4b9
torus.out0.01052.h5	1eb65fbcd97481956b336aa2011f67b6
torus.out0.01053.h5	de20533399f8f8c4bab27a857e762d4e
torus.out0.01054.h5	9097456eb41c909f2dd5d9d46fccf59f
torus.out0.01055.h5	cc7459f3f7234cf8d7f5581abccedeeb
torus.out0.01056.h5	f8e39086294c6b5b158dabb91ae89f2e
torus.out0.01057.h5	293a131fd26ffdc29d8d3df0f8756daa
torus.out0.01058.h5	7c09a9b66c8310d605d9fdaa0da6a9a3
torus.out0.01059.h5	b242615682b1a06c8d4f89701d6b3b6e
torus.out0.01060.h5	51008a374543b1eb98188e4c1aac9263
torus.out0.01061.h5	eb19ffdea29b2e9840483bb87a5d109d
torus.out0.01062.h5	c9b0f13b711a1bdf36ee63680fdf2233
torus.out0.01063.h5	3674824aa9523b13fd66503637533df9
torus.out0.01064.h5	75ccf645296d5ad9054c0249877b167d
torus.out0.01065.h5	e8555f0931ac7a32ce763a5ecd69b82e
torus.out0.01066.h5	7f388c08a33bce760540cff3dffe457a
torus.out0.01067.h5	b75967e5e32b612f765669a9f98c5429
torus.out0.01068.h5	cf59ee7cb940afef90abce46e88becab
torus.out0.01069.h5	0ff1c586e7d37906ec62cb753033c166
torus.out0.01070.h5	cb590e6e099bd083fde47e6bd25f21ad
torus.out0.01071.h5	a52a2efd3ab8af05d120ca8f17a9e388
torus.out0.01072.h5	a6ad47a338a6c1a5f8ad75922ae31431
torus.out0.01073.h5	17282e468378090df0f7ef0b9b62f1c9
torus.out0.01074.h5	d838ef425c520b042bf1dd450a709845
torus.out0.01075.h5	0a399f2a71e4b01e5c4e0dce8b1518cf
torus.out0.01076.h5	a5660ce87a1106f0eb6de28de4290fb9
torus.out0.01077.h5	774ad6d4cf81daec36adfbe371665601
torus.out0.01078.h5	9410c2befd1b8c1f6f18c80fda24ae5b
torus.out0.01079.h5	d27b7d7b67a5b91dc3e3431bb8e8223d
torus.out0.01080.h5	946a6adb6efdc95a32645218e10a5f48
torus.out0.01081.h5	7fd0e579678e096cb63ff96d78011edf
torus.out0.01082.h5	cf820ba9202b176b1bbd758cbe9e8ca2
torus.out0.01083.h5	241607ce8a4c5d1bb0ede1bca1b21f13
torus.out0.01084.h5	4a13608e31e587266aeb956902660848
torus.out0.01085.h5	e424e08b6e5e3e1ddb9843f01ac2f970
torus.out0.01086.h5	b90e1b1b294ab504c1b471dca8fd30c6
torus.out0.01087.h5	a90431141580c1a8b42a5109fc7bd4aa
torus.out0.01088.h5	71608dd1495fcdbc16cf07f920870091
torus.out0.01089.h5	ca2a2c3522b47fa972f70f2d797c2a7d
torus.out0.01090.h5	e224f87010945d7a315745e68fd03969
torus.out0.01091.h5	af0fa8cd49ded7e5d92253842082851d
torus.out0.01092.h5	c03d7a8cbba5f0439047d716589a4546
torus.out0.01093.h5	5fdc82bddba70155ad453a8d0c200916
torus.out0.01094.h5	c7696475c9e302bd7294607961cf55fa
torus.out0.01095.h5	bcf3c647c7487798b2a9b839af6bb8be
torus.out0.01096.h5	1df07f6cd2d2915e0aad530fbda9b0ef
torus.out0.01097.h5	4a06241170717e33e7fdbcc1ef641083
torus.out0.01098.h5	bef863c305cfe7e80276de6ed58e8c8a
torus.out0.01099.h5	17eb6154f2e21cfe155cfde512512152
torus.out0.01100.h5	a38939917328ba481fe0b5b0329e1081
torus.out0.01101.h5	09aa24290efcceb47d1703325ed41a4c
torus.out0.01102.h5	12487a424e2b94374a45ee6cde6e0ddc
torus.out0.01103.h5	dc1c5fa999e417f07261f2ad970e1776
torus.out0.01104.h5	5f5ed897c9bbc775d58c44b401a8ef6b
torus.out0.01105.h5	480054faf5ceb93757ed2b8e1ac6f84c
torus.out0.01106.h5	fe0fbee4cd3c0a3abe5e52647ddcacc4
torus.out0.01107.h5	4fa6fe45c6629181c1df0c1eae2b0d18
torus.out0.01108.h5	83dbbb60a6679f9ac5622d14dc003aa6
torus.out0.01109.h5	7b46a2ab9ed5c89660ee563336de57dc
torus.out0.01110.h5	613c06c4e575a96a9db3ba97062e6b8f
torus.out0.01111.h5	0746ed13f5fb3af5e40c258e5e427a18
torus.out0.01112.h5	33447658c2cf6eaed007a6974e5feab7
torus.out0.01113.h5	0796499ae734084b2a1386c022bf0af7
torus.out0.01114.h5	d89842ff964731093ebc7833245ff9c3
torus.out0.01115.h5	d10cd0c47cbf3662056207a07808b1ed
torus.out0.01116.h5	e92d356f29af5ab661cee62e1e299583
torus.out0.01117.h5	70dd3060a891da2e00faf371070b5bb1
torus.out0.01118.h5	fdbc4200f07cee957a526371049bbd3e
torus.out0.01119.h5	63dbdfb64e39d1a3fa0302038758d203
torus.out0.01120.h5	7550eda73657c072f6e4564d442cb13b
torus.out0.01121.h5	7eeb913d2b8a3cdbab5850bd7730bbb7
torus.out0.01122.h5	33103594ab05460867cf89ae26ce906d
torus.out0.01123.h5	53dab01e1ab6ffdf6ed8662b18aa2c8f
torus.out0.01124.h5	c83923d34d30f24d1db6e6699c0a0987
torus.out0.01125.h5	f297fde79041a9f4e4dfbd6944e89347
torus.out0.01126.h5	40158797c23acad7c43847ee9e4ff29e
torus.out0.01127.h5	06bc240cf77a455215a9f5c07542a659
torus.out0.01128.h5	1987439dad9422a1e708d95a16d42fc1
torus.out0.01129.h5	e10cd8792fff1b7d5cca6b37effad23a
torus.out0.01130.h5	afc3c43429f34c188d0f980a43bf52c0
torus.out0.01131.h5	cc2fb074a3710b99811bb158f38fbbbd
torus.out0.01132.h5	8221db45d96c48d4e3533a6f0d504afe
torus.out0.01133.h5	bafd55157f0b71397d054404591d716e
torus.out0.01134.h5	10f794d418166709efc15ff8da43631d
torus.out0.01135.h5	f6a2c531d977508d5856f18d42127e17
torus.out0.01136.h5	cb72594a3ee454f572563e54fd043dd7
torus.out0.01137.h5	bb9aa29a3b4c713a981e4051027991bb
torus.out0.01138.h5	8e05f20836f76eda4cf4c73c85d207a5
torus.out0.01139.h5	7ca2fe8cf74428580df9458bb013a33c
torus.out0.01140.h5	e3345487d7c120cbb86531687e583710
torus.out0.01141.h5	62cb262a50184e8449931d132cc9a97d
torus.out0.01142.h5	577e740337d354084b77049f5687e8f8
torus.out0.01143.h5	3ecc53b4d71a800da24af8dc3cb5ff10
torus.out0.01144.h5	10859c26ff5f6fa15cfc895f1dcd41e0
torus.out0.01145.h5	2f8e7e21ac1c661e090f87619b017f90
torus.out0.01146.h5	4e57d5b0563fb89e72954b5784272fa3
torus.out0.01147.h5	87ad0ccc782ab7151bf7fda7461259e4
torus.out0.01148.h5	d71264f21528110aaa4dd3bf6e33c325
torus.out0.01149.h5	a9201ee716a7df2fcfc0168411d6d023
torus.out0.01150.h5	55856c8d92f578a5627839c3c5c2eb08
torus.out0.01151.h5	6131c161e5a33b74d922c4c6427fc6c7
torus.out0.01152.h5	d1bf0d55523b0ea3e9d48dd2715ed0ae
torus.out0.01153.h5	c96db30213ed299c3e8b47a34d1794a9
torus.out0.01154.h5	ed3530f3f8b7265b8277121946543a0e
torus.out0.01155.h5	410b1cb5785d2a297857b96fca6fce2a
torus.out0.01156.h5	2f4ea71090b563670464f4d92ad78e83
torus.out0.01157.h5	c9ed96edf1cf76121554a50471a7a231
torus.out0.01158.h5	b7ad600ed0e1619db2e1d06b1104fa47
torus.out0.01159.h5	9a08a055b3661295151ff8bcf8902828
torus.out0.01160.h5	e7c8c81443be45e687dd46b833ab77b6
torus.out0.01161.h5	2165a565870ce700257a057a9122f095
torus.out0.01162.h5	736c94a2db2e88ba8dc4a232a91824b1
torus.out0.01163.h5	31571bff052449d1b47995adb4a63c5e
torus.out0.01164.h5	46d7ed06bef57203292ee166d63d562d
torus.out0.01165.h5	0ac3f496549022701e9a4e14128fbafd
torus.out0.01166.h5	4c9025883a3e59aa6621288dfb1463cf
torus.out0.01167.h5	fb32bb87adbde087ca48a63a8b51db48
torus.out0.01168.h5	711a416174ca51cae2074c649c45780f
torus.out0.01169.h5	93760fd5a9e179873f47c557879f3093
torus.out0.01170.h5	368bc0ff1bb4aa8737668dd7f5698b69
torus.out0.01171.h5	3c8925e6b25013dfbc63f2a5c3f39180
torus.out0.01172.h5	d5e3937202223cfd4c629add84331bd0
torus.out0.01173.h5	e948a3501dc65fbdc1fe04494fb71b3b
torus.out0.01174.h5	737b65cc8f2bd55a5032cff573816e56
torus.out0.01175.h5	bf99b5a2bfc1a1d9599a174de2e3469e
torus.out0.01176.h5	885aad4d2a8c54935b403a0635d28e9b
torus.out0.01177.h5	863c6b4f4a59ab898a07858295acffcf
torus.out0.01178.h5	0a7b2cfe19efa797ba8217bf9a7cbaa3
torus.out0.01179.h5	db3babd11cc307edde62f0014f215313
torus.out0.01180.h5	62ac69847bbe42e102d29383fdad94d5
torus.out0.01181.h5	993ea4afc889061b9c7c506987d085ba
torus.out0.01182.h5	7dd9269d9dc81cbe18a8f8e612be51cc
torus.out0.01183.h5	fb6c07dacdb02d6e3ba1900d78a62697
torus.out0.01184.h5	e1ebafeb41393ef3b431b096426a4737
torus.out0.01185.h5	c7de598b178dcbcd046aec5431e18591
torus.out0.01186.h5	c82c856f2d337149f560a520835001d6
torus.out0.01187.h5	6092befa074422e471fcbf9af3f50d6a
torus.out0.01188.h5	30e29c944bdb7a589867faa710a5b95f
torus.out0.01189.h5	0c573d836b8ec86ebdb898b4747e514a
torus.out0.01190.h5	51d5fa89073deca1d89074a13ed56287
torus.out0.01191.h5	012ac9ff651c6d4543dbd81a14e4fd8c
torus.out0.01192.h5	97b620c9060017c7b2edd408291f9200
torus.out0.01193.h5	eb8c35b41255df2c463b85a34c58b626
torus.out0.01194.h5	4ea705fca2b565342376d36ea1d14852
torus.out0.01195.h5	dd5bbd5fec31bb1d8ed90760c17e459e
torus.out0.01196.h5	132fc3030325304f1b6fd38e058e9eb9
torus.out0.01197.h5	5f430ea4d8aa9105c8a585d00c0e95ce
torus.out0.01198.h5	50a02ee646926f4f31720d6545c7f79a
torus.out0.01199.h5	4696a5dd25576d0d60539c6e10a9c2d4
torus.out0.01200.h5	cc5d9096961acbe7dd410e0da4e0f2f6
torus.out0.01201.h5	637f2ca4b92094d541169e00413a5034
torus.out0.01202.h5	0c8b61d98a66dfc371059b18c93e3c71
torus.out0.01203.h5	73c45f5bc1706599a967aaf75f505f11
torus.out0.01204.h5	e822b11b5c96d873edd942ccb0a0c247
torus.out0.01205.h5	fb6ca6b85a749b166009182f247621a2
torus.out0.01206.h5	412684d2172484050502ecc626d1dbe2
torus.out0.01207.h5	e6e562c6c70e5789db923a48964131aa
torus.out0.01208.h5	fb4b08a3fa3f6057567e117687e0f6d0
torus.out0.01209.h5	ddd2bb780127bab5d77d5f1667883aee
torus.out0.01210.h5	421b03e147f2bc0c5b3de8dc31368f01
torus.out0.01211.h5	75072c277e5a5d06673a1ec9a79b9e7e
torus.out0.01212.h5	39b6afa224a934769c3d5a9fc8280220
torus.out0.01213.h5	8aaafd9b8044232b4277911a67659646
torus.out0.01214.h5	c570eb582d8d0e1d0d226a002c290cb2
torus.out0.01215.h5	787261e5830ef62f7a026823b76f2828
torus.out0.01216.h5	3190ebc5b714c6cc071be69ca3394ebd
torus.out0.01217.h5	1a3bfcea1e3a98f5461a58ee28f90494
torus.out0.01218.h5	d577f77447c4efe1bcf7e380cf892327
torus.out0.01219.h5	98c7bfc5933fbf71cb172faf7bd4d252
torus.out0.01220.h5	057c560319c45656692a1e282612b650
torus.out0.01221.h5	25ea303a5668f729194f0109aa7cbcf6
torus.out0.01222.h5	c56f14e6789e2d1893e0343ace1180bb
torus.out0.01223.h5	1876d05dcec17b5438a16f1681bc3b3a
torus.out0.01224.h5	de1f4d311b3f6bf371f7ebdd690521a4
torus.out0.01225.h5	9de6a17739c46535a3a95ecb94f5d1f1
torus.out0.01226.h5	1e9cae27db2efbd51fd6cc38756c58e2
torus.out0.01227.h5	8ce13a07080f41eaa8587a14d2c67488
torus.out0.01228.h5	23633ec4e9b6bb117adfdc9cc7d2b5aa
torus.out0.01229.h5	b9c5507f6ff3bc34ba838e5f4b90a3f5
torus.out0.01230.h5	4d34cac7d59b5962d4d84fc281d44674
torus.out0.01231.h5	59ce1fe19c22942f00e5624d0d9085c9
torus.out0.01232.h5	011cf8eec5fc85db74a27bcfc27fca98
torus.out0.01233.h5	8a9a94ce809d23fc750067b5df86ddf7
torus.out0.01234.h5	c81586cb1aeac355f82a27ccbacefb9a
torus.out0.01235.h5	2723130e000af4e34d2517eb22271f01
torus.out0.01236.h5	9ad543db87d0d09a23c457bf3135f2c1
torus.out0.01237.h5	a0664d483aeffa9b86df1d8c7039f127
torus.out0.01238.h5	bbc25f98bbff6a98922f6fce128da276
torus.out0.01239.h5	98837fd5535ed2d161bd617083e70ae9
torus.out0.01240.h5	5a586c5c44ff021e84abd117a53aa668
torus.out0.01241.h5	be616bffb6e78240f3d8d4ff217c2147
torus.out0.01242.h5	058342590b0980a82ee60d7464ef08cc
torus.out0.01243.h5	a3503981324eddc09c854ba51b97d59a
torus.out0.01244.h5	20f7be1de95fb11713c0c22fddcd3afb
torus.out0.01245.h5	e11befe6a1f2287e7a01fbc45443b5da
torus.out0.01246.h5	7e76249c96379084c44d40d5929bc63e
torus.out0.01247.h5	f42e5a15aa2eccd496069aae297fcc5a
torus.out0.01248.h5	e5d810bbce9c0737437cf285348fa4aa
torus.out0.01249.h5	005f7df551cd539bd1bba256fd1464cf
torus.out0.01250.h5	7cb78cab404a46cae22b8b4eb65e794e
torus.out0.01251.h5	36a3375f08852abd2076f69822c6d674
torus.out0.01252.h5	238dcac03ddf75a8b627a3a78f361a6b
torus.out0.01253.h5	ee80a250ca029be9bddf23b64a9ee336
torus.out0.01254.h5	e58fd2575e2a97822fff31d4a5c577f7
torus.out0.01255.h5	50778088a4e5e7862b73c2764f86f5d1
torus.out0.01256.h5	4cbeef970e20a51feefb19be1f339edc
torus.out0.01257.h5	7a518cf9095a94b15f8152aa83f77fe0
torus.out0.01258.h5	55623fa2cb35e6ccda14e025ff6fa9a8
torus.out0.01259.h5	c5405b817989bbd764c964c328f565ad
torus.out0.01260.h5	148bb4425fcdd40e8d3427f67c0d7be7
torus.out0.01261.h5	347b5b7b71dfb79ceaf857c484481f89
torus.out0.01262.h5	611b6914332c64e133d733485ad676e8
torus.out0.01263.h5	0bd0ab0a3c131a92e1beeaf580a78f0d
torus.out0.01264.h5	21bd517da3671d37db4d1a04de499a28
torus.out0.01265.h5	a7bdf96e0cb415089f469b2ea74b0fc9
torus.out0.01266.h5	fd6032e6edce89cd305039c3e0950c35
torus.out0.01267.h5	02f8d15ca1d76415d938c15eb5ce80a6
torus.out0.01268.h5	e18c8cfb15a69066f5d2f3000e5ee630
torus.out0.01269.h5	28ec3c00e140983a6789354274531924
torus.out0.01270.h5	153b223e4afa822a7e5c7f28603af57d
torus.out0.01271.h5	da71a8688e5c454415532485fc1b3953
torus.out0.01272.h5	ba9aa517e75b2f0116d479d1592b91a6
torus.out0.01273.h5	39c5c0e36adba8f9a1222b09f0045eaa
torus.out0.01274.h5	33eb2e12d6584694fb20e7dfc4b19594
torus.out0.01275.h5	4ddba050c66ce830410b8da669af3ff4
torus.out0.01276.h5	7e071482f30aa16e140b8159934bb7cd
torus.out0.01277.h5	23a44cde36720668b652117a3f67765f
torus.out0.01278.h5	d1b0a05180d46dcd13cfabd4dc0167fb
torus.out0.01279.h5	02e5b70617ac92b658ce28aa84d2ac14
torus.out0.01280.h5	2ba5f0bef08d3bc5585082bc071e9663
torus.out0.01281.h5	ebac97fb418b70e04e456ddf4ade1315
torus.out0.01282.h5	f1df8599a48bcf93e73e14215553216d
torus.out0.01283.h5	56158880263f3419ebae5b003f86828c
torus.out0.01284.h5	ce4e49ab8705b8b67135fa08dd138918
torus.out0.01285.h5	30276288d38ce411924f59b200ca94fb
torus.out0.01286.h5	dbc5c564b45ce9390ce432ad4bf1713b
torus.out0.01287.h5	c64f92552611f4f54026d903a98ce3a0
torus.out0.01288.h5	f3368815368ccc8f2b36e0a2b0899a10
torus.out0.01289.h5	21b455c92b73388845e7fe6d5dc7ff31
torus.out0.01290.h5	cd1f6bde03129964353caa985388b36a
torus.out0.01291.h5	c898e89a1e8c7cd62e7e1d7539e4a4c2
torus.out0.01292.h5	f3f1f72de7c98daac943bdb1ad2e823b
torus.out0.01293.h5	16c5797b8a0d464dd7c546967286a367
torus.out0.01294.h5	dcd965010c3aabf344d6704cde4dca8a
torus.out0.01295.h5	fd2e6b08449930018a48faaa90df00b4
torus.out0.01296.h5	963d1af4a255bcbb1d34eb39e217b6ea
torus.out0.01297.h5	718229b56c9f17b80ee7bdfbd285bdda
torus.out0.01298.h5	6e17dfbd87872aede73b2a31742cb9b0
torus.out0.01299.h5	c787addf03c0d5559f1b39939b3ec41d
torus.out0.01300.h5	25dcbd57f52ef174ad18ffe60c9e4cc1
torus.out0.01301.h5	c331f8d06429c2c939d5563e34b79f2d
torus.out0.01302.h5	c6c3922023dbea5eb3d4e7b1e99fc854
torus.out0.01303.h5	b9cbee1b56f7c99eb01d339f11511c3c
torus.out0.01304.h5	8fb2451593f81a5c51b064ffda3356fd
torus.out0.01305.h5	c6aa632657149edc93712429c467ca78
torus.out0.01306.h5	734630cce56f891980683471c06b7607
torus.out0.01307.h5	715787180c018248ec54cc89858caf7e
torus.out0.01308.h5	23a0f3fb29075c3e5e0f06e4799595a1
torus.out0.01309.h5	5c3677b5a80222b5c674e1d20df362dd
torus.out0.01310.h5	442d6f305221995e05576fdaa1a78291
torus.out0.01311.h5	dcae33c98fa814eed89e1b9b87336afd
torus.out0.01312.h5	befbe23771d88de82a41eec163efeee3
torus.out0.01313.h5	2b263ecfc5fb407725a33c4b673b3085
torus.out0.01314.h5	99f3a7149fdc5f06f3acb78ef0e7bd59
torus.out0.01315.h5	fd8f309bd76636ac4ddd3e678df225ff
torus.out0.01316.h5	5bd2d19af77141da6f3bd62ded13f8c7
torus.out0.01317.h5	69a0cda21c8f6f5d7cc7c48df9bb353d
torus.out0.01318.h5	fab061a53ff950ee8b4e6cb72352306d
torus.out0.01319.h5	9523ff2feb8bc176748bd753d67642f3
torus.out0.01320.h5	eb178d2cdc831404172242c784c205c2
torus.out0.01321.h5	65439456c7e39bad74f1f8374c026064
torus.out0.01322.h5	2d1bdfaca2ee42dee61ec9ac167647d2
torus.out0.01323.h5	32fa9e8d4b64fc7dd40351b5bc7bf030
torus.out0.01324.h5	37323a7456f169c39038b3b66a3d10bd
torus.out0.01325.h5	a52e1a2b13c86856b57d818f5e1e6fa4
torus.out0.01326.h5	922190111e23b00c6c6dbb167851d363
torus.out0.01327.h5	0eaf95a07d687236cba99fd4d563a208
torus.out0.01328.h5	07193b2cd508fcd626e4bb3202d0327f
torus.out0.01329.h5	c1b0852c0863c47eae1177653a626069
torus.out0.01330.h5	a5a9cb34ec6aac34b77a3fbfdde38b99
torus.out0.01331.h5	f656afdeb9b2cabb6a368f3f23e43ed2
torus.out0.01332.h5	2d7c6cf46f8eac9c0bb43048e572c546
torus.out0.01333.h5	0e1fb371c7c9296085eac8804f9fd2f2
torus.out0.01334.h5	75a3d4d8362492eeed84f39be071132d
torus.out0.01335.h5	9777619c449063baa06b3e35bed15e13
torus.out0.01336.h5	4a7c6e78ff895c2f93777d813e82853f
torus.out0.01337.h5	10d8fd7d8b5be546a17157c00c5b0783
torus.out0.01338.h5	58156494ba4590011045af83c11a1790
torus.out0.01339.h5	ad6338aff61f816c59b5dc6c4b7d421c
torus.out0.01340.h5	fc44962efa3553084a6d5a37e8b2c572
torus.out0.01341.h5	27e2db46f6e957f0108554e60f94955f
torus.out0.01342.h5	71f796214ae2f4bc110d3a71e3bed7ea
torus.out0.01343.h5	f22e2113165460dc373a66bc07d938b0
torus.out0.01344.h5	a9658afa9b8864c651064c083b3f90e2
torus.out0.01345.h5	eea532123486fc5591eaed36ebfae844
torus.out0.01346.h5	71ba220476b1ba5a1d967dac251c8fd4
torus.out0.01347.h5	4bfa587426a8ded8122212260d2a7a35
torus.out0.01348.h5	b96c0f460e732a525af5046211a482f4
torus.out0.01349.h5	f5e1a5c0d38567a0eb52bfcefcc52cb4
torus.out0.01350.h5	0d90107005b716e8fed244917b90eedc
torus.out0.01351.h5	b91ba27e7a6a5ff6b6f0ae2af97515e2
torus.out0.01352.h5	3935404bd41dfc39ca43d5424df2a32a
torus.out0.01353.h5	97234a361727bb421e2ebdf20be7bd5e
torus.out0.01354.h5	f4ecbecc60fda8601ee5815f785a60ab
torus.out0.01355.h5	04bb1808f035596b5a742d98f976858b
torus.out0.01356.h5	b5ef3ede7b69cffb442b97f4f8b32d79
torus.out0.01357.h5	955976a4da11f436053617985b1d796c
torus.out0.01358.h5	1c6f8c675713d7ef06df3a9d742164b3
torus.out0.01359.h5	72c52338b13ce76e5a17e5f06aae2a56
torus.out0.01360.h5	8a16980eca0161b363df5510d070d272
torus.out0.01361.h5	722341a021fef30ed90a33db077aa552
torus.out0.01362.h5	7184be80b57664aacc5c54d2a50028d9
torus.out0.01363.h5	95ce442a347abb46746a029bcc9fc26d
torus.out0.01364.h5	819ad5cfd53988d209eb906059989706
torus.out0.01365.h5	99a73eca6f3690e794fdf1525336203b
torus.out0.01366.h5	afd552d9c05d68077e1514cd641f8d09
torus.out0.01367.h5	1e9b1bbf32fcf87598b353633aa7ae00
torus.out0.01368.h5	6229724714610f945c4fdebbbd4b113e
torus.out0.01369.h5	daeff33c6f2a881a486256dbaf59a186
torus.out0.01370.h5	aa1cfed73ae70adaba6c0192109cde35
torus.out0.01371.h5	3928f2b2d881b357dd68474a82db8527
torus.out0.01372.h5	d99a32662b6bd8a86460e480ac163a6c
torus.out0.01373.h5	485e3adf0b27dc1fc38439dd1cfd83dc
torus.out0.01374.h5	d4d1267132deda1e14dc8eb27913acac
torus.out0.01375.h5	b965faa7443133c8b13d72c90b4925db
torus.out0.01376.h5	cd90dd3061712c5ad43edfbcf937c808
torus.out0.01377.h5	75ccf70503852cd887fe09f8746983f3
torus.out0.01378.h5	53c53b5c5f76683fd763f63bf0775fab
torus.out0.01379.h5	2b20591b1f5d2fc8d2a7d0f53261c199
torus.out0.01380.h5	b1fc95c8ec8f71280d6a851c31c33986
torus.out0.01381.h5	696992f1d71db427c1f2ccb0930d47aa
torus.out0.01382.h5	9d5a0a0dfb3e692b66bee35514197284
torus.out0.01383.h5	73286690badff7f521872ed069c22245
torus.out0.01384.h5	5381d8ddd0192c675f49d059b6853e1c
torus.out0.01385.h5	596d56de93a1ddbf9fdcb2773fbcf0a7
torus.out0.01386.h5	9230ab1668bb5040e78f84174609c59d
torus.out0.01387.h5	2ae47d15cb68bc3ff94d9bdf613083ae
torus.out0.01388.h5	ef847168ca6c033ea496035383124b7b
torus.out0.01389.h5	509b569fa2ecf5fface774c60a66b419
torus.out0.01390.h5	3d89abe85d2adf8887bd126f6f53a52d
torus.out0.01391.h5	62b9eaadc92a15184b208e1010b0ccd2
torus.out0.01392.h5	0a16e77fc3b65a55a1d508400724adc3
torus.out0.01393.h5	64f923b1832b8ef867674b11d8697704
torus.out0.01394.h5	0e7d8377066e8b4a1b6303e7e727dcf6
torus.out0.01395.h5	96fd2878fd3041d8047455fb4f9af194
torus.out0.01396.h5	2a6befa9ba9b4a9301018fd82b68c3be
torus.out0.01397.h5	5a40be942ec120b2f5cf923da8329010
torus.out0.01398.h5	610170aa966ac4986b18b93cc0ff6e57
torus.out0.01399.h5	dc3520d118ae5b220e849f8560289992
torus.out0.01400.h5	41023026fb7cacdee1a87ae1e66ad6a6
torus.out0.01401.h5	ab3818928f56f071a206b50276b3713f
torus.out0.01402.h5	c8fa3a05631f964abdf8c6b773a6a429
torus.out0.01403.h5	8c7b1609889f0d64b607b1385ae7314a
torus.out0.01404.h5	b60d29d23f6598fd89a857dbf4136103
torus.out0.01405.h5	d3a0523701617f627c42019ba76d613e
torus.out0.01406.h5	88755f0d5bf2f6af05cf09997fe32089
torus.out0.01407.h5	1582e0f5f560ac507440a73303e1e4e0
torus.out0.01408.h5	4bc606f21e50dcd7c90aeded6f857c5d
torus.out0.01409.h5	47228017e2c5509d885eac6a94831909
torus.out0.01410.h5	de64717b5817a8b1698da33f1db99371
torus.out0.01411.h5	26e68d7f891bf1fc802e4a7d4bb4acc6
torus.out0.01412.h5	c14bfbb5ac70b5f7eb761571bb282571
torus.out0.01413.h5	b1cd89879914dcb142126457150c773f
torus.out0.01414.h5	0228dd78f74dcb0f24ba8a016e39e3fa
torus.out0.01415.h5	97f153f77502cd35512150c3116e2c42
torus.out0.01416.h5	a489a22035a35cfd3156e5fb00dce968
torus.out0.01417.h5	5621391b8016cdfdebcdb3ad36e48c11
torus.out0.01418.h5	c55db12461884ca4bc77841c125caad6
torus.out0.01419.h5	20e2273522fe309b78aeea0917a5a694
torus.out0.01420.h5	8f56b8f155df9d8fd2235e9cf9a09a88
torus.out0.01421.h5	092bb5f26d0b52f3349f7c5b11a93f21
torus.out0.01422.h5	b4fcc831f4eecbe7c426a410b37464fd
torus.out0.01423.h5	e77eaed034f29b130ab0f5a91f3992c6
torus.out0.01424.h5	943e3334061ca4ee3bf79f9b9fb8971c
torus.out0.01425.h5	2d13e30ae85963b2835da3e03395b005
torus.out0.01426.h5	2fd3ecd3f6e273d43c0667e27bf8d541
torus.out0.01427.h5	f4903d9d9a63b683852c9c929023230d
torus.out0.01428.h5	4389518f22df85429439509a3027446d
torus.out0.01429.h5	50bbd10333c9a2ee4f4a5cc34d7a27d8
torus.out0.01430.h5	6f6c44ed9128fe579f903c53da40fcd4
torus.out0.01431.h5	2e6439513e82ebcfeb340779d0d1cbe3
torus.out0.01432.h5	847f446788cc4049ef9c0203a307e3fb
torus.out0.01433.h5	0fb01ce24f473dc77cd331410c6f47b3
torus.out0.01434.h5	08f186343d7aa1ae8267030fffbc7ace
torus.out0.01435.h5	10bf730840f48696d6563c95be98eae1
torus.out0.01436.h5	a7e4075099cee324380b20766ee7f335
torus.out0.01437.h5	e871b551215421d8593ede4a4d53c10a
torus.out0.01438.h5	a2ebbcecd1f456dbe7fa23efab6aea9d
torus.out0.01439.h5	13e0897b63390b8ccf5bae3d6a9a0dcd
torus.out0.01440.h5	fc10afade06400f94c4eae8e09e079e9
torus.out0.01441.h5	a554594fda4453521f65e49938d5f931
torus.out0.01442.h5	d911bd2d30efbe897b7b4a42d8137a6a
torus.out0.01443.h5	85ca1cca1745d4cbed01bdb2749302c2
torus.out0.01444.h5	7df3ba2a11c0fb611b7bc4b64c6a8bdc
torus.out0.01445.h5	896ef7518911e55358776a5a41a39583
torus.out0.01446.h5	f4cccd10c1d188ff8f0bd5cda3a6884a
torus.out0.01447.h5	d8c98898855048bc5832afd39aedee74
torus.out0.01448.h5	a6c1efa7b14e3e2e86d5852ac6dc1180
torus.out0.01449.h5	1f25bda1d372504290db91e1ee8bac1e
torus.out0.01450.h5	95c664a9df028b2a86ef0e7b7f32a82e
torus.out0.01451.h5	b2bf399c940ebb19963d33a53bf5bd0e
torus.out0.01452.h5	70be466efea8219cedb834f00b74bee8
torus.out0.01453.h5	8035c1f6af3a2db86d584e30509536af
torus.out0.01454.h5	c5f9ff3cdf1ea8cf691487756737b103
torus.out0.01455.h5	1a42205970c531fe1c96acb1950506b2
torus.out0.01456.h5	c62d4852af6577af97167161f26537c5
torus.out0.01457.h5	3a9793a716344e8becb5f0910b7d19d6
torus.out0.01458.h5	740cd601dd864b7f20214fca059d6628
torus.out0.01459.h5	6a68f3baf4fed1bc681a1be510524711
torus.out0.01460.h5	db91eaa6c50cff1b340a164abd85bfc6
torus.out0.01461.h5	2141865c93d742462c69c6522734562b
torus.out0.01462.h5	a73aedffda13b40e727835c35d6f6df4
torus.out0.01463.h5	0744047d5b3991bfed180816caf46824
torus.out0.01464.h5	37a8cb29d37d4ada45c67aa8bb915003
torus.out0.01465.h5	3cbc150cc59d5c13ecb28db206a9158f
torus.out0.01466.h5	39a288f23780bc83b23465343406ef91
torus.out0.01467.h5	10e19dbfa4ad154e777a1bbee5725f9a
torus.out0.01468.h5	05d37ca2a05e150e4d9917c254a8827c
torus.out0.01469.h5	58f12de48c7c0809df9f6ee06bbb3f84
torus.out0.01470.h5	e1c012fbdf9e8aa3fa8fbfc5e4329a8a
torus.out0.01471.h5	41ad2275f9776b8c94e6d659a02ac857
torus.out0.01472.h5	096b303fd1133e7d7e112abc3dcac7f8
torus.out0.01473.h5	9d78490dab20eac3656a7ee6a5701dde
torus.out0.01474.h5	a866599ac137497ea494eb23b267bb5f
torus.out0.01475.h5	7c801bf8471c7384b32d2f821ec91de0
torus.out0.01476.h5	4e3d38d5436ecfa9e141ab58aced3d6b
torus.out0.01477.h5	92e431c623c8112e7c6e0bee2344936d
torus.out0.01478.h5	a7b19ca0c5ee78946558eeaf96f4e518
torus.out0.01479.h5	988540c83063eb8ac2730d81b7d171e2
torus.out0.01480.h5	35b5baa1eb0d137e3df6848ce49ba2a2
torus.out0.01481.h5	bc7cd81b120fcc590612cb2a5c207702
torus.out0.01482.h5	c60b605b4dcd15ebaec076ec66ebfe95
torus.out0.01483.h5	a33e7b9db5301b3ce2e075f8be20db3c
torus.out0.01484.h5	ce95e899aedd2bcffd131e29081e5fba
torus.out0.01485.h5	1d096bc43990d62d00bae43e9774bf42
torus.out0.01486.h5	ae23427d102b081421fd84514c439d3a
torus.out0.01487.h5	5af5d2a6c32493bfbed1b1eac037bea3
torus.out0.01488.h5	9ac62b3a75481305b7dd623544a991ba
torus.out0.01489.h5	c8216fa1691e3b18dd244018bb372714
torus.out0.01490.h5	6f1fb850914239052f30cf3d1fbf600d
torus.out0.01491.h5	6196a9ed60f98f6118b854d65e1bc195
torus.out0.01492.h5	3f66e4a9e139d0779b1c19a7b847ec0c
torus.out0.01493.h5	6735ff7d18fd1266f59cdf3a551c9655
torus.out0.01494.h5	5884fbe7fd3c4246fa6afe8b10a16085
torus.out0.01495.h5	a4ce930ef32332d4ed7f09e0da1bd560
torus.out0.01496.h5	2529edd7d8d33bdc08246ee4b0ae6f35
torus.out0.01497.h5	fb2f25c0a5b28ee4a1f5f0fc910a8626
torus.out0.01498.h5	12a75b3645dcb234f1042e24f8024270
torus.out0.01499.h5	ec5585e24b72a51c73eda09323fdee34
torus.out0.01500.h5	c8b303bd146c945318ef415564372fbb
torus.out0.01501.h5	71d845d5a5e4692d7513a98ab1424754
torus.out0.01502.h5	ce0cf3d20cdc3f4bcf226aed475f20f3
torus.out0.01503.h5	b707692795cd289b99ee3c3ff6766148
torus.out0.01504.h5	bac87d700da46095d3755d55a7672dbb
torus.out0.01505.h5	1fe042e37a09c5d44254281dc7e8fef6
torus.out0.01506.h5	8dc7ad3b59565e71fbba03272e9c1301
torus.out0.01507.h5	d003f1eb01eb167b51d45ee9faa09864
torus.out0.01508.h5	213c4a08d6d9d6c3504ac738a6995cea
torus.out0.01509.h5	96e20669d4c75521ffa5797df704120b
torus.out0.01510.h5	fec4a2aba3e1b219d6af471952c80a86
torus.out0.01511.h5	94abae7abb52917ae47ad0ba88d35967
torus.out0.01512.h5	82968d2243cb2d06bc75bde04f1e9ea7
torus.out0.01513.h5	e2d29c7dfc9f810a94cfd6b2c020dab2
torus.out0.01514.h5	10a6233986b50712a8d4a022c879363e
torus.out0.01515.h5	416422c13895ab69e9dba10012fd9663
torus.out0.01516.h5	0e109aec1e6014895a8a5efaab3f2957
torus.out0.01517.h5	2fb86909d10dc64df36168c44a181d4d
torus.out0.01518.h5	1d5ca1a2a89fb57f27eb51d78a7d5d72
torus.out0.01519.h5	b7f63273d6a70db1cddc63225267c12e
torus.out0.01520.h5	4293aff83f1b29b1330fd6cb30d1311e
torus.out0.01521.h5	9f4bb7eb309b9a798fd341a29c63f968
torus.out0.01522.h5	3a0d177506dee16a3141f213566130a4
torus.out0.01523.h5	ec22bfbbd9a00921c878f28321c64249
torus.out0.01524.h5	4fcc3f32fe1114e56ed3189b6f0c1e8d
torus.out0.01525.h5	04d9ea847a7eeedc779ac04d0dd2cfcd
torus.out0.01526.h5	4ea4949a6e9efbee408570fac2f6a79b
torus.out0.01527.h5	5cd452768356ffcff89f7a3379d08108
torus.out0.01528.h5	6930932a582938f4241814b82cfff605
torus.out0.01529.h5	12a461584639ebd256f47d246d51bb2f
torus.out0.01530.h5	6ba6379650159512d037c992f2215dc4
torus.out0.01531.h5	b44712d471c5f97b220c504956fd5992
torus.out0.01532.h5	de2de1d47a302163bb382f899d1780d5
torus.out0.01533.h5	f31d7b3d7646832d8e696bcdf884fc7c
torus.out0.01534.h5	ba045ab8be3a001c7cc5096853c8a7d5
torus.out0.01535.h5	84943ee16efbec7e99f702f2dcd3a012
torus.out0.01536.h5	57c4a508510ced5731dee523cad5bbc2
torus.out0.01537.h5	e923b00017a1963952e680c9ef8f536e
torus.out0.01538.h5	cd98d8925f5002f66253f807bf956359
torus.out0.01539.h5	6b923879d4b2b498b9b7ec653ec630d7
torus.out0.01540.h5	21ef0d1cbff03d1c16f1f85b6d143802
torus.out0.01541.h5	0ee02d7ba8a4b56c22b249173fee537f
torus.out0.01542.h5	37f3e115d7aaaa2a2e197f53219197c6
torus.out0.01543.h5	75a67d8f471b05fb99717a6f434f7d2b
torus.out0.01544.h5	8544ebee4b9a88ae11ffa2ba77ecb318
torus.out0.01545.h5	3c20dd7889d245d9608ba0bb80154c9e
torus.out0.01546.h5	612e98a83804602cdea90de0b446c3b1
torus.out0.01547.h5	4cad107a55f895d757626008d206f57b
torus.out0.01548.h5	f687c93466f4918dc5217c4018f7ff24
torus.out0.01549.h5	2c4aa4b2eda9c2d4516f110548c22494
torus.out0.01550.h5	8f43d057e79828e1525661a6a2b39223
torus.out0.01551.h5	108b0ee837ca5adb11336f9e74db02f8
torus.out0.01552.h5	1411bbbb2e44e6d48b022ea9818d858c
torus.out0.01553.h5	30d61e5a723960bbe4d079d795c9550a
torus.out0.01554.h5	afcae94c9c881f3f88ed102ce420d89b
torus.out0.01555.h5	cfd7091920dc4386411a610e8a5b2a03
torus.out0.01556.h5	b5a3a0781749b20f01472d205e5e6ab8
torus.out0.01557.h5	262c0e20db99609ace1eaa5c5ac373fb
torus.out0.01558.h5	358a7273f4f6d0dbaa0bfc56135e29ca
torus.out0.01559.h5	1e2b06f29fd6c0c8dcc39d97fbe8ac55
torus.out0.01560.h5	83f6496e63a77955bf6e73e0d5b64402
torus.out0.01561.h5	10bf68d8db710afc68d2f5ae8a628e1d
torus.out0.01562.h5	9e6b564ea6e2bec086e421f292a4182a
torus.out0.01563.h5	bc17cfa560c3cd32cc596424591a22c8
torus.out0.01564.h5	d8b20185c734c73d31a5dbfce21bb55e
torus.out0.01565.h5	7a0bc72fcadb4769ab2af1eb52a8a37c
torus.out0.01566.h5	f35315419e45867e6e251a55ea86190b
torus.out0.01567.h5	835eff010534b6ade42b282a698cd23a
torus.out0.01568.h5	d87e70a943b6afebb17d1803ffb9be77
torus.out0.01569.h5	c503c74aa4684d1ec47315dbdba850c6
torus.out0.01570.h5	449b0d64cf5d2f2dc0fbff26d5831031
torus.out0.01571.h5	0cb2d6039f7f42f40a0c88aac0649c03
torus.out0.01572.h5	e2ec0df4521858061537fbc33d21ee46
torus.out0.01573.h5	60a66f017fb4a01d322ba5ae6157f686
torus.out0.01574.h5	13bd7aa66bc0ced2ba4250d4a51a7bbf
torus.out0.01575.h5	443535eb97ca4aadc2253c4097460f74
torus.out0.01576.h5	4e9c59a813ca1681cbeab670b9b69fe4
torus.out0.01577.h5	6db6d34e6f15e57504068c35979b3601
torus.out0.01578.h5	4087de05d5b088362a154beec75cff9e
torus.out0.01579.h5	9ec3596ea471fcc59be5c7fda03aea58
torus.out0.01580.h5	4623930598d2736df41c38f4a20fc1e6
torus.out0.01581.h5	d1729a2652d5880aefee70cdf5a10a6b
torus.out0.01582.h5	f854d347c1af52d5b56374d28dcd4efd
torus.out0.01583.h5	ce7cd63bb293aa0f3b628e04f21576eb
torus.out0.01584.h5	b336cf6a3f8fc0e51c29cda090b3706b
torus.out0.01585.h5	0b494e9089114614f6482a6c52d76805
torus.out0.01586.h5	06c9b83c733eabdb6b64284a3909797c
torus.out0.01587.h5	b4588c7a508ad0212a15f1f8fdc8af94
torus.out0.01588.h5	d76c1425c5f1fc52b151129336e13996
torus.out0.01589.h5	e67dafa34ee6462ace88f9c38167c544
torus.out0.01590.h5	e37b48aeeb5c646895e5918b944d721a
torus.out0.01591.h5	dc708f0f414fb57e38f84000304fef03
torus.out0.01592.h5	239eda8df9ce6528ef3f1003422d6655
torus.out0.01593.h5	f22383cfb1c116181cbfe04f34ec1ecb
torus.out0.01594.h5	41d2d264628bf06e05a2d1942b9f670f
torus.out0.01595.h5	e2ab182541ecb5ef0fc2f7508ad3733c
torus.out0.01596.h5	fb28c6e6e6d1f0d584d435a48503a0d3
torus.out0.01597.h5	f4f104a8c860c1fcd95ef5ae8fb29868
torus.out0.01598.h5	e2e664b55a5f04f5d0796184540406cc
torus.out0.01599.h5	650614638468ff6ff3fd08561ad393a1
torus.out0.01600.h5	30439284b95d6069d504cb8bfa5e732a
torus.out0.01601.h5	2dda7681f917ddd0657b93c3993a4993
torus.out0.01602.h5	26fe67f42fe5259f32e00252d4913068
torus.out0.01603.h5	8b1170fed7ddf2d1b0f4516fa73c3518
torus.out0.01604.h5	048526d8e3e2671a95dbdeb82874189f
torus.out0.01605.h5	b316eb0d77a5df18f94945cc7ff14750
torus.out0.01606.h5	0f083430d53a0630e5aa8a92a879a8da
torus.out0.01607.h5	fa49c86035fe1774a618319f4b60362c
torus.out0.01608.h5	12dff7b909fd6a41fb640130bb795aeb
torus.out0.01609.h5	2ec3828b4917fca97e3d341ab46151bd
torus.out0.01610.h5	5f75af35460e96c50158efd9ea359bb1
torus.out0.01611.h5	ad78350c3d956ea35a255f75df00c331
torus.out0.01612.h5	3dba2e4f41e79d93d60e049090901f7d
torus.out0.01613.h5	d901c97a19c0ea34c1c2e05208da47cb
torus.out0.01614.h5	e7d7ca41d508b2cab71e1ae37f2cb312
torus.out0.01615.h5	59afd0a0179a44e72b908c00903688cf
torus.out0.01616.h5	b252217fafa45cb6aca60847919d8262
torus.out0.01617.h5	a04de18bfaa3abba338f6221bf9ffe86
torus.out0.01618.h5	44a05625fbec8c87a3e45b3390e30b73
torus.out0.01619.h5	2369af635b0add8d5e696d4389b68d19
torus.out0.01620.h5	9eb30a060c627c1e161d287acd9b13fa
torus.out0.01621.h5	864c6ce567727674e8c3d62b6057a952
torus.out0.01622.h5	0af4f2474f439462c37044079d776076
torus.out0.01623.h5	77b26257e7c72b8289c9b05b72c9ac3a
torus.out0.01624.h5	170332da602010c3c6eff16986cdee3c
torus.out0.01625.h5	cd534ad44c0f9cca88c15bb4a897a2a6
torus.out0.01626.h5	1d98bae089e55ac39404af047ba9dfb5
torus.out0.01627.h5	7dc22431c2c79aa6a7c679015d10ed26
torus.out0.01628.h5	ac07784ab200a8bf862ea137e45428d5
torus.out0.01629.h5	13c1c389d4e86bd0d8a25e560f216231
torus.out0.01630.h5	215b5661fdaed87cf166210e2bd20731
torus.out0.01631.h5	2f80e8af4da7a668cbdf42677865f962
torus.out0.01632.h5	91afd6021355f6ae883aa1a67e91e7a9
torus.out0.01633.h5	117468e8c0d3ae1db9ff938e2ae354bf
torus.out0.01634.h5	8322358806b6f31efb05303676bd940e
torus.out0.01635.h5	154adac706ed9a46a77a4fea35e866fe
torus.out0.01636.h5	6f7bdc7e96b2ee935472ac67b0f77f55
torus.out0.01637.h5	b61c28ed18e9cf19861b74d50feca8f3
torus.out0.01638.h5	167927a0b689440d2a4a19bb312a5745
torus.out0.01639.h5	95333d14ef7d000f74b2908e63ee68d8
torus.out0.01640.h5	8e9e4be5b9c6b108eb37fed4f245f0c6
torus.out0.01641.h5	13a2891087b13eb06a93ad6ad45a55ee
torus.out0.01642.h5	a35b2cfc7e292abdc7a7e4caaa4dd528
torus.out0.01643.h5	d0aef165b0873334b85614bbd3e4d1a2
torus.out0.01644.h5	76e570a4986181d5e001d95cbca76e9d
torus.out0.01645.h5	c06312611901b93d9b957b0ad2c5915c
torus.out0.01646.h5	69d2315744d23c20886247d5837fbd1d
torus.out0.01647.h5	df1f4947c37c74ed9ee5ec46217ff06e
torus.out0.01648.h5	e3872287580bf8252778a37307e90cd9
torus.out0.01649.h5	e41c82a5b2b000f2c70e7d7cd330411e
torus.out0.01650.h5	805ba9ac4fc1e62dae48589c1838fc1c
torus.out0.01651.h5	e580498fb0bbc004d08c285346b8153d
torus.out0.01652.h5	22c475d9fab1f45e5651faee7c2843fb
torus.out0.01653.h5	504ca13014c3df6be8e053b4374b854f
torus.out0.01654.h5	21b8c01d713bec3e16b31f469a4959d0
torus.out0.01655.h5	392cf4dfe08a0dcf37f70aeb1418873d
torus.out0.01656.h5	2aa745e2b783bbda53f57f2e00097bd6
torus.out0.01657.h5	aec8ea874377c656caefb8982cdb706e
torus.out0.01658.h5	d4e865991a27fca8b3e434d2b63752b7
torus.out0.01659.h5	1c03f398c2ad0ddc39c5271600f4e775
torus.out0.01660.h5	bceeddd270eeea120125ca4b15fc8231
torus.out0.01661.h5	747f525eab832075134bfc55b962076d
torus.out0.01662.h5	88c1fb1c18ee995c796cf2dc355c68f4
torus.out0.01663.h5	c283bf804de05ccb77fc9859d60d51de
torus.out0.01664.h5	704eab3009bab410933fa28c2f0fdf76
torus.out0.01665.h5	6d4f3a55ae61fcbf7fd610bbaafe6e38
torus.out0.01666.h5	9c6e38b429f1f4b6750bf56a5fa89d7f
torus.out0.01667.h5	b5dc40ba13d38e044d26d7e4b250253e
torus.out0.01668.h5	4aea912243e8e4262f339ea21441611f
torus.out0.01669.h5	7b9c252634407c114332850d2ac406b1
torus.out0.01670.h5	4e03a086ed9bb899afdf31e4f8bfa3f6
torus.out0.01671.h5	c2314d2d268d7e699f646403dc825198
torus.out0.01672.h5	8ccdd35dbc45be336bdccbf5f13fb915
torus.out0.01673.h5	e2f24ff7ff62fa649a3d588a8f2f71ff
torus.out0.01674.h5	cf2054d0a39ed44f1f0c46cba0d91e35
torus.out0.01675.h5	84d76e852730606681c38ca6e62041e4
torus.out0.01676.h5	d44518883de408f1c12233262e341e1b
torus.out0.01677.h5	45b48041e0b90bafc93a9d500c4e65cb
torus.out0.01678.h5	b6a0e422634c16f1686abd89342cb705
torus.out0.01679.h5	dc4127c37f0cabd3750101e34073249a
torus.out0.01680.h5	2232dd468a464a993d79046b9f8c728d
torus.out0.01681.h5	367705abd88c243136381057d3a942c8
torus.out0.01682.h5	ea83f2c56a603f163c578349cb5593cd
torus.out0.01683.h5	a0917e4e06b849312cd2d0bca67e9ce1
torus.out0.01684.h5	bf235e241dfe935b5978e3e315e3ec6e
torus.out0.01685.h5	6041941d39f197f39c2ae06685350310
torus.out0.01686.h5	12298529c1aaabe8c204e1386ef65641
torus.out0.01687.h5	647bc10af73f3ce0eed5b9bfdf0c733b
torus.out0.01688.h5	92125aa6c5f6f988c184611f9b126a5b
torus.out0.01689.h5	f27fc6108d9ba30dfb3469e580a18798
torus.out0.01690.h5	c75cbb16e2e0cb59376c7529ef0742dd
torus.out0.01691.h5	c032b4f381b0856e17a4bc60e00db9b6
torus.out0.01692.h5	44e7e475a73f519fa332271de280cea6
torus.out0.01693.h5	8090ce33dff845594cdce40ef64ca0d9
torus.out0.01694.h5	9fe258a1f4f28f1ca8a5b6ddc7c6b73d
torus.out0.01695.h5	88ce98846db034cae72109ed0a44b7a6
torus.out0.01696.h5	1537c1957f58f85225a6222abda6a5cf
torus.out0.01697.h5	ae95f49c8e86f986c88aeeecda9e6970
torus.out0.01698.h5	6d82947dac257409f61f00c1bdaf08b7
torus.out0.01699.h5	491d54984807d4d300d6562016bb6ee2
torus.out0.01700.h5	2ee8266366455b93db4d5722afa90cde
torus.out0.01701.h5	0a9a5f1d0a282b37ebb126e972cff3ee
torus.out0.01702.h5	2f637b09ae1e115b43ed305e602fba92
torus.out0.01703.h5	393949f642e6afb2d0dee7c3d1b29585
torus.out0.01704.h5	292506b0437c283cff7b220eb2c73acc
torus.out0.01705.h5	844b493a77027221fa13b6574d6c9a4e
torus.out0.01706.h5	866af28f2fc21ef09d185c5184e9de70
torus.out0.01707.h5	95d00787165c1e821f7acd9132a851ae
torus.out0.01708.h5	4df5b9b9f551c4fe26e6d6d7647d7cea
torus.out0.01709.h5	6b26f190990c3a6d40e07a600e54ca40
torus.out0.01710.h5	be3eb7829f2fde89aa1f9866a515d596
torus.out0.01711.h5	98bb9a429b40292974f057d2e172ef8c
torus.out0.01712.h5	b19a322f83afb1c1724da773f7e07395
torus.out0.01713.h5	5dc87b0b263ae7ad87cc8b3940d5f4e4
torus.out0.01714.h5	35c736dd6dd0aa8559df47c0ee26840b
torus.out0.01715.h5	2c8b98e80bc26cd99dd0f9a01af2dad5
torus.out0.01716.h5	c92533a51f477d5d3358552de7e4a293
torus.out0.01717.h5	466345a9b57db2e1db0d1d01fbaee657
torus.out0.01718.h5	86cb6f6233c5ea80e9ba0a5e6e652eeb
torus.out0.01719.h5	25c04acecc563488de921009f651490e
torus.out0.01720.h5	6fdbb8b218787e8fe3c8f44de8804e02
torus.out0.01721.h5	36a4d083faf1a5d30df1f6cbb3441d92
torus.out0.01722.h5	49ae47355a34f829605587ac2384f573
torus.out0.01723.h5	1a405ba4d56d8a7e81c0690ef2e47c89
torus.out0.01724.h5	55778f8418a860fba4eadd37d7493075
torus.out0.01725.h5	a8dcdb09657f14ca9347f21b0f49fc03
torus.out0.01726.h5	9cb5bca6d75c2ddaf53db6dada5cebc5
torus.out0.01727.h5	9b8428e16feea21f74faea1575b1ad59
torus.out0.01728.h5	1ccb22f9f4b8a1d4e66eae4aed5c7f61
torus.out0.01729.h5	6a3972d5779a97aab4ffd7ff233d8e1f
torus.out0.01730.h5	86ed79385c8613d7bc68c85deca5cebc
torus.out0.01731.h5	21488f3b41cc6f10906f12ccdf83cad0
torus.out0.01732.h5	c832fdc2f952b04ce05d455c457e2e80
torus.out0.01733.h5	07fab5c4e5c21908ec876950d63120ee
torus.out0.01734.h5	2ff7f327983e0f79de4f00614fe71608
torus.out0.01735.h5	3bed1abbe9ed18aff48ae5af438e5c05
torus.out0.01736.h5	3388808ae8a9a78c85c32c799663a612
torus.out0.01737.h5	a28d0f563dedd3b088d01277f43f11d1
torus.out0.01738.h5	03fc1718ff157a56f818f08ffcca5730
torus.out0.01739.h5	abfebe6ffc5e56843c5a9718db11bbf5
torus.out0.01740.h5	937afb7c0c9ce630577d1f178650f91c
torus.out0.01741.h5	8678e59aaa41280c0f2bdc17364c4ece
torus.out0.01742.h5	2830d47044c77c0c6fe47a4b4ac9e057
torus.out0.01743.h5	5518b9de98d46313b5489de2441ce0fb
torus.out0.01744.h5	84af1532fde0552240bbaf64717fab61
torus.out0.01745.h5	f645dcc2eb59eaf8a67a5da99575a548
torus.out0.01746.h5	5b6f24e4bd02b3a163cd249f84c01c6e
torus.out0.01747.h5	8fddc5028d5e0f9bda47abb1d27510ec
torus.out0.01748.h5	1d0e69196153d7be093afc9a22730cb2
torus.out0.01749.h5	742d94485c9c7ec8103ee06acb2025d9
torus.out0.01750.h5	55d95b7a66d5a8b8197e8f0a857418e8
torus.out0.01751.h5	5f694e207addf8251afa4965e9ac34e9
torus.out0.01752.h5	3016f7adc872bae295fd39b42c8e1080
torus.out0.01753.h5	149511b0aaad340369abbf7d557cd471
torus.out0.01754.h5	e43d691a15487443c07f29aa557498ff
torus.out0.01755.h5	9bc1256afb49fdfa8bfea181b8ce3218
torus.out0.01756.h5	2533c0c2d5308ed1f206475302abb21c
torus.out0.01757.h5	d99addf0ec33dc78eaef39086efe4953
torus.out0.01758.h5	05ba551e8628ee2e82f74c28d592105c
torus.out0.01759.h5	9f8fd3e03b3a0c405ef099d1a4b0ab71
torus.out0.01760.h5	c52090944ac2f599e32d5c2a2aad589a
torus.out0.01761.h5	9c3e6d1e880323e2caf664f110ec1463
torus.out0.01762.h5	6d0d31d94e2385dbcc4f2bfd46a01c55
torus.out0.01763.h5	90d4fc36d69dbb5e39288af313f35726
torus.out0.01764.h5	dcac842a9c7741680ea5bf3f8792151a
torus.out0.01765.h5	730fd4a3eda60fc9a9f72fac8fca1328
torus.out0.01766.h5	667bc40c2d378389077e551726a744ab
torus.out0.01767.h5	5f0d38e8942e5ee90309e6faebac9424
torus.out0.01768.h5	e331a50910bda05ea2ac9c5eee57d602
torus.out0.01769.h5	cf05337eb40f77498da31e12fc43ec6c
torus.out0.01770.h5	9fde9ea112cc2abf1c3bb0ac5eb3853c
torus.out0.01771.h5	0c8b4bf6f386a0394caf513c0c948fb6
torus.out0.01772.h5	bf6f37e81c966178bfc7505039560181
torus.out0.01773.h5	ca54ce9bf451438fa65cfead0c40ee23
torus.out0.01774.h5	32fe1d04c6f8a3886287f1284dc86e10
torus.out0.01775.h5	27e258d777ef5d618a87a6f64604f454
torus.out0.01776.h5	c2ebb2e8ab84b219582e321a36a88b30
torus.out0.01777.h5	721e04e22df95909aa7601424dac7498
torus.out0.01778.h5	c2dd675f96b5a93ea13b30c55cd527a9
torus.out0.01779.h5	a7b81c3636986156816cb711fcf1f9d8
torus.out0.01780.h5	8baee52440b9128c781af16fb0d52361
torus.out0.01781.h5	7bc982a24f0f863acbde3f0f1d9bee41
torus.out0.01782.h5	61e8bc1afef670753b9e58437a9ed6a5
torus.out0.01783.h5	de5d3b7f0ee1f721c3d75a7097a77ec9
torus.out0.01784.h5	9f9ce1348717ad4164989af500db40b9
torus.out0.01785.h5	eb553d26ab9b9528f6a7e35627da9319
torus.out0.01786.h5	055cfd30a6dd77955326cc8886e72ce3
torus.out0.01787.h5	741cb63b59e0a8fc36b18a6f610cb184
torus.out0.01788.h5	8eef5d9bb4e393109a8e1e547c089b23
torus.out0.01789.h5	ea8c67028c052b9d335ca3325a7bb1bd
torus.out0.01790.h5	ebfc00016106ac015069576b2d604186
torus.out0.01791.h5	c989b290dfed26ebe4492980a875a60c
torus.out0.01792.h5	1339fea0fd12d92031b17277e9262865
torus.out0.01793.h5	7303e54309d96a6ee9cd0e571c0d7b27
torus.out0.01794.h5	375400146aa539156ff6a4479260c4d0
torus.out0.01795.h5	041d4852e7a9ffbee5eaf4553f25b3ac
torus.out0.01796.h5	5519c311556c75535deed50ca6acc86c
torus.out0.01797.h5	57b27745b9fcae02eb4f45c570d40444
torus.out0.01798.h5	b2f1e1d474d2fd3368ccd60d0a38b00e
torus.out0.01799.h5	ca92108a5d4b7b477ff05ebee0abf2fa
torus.out0.01800.h5	4d526dc0e326ce9ae70692a9327bb5a4
torus.out0.01801.h5	b81335e2939361275ea170b2cc20a6d0
torus.out0.01802.h5	52ce74defd080bbe85162b470de2a869
torus.out0.01803.h5	aa64e320e5d90bc44337a08c9eadbb85
torus.out0.01804.h5	ec3c92e8bdf17900410578b6f96af1ee
torus.out0.01805.h5	f16c9b3e5daff30499eaa23558198ee0
torus.out0.01806.h5	1c1d4fb2c44501bb2aad686dfea591f8
torus.out0.01807.h5	1370c3d344cf9c65e28319c05d58ea1c
torus.out0.01808.h5	27b1e48e456064fce4ba4942be3e24b8
torus.out0.01809.h5	de429c9e942990c69506c7da686c68ef
torus.out0.01810.h5	0e09345a9a82d2060f3a6d9f14695fcc
torus.out0.01811.h5	c5ffae77f8f433f6d61459d1c0c8d790
torus.out0.01812.h5	1355decc456021a42526c49abacd54fd
torus.out0.01813.h5	557c57e9c5a3865b3821325209f11034
torus.out0.01814.h5	684d1c12fcd1e8b4301fc00ffe0cf306
torus.out0.01815.h5	f3a115ed5d71e3b4769d8c3a5e8ac297
torus.out0.01816.h5	25924797c460cd46d12ae36caad18ca6
torus.out0.01817.h5	326eeb76f11033078833f75fd8d240fa
torus.out0.01818.h5	ca2a9ad6e5114f0ef7fca43760d463b7
torus.out0.01819.h5	733931abfba907da62784730ee40ec65
torus.out0.01820.h5	49e91379bd585ded3fc23f1f98acb968
torus.out0.01821.h5	bcf4fe2acdafa2dcc7afe10ecdb600f9
torus.out0.01822.h5	dadb3e42dd5cb7290a07060e45896d34
torus.out0.01823.h5	f1b9ae1d9e45303d906e9fa4aa577ab4
torus.out0.01824.h5	439e13ab78d517fabd362d23fa709dbc
torus.out0.01825.h5	6d6c1b8ee5656582c583c3926b26ed8b
torus.out0.01826.h5	9850a30d91ec06daf67268935f027a4b
torus.out0.01827.h5	e16c609cb55391809e7161bce676522d
torus.out0.01828.h5	aeb2b4c95f47ab14b196b8e3dd5ebf53
torus.out0.01829.h5	b2d4d3a822d1b915258cffd984e043e6
torus.out0.01830.h5	e810678855df7cfc4a1cfe30fd81750a
torus.out0.01831.h5	564abd2db00d6862761dd8a01e2799aa
torus.out0.01832.h5	8dae1a28701ade504f39babb5dcca3a9
torus.out0.01833.h5	dd2ff19ab1e723d78e0fa6719b31e1d1
torus.out0.01834.h5	a75501f1bc31910f1fe8bfb20cf64be5
torus.out0.01835.h5	3566e964091e69ef38bcd0da86c0a747
torus.out0.01836.h5	2fddab0dc7dbebc4ec567dfa9c76e1c4
torus.out0.01837.h5	09255c4215d42274e65cbeab770d44cb
torus.out0.01838.h5	6267d91b187c5e76399316ee75538686
torus.out0.01839.h5	a8bbb05c26e420331151751f04c93043
torus.out0.01840.h5	cf48f0c8676005cba75115d75e61ce34
torus.out0.01841.h5	4200bc5ffaf2d9bf5fa9bf1f33f14ce0
torus.out0.01842.h5	f7503328b3ec47a38822de6d07fe0c64
torus.out0.01843.h5	c04ca2bd7fae4869226ff2560953acb5
torus.out0.01844.h5	aa9ab66f5b278f3d5f7c6d422dbd376b
torus.out0.01845.h5	bcbeb7f96c460d3e220412cdeb132f49
torus.out0.01846.h5	f9282ae8fd1e0406d31a02b21546eb0e
torus.out0.01847.h5	213620514f628e9dffd0c2dbb9c327b9
torus.out0.01848.h5	e6ca9ff395c4145b0bb43c3a9c5632cc
torus.out0.01849.h5	2e9d103b9cae79ba64d82d2aa0e5dd8d
torus.out0.01850.h5	896f47e93c273ba1fb523299cd0da943
torus.out0.01851.h5	70810fb53eda0a5ccd76275a7fb34685
torus.out0.01852.h5	4201f36153aee5448ef9a002da0d35a6
torus.out0.01853.h5	ba727caa287e9cbe605b7ae788542a2d
torus.out0.01854.h5	db29b7daebfb59776e0cd6814dcc8d9c
torus.out0.01855.h5	ab87fea2e7809b1ed69f17fedbcc0506
torus.out0.01856.h5	b0382a5fa079a1085f53aa59ba549195
torus.out0.01857.h5	895c010ac8c0f9a4a9bed9e298990b0a
torus.out0.01858.h5	150975b2b3dc05fc3d3ed7c1430f40fc
torus.out0.01859.h5	74798903c1024369c1f408c578a3b13b
torus.out0.01860.h5	d8354150d6efb3d6189d586eb5bcabbe
torus.out0.01861.h5	0e43226b8aaae6b5ed8d905f77061c0e
torus.out0.01862.h5	d322a3dd600ad4ec3b99a80ffed63ab0
torus.out0.01863.h5	a66f656fa5e061b0662bd223381bc268
torus.out0.01864.h5	38fe1529b25a3fa9f6dbbe9cc6551940
torus.out0.01865.h5	15239107a65904c201b00c4ccdf269bf
torus.out0.01866.h5	257464e6abbc2d4af5fab77ec72d5eab
torus.out0.01867.h5	a51d1815cbad0de6dc7fd5c49c3e8519
torus.out0.01868.h5	64be8a4621f733f8848460957a809026
torus.out0.01869.h5	4be8090d87fc1760a42d7982907aa870
torus.out0.01870.h5	52ac130b66b5e7fa90974beb4efa7a17
torus.out0.01871.h5	9df42ac128ab960a8479ce1d2613c88e
torus.out0.01872.h5	731a25bd334fff5eb6f63230d1dac2fb
torus.out0.01873.h5	41cae45a9765f40337ed7c53c8cd86c2
torus.out0.01874.h5	bb706c570929d0f2f9e5ce0480d923bc
torus.out0.01875.h5	4c5790f1097d9b9e385d0d0c8fa830b5
torus.out0.01876.h5	16ddbfc752e6ae9aad1999a194210f31
torus.out0.01877.h5	9890e3679fe4e92efce58daf9603964f
torus.out0.01878.h5	837723033e4d31520ab2222cdd83eecd
torus.out0.01879.h5	1e5a7846bad3a8145dfa7ce20a16c54a
torus.out0.01880.h5	e503f2b66ca571a07a842e87b288e3fb
torus.out0.01881.h5	4715591468b582df3ba4ba76a05b356c
torus.out0.01882.h5	2596f3c161f602b13e02a89fd5166d53
torus.out0.01883.h5	b0ca9f2738084a90058f4cffc6fc0798
torus.out0.01884.h5	e5630cd26fef86755c38c3969fe0efc8
torus.out0.01885.h5	6b79ba9458434ae66264c36ef9a9a9ed
torus.out0.01886.h5	5c61adbf99d51e5c4d74f1a2eb9f7d6e
torus.out0.01887.h5	96ce2b9ebfb197e05a4b53ff2dde43ab
torus.out0.01888.h5	ad5e4c79505f464f6ed759aab8bd9e1a
torus.out0.01889.h5	592fda51be7ee0f75c1c08082c4a837a
torus.out0.01890.h5	94be4d998272b27a74db3f711b9f6b93
torus.out0.01891.h5	11ec74d9951a4e4fdd61360680dcb273
torus.out0.01892.h5	14f91310e501c4a7710db75166a7c605
torus.out0.01893.h5	b2d9e105b2dcdf511b2ea2f4dc542196
torus.out0.01894.h5	15420cc0a27fb0200b434ef958acc322
torus.out0.01895.h5	ea14b19d676861e909a3e3c302f4c21c
torus.out0.01896.h5	312078fac2b3852fcc3818895392cf30
torus.out0.01897.h5	e22175acf27eba9e4e7f479f71fa848b
torus.out0.01898.h5	06e0420a4c071b320917b5dd9f4bd8fc
torus.out0.01899.h5	df9e2c847997dae4df988fa26191d013
torus.out0.01900.h5	b972f6880753c7dacbac7c5ecc6720eb
torus.out0.01901.h5	f574217c6163253f6cfac84860455d94
torus.out0.01902.h5	ba04170842464b04962fdffb2905d882
torus.out0.01903.h5	4ef25523d9bbe1650f255e2ca4a19fad
torus.out0.01904.h5	5bcd1021a5517ac17419a211832c7625
torus.out0.01905.h5	2afab976cf5f2dd9aa38b756b071217a
torus.out0.01906.h5	909b5f67a7e707e9fdfb5f183bfc85ef
torus.out0.01907.h5	5a943fbb9dbc2b1981782465683ba7f7
torus.out0.01908.h5	7cfbd31b0def819add0d6364ffd60e50
torus.out0.01909.h5	3ef032582f071f859d23a6880f736485
torus.out0.01910.h5	ccc3ace7494bf0150f47112e722d6e20
torus.out0.01911.h5	514af73c89722a9dd753fdf31ffe0006
torus.out0.01912.h5	1f447c91b6c499dd3fb3eca9e0396e75
torus.out0.01913.h5	8d1bc31d52dd9ba060f7a7bf151be93b
torus.out0.01914.h5	386066a0cd18bee33e6f5fea16d2467a
torus.out0.01915.h5	1b77c1915f4a127ef39a64c458bc5e89
torus.out0.01916.h5	82c8f021e8fc874994c405c5a4829ee7
torus.out0.01917.h5	42cf107b3b3587a9d7bad56aa845d2d5
torus.out0.01918.h5	35df5e74263ed50c76818186ff750e5c
torus.out0.01919.h5	22f546c326cf62943f36f7e1a46f90ed
torus.out0.01920.h5	0db720169be175a9fb441dadfc6442c2
torus.out0.01921.h5	d58530c18175a384ed7e62124df5b21d
torus.out0.01922.h5	d8ff5787786d41c2961e6bed05ca446b
torus.out0.01923.h5	79e27a3ce7e8d2b36919713cd291bf29
torus.out0.01924.h5	c5a9fddad0798041d401a9c2b093ba47
torus.out0.01925.h5	bd3f5320386745869842fd34c72627ad
torus.out0.01926.h5	68e9f8ae53a6150aec9d48e6ce7173b0
torus.out0.01927.h5	419ffa1bc3d7b2e90e23c32e79e304c7
torus.out0.01928.h5	49a30a7719a9827b446d3f00b3f0e4fc
torus.out0.01929.h5	54443dd3178f0f317ceec375778166cd
torus.out0.01930.h5	d4fd1ff3ed6733000b29a8e344be27c3
torus.out0.01931.h5	4fd138058052a6256cf7cf26bb648fd4
torus.out0.01932.h5	cd11cb832b4675f25e42fba3acc5153d
torus.out0.01933.h5	45e96ea9374ffff1c9233bbfc0f74d7c
torus.out0.01934.h5	9966e238ca06445b96dc9eabee63e517
torus.out0.01935.h5	41b751b84b4b15942601f896f57b3cdd
torus.out0.01936.h5	4f103ccfb48494d74f7dce3e2a7371c2
torus.out0.01937.h5	901289e4301bff194ec8002149bfdad6
torus.out0.01938.h5	0705ea05d1dfdf565410c2d5edb8dde6
torus.out0.01939.h5	a3d2de986d47c8f5c50cfdbb448d870b
torus.out0.01940.h5	7f91244a055df8d4d99b35f6402350c3
torus.out0.01941.h5	10d813cf0c648df4c1f4f65bd66fa4bf
torus.out0.01942.h5	156f62aa981359179c9f043223d8c12b
torus.out0.01943.h5	5c415a0d7e6ada65b425247f3c81c48f
torus.out0.01944.h5	637a552f29598c79963ae459476d9ccc
torus.out0.01945.h5	3e103435056a7dec178e7e5a5446b7eb
torus.out0.01946.h5	cf03c08dfdbfcc7d6bded3452c8e55c3
torus.out0.01947.h5	d4a5259babb44da3559f84c60828eafd
torus.out0.01948.h5	5b4e7a35bed0f0b9b696a27bc30675f3
torus.out0.01949.h5	b87f307d998c896077d7abd30f0b6dfc
torus.out0.01950.h5	453350a17e9c3bf3b0e7780136c9b1ac
torus.out0.01951.h5	3507100fe863ebd41c24fba8355fb260
torus.out0.01952.h5	0b1312922bf68eb8c97a5068e0bdb961
torus.out0.01953.h5	32f6b120d213972c960e41371fa9ca45
torus.out0.01954.h5	cdb60efa46167d85bd65f84f15ccc285
torus.out0.01955.h5	8aaa8516d42f8f00f42f85fcf21fceca
torus.out0.01956.h5	186ac0b0b7d766481c79c722bbb83f27
torus.out0.01957.h5	9644d080e3cac7b272d33f971b225089
torus.out0.01958.h5	5eefab62f1589c326d775aedf9773d7c
torus.out0.01959.h5	3f35ed94731481b4b51042f1b32d4c37
torus.out0.01960.h5	21eba039b20aea08ff4039e6bf44cbd9
torus.out0.01961.h5	d04a3c0c4e34e364ad449fd7f8469d21
torus.out0.01962.h5	58a8a78ccf2644dcaadc4917da133118
torus.out0.01963.h5	357edb96d1bcc01a14d1b8ec770dcfe7
torus.out0.01964.h5	e8115802fe4a26a819fb909860fd6bb4
torus.out0.01965.h5	fac7b2bc5b47af7663ffc25d9f3f1a80
torus.out0.01966.h5	50dc40244967061bf29cf1a9e3fd488c
torus.out0.01967.h5	16358a4ae1c4d5e3ee15b899cdb2df6a
torus.out0.01968.h5	fb6430b24b292c3efd4739658be045f3
torus.out0.01969.h5	212528b447bfded50ec37db21d637ead
torus.out0.01970.h5	d3dc098f1312bb0963fc6418a0e36806
torus.out0.01971.h5	9e8451eee548b4c40be1f3985876d4e9
torus.out0.01972.h5	f89b240a090735ec531760ccac3c042c
torus.out0.01973.h5	68d1f5d1dcd27d58b22eebff3fd4cdfe
torus.out0.01974.h5	9c413f2c5cdb231bdfc1344af9e11ecc
torus.out0.01975.h5	53a524afa9402011cedf55bf5929b4f7
torus.out0.01976.h5	a49b1a2b357bd1927859987a52af44bf
torus.out0.01977.h5	1b8d8ae4284d6b0fa82099d5a2c667b1
torus.out0.01978.h5	1ac6656bf61a3125bc377e897549147a
torus.out0.01979.h5	e57122cfb019cea196833b53cd520205
torus.out0.01980.h5	b2036de6289814188dbb14bd64b36001
torus.out0.01981.h5	ddc7b5f05ce0ff37f0fc61d3fded270f
torus.out0.01982.h5	e4f0999e6d1aad154a62d7e1056888a6
torus.out0.01983.h5	329d4bbf9102884f8a4b22d62dcf5a1d
torus.out0.01984.h5	639f236d1cb095ec1ff8b2fb2e07a7ba
torus.out0.01985.h5	8485f8e2357bc2181ea0882f8b1cb151
torus.out0.01986.h5	e2016b20666d7533bcb39ee158ac3cf8
torus.out0.01987.h5	27347c876ee0edeec734fb164b6af347
torus.out0.01988.h5	41515fe8679781a1d5a42d6d4ed567c0
torus.out0.01989.h5	807a537b0915bf7da805c946535f1767
torus.out0.01990.h5	28b8af3393f8165a8822294fcabb1764
torus.out0.01991.h5	ba63c968f65c170fd7ca5d58bb4058c2
torus.out0.01992.h5	bba125a8cf04928a12a62abc63e3237f
torus.out0.01993.h5	73d19c2393ced4bc94e4368a959b39ec
torus.out0.01994.h5	aa3f0fe04ee0768e1b47af3bc68e698c
torus.out0.01995.h5	b95233a3ed1a2d610fa809b4cd5c98ec
torus.out0.01996.h5	702bff96cd83b5c41af6280ba331b9a1
torus.out0.01997.h5	a355a66f350ab8f00bb5f24a689580a1
torus.out0.01998.h5	790c09ae22d5a167f780ee59668a46cf
torus.out0.01999.h5	a8f873e72f2341110861824c35fc26e2
