torus.out0.04000.h5	5d76d6d31303802d56e6d4d1c7e7b0dc
torus.out0.04001.h5	2dd87899e73bb23be6304aac21594521
torus.out0.04002.h5	8d895ac88b161181b54d12f8bf771ada
torus.out0.04003.h5	db1418544c518f0dd5209dc421e4306a
torus.out0.04004.h5	b81b3e4b9f0e68b26cea794102bf10f0
torus.out0.04005.h5	161c4076df72509d6cf4683b88cac7a6
torus.out0.04006.h5	2456b0e834f9300dc78f99c7c71f45f8
torus.out0.04007.h5	7fcf5fee26191c60af7f22841abca9b2
torus.out0.04008.h5	91d2d860a4c263ae914932e07c0327e0
torus.out0.04009.h5	ec3255c9befda6c3a52839ba25171284
torus.out0.04010.h5	13b65bb39ccebe581e72032dfedd39b0
torus.out0.04011.h5	af34a938e5f6e2771fe6307751d5dce7
torus.out0.04012.h5	a70f6d25f7706e1e66dc9f304763a26e
torus.out0.04013.h5	ca6f21bfa2b5dbddbc31fba0f8fec80e
torus.out0.04014.h5	4362ac97cf6bc40e994d195884917d84
torus.out0.04015.h5	2894dbf00904b19810ca6e8370e80b5f
torus.out0.04016.h5	0660c8b1b733be4928a8308d50d20511
torus.out0.04017.h5	784195c551404da7750b715b8aef4a97
torus.out0.04018.h5	874f635faa7d6417b18b10240c14a0de
torus.out0.04019.h5	ebb4289bdb1df2a7b8e44b5007e036f2
torus.out0.04020.h5	1f8f072fbaa18ffc1a70188a3760590f
torus.out0.04021.h5	7c1aa18294ca681c1ebaf60891230967
torus.out0.04022.h5	ae4bfc848139f8e9eda4307e225dd33f
torus.out0.04023.h5	c2a07679dd2531fac5473a616503f901
torus.out0.04024.h5	ea49bae47b55accaa2086eb43fbb42f4
torus.out0.04025.h5	db06afbe106c12380c97a167cc564821
torus.out0.04026.h5	fe0fd80446682c7de432be273a01bbe6
torus.out0.04027.h5	db7b403eb6d7e7515098bbcccddd5359
torus.out0.04028.h5	52f73c4e34332cb099e151a2614ec7cd
torus.out0.04029.h5	6113172bf8e407e8f2854913ed8303a4
torus.out0.04030.h5	65e42e2b86e9dbc1c0f5a04af5ca8fad
torus.out0.04031.h5	c8e8342a3364c162da6f1b9af573d590
torus.out0.04032.h5	84900d7d6637371cdde37fb8e278c738
torus.out0.04033.h5	efef52fcee52b13db80f2a7fadeed6e1
torus.out0.04034.h5	b3c32419b87061dcb574fbd40aed7904
torus.out0.04035.h5	f7fdb444cd01c25dbbee3078a1866c48
torus.out0.04036.h5	8e8d4f49f56449d3706d92fb4421b178
torus.out0.04037.h5	929a9b9166228370c02d509a76610492
torus.out0.04038.h5	4fcf0c1d8025553a3db2b69708224cbc
torus.out0.04039.h5	b630f4307a0639deb88fb268121f4cf6
torus.out0.04040.h5	94e7dbea1ee03b880e015f38f05726e2
torus.out0.04041.h5	fd322062d05b40b97e3e9d62dcbfd0e5
torus.out0.04042.h5	f942f29bddb0b4b13f7a455dca224a6a
torus.out0.04043.h5	95f525ab08bd94c57375ac4f87294325
torus.out0.04044.h5	11defdbfc183ecb2564faf47874f109c
torus.out0.04045.h5	4b2b23df743a432ca6047ace24399ed8
torus.out0.04046.h5	67f15912f4dfa071a0b55b8892204ee4
torus.out0.04047.h5	a750556555bfbca635c2cce677439eed
torus.out0.04048.h5	4beaac3b0d43f0e542178ac8019772f2
torus.out0.04049.h5	6d90d2b43f9dcf3d17f9f0f350e1aec7
torus.out0.04050.h5	83db2e3dca1051525f29368d164e4b6f
torus.out0.04051.h5	23e829c0e1f451ae760a772df5cdf515
torus.out0.04052.h5	d46d65c4e633cca2c204380cd82c4bcf
torus.out0.04053.h5	b09e8925c037da885ddd69bc4427a557
torus.out0.04054.h5	69275ef60aee62e92db141bd4847348f
torus.out0.04055.h5	8acb1f1c30078ea74986b4208c21033a
torus.out0.04056.h5	be0801e59b48b1bde523ee4b4f0cab9b
torus.out0.04057.h5	22353b968a9278a76a1662925fdbb915
torus.out0.04058.h5	7cf95af531daedce14bdf4155dae5bd5
torus.out0.04059.h5	fd69a45da79a4c7341a6be5377bb9b4d
torus.out0.04060.h5	3ab9b0ab5bcc7d4559f11aec4095cf76
torus.out0.04061.h5	70da7742e62e0e448a4556c9ffe1e7f5
torus.out0.04062.h5	82af0620584d604ea64d658df2d123e8
torus.out0.04063.h5	9736e75487201552268b3619f3be28bf
torus.out0.04064.h5	7fa09b7d8a2aa0e8df20d2ddf12f8a4a
torus.out0.04065.h5	c5c5b0a8a198f6deb142921a6e685ef1
torus.out0.04066.h5	a37cca956699f5351f520590d56d76d2
torus.out0.04067.h5	6eb305efa5adacf5c2bbf8e57defd880
torus.out0.04068.h5	78bcd3efa8f36b937286a47a5c7ad80c
torus.out0.04069.h5	c0b482364e3e3f4b709d025ee57d4082
torus.out0.04070.h5	4c293f06c2842611d4b2f637cfdc6b7e
torus.out0.04071.h5	5fed5e0dec52687de739d644b55c76de
torus.out0.04072.h5	c1407046cea328268ba1166c499ac1fc
torus.out0.04073.h5	5d5bdf98e9280ca3bc880475fc952cb8
torus.out0.04074.h5	1e1affe1d003a26e6d6a5ade628f6611
torus.out0.04075.h5	93ba3e4e9ccdce55247fbec0a6088e47
torus.out0.04076.h5	464d176c93a3b011468479e987c9cd45
torus.out0.04077.h5	cfcfa921a969b146427a33553fae3885
torus.out0.04078.h5	4ef281de5c6fe3992702b742a9febe4d
torus.out0.04079.h5	37e918bcf065782e53a6a9a040ed2e26
torus.out0.04080.h5	3d34cf0782333df49422c2dccaee42b2
torus.out0.04081.h5	abddb257a8cf0421fe0f022fc0db9b57
torus.out0.04082.h5	1d7eee9a038dd402e68feb56972d8d55
torus.out0.04083.h5	cc5c6cd3fc3bc5050c33b62d534c17e3
torus.out0.04084.h5	1c3eecdb428076eb42b97c417438cb68
torus.out0.04085.h5	ea95c4325ef572f51553cee6071c28e8
torus.out0.04086.h5	0362e0bffbe31fe4ebf7ee3a68159e1e
torus.out0.04087.h5	f051e62f23c093f51a205191fa23e1a3
torus.out0.04088.h5	bd30b14a369f992b9806b46c8833ab86
torus.out0.04089.h5	14705ee8d3c68bd98ad0067d585ca5cd
torus.out0.04090.h5	da5a709f7ceb437c38e81be301be8137
torus.out0.04091.h5	7e0b0bd3d3a2ca9c1151fddc49b66ee8
torus.out0.04092.h5	3aaab9a1c23f0de118feb5b4c58453a4
torus.out0.04093.h5	33827bd20155ce6688f09bcfae45245c
torus.out0.04094.h5	f739db360a533eaba3925bbc1303328d
torus.out0.04095.h5	0e4d0be3539d664ddac5b596a98d8644
torus.out0.04096.h5	c8bfaabc5783890cda66f46021759bc8
torus.out0.04097.h5	0746b3bd190cc44c03cf5c274f284d4b
torus.out0.04098.h5	86e4f52cdfbbdde01f6707e4f6ba176e
torus.out0.04099.h5	cff972d1b66d6bd3e49abb168d8f1e03
torus.out0.04100.h5	e6fb38a531c849f4a792d13794b98eab
torus.out0.04101.h5	c9e238f2156be74834f75c068bbeb3dc
torus.out0.04102.h5	d18b2f7ff31c8bc4486bb112467ce9e8
torus.out0.04103.h5	0cfe47b549c0d50ca65e921067baf478
torus.out0.04104.h5	b25a2ea371e5054c05e3a80e0d2028b7
torus.out0.04105.h5	e0e5536f0c538b50078b6b5f20869df4
torus.out0.04106.h5	28584dd5ef47c94f5c77d2fcf3185479
torus.out0.04107.h5	4ae3869ffa08c106ede5801e22721ec0
torus.out0.04108.h5	1ce00d30cc793b853a63c55cac5f0b19
torus.out0.04109.h5	9b0aea8022779a2db6447e53bde7750f
torus.out0.04110.h5	3d8358e1e0469ec1043751325b97e954
torus.out0.04111.h5	140e831be4dc1f6b26bafcb0a9d7fab7
torus.out0.04112.h5	16ed3daab41b7d7b3879364a0bd03b73
torus.out0.04113.h5	aecead5ce3497f056d0447347ef15415
torus.out0.04114.h5	5baef99a9dd300a7e81d969a68264f42
torus.out0.04115.h5	632add1c09ba4820cd978c94ba3e062d
torus.out0.04116.h5	2f5aa104c16f115d412d04d9afcdf052
torus.out0.04117.h5	7b3a20efb945645b829539a65cc801bf
torus.out0.04118.h5	77b82fef26e925bd4efbcd789617f222
torus.out0.04119.h5	3b1e2e8933f80b44dab03ceb806df26c
torus.out0.04120.h5	0652032ab86e6d7c96b48bcdbff17109
torus.out0.04121.h5	697e0d7886b563a649589a155d349be8
torus.out0.04122.h5	163bf23001bc7d960f0c5f923d29aa4b
torus.out0.04123.h5	d4c0f3d68c9d5501c6d9c1d2af70c878
torus.out0.04124.h5	fcbb57ab4997c9fca16250da2892ede1
torus.out0.04125.h5	51dd69934293ee5d6eb388edf14d68cf
torus.out0.04126.h5	4149a4ab05bdcbbc473e3e7174548711
torus.out0.04127.h5	4c94de6a9352b244b2cd41e2370b14e7
torus.out0.04128.h5	cd3baf64c085594448e4e4b060a9dd95
torus.out0.04129.h5	537caa7317986e596a28bfb56c8f8611
torus.out0.04130.h5	0d9adce6e5403501d4ef6f30ec3ff98f
torus.out0.04131.h5	090bffae11618f8d0552bb5c6ed17474
torus.out0.04132.h5	74dfa549b514dd9a78273656ff67dc33
torus.out0.04133.h5	791e2c9292be00bc305fb717bd53bc5a
torus.out0.04134.h5	77fd96804ccbbb96552431b12a5a9eaf
torus.out0.04135.h5	5e510a200b120b22ad48089997c46708
torus.out0.04136.h5	4f4cbe3c6a7910dc7025a57a93c9b575
torus.out0.04137.h5	941cd57e702b56ce3b6ef78cfcc1a017
torus.out0.04138.h5	8c3d50da81107e22e484e782affa5938
torus.out0.04139.h5	fa6232a11a90ab11546912f7eac190a8
torus.out0.04140.h5	7bdb84f3a6dc682535273a953dff0fa5
torus.out0.04141.h5	d7399c9b7c3e6b72c6e8e1a42bddca48
torus.out0.04142.h5	cfe245d2d9570be170b3e32c50e53377
torus.out0.04143.h5	27acbe99937a3b8d920bafa080df55a9
torus.out0.04144.h5	f4b1f702e671e9c18e56b1c3a43c490e
torus.out0.04145.h5	81fb382b0c5d51664357d6b73d77e72f
torus.out0.04146.h5	95c9a71f549e230caeeb5f295ca0548c
torus.out0.04147.h5	0dbe84d1836187d17b6b76621d321fd9
torus.out0.04148.h5	4b866a1e5a36641f2ce84cc877c01e1e
torus.out0.04149.h5	e915ad441ce3070847ba7fe9d5a4ce7a
torus.out0.04150.h5	bb331b2dd5828a11584f1c002384f854
torus.out0.04151.h5	45f007a3251ebb1b2c2d66e3f5774cf8
torus.out0.04152.h5	2eaebf0d1fd15a0aa772d90724042882
torus.out0.04153.h5	f23ca23cf78083b0670bdb933a7494ce
torus.out0.04154.h5	71a3cfb4d282b79d383c9e2e56b3b77e
torus.out0.04155.h5	ce26ae48984019ff0a8c466be08b080e
torus.out0.04156.h5	1afa4055b274c7c5d295e7d81adcc61f
torus.out0.04157.h5	2b2c0368ec09961da591f6df7d941485
torus.out0.04158.h5	47484f66c03faa0d526855c2e8f7201a
torus.out0.04159.h5	be533849f7c25ed6c4e1a130f5981b25
torus.out0.04160.h5	7b8afa1beda7a094298e1bfd802338a9
torus.out0.04161.h5	ca14c3f5b818c0fe057962744bf2da44
torus.out0.04162.h5	34b49656913b85f92941938b9e169991
torus.out0.04163.h5	3ebc3a2c65593b8735286f0730e1bf1a
torus.out0.04164.h5	b85ae074912b6ef7ecaf14fabcf62d00
torus.out0.04165.h5	312af8c09fb2c43dd5f379d759658496
torus.out0.04166.h5	1549954b92415327ffa60332eda0965a
torus.out0.04167.h5	8aaf49fc61e8f274900bf5370fd5d4b2
torus.out0.04168.h5	86ab91a125324f948ed4d77f58b99b3f
torus.out0.04169.h5	9cabaafdf80adcf80ce45078547639fa
torus.out0.04170.h5	58ed4142a66d174ae1f3c9f8c6d75319
torus.out0.04171.h5	ccb9fea4ed5e8ff63abcea06945d1f8c
torus.out0.04172.h5	43d04cf002f5f8a56baf03cdfaeb65a5
torus.out0.04173.h5	051d6832a074683375e2deeaae024fae
torus.out0.04174.h5	1904fd59428f64d7a9d6db0918dc7e2e
torus.out0.04175.h5	eb40c98892b43b668d2915cc7bd1eed4
torus.out0.04176.h5	8a9dd0e7ecd0ae544aa7733afb7d5b19
torus.out0.04177.h5	622947d2f0995cc420562737b4e3d9b7
torus.out0.04178.h5	3098e2e0a49308b676c0c5a56c3f8967
torus.out0.04179.h5	637965467c005046619a374a7ad64ee2
torus.out0.04180.h5	01f7d8e2b3c01ba3f1dceb385ecad84c
torus.out0.04181.h5	02c5edfe3a25d330b208f8a01dedbb27
torus.out0.04182.h5	c84bda74381efeca7c291bf1e2f4a03a
torus.out0.04183.h5	a0783784240a2eae8d2e671e3d09f6d5
torus.out0.04184.h5	3af9e36232750c8f845572dc83df87c8
torus.out0.04185.h5	08129700d57c1c47d350c4646b14f6f4
torus.out0.04186.h5	b38c8369a04c4e1b424741629526deaf
torus.out0.04187.h5	d70877f11539b0532b5e72f7e52fce49
torus.out0.04188.h5	fb33c7ad31cc0ea47280ea5b0ebb3868
torus.out0.04189.h5	3e90f6fd9f884f51e9a2f4255ad0615e
torus.out0.04190.h5	fb02274b79232462b2b9b507c98b41ab
torus.out0.04191.h5	e81e74c204ddecfadd06c37b3eaf96cd
torus.out0.04192.h5	977e3d74699fc3e5a0f1ecc47078405c
torus.out0.04193.h5	67d26d63fd2a1cb663ba6d671574e5aa
torus.out0.04194.h5	41f7dd18315395213ac58033851c1fbc
torus.out0.04195.h5	a7f2b444992521816f8619c8d4698a4d
torus.out0.04196.h5	73d1a0dc23071ed60547aa6dfb2423d8
torus.out0.04197.h5	1e4a07a413abe9d5896f9ae17ec2bcc4
torus.out0.04198.h5	e0a39aaa0aafbe9d5dd3ba8b352e3314
torus.out0.04199.h5	135525c1e831dd151dc0f3d8ffb8ab40
torus.out0.04200.h5	38d7721853bf60ee58ddcb93075196de
torus.out0.04201.h5	cd66d61ba5561daa50d3853c70a54cd0
torus.out0.04202.h5	a4546b91aebf66ba3eef5fb34be26fc5
torus.out0.04203.h5	a41290ff8ac5701b5fbd7143a4e736d2
torus.out0.04204.h5	eb0a9b0205c3e2bdfd708da0326ea277
torus.out0.04205.h5	3fc061589f8dcf5f60ad623a22e63254
torus.out0.04206.h5	2af5006b0a46c606e96bf587855f4ef8
torus.out0.04207.h5	1341a50035af7e411017f52a2739927a
torus.out0.04208.h5	f1e2ddf94dc5b151e15028200269e612
torus.out0.04209.h5	b0dcf245ee58f695355b76912be6a594
torus.out0.04210.h5	87d35526de150f39f10d3434472b370e
torus.out0.04211.h5	9593cc83490ffb0cd53ad5f62a220981
torus.out0.04212.h5	b83b9a3a61ee5a65c723e64a64b9de93
torus.out0.04213.h5	c5997a1ea3b2a18fed0c73927262aa45
torus.out0.04214.h5	fb7542b3b13a6a1893645ae578825a87
torus.out0.04215.h5	32df2f0157d932cac846d538c899387e
torus.out0.04216.h5	5a03313834d11712b42cfcb1b40f7127
torus.out0.04217.h5	977f5afe6b1f79c5ef547bf528ebf9f2
torus.out0.04218.h5	fb17d3961481eb7d9daaf436f1ec3acf
torus.out0.04219.h5	f597dbadd2515b8e01c31ddd4e742d71
torus.out0.04220.h5	6c363f4a6d76d546323c86529b0501ca
torus.out0.04221.h5	1d33a04e86be7a118f232959247d949a
torus.out0.04222.h5	028df1b4f22820914b6b2cff5a360633
torus.out0.04223.h5	90f12f7bb08682d3bc15cc2090b02a3e
torus.out0.04224.h5	cf52de09571483963d3ad5c35e207458
torus.out0.04225.h5	241cd22ed7454fd607049c74b3642d84
torus.out0.04226.h5	7514892d9e73c3f79065d4d2ae71a71c
torus.out0.04227.h5	f5c5ce72d5a3bf07f5dba4655d97a654
torus.out0.04228.h5	a3a75fcec74c3ab304d87b7a5488cd2c
torus.out0.04229.h5	4e369d3e94d8dc814315bbe534f8c506
torus.out0.04230.h5	158a1b177a9396d26a8e65e020c98202
torus.out0.04231.h5	94dc6a84057ba16d3c299b2f46627a2f
torus.out0.04232.h5	06b91068704f54fd388a1b3031e2d64b
torus.out0.04233.h5	72eb9ba601b9988138d58ea75fe435e7
torus.out0.04234.h5	2ccc6a66238338c7c326624ee4798e51
torus.out0.04235.h5	8e2873b403af9b3e00a2c05b256afd20
torus.out0.04236.h5	6059deff1da61c65678cb58ad6afd3ca
torus.out0.04237.h5	ef846e80d519837937403bc08e777a6c
torus.out0.04238.h5	09cc31873f71ac6334318799aff8316e
torus.out0.04239.h5	ed2ad1326610015f281b68d642ba5ff4
torus.out0.04240.h5	416ee01f61bb2d499c5252f1db188b30
torus.out0.04241.h5	0f1c4971a3ce58c31914eaf863d0365e
torus.out0.04242.h5	1cd92da436078b69dfc19280213d3f47
torus.out0.04243.h5	cefd2192134e1bfe891dd7eb6024c643
torus.out0.04244.h5	22a44faa58bd8132444227bc9b58806b
torus.out0.04245.h5	8e06795c349cef57b6588bd8dc0c37c0
torus.out0.04246.h5	1349482537166c7145bac592845fcec2
torus.out0.04247.h5	8c871b113469d15942e8d72f8c280a9b
torus.out0.04248.h5	75a5b1208d756fb4390df3b8ea1feca4
torus.out0.04249.h5	3b2004021ae1e1d693aef3281fb62e39
torus.out0.04250.h5	0a3d4bba2efdb8f034c806ddb0ad2ce4
torus.out0.04251.h5	187ee953ab381f5f6bc1997a90c31152
torus.out0.04252.h5	f3426b980e40b38170aa8fa68cd9e879
torus.out0.04253.h5	356e410ea5667cb0126ee7216dbac119
torus.out0.04254.h5	f516c5e2890c94e3be50a588f3b41ec2
torus.out0.04255.h5	9a69ba99a1d0786cc17dafc9469d6671
torus.out0.04256.h5	b6007089fa575da3f30ab798a16a27ae
torus.out0.04257.h5	0e3e117656c0d6a0b3a8e478711e7798
torus.out0.04258.h5	a24352c3f21f411e479f2aa688f284fb
torus.out0.04259.h5	945d5f97428de528896abb1b7f32ca95
torus.out0.04260.h5	6375ebb091c0e3f014250b9c3d661111
torus.out0.04261.h5	fd9c96320e3829978b9798ab294ba561
torus.out0.04262.h5	e529468bcba8bcaa1e6ced903b833d98
torus.out0.04263.h5	3cf71b04d40314acdfe63d969828dd79
torus.out0.04264.h5	6437737acf16f68e5f4fee8734a50aba
torus.out0.04265.h5	5b2ae5f4677176cc89a5582ead3c8044
torus.out0.04266.h5	f3ebf262d720a8fa17cc2a587520d44c
torus.out0.04267.h5	dc1e23276a9cd25007e6851b25ee2377
torus.out0.04268.h5	bb7791b10f5ff2a361b4d06b960cf62a
torus.out0.04269.h5	3ccf299b34e5fe0f926054efde0eaa6f
torus.out0.04270.h5	355a748e139916fc85220e42ce85af92
torus.out0.04271.h5	7a8f0a945fdd014a79dc90bde41c0034
torus.out0.04272.h5	ecc7cbb03b65939fdef63874b0fa07a8
torus.out0.04273.h5	9ee8830b59b6bf4f04d141ee9743b76b
torus.out0.04274.h5	a976086d9d66ce9ef23fb7fbfdbac301
torus.out0.04275.h5	1cb3f7b957e1f2c8a5bbc2b16116383b
torus.out0.04276.h5	c3918a719158bea77f2901849308eea9
torus.out0.04277.h5	881a3c7735836665e6413caa6ce1fd18
torus.out0.04278.h5	4719531b392d7e51279e98b324e24743
torus.out0.04279.h5	75c3aca922d4cb491987dfdc1208eada
torus.out0.04280.h5	59657f3a1519e8f90135425a770292ac
torus.out0.04281.h5	2d17941be4e76f6503d17dc7b32a786c
torus.out0.04282.h5	780b9bef42341ac21bff4df0f8205d75
torus.out0.04283.h5	6c2a39be32b6b4f411c1e4ec08317f2b
torus.out0.04284.h5	f0c5babbf3549fc733e07eff14d52dd2
torus.out0.04285.h5	ec680a054b9807c6f708568d1742607e
torus.out0.04286.h5	619106845010a014a1a7e47fb8a52208
torus.out0.04287.h5	3e3f23948a4e0e42c8c689915eef2d9b
torus.out0.04288.h5	00ecd156d37b7a33af203bec529072c3
torus.out0.04289.h5	2b99af79a1f917e6cf7398af0544b13a
torus.out0.04290.h5	e823a6feb2cdb5d8df951ab878cb0361
torus.out0.04291.h5	32163a1168c13f04665bbfc979d97ae3
torus.out0.04292.h5	49c43bea8acca1cde283bbc3e0c889b7
torus.out0.04293.h5	a71bc3cee14a55b6595e92d1f86eb96e
torus.out0.04294.h5	ba63125afd1ce3afa2decf03e6cd6593
torus.out0.04295.h5	8bbf63ecd235af9b85a95b735e8adc39
torus.out0.04296.h5	ef7b8b82c53a020debc61031c120dd6e
torus.out0.04297.h5	0297a0019ecdd713e5ed67b35e3823b0
torus.out0.04298.h5	7c55c9a558529535df623fd16d82a8a5
torus.out0.04299.h5	0eddb256890c66143b65dd7a41d2eadf
torus.out0.04300.h5	1a15bee5b425ca0ab863181a1a6b6ee7
torus.out0.04301.h5	fe04d89094213de938e609d72a26289c
torus.out0.04302.h5	cc9f80d330469f063fdebc7ec7866032
torus.out0.04303.h5	d38174434c0e36da30459e826724f875
torus.out0.04304.h5	3d0ac058c5f0ad2feedcba661b6ef680
torus.out0.04305.h5	f4c744b9df6653764624da4e2b14775b
torus.out0.04306.h5	b3d51f367e7ccb6d0c44dfccf758270e
torus.out0.04307.h5	4a69be2ffc56107f0bbc45e2cf51129e
torus.out0.04308.h5	0d04fd899b27f757ef4d88b13fa026ac
torus.out0.04309.h5	bb429ccec42dff7811939c38f626dc97
torus.out0.04310.h5	20f80c89d902478c7be11b5d44639b59
torus.out0.04311.h5	cf44d99422c1840be63d38b0b778468c
torus.out0.04312.h5	827e2b8a20063ced7ec4d025803dbdbe
torus.out0.04313.h5	2f9da9d34672707ce9423a5239abd96e
torus.out0.04314.h5	4582d1fec1f8b295b8a330fa30c2aa7b
torus.out0.04315.h5	709136d501e49c4b18e7fa4b07412b52
torus.out0.04316.h5	3e2578a50413800b6809cbd2ea933d6b
torus.out0.04317.h5	d92035b21b5ebed625f21f7b23669152
torus.out0.04318.h5	45a761b39ba34a194c882b78945eb568
torus.out0.04319.h5	b7edce12312b06a95f4e7e666f795fb6
torus.out0.04320.h5	7e10481faaf7708fa2a02d5565cbb1f6
torus.out0.04321.h5	1a15ada950630862c26f5a2c234f441b
torus.out0.04322.h5	f627ccf52c9febedecd776721c357410
torus.out0.04323.h5	6a6463856235c3277e1b665c4caa7bbd
torus.out0.04324.h5	ee5aa3a19925cedf85e3a82b531a3eae
torus.out0.04325.h5	9fef67c9e449d54fc54b521fc7439bb3
torus.out0.04326.h5	4983b4a48ff4b7e841df49e51b63587f
torus.out0.04327.h5	fa3d75768b2240d6fad796f70b7f6439
torus.out0.04328.h5	74ae23d54f6ffda192274e95b00bcc83
torus.out0.04329.h5	ff8e96aca1cb52ecea9a92e8cfdad14a
torus.out0.04330.h5	484218b9cf28d7ea158624eb439112ef
torus.out0.04331.h5	0830f88072457b82898657777629fae6
torus.out0.04332.h5	fd3714a05c0368e11a59b32c29b940a5
torus.out0.04333.h5	7f5c816d08b358699b769e8703d0ae26
torus.out0.04334.h5	b2eb5c7b4a7c21c01acb00340b79737b
torus.out0.04335.h5	272e1ab0baed7dafd306f80d1e79e2e5
torus.out0.04336.h5	a5ec734739a58fb4c006a2bc9cc71b4a
torus.out0.04337.h5	92b5713274b9680be7eac14ec5e2a8af
torus.out0.04338.h5	74d5c33a883d5ac6f68700620fa9d6fd
torus.out0.04339.h5	455a8d5a1a52189c7234d95f3363a0e0
torus.out0.04340.h5	903d4c07ece34a4db2183d6c6fc74877
torus.out0.04341.h5	265e0cd33dd338336aff4c9375376d2e
torus.out0.04342.h5	247cb96ab7bc549a755f85edbad2823a
torus.out0.04343.h5	d4c4a0a5f4de02bb77d3b34bf4e65166
torus.out0.04344.h5	ad0ed592e9cdbf42468ea66b57660ca3
torus.out0.04345.h5	d4dd5009ec2dffe47623c25b0a79e997
torus.out0.04346.h5	693d046801183cfa9253855970f8e0bd
torus.out0.04347.h5	4e267414889b26db2ff40b569aa58525
torus.out0.04348.h5	673af9f3d0a7d212f5c418e482377c5a
torus.out0.04349.h5	c9e339c018e9b73392468c047235161b
torus.out0.04350.h5	c2d841895b9f1c1770c2e54785fcb33e
torus.out0.04351.h5	85633fbbbd0e14cad02be7975974457e
torus.out0.04352.h5	d8a431d5ac368ca80e5ae6f146e7fdef
torus.out0.04353.h5	04a90cf52993955e441616b20b64da62
torus.out0.04354.h5	a870364970e7e5eea6fb2a76934153d5
torus.out0.04355.h5	35de4438aace518f693e350513f70aae
torus.out0.04356.h5	9b42100c795938ddd4d323242ab2e27c
torus.out0.04357.h5	11b702d527f50d49c8154c123bcae35f
torus.out0.04358.h5	d31a5151eeb4b9dc518588ff9f1c90e0
torus.out0.04359.h5	fc27b94d71a3585ac92800cdf3fc0311
torus.out0.04360.h5	e696bb4a30220a768c20dd5e94121d87
torus.out0.04361.h5	a1ed08764fbcd857a7d854be3486199a
torus.out0.04362.h5	a4f236d12ec66054be365b672fee0a29
torus.out0.04363.h5	8b54cdae1cbcab5042861b0f138ebc1b
torus.out0.04364.h5	d4c18f38d8027f05a6ce82c3c9ab92ec
torus.out0.04365.h5	5f3ef6bf3284618e9380b23c2881a597
torus.out0.04366.h5	6d0ff8a0445d8cd1c5370a87d436e7ba
torus.out0.04367.h5	0446eee3f38e1413a941191563a8a162
torus.out0.04368.h5	6c1520786fc22ea804e2048f8f7c86ed
torus.out0.04369.h5	ebffe766d5936e265a89a607125b4a4d
torus.out0.04370.h5	80b1cb71a8dd904be6a788473246afe3
torus.out0.04371.h5	5dca4463e303bf4480e4e4648cc2c4b7
torus.out0.04372.h5	934a3e4d1478bd656506f8e38df124c5
torus.out0.04373.h5	5f58253810ca7a49a3ac41bbe0a6abb0
torus.out0.04374.h5	235e6267160fa72ae7a5d41afba9b44e
torus.out0.04375.h5	79c2954fbfab9c91ee8bed083258f386
torus.out0.04376.h5	db101ff1843f21c13ec9b66c8a136717
torus.out0.04377.h5	5130b59f3cf1a4cddba6ff6d624f603a
torus.out0.04378.h5	fa4412cc42ba9a6717c6b7ee1c466e0b
torus.out0.04379.h5	83656705989e661e531b6bb504062073
torus.out0.04380.h5	9c6b9318f043808e829a6eb48b225487
torus.out0.04381.h5	aaf923c0256ff226b25e7720db44f7b6
torus.out0.04382.h5	f6e4477ecc8a49a76295c20d56d7e5eb
torus.out0.04383.h5	c20d96d646a1de0fe4bf1b15781e414f
torus.out0.04384.h5	1b94e3bbaa6c6f28253870f5a1776d8d
torus.out0.04385.h5	910921aa36bf0fb65dd7685a943bcf39
torus.out0.04386.h5	ffff82f56511febf5473b3f7498f0202
torus.out0.04387.h5	0976a7750fb282d14eba6697f9f2010c
torus.out0.04388.h5	e5cebe244c8d522b03b048be046a7759
torus.out0.04389.h5	40f03d200050ac503dfe50f7fae6f318
torus.out0.04390.h5	c08d6ef3f479a70b177933c175f33078
torus.out0.04391.h5	24da35f2de44f3413f0d7ce08cfda09f
torus.out0.04392.h5	00e62c1937f0661706eaa229b3ad97e3
torus.out0.04393.h5	350a4c3f02f69f57d8671e9105902b9a
torus.out0.04394.h5	a1aedd22abc9fc1fccd23a0b4708dc51
torus.out0.04395.h5	5de02247fe56630e23759465eb6995c0
torus.out0.04396.h5	55d1f964ed41abe0343009b4558cff6f
torus.out0.04397.h5	24b1edce8735a2194f220af50c1f17a2
torus.out0.04398.h5	fc65670de0f12b53539f8dff1d4321ec
torus.out0.04399.h5	fff9e68e45288f6d5c9e6ffb89a6f7b7
torus.out0.04400.h5	2b8e2b0b802de99b91225bd64af3e534
torus.out0.04401.h5	0c2d96ef6f69ec810610052618043903
torus.out0.04402.h5	7f0073e89fa7f37c0756057ccbf1eef1
torus.out0.04403.h5	b9aa906db07c6d7026cbf98f0681b1fe
torus.out0.04404.h5	2eac08cef3c55ffc9df06a2db5e7d6f1
torus.out0.04405.h5	d16198c5a1086c158d09d15ef1e16206
torus.out0.04406.h5	2f5d012d472040e6801cd71a23ea4b21
torus.out0.04407.h5	48f4de1da5633636d785bc81a5801ac0
torus.out0.04408.h5	f57a64e2268b847e4b70d80a85e08e3c
torus.out0.04409.h5	ad471b250711e922dc2500094c2e9ab3
torus.out0.04410.h5	f69580ee7ed8843d00da89fd778345de
torus.out0.04411.h5	7d289bf7ec1380e5a5ea8bd8269fee53
torus.out0.04412.h5	f3e7b7f895a55dc7ee5180d34d60eae1
torus.out0.04413.h5	ef6dc71be6b61b1da75c2ea0aab4286f
torus.out0.04414.h5	026745e5b509c655b07e74e97f3e19e4
torus.out0.04415.h5	e12a306f6e31169dfb19bb3c2959bab2
torus.out0.04416.h5	f3cc54208b430c5021cf15b3c2fae5b3
torus.out0.04417.h5	11f2f22e7c77069a32a908a6bacab1df
torus.out0.04418.h5	cb4ebc765d4827b3c412b6c5f888541e
torus.out0.04419.h5	76218d615a6a4fe76b30412e035e38a0
torus.out0.04420.h5	a7a15e4617f893a014264605866df0aa
torus.out0.04421.h5	7915f8790d049223ff6804e0de35addc
torus.out0.04422.h5	1c49d37ab83c1e540f1d21284eac0c7f
torus.out0.04423.h5	7f28a67de74fb7f8bd0c672bf928c499
torus.out0.04424.h5	919c2f5b30ccd6c1c9786b07a30e3e88
torus.out0.04425.h5	c97b0de5231dd3e8396beeca5227b34e
torus.out0.04426.h5	29a101cb7177b41716871e452131791f
torus.out0.04427.h5	425a6eccc3665cd624327e4c2360d090
torus.out0.04428.h5	2563048b0e78fcd8c2b19e0975a3d692
torus.out0.04429.h5	0584edea38e96633e5622d86579c6ede
torus.out0.04430.h5	85bba10ebd3fe885d1edf2f4791bee2c
torus.out0.04431.h5	b8e91d1cb81994243b525135ab7903a0
torus.out0.04432.h5	23afd5ae3b5ef94c33dc3f069f06708b
torus.out0.04433.h5	3b862b6e4e602fe7735723221242d2c8
torus.out0.04434.h5	73a6af8494ea8b78ae1d90568e00781b
torus.out0.04435.h5	e2e573247c6ee49c9d494ef03deb0230
torus.out0.04436.h5	2e703c79ff33e8ce2b191fa2b85c7d78
torus.out0.04437.h5	4feb8aae8dd0b3dccd097138d9aa06e7
torus.out0.04438.h5	9703c0d7cc19a51a31cd6a6c277f2113
torus.out0.04439.h5	bcfc9786ed9b2a17bb95a251a826b185
torus.out0.04440.h5	fffd6572c5f794e57338ce1c295572da
torus.out0.04441.h5	cccd050f89f7815315e2373f86355aa5
torus.out0.04442.h5	51a067fae2d1cdda28ebc61f63e77904
torus.out0.04443.h5	b691464911bc7eabe8e2533de557fd5a
torus.out0.04444.h5	c70e2b343eddc7cd6792c6506bfc4449
torus.out0.04445.h5	f046e1a5962f506e78f0b91b092a2133
torus.out0.04446.h5	a5b0e1d2d9ea0a6c14d0013525db8944
torus.out0.04447.h5	fa8c9566d4173322003b72478cffda3f
torus.out0.04448.h5	16cd68c6d373dd9d25cf8f2751815af2
torus.out0.04449.h5	59ff916df4c76165ef6ffefc9a82834a
torus.out0.04450.h5	3555ffc34f6818032df62ddb19cf3989
torus.out0.04451.h5	18583de0ee04806cb823ee3a78d6cd54
torus.out0.04452.h5	6573852a38a79e4c39f53b35ac906c9c
torus.out0.04453.h5	77ab22ab63a0ffc444613dd829623ff6
torus.out0.04454.h5	d147dd095e7df0f5d365b8ff9a6b49fe
torus.out0.04455.h5	dade7d2fe6b1290053ea92bbf5c96840
torus.out0.04456.h5	8044adea977001e7400bb35ed0f9c518
torus.out0.04457.h5	44cadd2e5d80d912114c407feff55a83
torus.out0.04458.h5	d7e0cd5d21a9e669bd818ee9fe9a23d8
torus.out0.04459.h5	8d55f39ed7bbb6b4476f2c5fb4c8d6e7
torus.out0.04460.h5	054cecb29b7d630e77af2f8fb1793340
torus.out0.04461.h5	1396d09abc35d7004ecc97cef269a443
torus.out0.04462.h5	555af0053b2cbf730bc25fdf13e117df
torus.out0.04463.h5	ca416207f25e3d9cab490ac82bcb7ecb
torus.out0.04464.h5	aa5e7f4274356dded407dbcbee3e2a82
torus.out0.04465.h5	b86c828cd0bcc9c3a0715bacadf1bac4
torus.out0.04466.h5	a8f0ebeefd38d52bc97ebee0982dd86e
torus.out0.04467.h5	fb7413d237d84362a523867b3d45b95b
torus.out0.04468.h5	f03375a4bc646fb3afee29978973ed41
torus.out0.04469.h5	33f4f7f70e717ee7954bf1f6edc9e850
torus.out0.04470.h5	134197b5d05fec8821b4cff885de0f08
torus.out0.04471.h5	ad8e2cedbfcf4aa85221dce1391c678c
torus.out0.04472.h5	2d82e3470c9a678306e473fcda63e343
torus.out0.04473.h5	3392bf002d5bb615658977e1f6b76033
torus.out0.04474.h5	5c4d4795e402206db1b750ce2f33c9ab
torus.out0.04475.h5	f970e24a3ffd4778a90894aa054ed0cf
torus.out0.04476.h5	15d5b812e6b12fe892d3e3dfa8ae471a
torus.out0.04477.h5	bc0ed806f04ec28ee16805f4be17e859
torus.out0.04478.h5	3fadb3d223fb920d0f9571fd180d55d8
torus.out0.04479.h5	e59260283f45c555bd06411816fee003
torus.out0.04480.h5	b59284c449727d4b6fb29fd0bc2a7545
torus.out0.04481.h5	cafca7f74fc2417073438b84bae91074
torus.out0.04482.h5	ce01feb8e49f200dd82e46755bcb0cd3
torus.out0.04483.h5	7b06a0973029e5a1b12afb43f911cfa8
torus.out0.04484.h5	c3ce4424c4bc097ac335c7e73662e010
torus.out0.04485.h5	ffef59592d012922121447b6c8f1e4b3
torus.out0.04486.h5	50922bcdb901efbf828836c287381e2b
torus.out0.04487.h5	e0be4d13b784b5b994f0102804b54d6b
torus.out0.04488.h5	b2e7f286787eee520dc80bfa6f10b7e6
torus.out0.04489.h5	aea4c006990a8226ceba82d93dc8a14a
torus.out0.04490.h5	352c272d2f4a9ff880050bf76fe36884
torus.out0.04491.h5	0b6c94231743d2e581fbff46c3f931de
torus.out0.04492.h5	2f2c9794dbb3a47f5cf5f2c6146adee1
torus.out0.04493.h5	160592d3c920d03c070ddbafbfe1b8b1
torus.out0.04494.h5	da9ba169e4bf3a54370911729813d2ae
torus.out0.04495.h5	b2f00be42f76e6b23f782f4dfa6bd912
torus.out0.04496.h5	d2f058852a21c069a64233439bbae07a
torus.out0.04497.h5	720600682f6e75d47bfbdde654f0c7de
torus.out0.04498.h5	dabb9f45415934d149bcd574339b190b
torus.out0.04499.h5	6f235785b91ba0ed4a0628a056ee147f
torus.out0.04500.h5	8b7b32b8086cc29fab32eacc8d854e2a
torus.out0.04501.h5	c06c66daac5004a7796b6024f504934b
torus.out0.04502.h5	1a98867904ad940df8d8c843e7f1f143
torus.out0.04503.h5	11883b7578dd2ff6ab6bc71f02141f5c
torus.out0.04504.h5	8fc24c1f2e2e0b53bdba7591904f7157
torus.out0.04505.h5	3c76f78398c0f86dc69aac7542521b94
torus.out0.04506.h5	21316739e89fec8520731a8392a9f221
torus.out0.04507.h5	e3b607a228e683605aecac4183584366
torus.out0.04508.h5	2b0576e98ec4363079e93a5df5fc4170
torus.out0.04509.h5	17ec48583bed040d73b0a179c97bc1e6
torus.out0.04510.h5	be88d0c96f7cf49f0c036b9e9b1c6de2
torus.out0.04511.h5	d3a0f492f8e0807a579e45f4cdc4ffe8
torus.out0.04512.h5	8eca63bd6ba98371bd2cad5775eecdf2
torus.out0.04513.h5	eafd94cac25708af61a7e1d2da5eb702
torus.out0.04514.h5	09d0a1378727adb589e945f3fc64bd8c
torus.out0.04515.h5	b62f95a34036b25eed3538ee21d3f93c
torus.out0.04516.h5	a1e8660c5986fceccc76c13d8b12c795
torus.out0.04517.h5	bae0c7f95b5e8fc4016dea84395c2d74
torus.out0.04518.h5	dec0760ad1b3645b7190034cff077af7
torus.out0.04519.h5	b518a431f22e37df56829cd93e24eb50
torus.out0.04520.h5	632a97da4536c9049daf66cc4e0a61ab
torus.out0.04521.h5	09745d76ea9ddfbcf233fc317f41908a
torus.out0.04522.h5	e314b37c112379cbb2da53b5919deeba
torus.out0.04523.h5	bdb2ad510cfb6b74b8b4b5863b063983
torus.out0.04524.h5	da0226b5d89bd31a9914ad8734829dc1
torus.out0.04525.h5	0b484cc6b9cda1a6c57724e7b1bf7855
torus.out0.04526.h5	d1ed8fdda2964791c3a50c6dae0c163b
torus.out0.04527.h5	30ead6dce5370bbe0950f0b943794470
torus.out0.04528.h5	2ac4953e59ce26b5652141614a8bfd1a
torus.out0.04529.h5	914921311da95d3dd3317e8940a59c1d
torus.out0.04530.h5	0a446a3ca29d258cd56816ff4d968bd9
torus.out0.04531.h5	6d20e24f216e1104b1e30935952a02ba
torus.out0.04532.h5	afd2525793878a74be443ecd926660c3
torus.out0.04533.h5	80266b26f7dcf92d2b8bc389f5d9d4b0
torus.out0.04534.h5	d6b8649da0dafa07328c5876c724a31d
torus.out0.04535.h5	ef6f81851e42f9dd5020cd63f4e49dfa
torus.out0.04536.h5	de59fd4c93719fc4ec0a648dbeb5bc6a
torus.out0.04537.h5	2f022021e355d884577e8e0d4864cdcf
torus.out0.04538.h5	48736e02432b3cef9a6fa9872ba97c93
torus.out0.04539.h5	71701bbee84f6270ba5fb8c6585dc1fb
torus.out0.04540.h5	38709d29c1e1806bbd35bc4b18c9cbba
torus.out0.04541.h5	015c744fd18857825bc6ab9792eede63
torus.out0.04542.h5	4adb4f85a88b025419e3a61d390de57a
torus.out0.04543.h5	d338b4b397b552921e608639bd62b516
torus.out0.04544.h5	8aa905b9869c02d39171eb37fa25c565
torus.out0.04545.h5	480e7a6a7f8afe6bd3740d7c29f7a049
torus.out0.04546.h5	4999cbc171337d14aae0e3d4f343cc53
torus.out0.04547.h5	6977fd07e1de9c427217b3bbb2101fd1
torus.out0.04548.h5	14d417ff06511778b2a5725d12abf0af
torus.out0.04549.h5	e57a17c942dff863efb66bcdba00cbb8
torus.out0.04550.h5	caa71e244b510d635ce56b96e2a95c04
torus.out0.04551.h5	97eb625d398cb552374ede7697ec8862
torus.out0.04552.h5	45121f64ae6143c06b0b1b6ae8f75dcb
torus.out0.04553.h5	b1b3bf27cbf7d5b3c38023f8d1e25204
torus.out0.04554.h5	85d976b4f101dcc4ff1cc6d7cb622a6b
torus.out0.04555.h5	39ec47c30080faa90be68b43afe4d23f
torus.out0.04556.h5	2903d97bb8c4b1336d0abc7d5c34a04a
torus.out0.04557.h5	f9ca66e60c51edfbeccce160f8d2c294
torus.out0.04558.h5	bebbfd4f4ecca8a2061b946902c5caa7
torus.out0.04559.h5	23b4295781d39395f2a403bdc65f3c27
torus.out0.04560.h5	8e24b1b3618fbfdb6c399f1a6a1be5e5
torus.out0.04561.h5	a21bc54895695c34e2ab3a08c4ee8d90
torus.out0.04562.h5	5894320fe7aaab0822cce3164354204a
torus.out0.04563.h5	c661d6084d8812b9eb5be19b4618c58e
torus.out0.04564.h5	ae6211cc271817fa895e2f86ad334369
torus.out0.04565.h5	c9baf08cb39bab019e463b6d0ac8b2ad
torus.out0.04566.h5	21a5817c76e745de3b9565bbf4ffc291
torus.out0.04567.h5	5964e8d87e0d5dfca4647c469ee0bd2f
torus.out0.04568.h5	87a59105300353e4aa411b78536a5182
torus.out0.04569.h5	7d0e4cc9a1c5848caaaac5cd2dd905d9
torus.out0.04570.h5	5dff14696a0db2d5dc612d346333d8cd
torus.out0.04571.h5	563b55368bfa27983e8db535a6554d93
torus.out0.04572.h5	4f253d789f310c652c9352bf40d37a25
torus.out0.04573.h5	5cfdccb4404190192c4de54b11d12610
torus.out0.04574.h5	b36d6f485a0d8941d410d7bcffb8d025
torus.out0.04575.h5	66f3d73c3c7b37157283fe2e3f75eaf8
torus.out0.04576.h5	a319e9b995cc555d87f925af015e8c8e
torus.out0.04577.h5	2d4bb9f5ecbcb728b02d85b660151e59
torus.out0.04578.h5	c4423d5112b5b91c169726619fe59960
torus.out0.04579.h5	6ba1e39b3838484b7d3bf0074d18a52a
torus.out0.04580.h5	d0c12fbc98591d1e2e59075ad7082b2e
torus.out0.04581.h5	3afe0835c0dbc783e0e5ca19e67e3ba6
torus.out0.04582.h5	16cdca242d7d7cbaa0fd7e4f4c6bbf17
torus.out0.04583.h5	2bc20bb8a13b03a313049f6938c67239
torus.out0.04584.h5	f3ab7c2a250d0d21899bae67c907a799
torus.out0.04585.h5	556b8eb4ad64cbef95afb815bb984ce5
torus.out0.04586.h5	0ed3993eb39508ab3112fc196e6ceba7
torus.out0.04587.h5	11bd7d2c5f3dd102993432fb59e0ada2
torus.out0.04588.h5	e2317f5516f6ad9c944a974375d9d4b0
torus.out0.04589.h5	a5eda5c499579159be09ec3ee4a3410c
torus.out0.04590.h5	da29bbca0429be3bae9256f9d43ae083
torus.out0.04591.h5	5cc3c08cfff6c479a471a14463dcf90e
torus.out0.04592.h5	dd2850b7c64ac5c239d2e32942850f30
torus.out0.04593.h5	375dd7380499242ee9c6f396421f3463
torus.out0.04594.h5	68207d42133afb84748e4ed800f9602e
torus.out0.04595.h5	eb179bb24d49bac409ee7efb74474bce
torus.out0.04596.h5	f1a1676bd4b53384a5bf0727674bf6c2
torus.out0.04597.h5	f8cf183bd1cceed0a58ed12893b838a2
torus.out0.04598.h5	3e9293ce3f920fb4f8bc710152a880aa
torus.out0.04599.h5	7b65c2f5c4b89f71a0c644365af2bfaf
torus.out0.04600.h5	47a1d97ee311b194e5b678eb860a1836
torus.out0.04601.h5	c91abd436c6059931b3baa35a28d22bc
torus.out0.04602.h5	26dc3d9e24d7f61aa7bbd52d9dbde25a
torus.out0.04603.h5	a9c90ed826e4e97d03fba8a09d29baa5
torus.out0.04604.h5	a18253684341f0700c6c4389a1d64283
torus.out0.04605.h5	cf8068ecc15d8a876f466fb314d5bea1
torus.out0.04606.h5	f0b70f714d10ca07f17cc732e62df857
torus.out0.04607.h5	bfa5cd57ff9d755431d2fdb2babfb739
torus.out0.04608.h5	008e75a3089d84e7e055415c2388c844
torus.out0.04609.h5	e7f96ff07f63247ea6027dcec497b091
torus.out0.04610.h5	63a5b3f4fc4c500ffdb6c20071b3e1b1
torus.out0.04611.h5	54466ed16a170f95e155504a5123c834
torus.out0.04612.h5	9c50ca519308c5ebc62f48bbf44166ba
torus.out0.04613.h5	afb5baa6fa721d9f4ce22195e278e9d4
torus.out0.04614.h5	a79e8961ca29f3537fb6bff6d7fc793f
torus.out0.04615.h5	f9ac85c3c56248bd51b112786700ca6f
torus.out0.04616.h5	e2f6722cdc6381dab25d0576c8bc7926
torus.out0.04617.h5	dc57e669e2c90809fb0a423417a3c06c
torus.out0.04618.h5	58a7394dbc854091245ca5c6694ea4de
torus.out0.04619.h5	3569565ae8f38d192879eb22945c93a1
torus.out0.04620.h5	889a2fb556121a1c9a244b7860e1a34e
torus.out0.04621.h5	6b5b704f99a743e261dfa68113525ef3
torus.out0.04622.h5	da2f45014d9aeb601e293f5cad664b63
torus.out0.04623.h5	44620132cabae3dec3197ec1f47261d9
torus.out0.04624.h5	0c756675ef3f51ac9c08f7fdbed8f4b4
torus.out0.04625.h5	cb1405e93e404614e8ec29ebf8605e1c
torus.out0.04626.h5	a1d27597ea2109164a01d86cebd157cd
torus.out0.04627.h5	897c311ad9b497f5b31df4ecb65f8ab4
torus.out0.04628.h5	09c6177709154a05e5513278fc7b6202
torus.out0.04629.h5	983f3f9c8d17ea0afb99a7a2b594e8d0
torus.out0.04630.h5	0d5d7366eb13bdd796efcd0682a8834c
torus.out0.04631.h5	f4799dfae46d0d75faadd4c455e6d875
torus.out0.04632.h5	5be1a9d9cc803364c90ad6e84e285115
torus.out0.04633.h5	9ad34d790fd0f263b4803c39db05d357
torus.out0.04634.h5	7a52b41052eb8fe791e9097aa4052e2e
torus.out0.04635.h5	edac075042cf95d313a69803a70ab370
torus.out0.04636.h5	07a7d17e97acc9cf988973464229884b
torus.out0.04637.h5	bb95beb14cf3d9d30f0bd40b9e744387
torus.out0.04638.h5	6f586c07afdd2cee64eef44cfccea93e
torus.out0.04639.h5	c32cb3da8efba6be574331973403e3d2
torus.out0.04640.h5	92964a1c3b32a324e8fd688e693946f3
torus.out0.04641.h5	4db02b1cbf24d8619d41efd2a433b530
torus.out0.04642.h5	6cebbae9fdfa21e366e66f3db7f29f23
torus.out0.04643.h5	35fd90ef6dca593cb2102f4b3b7f5c88
torus.out0.04644.h5	2c45524a85ff0b91cf67984449005344
torus.out0.04645.h5	5ae8241a90f93436e95d8f57072f4ebf
torus.out0.04646.h5	7a2156a4c161c7584c7c1a80a436ad7d
torus.out0.04647.h5	f3e925b308ce30caa0c817d49a97cb2a
torus.out0.04648.h5	a00e59d854d00724af410268f83e8847
torus.out0.04649.h5	15d69557108f087baa59efbc685a29ac
torus.out0.04650.h5	5de718093ac22b4490f1e7b7c1bf182a
torus.out0.04651.h5	5921d58906b3b44cd3c6f08b3f8d0a53
torus.out0.04652.h5	b838ca2f231e230572ca63b63c4ce975
torus.out0.04653.h5	4dc2dd4bbcfc07f99d79e14d36a4ad7b
torus.out0.04654.h5	e524f22ee3061f1a652164cb944a4ec4
torus.out0.04655.h5	aa267d361a11408bff0064484ba625c2
torus.out0.04656.h5	d0a39c44f692377bbff29ee57374d169
torus.out0.04657.h5	dfc8d6f4c0666af1a1454005d02f2800
torus.out0.04658.h5	06dc4b670bc2e0aa124fa609bd21259c
torus.out0.04659.h5	b01452a7ddaaa15cd7d9457c2af8ce70
torus.out0.04660.h5	e1581a57065b10d0c384a126a964de4a
torus.out0.04661.h5	234a961b3295fb1d270421ddc804585b
torus.out0.04662.h5	a197e23c738d96016e59a40df3ce6c06
torus.out0.04663.h5	6b3bb0611dd6ec0c1b665382a78727fd
torus.out0.04664.h5	7d889833bba5251fbcbfcab3e459a99f
torus.out0.04665.h5	6b4c333c4f78e52e4a443ead503f9435
torus.out0.04666.h5	7b60759924e5d98e89d7894d62aaec60
torus.out0.04667.h5	13da6948ed7307f0fef81cd434756e08
torus.out0.04668.h5	f21d6ba7c1f9efdd02ce41ca508dbe15
torus.out0.04669.h5	ff87f2a1351122ef1449ed1c1d694aab
torus.out0.04670.h5	b99b220eae55a6e7ffbd9b9b6bcc00d4
torus.out0.04671.h5	b6f8357c3e27b68e3d665a45f1c22a59
torus.out0.04672.h5	67333d79c0aeccb88c68fc7405f564b7
torus.out0.04673.h5	4841d62e5c77c65ba24c06a9a72b881e
torus.out0.04674.h5	8d31f48c0c20ae54803dbe42ba016615
torus.out0.04675.h5	9a6ce89278a1f9204987d022bc037ebe
torus.out0.04676.h5	1d6580f3066564f7593b0ee7fcf703eb
torus.out0.04677.h5	bfa13b6ae71d81283a16a5bfffdb3781
torus.out0.04678.h5	d3ec49b3a4140d24ecaf6046f6f0bcb8
torus.out0.04679.h5	288d71afd99cec9859092088d43616a3
torus.out0.04680.h5	730e66bcab97052d75f44818bdde1ee6
torus.out0.04681.h5	539880a80fea0f83494d4bc03591f829
torus.out0.04682.h5	a954a992d8f9b7ba8c6f7727724f89fe
torus.out0.04683.h5	32d6b16136457d6a731ab8d7f3a0f921
torus.out0.04684.h5	cd57a307bfb36d66f08cb12776895fd6
torus.out0.04685.h5	4bf78f6072eed88ff6b5ea3300092e04
torus.out0.04686.h5	8ce1a5b6c0de7ffddc5833e75d18861e
torus.out0.04687.h5	8cd8cb5b3ed5056aab760ba9cec4fb46
torus.out0.04688.h5	bf149ba8e4fbc15a723b37503adefc4b
torus.out0.04689.h5	a6150c644b0cca0e4a2caca684cbe32f
torus.out0.04690.h5	73340b85b8d4b8219e3a3c059e0e0159
torus.out0.04691.h5	80f28451121f55837156885210f344dd
torus.out0.04692.h5	14c19a3d610c753068f96276e8bf04f5
torus.out0.04693.h5	0702728c76c33a3869528800beb084d8
torus.out0.04694.h5	ac86886d1116e214d2810c129144f341
torus.out0.04695.h5	1db25d1c7900278af4f586af577812bc
torus.out0.04696.h5	b94acc831889786c9771e87f3231499a
torus.out0.04697.h5	8dec96c36ec870719751a82f977856dc
torus.out0.04698.h5	c06b1132037a55e351733d140a868ddd
torus.out0.04699.h5	00d0f2cccd58552ff05a5d9df5b3eaf8
torus.out0.04700.h5	2aaa44d3263335bdda46825db5c6cd08
torus.out0.04701.h5	d182903307c1d15fc48edb5d67cb3881
torus.out0.04702.h5	849c2214a6e53b516af714d5a1a60159
torus.out0.04703.h5	21e49bc817068ca9d7c52b47aab1ba0d
torus.out0.04704.h5	39ddae44682f999105c3bc4e1c648bc8
torus.out0.04705.h5	6bad840111b7b06414426f498e8cc5a4
torus.out0.04706.h5	8976aeefa266bd6a3dd2a4a3102f74ef
torus.out0.04707.h5	cd9a15fd42199f2cf4dde5b4eab6e968
torus.out0.04708.h5	e187ad9533db212ba5d2085cd5a93e50
torus.out0.04709.h5	4698f743235c37435d4f9629bc242f51
torus.out0.04710.h5	07c70a4e09ef9da973b65de8a451c544
torus.out0.04711.h5	1c7569fbc1a443598dfabe4766030d81
torus.out0.04712.h5	dad1da8696106b2e581f4124e432cab3
torus.out0.04713.h5	d6979f453f311b1183c008d883348271
torus.out0.04714.h5	2481d7ef377d56040c4b0de0eebcb7fa
torus.out0.04715.h5	b79d415a978d4d45fbb148a626bce6e2
torus.out0.04716.h5	e80b04e255c48ec58ddd580962b0c418
torus.out0.04717.h5	b0ee30ce07100cc563b1910e43f2a5c3
torus.out0.04718.h5	deed1b1230ae122e927a5afac935dac4
torus.out0.04719.h5	d9a8a51d53bd28e1f7dde9dafdf24572
torus.out0.04720.h5	b185964ef2fece6b5f14b0c23789687d
torus.out0.04721.h5	d775d46f7687ca92bf04ef8d2b83ed92
torus.out0.04722.h5	6433e698b38b034b30f97b1730bad964
torus.out0.04723.h5	02556c3ef0ad257566e4642da1e67a9a
torus.out0.04724.h5	6b801fb539a8c94729bdbcaa38ff6cd8
torus.out0.04725.h5	2a6c71c1116ae0f9e532233a61217332
torus.out0.04726.h5	554abd60126c07ec4de2ce86d89e8b5d
torus.out0.04727.h5	9a2dad4b142f00760c37eff3bfd03be5
torus.out0.04728.h5	35c6247885b9764dce580dfdefb89adb
torus.out0.04729.h5	2a6d9b8ac3d5c9ae9b23fe7519f9c613
torus.out0.04730.h5	8ac02aadeb6dd44a44483f10462d44f9
torus.out0.04731.h5	0bbe28af23f3ae07f0e928f5b580b30b
torus.out0.04732.h5	91b6bdc9f28001a15845ff6d01837d4a
torus.out0.04733.h5	c51e45d2791e81b40af6d80bfd7882a0
torus.out0.04734.h5	66a469d0691c9f7b19b497a305fc1aa2
torus.out0.04735.h5	09647b6fe4836a3110afdbc836799f65
torus.out0.04736.h5	1c52bbaa0792b7f4a8ee7bc47c615caa
torus.out0.04737.h5	0533cfcb89e9ccbe2c294dcf33a53348
torus.out0.04738.h5	729f32f099a52cff213c85d612f85da2
torus.out0.04739.h5	d0f957acf6758f5ba525b168f8225030
torus.out0.04740.h5	72e1368704fb7b89bbb25b173106e54f
torus.out0.04741.h5	228485a6d6c5b28a0fa9423ee4cdbff3
torus.out0.04742.h5	97e17f476a0bff334403e986d0860e0a
torus.out0.04743.h5	3d6b9af92b80f12a606221deb1512ced
torus.out0.04744.h5	1c2b6d2c91f4fc24e9981a018030938f
torus.out0.04745.h5	43d092c12d58addc23f5cbfee2e466c3
torus.out0.04746.h5	eae7f292329b3a82a62097b307998c45
torus.out0.04747.h5	37ac0ee1ddb2e6e1576621389195e490
torus.out0.04748.h5	262163eb7f8d38c2b45f4f65e3aa39f1
torus.out0.04749.h5	265f6cf21b8313553d470b8c6ddf9431
torus.out0.04750.h5	ac4311e1dfe25e8ae440280ba3aefa87
torus.out0.04751.h5	f2426d87b87de4b119303f6c45980a61
torus.out0.04752.h5	69427fb47665407ab2444842aa3899e7
torus.out0.04753.h5	eaae2ce8f4661bc02035da6fc4cbaff1
torus.out0.04754.h5	0e386bcee473ee49b455a7ed52299f02
torus.out0.04755.h5	02baae194cb390c30405827b4b2a2132
torus.out0.04756.h5	1a8933f34329bfaadb936a8e4ae1e8da
torus.out0.04757.h5	237e17a9d4e99dc6140b079b7e9ef18f
torus.out0.04758.h5	90ac15a30438a79dfeb38bcfef3d8672
torus.out0.04759.h5	50cd0046c47a6e23a126cb06c0009ded
torus.out0.04760.h5	4467d03811ede98820ce5fa16ef21bbb
torus.out0.04761.h5	460a0f85af4b5a4a41b62657e6df712c
torus.out0.04762.h5	81807a1e36df10a4a49ff9e596501c5e
torus.out0.04763.h5	b9f767205895be5e2474e49e9e0c72f9
torus.out0.04764.h5	171f5baa074dadc583f6973ff62ca227
torus.out0.04765.h5	cf63da43d20a20d2c936b4834c0ce8c6
torus.out0.04766.h5	80592ef4b6d45d6b7e291b0dde0bbfe6
torus.out0.04767.h5	10d5d7daea53ebc1d9ecd7332aa6a77b
torus.out0.04768.h5	98eb4c4195227ab9f184f2f6f195ef20
torus.out0.04769.h5	564203db60638c7a4e49c9a5427c6c5b
torus.out0.04770.h5	f1a9890e86d539a23d3f2e6825edf46f
torus.out0.04771.h5	3ddeb387e48408c55441c2bdddf05fa0
torus.out0.04772.h5	96ce865a09fb39d5c2baaf81e46bab29
torus.out0.04773.h5	a52b961d9e03d52095b87038b5a29b02
torus.out0.04774.h5	7fe2be021aca307a7feea5538bd95fa8
torus.out0.04775.h5	67839bdda1bc1b0304a7eee370317f0b
torus.out0.04776.h5	d33e6041dc806ce1d34b69145829e991
torus.out0.04777.h5	bb9b68e45d0f81af1d02c2b71b62e907
torus.out0.04778.h5	ee2f4988a01eb7bcf60bd8670a7c0da9
torus.out0.04779.h5	d2e06af4b112b5c88bea6f41a471a211
torus.out0.04780.h5	3d4fcb01c5af73884bcdb137e92382a7
torus.out0.04781.h5	696c8b6a0485b223b695b95576a46cc9
torus.out0.04782.h5	e65eb94a7d4905895cc358acc9df2f67
torus.out0.04783.h5	2e2b38a7209ba8a7f43fd9440ffc24cb
torus.out0.04784.h5	0f542b3f82788573cba18c069ec29abc
torus.out0.04785.h5	6b51ec6776f6a36069611f1e667a1929
torus.out0.04786.h5	920fd189e879d0965cbcbe570a42c0fa
torus.out0.04787.h5	cea40a1ffc2761bab1feafa534614ea7
torus.out0.04788.h5	4a63ed2d94c83460f6170435474d21e2
torus.out0.04789.h5	378f5b2a92eaedce69cb32f162019c98
torus.out0.04790.h5	a5ebe80b1f7bef907580ce5ec840434d
torus.out0.04791.h5	dcac07328ba387b59b2948883319cd48
torus.out0.04792.h5	d51e78fe9e6901ac01e6c21eebe32dda
torus.out0.04793.h5	9952ca04d5e24eb97f49df3bb48d218d
torus.out0.04794.h5	88e916e3f4830e8828c36dce7e963dc5
torus.out0.04795.h5	e92d966e72a0246e2391ef89999e0489
torus.out0.04796.h5	b0efac71314d41c5e4ff6d76d261677a
torus.out0.04797.h5	7db1d194e545a50e6cc4570fbe691b2f
torus.out0.04798.h5	3097278309abcf383aa8fe3091050940
torus.out0.04799.h5	db95d75a57cb0445196c5b9b0dc229d0
torus.out0.04800.h5	dc479a6dae477ecf5a84382fb6c7288c
torus.out0.04801.h5	c2fed064912082510461e2a3f6f14875
torus.out0.04802.h5	d8d2da520232f60f9f66fda43fe753b2
torus.out0.04803.h5	8eab087c05c3b1137bac9ac4419175a2
torus.out0.04804.h5	bb8da0676b534eb1c168348cab2bb2f3
torus.out0.04805.h5	9a815cf16924dc147dbf7f8e449c6615
torus.out0.04806.h5	af133bca166e32fca414c4ee570e67b9
torus.out0.04807.h5	5dd7d14403eb3a8c0ef157986c6e8c3e
torus.out0.04808.h5	ca76b20b8dc4cbf50a3babe06afecdbe
torus.out0.04809.h5	f98cf53d8f0d0c77b62ec89ae57d9809
torus.out0.04810.h5	df538f57c4a7d5b0e80f8b5b5cc5488d
torus.out0.04811.h5	da096a8b42a4a68f7b338d3b06addd72
torus.out0.04812.h5	3c08142d7af0af00220d9ae0cee49608
torus.out0.04813.h5	049960fdc37dc6fe3f9faeccf68c78f3
torus.out0.04814.h5	bfbc64484512c7ae0140048d759b905f
torus.out0.04815.h5	d4e8da955bb0eef9244aee677c90611f
torus.out0.04816.h5	32bbd1e6687e6ed308e44d946c3022bc
torus.out0.04817.h5	2bc779e933d6d80f677102dbd25b73da
torus.out0.04818.h5	d2c24b9e775dca8afc93c5d3e0e7acc7
torus.out0.04819.h5	34dfda19e2dda806bba78f3895b3865f
torus.out0.04820.h5	7b7a6a0cb11e915728e7c961b0d78f02
torus.out0.04821.h5	0f2edfefff68f6158389307450c6d4b3
torus.out0.04822.h5	a45d013e2188b742eff1a5ef979f4c1e
torus.out0.04823.h5	db9f4de82dba538f53a731c07301c114
torus.out0.04824.h5	26e518bf50f1c7fdcca5f1804c5519ba
torus.out0.04825.h5	3bb6bd1ad3c20e2cbb08beca26860825
torus.out0.04826.h5	76d7298f701c797a40ed29686e5b00f1
torus.out0.04827.h5	3dccc92b50dcd9174e5a91423c351243
torus.out0.04828.h5	e11dbd91f1015c1fb76a48a3cfb08f35
torus.out0.04829.h5	4241a99c3ff59b20100673b4653f2554
torus.out0.04830.h5	2148287de8fd027c0f3457bf957f78c2
torus.out0.04831.h5	4b258594c73430649ee0ec9a51e5d18b
torus.out0.04832.h5	0509c6dcbf7173f8ddaccf938d0f41f5
torus.out0.04833.h5	f482c56c4c08a026f10343dc810a0b3f
torus.out0.04834.h5	8718b6fdab31bd68fef040cfb5f4cca1
torus.out0.04835.h5	2a8e2bd183c28251b5d1677be3b65cb2
torus.out0.04836.h5	d1e86de3077b19c0c821f4d2e553e8fd
torus.out0.04837.h5	ba3eb9b399e94cc5e7125f59337adcfa
torus.out0.04838.h5	c9ebb1f7a7be5ecf4ad5a418d1d324ca
torus.out0.04839.h5	fe66ac830b67e0f5929e10168f534aef
torus.out0.04840.h5	4c3aa5341def85cbf4c6eb736debe304
torus.out0.04841.h5	056f61bc3736b7328f1fd27ce46a574a
torus.out0.04842.h5	3249de7d7700bdc3d58d6b0824884e26
torus.out0.04843.h5	fcbbb8a4e19c8f7047e501e874ed6038
torus.out0.04844.h5	a66360c0d10e65de5fcd03d98263b97e
torus.out0.04845.h5	92095c095935e834cb26ee36d661763c
torus.out0.04846.h5	33ca7d7c2da0d6b9dac5bdd67c10236c
torus.out0.04847.h5	93ec032d35be1960ba9747617cd6b701
torus.out0.04848.h5	d03fac48e2d16ab58234f0fa357f847c
torus.out0.04849.h5	1f49965f3219507bee765fdb2fa211e7
torus.out0.04850.h5	fbd5cc0d69b325bebb719c8b6b426345
torus.out0.04851.h5	e5e6cbdbd1b0d843650a701890f33a94
torus.out0.04852.h5	c5e2a5f6f9ec29586bc100f100d63512
torus.out0.04853.h5	bbab2c54ad7325eb09304fdaa052a83b
torus.out0.04854.h5	b19524282cb75c1a4898ef060c63d966
torus.out0.04855.h5	5907c15b54c295d9809f1e498efe2847
torus.out0.04856.h5	f3c5d31ac600fca6b6137fd08af9e359
torus.out0.04857.h5	accf9b882521393b75f0df7da21c89a4
torus.out0.04858.h5	edcfb6eb7ddc516b30ccc15ab88ea618
torus.out0.04859.h5	103a0e3caa12705c5d52eccddc94022c
torus.out0.04860.h5	f0e1cf335836be9da6193509b7eba439
torus.out0.04861.h5	f6a492ecfd13218584baecdc7041f239
torus.out0.04862.h5	f2b23ae454b2b518c47e905ceba438c2
torus.out0.04863.h5	ab0e940e6bc4030a3d4dbb502057e1af
torus.out0.04864.h5	949ff7b1e1ad15978be5b84555a61cec
torus.out0.04865.h5	a56942a4355c3e4f3d1c1063b6d53349
torus.out0.04866.h5	8d10993337d91e2774f54c9631a16477
torus.out0.04867.h5	f0624c3750adf6672cd3f573711ba0b1
torus.out0.04868.h5	09db9d2ecbdae95d37bdcfac6d700056
torus.out0.04869.h5	b9e3e2c55690df10c09e6982cb1edddc
torus.out0.04870.h5	234bb4e3833deec93b9e72d43dbe6535
torus.out0.04871.h5	a2614bc6b02c82831814c77ff420b59b
torus.out0.04872.h5	284a9d70dd72298c2728c79b0dfa7b45
torus.out0.04873.h5	3f83fef4aebea4d2889b6834b3da7d0d
torus.out0.04874.h5	742a13878682fa46299fdaf5348ebcf4
torus.out0.04875.h5	b81a07f082b7518e418fd25a08e8bd1a
torus.out0.04876.h5	f7e91626a56ea8e3adbb0173bb85f782
torus.out0.04877.h5	c8635f5bed9408a54774c074fc1d752d
torus.out0.04878.h5	ca4c2691ec85671d637709814cc4ba67
torus.out0.04879.h5	ff9403404b582f21846aa8cded9a7698
torus.out0.04880.h5	de40445280bff92a78e07aa2493b21c8
torus.out0.04881.h5	f7eeca3206adbf32604b29b90457d088
torus.out0.04882.h5	019584315850b30149c4d47104f9594f
torus.out0.04883.h5	e04fd0a513002ad164362d27264f4f8c
torus.out0.04884.h5	72eae311377dcbd67348c1000a69f944
torus.out0.04885.h5	b9197bd5ebc280b3c0b9d6bd09777ae4
torus.out0.04886.h5	02bc3965c44ccae487a2cde988df8075
torus.out0.04887.h5	5cd68cf1b0797538a6916fa8c7b075c9
torus.out0.04888.h5	e1680cb05bb353d1e98106b185d00130
torus.out0.04889.h5	0a3a3a2385774c8fa7512674f9e1fd3c
torus.out0.04890.h5	6a365c6fc602e0fdf257e5de1ca6fda2
torus.out0.04891.h5	262be80ebf8ef7719b59bdfb3b89c74a
torus.out0.04892.h5	54f896e4f5aa6495f46e27260ebfb96a
torus.out0.04893.h5	c3c9bc3a924b7bd26b2c815ec4021155
torus.out0.04894.h5	2045adb5de24cfd53acb8f5a89b74484
torus.out0.04895.h5	b6420ab3b85623bba432f8a7c73060c9
torus.out0.04896.h5	fdb074d6b20b592c161156289f1c63c4
torus.out0.04897.h5	6626cfe11ab1c92fa42be213c093a00b
torus.out0.04898.h5	d1aedfb9b2674171326f313cd39920fc
torus.out0.04899.h5	4e1ded9bf8a3f1656b45cbc7f40be094
torus.out0.04900.h5	da6a5cd5d06d05e055ba64199942678d
torus.out0.04901.h5	4cb66135f702cbef18b91c84f144fac7
torus.out0.04902.h5	0f760cc560b24fe1af89a64a72e7d4a3
torus.out0.04903.h5	779c80f73f519d187a043d96b495ac39
torus.out0.04904.h5	e5a90ee349183eb22d3e441087461e08
torus.out0.04905.h5	0b255679f205e799d76e770766c9f05c
torus.out0.04906.h5	01575578c287773e72226f73384c749e
torus.out0.04907.h5	43c68963d199d991fa7bf6dc3bd36d18
torus.out0.04908.h5	668d921bf0943ab763966f8cd4b0a42d
torus.out0.04909.h5	8c5f84b13314709fb9dddfac94a67ccc
torus.out0.04910.h5	adb805799a212174cb12104701e1c53a
torus.out0.04911.h5	cbbca048e82ae3e298a8dc2e0675ea26
torus.out0.04912.h5	c36a6624d2f062297dffa04ffe90f9b5
torus.out0.04913.h5	0b727317ca2c4ca817ee54d866659a12
torus.out0.04914.h5	70c1c97399da3db795a0e7e288e9d037
torus.out0.04915.h5	b83443a3b17dc2c53fc43817d84d617f
torus.out0.04916.h5	773744e5a5ac9620f3bafdb3e7404385
torus.out0.04917.h5	c485e26f46bd81e4afc66ebe6f680065
torus.out0.04918.h5	3fcd6e762b0dffb925c5c4c4a9fa724a
torus.out0.04919.h5	46899aee2a031d45ab43e17418644ef4
torus.out0.04920.h5	ec5d0f08742a75e25e9fbda584dac2b0
torus.out0.04921.h5	cc7946331f01b2a5b7969c3eae68047c
torus.out0.04922.h5	8f6c02864e315e169c3bec41f661bd07
torus.out0.04923.h5	86ef3cd825df48959535165df2085f28
torus.out0.04924.h5	7c238f4d077fe29f016c5ac50be4dd12
torus.out0.04925.h5	11a5f35543a81ee3e8b879be6bf5363c
torus.out0.04926.h5	76c17a597e6855198f43aea9f8009596
torus.out0.04927.h5	937efa28c68f79d88dfce883a89737c8
torus.out0.04928.h5	dfeb10b0829371e1db7a9555c90b9700
torus.out0.04929.h5	1263e4adedcbc953a52240bc081c67fd
torus.out0.04930.h5	09efcf9434faaf5b1cd0ca7bf635073e
torus.out0.04931.h5	21a1e5d93a30562565d3bf31c3723095
torus.out0.04932.h5	179bff0c76fe7a019d464e7327676e79
torus.out0.04933.h5	9e127576b2e5376c533e91c807a49682
torus.out0.04934.h5	aac1b18fece45985ec4e82fe7abf0b73
torus.out0.04935.h5	4a1c8970c656f0b645a91e533aa2e2e5
torus.out0.04936.h5	510b65f558d78ad84132a450a13c4ab6
torus.out0.04937.h5	51987faf4f7787bb590d368e427a830b
torus.out0.04938.h5	92797deef8ac409b7eb6849ab13746cf
torus.out0.04939.h5	38d4750b0e0d1ad9a867cce65d5dc4c5
torus.out0.04940.h5	c93f301828a20675a6687a4d0841eff5
torus.out0.04941.h5	4325481aa65008453a355808e4026506
torus.out0.04942.h5	b1aade83889aabb3ddd1b479b020a53e
torus.out0.04943.h5	fc564bfd9c655ae13c92f6fee132816d
torus.out0.04944.h5	999552736de8a554cfee44a80f52e62e
torus.out0.04945.h5	863ae594a17a5aee0ff3f49f2ff895f4
torus.out0.04946.h5	1efb63b693cdf66d27e4b08f672e5467
torus.out0.04947.h5	e5e770df12a77c93806a5ed1ceab0334
torus.out0.04948.h5	7ecf52d148ba39dc9dc5623373da5e24
torus.out0.04949.h5	ab6afb9c1dfe69465118d40c4f18ce5f
torus.out0.04950.h5	277adfeb1f08c8a40d6dc9f8afdc7771
torus.out0.04951.h5	e8aa4c337851733aebed9b1f71bfe477
torus.out0.04952.h5	16b27f8c7db62aeb41e83ef365b3d57e
torus.out0.04953.h5	ef62b10c6cb60d1810a6d15d4148aae3
torus.out0.04954.h5	c21df266f1cb9dba77d9410f964951b9
torus.out0.04955.h5	50c5f0add83d208abf1bac6583ea00b6
torus.out0.04956.h5	137be2cc811102210077ef1bfd2ca030
torus.out0.04957.h5	0c322d7f181eef365fe0640dc9f1a30e
torus.out0.04958.h5	5de00178a3d58f2bf0b1ae00ab93a8a0
torus.out0.04959.h5	278ed35bc12c972652f9f7a4325e9f82
torus.out0.04960.h5	003b666cf760c803479364a42c160152
torus.out0.04961.h5	007897f2c5510e404a00e88f1e9f2517
torus.out0.04962.h5	6a7ff07b55cd47c4cd5a58c9c9ab1c73
torus.out0.04963.h5	0568cf103b8e0cf889f5f2d27ca77cc9
torus.out0.04964.h5	b81f9ee0ced54089c568cf0a48f2c51e
torus.out0.04965.h5	ae3def88985b27cabe0f0ebcd059f75c
torus.out0.04966.h5	08c40f23f18a200dd3843471c40e63e8
torus.out0.04967.h5	a13ba73a20a8f0b93a4e2b8ee5dc0fd3
torus.out0.04968.h5	8f9ea439aa5702978703459cf3dc6458
torus.out0.04969.h5	994abd35c3cc6ceef34bdaeb4fd7ebfb
torus.out0.04970.h5	6db019eff65e1aefcf7ba1b9c9d598ff
torus.out0.04971.h5	2719e9be2d7bf34fca2686b4257dd13c
torus.out0.04972.h5	b3c540cacab2fcfa999f776fabad8d3d
torus.out0.04973.h5	330402f3eb54b30f704e065f5ad0f37b
torus.out0.04974.h5	93c54ed6dccf7161ccb3267377a9efe9
torus.out0.04975.h5	7a04c48e418f0230cbad1d0776393cff
torus.out0.04976.h5	399af7e9bdde33ad300cb4a1c31346a3
torus.out0.04977.h5	4fece3a3cca0a7857234410877ed5d87
torus.out0.04978.h5	4c1b9b1249eee762eacc0fd3ed9befbf
torus.out0.04979.h5	3d726c006d0c6242c1a14f5b26439a26
torus.out0.04980.h5	9039af61ed50dd88eb27485f8ded4ec7
torus.out0.04981.h5	25e55ade5b31e36bf9a799b1b7413867
torus.out0.04982.h5	22ded0f545228161be44d10064e46166
torus.out0.04983.h5	ad1d68d771c084e50ff8414f2bc1c172
torus.out0.04984.h5	a1af7332d6fe9834ef052dba07a1a92d
torus.out0.04985.h5	e9c831fe1d38170bb9e32821317951d6
torus.out0.04986.h5	ec94af1785bc21dc12c4247eb607b268
torus.out0.04987.h5	6ac9d0bf438f819ad1ff78945cb09f36
torus.out0.04988.h5	b5e74807923f95ffd7a3e1dd3322e08a
torus.out0.04989.h5	5719ee6be6636a3616dbe73aec84210b
torus.out0.04990.h5	d94ee2597836384348419412ee04402d
torus.out0.04991.h5	ca6c7da03864e2245bc686ad3a1bf6b4
torus.out0.04992.h5	229a0fe099fb0bd29d2555331141132d
torus.out0.04993.h5	d135fdd2cc29f21d608641d856f90a92
torus.out0.04994.h5	e05822cb7b5af691af1bf359652ec130
torus.out0.04995.h5	1aeecd5cc7ed546783841954406ace75
torus.out0.04996.h5	d94f520a082b1ceedc2c9b7dac7ec9e9
torus.out0.04997.h5	1c85c2d00976f0eeb05dacd32959146a
torus.out0.04998.h5	92939a6c75f111545a9ba6d472efc159
torus.out0.04999.h5	ab7188c89a902d3dab63468a7b3c6429
