torus.out0.02000.h5	3e4f07935256d8e609a77afbc7fb5cbd
torus.out0.02001.h5	8734582d414a7b49262f6c22436db435
torus.out0.02002.h5	ba14aed8fc550ca300732dc0e1edacc0
torus.out0.02003.h5	dde99784f4c045967e9f73c6d81d98e1
torus.out0.02004.h5	8abe53dfac01d9d5286c650e775376e8
torus.out0.02005.h5	41e813cf66b8e7dcd74e1058b49a2262
torus.out0.02006.h5	7dfbc7e2e08fb065f3122130ed7e7ca8
torus.out0.02007.h5	6c650f03b2c250cfa51f902a81c3756c
torus.out0.02008.h5	a4ae56d591a7b1f841526b94a9aa9b48
torus.out0.02009.h5	6690af80f5accc14c46e3f15d8ebbdde
torus.out0.02010.h5	e345d81cc2d477adf75116aaff989093
torus.out0.02011.h5	c6f275f3d92f57c75a819706165eebce
torus.out0.02012.h5	82760aea2e3c101e3ed7f875a77a3169
torus.out0.02013.h5	ba5cd1d94607d7de2c94ef6dccfe957c
torus.out0.02014.h5	7e53c32249739ad77cdaa95aaf1a2fbb
torus.out0.02015.h5	63ddbc0f150999cd86ecc88f135e5e56
torus.out0.02016.h5	6f0036dbad48bdfdad7178b8eb1b65e7
torus.out0.02017.h5	e0e037bc081f7b6827fc687d9c51457c
torus.out0.02018.h5	29e40f18d6548c835a14c37a46c5cb1d
torus.out0.02019.h5	cc499fdd81cc05dfdbbb6ed969d70944
torus.out0.02020.h5	518fd288e8001dddc67e8040fed89469
torus.out0.02021.h5	ccc8ce332cfc5ff7f17f0934ed527fd8
torus.out0.02022.h5	0a1a60844eb7d1663399def6adf986ef
torus.out0.02023.h5	c59da45590bd6cdf643f4efde217bf55
torus.out0.02024.h5	ad527022f4409d28cd54dd27c8ea3980
torus.out0.02025.h5	34173f82c0f18ec64e76f14865df5bf7
torus.out0.02026.h5	b70fd5e881caf3a6dac35016f8d5a1aa
torus.out0.02027.h5	1a6e3bed7992f329d2fad731b83b6f01
torus.out0.02028.h5	a6d22abe5c10c005fbd05c7559c4c343
torus.out0.02029.h5	b4a23514e5bff3946455e669b6ee2b14
torus.out0.02030.h5	29c76b6029d81391fe53a7262be5208d
torus.out0.02031.h5	ed253b589564841419a495e7f2728cad
torus.out0.02032.h5	a75ae2895ce1f1086b373ef3652867fe
torus.out0.02033.h5	d7cbc09732978717cc244b086426e9d1
torus.out0.02034.h5	c722e5b7b417430e8365bde257acd24c
torus.out0.02035.h5	e9960473394de7633d3757a4e5c3e339
torus.out0.02036.h5	a42a50c6f8d27d27eb3cd53e72e24911
torus.out0.02037.h5	7808bfcc21e0b5756e0b2bc0e2e79215
torus.out0.02038.h5	598a85cc247f08cb192ea2ccbf6c0771
torus.out0.02039.h5	39999bc870743dad7de247deaef13b87
torus.out0.02040.h5	875399ac7e31fcf41f0571960587833c
torus.out0.02041.h5	abc1a96db2feac202ba8cf9d82dd132c
torus.out0.02042.h5	1a5dd8d3ad4f1b99ac874dd571357896
torus.out0.02043.h5	1c3b812aa3218e8b8a5c835ced14d719
torus.out0.02044.h5	f273b8fbe6eb8c2b8c55c844762f9721
torus.out0.02045.h5	a52e22f49994aa77f8353f42b3697927
torus.out0.02046.h5	5badf4cf295aae8e913c21495a840a8a
torus.out0.02047.h5	6fa5fddad7ab2a1be130d6a9f0586b03
torus.out0.02048.h5	ec26fdce4ad76fb5bae343f49abe1c89
torus.out0.02049.h5	5ffdd1d66db0ebd5d9f722d5f4cabf26
torus.out0.02050.h5	ee188de5e79fe937a599f0c6f04fc087
torus.out0.02051.h5	4a553126bcf0af8af1c5057b69bad7cf
torus.out0.02052.h5	51434c4de752a93e243d0444d9c31a66
torus.out0.02053.h5	7d88609679f9239b96c55eb41deab437
torus.out0.02054.h5	d2b511471c60e3b1cdc214a63ba3f9d6
torus.out0.02055.h5	821213644de6736a6e80195a11b0413f
torus.out0.02056.h5	d7e541540364085beb409ef1b0cf40ce
torus.out0.02057.h5	21275675e07044134ba2cf3e9ff265b6
torus.out0.02058.h5	b6d1053e0f04e782ffb9b45128018cfa
torus.out0.02059.h5	b61af748220f0341f2869b51d47eb571
torus.out0.02060.h5	853684978956a4859e38108eb8ecfb52
torus.out0.02061.h5	7d7c37be296122e0d4430b9b6bc6dcaf
torus.out0.02062.h5	7d587229fdcf277d71aa5d7ce6a692d6
torus.out0.02063.h5	2240d7d913ca682215cc77fb22e63ea1
torus.out0.02064.h5	61569ce885112e0834a172198d68d48a
torus.out0.02065.h5	3a91beeef1e20cea532d3a5ca4bd58b2
torus.out0.02066.h5	dc5dcd4ccaeb67f87b59e864444366d2
torus.out0.02067.h5	2b09c3f976fa7ef01b0cbbf4fc6183bf
torus.out0.02068.h5	5f0d53306cb47d64314f9212ee0b713f
torus.out0.02069.h5	4fb9a2e77df07da701d784503d0b6e7e
torus.out0.02070.h5	562929cd9a65cf225392807d7b78cb35
torus.out0.02071.h5	d0132f4311858df57f911527eb30adf3
torus.out0.02072.h5	ccfde8be11ebfa6b785b2cfbaa84ce52
torus.out0.02073.h5	1d458fd6049d97713044dfc6d430efbd
torus.out0.02074.h5	f88d05512944d6e2afa4c38e598afa91
torus.out0.02075.h5	f427bba028ab0148523379be1522033d
torus.out0.02076.h5	38bfd812f5e7baf1384f5fb90dc4a613
torus.out0.02077.h5	6b025d10776749bcf1b255b5fd655d73
torus.out0.02078.h5	bae4be16aebec4a9172efbd6254b9814
torus.out0.02079.h5	3cbae9cec3fa07998a7fc3d2ced9c44e
torus.out0.02080.h5	b4fcc25646a866f61792e62068e8aa62
torus.out0.02081.h5	094ae983f1a7c90573f83f7682366299
torus.out0.02082.h5	9a9a867418c091eb4faef29e69c89eaf
torus.out0.02083.h5	ca2ba0004b3cf76d6ab2c14b513c14b2
torus.out0.02084.h5	90ac22bc114af96a50f811013a874221
torus.out0.02085.h5	f5682f1e839b30dd8ec74fe3cb0e858f
torus.out0.02086.h5	e211672324217c3c735ebeda86d35495
torus.out0.02087.h5	1278830af7483aaad3fcc23356717f62
torus.out0.02088.h5	2e393972b501ec4c7ac7c0ab7c537cdc
torus.out0.02089.h5	5859bcd0423f57a4140977c31acd8232
torus.out0.02090.h5	ac35a91088d17a930f49af61857024d7
torus.out0.02091.h5	0e98330d45c3c7cdd9be8049c5727307
torus.out0.02092.h5	35ee84d709784b56614a6e475acd77f5
torus.out0.02093.h5	29c1009d506cb6b16395125d181e2f44
torus.out0.02094.h5	0f9cb1186e9a74a9ebe228448d7a1560
torus.out0.02095.h5	43446d813d90b5287b874405a1e9c929
torus.out0.02096.h5	bbd107e829066494adcfa2b8006e5c06
torus.out0.02097.h5	acb54894c658f1489077d3b4117a9074
torus.out0.02098.h5	e27b83103b4bca239d79520bdbca3dc6
torus.out0.02099.h5	ca2f4ddfd826b052d4f0a287fb891c0c
torus.out0.02100.h5	5a72b4eb69d498df71e3a11529f8392e
torus.out0.02101.h5	67dbe7e9b1ecc58a05aec02c2da86266
torus.out0.02102.h5	9df9745dcf724cac45c30203f4547f11
torus.out0.02103.h5	9e17330b93d0803031ddef4ee4d10496
torus.out0.02104.h5	2a0c386d00671d36eb556f07cf46030f
torus.out0.02105.h5	2b57cc43ec42e66447328e8e3eb07558
torus.out0.02106.h5	49b8f347e49ff612b20012165ac6e6e0
torus.out0.02107.h5	ec94b7c5ca08a9f47781e081b58fe2db
torus.out0.02108.h5	dce6345615d034d09f0fb79dddbf3afa
torus.out0.02109.h5	83a0e99593318947771692d46108eda0
torus.out0.02110.h5	ad5a507c4ae4ce792d2a9d34e639077b
torus.out0.02111.h5	b8e48b0ad350306a0875f03f7ae68126
torus.out0.02112.h5	1eab085c92dc736811f0d22b831627eb
torus.out0.02113.h5	e4a0351b4ec69ea82ce336522cf855de
torus.out0.02114.h5	bb71c4fb88f168cfadbd2e3ebbe3fbe6
torus.out0.02115.h5	f8a86105e982bcf9b00388231badde0c
torus.out0.02116.h5	9c1c0e6be7bb6853d3bda7ef0543d438
torus.out0.02117.h5	21e39c6e14efaacd1ff1ad64126502b8
torus.out0.02118.h5	ea54d340407850672ec218f264f9f258
torus.out0.02119.h5	3fa7ea202c2e4bc6a2f40f33244a75d7
torus.out0.02120.h5	6d53c02f3c81db4934416f2bcf9b2f09
torus.out0.02121.h5	b9b26807db728fb7382ffb54a2e4b160
torus.out0.02122.h5	6db2b7f4b4b9a089a3fbb0c6bbfc25ad
torus.out0.02123.h5	4400e6573588628da526c7154571b932
torus.out0.02124.h5	336c1213ac6681694e2a1d73b3b440df
torus.out0.02125.h5	6e4ed3b3e177909096d07c543dff3956
torus.out0.02126.h5	7f25291c303470df7e88ddd6f3c4220c
torus.out0.02127.h5	2f1d62b892fb714fb6214ee939fcfbc0
torus.out0.02128.h5	19306dd3894347632fae3960f2721b30
torus.out0.02129.h5	b6f33d958567152aa3d5d0a0ac8ff519
torus.out0.02130.h5	007f55cf83146764444c2843090d90d7
torus.out0.02131.h5	bea80ed5bf090edb8b865c42a2984f89
torus.out0.02132.h5	d600d479afe08321fab893a36c7a0706
torus.out0.02133.h5	b4d88c9152bf48c14979e94c994207da
torus.out0.02134.h5	8570e3cf2ce5caffe7560348c8ed4278
torus.out0.02135.h5	3b7b7be4d86e1c92bfd4535fdf729955
torus.out0.02136.h5	827940ea48c1419cfd6be08bc38fc588
torus.out0.02137.h5	874001295435fa97329917f580f7d5f5
torus.out0.02138.h5	1954b2db88756e8055c5fadad4594b93
torus.out0.02139.h5	93c14d76e58d422a563dcdba4a1b55f1
torus.out0.02140.h5	fab5de97df816afbc2689c0d8d0c8c51
torus.out0.02141.h5	af69ad8465ecce30e06217c0122bd5d1
torus.out0.02142.h5	228b2da83337100e4d635c522d874eeb
torus.out0.02143.h5	069bbcb4d6ca6e1b6517d21fccb57c30
torus.out0.02144.h5	bb14dd89c0829bf0061b8cb600fa366c
torus.out0.02145.h5	e151ed527d6d41afca7ecf5ff038526a
torus.out0.02146.h5	99535e96aca3fa1075222fc4b7699d0c
torus.out0.02147.h5	5007f767490ee223871039f3f7723701
torus.out0.02148.h5	190e675e6067eb38e85ba26441f3a3d1
torus.out0.02149.h5	5f2ec8b9e7a6990cf17448994cc3b650
torus.out0.02150.h5	3420b8ef8b30d4d0b4a0cc6e59b90f4e
torus.out0.02151.h5	f2a8ff4620b600a996fdaec89edf55a3
torus.out0.02152.h5	966306aa20bce18b6f72f8b17894833a
torus.out0.02153.h5	c26c9a06ec8d36307248e84ab1db92e5
torus.out0.02154.h5	bc8c70c9e8c074980b28313d173cb4ca
torus.out0.02155.h5	f87fb9ab501bb4d6515ba0ecb4df9d7a
torus.out0.02156.h5	b5c1a9bc99a30be068d79e6798ef6085
torus.out0.02157.h5	2208f6960e3d8f31b35d02afeb2e1b1e
torus.out0.02158.h5	d3183fecbb25037a24617973d4fc2f26
torus.out0.02159.h5	7a06faa92d28c337b83bc8627e448066
torus.out0.02160.h5	520cfa541f81245accb3abcf87e5c614
torus.out0.02161.h5	496502f789e9837c3eb1681f6899f77a
torus.out0.02162.h5	bc4ee46b3295bcab94084d0edf8d98c9
torus.out0.02163.h5	29f01d549d4b0cbb79cc46b40b5237f2
torus.out0.02164.h5	6e42e805b73b2b9a01b4c87d2b0bbaa1
torus.out0.02165.h5	ddd4c38a7c55ebc0d220d9330048c01a
torus.out0.02166.h5	b93c246366ea1a96f8bc41bc5f10ada1
torus.out0.02167.h5	029d6fed3681d58fbd827acf5bfd6028
torus.out0.02168.h5	620ef2ce2f18c9becd76a4d4b94f0372
torus.out0.02169.h5	acc83a70d3b16d485febcdba6f2d00ec
torus.out0.02170.h5	70daba37f18d4419b996988175707f9b
torus.out0.02171.h5	b5956150b28c5af52acf0ec9ef4f1a42
torus.out0.02172.h5	ad713064bb754b51b25361b5afc5b5e2
torus.out0.02173.h5	54e8cab8fc00aec8e25e23718e5f051d
torus.out0.02174.h5	7910ba931ee036fa01e1cdfa5302897f
torus.out0.02175.h5	0e3064f6d4ee275c141a78715bf81e42
torus.out0.02176.h5	fdd5280fc44ccedd45cb1e6df8bd4edf
torus.out0.02177.h5	8e12aa8244129174277816f49a58aa83
torus.out0.02178.h5	c37ced52a22cac9b444714ae6a404f30
torus.out0.02179.h5	c8a48545e15b52c801562d77519cdd82
torus.out0.02180.h5	a79a11b22ea9f72b4d172e7f08a26dd4
torus.out0.02181.h5	f47a0111705adb912a607c0e03ca9022
torus.out0.02182.h5	d26fbad6d72aa1a82dce9f260a549a64
torus.out0.02183.h5	1644eb5b9dee6f3f0b5e304d7e8862a3
torus.out0.02184.h5	b9ede97a61b9efecb49ce92f13be78c2
torus.out0.02185.h5	3ee375f67e69390c4f742d195a57ad6a
torus.out0.02186.h5	9a525f1bb3dc5238f07c67b68f907ed7
torus.out0.02187.h5	05ad24abab037ed9db50c2baae449962
torus.out0.02188.h5	459650e3f79faa8b6c5a3b48f7cd778b
torus.out0.02189.h5	24f5ae61f46976819d18199bf086aa22
torus.out0.02190.h5	702e1911b604befc761d55b188404ec1
torus.out0.02191.h5	386ca99a87a4af84d70292c14a679a19
torus.out0.02192.h5	e9b3da635bcc328226fe89b5cc8664db
torus.out0.02193.h5	2262e00b74bdf17cff8d9d49508fbaa6
torus.out0.02194.h5	5c04c612191e9da3ae9f13530b7113a7
torus.out0.02195.h5	07bc46bca6c87c1e51f7ba14dfe36a1e
torus.out0.02196.h5	b1b4950f3970d5575f3ae8f148bd7de2
torus.out0.02197.h5	47a9b36b7c4bbffebe81ba0d2c638858
torus.out0.02198.h5	b7e7c1e3d0a49d1dbfe4493f7c98ca1b
torus.out0.02199.h5	2a93d5add6e0498c53fa95da03a711ea
torus.out0.02200.h5	130e5b65195e056f3317930d6c7a7a82
torus.out0.02201.h5	58dfeb3c04b193a4474c9539d9e59679
torus.out0.02202.h5	5de644e324d8d82a2c98938febb394c6
torus.out0.02203.h5	5629660136ede16409156ad6898a2b54
torus.out0.02204.h5	dbc36df59307a5654fa796775c6a3ca8
torus.out0.02205.h5	8c86c8965a3f9ee5c934c5dae3e44e16
torus.out0.02206.h5	c6d77b260068dba7aa1ed93dfd083262
torus.out0.02207.h5	59366f03af23f1473c32add92164aed7
torus.out0.02208.h5	74df547c1fa3b0b2ec7e95e78887931c
torus.out0.02209.h5	427ce8ff944dd92f78cef2f5928550ff
torus.out0.02210.h5	dce8a1b93127d8e586a940e1905409fb
torus.out0.02211.h5	1204965bf2ba35ee79b0a962bb3fdece
torus.out0.02212.h5	db86c19c5f17b46d3a0c752d9dfdc4aa
torus.out0.02213.h5	fef4623cd4b46e4fe759c616dd1a1a63
torus.out0.02214.h5	83badcef4f964585aace1ec045281c3a
torus.out0.02215.h5	379c3547a67537891c3a36222bc95f1e
torus.out0.02216.h5	a6eb5482bf5869f5fbe5398f0038284a
torus.out0.02217.h5	7da6a24f230c5cdc9eab0d480fe11e87
torus.out0.02218.h5	490737ae29edfd561bc1e199e27ece24
torus.out0.02219.h5	c0afbe295ee689b63b97c87bd0c5fdd9
torus.out0.02220.h5	6479128baa49ff164e2ef99337102bc4
torus.out0.02221.h5	7b282745223e25f186f40199162e2eea
torus.out0.02222.h5	1d288e000409098b4983a36bf519bd91
torus.out0.02223.h5	8e8bec83c1578b5472d8c8897b1bd51d
torus.out0.02224.h5	289b8923d363fbb3b83b63a7e2b609b6
torus.out0.02225.h5	ff0f6bf85dfa9b6ed536063d3b2ef5ca
torus.out0.02226.h5	585729f9241d5039002813c670418c64
torus.out0.02227.h5	1eff1e7aa673cc5e46ada5971f3609bf
torus.out0.02228.h5	aad803747c8f254fd98968320a684d9c
torus.out0.02229.h5	9b1c7ea15ff70283ba9458b2a8231c4b
torus.out0.02230.h5	fb745165837e1e9f4c57ecd06757fb0a
torus.out0.02231.h5	9e9d4b48b106c5ace9505f30d79b2c64
torus.out0.02232.h5	5eaf79ff7f72f81916a61a1feae22c34
torus.out0.02233.h5	3246b1a82a40095c3378a1a29fc40990
torus.out0.02234.h5	82cebf20769270c20f5789c1c2c5dd1b
torus.out0.02235.h5	170c548e56a9c63a8fb924bafbf20fad
torus.out0.02236.h5	c21f97642fa0326b483f67e1f6eb8663
torus.out0.02237.h5	083eb8dff32ee9e500eea920faadbf10
torus.out0.02238.h5	410e3d452248662432b3db37f8dc929c
torus.out0.02239.h5	fd71b472e3debd147e683cdc1a24f4f3
torus.out0.02240.h5	fdb7de3e53a192f4643f9e57c29f610d
torus.out0.02241.h5	52e91787645503a3b08c2e1e654afb7c
torus.out0.02242.h5	d75805361957dab932caf94a9fba7147
torus.out0.02243.h5	69e01186df64f33bc3d40b451282f506
torus.out0.02244.h5	a6574bd0929aa9ed6a2e99e4a542e704
torus.out0.02245.h5	c94cc3407f8776aa815ec59dc24a1e6a
torus.out0.02246.h5	e62df691f7deb896653d3cce1fe8a873
torus.out0.02247.h5	9e4eee83042f987112d6300f2123eb16
torus.out0.02248.h5	eb0287d42f7e6ad99cff092591082489
torus.out0.02249.h5	287d1d0911e9661fec27aa4df3a9a3cb
torus.out0.02250.h5	fd91b790d89419c405a0d000975c8600
torus.out0.02251.h5	ef7aa1bb13424b89f24c2975d0bece88
torus.out0.02252.h5	8cdbc4e12d4186d6c0101fcc1868421a
torus.out0.02253.h5	b8fa11e4540887e37054f7fb3226ba04
torus.out0.02254.h5	ac6d3a3089a109d19ab9e57db7e82602
torus.out0.02255.h5	370b72303968232edda9fd7ddede29fa
torus.out0.02256.h5	237e9a082de37f411ed134523bccc8fc
torus.out0.02257.h5	c583e76847d46fb212ecdf9888f92166
torus.out0.02258.h5	d04a4cd52c31c16ea7aff86aa908b992
torus.out0.02259.h5	93ebc4094b8976f502f7e302538efbb0
torus.out0.02260.h5	291fbc9d8ac8d831477b61324c818107
torus.out0.02261.h5	49353cb7dc41064ddaeae3a7da2aae49
torus.out0.02262.h5	57e315d3ecbb0eb9905d78a5d36708f2
torus.out0.02263.h5	379634c77ef1c9e3353ecf68b48fd1cf
torus.out0.02264.h5	bf7ea480a8132d31c47ae6074ebe25e9
torus.out0.02265.h5	a16a75d72c36ce0c1a32ad7ad235a308
torus.out0.02266.h5	14967ca7ed5549f97247526a0e6ebbce
torus.out0.02267.h5	dd7da8d1eec6719509d412df03eaf033
torus.out0.02268.h5	53d5a949c6eb383bd8215972d662dd59
torus.out0.02269.h5	6f1bc0ea1786c2b0ae5ca6a0fd6ef30e
torus.out0.02270.h5	2f25d53e9898eaeafd6a4cd19dc2cf8a
torus.out0.02271.h5	d101f51bdbd0b4af4e136b1fc23c3a08
torus.out0.02272.h5	04b35ffccff32dc325abf1f6c6e1ca04
torus.out0.02273.h5	f7cc5cb24172a857b6cbc6575c3d346e
torus.out0.02274.h5	6272166669c3a456caf6606e1d01e6e9
torus.out0.02275.h5	e662dff46d1e3bda0e8627c7a6402cd1
torus.out0.02276.h5	34ea5e6053186132679aca3854b5c67c
torus.out0.02277.h5	6bb3b75ffcdbd301afde6d966f468ad2
torus.out0.02278.h5	33664f657aec4681dfa6640eb72c32fd
torus.out0.02279.h5	6b618f5fe8914a7fd8198fef4dead2d4
torus.out0.02280.h5	ab65ad4c5cca2d70818e8070de2ca064
torus.out0.02281.h5	016827c333d4cf7e39f50f5d9335da6d
torus.out0.02282.h5	84ca2ccfa85e192ce8797df2ad54f755
torus.out0.02283.h5	f6dc4ee371abdfbfe2f07b66e1a5e5c0
torus.out0.02284.h5	9e81e4552789c9f135b8aa4bde800538
torus.out0.02285.h5	0aa6fd9633d72215d1e5afbc8152f804
torus.out0.02286.h5	ec5ff2dc2ca11675dac8b9b43e630d2e
torus.out0.02287.h5	04316ef06fec6997600c4d8e2b733fc7
torus.out0.02288.h5	e2ea94b1770565978f72f5d0ff60a267
torus.out0.02289.h5	e63e424ffeb367cec93b668e9b45f3a8
torus.out0.02290.h5	d29c7ab3b8304dc2c98e830d60305483
torus.out0.02291.h5	26743233c333c83fb3e4a41d8c056dd5
torus.out0.02292.h5	abbb43404795af26632cb8dd608c315c
torus.out0.02293.h5	efd2fb4a7bce0eb5b6f768941295a35d
torus.out0.02294.h5	1365799c4a74ef09123bb65dec2d8a0f
torus.out0.02295.h5	ec5b85321e951ae273db49f2fcb60985
torus.out0.02296.h5	93dac88752e5a615d967d42efefee2ec
torus.out0.02297.h5	1dc948620d999884adba8c793b6ff8da
torus.out0.02298.h5	dbbb6f1c6bf3eed3a86a8a9cd9f500f3
torus.out0.02299.h5	5a630cd02fdcfcd08716162882d2f97b
torus.out0.02300.h5	1ad468eedee342cc7c7f33578f681718
torus.out0.02301.h5	442d6f0e951915e611f335442e550dc9
torus.out0.02302.h5	f79cffc3ce68afab44016cc983413f49
torus.out0.02303.h5	bc684fea262961cc943f45c7c49df73c
torus.out0.02304.h5	9dd2b695aa9bc5d024fe769fe630a2f0
torus.out0.02305.h5	def812a1526920aa3562f29d57a88c35
torus.out0.02306.h5	83219455490eb32a2fc66b78ea35d999
torus.out0.02307.h5	8ec858097efb8ae3dceaa65d39d2eaa5
torus.out0.02308.h5	85fd14a22c2729c9cdeb09eef0cc3810
torus.out0.02309.h5	9399e733e40cafc488e1d0cf6680fa82
torus.out0.02310.h5	8f1de9ed3d1b64065e644f159790220c
torus.out0.02311.h5	3a01dccf8e3156e59a80bc6b60714391
torus.out0.02312.h5	951ca76ab8f082da4264707c38a5cf95
torus.out0.02313.h5	56cde82a850cbcd0cb0c9202a62d2ecb
torus.out0.02314.h5	305fe3965de4333a345b64dedc77dc63
torus.out0.02315.h5	640018e63b48f9dd77334499292f1180
torus.out0.02316.h5	49780488c6c52d3a05119c18d6298f72
torus.out0.02317.h5	6fe2b7fdbbe09f2448bc01cc7a30ed4e
torus.out0.02318.h5	13aae646b3956e195fdf874733dc2296
torus.out0.02319.h5	e727c8ed27ed8618ee7aee9f5177c792
torus.out0.02320.h5	9deb900e3890fd2aa99b3f9018f40329
torus.out0.02321.h5	c9739b77ba35a837ecbc0376cece7262
torus.out0.02322.h5	6595e65b5bb32ca64513d22bf4483182
torus.out0.02323.h5	1545eef7f978c9adb664491d5a3d0f0d
torus.out0.02324.h5	920f2bab85d5494bdee6b1e38a83fb8c
torus.out0.02325.h5	794ef28b6dc92e23e0e25e51ac2e247e
torus.out0.02326.h5	a38a65e3a9431e42e59f6dcc5866f06d
torus.out0.02327.h5	b6ea0346e44ff9aa5944b611fde68438
torus.out0.02328.h5	c2387505069cac5c3aa85764b869d1c2
torus.out0.02329.h5	6e3d86a5df31d0fb0585bb345a1e733f
torus.out0.02330.h5	83ef4fdc60d3feaf36f2f8f123e4c803
torus.out0.02331.h5	6e0ae56e56aed2998898532c4b572b19
torus.out0.02332.h5	b310b640a8f99efc442f3aef9b0d964c
torus.out0.02333.h5	15dbad971110846cb4e963299f85555b
torus.out0.02334.h5	9c8999a1f98ae1a73363779cab61f5ba
torus.out0.02335.h5	28c29de2632151e7fc8d6351e84ec1f5
torus.out0.02336.h5	fb0ed1c9dc96a10156d7b05ceeb6b8cf
torus.out0.02337.h5	163ffe583018f6ec387cf28ec71bb998
torus.out0.02338.h5	ee4135845c06337639c74976144a4c9a
torus.out0.02339.h5	c8b65f7751335e3044e5febf44c07e72
torus.out0.02340.h5	71a4721ba302bc5c392915b436899f00
torus.out0.02341.h5	cf0b438ce45f8c30c5718b20138e8d6e
torus.out0.02342.h5	7859350eefb459f4f936f6c494e9feab
torus.out0.02343.h5	76b02e78f422ec3ebf25e9371128f68c
torus.out0.02344.h5	d301ece5c13dd5e7297f456e367cfcee
torus.out0.02345.h5	7e6f6f3c649ccf3cb76297adbea7762b
torus.out0.02346.h5	3b17f59ef4cca366b63c5d2dc40046ef
torus.out0.02347.h5	095fea19e110c9c50a9e5530a69e95d5
torus.out0.02348.h5	a1581f4e1cb56cacf0763b03da88fb9e
torus.out0.02349.h5	5a877beb1a3e2020390d2061d2978974
torus.out0.02350.h5	51d00c2e8b59ef6dee4efe30a223ec04
torus.out0.02351.h5	801c3072497f76f96ed33a565e10fc1e
torus.out0.02352.h5	2b2e881dbb7974c0dc1bfb9ada94744e
torus.out0.02353.h5	a40d08577a6ba717b4117bc0b0ae68cc
torus.out0.02354.h5	14209396e76b5cbbda8fe74f84f2a548
torus.out0.02355.h5	d2176604a664d421b2aa6bf3dfb5555f
torus.out0.02356.h5	e021af9bc3a99d7e3ae35088cf349f4e
torus.out0.02357.h5	d6a7eb5692c0e1b4e530fe47293baedc
torus.out0.02358.h5	78d804de91c9aa5d7d6942ea9d4f483d
torus.out0.02359.h5	64b46f76d6e8d18558b18a8daa37b2b8
torus.out0.02360.h5	bc5667b8f09d935d1f10c859d8e94ca9
torus.out0.02361.h5	fd6efc5ebaa95d357c31dcd4095ec60c
torus.out0.02362.h5	8d34d11198b3f38fb19f2088107fce2e
torus.out0.02363.h5	c6620a0c017645fe47cbd55b2aea7be9
torus.out0.02364.h5	70cf178c47cebe55240f3a427da11c07
torus.out0.02365.h5	c988798c20cf6145c21469290059bd6d
torus.out0.02366.h5	02351c77d79ae8219d2332f6490aa341
torus.out0.02367.h5	7e74f78eb18f165f5a113357cadd30cd
torus.out0.02368.h5	a47f2ba27cc451a32f9451ea64d2dc26
torus.out0.02369.h5	b17bc3105a4d163c45bb0c95e89e0617
torus.out0.02370.h5	60b5f89438c97faaf7e9708c26c7c257
torus.out0.02371.h5	100b15cdba6f0b74eacfe5f59ef4cc97
torus.out0.02372.h5	f7476a2f68ecb5172bf144190dda9af6
torus.out0.02373.h5	a814f87c62453e08cbe5ab0ce9dcc5a0
torus.out0.02374.h5	904edbf047087bb98eea0b99408effc1
torus.out0.02375.h5	b80d347a2ee4271fb9bb8c66761c5634
torus.out0.02376.h5	dea872498ec22802ef50158a3b532329
torus.out0.02377.h5	a7c7e11d1ad5d918864c864e7c3c75c6
torus.out0.02378.h5	4b6a54e8552e8703d5d703a09cfca08e
torus.out0.02379.h5	abd054e530343dd199f053d410c36a5c
torus.out0.02380.h5	5f4f3cc65d740ac22e16ea8d8c16c9cc
torus.out0.02381.h5	0b881938e3ecd46c6d18cc32d91e1a94
torus.out0.02382.h5	e64c49246320a7e6796553983ae416cb
torus.out0.02383.h5	b365a9d633f5cb5640a99562f62ae176
torus.out0.02384.h5	9ee62f1da1a2bc3ef526f3aa2376a914
torus.out0.02385.h5	fa06ae4ebc572b1820ff59d1b1ea7284
torus.out0.02386.h5	00929b557a6e0222089d190bb1c3e581
torus.out0.02387.h5	a1b6cdd87d483e4d786b610aa0cd40f3
torus.out0.02388.h5	cb733cbdc01d2d500a0dfbb722038a27
torus.out0.02389.h5	e4cad2cb84bf2a42ef26e506f14d712d
torus.out0.02390.h5	f7132125b495bb064c26a7e687b700c5
torus.out0.02391.h5	f3d3d36d3686cff4f8065d0e16c71e54
torus.out0.02392.h5	dda7ced91ab17d5966491a9ae0112a2a
torus.out0.02393.h5	4a8241aa8604f4c9160a77c0f3cf8794
torus.out0.02394.h5	234b765cf5682bbde762263973e10852
torus.out0.02395.h5	652ec7e9043d697a0a2bfa70d16b903a
torus.out0.02396.h5	4c365b0163f561c37508c64d2d177928
torus.out0.02397.h5	41b1cf70ab134e44a148afa07fbf87bb
torus.out0.02398.h5	c5d4605338bc4d0b8424653aa8508730
torus.out0.02399.h5	57c9b184ab6c07babfa733ae3f6ca0bb
torus.out0.02400.h5	d5a087c36eb441c510c71e2a61c5c82a
torus.out0.02401.h5	5734ce0f9864442b2b3eea2e39496434
torus.out0.02402.h5	fa868f3612aaf8edb03ff2f096c9f17a
torus.out0.02403.h5	103ae23e395df886a2829423c42be9d9
torus.out0.02404.h5	972541fe3827f5f7aca2655052e6b911
torus.out0.02405.h5	7659418c81815788f2593df33ab583ed
torus.out0.02406.h5	e3f91d9808c29dfe9c13636476e6d4f4
torus.out0.02407.h5	a901cdea8de4bf3df75cdea7bdbed174
torus.out0.02408.h5	428b8ea567ec9f27e93e4498bc1ee23a
torus.out0.02409.h5	1798f4ebea65698ad7ceae83399b334a
torus.out0.02410.h5	6c4a47db668c7684b878819fc77a8208
torus.out0.02411.h5	905a51c27e7bd93b9a6ebf52f7345554
torus.out0.02412.h5	85ef875c3f58b770113b0b9a62480f71
torus.out0.02413.h5	cb796085a5489ba2bbfaaf13b855d6f3
torus.out0.02414.h5	00f1695c3f66edecf26daa617a25b543
torus.out0.02415.h5	2c54b2d12c58e9815495719065c65457
torus.out0.02416.h5	1f2ccad60c3ce01068fcb269e2d8012e
torus.out0.02417.h5	0d13b019bcaf7da22b1980a7b2320214
torus.out0.02418.h5	2f4bceb3e4b8c2054620287a9d7c5fed
torus.out0.02419.h5	30da320dbccb9574ce53effd99c7bcd9
torus.out0.02420.h5	0840b5fbd7961c475f3870629939c4fb
torus.out0.02421.h5	6084814a71559bdab887c7f37aad9f33
torus.out0.02422.h5	7afe2a24df27524ef7cfdd2822ae4ab1
torus.out0.02423.h5	c89a86fba15a8d60c34dbd4a1e79255e
torus.out0.02424.h5	948fc763fc0eca858c86bd661cb7dc87
torus.out0.02425.h5	297941fc4b8007789404ea894fa494f5
torus.out0.02426.h5	d091f26644f19d4659272e56abb16e96
torus.out0.02427.h5	84dad2fe6aa17cdb5ec7487b8e7b46e1
torus.out0.02428.h5	c9334dd352506ca9c9725e067b7bf2bb
torus.out0.02429.h5	5db80a2550a64481938e5561ab782bf7
torus.out0.02430.h5	09fdd55f870f75dd51b5dcc897b92d00
torus.out0.02431.h5	30802617f64d0d652a7436958ac73459
torus.out0.02432.h5	04ad7f626b6a3c3600242de6fa598d34
torus.out0.02433.h5	3695136c7a0a2d78ecd98006b4c43bb7
torus.out0.02434.h5	b325c42ae918422f8e8c8a765d556c54
torus.out0.02435.h5	3e2797822458c28a2fe8ea5d0850d759
torus.out0.02436.h5	c537299f333409b525e2bc0001685f75
torus.out0.02437.h5	2bc47f3692c7f58c5783ec6d3dfaff97
torus.out0.02438.h5	27c60e9cf0c7567a52eccc59cdcba002
torus.out0.02439.h5	82a798da581e344acd6340083b6952b3
torus.out0.02440.h5	72d8538beebc46b2ffa093b10457da7f
torus.out0.02441.h5	aba84f04e54c21f6ebfbaf99a298dd83
torus.out0.02442.h5	d8cfc21c8ac6250d69ecf757e4dd1a2d
torus.out0.02443.h5	65e2073a90a6b1d9341f86fd92b47b56
torus.out0.02444.h5	744c3e20a721234457f18fca3f47edfb
torus.out0.02445.h5	c50ccda1ac62768cc6e2c0d7caacf278
torus.out0.02446.h5	018a2a8dc11f8c4d2b18e040cb4b7d69
torus.out0.02447.h5	d72256a5751e079fb6aaa2cff0a5f4d1
torus.out0.02448.h5	bc3c6b855635c24341432ad5709947e7
torus.out0.02449.h5	039b21aa8a68819acb9945b77a2c6570
torus.out0.02450.h5	ab18fea5d9b76c66bfc00cbba9006c06
torus.out0.02451.h5	c8ceda475b236f615149638e62e53e26
torus.out0.02452.h5	3590f96b32de441fb0261cceaf9ed41e
torus.out0.02453.h5	086c0c252be9a5f739f94796c06a7897
torus.out0.02454.h5	e1e5054219d3c886ab1bb4215d827e25
torus.out0.02455.h5	e11db9178d5655102757bc1ab011f5e1
torus.out0.02456.h5	4e19c07e08ff3e5f45da787373d15134
torus.out0.02457.h5	7b0bce4884712be2e5ad5e04cc02efaa
torus.out0.02458.h5	31e09f8fb38dad11fc7828777ae09246
torus.out0.02459.h5	9b075a913f639785f726b5eff48aa4f8
torus.out0.02460.h5	a056d693bc902206821adf4b2a020da2
torus.out0.02461.h5	75fbe9e87dc636c6472ab2824d5046a8
torus.out0.02462.h5	15d0f3150bab0aa25a737e66fb0b7fc3
torus.out0.02463.h5	302314c0e2ca155d41439599b82171fa
torus.out0.02464.h5	d760e0c041f1e1492bc3e2dc568d6162
torus.out0.02465.h5	1d8c132497bdfaea250e21d50c20ed20
torus.out0.02466.h5	19329a8870504cda1947a737870e5dda
torus.out0.02467.h5	1a25728ebb8094a0c162e42eec6983f8
torus.out0.02468.h5	bce08a5c90d3ceb3c8a399beeb4240ba
torus.out0.02469.h5	00940a0e8cfcd5d6970507015687f9ea
torus.out0.02470.h5	80f320cf53cadbf31e6391d521828319
torus.out0.02471.h5	ae959ddce0fee8ca07f186f882bff90b
torus.out0.02472.h5	8899a6203f6a69a9d0d930af31c094fa
torus.out0.02473.h5	b06298d443477c6c9b980fa01e412f2d
torus.out0.02474.h5	e8de8f7213e970c0c3407318f33b7e9f
torus.out0.02475.h5	64051e85cdf30cc5b6399f10c4dc6f29
torus.out0.02476.h5	4591107aeb920f46b78bad38aaf13b2a
torus.out0.02477.h5	4200f2744189256cc2a123ccee5c84a5
torus.out0.02478.h5	285de9729ccf2cdfba778893735a329e
torus.out0.02479.h5	49bb10781488281ce01b37a4605805ad
torus.out0.02480.h5	c07e8fe7a5ce7f54acf94fa2572b47b7
torus.out0.02481.h5	4c1264a410672267acb11ab3f76e9173
torus.out0.02482.h5	f92424c362956768a763728b4ee1dd14
torus.out0.02483.h5	5324cae3ac7fa55e9c66991c952d1127
torus.out0.02484.h5	e72ff4c6089f3bb94c3829c34f2427bd
torus.out0.02485.h5	c64404a9f1db18a0e15dff63b82e1968
torus.out0.02486.h5	9f372e5c6b0524f3d67c8a0e982b3771
torus.out0.02487.h5	d71cf3430fbcc1f735aa529d28626e7a
torus.out0.02488.h5	be67a5c347bf78a66452efd385723784
torus.out0.02489.h5	8b759eae2089f3f9060b76e928c7bd39
torus.out0.02490.h5	7da1bdb6decd222fd316f5b0bbb53405
torus.out0.02491.h5	e7af2dd59d8776e73cea8a1da736420e
torus.out0.02492.h5	98975a099c3fe9e677204cd86734a893
torus.out0.02493.h5	3f68c8eb7a5b3f26cff30f1de03643a4
torus.out0.02494.h5	c1d181e755069413c748e6bbb5ecef16
torus.out0.02495.h5	5a68e909ee65a22693e4f9bdd32aedfc
torus.out0.02496.h5	940cc475bed307ee5eb3f68979f37981
torus.out0.02497.h5	056ee2d520fe8cb652c5d0485625d1db
torus.out0.02498.h5	84b87412dc2211eefb5d4dfccf70a1d7
torus.out0.02499.h5	8c9fbe580791e8f50463aec428c90568
torus.out0.02500.h5	6e036f1fafe624cc60050c0ca25e31c2
torus.out0.02501.h5	004a31a4c40c8e0b38e0d6161b581aa4
torus.out0.02502.h5	f60ea687cf8346d1e7e9b104681b6082
torus.out0.02503.h5	fc96ccbe896a30b1835beb9cadf299b9
torus.out0.02504.h5	9b8a7f5c534fb1cfac9e6d856b9f3001
torus.out0.02505.h5	cd5408dcf1502b1247bd17e77ba13e52
torus.out0.02506.h5	d05b49f85d8a98bc9106e0eeea757aac
torus.out0.02507.h5	0c3a05031cd7622bb3ef67fe64c8ec04
torus.out0.02508.h5	b948b50d3ad8e6fe245e6ca58fc6737a
torus.out0.02509.h5	070455d31ebffbfa6b1c61a16ec92088
torus.out0.02510.h5	d3e1e4999042160d990e783a49ad1595
torus.out0.02511.h5	b0516eea7a2aded8ae223c39c74d7bd1
torus.out0.02512.h5	79f841cef893d8588fc9ede9d6ea3df6
torus.out0.02513.h5	54c8f3e4cb1e5dfdd4e1bad37ed709ea
torus.out0.02514.h5	3d1ec52551133798a143209324227607
torus.out0.02515.h5	a43ad8ea50ffe749ca1a3df4d2d137cf
torus.out0.02516.h5	42efe56b7f28ca4c0700ff156a5ed46c
torus.out0.02517.h5	7d9ebd192ca5c242bc2e321a28811d21
torus.out0.02518.h5	9dfb23db3450802ee4bec606fd120a55
torus.out0.02519.h5	5ef5ef0cff453b7e5a0a3f490571242f
torus.out0.02520.h5	edfa187d02402ba0971a83f93d815958
torus.out0.02521.h5	0e48bf410bb506785e28b246306dd3e2
torus.out0.02522.h5	fc0293c143af38e6f137a4d113c84c33
torus.out0.02523.h5	4d8869c5b5a4cdaaf699b56f7ec17851
torus.out0.02524.h5	27d9de2d77c668e339bf080c8a38fa95
torus.out0.02525.h5	a514a62e55df95296dc2f285fb5c3cd8
torus.out0.02526.h5	3986e68ff73e39dcdf480c4a375f3b47
torus.out0.02527.h5	2dbb173eb80c8408dc3cd6d19207639a
torus.out0.02528.h5	819412a1a46704b14b345c6fc11ad4a2
torus.out0.02529.h5	2c76e436fc49ad9fc43c01d5c6041a23
torus.out0.02530.h5	4f3c46d0a1deebe548cdef4300d752f1
torus.out0.02531.h5	6fd8d8c8f3f6d3644c851c85f5c2360d
torus.out0.02532.h5	4cb0d6d313d9360965cad8ec61628c82
torus.out0.02533.h5	87c74c37c23e34a37edd1c7995c19a60
torus.out0.02534.h5	756e4825d8598f93c1438db5dd88a3cb
torus.out0.02535.h5	3f722702373266dfdc42196495429dc3
torus.out0.02536.h5	905d389cca7efea51f1711116c0b597a
torus.out0.02537.h5	fd41bf1d5326697757f829b3d465be96
torus.out0.02538.h5	66d189e00079dbd264e3f3e057cfd69f
torus.out0.02539.h5	39c17b14e290f8f0971c2757d186c2fe
torus.out0.02540.h5	ddc05fb8f0f924faf05080f53103f871
torus.out0.02541.h5	90ac490ce4f60dd0f5c6fe5eed43a9d4
torus.out0.02542.h5	160da372ce1515a50ec31c15385f487a
torus.out0.02543.h5	176ad438d709ce246cf98fc7cbd25fdb
torus.out0.02544.h5	f1db9af71ef0a2858b7c94c04b31281b
torus.out0.02545.h5	517c60d3fb241657b66918b1737d1451
torus.out0.02546.h5	edfda3c8875ed351e54ab2e9b1c8aecf
torus.out0.02547.h5	af0323cbe85e285a6e6c4fa005176059
torus.out0.02548.h5	ec9d535a0f715b13ca66db39f1cd035e
torus.out0.02549.h5	c6a6803b79190ce71e296b730e94728e
torus.out0.02550.h5	dc33d0b9c617ee847c8329b97b6764d9
torus.out0.02551.h5	969cb694bb5d08a961839a868b56fd52
torus.out0.02552.h5	e94a0d1ac5cfdee9648cbdd9f1122529
torus.out0.02553.h5	943ace67ebd30b23bdb12dd893851c8f
torus.out0.02554.h5	13b54a6096c1bf5e031ed336b672b358
torus.out0.02555.h5	f2326b02f22dc532a14975824b51d32f
torus.out0.02556.h5	587be4e3ae1429919f02a9a35477bf92
torus.out0.02557.h5	6aa320d7867d3542af2b7d32a358904b
torus.out0.02558.h5	671b3d8f699da953c86857aa245748c5
torus.out0.02559.h5	9b68affc6b6806f1413c670af86672da
torus.out0.02560.h5	4b3306a1895b8dc420a2347976abc2c0
torus.out0.02561.h5	ce75cf5197deef2e3cd56c5fb2658bbb
torus.out0.02562.h5	2c40bcf3e8a78fe3ee199ef366afadc8
torus.out0.02563.h5	eea3623b421d87981852c9f9d37e907c
torus.out0.02564.h5	0615a9d6cb70fcc2b257724eff717f32
torus.out0.02565.h5	be19ea22829e38119ea7d2c6f0c084f7
torus.out0.02566.h5	d150da1319a0ec3b68066ac018295c44
torus.out0.02567.h5	1b7778c640da44b0fa0a8e31254bf84d
torus.out0.02568.h5	f0fc9098067de3a0cd2aba692120c2f6
torus.out0.02569.h5	f5f86f5078b4782ebc618e8e069290e6
torus.out0.02570.h5	bc33a58bccb0166e88df495976d90276
torus.out0.02571.h5	4e58c2f895ca4e9effd08e32d9e05e27
torus.out0.02572.h5	d3c91ab6aeabb6bcf33f0f614a5595e2
torus.out0.02573.h5	6b10c191d9c2cc1c25cdbdaf0ef28709
torus.out0.02574.h5	5f95bfd186c10d7f1d7a74c69a06b6cc
torus.out0.02575.h5	e77441be6ba4151476befbd8f3cca7fd
torus.out0.02576.h5	140d09ea1d2784663abfaf436e9c13e2
torus.out0.02577.h5	16757ee9332d2d567be6943359bc5fd1
torus.out0.02578.h5	83c671c32615117d26054e6933bd6ec9
torus.out0.02579.h5	df0d3c73c9617a618dbd3ea2ec7a4d43
torus.out0.02580.h5	2807315f32e6d5c1c307ed6034a77b0a
torus.out0.02581.h5	2d9f4d43597a302b8ced49e82cd6d25f
torus.out0.02582.h5	7de45760c6a90ce509b4639a5e922306
torus.out0.02583.h5	bf131aac7d17d65a59c34fb3a7bbf08f
torus.out0.02584.h5	c6b2f36b362c16c4ca10758ae246f2f0
torus.out0.02585.h5	d2fa8dfca28b8b2b23ae64a6f406dc5c
torus.out0.02586.h5	82fd410418c4b36732ad976793722d9b
torus.out0.02587.h5	32c8d48f3329058e5b9073e856af47d1
torus.out0.02588.h5	36ed26527997a8beeeee085477091741
torus.out0.02589.h5	af716355dca13d21a4d8a9cfe366fd9f
torus.out0.02590.h5	8a91cfbca7a7b16a46c095b1c278e167
torus.out0.02591.h5	7bca921a4de1ab81ecf8a6ffcd0c4116
torus.out0.02592.h5	06504230f237819439d0dba388649332
torus.out0.02593.h5	ce40611f0a4c7da602c8c8401581ef37
torus.out0.02594.h5	c52a43a0bfef39263d77353fa07dcd1a
torus.out0.02595.h5	b30ed385795d38408351100b9a84544c
torus.out0.02596.h5	a2407f92a94d2cd8609db5b6b42c5da0
torus.out0.02597.h5	03194e87f8373c90e49a54471bd21f39
torus.out0.02598.h5	deff1cd0e506a59d0eb90d2bd9817263
torus.out0.02599.h5	6a9e554e2c3596ffbf9e3a5158af898b
torus.out0.02600.h5	cd290eeb2140f7abae3bb7e3984c7024
torus.out0.02601.h5	a62a62326a61fb77244488ddfb1d30ee
torus.out0.02602.h5	8cbfc110cc12ab2908b3861bee05eea1
torus.out0.02603.h5	4ec9016cfe88195ce3acb04a05929122
torus.out0.02604.h5	40df50c59d4ea50b326e675e2b096ef2
torus.out0.02605.h5	b4305675148929273069a30a92e80242
torus.out0.02606.h5	d9248476794705406d1c9ff0ca540b99
torus.out0.02607.h5	5f2aa980ff212e7b3a46e88637545b03
torus.out0.02608.h5	288105688603d8dd895ef84012bc9f29
torus.out0.02609.h5	d5350765f1cd4f49ce6baada0b172159
torus.out0.02610.h5	feb4ae83eedfe3c923c4cfb821fb8133
torus.out0.02611.h5	82aee624f61327f6cfd6cb9596e5b9c7
torus.out0.02612.h5	19f5cc0f85964245eb318c0737735ec4
torus.out0.02613.h5	6468de7ce21d5945f04b50de5fdec537
torus.out0.02614.h5	c8f5e937156d6db113d7643d05a05a34
torus.out0.02615.h5	ffa5538a418b5c4f848d96e7a37949b1
torus.out0.02616.h5	72783057209065bba6498685ee9d2caf
torus.out0.02617.h5	c4b6d60f03199c49c270187e609d1dd0
torus.out0.02618.h5	59f17aed7ea0ab2bcd76247326fc2e64
torus.out0.02619.h5	38f2cf2eadc0c9e6cff51b8f687c897e
torus.out0.02620.h5	72ce6a94feba43b4508def143ac03eaa
torus.out0.02621.h5	73542447059e196efa2ed079cc1ba225
torus.out0.02622.h5	3f3101203fe51fd8987fa85db6634089
torus.out0.02623.h5	5be4c3ffd37077dc44e6c1003794b169
torus.out0.02624.h5	c0858ddfc8b99f129772e20b419a0fe8
torus.out0.02625.h5	7888dc32d5941f9299fc8780fcfe5ad6
torus.out0.02626.h5	85df114c84a43bdea9ce5fa1529460e5
torus.out0.02627.h5	b486d3f45caab6d8f2bbb135963eaa15
torus.out0.02628.h5	92b29f077c2c6e56314129dab6930e13
torus.out0.02629.h5	429582ebf4bd1443b596bb30b9d9e7cd
torus.out0.02630.h5	7aa297d4d7ec70f8bb2ccf60f433a36d
torus.out0.02631.h5	ea9a1bedd80dc284340b60b036b83e94
torus.out0.02632.h5	2612d4e0bea19f0e9faf397854ba5e87
torus.out0.02633.h5	af779dc0c24849bd59fc283e35cda25f
torus.out0.02634.h5	40d34e966cdc4b4d3ad8752ad5274bf2
torus.out0.02635.h5	e8213f847011f35404fcd271e831fe71
torus.out0.02636.h5	ce941b8a79e9d52fbf147ebf53e56abd
torus.out0.02637.h5	5104f9db48867f5615674f23777573f7
torus.out0.02638.h5	8b2107f7073b764887dce80533b99a39
torus.out0.02639.h5	7538961706083431430636d2dc325f0e
torus.out0.02640.h5	1d9e650aed496a7d53eb3869fa2bc8dd
torus.out0.02641.h5	60b5ef47aee5ee7214eecef849714664
torus.out0.02642.h5	c064c2eb80561024af32f4e0386da4cc
torus.out0.02643.h5	284893ab2203a6de8dd22b7cad165410
torus.out0.02644.h5	6a111f3ab2a558fb335f802beee9018e
torus.out0.02645.h5	fc969ea1dc9a0e4c994b3e4d7f162311
torus.out0.02646.h5	608789711da529c12ce47bf5cc610f49
torus.out0.02647.h5	b6adc6da30f7aead611877f809f9fa0d
torus.out0.02648.h5	adfaee085ec972dec8121e1960692705
torus.out0.02649.h5	dea7683f088c8c22d08cce0acaf3f496
torus.out0.02650.h5	8a3da68564487a8f4327c6439f6103e2
torus.out0.02651.h5	6cecfcf5ec8f51a19ab91cceeb40b9b8
torus.out0.02652.h5	1a046df5de5f5997af43c4c90853f74e
torus.out0.02653.h5	a824ac5258536ebb3d2afdbe218e2dae
torus.out0.02654.h5	060ad6a59b6523e987402e49c40d284e
torus.out0.02655.h5	2f656e2b6397b03a6d0224526d1f875a
torus.out0.02656.h5	743683ce3d18d7f0da53608156367f28
torus.out0.02657.h5	deae2c98a4779f1b976940271a256016
torus.out0.02658.h5	1db79efd13c0012b4f5f5dc2622257ea
torus.out0.02659.h5	6f0c367963844b712aff11a21044a4f4
torus.out0.02660.h5	54ac75848c4b11121e5a11e1e0558bd3
torus.out0.02661.h5	3c78c135d00c4fd44a9a3c465cb6463b
torus.out0.02662.h5	867aab19051dea2f5fb50d0ccd887ed3
torus.out0.02663.h5	54d7af12eedb92a371f30e1a37bfb0b3
torus.out0.02664.h5	99d56a23fe13c2631756237048a60491
torus.out0.02665.h5	29482eb2cc175b1d2b9bbe1b2788e778
torus.out0.02666.h5	67bacb78340e8c6dbfc24cd2e8937d8e
torus.out0.02667.h5	e59cd855d8ac7b52cc9b443deb146467
torus.out0.02668.h5	60bec509ff9b0f814aac5c4510d9706a
torus.out0.02669.h5	9369229f21f27700dfb339fe5cd4e918
torus.out0.02670.h5	ca7a05feeb7d467640c32c46f7f80df5
torus.out0.02671.h5	675660ec4a731ff5561f07aae0e0c94f
torus.out0.02672.h5	04bba3d5eae9b52f045e1bf7bb958a32
torus.out0.02673.h5	aa1a324dc6ea614b0bacea3fdcb12104
torus.out0.02674.h5	18160d264cf2d9ce70facb2d69ec5276
torus.out0.02675.h5	adef64feaf3fabe6c1a8b0ece8083d48
torus.out0.02676.h5	81f46db146e9f09b145457c1d5d11c47
torus.out0.02677.h5	ceda6f117aad5bab72a42f8107ee34a8
torus.out0.02678.h5	789cbb14bdbe88056bb3dfd928e165b6
torus.out0.02679.h5	9a2b39d98c307fa542e3c7926345e134
torus.out0.02680.h5	737667b8c22ee1319f9c591952d8bb5a
torus.out0.02681.h5	e7a9d2f0f88061ea4a511ef9ca18043f
torus.out0.02682.h5	af1b7bd5991fc35c04f7827951941962
torus.out0.02683.h5	0f91ca9371275c86b7039e2e76412ee7
torus.out0.02684.h5	cdcfa0d7c1ac033eaab2c01add4a4b40
torus.out0.02685.h5	2b6bd9c4f831187eda7d78ceae28ac64
torus.out0.02686.h5	79af9bd41a0ba1def4efcf38ab179890
torus.out0.02687.h5	01184f8e205659a11a6e106194d7d704
torus.out0.02688.h5	318244ec1880dfd4c537f750680e0fd9
torus.out0.02689.h5	cc4cf5655a5e84704cfdf6d2b9efe027
torus.out0.02690.h5	e36e2558da3a0715ea3aa1545285aa2d
torus.out0.02691.h5	7086c21bd905aba8d5b953645cdae9f7
torus.out0.02692.h5	847c725183dbbd82e45eab85c32f4ee3
torus.out0.02693.h5	0e2874c904e690289996bb539ed30ca1
torus.out0.02694.h5	25334f0bfb6b4ce7b46f5899f331a771
torus.out0.02695.h5	2788261803e30f950e12cc95f006cb77
torus.out0.02696.h5	e62b486a438d3c067f6b926e5e03aa5f
torus.out0.02697.h5	53d21cd3b0789262a73189d75f9546f0
torus.out0.02698.h5	2e53db8e1919929a9983653afe01b9b8
torus.out0.02699.h5	bb08295693edd80c6b0cb9c7ccc2ff0e
torus.out0.02700.h5	bb8326d5f978f92cf71a909cbafa60c2
torus.out0.02701.h5	b307e9050ff8b2cffc877beacca7b905
torus.out0.02702.h5	c377ccdfa5fbcf24ce1146fa62265672
torus.out0.02703.h5	b4bf67f222407aabc01c55af46f35e46
torus.out0.02704.h5	5c30e2139f7214484f60a50ad1ee813d
torus.out0.02705.h5	e755db5b6f391e2b17a75314b18e7b56
torus.out0.02706.h5	0d5401833b107d0b0f642e3eab104b70
torus.out0.02707.h5	8e29de485406044127c032018b050fec
torus.out0.02708.h5	0619a3ef547b1835250020ea7d7bfb7e
torus.out0.02709.h5	a8094764ee0a3c8894615c4a964fee7f
torus.out0.02710.h5	664379034c57209b0ab3b29668c5e928
torus.out0.02711.h5	859747f74931a688bfb6fa7a39caf6fe
torus.out0.02712.h5	8b8ce81bca0eb5cf4e5aa6f2ff91d533
torus.out0.02713.h5	aba5b340c38c3673d6dd873b21224b1d
torus.out0.02714.h5	3e9ce51197dcb1af5dffdf72000ed571
torus.out0.02715.h5	9ca513e2c2cd0689cd3bb397282d7ca0
torus.out0.02716.h5	3857634252b9e4038e8300f41f2d75c1
torus.out0.02717.h5	2efea3458f80571f40dfce08820bbc59
torus.out0.02718.h5	cf14536a1fbc1379e630180b29aec799
torus.out0.02719.h5	cf87b117f9094e3ab5ea7ecb57f2af93
torus.out0.02720.h5	3129ff7cbcaabfa00d1b2138c1ea337f
torus.out0.02721.h5	3d56530a94f8d9f6159bba1c51bd9c47
torus.out0.02722.h5	b8f21c60555d7be52cd4492826684e14
torus.out0.02723.h5	30fdebaad653db610834418edd5916bc
torus.out0.02724.h5	96ce2dcb5c850a6140d320251d8e41e2
torus.out0.02725.h5	9df21fdb6846b8b688e9549cb3e03ac6
torus.out0.02726.h5	edaccf6b90f83f6c88d25ea1012ee659
torus.out0.02727.h5	94df63cf8bcd4075908c80e74c74d1b0
torus.out0.02728.h5	a46e36312952d1d9306ed760e1bfb3c8
torus.out0.02729.h5	4fe5c360bc2446e9e566835e48779431
torus.out0.02730.h5	9cf783be07d59f9fbbff0395c8610c9f
torus.out0.02731.h5	f392106f6b57811e292764826f4d76e9
torus.out0.02732.h5	4527faa691882f965e4c16d14fb6812d
torus.out0.02733.h5	61b4dedb52d14a2b29571ebf3269e2a5
torus.out0.02734.h5	d1502dc454d9c74709d9c9f826c5a1c9
torus.out0.02735.h5	04bd291cfab5fe04ae010c7d2ee3586c
torus.out0.02736.h5	d96f75645873dc6c1df31fbf6eb2901c
torus.out0.02737.h5	ef63c9f81b9414f05ffc37842c10fa00
torus.out0.02738.h5	b56dc9e4abac3c82edcfab191671e061
torus.out0.02739.h5	a00a108e63808994a0922fefb18e8487
torus.out0.02740.h5	23fce601bc3f0f8ad9724ebd360cc513
torus.out0.02741.h5	8819a8ba08ac2a70e4085381c6e50659
torus.out0.02742.h5	ab5cb47ca2082564210756c2f350334f
torus.out0.02743.h5	a5d991b568f5d8e520106e9b39748894
torus.out0.02744.h5	e618bd974bfb710750b3a1990601f358
torus.out0.02745.h5	0b832404632d56c5cc4aa2d8599139ba
torus.out0.02746.h5	0b4dc5b591ee1c59cbf33652ba3d20f3
torus.out0.02747.h5	c4bf140496cf1a39d5a7d5ed415d64e6
torus.out0.02748.h5	ba2a29165f2fe04decbe5741cd3d47e6
torus.out0.02749.h5	88df91bcf64bb4b0d213c7562ae73c08
torus.out0.02750.h5	ed7936f7899740cc7b3ad7961b8c833a
torus.out0.02751.h5	9f3348e108044d664f17128feb993c95
torus.out0.02752.h5	fc97a79cfb5f7a53da03aa6af74007b8
torus.out0.02753.h5	ba4cb65208058901888796c53a489da4
torus.out0.02754.h5	89297e235c9e2460c68a56111dea5c17
torus.out0.02755.h5	2c1456994ad076c85962036ab2728bc4
torus.out0.02756.h5	806c52bb640068ee58aa50eadff9ccc5
torus.out0.02757.h5	c821fa45779b1671d502ee872d82af99
torus.out0.02758.h5	434197f58553c2c8bc6854012d2ad2a7
torus.out0.02759.h5	6cb1fdba65a9daea393fa61d8aa7194f
torus.out0.02760.h5	71402c6cd8af9a79c0178c931d20b00e
torus.out0.02761.h5	aa2abd290ffa215ab100276516a5ab2a
torus.out0.02762.h5	f1214709fa6c3dad77c6cebc40bfcec7
torus.out0.02763.h5	5fab19dee64d697fa41125e450ed100c
torus.out0.02764.h5	16260b6ab6e3b6c6d19c62ea175d7b66
torus.out0.02765.h5	5044e41e02fc67e2a62ab39197cbe2a0
torus.out0.02766.h5	edca98da8b87b9655d018e4b7759e942
torus.out0.02767.h5	4fe9b83d2d940215bcff217e293d334b
torus.out0.02768.h5	3e753936bf0e140e8435eab5983d7e50
torus.out0.02769.h5	877fc398c4691002cb340f4c91b2a71c
torus.out0.02770.h5	b9efa97147c3f5b1013f1ba7d551bc0d
torus.out0.02771.h5	a664563f3477847bd3793c3d4716e9f4
torus.out0.02772.h5	2bb525466d9bda439c838e3694e17294
torus.out0.02773.h5	203b18f354955f2f349e8823805f8edb
torus.out0.02774.h5	8366fc170f8d7f3f151d0f5e8fccc0e7
torus.out0.02775.h5	37dacd306f7c72b05ed90007a56f6a65
torus.out0.02776.h5	cd3daaefeb420b853090de5261efde82
torus.out0.02777.h5	ca436c74b32078a82555ffcceb252fec
torus.out0.02778.h5	83983eee6a1e39d669fc245b3b1715f5
torus.out0.02779.h5	e4ee258be4b195ebbd45e99326373042
torus.out0.02780.h5	bb34008aac47bc0b92fe07fd84c08845
torus.out0.02781.h5	8078b9d3d22e14fbf3bc867c08297052
torus.out0.02782.h5	011de7620f9f0d2ac0c3c329cedd9768
torus.out0.02783.h5	34c715e3f52761068ead1a8b0219d47a
torus.out0.02784.h5	ffca840d748623e1016d00091a1aa528
torus.out0.02785.h5	50af38f172caa0f03db448c7506f7597
torus.out0.02786.h5	36c273eac6f4ce1eac89a0047e978a9b
torus.out0.02787.h5	2a1c51097553df35a221b78c6fe17db3
torus.out0.02788.h5	e997aa34ec1832562cd8b04aa6b01594
torus.out0.02789.h5	313a07e9dd841b807aaadbc9ed481571
torus.out0.02790.h5	cb6491841b9654f11e4f45c73d2c61ee
torus.out0.02791.h5	974e060ae8f3c22151f8cce618e83bb8
torus.out0.02792.h5	4d5cf8d4d5d8916e1225be20c9afc0f5
torus.out0.02793.h5	234c369fe73d2e91809a752a945929a1
torus.out0.02794.h5	9f8064939725b096816b0fc64771ffeb
torus.out0.02795.h5	fe6c07372cab4d9fdf214a694ba2d764
torus.out0.02796.h5	5f81a627cc3672f9e7d68c0cff6cae8d
torus.out0.02797.h5	e1fb41e475f377fefa90af10660f6c75
torus.out0.02798.h5	75b8f765033eecc3f8840e6816f0b0bd
torus.out0.02799.h5	d778a378773e1f8f91e1ef33e0e236c7
torus.out0.02800.h5	688bcbe286f91883fd2c037998bda755
torus.out0.02801.h5	e16bbf076d042a1f9588c8777c5772a1
torus.out0.02802.h5	07ade9de0e2564793b394f10ae30f226
torus.out0.02803.h5	24697197da33c5d1d82d0a3617d6f859
torus.out0.02804.h5	7a50163f0ade9ff6a6ffffc546b64df4
torus.out0.02805.h5	ca2900a6e5b5863206fa94e0d51c331b
torus.out0.02806.h5	cfa5a2521fc2dbad457813e597acaff8
torus.out0.02807.h5	437ffdd592fafbb02eab8ca11d4a62e8
torus.out0.02808.h5	51536632b2667a03eda115b380526f4e
torus.out0.02809.h5	51c2787cf56fe21451fb026b2a5c254a
torus.out0.02810.h5	6455fcc8adb05b7bffa5dc030f408062
torus.out0.02811.h5	9fd24cb10088ce9cca51b557b9a57613
torus.out0.02812.h5	edd9b800f27a099fd8adde195a3a29c1
torus.out0.02813.h5	271b62de40359b8e2f46f3084cf24dd9
torus.out0.02814.h5	88dfbb6c9904c643e995144aa381607b
torus.out0.02815.h5	32edcc35a8a9b29c6a17c6ed7e4b024f
torus.out0.02816.h5	3da2cdf9b6a97218301e5cc005d94565
torus.out0.02817.h5	b1304680d1448d6144c038579eddf951
torus.out0.02818.h5	c2a4bddf7ae8f47d42a9771da1579869
torus.out0.02819.h5	47f2f4d725fabd8ebde9f9d7f0575ec0
torus.out0.02820.h5	40c74b6ea9d6774b665232f40f5d2500
torus.out0.02821.h5	5c5c6204b95c76c357a9163674b186d3
torus.out0.02822.h5	3738f68f626c00164faf49276a4373b8
torus.out0.02823.h5	034a86c3c3076c7b937c2f16e019e0c4
torus.out0.02824.h5	445d681d1324534b4ca7fab59ae56a3d
torus.out0.02825.h5	e280098f7192697153348e2126e3538e
torus.out0.02826.h5	434425661b5374778a9e3ea3d105a3a1
torus.out0.02827.h5	b4adc528610a07840e6017c6f2d4557e
torus.out0.02828.h5	3245f07bcfe0d4b22ee5183b8ff70bb0
torus.out0.02829.h5	164d0462c43cc219145491d6521e36a4
torus.out0.02830.h5	c4862db77315a19df1d981d371ce5694
torus.out0.02831.h5	dbe57f9fc905575bdd3b46e855ea91ea
torus.out0.02832.h5	33ba147902447ebcd7d59950883524c2
torus.out0.02833.h5	01f30e734e63ecf572f29ee2b5e77a68
torus.out0.02834.h5	e273676ea6f2d3322703f0a424a646ab
torus.out0.02835.h5	ff1eec8370a58955381f0a3ccc9abcd9
torus.out0.02836.h5	f1bd079c1f70cd5fa2203979292f37ab
torus.out0.02837.h5	5c5e4a640dcee6df087283cd6e5bc36c
torus.out0.02838.h5	10be24738928265bc18acdb99661d96b
torus.out0.02839.h5	e400b2d4233ad173089f08414270e68a
torus.out0.02840.h5	da1b058c2dd23b6525d9ef2d348ca28a
torus.out0.02841.h5	76fa1148cef610102bdbe20bffea3f50
torus.out0.02842.h5	f112aa2e36ab9246995413feead1ca39
torus.out0.02843.h5	a16ff07e171654a455f2afaceaeff549
torus.out0.02844.h5	ea800f3430193d60e675e11ddb348dae
torus.out0.02845.h5	e674960bfbd056a7a040158256fc803e
torus.out0.02846.h5	76487c7953edd6c1b95e636e4e2e93d6
torus.out0.02847.h5	970dabff10caa6dbe9837cbbb927a494
torus.out0.02848.h5	e59bbcff4a6b6400f8761caad9b77811
torus.out0.02849.h5	6409a7c34399eb631c52765192a0bed8
torus.out0.02850.h5	39dbacba1f71a245f093d9e4d7af69bd
torus.out0.02851.h5	47922f52861cfa92b9c134b969fb7d1b
torus.out0.02852.h5	93972df06dbdd7349a1daa150fabb04d
torus.out0.02853.h5	1bde86bbfb60de4cf36577be7a31f6ed
torus.out0.02854.h5	17e52b18cb36cfa6bd3dcf1f8f025ade
torus.out0.02855.h5	3092c4ecb82a93bed406dcba76a6e858
torus.out0.02856.h5	deca397e48ed7b488bf5b360d811ada8
torus.out0.02857.h5	565630a9441fc68a954d506e68c61ce3
torus.out0.02858.h5	a404a7fd510305cf024329c336d5a4a9
torus.out0.02859.h5	6993884a915c1c4bf99f1587cdf6d966
torus.out0.02860.h5	47b0f06ec3ac325938df015ed2306c6b
torus.out0.02861.h5	3769d1638ca65292b0a7401894ac05d6
torus.out0.02862.h5	431c4310115b1dffb67dc29661fc0704
torus.out0.02863.h5	9df65a7424af131cc3cbb182dc7ad4b6
torus.out0.02864.h5	28a12889288d7e1900bf21d0a4131321
torus.out0.02865.h5	41c505bc62870ed08c9e0eb45b4362dd
torus.out0.02866.h5	558d259395ce8714b9eccd10878fa37c
torus.out0.02867.h5	7292ab58365cf6a8e142a0f519477d12
torus.out0.02868.h5	9836647fb02ffd35fdbc52ac37737932
torus.out0.02869.h5	6e78ef490aba7ef0d2bc85200266c9c8
torus.out0.02870.h5	775bbda23a1542e95e26887ac98413a1
torus.out0.02871.h5	bb2a366a02dfef80c4605b0b4c218174
torus.out0.02872.h5	0131f8f94f61e4ccf2b4005d9a021677
torus.out0.02873.h5	8ed3bd6f475f061e7bd86bb6e492bdfc
torus.out0.02874.h5	01366f8ee433ddc31978cd06ed6283ca
torus.out0.02875.h5	9714564a3f5567d840000d42586168cb
torus.out0.02876.h5	a4ff32cf169887d139e98ea46cf814cf
torus.out0.02877.h5	1cb57efe083b9ed923e918a6c332a34a
torus.out0.02878.h5	334f3becc2dc6211f0595c1f0569e899
torus.out0.02879.h5	eed4495a10dd3825c7b44bf4bfc0ccf7
torus.out0.02880.h5	7121534680eb68ccdb86327baca2fb47
torus.out0.02881.h5	54bd4614cc9f02bb0e3b4430a9db2bad
torus.out0.02882.h5	6806203021b0d7dcbbb0210f42b27e75
torus.out0.02883.h5	a5dce7c734bda551240eb6e43588de87
torus.out0.02884.h5	849a3d4d57bb3e5cea1feb09e720d24d
torus.out0.02885.h5	8376caa45977d4d07a3cba09386dd879
torus.out0.02886.h5	838454076f5377a1fe13c1d2601eb201
torus.out0.02887.h5	59d7699edadc3d4c96720aad69ae49fb
torus.out0.02888.h5	45375ab9aa5453efafabbd8c9b6e6e2b
torus.out0.02889.h5	c3ed7d09dd1f5a86d053d20182bceb83
torus.out0.02890.h5	e97ec917f5422afe86c7603654c55fd5
torus.out0.02891.h5	f01798661170c3625d5c1dbffd21eb7f
torus.out0.02892.h5	f66ebe4fe735a25fb0c09d301ca610fd
torus.out0.02893.h5	ba820f661406f20b8d9928c8fb810841
torus.out0.02894.h5	7b4aef78e19644909221f764e43db2d6
torus.out0.02895.h5	05bd42194806056b1f4fabeba3fc0956
torus.out0.02896.h5	0ca7eb9aad15e6a6e70762bb6ef366b7
torus.out0.02897.h5	01f83c82c794855ac7f30ef87f3781f9
torus.out0.02898.h5	a8e4a96919df088505ef664436c40e9b
torus.out0.02899.h5	69b4fb263a8a52ff9597f7c9b2804f7b
torus.out0.02900.h5	176dc873956bba534b571ba4c79499dc
torus.out0.02901.h5	bcdb79f0ee534a283ae49957c7d85c4d
torus.out0.02902.h5	8316769fc180060d5f932a4aede56be6
torus.out0.02903.h5	33460bb3276c066919afe1fe2cd43308
torus.out0.02904.h5	07f39548d0873f96a457966629e80500
torus.out0.02905.h5	ddfafd36201274f9a6e5b4c14e4d3bca
torus.out0.02906.h5	727935e0a9843ce7f7071ca4abde5562
torus.out0.02907.h5	9a75bf1296d8f2d6b9627e8aeb036633
torus.out0.02908.h5	c0ba32126ec789b02a6442e297cec34a
torus.out0.02909.h5	58bd41d777760ebbfa364e9662fa1a5b
torus.out0.02910.h5	6e252e4edcda75278d6b88ffa3ec71d0
torus.out0.02911.h5	4d533c1275c2d40cbb312e122db898ce
torus.out0.02912.h5	e6f9fc141e51e5c2084ac9f974e93a95
torus.out0.02913.h5	9799c40e0e3f29a349a0d6816106d1b0
torus.out0.02914.h5	4d89b13b2d4594624a24b75019b5680f
torus.out0.02915.h5	6db237b61833091db085f3389ab5366e
torus.out0.02916.h5	93f71157af74b697623dd31b5d7c5a16
torus.out0.02917.h5	79f910cee64dd6f585c69aa212097f87
torus.out0.02918.h5	53578e66c982e2d42be62deed21d50f6
torus.out0.02919.h5	92457ad39e4fac2be7962c4e20f5d63d
torus.out0.02920.h5	995cf412de967cf2f9273e1b3136bbc4
torus.out0.02921.h5	7cbe2fbe1936fdbc60ddf2790165fc2c
torus.out0.02922.h5	d17c12c63c2d1c93517bc2ec5612845d
torus.out0.02923.h5	93d1f7f0ee13899514eadcde052ec387
torus.out0.02924.h5	9d45af8b4cafcb27a2db17b84d679863
torus.out0.02925.h5	274c217dcf1c00f010a85ffb17053d56
torus.out0.02926.h5	019e46061cd58ef3e1f9ef7ff35fca7e
torus.out0.02927.h5	2c6a2a6d86f977030237f212eadca362
torus.out0.02928.h5	c60ad395c3e4e64ab8d9a27dbe7f84f7
torus.out0.02929.h5	22eaca14400face9896285cb069ec048
torus.out0.02930.h5	0228487a844d0b628eb175973acf87a2
torus.out0.02931.h5	f26f54be0f4d3b8a5f8f7395bd306a0e
torus.out0.02932.h5	a584a9e8ff345d6c2582cd974f617a71
torus.out0.02933.h5	8545445dbb6249103d5f036e7484f079
torus.out0.02934.h5	3234bc63887a1c8c67fb3e46cdcd9d33
torus.out0.02935.h5	dcf6543b2a33863582ae7daca986889f
torus.out0.02936.h5	f81a98dfc8a71846a7debddf75739e8e
torus.out0.02937.h5	c12128ed52b442518d53b02397aac5f3
torus.out0.02938.h5	8f29c9fa35e3b8c954c887fda5ec1d58
torus.out0.02939.h5	aec5054c4e45ebbacea70fc119cc9e6d
torus.out0.02940.h5	683d23e9b0961ebd7691446eab028298
torus.out0.02941.h5	71deeec2275c74f9e2d9a7684eeae35c
torus.out0.02942.h5	0cf7ac8c154076668c081e5f2bd6a115
torus.out0.02943.h5	9f4340dfef31b180d88e937d520c07b1
torus.out0.02944.h5	1e37ff216f99f81f999f2a606af922af
torus.out0.02945.h5	d4bf6a735f9b166d9698adb171458845
torus.out0.02946.h5	2a6e49bebd178750fa3191634ad1eb96
torus.out0.02947.h5	d092b1f317e5895521650845f22db6a1
torus.out0.02948.h5	f6880f92c022b028a0209b4f25402797
torus.out0.02949.h5	45e2d1a73a21d60c88c940f805499ea1
torus.out0.02950.h5	2f1932c5eeb281329ffc352c0149b316
torus.out0.02951.h5	121392cc584b181829a92e7074f55634
torus.out0.02952.h5	5e29c8c976237617f10bae2c78ae86a4
torus.out0.02953.h5	a7a0e617ac86a02e6c423caf49df8ceb
torus.out0.02954.h5	38f892aa09672486e1b6d0fdc9c435b4
torus.out0.02955.h5	49d7c383c61b24dfdf262dd266980467
torus.out0.02956.h5	02251dd261ff4f949d39a0cc9106cce5
torus.out0.02957.h5	c7b4fce9dd059ae26af2a42921f5d0c3
torus.out0.02958.h5	2599d31759d67e7a077641256ee13c8e
torus.out0.02959.h5	32ce5644ac3f7f0fa8a0bacf8466ce3d
torus.out0.02960.h5	1565009cc4461ab659dbbdf3f27232cc
torus.out0.02961.h5	d6d325d4df68d4a4e523ca8c96749990
torus.out0.02962.h5	88309a66b79e9a63c6c626981372926e
torus.out0.02963.h5	ac6b09e41368202af68afda926d2883c
torus.out0.02964.h5	e1551c17d511697953641c9f1ea90c3d
torus.out0.02965.h5	fb36225278f87ed17da7fa9cb08b7489
torus.out0.02966.h5	fcbb99c86ce876e8f72ee372927cd506
torus.out0.02967.h5	2ffb105a9c82c2202e636f78ef097473
torus.out0.02968.h5	41e6f7172d9f92e73e7b6e4b2b923dd1
torus.out0.02969.h5	60f90834a623f36b3021025281ead9ea
torus.out0.02970.h5	12934bdda0399936a8dd738e165fc71c
torus.out0.02971.h5	e765bfeaeca0f0b3f94dd202734e3854
torus.out0.02972.h5	acc69064762db5bbfa391219cf935629
torus.out0.02973.h5	5934c0285dfcc3055f6d61f05136433b
torus.out0.02974.h5	7138a9e37308f6b2161cf52b2c7eccc6
torus.out0.02975.h5	ebb6f3a551edefd703beffd9491c989e
torus.out0.02976.h5	b6ed5acb1a2c0e3d9a2d3d222d811f88
torus.out0.02977.h5	46c0aceb3f0bdc60114ad5e3ae20d34b
torus.out0.02978.h5	eb783a1e7a95b6bc3128f8c5ae197617
torus.out0.02979.h5	6b821d1c24fdb0c959abf7e0fcb06e72
torus.out0.02980.h5	d0b8de08d7e1aa2802db833dd8a9fd5f
torus.out0.02981.h5	ac0123962b0e5f4c33f180e054319a89
torus.out0.02982.h5	d0b143aa35e23897844bb116f471a96c
torus.out0.02983.h5	5957bd64e0c17616e92fb68b91975eba
torus.out0.02984.h5	e8554a131b36ea411c5c494f541c4d57
torus.out0.02985.h5	2355bb1ca4407d07170bacc5d4b59d94
torus.out0.02986.h5	d3f9ff6caad3a94c80eb20d24bd2cf3c
torus.out0.02987.h5	dce2c556861940b53a5c62629a40af4a
torus.out0.02988.h5	a97e359ba2fb8645f4bce601055b48ac
torus.out0.02989.h5	a48b9c5361da15aee658d0555d3577bb
torus.out0.02990.h5	aafffaf71be929e3390f9d72c457f13f
torus.out0.02991.h5	e3be228124ddfd732feea3b2501f0efb
torus.out0.02992.h5	5cd83514ff27a191e71a183b062a0b25
torus.out0.02993.h5	c317ad72191721cbcbd31db3b997ed7f
torus.out0.02994.h5	a70f97492f8661d13a49d103f8a214d4
torus.out0.02995.h5	68871910aaddfe0f970dc7594f2f10ed
torus.out0.02996.h5	33b6724c615cf6aad5ce7686df01acae
torus.out0.02997.h5	535de2373c6831065344f323ab27579d
torus.out0.02998.h5	96077466e9f77b68af47cbb21588a43f
torus.out0.02999.h5	6b40bfd77b8fe35a29b45cf3b8fe0810
