torus.out0.03000.h5	b2c70add948e282b8e212beb0669c3c7
torus.out0.03001.h5	4984f376d816a79a79d99ba371c5065e
torus.out0.03002.h5	fba7c4c516aba3910fa44e905583abe5
torus.out0.03003.h5	1150a319a1a3b6fbf588f9bc9cf5ae6b
torus.out0.03004.h5	dcff2a0d10db9d64e5a1a9cecccb2f34
torus.out0.03005.h5	6f1be3ad501eb4fa81bb389946858961
torus.out0.03006.h5	81d743cec24b8c2b97ec8557a2f73ce2
torus.out0.03007.h5	9ed052d01a06c6d28ac63fa8f0d37bff
torus.out0.03008.h5	83d958a164635b472971fdabb2b8c1f0
torus.out0.03009.h5	9356ef2bc7afb77dcfd7f561fa26a951
torus.out0.03010.h5	c181460e05620eb9f0ad84dbdb371dee
torus.out0.03011.h5	543d53345badf15062a7e778ab9fad3f
torus.out0.03012.h5	3ac260714d9a359a3c18fe29fd584466
torus.out0.03013.h5	8b4f2cc1a1bcd0ccb4038d5c487d9cae
torus.out0.03014.h5	470ec453fa8bf34cc636e405f8568629
torus.out0.03015.h5	bbd7da31116fd89578e2242730e421b2
torus.out0.03016.h5	ff6b770a35b9fcefe2284b8050ed0b3c
torus.out0.03017.h5	10349c80a9288d676729a5204ee4ccea
torus.out0.03018.h5	273356dd7381adb903ba9dfd80a8be2e
torus.out0.03019.h5	78c93ceee1faa07d320fab845d9d69e5
torus.out0.03020.h5	0a14b74db5c74a915c9b4c3eeef0ba5c
torus.out0.03021.h5	13afbf2b61b2af4c79dbb7cc34fb5527
torus.out0.03022.h5	9fe6d692f5133efc82dc9d169a32cd25
torus.out0.03023.h5	0d05f21ba1da46018e9170c73b4d3dfc
torus.out0.03024.h5	43cf397803ba86d055cb59c71f9fde69
torus.out0.03025.h5	1788602c4fbb26c7d2ff66e5a082fba8
torus.out0.03026.h5	6809d638957d49cfaa3fc1bd82cd60a7
torus.out0.03027.h5	346a4726c4ca8903ae0918ea3be7507f
torus.out0.03028.h5	9278ae1406f902f83b7fbfbf1db1fbd7
torus.out0.03029.h5	67694e33d09adcd1242fea8397daf63f
torus.out0.03030.h5	2912f4d7a6e7480522e10e63c8a49ca1
torus.out0.03031.h5	c0a2536da290cf884c8a6a620590c15b
torus.out0.03032.h5	d0d608a76264b0b2b4e4eb49388d682b
torus.out0.03033.h5	c7008a0781f4cca51864a2d4a32edfa8
torus.out0.03034.h5	eab02101ffd4f2b45e519587b49e890c
torus.out0.03035.h5	25f7fd717e6d8af5f57682519d0d4873
torus.out0.03036.h5	62da573638ff44f812df6875bc2e4e79
torus.out0.03037.h5	b9a39c8ccf751e5372966a92075011d4
torus.out0.03038.h5	7d619851a9743dc53df43b987c7ae73e
torus.out0.03039.h5	424aeb8432ca8b60173d451e6a47c599
torus.out0.03040.h5	4a46140de45329804d29c29c896e2ad7
torus.out0.03041.h5	3f92044eeaa3679fd06f905f119091c7
torus.out0.03042.h5	94fdb1c2d888bc9628f8da7ec2b5d6a8
torus.out0.03043.h5	73bb47d3b79b60bf0173a79d5956218f
torus.out0.03044.h5	d787e9fd009ac0fbdbe2a65124f534ba
torus.out0.03045.h5	3b12f3fb369532eb99f5740245e0bc86
torus.out0.03046.h5	0cfb38fda5db763eca840beea4f0763b
torus.out0.03047.h5	a3d149ebe77a2bc0eb6d829cb397d758
torus.out0.03048.h5	238e281bf3bd2789bcef84d7a5e3df8a
torus.out0.03049.h5	896916a492e929f37029d7666fbd44f8
torus.out0.03050.h5	f72991e5517dc4377e0ef52a70fc9c57
torus.out0.03051.h5	657a5de4cd634531212adfe1499f4260
torus.out0.03052.h5	d56b8abf70f565056fd2bbcb3a7f8d0d
torus.out0.03053.h5	26759559a8d5e76b1ce52a4a225d3ae8
torus.out0.03054.h5	a9bfff6212b8948fb114ffec8e0f980f
torus.out0.03055.h5	892eabbaf7ce123649cf367af820a6ce
torus.out0.03056.h5	341340d19f594be1eed9f7fdac55e1a3
torus.out0.03057.h5	026b8c77db964b88113e69baf7d7de94
torus.out0.03058.h5	23028a0a308b9dad4c0055b0f302e476
torus.out0.03059.h5	25c127faeda0eb997136a679286579b4
torus.out0.03060.h5	43aac294b1299eaaac6930bfe717c4c2
torus.out0.03061.h5	bba2108ff60853e918ce9ad81aed9f5d
torus.out0.03062.h5	03eb9356d4177b4bf49771e50d8ed271
torus.out0.03063.h5	959f4c81056906d6a4000b9c7aafb54f
torus.out0.03064.h5	f8e3bec324e499f07fb1cfad6226bd10
torus.out0.03065.h5	6787a124c6abfc79b3d28cd8bca3a24f
torus.out0.03066.h5	298f6158ac6dad646f57af00c169a6b1
torus.out0.03067.h5	61f7ec9825299b2ea8ee2dcffe203b7c
torus.out0.03068.h5	3a710cb6d65c4d5e2419b9b924127eeb
torus.out0.03069.h5	73416601909139a36fed768020cb8c0d
torus.out0.03070.h5	d5fe65cb71ecd677de22e29362c38f07
torus.out0.03071.h5	99968e90998c9758494c719ca2a979d0
torus.out0.03072.h5	a85ace25576db2067257c00ab9ef738d
torus.out0.03073.h5	58180774d45a844f2b2f461115f6a9a9
torus.out0.03074.h5	a62c854f72f72fc92d8ac408ce994b1e
torus.out0.03075.h5	3ce616bd0efa95891e5c30d36dc6f233
torus.out0.03076.h5	532f1c785f9fd605c1cb2f0db82f180f
torus.out0.03077.h5	4d34b2705d574608b4ac8c9e8a53334c
torus.out0.03078.h5	e68c56054ebc068e4e6a69ca297efdab
torus.out0.03079.h5	986c9f73dca545af7ac1a71d4eb68b59
torus.out0.03080.h5	7a4a458ce9ce310e4251b13a8a350747
torus.out0.03081.h5	287b0491f84e4399d79156ea2700fcd7
torus.out0.03082.h5	1c4db439e81adc15ebca7e5c00e71183
torus.out0.03083.h5	8a3eae8a0ee245ecec2a5d6a8ea29e9d
torus.out0.03084.h5	6eefcc8d421585bd549a37e6345eebd6
torus.out0.03085.h5	3817bbf089a179260becf23a7ea6d263
torus.out0.03086.h5	304acf8d36897089c86abc09f636ce66
torus.out0.03087.h5	b65cf0e59503ef5c108a782d053f9147
torus.out0.03088.h5	731bde569896ba8cce92e022544c6e3a
torus.out0.03089.h5	bbd508aa76b23268f75b701b02001b33
torus.out0.03090.h5	9519019aabf243b2731c72c2df2debba
torus.out0.03091.h5	c0cf072dfd36e665709ca805e5f3ac50
torus.out0.03092.h5	ea3110340bf97ff9702c9b5d6bb1f9e2
torus.out0.03093.h5	c702018af306d4e09a31a540868b3304
torus.out0.03094.h5	25a3cc48211aaccc47f5b1d89830aa20
torus.out0.03095.h5	316f1f14b62432165d69c3630cf59f45
torus.out0.03096.h5	50bb45d3f5870b90cc066887e2e47569
torus.out0.03097.h5	e2255e530a93a96c01844c49ef640ecb
torus.out0.03098.h5	a765436a9aab926496836299da483d72
torus.out0.03099.h5	0d35a4e7746722a108ce321fb5a5b627
torus.out0.03100.h5	63d6638969131de8400bf9b2f4cb08cf
torus.out0.03101.h5	b2b013b90200418f5a08c76db93c9b01
torus.out0.03102.h5	c6d1fa4e705c26abc9cc6bfedf5738e9
torus.out0.03103.h5	50db20537cd82ecc7986a5af97119d90
torus.out0.03104.h5	20e6c0eb131b7b97256e829b26c43f7e
torus.out0.03105.h5	eb1f396b6868a931f3ed186858437b25
torus.out0.03106.h5	7a6f68b574476903463017d82b872161
torus.out0.03107.h5	42a116b9c72331a96dabd1ddebcf7358
torus.out0.03108.h5	d15a21400670e9b83453b935748d6de4
torus.out0.03109.h5	221371c19be8311466a16139e238053d
torus.out0.03110.h5	47a606c66ab3378bf36071d97089c8a2
torus.out0.03111.h5	7fe47f0b96540cc17c0ee4cc3d18e832
torus.out0.03112.h5	6fd065a81927f763e7f53f94d3b525ae
torus.out0.03113.h5	64b3a740e6a86c0e5284a4ed5a2eef6d
torus.out0.03114.h5	ab4c886bb476a28554d5905f0947f207
torus.out0.03115.h5	7f6184c76475d234b5d2380f5187f195
torus.out0.03116.h5	f2a6447a17a41562e9b5ab1dc90787e6
torus.out0.03117.h5	89ceb7e6ac9d8502e3eecd2a8ee55c9b
torus.out0.03118.h5	38c923fd23a6753e19369fc129fa0fed
torus.out0.03119.h5	9620b169be36319071fdcca5edab7109
torus.out0.03120.h5	b64575ff93dc9b591ab4b4abc3397d87
torus.out0.03121.h5	e10ead9353d79b5d4ae5b3f2415ed4ee
torus.out0.03122.h5	6a2a160ad1fd1a571031293c80bf08b9
torus.out0.03123.h5	d5846b57b61dc4250912af661836994c
torus.out0.03124.h5	e9d8fb6328e9c361f724a7f32b9cba37
torus.out0.03125.h5	9d4299d58a0aef8f8f8e996810432f75
torus.out0.03126.h5	fe03a0ae8255e1fa4fa45a75656bfc7e
torus.out0.03127.h5	6603e59568fedf3d49afa91388b41c35
torus.out0.03128.h5	48611d1007b9f72b50ff7096239fc4ea
torus.out0.03129.h5	56929438547c8f8def1d6facc751cc14
torus.out0.03130.h5	24edfa8825ce4d6539276aa32f7fd21d
torus.out0.03131.h5	41672ba8250f6af881dcbafa7d480ef3
torus.out0.03132.h5	fb61ade6d9fff9b863ee8d98b0a66552
torus.out0.03133.h5	f946aea1623e21c103c8f7b6195935e2
torus.out0.03134.h5	a0406a087d358ba7f3dcc727fac0a7c7
torus.out0.03135.h5	329c2bd95a86fc7e4d2e71f518d26d49
torus.out0.03136.h5	0a2be4e4e7038684cb1a3196a5600c63
torus.out0.03137.h5	057bddf48513aa06b787b26b6c9a5820
torus.out0.03138.h5	4dab5f73e0f1361650e6a4078b9574bb
torus.out0.03139.h5	844d7bc4c4bbcf9455737453390c984a
torus.out0.03140.h5	8b9062846f6bdcba0f17f81d03e4d75d
torus.out0.03141.h5	8b203c3c108cb62b2a1cb4e248d11f40
torus.out0.03142.h5	bfc7f57cc46a7c63e71176523d61bc38
torus.out0.03143.h5	e92b6d7f5e90000849521786128753e1
torus.out0.03144.h5	d21ba72a30d040332941add74fb64c90
torus.out0.03145.h5	4a6a316f494e61d527afc3ead057992d
torus.out0.03146.h5	da40f15bb1abd7d496f48da197fa5260
torus.out0.03147.h5	f3794152060364f998ad7fe7d99fb4b1
torus.out0.03148.h5	3ea69629d783f7f9fe78b41fd55f7591
torus.out0.03149.h5	20c1fb25c9f1776604256275f1b62334
torus.out0.03150.h5	8a84cc7ab6e8c3f5f433480bfa5457aa
torus.out0.03151.h5	235d1f99c33c0900693c8a73efa9f756
torus.out0.03152.h5	a19274ebddf48537d2b1648a4e371707
torus.out0.03153.h5	c11b4364da927e71fc937ac6d3dfea1d
torus.out0.03154.h5	3b41f14027c02c82b8b0b386a0173150
torus.out0.03155.h5	d47164bbf4eac9f328a69589d0eb71de
torus.out0.03156.h5	0773b05b1e394e3e03e2ff68859f60cc
torus.out0.03157.h5	7cd89df25ef3600f0d8227740b014ce0
torus.out0.03158.h5	1346f208db2d787945ed61889260c47a
torus.out0.03159.h5	8d03d0f03ceaf5383b4f15fbbc661247
torus.out0.03160.h5	1a747b74db32dc9c75ee34c65f65b4c1
torus.out0.03161.h5	c9a5a1011aa7defd04a8acf431d5bb9d
torus.out0.03162.h5	f1fd7d191dcd27237fd48ee32ea6d4ed
torus.out0.03163.h5	3ad2fc0bcc6643ae54f1eb0fdb99297e
torus.out0.03164.h5	30309cde274c55629caffcb0b420dc13
torus.out0.03165.h5	66e7fac2a5c0a7ec86e1548321bf8916
torus.out0.03166.h5	b0856ae15618aea0c3cbdc8edc6f44cb
torus.out0.03167.h5	ef587a3f049f2a3ab75ba56147eff3bd
torus.out0.03168.h5	0eb2c8c54bc0f8f09367a064b90fd4b6
torus.out0.03169.h5	8de2557953202aaa3a1d45d9fc83c334
torus.out0.03170.h5	9ed232cd1755d385c10211e3e1e0ae0f
torus.out0.03171.h5	d54c3dd27d57157a39361044fc81dbc6
torus.out0.03172.h5	ddcb341379035edfe88e953691f49daf
torus.out0.03173.h5	841ea27b2ca0d5eb42086d2ff670224c
torus.out0.03174.h5	db9f70e456481983d819309c7cbf63c3
torus.out0.03175.h5	7a2932cc194d77231f117148ea415229
torus.out0.03176.h5	a6afd656ad435b21886f8f6bfa819767
torus.out0.03177.h5	296e4301a13161a448b7eeccae75e0c9
torus.out0.03178.h5	31f8b66b73eb1e896e8636a16c28c9f8
torus.out0.03179.h5	2dbb16954cd471cee1e23f33ef37140e
torus.out0.03180.h5	87c90bb6c95b5e19a9eed9baa835ebb9
torus.out0.03181.h5	d0f3bd23e96cf142d169c14f9e7f5a4b
torus.out0.03182.h5	e193e2062e690271652c4f93847d684a
torus.out0.03183.h5	015ebd3d5390b0bffd11a5785a4b658f
torus.out0.03184.h5	17287ab742613ee6473bd14089d487ee
torus.out0.03185.h5	1be77ceb6fff958a893d19629e1a1a76
torus.out0.03186.h5	aa3d19e3ef2cd62ab67a5e662dfc1c58
torus.out0.03187.h5	84a4e24e5c9a388d5cdfec77dd98fba7
torus.out0.03188.h5	2758b84d34adb8243fa6b562a109f277
torus.out0.03189.h5	543c03bc1b6907cdf1bff2a3b26fa33c
torus.out0.03190.h5	c43a4f899a5224e8efd28005791b6a48
torus.out0.03191.h5	0609c99cefbfb4ef794710e9be569726
torus.out0.03192.h5	619f35d8cc06be989f4a65970fc6cbf1
torus.out0.03193.h5	174921327b9c73fb37377099fba0b02d
torus.out0.03194.h5	0b82c9119251440d4e0ceb0580a22335
torus.out0.03195.h5	f1cfd276af9173cd611bd2c5d7a98be9
torus.out0.03196.h5	10e3de4e9d414845ff6726c1e721131e
torus.out0.03197.h5	bec568da54924cb5e194715e5146f7b6
torus.out0.03198.h5	c422a14666cba455b2d523ff40f38389
torus.out0.03199.h5	788aa9ed05240f4c3b39db3d47a34791
torus.out0.03200.h5	ed3ffc4973eb99d810061bfb4c945afa
torus.out0.03201.h5	1c426a937a902f9d4c0bc3d7e49977e5
torus.out0.03202.h5	6a0b3738d20cfaa82bbdef655a6535b5
torus.out0.03203.h5	4a152c5327fc54a700e4751f2d3d6789
torus.out0.03204.h5	618343a1c1c706f7f5170c7c9c333a03
torus.out0.03205.h5	e91cae9d80c51df93a11f35a25cf7d5d
torus.out0.03206.h5	0734436af11de4b642297f9d4bbc417d
torus.out0.03207.h5	d9d06a90589fde42f82b4b1e0a8b1b94
torus.out0.03208.h5	866b6693e2a197156414531d9b2f6a07
torus.out0.03209.h5	478b21dc282923f5eabf737c3a3d5c8c
torus.out0.03210.h5	39f6ecec13f03361e14d4654b3fe1e53
torus.out0.03211.h5	a371cf6f8270044e29722f95a0df9431
torus.out0.03212.h5	74157c490bdfd953b6cf9df6d36138ae
torus.out0.03213.h5	13807402f84d081c9f7b38eff68a499e
torus.out0.03214.h5	52ea72c3633b84145656e3517ef58e0e
torus.out0.03215.h5	2239d0c96e6546fb2bbb301a0d6b7b68
torus.out0.03216.h5	e76f0070960978257c361d28be7b4f44
torus.out0.03217.h5	25cd4af78d783049b22a8d6e72c0fa34
torus.out0.03218.h5	eb4d2432b5abe505d97234fe3699f4be
torus.out0.03219.h5	8d6b239cdf59d3b34f014810177e2793
torus.out0.03220.h5	1d70dda950b65c040ced2670dcf981e8
torus.out0.03221.h5	281398e1a564533e98d38e016cdb82cf
torus.out0.03222.h5	8a85cb1156a96f41211ca3f03d8f9708
torus.out0.03223.h5	d9a38bb8e2ce203cdc6ab99423ef4a7a
torus.out0.03224.h5	83e924a2cc4ae45f42267afa14d9819d
torus.out0.03225.h5	dba4688e3aba15eb5c4a29d21a98d2dc
torus.out0.03226.h5	04f6d4633a31ed3959fd0bc537bb90b2
torus.out0.03227.h5	1f1663163733be972fb7dcadf214240a
torus.out0.03228.h5	8eabef16d856be22abd4b0eb4d6780f9
torus.out0.03229.h5	f929693a98c325ead56f926284588c5e
torus.out0.03230.h5	32c64493eb8a67050ae7dbe685a2c9c6
torus.out0.03231.h5	45a0d7533a59d08eba6aa3338b94622b
torus.out0.03232.h5	c500a6286261390c4d66a46cae3271f3
torus.out0.03233.h5	f47d98d8778af4e9dee7c0ac030092d5
torus.out0.03234.h5	282f33953ed0e66fc7c3347f6313e898
torus.out0.03235.h5	9376537b16f99bf9910f274cd7ef78ff
torus.out0.03236.h5	79e6a90b9ad0a9f794009adb41da6d63
torus.out0.03237.h5	91cab5443e7c3fc0be12369e941a672d
torus.out0.03238.h5	20994764d1fb84e4a3b58f41529713a0
torus.out0.03239.h5	3d78432e88108cf9f076559c36a5b4ce
torus.out0.03240.h5	1a0e2fa30dde1e73a6531924c28bc416
torus.out0.03241.h5	bdc2cc0221ee33b87a3cf8bae6c53a05
torus.out0.03242.h5	2aca8a2ae80ea8e5802db3694325e833
torus.out0.03243.h5	490002adf3b0f3c759ee154fd59de0b9
torus.out0.03244.h5	34a26dde0557e42ed9adead89ee9aca2
torus.out0.03245.h5	eb039352b971895e708e2454e1230910
torus.out0.03246.h5	18f8fc9a0d7b091a604fa5d02d57c093
torus.out0.03247.h5	4433a8071a1227a7fa7565d7d88d5dbb
torus.out0.03248.h5	3c7d3f512323ad7fb7a6071de9515eb8
torus.out0.03249.h5	8b39979e70a43523100b84e00ec7ee1f
torus.out0.03250.h5	990382b998884c174ecfc94a302d32f9
torus.out0.03251.h5	121f47732c3367562520bb0cc24e607b
torus.out0.03252.h5	ade5a3b67c0f67c62bffa7c247cf7a27
torus.out0.03253.h5	a1a738ac2a72d314ac45b337a1f46fe8
torus.out0.03254.h5	d4bc75f338695865f4eba731678b8964
torus.out0.03255.h5	8b6c59fa1a3e0fa49f3786dafd21a35f
torus.out0.03256.h5	3c98cf8fd15bb8ea3bc12b733fbb75b0
torus.out0.03257.h5	840943783ec47517fdd10794d18e8c6a
torus.out0.03258.h5	13af4a82eb9ae8020c7047f0bab7888a
torus.out0.03259.h5	7801208bda575f41e0312906adce8ea9
torus.out0.03260.h5	9248be22b31a0bc5ed9ce86385cb4879
torus.out0.03261.h5	293c7561380b862dd22ae7719b8d1632
torus.out0.03262.h5	fb86543d24b74fef74c34ff60b0ca089
torus.out0.03263.h5	32b2924d9afc1549917fc5e4b674d531
torus.out0.03264.h5	387fcc4bbb9c13f8d4baf498d41ec1da
torus.out0.03265.h5	83af9a407b91fd780c51b02483600bc3
torus.out0.03266.h5	2b528eaf46cc0590806ee1a105d925e4
torus.out0.03267.h5	22e12683b6e8ef6cb9104d23c0279bf7
torus.out0.03268.h5	85f797f9405b0ab51e702bc5b90cf660
torus.out0.03269.h5	7d39e105afff876ef5dfdf2557b73061
torus.out0.03270.h5	4b02c3360494bce8f5b982cf40551e1e
torus.out0.03271.h5	1195a4205a335edfece96f0382e768db
torus.out0.03272.h5	a91abb5606eea7e48f3e80d8ce5538bc
torus.out0.03273.h5	85c7f7be4c7e563b046817f3a2ef5f5a
torus.out0.03274.h5	fccee4a4192d6870e0c4e40021a6a2d9
torus.out0.03275.h5	1bdab711b79a46c23e1e74da00751df3
torus.out0.03276.h5	ff68b330d3a1008d117efb92d3e82943
torus.out0.03277.h5	b2e82ed843786a9f6c0bc1e17c19282f
torus.out0.03278.h5	8f2f57ae0cd4c6e023e5a0dba60ebeb9
torus.out0.03279.h5	4ead6274472300ffccdf50ac410d7dd0
torus.out0.03280.h5	9c1adb6687c4ba789055bc37ae0afc15
torus.out0.03281.h5	0018efeb308e4c70250e5db00ce72ea0
torus.out0.03282.h5	f156bae8fb9e427ba919ceba7a2baa2e
torus.out0.03283.h5	4603dbbdd8857e0279378864dffc19dd
torus.out0.03284.h5	3757085b8fe00dbcd95d84c09527900d
torus.out0.03285.h5	ffcebf05bee53b4cf0535c07b3f4cd94
torus.out0.03286.h5	8cfde4e05e2c6a62d9e75d7ca8f58b96
torus.out0.03287.h5	5f2f9d23d709e5ad1af32ec2b1fed090
torus.out0.03288.h5	c231758782eb3cf943ad54590ebdb03f
torus.out0.03289.h5	6ce9e8f1997c19f1564964cf5347027e
torus.out0.03290.h5	015328e3508b7dfbeff9f5371133b399
torus.out0.03291.h5	eacc01b100fbe8d7c320e1fe46a38c21
torus.out0.03292.h5	9ddf7f7df9ea91f76ade9b1c352fcf7f
torus.out0.03293.h5	4ac0c1b6359ef77ee75064b77ba283d7
torus.out0.03294.h5	a7ea5790e18db54c75e6cd9e13808059
torus.out0.03295.h5	d4dac9d24fb78f9fb830252ac765491b
torus.out0.03296.h5	304c27adbb7764e727edfb6506fb0821
torus.out0.03297.h5	021cfbc52f66083d180d87e126001793
torus.out0.03298.h5	603f17037dadfc5dc44840f1feb7874d
torus.out0.03299.h5	82df4a9ae6c37a826c8b6eb0f8991ed9
torus.out0.03300.h5	e982a76380a24b4f6a51d38c241c77a4
torus.out0.03301.h5	670f8999eabe54ffb3533aed354b2510
torus.out0.03302.h5	04124186ea57c584f471dae32359783e
torus.out0.03303.h5	43cf39b0129234c3e6ee304f4bfb4cb5
torus.out0.03304.h5	f36d5f2cf3bd88260c66833423ff5537
torus.out0.03305.h5	c928724d7ee21c068689013531bf8ba9
torus.out0.03306.h5	4f3ac0eb85ae63e7af216ff9fc2ebff5
torus.out0.03307.h5	1f114092c6ff76a8df8ab1b3d9524e63
torus.out0.03308.h5	f30affe1c199262504ce82ee4d99fdf0
torus.out0.03309.h5	0274008ec46f5b45b93dc866c1d7ae6a
torus.out0.03310.h5	d303d4c385c9aa8f48a3ad88585c8c93
torus.out0.03311.h5	1331dbebbfb650855709df9873d40dde
torus.out0.03312.h5	a867164af102911cfebe0f6981d03033
torus.out0.03313.h5	808539c8194419c6cb384d87ddb9f27d
torus.out0.03314.h5	1c81896bba54e58e302d9e6e365b4f46
torus.out0.03315.h5	a2e56ac7650ce6c60a2941b09390f259
torus.out0.03316.h5	34374a34da9ef969de219dda1ac65efe
torus.out0.03317.h5	3ec6a3f617ec12ce5893ddcfd94d8691
torus.out0.03318.h5	e70e89db060c17f9d0335db0ee477686
torus.out0.03319.h5	92750d88706800de293c2a5f126b522a
torus.out0.03320.h5	00eefcf5b834bb8d19610135ed858454
torus.out0.03321.h5	2752aa4efe08b17959139cffc057a57f
torus.out0.03322.h5	af0d6ef62c0228236ba6c611d4a7eaa1
torus.out0.03323.h5	c3fed403c3b36ce9e0c6b4c698722607
torus.out0.03324.h5	d52dd82a1e4e67d59581ff6fdb0f60e7
torus.out0.03325.h5	a1c274f85c42c0e9a5ac874a5081716d
torus.out0.03326.h5	ac97a6febd28c150f5cb76d819a67e26
torus.out0.03327.h5	89ff91119527a1caeedc947c048be9b0
torus.out0.03328.h5	2f7c209651e6cbb7c104f36b524a1410
torus.out0.03329.h5	5b81c7fa2e3172317ce21cd940e0172c
torus.out0.03330.h5	7083db02bb9cbd1cc36dc81b73fa5870
torus.out0.03331.h5	02cce91611ebbfb69cddcd91ab79769d
torus.out0.03332.h5	d8d6b58e976f84ccae4a679c5257b6ee
torus.out0.03333.h5	bf4e8a12229829885900d96a3ac1da42
torus.out0.03334.h5	3ac13642cde34ec26943b1037bd4f546
torus.out0.03335.h5	77a59cb5fcc59df6950bc9f4ff77a03d
torus.out0.03336.h5	adf5c56a657f5e10bf16aec4ba136724
torus.out0.03337.h5	ce7762fc5294972f7d2f55f6fb5131f4
torus.out0.03338.h5	6fadaae0f22c0b694db8e99be7cf643f
torus.out0.03339.h5	e842f0d6b9b0bb8630b2872f2222830b
torus.out0.03340.h5	cde944f4ef5df2f9c36e091779098e6d
torus.out0.03341.h5	45ee79e81a27c7dee7e0fb8d79d75422
torus.out0.03342.h5	a3beeec30bc2be8d76ebf74725c5ccef
torus.out0.03343.h5	b612e45ad3c37fd22bf23b53a8014855
torus.out0.03344.h5	c41a5874086c6cce2ae06a3dc788ed0c
torus.out0.03345.h5	15bd9447d1cadc3754048a619af8789f
torus.out0.03346.h5	df2f1942781f523a757a3c95c57c207a
torus.out0.03347.h5	4239e5869dc23cf5e4b0c18d1bf56d24
torus.out0.03348.h5	4650a5eda4c86b40142533db8c8a2891
torus.out0.03349.h5	ea5ee1488963d039209900912cf44bd8
torus.out0.03350.h5	fc156f02d0092827b8f6f1e46c75b593
torus.out0.03351.h5	086402a46d963b237bfa7ca69f84d76d
torus.out0.03352.h5	e55412d344bb13e28206c945553b7540
torus.out0.03353.h5	b09550e3c76d053cdb96cb317514ff1d
torus.out0.03354.h5	d76bb217e2fc6f3d1b8afd26d31eee14
torus.out0.03355.h5	84e311373cfc2abc8f7906efd762d0dc
torus.out0.03356.h5	5eb132d7662e502e76a70d6f4f60dc5e
torus.out0.03357.h5	a3376f7941d10c70aca9a6762a0af365
torus.out0.03358.h5	2d628545f05a0ba6585c8f27273ab60c
torus.out0.03359.h5	fb1e40634bba91d42b8710fcce58fdc0
torus.out0.03360.h5	cbd0d18e228d39daefb2b9b401bd383e
torus.out0.03361.h5	42df0696ce6341d132e54c5576be1549
torus.out0.03362.h5	0068c8a18baaf8a1eef192ba91c686ab
torus.out0.03363.h5	b89c793f380067689b242293db808812
torus.out0.03364.h5	928cc63188416e8f2b180fd4c18f9e72
torus.out0.03365.h5	1be6059af2dfbabd4c058395c6802b32
torus.out0.03366.h5	f55a9753e09e14384727b969810fefc9
torus.out0.03367.h5	5ee29c53ec83af3ddbee4714d1870d11
torus.out0.03368.h5	b5108f2b1a0cd5bc04a383c927006aa9
torus.out0.03369.h5	07d4cb73301822c2bc58e6399a3235fc
torus.out0.03370.h5	16c6ae39f74045e74a58df15cd718915
torus.out0.03371.h5	fc9e511650425ec547a9beec748afc37
torus.out0.03372.h5	1a7d0e41736f4ccb1bc812306a5d63e4
torus.out0.03373.h5	ae4d76e84106a0f87005f442887d8fab
torus.out0.03374.h5	cc660452192c7a3534c4e9ba72d04803
torus.out0.03375.h5	f8844659161aaf9672d9b99b947983f3
torus.out0.03376.h5	e9327902cdff08ac7a0946d830a3ea02
torus.out0.03377.h5	60be105e0a007c61daa5665e1b145ea3
torus.out0.03378.h5	0a798ec14591ab1bcdb44fdd40e41bc5
torus.out0.03379.h5	2978e7a65b4871d6780789aa1811d9ae
torus.out0.03380.h5	567acd2450fe1d5ac3c99f88074e5aa7
torus.out0.03381.h5	e53abc57e245d758334a9d8922a98841
torus.out0.03382.h5	8cba89d7fbb09948cd8ff53845c5c57f
torus.out0.03383.h5	599afc03359e2e696b27bd634f4f971a
torus.out0.03384.h5	68b1f25fdde9a9b3c047c8f848f7e2c5
torus.out0.03385.h5	0b5536b2c6442e7ee7d1f811f7f1368e
torus.out0.03386.h5	98e3077905ca1e5d34fb23a9be6f08d6
torus.out0.03387.h5	c3d648272d885c4c5ff38227ca96c449
torus.out0.03388.h5	acb5f91650c46f25108a03b346d1f8ea
torus.out0.03389.h5	e14a2f3f12b645551bbf5b93e7f74cb7
torus.out0.03390.h5	37b5ca13782c7d2a836134874abf221f
torus.out0.03391.h5	4819c8cb0667f2574b2ec7d46194141f
torus.out0.03392.h5	e6ce35a22cc7b23904da7a8a559f779c
torus.out0.03393.h5	25f98eab31579bfe827bb9436d1410ad
torus.out0.03394.h5	fd94352b774342e86c34be91458e65c0
torus.out0.03395.h5	74b29b618591a0d5adaab59aa4bb138f
torus.out0.03396.h5	5b222c263a76f5f53dd806f39fb466a5
torus.out0.03397.h5	7a840a4041070df491bcde2243fac26a
torus.out0.03398.h5	e41bd1af0e03d8cd665c136385c35836
torus.out0.03399.h5	91a8b18812e0a44516cbe1de56767ad0
torus.out0.03400.h5	63d270e89734cb92fdd8a743938c210b
torus.out0.03401.h5	2662cb948c049f1b3763a8af9f877566
torus.out0.03402.h5	b6de157dedf4bfdaa93d8391d25a3e1e
torus.out0.03403.h5	ec347f5d8e2755f023d813487bcd0061
torus.out0.03404.h5	7b0687dc5c0a2660c370b07a663f89fa
torus.out0.03405.h5	3d5a5be6cd5f48bc599da3204e086df1
torus.out0.03406.h5	37511f0dc917385a2071a0826f74ce91
torus.out0.03407.h5	4186ad7e89f36be0b02b59f764269de6
torus.out0.03408.h5	9a9931fc61712ad079bbd937643ce8fb
torus.out0.03409.h5	23973a3248b264366a6238f6d29ed40f
torus.out0.03410.h5	5ba7647ef2b119e8fe51f6b7cd9fc2d8
torus.out0.03411.h5	affbfa7ec6f9d19a731ccddd9104df2b
torus.out0.03412.h5	ea944166f3e8dafdc3c064ebb7624de0
torus.out0.03413.h5	84c010e411782764080e41fbc48505a8
torus.out0.03414.h5	f7c9028f40ed94e9672744079e3b96d5
torus.out0.03415.h5	821f9f04ffd6ca26836aeb0bb1fbc1c4
torus.out0.03416.h5	8cef570463e8cc1cc0b1115e96dd611f
torus.out0.03417.h5	35521535ea36cae0bf15848e08048e29
torus.out0.03418.h5	dbecbf6fc714c853195d06aaabfb4703
torus.out0.03419.h5	9984c0af10eb2e1aadd8a79e741fdef8
torus.out0.03420.h5	be10598b97719227b2fd506ee3b09f3c
torus.out0.03421.h5	3d5d5e5a9ba2ffa8c4edb1063cf1681c
torus.out0.03422.h5	f81822c88314871dd8a1894582b1e3ac
torus.out0.03423.h5	bd1063bf108b9a00443ac3b8f53ace6c
torus.out0.03424.h5	9a2c37146537170a3089b4055c8af31f
torus.out0.03425.h5	3826baf6f9ce596f39f7160ef1b867d5
torus.out0.03426.h5	2515ad2b02da915332de477a3cfe1b1d
torus.out0.03427.h5	c7c459a1f330e5ff93b85d173a66c6f9
torus.out0.03428.h5	9dc74eb9988c988243ed300f73abd25c
torus.out0.03429.h5	a9b7274e5caf35ec73bd8aeeb2163550
torus.out0.03430.h5	97b6a965c4d2cc9210f68b404a885c44
torus.out0.03431.h5	f21ba6c94552f1cbe67423dc8ea30274
torus.out0.03432.h5	c07893fcd1e46feb68b40344b0609ad4
torus.out0.03433.h5	12a7816411dec82f9f78bd008b4c21ae
torus.out0.03434.h5	a357d7380f44c759bdaa752f1e28c745
torus.out0.03435.h5	3c36d28d290b7a97993646a3510a874b
torus.out0.03436.h5	154496a1bddded85e98bab99223ee3a3
torus.out0.03437.h5	457da8d26cd90d9d71d02171ddbde79e
torus.out0.03438.h5	6d70a2ac72f82bb8fc55a1cfca09bd01
torus.out0.03439.h5	c15e40ce7c3f8986f58134a996ab6e6d
torus.out0.03440.h5	47f0f349973284d16058c237e712e389
torus.out0.03441.h5	aa912583fd688b98767ef77eed2c9d82
torus.out0.03442.h5	057d4ad17ad7f1f248bc8e8125f6a862
torus.out0.03443.h5	abab7177e1010f65643f06fd2d0d7b84
torus.out0.03444.h5	7f3ae604b91f0d0cd6686ce3661f585d
torus.out0.03445.h5	66de2c1bf5232476d54a52f380a5a7c4
torus.out0.03446.h5	6587f9c76cce6a6c8fa199be5d25dcee
torus.out0.03447.h5	639b2dfcef64cc6903793770566ba69e
torus.out0.03448.h5	06d0e336da6438ca840392a8218a4615
torus.out0.03449.h5	b4a8eec0e3645dda855a4bac5b421b93
torus.out0.03450.h5	09e3a626bd03faac4dc148bc3514cf63
torus.out0.03451.h5	38f1388e6d95aa4ff512a838aa04ee60
torus.out0.03452.h5	91efd9d50236eb50bdfaa314e692d214
torus.out0.03453.h5	31db34d37ea981c2e53fe78592bd3e3c
torus.out0.03454.h5	321b1c6cfcaab48c9ff2073ece4aa3bb
torus.out0.03455.h5	2daccaee0038ec1fa0797a535e02f469
torus.out0.03456.h5	2b600ffa26fd134cb6a8f0c5b3166a18
torus.out0.03457.h5	9c95014d353a565003426b9dac73a174
torus.out0.03458.h5	29919b66411f09e4f7af7a2652eff0dd
torus.out0.03459.h5	dd5e37a3cf4833c0260de0d66feba112
torus.out0.03460.h5	b7844a7446203eef52183cbb090b6afb
torus.out0.03461.h5	8a660b7c10439518e73b0f390c9fc7f5
torus.out0.03462.h5	8511e036b419cdde7c23bd2bbac008e2
torus.out0.03463.h5	9bd027eec9f6e25c51dbaa5130e6ffd2
torus.out0.03464.h5	b2a7031ea523eaa000179edd749d3950
torus.out0.03465.h5	ee1e1ce6f5dc45d824e9ee4b6d91ebc6
torus.out0.03466.h5	c9e5f48eecd6e0ad113b6c91b1bfcac9
torus.out0.03467.h5	04913efe03d1dcb75f3eed30823f1e8b
torus.out0.03468.h5	1d48b922a73088939532717a6bb61859
torus.out0.03469.h5	1998108b96dbec91e851cbe5a83ea488
torus.out0.03470.h5	9b43fe491b7babc2ce2427bfa436c874
torus.out0.03471.h5	8517adcf24269499a2dc9cef77389cab
torus.out0.03472.h5	1bb3efbb85e3a347391520b22ab1a21b
torus.out0.03473.h5	ad6e58eba7d514a96d137158befe1b83
torus.out0.03474.h5	2f04456e72d4b9f482632e034004befc
torus.out0.03475.h5	01419c4b45701d2380a3853b8b595c90
torus.out0.03476.h5	9f7378715efa14d87a6cb02cb32c53f3
torus.out0.03477.h5	0bf11b1190798d8a0cb448857ea3e5f0
torus.out0.03478.h5	8b29584e0837553f6c1e049c38b51ff0
torus.out0.03479.h5	cd3f49d13fa9b516fea8927b6b6374ee
torus.out0.03480.h5	cbcf7fa2fb9ebd4a5c0ff79a630eb600
torus.out0.03481.h5	88e81154b527f5396e87eaab8753c296
torus.out0.03482.h5	d2ddafa4ab4318b753006ca8426b50fb
torus.out0.03483.h5	43be487df92e9c1a38740767477ee477
torus.out0.03484.h5	f73e0ff6b0157a90c1f93c4b7e7dfb2f
torus.out0.03485.h5	6e79e63e380e73be5b0ac178a69984a9
torus.out0.03486.h5	772d561e917f9149e9e69623e9fbc76f
torus.out0.03487.h5	50216a1626e8c5fcc60424efd3509145
torus.out0.03488.h5	39bda6f162b5111f2236197f742b0bcf
torus.out0.03489.h5	0949d3147946a590aeec643d2b7c94c9
torus.out0.03490.h5	5d62797c44b20893904c717e6c7b6eba
torus.out0.03491.h5	c15db58c7870f5f1316d82ed8faa51da
torus.out0.03492.h5	69166f6ea8746b2f42957ed707195538
torus.out0.03493.h5	a153ce8bad849889e43dbddc3c72dc0d
torus.out0.03494.h5	d6f31be8e5040f67c23c0f223c92f6a2
torus.out0.03495.h5	8c22818047e9fd019597ce941ac7d37e
torus.out0.03496.h5	7d21373c1ed5e2b0da7234632201ffe5
torus.out0.03497.h5	f70599dc3a423d5819aaefe0a7149337
torus.out0.03498.h5	5434c95d8321a3953bd220bfe4b30071
torus.out0.03499.h5	57b8fc0002e14e43e18d1b01540517e9
torus.out0.03500.h5	075fad0a627776b8c2843ef38dfbd21d
torus.out0.03501.h5	3a96232a886b96f5d2609050d91ce431
torus.out0.03502.h5	9b71282274a8bcbd33a9cf3ba62470ed
torus.out0.03503.h5	9bce2e8b3de6aa78984316d6e8a7e7ac
torus.out0.03504.h5	dd42ea2a2311dcf2ca5cae62f81fbace
torus.out0.03505.h5	73f168604e8d9fde2be3c414ad9dc8a3
torus.out0.03506.h5	f8e8cd70026efd0100f2aaac5c905376
torus.out0.03507.h5	d386c0953912e22299401f3a3332bf46
torus.out0.03508.h5	82cf2b3bdf2c2d6522f221ee696b33e2
torus.out0.03509.h5	81e89dd979c27a8df99a6d52d145375f
torus.out0.03510.h5	7ccc6bc1280df9e24db15804d2a3ee83
torus.out0.03511.h5	40dd6d0d71106cb845d2b91cf2b6315f
torus.out0.03512.h5	d6243daa601e6d9ed21d69cc7c71f261
torus.out0.03513.h5	e82e517e3bae929425483b3a049c075c
torus.out0.03514.h5	2b941b74d4f69b415b63e9db1c2ba5a9
torus.out0.03515.h5	509a9057a206090e071050405c14fe9f
torus.out0.03516.h5	7d2d8d69ffc42d9a399a0fc935d8c65d
torus.out0.03517.h5	548be75127fb0a8d3b9fd8e2bb84d998
torus.out0.03518.h5	673958369e963e3a79ddc06511494553
torus.out0.03519.h5	82f6effaa119caf94320263ebb0fcce4
torus.out0.03520.h5	3d8932144353f34df45f7d1494498245
torus.out0.03521.h5	3330059d650c0a7496e1d1690ea12c05
torus.out0.03522.h5	54fa26bda7853b28ba05b97b572f66a9
torus.out0.03523.h5	83badff0a290654fe735b4f5a992112a
torus.out0.03524.h5	ea4078f5f2f41f4a021c8560d4a4cec0
torus.out0.03525.h5	95b123761a450dc6c1a6e740b0612347
torus.out0.03526.h5	3354444eca40ee4652fc858d11c747bf
torus.out0.03527.h5	db74f2f672f7e96a8d80bdad8565767e
torus.out0.03528.h5	837161871184269997066f6b8ebdf63a
torus.out0.03529.h5	ba9836ab287696883ca678a5b96087b3
torus.out0.03530.h5	7c7ff444807e3ea7cac0afca770801e0
torus.out0.03531.h5	0c51f5465ca3718968bcead8e1927dab
torus.out0.03532.h5	5bd386049c592448ed893d171cd78f00
torus.out0.03533.h5	d5bc314d18e2bd116ecf88d2d20543b5
torus.out0.03534.h5	d2caacaeb4f1c499e1a9db7aa9cec80f
torus.out0.03535.h5	77f64f1157611fa6e09d25e03d58692f
torus.out0.03536.h5	8dee16fbae13d9e1c0e5bf3f9808de06
torus.out0.03537.h5	1acd942be9308c18ccbb764eefd74a26
torus.out0.03538.h5	c24331868418bcecb3ba2e402ee3dc2c
torus.out0.03539.h5	b7e5cf1631ac5897278937647b51af8f
torus.out0.03540.h5	189c124dbbed786e42107a70b2b77f97
torus.out0.03541.h5	75aa2c53d79f4950b4aa442795e536e4
torus.out0.03542.h5	add5a5e0a634b2280d38c4420dbce712
torus.out0.03543.h5	6a291142058cf8dc2af7e33b1e972237
torus.out0.03544.h5	da2a0cbedb2137e675766db2f21b0cdd
torus.out0.03545.h5	741360a43a71a810c011e0c5f3ef4363
torus.out0.03546.h5	49e264b0db01b3759b47107925c1d249
torus.out0.03547.h5	e0d04caa3dab389a14bec16b9151f7d0
torus.out0.03548.h5	67b1e09b6a4ece4d65f52cad00be083d
torus.out0.03549.h5	72a2b3ab5672d6cac9b102941da25a31
torus.out0.03550.h5	4b794dfae61db8afdd1b09c0b975206e
torus.out0.03551.h5	92585a9f121eed947bacf3040577d2b1
torus.out0.03552.h5	e5281ecf97475e238b394244586e1045
torus.out0.03553.h5	dcb81068d968f421b1b90e220c6b190f
torus.out0.03554.h5	4c1b0b5fb77139ac2a31cfc928956e5a
torus.out0.03555.h5	3719f734cf0a15dec7591ab9e2b63062
torus.out0.03556.h5	2364ab46ebd118968090f37c4fcb70c8
torus.out0.03557.h5	0c6a804025b06e3648f8a499d888964e
torus.out0.03558.h5	cd1aa650c0d88e22b2f49a861f9f3e06
torus.out0.03559.h5	14bfc425c03994387c3e6f607880d00b
torus.out0.03560.h5	23257da814b66ed3d00f051218976480
torus.out0.03561.h5	2218d117c36fa153dbbb178008941d9f
torus.out0.03562.h5	dd11b8da9d1f2bafe13465d92096570e
torus.out0.03563.h5	477ec18dc0c1fc0c2ff1c6b93a9ab896
torus.out0.03564.h5	d5eeb94a453acc19ba0e1e0005873ee8
torus.out0.03565.h5	97fcc107835c576dcac39e701837cc14
torus.out0.03566.h5	7917bb31ecdc3defd3349380a1fd91c2
torus.out0.03567.h5	2b79d9868c84e2343f1a79a6e25c7248
torus.out0.03568.h5	612982f17c43dca4518f041489b8b868
torus.out0.03569.h5	e582f1d5fb0e7f988e72f5142ab29620
torus.out0.03570.h5	586e70795f4a79b9f91378a968c8f94e
torus.out0.03571.h5	a3d68402ca7cb9508caac101571f7bb5
torus.out0.03572.h5	36b6ff64b86b1fca72fc43d089951cf9
torus.out0.03573.h5	f4945c1943ef59078d7792251a46f852
torus.out0.03574.h5	6a5f2dec23ab12ddd7e85314097c3923
torus.out0.03575.h5	cf95788e453c9df4231f0ee756a56092
torus.out0.03576.h5	e13fdb9c9668838b2283147aa5e12822
torus.out0.03577.h5	01b29fbfc8d2bcfe71684675dccfb2a0
torus.out0.03578.h5	0647e8b3006e63079994d4a62de607a1
torus.out0.03579.h5	c0466c06193e816da1bdde08a681d5dc
torus.out0.03580.h5	21109a70284744b157b947632f21551b
torus.out0.03581.h5	7a16477a50f36d465a48720c5bd1098f
torus.out0.03582.h5	e6c2104e381eef952614f3201059f9a6
torus.out0.03583.h5	b127f7b62d14d80251a03dad8a06d924
torus.out0.03584.h5	80fc92df24c62279a51a31b25e1fe41a
torus.out0.03585.h5	97e0de5d988e659bd0be7707630e9c85
torus.out0.03586.h5	0798e2a92d605500fa008b3926960669
torus.out0.03587.h5	02ce5efcb9f96f5be7e57f4cbdf4846f
torus.out0.03588.h5	aca6106ab2b046350641d586df8ddd01
torus.out0.03589.h5	716dbbd3d5505dbcf3deaa8b78e18f86
torus.out0.03590.h5	c49b3de70db755dcf112e37c953cffa5
torus.out0.03591.h5	1f30080a81f096ec6316ca717771740b
torus.out0.03592.h5	a022beedf15a092e097a07e250e8c882
torus.out0.03593.h5	b8bc4d5545cf779f00508f962bf1c4af
torus.out0.03594.h5	66e5bf9eff81afcddd70b446095a9d85
torus.out0.03595.h5	cef97b1e15e2e139aaed24778dcafa16
torus.out0.03596.h5	7a0ebbc3aa897487053f0bb245dcaa6c
torus.out0.03597.h5	a9d5aa3e1641937a76e43dd23ed4d956
torus.out0.03598.h5	ec2d22315b3938dcb44438e5ebffb5fb
torus.out0.03599.h5	68ad071945f8821345f62aac661fc9d3
torus.out0.03600.h5	96a673a4898e31852f95090b24f23fc2
torus.out0.03601.h5	2ba15b9eafa875d09e9aba40b3cb4b37
torus.out0.03602.h5	e848f12817775c6c63f64d0b6d051cea
torus.out0.03603.h5	3842c66eb84ece49588667bba43b96ed
torus.out0.03604.h5	b1b935c68127dc29d261f476430329e9
torus.out0.03605.h5	fb4ea2e16ec99220ea5ebc2a0b7362e1
torus.out0.03606.h5	338b4a40b5da42ec1b9e050a73cf0407
torus.out0.03607.h5	110516ce94dd5c4b4acd4b62ef0064b5
torus.out0.03608.h5	c09e5d1af68ee8d8695c93bb426e8e84
torus.out0.03609.h5	ef53b929c7db5870dd955908a15990c7
torus.out0.03610.h5	619bcf361e261b1a1c5b8a6f0979b9f4
torus.out0.03611.h5	2eecb132ee65c994d54c3920f8f63e86
torus.out0.03612.h5	ce8386c749023d0b0870a5f0f585d310
torus.out0.03613.h5	73779a7e29d78da6205739f3215db2a1
torus.out0.03614.h5	58ad98a504eace239bc3f682c9ccc4cc
torus.out0.03615.h5	6c2faebdca5d9f77d2b4895e7029a8d1
torus.out0.03616.h5	1a87d9a01172c40204ac8eb193321944
torus.out0.03617.h5	177ce790048c307e82963ef7b07924f7
torus.out0.03618.h5	9cdd8eebbbf6bcbfbdda20ded165ac71
torus.out0.03619.h5	05b9d49bd7acdf1943d701db15b4df99
torus.out0.03620.h5	4556b1de82c14bb373dd36de107f812d
torus.out0.03621.h5	0cdbaac2acc88a4ab89c29faaaa6b604
torus.out0.03622.h5	c615b086cd90eefa781e365a43ada92c
torus.out0.03623.h5	f0f3dce997110fc5905cd7d708c04587
torus.out0.03624.h5	8a75dd160c33338c959bfed8fba5eb76
torus.out0.03625.h5	4349bb6a7f1d4a7159163c37bcd48cb6
torus.out0.03626.h5	aefc64b3cfeb3474dc80311ac34c45ea
torus.out0.03627.h5	0e4dc874139933a1451830262d2b236d
torus.out0.03628.h5	872418365bd2eaeac614f73d66aa51ba
torus.out0.03629.h5	8d3b5d1b83570a9895203b6dfa4bcda3
torus.out0.03630.h5	2d5953b7e2fe79368a91429567825e78
torus.out0.03631.h5	f6c0aacef3af50b9f19942627ef52db2
torus.out0.03632.h5	39ba411909d4438479d1d1afd74285bf
torus.out0.03633.h5	aa0fc07b260384ffcd1387ac55415d39
torus.out0.03634.h5	4c72956209bcefe666d0da2c6af1cef8
torus.out0.03635.h5	8b3ca883f1a7773bd6ed7a8647a6ef6b
torus.out0.03636.h5	4bf4de2272e27c35e1b8729b754962be
torus.out0.03637.h5	9ecf6092c664d707d590e01dd6b326a8
torus.out0.03638.h5	b8caedf38d82368745a212897c0e21d2
torus.out0.03639.h5	4e1d1adf230f4441e657ced290d97ba5
torus.out0.03640.h5	6d9d56b78a2d60c229375d071610f6b5
torus.out0.03641.h5	e11772d4f930fa221f2ed7feff517ebc
torus.out0.03642.h5	3ca31e13b62987a43d9081d86ae84dcb
torus.out0.03643.h5	543f19fcd4f801ca51d609946bcf6ec8
torus.out0.03644.h5	a86e4b18b8d1a7a4383d6ee6886fbe8d
torus.out0.03645.h5	2722b570d4b9df4f833f14a75056c846
torus.out0.03646.h5	ff6843b7463eff121a4b2f632cc3880d
torus.out0.03647.h5	2e7ebeac11ccc05bd1497ad7e65ca5a4
torus.out0.03648.h5	011bf863edfe07ce6272118d83320746
torus.out0.03649.h5	2d86b1a90ca6856f04d4f611ab20baef
torus.out0.03650.h5	ca63dc38b73dd3a96f6e6d2f7d7d1f61
torus.out0.03651.h5	63c8ce53b3acd008f10e144b51ab1cae
torus.out0.03652.h5	cf8b677fa8f14ec18453d894cf4b3974
torus.out0.03653.h5	b20fcbbaf0a02304af2968c56db04206
torus.out0.03654.h5	9ef8a5e8fc91366aad73cfb64470545b
torus.out0.03655.h5	7503e5308f87bd85481120825ac2752a
torus.out0.03656.h5	06f9481eec4e1437790d388e4873b94c
torus.out0.03657.h5	a886a8d612d83e2b515cd0f59e678561
torus.out0.03658.h5	eca1ea0237c56532b2c03b2709651129
torus.out0.03659.h5	bacb16e87d60ce961da66343c17956db
torus.out0.03660.h5	a88807b9917554d0b67eab4cbe3bbeee
torus.out0.03661.h5	8536965aed30f817a2bd34cce269f954
torus.out0.03662.h5	66f9b4728ab148d3687b62ffc3db2c4c
torus.out0.03663.h5	7784cd5e0d8d09b4d1a1ee0ddc3a73a8
torus.out0.03664.h5	b2b1d840179131092f73cc67faa5e661
torus.out0.03665.h5	4a983586c00c29de05cf9969efce8f7c
torus.out0.03666.h5	306c4600a890693f3268761c69b9de06
torus.out0.03667.h5	8559d30b7c5e9e951460598528f52bbf
torus.out0.03668.h5	763089b4361943e8cb6effb146736ca4
torus.out0.03669.h5	f904200d8440642a76f932a8f919cd92
torus.out0.03670.h5	bb7bd609e9b215864bff4c279f3142c6
torus.out0.03671.h5	6cb9571b62be43b88b6a08fe9271f061
torus.out0.03672.h5	d10e0937f6f099cb39be558f2a208e1e
torus.out0.03673.h5	37a5dc1ae9c99d2cb0d3c4b8d8e4e194
torus.out0.03674.h5	02cfa0e12b2f4cc1afc51af696d9d8b4
torus.out0.03675.h5	1314e04bfa2fb91db31063d2f2fd3a25
torus.out0.03676.h5	b05704078cb976f594dade87472c9d42
torus.out0.03677.h5	cede060ad11c95c83b242f2ae7648791
torus.out0.03678.h5	6ffd83eae1c73ea97473b34616120ba7
torus.out0.03679.h5	9d3eac4348ef3cf41cd0b89658c33375
torus.out0.03680.h5	354ef6c13b7faaa3b5ef3656def47d30
torus.out0.03681.h5	d288728a52e2f10793ecb8866385486d
torus.out0.03682.h5	07bd7dc97ae5415e0307a8de488c459c
torus.out0.03683.h5	a9c93e0478fbc54df13ee6889cdb31b1
torus.out0.03684.h5	654b9fddfb1fb3debca65da497e2a345
torus.out0.03685.h5	94e7a26f47cea8eb19f4cfee92783412
torus.out0.03686.h5	833ca9f4282e09da6b9f9e70c0a4ab21
torus.out0.03687.h5	64e9032322ab55616e06d4b93b08ba94
torus.out0.03688.h5	c038d0afa259e207ac7ea926b19b9079
torus.out0.03689.h5	71b82eb00e016121f0dd8f49803bb349
torus.out0.03690.h5	451fc337a6ca06ba30042dcbfc63f48c
torus.out0.03691.h5	a9ef534ad7611e79e8ce46033e2f47bc
torus.out0.03692.h5	aa8cf375f4442b2bd44d50dcf186b0e0
torus.out0.03693.h5	91448825ce61429b04ac0d1d53c49cc8
torus.out0.03694.h5	3474507a0dc18513f049483744996a05
torus.out0.03695.h5	6442519aafb9477e6f417b5992a2863c
torus.out0.03696.h5	c4b19ff4d2a72f9b96879e20c9db991f
torus.out0.03697.h5	890a9f130a31252595b4f6717dd59e1f
torus.out0.03698.h5	3f4249a6c228ef8203c6f540dfa861b7
torus.out0.03699.h5	aadcd9372366ee0f50dcb23a43b53e1f
torus.out0.03700.h5	954bd634453eb314e3a1473e7b03f993
torus.out0.03701.h5	9961bd7342533d62833f40946baab06b
torus.out0.03702.h5	d4100d1f4b7b646193af6598c9eb6c62
torus.out0.03703.h5	20ee80731a1ad114f52854ea92b497e3
torus.out0.03704.h5	f10e4c0e592fe519871a7873e22ed8ca
torus.out0.03705.h5	0701782f9974d1eb59fa88d6ba8ecb23
torus.out0.03706.h5	7089928ec8a83715d2620d46db5b7fd7
torus.out0.03707.h5	183144a0f8e74b6576b6e77dff362e95
torus.out0.03708.h5	df7617bba1c290ff78800b55dd7cca8d
torus.out0.03709.h5	a0739a7c53818f5f951a7a8bd26f8c73
torus.out0.03710.h5	c8e23dff32463006aacde0f3c98901ca
torus.out0.03711.h5	93d30d4027df39fa0e045f00adb363cd
torus.out0.03712.h5	481f249c58f5300787b2648cbb382f92
torus.out0.03713.h5	41a945a3abceeb61260aa9e0ecba54f1
torus.out0.03714.h5	16aea363851e8a80e870aa4bd049489b
torus.out0.03715.h5	86624da32ed1ccedb22891691fbfffca
torus.out0.03716.h5	b10160b382b15807bedb452920c58f9f
torus.out0.03717.h5	45297af22adf6ec31efbb50e8541e760
torus.out0.03718.h5	48aca4b3ce06ce6555f42ee2f3a5d090
torus.out0.03719.h5	00957b6008b209cc518111477429e1ac
torus.out0.03720.h5	23c66f2eb990412a081c51f40e30e895
torus.out0.03721.h5	3ea1050796452b98ce04ab5894077c8a
torus.out0.03722.h5	b098788ac4379ef0e9693843c3f287fc
torus.out0.03723.h5	f7ad4602d95797e9fa89ab57038c55ed
torus.out0.03724.h5	28ea8077555978c1a27c323ff2904cae
torus.out0.03725.h5	a89fe671c407ffe1f58504f7ff1b3ee8
torus.out0.03726.h5	cd3e8d2f5e8e8a3644cf2996a7665e82
torus.out0.03727.h5	f30c3c3ef5ab77e68ad6352ce32e17f5
torus.out0.03728.h5	47160b43e998d0af51b9ed737c96d461
torus.out0.03729.h5	fe0c2a6b653564aeb4260e3cd99531b9
torus.out0.03730.h5	b5c0a7b3f2e2be0a6ba462b8a7d03c55
torus.out0.03731.h5	2e271b76e228dd21ae1dab8bb1e0a361
torus.out0.03732.h5	35261d05d35506b95bacb4fc9b612678
torus.out0.03733.h5	0341bc1bcc0d4ac9ebc3f7363325a857
torus.out0.03734.h5	0e62a9bd0adb1389ba080f5df3ff6642
torus.out0.03735.h5	24247bc57ad6a578716ad3c21e19f07e
torus.out0.03736.h5	f46fb4eaac03c12c7c6fe4b55700f668
torus.out0.03737.h5	61965eb13fca8d42a134a9dff3289a9e
torus.out0.03738.h5	d7ac1bb6834b9df8e7062a49dd5a9413
torus.out0.03739.h5	bda8a5c3117295efbc48430108346833
torus.out0.03740.h5	c26a1f7aa7dc7b9bfd66f2f525f2c775
torus.out0.03741.h5	7b7f6ec58f41730b4af98c39a1f8799f
torus.out0.03742.h5	305ee9f64d8cb460352e41f067449066
torus.out0.03743.h5	5181a9b5aea0d0407b92f932e472dacd
torus.out0.03744.h5	3734a89c5846e3abca593c215f4dafc7
torus.out0.03745.h5	dd7637c11869775e451ffa5aa7e878fe
torus.out0.03746.h5	c5d73c712196920afbd09f030816b78b
torus.out0.03747.h5	f0345808c07c514a3ff324847f6e8ad9
torus.out0.03748.h5	c844b93c507fb3fb5badcb76b203e220
torus.out0.03749.h5	623754b5fd2fba7f9815ce6218af07a7
torus.out0.03750.h5	16739e574c09df662bbbbb395ba99348
torus.out0.03751.h5	e29b7e4abdc8ce03acfb55481b99712f
torus.out0.03752.h5	0fb0c049e65fdaadad89803fb19f46c4
torus.out0.03753.h5	cccb8aae79898f71d4d0a8047095694b
torus.out0.03754.h5	6185f38087a94dd5af9b06d3fa90a248
torus.out0.03755.h5	3896d93eb5203ea6d382d521424dca29
torus.out0.03756.h5	5384eecb6e07f0d8fa4fe9067014745f
torus.out0.03757.h5	ec03dc76a0021936bfd4bb4786b7e125
torus.out0.03758.h5	8d915cddc48c19f6aeca01154d13abc6
torus.out0.03759.h5	6dd5d9594d8cd55959af012dc9a12668
torus.out0.03760.h5	78f38a22030744cae1132f61f0672e34
torus.out0.03761.h5	00cb00751acec5e17edd39b45931b58d
torus.out0.03762.h5	c1dbe185ecc058089562f4b06b7372c8
torus.out0.03763.h5	3b3b5ace2cbb0329b06fcb1bb393d5e8
torus.out0.03764.h5	420d79d16018be1df8680fa5ad74e8b8
torus.out0.03765.h5	b25b3e09134aacfcbce1952f1396ea32
torus.out0.03766.h5	7dd3d9866f756c00807dc9a606573f0c
torus.out0.03767.h5	377a8d342ac10ecce9a07872e6c259c4
torus.out0.03768.h5	ec517dbc13a6f02e1d78e945e31711d2
torus.out0.03769.h5	59e32cad734e43e38ce1c48cb7251b55
torus.out0.03770.h5	6fb45238eba603995c55f1ffa5454ff2
torus.out0.03771.h5	a5738e13183ca5dc3df489d66d72636d
torus.out0.03772.h5	16e1a02e319dce61868d15c9218028ad
torus.out0.03773.h5	6070cade8cb3627fd467789be4cb7268
torus.out0.03774.h5	9a932ce7e3ee20181b8551017dfe992c
torus.out0.03775.h5	658668e6d803a32672f35e247a162c15
torus.out0.03776.h5	88ce022f9a69c9ba28a98b9b41d65a53
torus.out0.03777.h5	756f54fdf8f44a89978647277a104a60
torus.out0.03778.h5	02138f85f7e84626ee814a5175b29a18
torus.out0.03779.h5	f1260a6c1d3f6f953cc039ac229a5079
torus.out0.03780.h5	85caa9ccdf03a73dc9acb6e6c8c83c2c
torus.out0.03781.h5	bf7df535af00f7c9de56035b29809506
torus.out0.03782.h5	37b0e1a768eb56a23a463f36145400d9
torus.out0.03783.h5	4863c7489be60172cb7c0945db894be8
torus.out0.03784.h5	33e713f61d4934af61916ced5c2c8388
torus.out0.03785.h5	80ac0f6321de1531a0e4294eadbb4f2e
torus.out0.03786.h5	8bc1a68deefcd26bea2233aa355d7f9a
torus.out0.03787.h5	5cad67e7772229007204eb4627cd9db4
torus.out0.03788.h5	7f3900a3a8021ab5113ecaf37ffa4f9a
torus.out0.03789.h5	14ffeb7c58737a4c896ca8ec75369d02
torus.out0.03790.h5	5d7be549c7d46d87a816a008927ae24d
torus.out0.03791.h5	be67425c90214414eb5ead381560a69d
torus.out0.03792.h5	66294f7d6259fb7c91d2711e40562656
torus.out0.03793.h5	e6c0d2210115ee8cc72c966421371991
torus.out0.03794.h5	0a4ffecc327b956c01c53f84ab624f06
torus.out0.03795.h5	b04d5f267d133854da8ec849cfbf8303
torus.out0.03796.h5	be64b81f65da963fdee4de71ee6930f7
torus.out0.03797.h5	0ba15b0a3f8c992ac8e18147d8c483b7
torus.out0.03798.h5	c6cbd562290f180330cde15673b6eab3
torus.out0.03799.h5	a5c878caf099e63f4b451b9c15cc1a8b
torus.out0.03800.h5	b9bbbc345e8d120a7ba58ee3277ff520
torus.out0.03801.h5	c456b25bc9e17d918009290de3078c81
torus.out0.03802.h5	2a99721578f433943fa65d20c071344f
torus.out0.03803.h5	f267b7759c7b34b70b34117a84463147
torus.out0.03804.h5	cd03ef943674612dc990068ee52f583d
torus.out0.03805.h5	77bb4e3b05cef3ef3be94024b2c60dc9
torus.out0.03806.h5	0ae57f3ec8fbb98087783dfb738ebd2f
torus.out0.03807.h5	52725250e6b6d8f4f91d81a2cad4ab46
torus.out0.03808.h5	614424fe180e779007d934e135ac846f
torus.out0.03809.h5	01926f46d1e52f368d56bf0ec3d009bc
torus.out0.03810.h5	663fbeea941f875279731ee86f856896
torus.out0.03811.h5	57b9c1f543aca97e9bf9f226de004d18
torus.out0.03812.h5	17a790207a8ec7744210ec9a03daaa38
torus.out0.03813.h5	0a253b8a6a49aa733ad3c9b0e1506064
torus.out0.03814.h5	0a4aeea7813a0b716a1deb3202ff41cb
torus.out0.03815.h5	25cb40e5e07aaea0996bf24eb68ff5d9
torus.out0.03816.h5	327b85d5a49687fe610a9d1f8ef2f759
torus.out0.03817.h5	d2229028c15466db6b7fe78c8e05b15b
torus.out0.03818.h5	3fc2071644688392892f70468b5f77a8
torus.out0.03819.h5	f49591bed98314782524ad4855be04ac
torus.out0.03820.h5	af827ec0358baad73ab6f3a541f12e07
torus.out0.03821.h5	cdb76e3178452af890a5694f360e5de5
torus.out0.03822.h5	7d65700588d19db95a0bc11f65a51d51
torus.out0.03823.h5	7d95c1b2d48e46e2e6a07d8339aa5faf
torus.out0.03824.h5	b8ef792cc321ebea7ff2cfaec5be6e9a
torus.out0.03825.h5	d4416fe2183f8a5333cf80ec79160d2a
torus.out0.03826.h5	34f67f39dec916a812088b64e568bbad
torus.out0.03827.h5	b8f16307869b147cc56ab38c64fbe8c7
torus.out0.03828.h5	289850f67695711c97b7630be72317f6
torus.out0.03829.h5	0ba95dadb9eecc41631fbd7745dc343b
torus.out0.03830.h5	d81d2e55277f9fd391c1ae2f5fd7a271
torus.out0.03831.h5	d3b2b3e18607ae0ce70db784edfb969b
torus.out0.03832.h5	9d96ca8388cb821718b05f51add95875
torus.out0.03833.h5	577ad1cc9339ac752ed6b6a2bcfe36e3
torus.out0.03834.h5	a40d55d7c45b2cdae0dfac94c61373f1
torus.out0.03835.h5	b1f32ac3aca5158567f7a75fd41d8f4f
torus.out0.03836.h5	a15bc2724f4b1704f33e2b2a7ad68a94
torus.out0.03837.h5	afc5b92d30690a1a997f8d411bcd8df9
torus.out0.03838.h5	ebdae1875a0e2153968c552a72c0122d
torus.out0.03839.h5	4aa5d56e6c4d4d4721f5ff874f4a19b9
torus.out0.03840.h5	19d5e4a0f2f09525becc612eec645ace
torus.out0.03841.h5	784203f19e41b5c8388acad71f1b53ca
torus.out0.03842.h5	8cca6050fe73bbd069a8a7a4121d1c2a
torus.out0.03843.h5	f0509140efebb01d32e9c3cfe0a262f1
torus.out0.03844.h5	1e7af8dc9485c86c531cd133e14eb138
torus.out0.03845.h5	7244016556982a6c1850457fb37ee498
torus.out0.03846.h5	bd9a855539477949ad5d560c8b7d4ec1
torus.out0.03847.h5	e113632a91a7bd4080e0d73ad052e683
torus.out0.03848.h5	5ee67b2aeaaf634bc7e907bff54ded70
torus.out0.03849.h5	20cca8c51d734e95822eb95d0a34edfd
torus.out0.03850.h5	03d500f786a9f81141ab6fe43f838280
torus.out0.03851.h5	4947b709ae08ab71b5742ba34d72a0b0
torus.out0.03852.h5	1f7593a5a8866f2c812de578917c1a63
torus.out0.03853.h5	2b2aba484dea012e2692fb27fff6474d
torus.out0.03854.h5	45633aaef0a65058577d62a7f776c6e1
torus.out0.03855.h5	817c7a155399947522b37e8628a7184f
torus.out0.03856.h5	daa8ab73ae93f0cee04941183d3ee943
torus.out0.03857.h5	4371f3801a1a032dc516a56ff710f04a
torus.out0.03858.h5	eb98dd34c4e3f6dfe81b2f71ad677ef8
torus.out0.03859.h5	131014665ff3ea306c5090b3d9006f7d
torus.out0.03860.h5	9b63bd65f0ec3f1575fffcf5e8da4f76
torus.out0.03861.h5	b1320a2a75894183c2a0cfb9d39dc3b5
torus.out0.03862.h5	2d0f0705fe2ce6c90ad3ad74e72a380f
torus.out0.03863.h5	6367a590621cc5f8e497f521471f67cc
torus.out0.03864.h5	d83e55eb62f10d3be1acdacccb18beae
torus.out0.03865.h5	8dbe2ce843c4b995f857a66b65e5bb1a
torus.out0.03866.h5	050e0212b1685ec7ef1b6bfdef2a78bf
torus.out0.03867.h5	fef68438368549fd19e10d2bf7a47669
torus.out0.03868.h5	c1ec1893373575993e08c44a3ac8feb1
torus.out0.03869.h5	e2e15bf8af1183c45e70898133b076bc
torus.out0.03870.h5	21e88f646bfc13ebc78aa0efec6bdc05
torus.out0.03871.h5	43c1e45adc0b3f8b435bde25a9056890
torus.out0.03872.h5	d8fa1605f4c0d489a92fdc2dba999c7a
torus.out0.03873.h5	3e6cc88af3e58299c793ff04ab03cc53
torus.out0.03874.h5	c4e29cbfb8a60de3a59f41711ca8fccf
torus.out0.03875.h5	9217b50fc7c507a5b225f27a33ba80e3
torus.out0.03876.h5	fa401d35a25db3857c4c9b32aaa78885
torus.out0.03877.h5	45d99fee32e20ce1f0e9e0c839f14ddd
torus.out0.03878.h5	f5897b68999d552991b617fd1cb0a8bf
torus.out0.03879.h5	b683965dc665e5d7e3a6adafa5d948d3
torus.out0.03880.h5	47df0f9cc255ec9a9cbab54947833adf
torus.out0.03881.h5	8a115abd7facfc60a77ddb81d8fe37f9
torus.out0.03882.h5	075e2ac1d34075c05d9c77e1ddc6707c
torus.out0.03883.h5	fb2881c557be61ad346494be70c4497b
torus.out0.03884.h5	4e3ec8b9aff89a8382c52c95f30f6361
torus.out0.03885.h5	40bf8df258e2c0305e9823e7b05f4c50
torus.out0.03886.h5	ca22acaeafd64995522c64d8ea0bd4e7
torus.out0.03887.h5	4e6d88fe3cdb7ebb424605d0335618af
torus.out0.03888.h5	c1e0685575d6e3808b9744d055e9e32e
torus.out0.03889.h5	47c099296a1fb101512a99e218fc87b5
torus.out0.03890.h5	8158e5365b6c8b2b8b8a6b09de9304a6
torus.out0.03891.h5	ed3555b2360b9cfc61104014574cecc6
torus.out0.03892.h5	a15d67b4e859dc390be4aecbaa010f89
torus.out0.03893.h5	e5219b1e495d07cbbc3acc5dc82bcb9b
torus.out0.03894.h5	55d79c5d8ebf84f1faf3bc0060098fc5
torus.out0.03895.h5	f18affa3a1cf27e9e97942437f9ba88e
torus.out0.03896.h5	5de423daf86b0f6bfd1a3d20871c1d94
torus.out0.03897.h5	e6d3d920756659c396c2e1755111f59a
torus.out0.03898.h5	cbc71e5558f51bb61a5af717141f4105
torus.out0.03899.h5	45acfc8cccd009275be2678642e953cf
torus.out0.03900.h5	bbbffef1380845d42fcab875df845fb9
torus.out0.03901.h5	67982a18270237d6642202d4714ef030
torus.out0.03902.h5	d7b2624cd462fb529913df3fcb488da9
torus.out0.03903.h5	b38104d1b4eb5e259ffe25422828cd5e
torus.out0.03904.h5	75bbeea00beaa3f3adebb6bfe327fc3c
torus.out0.03905.h5	185037d0126b4a09df08fab4dd267610
torus.out0.03906.h5	03aa3d1e3abfe1aae3e238b77662b54d
torus.out0.03907.h5	12baab1fc41ae3ef30b6da83d3fd1edb
torus.out0.03908.h5	5ee2ee1c29ac597248aedd222c23d85a
torus.out0.03909.h5	2d5dcc2b1a0e290510956d3103699372
torus.out0.03910.h5	b1b0c1f668a0298549f281a61483fa4d
torus.out0.03911.h5	e5e1f1325573acdd60bc9f48823534f5
torus.out0.03912.h5	adbd99c87150e72ba37c46167fa3804b
torus.out0.03913.h5	cc651b6d622f2cd90fb8220bf299a744
torus.out0.03914.h5	2c5f181656aab8d423e728a5e4b8f4ae
torus.out0.03915.h5	014de77908bd21490a3cf37cdb9f4cda
torus.out0.03916.h5	1289bc912c2c467b770232db40d99c22
torus.out0.03917.h5	8b918e6c411205a4e366f1276fc9ff20
torus.out0.03918.h5	36bed13714772b1c163c00bcf17c61b8
torus.out0.03919.h5	cb66948f54c85f32f7fa2305145a6512
torus.out0.03920.h5	d4424c8f87a3f9b3d1db532ca266cfe2
torus.out0.03921.h5	4842f880a13415a26cc0f04c32fb3416
torus.out0.03922.h5	18846ed4b82a6eb05e2d0bb8447b21d5
torus.out0.03923.h5	0881cbff5ed4725f53bd58ecc350b4e3
torus.out0.03924.h5	139b514375baa107a9754b18d1f706d2
torus.out0.03925.h5	5b97e387fae89ab2ebf83ca8ba350692
torus.out0.03926.h5	7cb0ef0de1e3991435eb4a9e095be6d3
torus.out0.03927.h5	4c93aad77b11ef170190c105ab3202d1
torus.out0.03928.h5	573f0d4381ff7b84bc0ccb57e39d4f9b
torus.out0.03929.h5	e89f7635f2de1d682ab5649a80944f0c
torus.out0.03930.h5	d7652fd7bd4b478a79dfb9c9fa90c952
torus.out0.03931.h5	727a41b16710adc287465e66344dc779
torus.out0.03932.h5	12a3d849104a699f79e0ccff5a1805cb
torus.out0.03933.h5	dc67df0dc3e9155610e7a39b44c4e265
torus.out0.03934.h5	305f8ca00f8b73f160d3414a10225453
torus.out0.03935.h5	95965bec5cef89aac9179114bbc6b282
torus.out0.03936.h5	99af89a26326bd47a3fcde88d5cf69fd
torus.out0.03937.h5	14eb40c4dd66b7fe268175354f94f15a
torus.out0.03938.h5	fae2f7a12d50c9bfe6665b604eb69f2a
torus.out0.03939.h5	9e2722f3388b2d9a07ddddbc469d3819
torus.out0.03940.h5	6116d65da38178455ee5cd0f7f2de646
torus.out0.03941.h5	086da91374505287c62b42f961302cee
torus.out0.03942.h5	602028d74511d69a40ffad920b7c12f3
torus.out0.03943.h5	c012ba776481b8e2fab078aaf05c1883
torus.out0.03944.h5	2fa9dc11f48eca76ddb2237c660acdc7
torus.out0.03945.h5	c0baa9777c96c6283a8590e567649885
torus.out0.03946.h5	db38db7340aa50ad9ab6f409f8e9a38f
torus.out0.03947.h5	a46ed8c122a2d7ebef22513ccc0a75b9
torus.out0.03948.h5	4bcb4fbf197401f7782036e9654fb76d
torus.out0.03949.h5	86e42850340f024326f67537c2dd5c87
torus.out0.03950.h5	e2737dddf549c38004f65cadf1151f67
torus.out0.03951.h5	059d5e77b9f495de10a52a1be46ec235
torus.out0.03952.h5	89dfa67ba3a4b9ac8431b4b0a273e7db
torus.out0.03953.h5	b01a51928f0086121c079ca627dfa26e
torus.out0.03954.h5	d2cd9732742f8a9c29081491d45bc617
torus.out0.03955.h5	74d3095f76494b1a6859c36623398755
torus.out0.03956.h5	f52876e744549f40adecb0d5b147e42d
torus.out0.03957.h5	6dbecb7037aa9ffea6a18e92cf2e010b
torus.out0.03958.h5	49fbcea4d8a9d0b1014c0cd5e8abd1a1
torus.out0.03959.h5	05ba1d18c09e1f978bda9fe1837087f5
torus.out0.03960.h5	8d28b8306961ce394cbd3fc6a79a587e
torus.out0.03961.h5	fd4860ead19328c63a40c86d3eccd2fc
torus.out0.03962.h5	f4fbf4439cad8f1ca6dda4fdf66c34cf
torus.out0.03963.h5	2dde90ebbfea4293f6c5233cdf15fcc1
torus.out0.03964.h5	4dfbfde46e22529a07de9d7fff5e1b2d
torus.out0.03965.h5	e47a9294cec3ab103afc8e199e8e6959
torus.out0.03966.h5	4946793e0541f443ab0beaa590bbccc0
torus.out0.03967.h5	bff62ea5e8fdd24fb3600a96e681d5b8
torus.out0.03968.h5	6c807b3d2aed217ae1f6ae112a1b9d1b
torus.out0.03969.h5	efbdb0822ddcbd03ca136da276de8d27
torus.out0.03970.h5	a35c767b2fdfd66084eb7d19a1200fe3
torus.out0.03971.h5	20b207192a3a088df7dc48b2ffd2c6f3
torus.out0.03972.h5	a71444d5a96a8b8232f8a08327eebff8
torus.out0.03973.h5	d8844c07d4f91d647c85d55cc5e0a5e9
torus.out0.03974.h5	56dd8e854e227126429221222204f179
torus.out0.03975.h5	ee85a127edaf8a725b07e6ef730e2bef
torus.out0.03976.h5	dc4550519cf8fe66c5425fcc519db531
torus.out0.03977.h5	a0f0298491a011a9be7a1ff2c96f5f95
torus.out0.03978.h5	991964070cdcdc04ad2be2cf1f5b67f2
torus.out0.03979.h5	246bee0437827ff34124ba8b09289455
torus.out0.03980.h5	10861bbc7c559011a5fae1b2cf125ce6
torus.out0.03981.h5	0e0f0bc478b0b2f21cff30e27c068a92
torus.out0.03982.h5	d1819bf78be7d72a0dfcb921c4879f3b
torus.out0.03983.h5	1e92c757b479a285fadee968faa515cb
torus.out0.03984.h5	be0574618f9773244158b7483a619d32
torus.out0.03985.h5	fee498ace9981e6b0450c15206c91aa4
torus.out0.03986.h5	1722b09b7faffedf93b46ed453f90d7f
torus.out0.03987.h5	136cdca2f2eb03791103c5ef1237b457
torus.out0.03988.h5	4a8eff691a984d75a3b05012cfd6d70f
torus.out0.03989.h5	1d2970b6e16305d368cea94155e8a8f5
torus.out0.03990.h5	590214734ca9395ef8789fe5e933c790
torus.out0.03991.h5	d81cb9cce72df51bf13a470b3f31ab4f
torus.out0.03992.h5	a284ac777a9a4c3e2b4f6ddc08e65230
torus.out0.03993.h5	986e29aaa2789fa7e3348b715e6ca087
torus.out0.03994.h5	af46c29371bb7e064ae4e0b667b6cfd6
torus.out0.03995.h5	911261a35c028e4cbc8ef0d12e92104e
torus.out0.03996.h5	0716b471babe9a5a1204e6c7b6ae3cb5
torus.out0.03997.h5	39498d49b4d0b32fe2fcef839b3569c0
torus.out0.03998.h5	8f9d5d99ac075c8c03400cf5c92ed0da
torus.out0.03999.h5	431a4c1566f3003a2e3511a86186261d
