torus.out0.04000.h5	6e68dc8a1699a21b1a822860f724ace5
torus.out0.04001.h5	aa10e2b0924ddfcee093f64fbcb788b8
torus.out0.04002.h5	e18b6adc81f6620207b24f9f3a218a04
torus.out0.04003.h5	b3e259231850936b347a9ddf17d20892
torus.out0.04004.h5	8b2d3090a47f382333b2a83741bdb37e
torus.out0.04005.h5	0c60cd87c5d6dd7fe08034ca1f6b1d60
torus.out0.04006.h5	34f7c68728e32a6a0f12351970f70a3f
torus.out0.04007.h5	b6b1c82cbcf3320e18187cc9dff4c37a
torus.out0.04008.h5	3a40473fdfdf9eaa2faa37488fdc1b3a
torus.out0.04009.h5	319db383a9f7fa891527046d0f0960f4
torus.out0.04010.h5	d0feaa91dcb03f6c9a1cefcda56b5f84
torus.out0.04011.h5	e67cee142b2591602a10b18f5246ddcc
torus.out0.04012.h5	cafb4b7ea16691f7d5a009b10744ed73
torus.out0.04013.h5	d75568343f5361867b9c1858e2fbe0d0
torus.out0.04014.h5	7327eec9226930cb1631b12f3c5ba1b6
torus.out0.04015.h5	6ab92af47e9ef328df95af9c4e1b9d07
torus.out0.04016.h5	ba96e0ce2d543bc70841036fff08e5e4
torus.out0.04017.h5	01c43405935595fe38c24e71e29dfef1
torus.out0.04018.h5	d35bf7dfda6f40e30dfc72d0b028eb22
torus.out0.04019.h5	464aa366aed438d4f7fd721bb97154c5
torus.out0.04020.h5	30df19f0c805bde18455c8258a921390
torus.out0.04021.h5	b52f7ce1a08c0e97fad01e1540b5eadc
torus.out0.04022.h5	f80a5b10b9814fb64fa65c53cec3acb2
torus.out0.04023.h5	f5c6b66b610ceae971da0fcab929a5dc
torus.out0.04024.h5	8e3e2590d016ad8ddb09f602b6ef45da
torus.out0.04025.h5	560224a8a408fa347d105a43641b2479
torus.out0.04026.h5	d47eadadbe70f184b50ec6ceadf4b1d5
torus.out0.04027.h5	fd1c73bca681485b8416cae1b32e3c07
torus.out0.04028.h5	1bf3d2ee553f98ad2c001c53625a7d57
torus.out0.04029.h5	2d5ec9ac2f7ab360a6b7862b2a86c97b
torus.out0.04030.h5	14d52a321ab6c24dc9bc2250beea8a0c
torus.out0.04031.h5	b27114ae19daa16790b9e04d7a37681a
torus.out0.04032.h5	e71a3c38028989e428751e9117adcb5f
torus.out0.04033.h5	c3682b64ea02588bd1e07e5920bc7443
torus.out0.04034.h5	fd2ad336c19f9b085b3b890e4fac7dc3
torus.out0.04035.h5	4dfe0a73177cd1bc110c6c498c1ff05a
torus.out0.04036.h5	a332e9a6fd86d1b374e09fa73c0229e7
torus.out0.04037.h5	71fdd4de38cbf5a97d346f22125a8f6c
torus.out0.04038.h5	7cbd3c51e1fbb748abe4510fee19166d
torus.out0.04039.h5	231917d82c0c6a052950a53cefb6167c
torus.out0.04040.h5	5c1aa0859d82086b98479470f4f43886
torus.out0.04041.h5	911977cc5b659d04bb19ab48da4a394d
torus.out0.04042.h5	9af7658f02cede7ebcab06d0b6e41095
torus.out0.04043.h5	6de3065ab275339eacc1d4cf6a730b36
torus.out0.04044.h5	a69e5f9bcab0866e262001c9d573bf88
torus.out0.04045.h5	d5855eb907de8f546fe52de6ccf7526d
torus.out0.04046.h5	1a8979e624ea44f63359cca9328be309
torus.out0.04047.h5	6337e28db5f513b43d3816b228078594
torus.out0.04048.h5	09084a0daba95ff2dd336c18a9bd7208
torus.out0.04049.h5	48c27c26e5cc8cd6a9e674d9bedce8a7
torus.out0.04050.h5	48836a82711f8b3bd8026b1e4f6c16d6
torus.out0.04051.h5	32a079df37e96c8767649cc6d4156c39
torus.out0.04052.h5	e9d73e82ec3dbded6f62d2e68a4ea90b
torus.out0.04053.h5	05d6c06ff45d2474327fc8ac8002d1e8
torus.out0.04054.h5	2c2b0f1db6932ea902f7426ea0c794ad
torus.out0.04055.h5	9ff84e0785e29e3713ad09b29b1a030b
torus.out0.04056.h5	ae3ac1e0db805d97e59c0125e30a26a2
torus.out0.04057.h5	52a5cac21e59b42a1d1fbd526b21b84b
torus.out0.04058.h5	9e2cce2691c23a73a84e4a276ea332c1
torus.out0.04059.h5	5be8605fc66e569861f9997cacf77c62
torus.out0.04060.h5	e7931b62edfffc7eb36b09b3d17ff580
torus.out0.04061.h5	84e07426744e8a72e84cf0681f4c32c5
torus.out0.04062.h5	59710e15ab7e5e49ec4616f79dc68a3c
torus.out0.04063.h5	be32bd4af0494e6262985b51f81391a1
torus.out0.04064.h5	9572a974ba64e115d7e644978608223a
torus.out0.04065.h5	a0c7a64661031ba20c1b1ac37ba4eaf3
torus.out0.04066.h5	6ed3e91eb7250ccc6cc17d5bd26fd2a7
torus.out0.04067.h5	9d1321bf682ef10f7935cf8c65b26033
torus.out0.04068.h5	2588783cb3d101192545d78e99a56bf2
torus.out0.04069.h5	906fcb2021631104fd815ab9b8a5bd6f
torus.out0.04070.h5	7177e391195ce0f569ac4f872e1a7056
torus.out0.04071.h5	3efddde29ece1dcd1fdeb6eda7883186
torus.out0.04072.h5	b30b162f1816310ed3567e3ae34354fc
torus.out0.04073.h5	ba50cdd8dd4d12e39a989990479451f9
torus.out0.04074.h5	e2daa88584f2c297ac0bbfbda585dab3
torus.out0.04075.h5	4cfb54201ce4a67e1c1d86b0b03b4fb1
torus.out0.04076.h5	5c87c7c63a06697774102e2e75630ad7
torus.out0.04077.h5	a5b1b784de97d2226c8c4fcefb72fa39
torus.out0.04078.h5	22fb2f21327fd9e65137bb9f31832510
torus.out0.04079.h5	7d694a81d17d3f3aab792e054a6475cc
torus.out0.04080.h5	716db2a49566eee247bf7e4eda4188b3
torus.out0.04081.h5	08514ac5c13681c5a5c7f84e139aa2a8
torus.out0.04082.h5	61f2584e5ced93009b1c39e32398a3c7
torus.out0.04083.h5	a0d66e48ad0e3f4313ca5738055eeaa0
torus.out0.04084.h5	0a26e706f926e85e0f3364308184666d
torus.out0.04085.h5	2da21415999ade1a91c46a358278cda4
torus.out0.04086.h5	4f235ebf002075ed4e838d98ce279b56
torus.out0.04087.h5	32c3c080a497866bca77922af4b0b5ac
torus.out0.04088.h5	56cae43d5f9f76785f75dd4dcc51e7ff
torus.out0.04089.h5	ce73953c994ddbc8e049620f05d3b188
torus.out0.04090.h5	f1429dbeffbc203aeb7ad660f2719a25
torus.out0.04091.h5	914f1e399f2a4e578774ce8f8ba24e82
torus.out0.04092.h5	f8e54199b7507b4e5e94ad8fe44ea349
torus.out0.04093.h5	45a6e699d704124f084bca966f9d24a2
torus.out0.04094.h5	25e230355e19383bffbca846229927df
torus.out0.04095.h5	dc90148e7cce45b5510e75b4f7a21ead
torus.out0.04096.h5	d2ab21e91ea7cde6bbe7d23d496b10b2
torus.out0.04097.h5	65c6033f886fc66796b007e30bc3d503
torus.out0.04098.h5	7cbae6c3c3363a7a2f05b3ee0c1edb98
torus.out0.04099.h5	bd451d516271ae2a6b06201b544e1b77
torus.out0.04100.h5	9daa258f1ce92cfbf42f6759818927e0
torus.out0.04101.h5	10f7b8bb84bc755fa7782f9d5490544a
torus.out0.04102.h5	cdab61f41dc3a97d5958ce34475a51fd
torus.out0.04103.h5	b1d7637ef5341898e62f5412b296fc7b
torus.out0.04104.h5	0ce023cfcbb55c2912efabb467e9a6f4
torus.out0.04105.h5	e287d0d22aed32d43c55bdd97011aa60
torus.out0.04106.h5	99651e4fbce8d0ca9abab168dbcb4ed9
torus.out0.04107.h5	3f39deba9f2fb3df6fd2e663ad4e76fe
torus.out0.04108.h5	f315bc67ec35aeb6edaa0af5c3e393c5
torus.out0.04109.h5	47be634aa80566b49f47fc5d6f92ba16
torus.out0.04110.h5	62575358c5af010b3cb292d3bb09444b
torus.out0.04111.h5	89ec23c44188f07bfb89317f77c1df4b
torus.out0.04112.h5	b253c231c5d04f07ba2a729d906cbe85
torus.out0.04113.h5	cbf1e59b91e29f3e8dd30b9c348bd5be
torus.out0.04114.h5	792fd3c44d3d44817c4585b4a1b1e9e1
torus.out0.04115.h5	c58cf8f157a7c72fe90ffcd3973cfe43
torus.out0.04116.h5	cf1b9c7fde232bab2a6c05ce66fb3c0e
torus.out0.04117.h5	66c7f14ae83e0e51ee00e02a2152f82f
torus.out0.04118.h5	843731ce3f00730c7788562b684e6fed
torus.out0.04119.h5	21468a9349749e3c771044e62b58e29b
torus.out0.04120.h5	06cf665e5e40ecadfa1b121c2ff58913
torus.out0.04121.h5	ff3f0ff3b60c975134362f8fe1b917c3
torus.out0.04122.h5	e9e550c5c739e4087721912f066e0e36
torus.out0.04123.h5	3c12370d14d08c9426d887774a6ed3e5
torus.out0.04124.h5	4696031dfa80e4d4c31c4d60068396cc
torus.out0.04125.h5	d78ac554709852086e0d2a4054052438
torus.out0.04126.h5	37dcc0f01892802ea93c825af7db03cb
torus.out0.04127.h5	4276ed687e84a2cb6e245fd4c0f6b7d8
torus.out0.04128.h5	85aaed845e0334bdd807280917df0dcb
torus.out0.04129.h5	cfd1dc51fda7363388a1878a0169c275
torus.out0.04130.h5	c3dea7a948da1c23d61bf872e4d0ae6f
torus.out0.04131.h5	559e4ec709f64becb5f4fac917cca058
torus.out0.04132.h5	9a76b12a9076713a35684e26c97d9f43
torus.out0.04133.h5	eb0bdee51f84c7529708929e1b536605
torus.out0.04134.h5	7e2dbbf56dd96c8eff584a0b9af8b83e
torus.out0.04135.h5	12ae0d9f122b2d2dc12e6451e598bd5d
torus.out0.04136.h5	da0ad80982a8fef1b1471faa06ebeb84
torus.out0.04137.h5	90e6349fd258b5b385b1cf257f6c5903
torus.out0.04138.h5	1a0d3f24c4c083fa8eab169e7a813260
torus.out0.04139.h5	18d484ccd9a1346564b727066243baf6
torus.out0.04140.h5	17db76a13dc25e7be4d08e454ddeb857
torus.out0.04141.h5	e4ccfdde9492d57438a2d03c008dc480
torus.out0.04142.h5	caada849a5c606be7aa0d41097d5d23d
torus.out0.04143.h5	63c4db4954c681572024ae8a1d66ceee
torus.out0.04144.h5	fb5bee6b21bd46aa0082bda38ea19de0
torus.out0.04145.h5	13389bccc6ecb67d0146789cdfa1d935
torus.out0.04146.h5	da9599c479dfd58f1966fbd6fe070d7e
torus.out0.04147.h5	ce9923b36b6cfdb5057f9d533972098b
torus.out0.04148.h5	5ce77cbfdacdfee066b7117c7cd05a2d
torus.out0.04149.h5	7bf4885bc28456438b76118a53f42498
torus.out0.04150.h5	4f561b8b0efedb33bb7da4108242fe74
torus.out0.04151.h5	71788ac0dcfd120b6955bb36866b3bda
torus.out0.04152.h5	cbe96f08338bbe50a5ccf5cc05993c70
torus.out0.04153.h5	9068909ecdebb17bf0c9ed931fc276e9
torus.out0.04154.h5	340517d81b70c8f07f3d65fdad4aa6bd
torus.out0.04155.h5	c0e1bbb9fb9e7d9b17159bb399386240
torus.out0.04156.h5	caac22609c466c8f07f812cb55afcad1
torus.out0.04157.h5	723a0ea6bf421236894af7b35cb86813
torus.out0.04158.h5	540635565653c61ba53f1297f07e1943
torus.out0.04159.h5	999d1ab502bcda48aa72db452e0b06f6
torus.out0.04160.h5	6b5de3389a4debbfbc09116439c7ab97
torus.out0.04161.h5	06bd5bd33c317927b514f167e060a913
torus.out0.04162.h5	337563862e69fce0ef6ca7a936a39241
torus.out0.04163.h5	4e11ce0616ae10c5bee67f1dd5f845a9
torus.out0.04164.h5	52d682490c619ab3bc4dbc0bc89243af
torus.out0.04165.h5	9831c5629be8932aac2797d2fd1c6d09
torus.out0.04166.h5	bdd02fad35d30bfabe942fe27d79eb44
torus.out0.04167.h5	8f6d1fc8d12a79139a9fdc19d9a823d5
torus.out0.04168.h5	25e1999b53eae09da519c28202fda84b
torus.out0.04169.h5	428ccb68238141a39310d11087770a03
torus.out0.04170.h5	083615354cb301e5a92159fa6b71ffee
torus.out0.04171.h5	cc677fa425423e0b329c26e63c9937bc
torus.out0.04172.h5	a9c9f8e17589bef92237513d06c87343
torus.out0.04173.h5	39a344d377d6588d5528b65bb0d4a624
torus.out0.04174.h5	027f0d3033e4dbd640e55e7cf4759ccf
torus.out0.04175.h5	44517a6b16a9cb96d93cb089c58c664f
torus.out0.04176.h5	04956b8dac34de956c7aeedbcbdcdbe3
torus.out0.04177.h5	355e438092490786e20f3544c2070b70
torus.out0.04178.h5	15404568221fd559feecb3566f4cf5f8
torus.out0.04179.h5	16e1cdd62a8d00ed650031875dad8f9b
torus.out0.04180.h5	aace95289b196681cb30e0444daeed3e
torus.out0.04181.h5	41ed83199cb6136377adc2ae2058192f
torus.out0.04182.h5	51aa862f508ddd4e675af6e151b20b04
torus.out0.04183.h5	0cba2bfbebc3447a4f35fbcba322e113
torus.out0.04184.h5	244062686eef7d9f6b327cc9a9e03380
torus.out0.04185.h5	486b66caee9694b16a0d71bdd079aeb5
torus.out0.04186.h5	9ec0f0fb54de0314c8d8202d2bdb4081
torus.out0.04187.h5	b5bda491207fbe3fd8bc8478817614ee
torus.out0.04188.h5	d424b96c16feec80935418ee4f295eed
torus.out0.04189.h5	1b77bdcdb43950ddf40b94f61df058c3
torus.out0.04190.h5	45aa2898dcd4b206b95bdadd008226c4
torus.out0.04191.h5	7828196d892cd338e157c676be2989ed
torus.out0.04192.h5	7646c67e827544ca8d1b2ca0cdc95fe4
torus.out0.04193.h5	0c64cc0230696a64181fb6cdda239f7c
torus.out0.04194.h5	875b75ea8ab51aa8e517274a4d42002d
torus.out0.04195.h5	539a6a7004bf5d24e87e1c3c6b0782b6
torus.out0.04196.h5	370d5b1f5bd48f2fbcd3937cfa409886
torus.out0.04197.h5	ac7ec78108e4c2e19ef0c37316f4ff83
torus.out0.04198.h5	4bf2627963a9954c6fe2aa60f069b9a9
torus.out0.04199.h5	34492725d9bf1b4b171308735e60f192
torus.out0.04200.h5	8464ef7fe599e548215de3b1985cbca8
torus.out0.04201.h5	8a7f23837d7c8a49d48232f4514caf63
torus.out0.04202.h5	6d402253b2cd23608f490c48306c72b7
torus.out0.04203.h5	e7d6487b58dee3853e5617abc2ad745d
torus.out0.04204.h5	bc70905898ed2d6752d622fe149d6256
torus.out0.04205.h5	f7b6474b0c49d1f7e23e67863c697c5d
torus.out0.04206.h5	38f48f54bc8370a210fb2d37102bcd26
torus.out0.04207.h5	bba3843f8a4f302bec162326c4bd5dda
torus.out0.04208.h5	7d08a6d0a5bd40d8041ac569a047cae0
torus.out0.04209.h5	4e918ba0d30ebe3d17b33ed9db118599
torus.out0.04210.h5	931197b1f92af91c759162eb941c29f6
torus.out0.04211.h5	594c1d81dba06603211f4f17424bde6e
torus.out0.04212.h5	5d3409b5d02d52ad36c3a5f263aaf834
torus.out0.04213.h5	64853fd1d02db2d58700588f789eb167
torus.out0.04214.h5	7a25e81b564f714385e2f9939fef7c36
torus.out0.04215.h5	de8a88048e6df573f166ff48bcbadd38
torus.out0.04216.h5	de2e15bf1d9497ac80857b5e506be52c
torus.out0.04217.h5	03ccab1cd8fb31052530bc220246acf9
torus.out0.04218.h5	3ccbebed34e57daecd3863ed9087f0f1
torus.out0.04219.h5	d4e5a78cab77a3d6db997385fc63f6b2
torus.out0.04220.h5	87cde10833a9e7d7b14439e790a16e0e
torus.out0.04221.h5	9e4c8414fae9fd42c56fa756effb559f
torus.out0.04222.h5	e8968a5a32cd7e9ce30da75f68f9e099
torus.out0.04223.h5	f5a735c08349aba57740d2eb9fd6b849
torus.out0.04224.h5	e79aa9142edbf5aa04f4283ad3b885c8
torus.out0.04225.h5	f4b9f25aa26145a676c17d865ab9275a
torus.out0.04226.h5	2b4c15c08550ad6381edec37788e455e
torus.out0.04227.h5	4887642224faf15533e5fb94b004c478
torus.out0.04228.h5	d20fe31157016bdde3383b9a15f92789
torus.out0.04229.h5	304834feca32c104e92ee7bf2eb7e9ee
torus.out0.04230.h5	25e7a1459a4a5e566fd7ba6ca40b1c08
torus.out0.04231.h5	24b3fb9a9c4bc6db3a9d90698a4c6dd4
torus.out0.04232.h5	3eeedf3b299df2c9b68d9ae96f7c3616
torus.out0.04233.h5	ea9dc7c4026ef65bb34ccaba5805f611
torus.out0.04234.h5	e528b14d62366f6ce174e8525c0c8e0f
torus.out0.04235.h5	37668b52c65e2a5009ed82f76b7a21b4
torus.out0.04236.h5	8aaa15fe5a1367042973cedd7a1487f5
torus.out0.04237.h5	d172b5376e2bee53a76cd9fe38f96ece
torus.out0.04238.h5	2bd991ca1cee17ca836d9ecd1d9a3bd7
torus.out0.04239.h5	d85583cc3881f8f3c8873a782376913d
torus.out0.04240.h5	c9183516bdfac5f7f1b2cfd1efefca17
torus.out0.04241.h5	6dd8f58f656644066bc0955c865a3fae
torus.out0.04242.h5	454ec82f2eaa948fb022d89d51861d88
torus.out0.04243.h5	7b25119a9af6e8e35b1aeea2c5dcbbbb
torus.out0.04244.h5	e6dccaa8205884e11f3f8e7785158991
torus.out0.04245.h5	9146c9cd17a2b9eb531c4eec49dc93c5
torus.out0.04246.h5	a7771d100149999511143e1693024607
torus.out0.04247.h5	472cc2522df035d686e468b55a76f3fe
torus.out0.04248.h5	4f97bf8aa599842e7475f8c2612fb7b8
torus.out0.04249.h5	712277c06c28803af226966801d813b0
torus.out0.04250.h5	43ac92cfd8f914089cbd88636d1c3a22
torus.out0.04251.h5	d131726e06804fd858c1de38c9af8c8c
torus.out0.04252.h5	b1b4a05785745378d9dc636461df26d3
torus.out0.04253.h5	81cc8e86ce460b74be37685a86d77827
torus.out0.04254.h5	1bcafa0c3d4b25d20eebadb52438efaa
torus.out0.04255.h5	bc7ebc1bc7dfc9b45fd8c6d60b2d67ae
torus.out0.04256.h5	22fa9355ea561a70aa59a2efa2b7660d
torus.out0.04257.h5	e9f430bd99bcc5a816a775f0d055da9d
torus.out0.04258.h5	7c4560448c64107bcea63bc14f0c5e40
torus.out0.04259.h5	3dda350d2de86dd1e8b3f5f62b7d73ad
torus.out0.04260.h5	a54f125fb77cb296b61625fb45a53c76
torus.out0.04261.h5	b0fc561873239cc9de1dc0c043a9aff2
torus.out0.04262.h5	1331a7371b7cc5f8749e883f0416a249
torus.out0.04263.h5	2cf5cb217b2222e900712c2afcf2b19f
torus.out0.04264.h5	d74f9628b6c5e40b424041965bdeff84
torus.out0.04265.h5	aff753312ce1a9e4731c8aa34822722e
torus.out0.04266.h5	4a91ba6f5c4d5cbd5dccf3b5a93a5aaa
torus.out0.04267.h5	b3179c92dc771cd3811600c9c5eb361e
torus.out0.04268.h5	95375fd3307888949f1c71a3bd496c8e
torus.out0.04269.h5	44656498beefd3c70ff23407fb3a8105
torus.out0.04270.h5	62f71ce48aec9aeb7b660f4ecb283cde
torus.out0.04271.h5	f481f06cddf3e63c5dc14aff12864c6b
torus.out0.04272.h5	89896181234aa1b9aaf0f2ff8499ecb0
torus.out0.04273.h5	775bb9fd90ed9fea87125f306cb7680a
torus.out0.04274.h5	7b423fa6d89993825ead5d7c81d11d8a
torus.out0.04275.h5	b86268a171191bb5eb680783a898a2b7
torus.out0.04276.h5	6cfda83e5c60193684c84a0ae1a737de
torus.out0.04277.h5	13e9ecf1b8e11347772fe6a41c2f7233
torus.out0.04278.h5	ba7d81d992653180f8327811d7843911
torus.out0.04279.h5	aa1eec1393ee11518e4fc5dc2801ff9f
torus.out0.04280.h5	c499a97d8425296bbce8c5a03b4fe0e6
torus.out0.04281.h5	e922bde3eceea8027e4e58de75d89f31
torus.out0.04282.h5	4dd30afa400d1446e5f16817681218e0
torus.out0.04283.h5	710fcaaa8e7b14db9742f05016fd4716
torus.out0.04284.h5	8acd9aa9a5f5483d87a8de4ad6b8af22
torus.out0.04285.h5	a822acf1b29e4c5557037301a36effba
torus.out0.04286.h5	88dc791abfad0ed23cda4a9be38a381e
torus.out0.04287.h5	84edf68df23469b5506819979e1b87ca
torus.out0.04288.h5	9ceff8197a994a3d2e2bc5b266cb3476
torus.out0.04289.h5	e4fc53dc40e0026abad80827be86c7d9
torus.out0.04290.h5	88daf3b395c15f0c7d8a9674841c8e4d
torus.out0.04291.h5	99ab58d50fb12ddb658dc9e6d250db30
torus.out0.04292.h5	641d67aa473df5dea888773bd1389b3d
torus.out0.04293.h5	0220647c057ba479d2aef06f7e4e3a29
torus.out0.04294.h5	2570292cbf15c601485654c32c55ab49
torus.out0.04295.h5	f30a61527c82a1d48a459c358630e061
torus.out0.04296.h5	36aec2f8b21663f9da5d5505cbc3fc05
torus.out0.04297.h5	9870c3890cf12114da7723215084447c
torus.out0.04298.h5	260358640aba4c63f9f6b36d2901f46f
torus.out0.04299.h5	2b4612e2507d2578a2513b12ae24f658
torus.out0.04300.h5	7bc09360e35f9938791362fda22c62c6
torus.out0.04301.h5	939f4947259dfc726eeed897af5dbb64
torus.out0.04302.h5	01bd71be5a836413bfa5339ba42fdfbe
torus.out0.04303.h5	f4e506af6c1d31ca84ff9466e072fa35
torus.out0.04304.h5	614cbe9bdf917e6edac6aec96372db97
torus.out0.04305.h5	72b2356074926c3b58508ac9b4c5ed7e
torus.out0.04306.h5	789d6b6a27840d24e32c26dc5dd96e4c
torus.out0.04307.h5	48794e0d65d3dfd553f40033950db244
torus.out0.04308.h5	092370048d1f465078e0028709100e62
torus.out0.04309.h5	990a754b587cd52a2c11c3393bcc302a
torus.out0.04310.h5	71711ca6122af379a819ccf729cf9059
torus.out0.04311.h5	2ca56a0406c4be010ed6db1a1aa3cce8
torus.out0.04312.h5	ffa83623ae2e3698d855f18383ff9d86
torus.out0.04313.h5	dc50e64a9ba14d20d4639f49fce273f7
torus.out0.04314.h5	d4007ee0f2e7bf2f2f2c53d9b783ad6e
torus.out0.04315.h5	10b4eded800a46e1a27055082845b5be
torus.out0.04316.h5	ee59aae762e9e17f17ac8630a668d9ca
torus.out0.04317.h5	010541ee0bd27b3dce8ebda7f3aadc28
torus.out0.04318.h5	5dd85c167df6fb9042bb892ec23dc1ce
torus.out0.04319.h5	37cb0e6075ebe0305110293be05ba40a
torus.out0.04320.h5	47a312286d237b1ac972506f8a7e2255
torus.out0.04321.h5	78e6aee0f837786127b8fb3d421bfe22
torus.out0.04322.h5	0306854aebc5f6dfc26831063b3274a1
torus.out0.04323.h5	9a380f3e1c47a7e1d827d75ecd31b1f2
torus.out0.04324.h5	98d55d6b5a93fe4f18734130cf5e7baa
torus.out0.04325.h5	15904d20a9be46c6c6ba79c9804e9c30
torus.out0.04326.h5	d361e20afde513cf6b1f7f01c945aa9b
torus.out0.04327.h5	5a7dd4737f4908ad05c33ca180c1d6fb
torus.out0.04328.h5	a36892be465312f418afcf4ce6eaeffa
torus.out0.04329.h5	8f3d0eb1029dc88200c7fb0803ff0104
torus.out0.04330.h5	6b0b8a4321735864e837e07dd7049603
torus.out0.04331.h5	fca17adf59c7c5db1ea826820dec7967
torus.out0.04332.h5	5eb7d8014a816a0fadc7cfb4071b0407
torus.out0.04333.h5	8ef7f86a343637ea2a51590dd7263cee
torus.out0.04334.h5	b632b0f5b2743ffa944184ce6425f4e7
torus.out0.04335.h5	af6cca411afac575d0c4e0856a0da1f6
torus.out0.04336.h5	3f92d1a5e15b5d41767e0af0654d7593
torus.out0.04337.h5	7b12ca9c3c2f691555b520fe98b4ef42
torus.out0.04338.h5	8a3c7a59140d39e83734ad2ed429adaa
torus.out0.04339.h5	f62a275197c737ef6b7b22b0c1f45b22
torus.out0.04340.h5	6fd68d843c52dd700bc5595fbe78a334
torus.out0.04341.h5	758e74d537a4d7ecaaf1b116eb94a5a0
torus.out0.04342.h5	e8f84a462c4558700b57dfe440c693e5
torus.out0.04343.h5	c334852eba13e5dc7344b61e64113951
torus.out0.04344.h5	49f2c828f0003dc0356bf5cbf327d92e
torus.out0.04345.h5	3e701a3ea01f680a563027f2f731373c
torus.out0.04346.h5	8ad48b7e29bbd5b20cc0dc8945d7c02d
torus.out0.04347.h5	e1ff8daca6fee48da4ba6f88b70d493f
torus.out0.04348.h5	773f23f325fdb5cc0d01f929cf8bb317
torus.out0.04349.h5	f60c5164b0a4133c603ff8552e699e6b
torus.out0.04350.h5	3e544129b9bee0f9b94378d753c798b9
torus.out0.04351.h5	3ee0c5a30f0b57fb3ba3f8566411e6b8
torus.out0.04352.h5	007be198ffed307e1d462892f64cf200
torus.out0.04353.h5	68784596a0e7095daf4d0a1cb3e9ed86
torus.out0.04354.h5	6a5a8b2b5fe80e6dd378f37dab64460c
torus.out0.04355.h5	b350b2af56aeeb0ca5ef572cf45b6d72
torus.out0.04356.h5	553df41057ba08c16c7c302c39788e63
torus.out0.04357.h5	8bddfe61ce5bdf98fc73b12820a52445
torus.out0.04358.h5	67830bfdf96ae21b377abb530c619bd3
torus.out0.04359.h5	b544e81a03e3731f7d6d80e1539bd7eb
torus.out0.04360.h5	41b9a15e685c564702d22c8f79e3ee32
torus.out0.04361.h5	cb9b006ae8d9d38ad5f77672fe530e8d
torus.out0.04362.h5	e448a58e47b8586f5153de62883a5907
torus.out0.04363.h5	69c21c32c6e683bad34010742fc08700
torus.out0.04364.h5	73de664f4a1bb870a002044ebb7d5ccd
torus.out0.04365.h5	4e1cee760620f59949724e2755c5d0e9
torus.out0.04366.h5	25b7b484f8cfb014daab6a89088a2796
torus.out0.04367.h5	d5acf85e7805da18eec11d39184700a2
torus.out0.04368.h5	6da354ba4e5586cbdb0a3e6d6fe34386
torus.out0.04369.h5	60f1bd3ab3f1565c994767418f0c5422
torus.out0.04370.h5	b9eaa5709412e8cfaef21c05d0b71718
torus.out0.04371.h5	f455488c6b0c43fc7f06d69105676744
torus.out0.04372.h5	e3965ac0dce08521dbc91b3b02a79507
torus.out0.04373.h5	97fbea5e73dc9a9bb45528e713eb1b5f
torus.out0.04374.h5	28f7c4d5331892b6ca796f05c544edba
torus.out0.04375.h5	45abec142df26b00078c7fa0520e55fc
torus.out0.04376.h5	e11bc66e8c3a5e4f7f5b886417ae0945
torus.out0.04377.h5	99efb8378b0b115ee79e5c291af792a0
torus.out0.04378.h5	4d62ea589a247b996c2bf1aebc800eb2
torus.out0.04379.h5	c55b8f7be73758d0be118754a049eea9
torus.out0.04380.h5	3d8bff77b08e0af9db5e2f760e6705f1
torus.out0.04381.h5	7dd88ca7732ba363afb2ce4945c8c3fe
torus.out0.04382.h5	dbab91fc05d7d703fe927a53493ba6c2
torus.out0.04383.h5	baa61242ba798fe09fc0d14bf83629b7
torus.out0.04384.h5	58a2ed628d5e41c4b355e72184637a18
torus.out0.04385.h5	69e98431e6f0f6a0715ed03fe3f344ba
torus.out0.04386.h5	1c10c4bf4be4a6baf045da46a4b34818
torus.out0.04387.h5	d04fecf7a83b67d92232dd9d049ea33b
torus.out0.04388.h5	7c8c7fb781e41884bf444fe34546cc62
torus.out0.04389.h5	f04587abb9ff6b419f05c222bf094a8b
torus.out0.04390.h5	9ddbe51e34c984243eb591aa50a2bf2d
torus.out0.04391.h5	3e8c48361621215c32e1dae5a40f9283
torus.out0.04392.h5	ab6894a62c1ce1db501ae5519fd4d0b5
torus.out0.04393.h5	f44b5608220b83987d4ee1a2db76a601
torus.out0.04394.h5	bc6cc50cb351c1583de8efa210a25772
torus.out0.04395.h5	2adbdd5bffbbfbaa832b00504915cb91
torus.out0.04396.h5	719ac2ae1069c12b58909a1907658b59
torus.out0.04397.h5	6c5e9f134616911759cf5cad5e8639c2
torus.out0.04398.h5	d8f38102d6c03effa93e7815c31ff78c
torus.out0.04399.h5	98f03d9770932a53f3dff1151c75329a
torus.out0.04400.h5	b8e5e2654cc6538f9836d778f6d88898
torus.out0.04401.h5	9011de811c5743e8b81bb721d6c0b7b1
torus.out0.04402.h5	58be84975671b9f64b3748a7fea568ed
torus.out0.04403.h5	15e1fd0f5d2a6e7b0b1ea32b1e57e13b
torus.out0.04404.h5	7f773b6fb5e15017a6f9e5855fbbe81f
torus.out0.04405.h5	7cb3128b0ec163d1d3bf98e624b4cdba
torus.out0.04406.h5	bc5f9774aa1379cae9d83c4fa3cf5702
torus.out0.04407.h5	836dcc5641b825de5d0289af4df14e5e
torus.out0.04408.h5	90943f7f1b67bb78425ac9f8e56317cc
torus.out0.04409.h5	93e0626ebe3347b59f9efb847e96f09c
torus.out0.04410.h5	8c0e6abe345077ea765dd356c0728f79
torus.out0.04411.h5	598a69816d8bcefd775c65ead7f87714
torus.out0.04412.h5	ce0e8cae96238602682dd066b98a3595
torus.out0.04413.h5	91a67cfc4a4e5891b06b9a29e3280f4c
torus.out0.04414.h5	2ce251cedde41d5ee20e58f87c2096df
torus.out0.04415.h5	0ce7e1a1df90e42b30b2d3307cd0db9e
torus.out0.04416.h5	e4f9cf497d333c5d22343d611f19141c
torus.out0.04417.h5	58d0da5168dbc2901162b4704acac9d3
torus.out0.04418.h5	6f9ffd06729d563b50d8cd3a1d1d71a4
torus.out0.04419.h5	520e5ee38b57d05b5fdb69dde7d10cf1
torus.out0.04420.h5	a3cea152e1c9ec0f9ca7eabeb3fdcde9
torus.out0.04421.h5	840731e118ba42b3f4bec1919dd68cd1
torus.out0.04422.h5	0e20354de489809d8ad9b3784fff4ed0
torus.out0.04423.h5	eb5fbd314eb7da409f696cab9cf0e801
torus.out0.04424.h5	6553f7a21c7ad5d6aee46bb43c8cdc85
torus.out0.04425.h5	c044f97baf343843ff8de1bd04de12af
torus.out0.04426.h5	120591b56accd77def94ae096af947eb
torus.out0.04427.h5	b7f7747e719b6c4f4db8d475e6eee5b7
torus.out0.04428.h5	aba69dd6364543261e75e62a62aeb12d
torus.out0.04429.h5	9f696e7602629206f0fbf93381f2388d
torus.out0.04430.h5	806d69e8d28aff9aec3501205f4ad107
torus.out0.04431.h5	7f9d2c6683ff164aae75f365d1f5059c
torus.out0.04432.h5	59c0f1e9acdd84190f31e4156d5c7a13
torus.out0.04433.h5	6b8130802441b8fba68cea78fdcb0c75
torus.out0.04434.h5	9d0f7b1d7a830717f2a8869789b18b0c
torus.out0.04435.h5	a4a974ec65c599035c40098bda88a3cb
torus.out0.04436.h5	5cc5bd98ea321403c05d5a2d749d5548
torus.out0.04437.h5	caa52fdde2027beafba918362fdf0622
torus.out0.04438.h5	6df6689511aa0786bebbda4ced276663
torus.out0.04439.h5	b1664e42d8e4b6e917c8a927b70de92c
torus.out0.04440.h5	0c677d28b858d26f99c638f5a1602735
torus.out0.04441.h5	461e06bec0058795ec5fef000be639d1
torus.out0.04442.h5	503bac106e25987c97e8b9bd3576afd3
torus.out0.04443.h5	9933977a8ec9e9854f5c520b60fda4dd
torus.out0.04444.h5	3e924ba20caaa5301112041fd8c17814
torus.out0.04445.h5	5a901058e0ab848dc6cabc6f9617564b
torus.out0.04446.h5	5f6b0982652b779039700395da33d5dd
torus.out0.04447.h5	f3e181c7927db5a4cd72f0029f5cd2ca
torus.out0.04448.h5	0d619e735eeca68214046d3190b1e9f2
torus.out0.04449.h5	bbd96804434e9ef293d5922f3037f723
torus.out0.04450.h5	cd36fff2f0b66609eedc3bd9ed83d389
torus.out0.04451.h5	c0d1f74dc123bc8dd1ca670028566daa
torus.out0.04452.h5	c00d3af22200f33ab01bc69369fdb927
torus.out0.04453.h5	996d985c267975a334dadbc37096406a
torus.out0.04454.h5	e03ceaa1c929cad071e81da547bc3fbb
torus.out0.04455.h5	5abdea4c75064abb913a0aa2d90cbcf6
torus.out0.04456.h5	e3e5e4a9a628884748217f0fbd40af77
torus.out0.04457.h5	f533bfae0abe45cd5aa67d5bee291a66
torus.out0.04458.h5	fbc398ec316095918b3a5680c93342dd
torus.out0.04459.h5	a95b5b27bf95256c8d3e4f86815b16cf
torus.out0.04460.h5	4b316c63375fc2b32ac10c098023f424
torus.out0.04461.h5	b155be116893d822fd2cd81b0169e649
torus.out0.04462.h5	5918f74a7ec2998cdce05645ae6c80e0
torus.out0.04463.h5	6a2c3204485460fc91ee2bde12dd506e
torus.out0.04464.h5	4611918b53cd7b1fdb616abf8f1f6df1
torus.out0.04465.h5	56f124cd709f975ae27d3a4cd94b41da
torus.out0.04466.h5	11dbe6535a0cc379d56c7b2459d75773
torus.out0.04467.h5	4ca8a214de14d5941872d54ee615c49d
torus.out0.04468.h5	83322b789511a51f2b039b1d804c2304
torus.out0.04469.h5	e0709378a1ded33d2c0bfe6aa6b94012
torus.out0.04470.h5	0e0591b133f585f63beeb1f2257fe3a5
torus.out0.04471.h5	112b7498761a67f32415d02ac1af05aa
torus.out0.04472.h5	9128eed5e947dd3f5d374f4cddd3591d
torus.out0.04473.h5	9fa4c369d509cd4c869e0599089738d2
torus.out0.04474.h5	676d811d6e4e576fb8192ca83954cc95
torus.out0.04475.h5	fc22fba37c9820de01aeeb4269cc7009
torus.out0.04476.h5	55a31c0864c9c035e634b95aa5a372e4
torus.out0.04477.h5	cea7eb3406ff657c878e3bf89d8830cd
torus.out0.04478.h5	af1dad15561170fec5d03b6ad0d3c03c
torus.out0.04479.h5	339883bfbb93dcfa81be2f186104bfab
torus.out0.04480.h5	68054a4d66941896f3d0388350bf105f
torus.out0.04481.h5	733543c8a66f44965ddd326b08c18781
torus.out0.04482.h5	e97cd74269dcf1eb3346bad5aef7d2ff
torus.out0.04483.h5	895bc14a54939774b93b28679994dc57
torus.out0.04484.h5	b0321b2d70ab8abb7f7a79e43d17b97e
torus.out0.04485.h5	069bcc5396de1f95b3aefd57b5e4a314
torus.out0.04486.h5	da23fb61fa660ad8f10243811d33aa75
torus.out0.04487.h5	2930a772c33b215d6278a2838528e411
torus.out0.04488.h5	4a7bc758fa63ae4e11d1ffab56a34e94
torus.out0.04489.h5	1473d6d475ce078cb4c1e0454e114be6
torus.out0.04490.h5	9e2996e790c3ae55fcb23e394f55db77
torus.out0.04491.h5	caae5b79fd19d404d457dfccc172f3b0
torus.out0.04492.h5	7b58dae424be856ae4422eed512bca89
torus.out0.04493.h5	c84fce51d94c249f9cdf329d7de57ae7
torus.out0.04494.h5	0ab1cde3df6aa72384bb52aca5471dc7
torus.out0.04495.h5	8147c7213a163811eb74345540b38e94
torus.out0.04496.h5	f28b34817818efdab2f7559f2ecebcec
torus.out0.04497.h5	be22da91d81da62e9a29a0fdf6d333ae
torus.out0.04498.h5	1acf79209242f66425bede49c51d0d9d
torus.out0.04499.h5	5d617254ae2de2f6c4ec39f1b7a90d1e
torus.out0.04500.h5	bf8606b6d91ca14949f9433feee168fb
torus.out0.04501.h5	45031cb5ec09923d40b6e5363fe8a472
torus.out0.04502.h5	f88e577c1925ad739126aa7027831817
torus.out0.04503.h5	625e8b18c2ff1022d1681a5b5cb5d1ea
torus.out0.04504.h5	4e70dc0ebd6e1a3f465671549c2c74f2
torus.out0.04505.h5	091c4d704f30111ad7c6ee81e5e56d31
torus.out0.04506.h5	13eda712ab55b44d33d7dc16c8721738
torus.out0.04507.h5	9d9a723cba54b6d02a551e60f1b5f67f
torus.out0.04508.h5	51d832f928fa644da33c43bd69f1e432
torus.out0.04509.h5	113b1a8508db7f28164fdd610d9562c7
torus.out0.04510.h5	2ca202f1dc960e86fbbbdaaddec0367b
torus.out0.04511.h5	0b85fd28f0e7897e4f05ded444482251
torus.out0.04512.h5	bb952c518e16388afdcac2c03aafb57e
torus.out0.04513.h5	b62e0d5e66ea45a4c8546398c19045d4
torus.out0.04514.h5	a391b01a172341a4780987c3ed9b143f
torus.out0.04515.h5	7947a85911d8e7fde21bb18197068e77
torus.out0.04516.h5	f9e197e15acd213a346ac1804e143806
torus.out0.04517.h5	896b7add614a4c75cc95a6b89e260044
torus.out0.04518.h5	83920f4d72bc38e1bc010ec099e49481
torus.out0.04519.h5	a006ec2c64ea7477f1a39139b62a3936
torus.out0.04520.h5	b791e5a4edcb1ea630fe7c6134111615
torus.out0.04521.h5	256f184d1593c076725794785ef17eef
torus.out0.04522.h5	0e25653d72717f4db3b9723e6368a051
torus.out0.04523.h5	4817d839a9b7388c49b01e3b52d6cbe1
torus.out0.04524.h5	89a7a123adc4e23c3d34e8980228c417
torus.out0.04525.h5	905c4e1497e0b37e751ef85b256256cd
torus.out0.04526.h5	07495e16dd4f6227c9d567c4659d9ef5
torus.out0.04527.h5	036c76b76ee47cbca4692e8ec27080ab
torus.out0.04528.h5	395505eacc427344b1818de5be30a6b2
torus.out0.04529.h5	6073176be6f63c5d0c5eb28cb82f6e3f
torus.out0.04530.h5	e3a38f3b51581b913e06bc81166124c3
torus.out0.04531.h5	76b02748d48f7fc9a76b66653939f721
torus.out0.04532.h5	a795d433932d705baa380c7c00a1d713
torus.out0.04533.h5	537f9010b01359e84927375a30f18367
torus.out0.04534.h5	f32569c8e154a5d45736593e68d47407
torus.out0.04535.h5	b53aff676392a24d5709ab9a45ee84fb
torus.out0.04536.h5	a9435b79c250b5d26bf8fd8327353788
torus.out0.04537.h5	e60503271ce8f0c1f2a4fdeb30c0225f
torus.out0.04538.h5	6ad3cdf0210caf6c91a9b26f9aa6eeaa
torus.out0.04539.h5	a6607db9d7562cb33e02e1df473ed0b7
torus.out0.04540.h5	2a8e8fc0b94816ca50a23b1ad4559809
torus.out0.04541.h5	7b2c8c5e5d65821b25d498c1027b388e
torus.out0.04542.h5	4f77948bc36bbf11a9ff4408c6446997
torus.out0.04543.h5	b65d5a5f261fa653e5fd54fd3f78c370
torus.out0.04544.h5	0bd74302f27ec9702df365ae68a1d1b5
torus.out0.04545.h5	1c77b7a0f4bde8fba1162296b7e4b34f
torus.out0.04546.h5	dde38c305f90f08e2cf4124bcac7307d
torus.out0.04547.h5	d857f8f445cfb2d33790f060d92f0708
torus.out0.04548.h5	96a0bb0f57f1653b54899a99114432e3
torus.out0.04549.h5	fbdca8f6c92dcfe89609a4881d0e5d80
torus.out0.04550.h5	d061bd6111dab22c9b8952efc4296595
torus.out0.04551.h5	5e56c971ba7a3d06788e7d126826c454
torus.out0.04552.h5	ec3c88914c2ad5fe871b38ad138ae6ab
torus.out0.04553.h5	1670a3cf0e35c7c4e74f7243433f1a06
torus.out0.04554.h5	8a4747e6d08d762cff5625b1579086bc
torus.out0.04555.h5	1ce49b743df257d2dec04546827ab8fc
torus.out0.04556.h5	a94a43d1ec20162c211e4ae85cd30565
torus.out0.04557.h5	8dca55bbc5475b4c997c551ed0aff999
torus.out0.04558.h5	216c3b54b0342bce34cec6b83d1c51cc
torus.out0.04559.h5	3ec7e0df78461bb53f57ece4aa9c1576
torus.out0.04560.h5	c0fe6a129c6de9b6f1e5e698d3baeff1
torus.out0.04561.h5	5aebd99956b7c61e3dd35d21493f25f2
torus.out0.04562.h5	4fa11c7589663ac5c6613728531ffa28
torus.out0.04563.h5	88539c727980b5c4ffa6c596a0369d0b
torus.out0.04564.h5	889dc645812eb6fe914f8d68a18406ef
torus.out0.04565.h5	da42f856c7797e118821765d10461a3f
torus.out0.04566.h5	6f22e0adc1cb226c854005d0f27f85e5
torus.out0.04567.h5	6f7047308f8694e23bd430b9f4532cd0
torus.out0.04568.h5	2daabf094b92ff21e1233773be8ad4c9
torus.out0.04569.h5	9705b9835e3644adea291894923d4415
torus.out0.04570.h5	895fa5ec38b3b8763aade5c322f085e0
torus.out0.04571.h5	f15df06271f71a859589fe28907263aa
torus.out0.04572.h5	464dc6839f4a4c520a93895fdbb59443
torus.out0.04573.h5	663fc0186642ddc0843a12b571079abd
torus.out0.04574.h5	3bb2ce580f5699e63e3da273ddadcf13
torus.out0.04575.h5	e9171d4d19a8fdd1fd3e06dfcb629440
torus.out0.04576.h5	5b714a46d732a1e3c492060dfa0b26f5
torus.out0.04577.h5	8c8ba963205cc4ff002d04d08969e108
torus.out0.04578.h5	a297005e4debe07ceb77f1f549398885
torus.out0.04579.h5	73d8d657075f471af1c0578afcf0bcb0
torus.out0.04580.h5	88ce121d19d61c78a8a09763c95c4a7b
torus.out0.04581.h5	83ba0185ed403daf6d69e8712a051109
torus.out0.04582.h5	30699032c900d6ca2d9150aa9c0332a6
torus.out0.04583.h5	a4de74d1a4a2eb1a8f0f0d1c0fa66179
torus.out0.04584.h5	633d439a057d979ec5eaa2867f8d3b8f
torus.out0.04585.h5	b135f41a903819d5f82dfb71cc7120c2
torus.out0.04586.h5	4edd9a8162aafd0bfa0d0f9392225147
torus.out0.04587.h5	4584511063a877ff956fadd9db370a29
torus.out0.04588.h5	74388609cf0ff2aa79cca6f693e7978f
torus.out0.04589.h5	400404ed9794e4727ca28a8ec6a0d922
torus.out0.04590.h5	c1e7308034665261e7445b082f72bea7
torus.out0.04591.h5	b04733a1e840c862baa327cd1e75df6e
torus.out0.04592.h5	a46a1c538d220e1d6c79d7ac94999c21
torus.out0.04593.h5	ce532bab7f9c2a575ea9521b6028ac74
torus.out0.04594.h5	6590d360fdbe7e2a649e4bbc835b4ab3
torus.out0.04595.h5	ab6ed77f4fcf5dd72530a9797ec51f74
torus.out0.04596.h5	45f4a46698d7971e36a8ddfcb8e588e8
torus.out0.04597.h5	262a3bbb19813452699e6dfbe47350f8
torus.out0.04598.h5	3f91c4a8d192716e8995182364ee29a1
torus.out0.04599.h5	d0f439b3c3f40af3d0c83d1b1fb458fb
torus.out0.04600.h5	f5b73d40e88e9c383f2be3be75e1220c
torus.out0.04601.h5	11dfd53aa4045b8c2c6c15cf14c34de4
torus.out0.04602.h5	d77331534f185197bb5630efc9526afa
torus.out0.04603.h5	e9bf4ad9366e04bd228afe71e9964111
torus.out0.04604.h5	4fde1f5ae013b0bc448df1ae1e43359c
torus.out0.04605.h5	bca3c3f694bc614452af05405e1128d0
torus.out0.04606.h5	d570b937e9c36e985b218ecb57bea6b5
torus.out0.04607.h5	107237e9f8301f89646111f7d55382d2
torus.out0.04608.h5	223a5a5eb5c7dc19a8179cd4752f89b2
torus.out0.04609.h5	2a7b10f0ab97d9cc5e03832fc382229f
torus.out0.04610.h5	8384cadbb79a9742978b468d4103d5c0
torus.out0.04611.h5	51b8abc40dbcf2e0a899498eb4caf0f6
torus.out0.04612.h5	e7a6ade8225509122c495a2eb3409351
torus.out0.04613.h5	e0c4629c4dadcf41e20d65358696af4a
torus.out0.04614.h5	c21989f37519e0d9247dc57c114d8e4a
torus.out0.04615.h5	5923fac4f8aa1abe2b66931180f628f7
torus.out0.04616.h5	b7dd5628b0cde8f2073a47577b0afb4d
torus.out0.04617.h5	4d071f8ad74448ec08b2bc56aecafc0c
torus.out0.04618.h5	531de1ce37fbdac93d9bfc2a7d58bb86
torus.out0.04619.h5	2ff7af1b64413bf4199a10dc5fac3dd1
torus.out0.04620.h5	c2a93317cdf6c863bf1c1a6947ee4098
torus.out0.04621.h5	e0ff5f3664b5f4581582b0df8cf89a67
torus.out0.04622.h5	29f727c3155bc02b269d5fb24227d743
torus.out0.04623.h5	84c15280512d3cbec592a438775a3249
torus.out0.04624.h5	025ad269044159add675b77a48bfadc4
torus.out0.04625.h5	5703ddd50b74cbf21b945f2f219bbdc7
torus.out0.04626.h5	93f99b874d6243da652d2d85087cb3fa
torus.out0.04627.h5	2f9fd82c910ed8d4647baa4e07290ecf
torus.out0.04628.h5	5cad365d844e0776945ac8b1d4cc0dcc
torus.out0.04629.h5	617485f65fa597496c396291143411d3
torus.out0.04630.h5	2eec9913e3d338397648efb6a9347350
torus.out0.04631.h5	8012758e49ab0e5b092217212b29d921
torus.out0.04632.h5	89996ff2d569304929a70d84f4046955
torus.out0.04633.h5	3ed8cb70f8eedb4a3678fafdb3ca0f1e
torus.out0.04634.h5	5376cde59869a3d7190781f7eb194887
torus.out0.04635.h5	298ca2bb240c424fbd8c7de809777354
torus.out0.04636.h5	a7aeeebdbce4200e0abf7faa92f7c2ec
torus.out0.04637.h5	10f79d2547de3bdcd6502dea245b194f
torus.out0.04638.h5	afa7ab90ab50d184fde6e003e1907f6e
torus.out0.04639.h5	dc6a10bec816e28d59ead3c7d0744b16
torus.out0.04640.h5	6ab7f939f3e4cab45ebf6b245de8b608
torus.out0.04641.h5	59bf9e5e6c8d1bd95b426e760e52a2ca
torus.out0.04642.h5	6aba0156f1c20a1b9639338bad4a08fc
torus.out0.04643.h5	59209c4ed57931e8bf7cec71cd7e4035
torus.out0.04644.h5	71b5a00eff72094ce7aa283ccb61eaf8
torus.out0.04645.h5	1d15ca97af8a9f07c60fe84117c655b8
torus.out0.04646.h5	4326c0af679c2f10d9bcb5b6f1dcd23a
torus.out0.04647.h5	c1ea67e52764b5ecd7a909453427c549
torus.out0.04648.h5	f1da92524341c937bf227c7778c02d0a
torus.out0.04649.h5	484ea71c12ce73969b1fd3e2f948a346
torus.out0.04650.h5	090121448bd70e5f7b87787f45c3cd05
torus.out0.04651.h5	434bae49ebd37d3363e8fe8dd686951a
torus.out0.04652.h5	8063a4291ee757fc92c6b5ebd572abc6
torus.out0.04653.h5	78a195e704ba305b9fa54e11b0abd1e7
torus.out0.04654.h5	d21ee33fd36405cac649c7e215640e8b
torus.out0.04655.h5	9762d58c3638c56c9c10886e02246de4
torus.out0.04656.h5	261e2dcbf72026a3ac55edf050049008
torus.out0.04657.h5	104b5385dd1bd0be6c562d15de4f6dec
torus.out0.04658.h5	a85d017440be0967b4377c503b18b75b
torus.out0.04659.h5	9fbed88a9de06e4e87cb21783169fdb6
torus.out0.04660.h5	7d5ed6b1fb69a0b91e0d833a223d67a9
torus.out0.04661.h5	6eb1172bb7ebeb75018383f7c8e66923
torus.out0.04662.h5	1fee7299c35802f3d036b80e633099fa
torus.out0.04663.h5	3917e2a0deea1cd6223462e048c40b7a
torus.out0.04664.h5	e4a2f547b6070840bb5dad1099eff04a
torus.out0.04665.h5	97ad6ab27a876d7c0f34acd876e4ebb2
torus.out0.04666.h5	1b7500da7477b24b9fe5212bdc1b7b95
torus.out0.04667.h5	5cf8f0b0b7f83bf6b6fe5a208bc28914
torus.out0.04668.h5	fb2f28baf77a42e8303e29c76a02c564
torus.out0.04669.h5	107ffc7e4a3578a5d75ad6802b4dc422
torus.out0.04670.h5	8604bc15c2e0eb35610327d3ad449620
torus.out0.04671.h5	283d0f483d2748e280731d745645d0ab
torus.out0.04672.h5	e86634c32c8f07f2f8b293d7cb35f89d
torus.out0.04673.h5	8553fe34a8e86b9a7b89fe0a910b8895
torus.out0.04674.h5	bcc4c30d45d2ae8761d21ff381df10f9
torus.out0.04675.h5	c1eb84a82e963f7460fc20221437f219
torus.out0.04676.h5	e001392c87dc0575d035601cc70854bd
torus.out0.04677.h5	f2cb7ecd4dfd28b7f2e868e18ac6cf78
torus.out0.04678.h5	b511e93e88615fb5f21c5a0f51610e44
torus.out0.04679.h5	d3162abbecbd720d22c3c840da906b1d
torus.out0.04680.h5	fac3e9fc0c2879f391b628ae7a342de8
torus.out0.04681.h5	b7db3f684e491819a8a8444a520190af
torus.out0.04682.h5	fadab7018ee956779af171fa50d0ac11
torus.out0.04683.h5	c2f6ed5cc01771a3361cbdad79db0ee0
torus.out0.04684.h5	0b17d806afc9d926d463995102509291
torus.out0.04685.h5	25f8860b188668809530eab2a554b5cc
torus.out0.04686.h5	1d295f74abaeedc013fefd784abb7dce
torus.out0.04687.h5	699fc2a8c637c1c42e2dc5d8d54e66f0
torus.out0.04688.h5	fcc15608776de926f11035062371e2bc
torus.out0.04689.h5	2b6361b17dc43641195152802c14cecd
torus.out0.04690.h5	051f7e64d87d4b7380c58ff8613275b2
torus.out0.04691.h5	d91441078da5e847fcc40b6cccea4e74
torus.out0.04692.h5	8dac2a780d6db82feea604186c23dc9a
torus.out0.04693.h5	c996d507e5d565404704937e26025d25
torus.out0.04694.h5	2af1976a51e740cb41042a6908485a75
torus.out0.04695.h5	a91a76c51ccc9f7b618193fe69344011
torus.out0.04696.h5	584bf77b6006346046d80dbfc15aa58e
torus.out0.04697.h5	9c0d1b624427877a1a99e7dbc6cc7624
torus.out0.04698.h5	5397f6a7854e9ffc3f4c6e29ed2b63b9
torus.out0.04699.h5	625c204ad1a6a279df42c6ced69e5a16
torus.out0.04700.h5	2d3e5dc3a9778e103b5284e4b635df43
torus.out0.04701.h5	81a6739e93491d6f15462afad2404cf4
torus.out0.04702.h5	a343a8c5ad0af37c26b95093d5c01424
torus.out0.04703.h5	2c5e1af1144723ae0038aaad9cf27b82
torus.out0.04704.h5	66b5f6a423228244859a3672d96d8374
torus.out0.04705.h5	e9d35ab7372f9e2e24fdc0e0c6653457
torus.out0.04706.h5	e3f1cb91fb427da9ccf9793294166a39
torus.out0.04707.h5	d86df9177afe18b703bc95b5c3ae70f9
torus.out0.04708.h5	860b9d3ea36e2d643b6962d096d7336b
torus.out0.04709.h5	569199905f9812bd0c745d5501993176
torus.out0.04710.h5	3d974603f27fcec2e34c9178bb4e236d
torus.out0.04711.h5	00a251d0897cac003b6ffb4a7c27c3eb
torus.out0.04712.h5	8e221eec0ce7b5740a13ab160585a19f
torus.out0.04713.h5	af2b50058e624b54b8f600326c58dba3
torus.out0.04714.h5	67d088cbfe5b20e0a5419f21a0ab8eef
torus.out0.04715.h5	32712a96b0407c6b438ee8022394a14c
torus.out0.04716.h5	6129e4b37910374358955db932f2a14c
torus.out0.04717.h5	a70eb33e0d591f43932532a970ea034c
torus.out0.04718.h5	1c27fbe0ba9fc6b501b82d633359da80
torus.out0.04719.h5	ca5ea8ecf591b7464ae71f8e7581e295
torus.out0.04720.h5	32c8e76547977d4e4b2931f3ea2c84f0
torus.out0.04721.h5	4a8dbeba15755c2930761680a7081d97
torus.out0.04722.h5	107d1a396ce8a56f06ef49c05d4400f8
torus.out0.04723.h5	ce254445db61b6446a2105c90152e48e
torus.out0.04724.h5	9e5176c0329e91fb903f0017328d1890
torus.out0.04725.h5	1928b031261acbe02507427fd7f804d6
torus.out0.04726.h5	4f7e894c4ac4050a149e826ee7ffec86
torus.out0.04727.h5	65074dbd71547f60b31856d013f1d022
torus.out0.04728.h5	41bfb56bd663a414ceec0c468e309d26
torus.out0.04729.h5	8b0ae4313fac357709541b8da9b5b8a4
torus.out0.04730.h5	a4b3639bd61f1337614dc794f943b3b6
torus.out0.04731.h5	f47051f906481d75ccf2227c9e3be0b3
torus.out0.04732.h5	8e08b701ea639526bc7dd02ee2f6ed01
torus.out0.04733.h5	ceb340e5aa2309908e8be4bb4b5b4764
torus.out0.04734.h5	9f1a06fe4e871f732f7d071b87b4ea68
torus.out0.04735.h5	adaaf7b7ac170f29d5092a04ac4b3d4e
torus.out0.04736.h5	2ef9422a0aa97cb4bc8c602037ba4737
torus.out0.04737.h5	b5a29dcadd7d32de887a3c755caff248
torus.out0.04738.h5	d61f6f0c699e3b4ba12f710fbb05991e
torus.out0.04739.h5	110ca0432a79b4ed5f88303f6cc54851
torus.out0.04740.h5	b0f7e917d5f7cddc8cd21f3831794b92
torus.out0.04741.h5	a6e6704c04e6ea363176d1ecd1bd09fe
torus.out0.04742.h5	c4405f040db4ecd0c226cab0c46fd96d
torus.out0.04743.h5	cca6eb6e0a053445df14bc4cfb9126c0
torus.out0.04744.h5	858570ee7e4939195facfba6b459d8f1
torus.out0.04745.h5	5e08122eadbeff72c4790ee927ede9d0
torus.out0.04746.h5	665b81caaf452ee2f2d9e1998c7c55a2
torus.out0.04747.h5	eb7469c030f2db76fffa9a1ff5c63e15
torus.out0.04748.h5	b0748d8c17642073c32be6f6bd6734b5
torus.out0.04749.h5	ef972f7082e5a932ead6068b9aa65d01
torus.out0.04750.h5	e14f67fb85cac27453598a3b52741fd7
torus.out0.04751.h5	147875faeca029a12772dc5463863325
torus.out0.04752.h5	af47fd75c83895fdcf262910ddc0427c
torus.out0.04753.h5	bcd69bb1b77e9ccd064eacc5f346b7c8
torus.out0.04754.h5	7e61c259792d9e868ad1d41d1ec99e31
torus.out0.04755.h5	79773d5dd8123919b3b85f2811a0bd27
torus.out0.04756.h5	e2479cab093ca4f7ca4eced20997ad9e
torus.out0.04757.h5	05ce1f65b4ca54db11601b860e26df8e
torus.out0.04758.h5	dda45be127ccd4992af64da2a0ce1092
torus.out0.04759.h5	b6bbb7faf02b97726a3021f8c8d9e81d
torus.out0.04760.h5	2abe48c51d102c2acbe9fd134a9270b9
torus.out0.04761.h5	600efe454efa21f5f8de5ad5d2549f7b
torus.out0.04762.h5	ab44d6816f6b29d0e7124fb33b4ed158
torus.out0.04763.h5	9bafc339840c1dfc645892ed1a0d1c1f
torus.out0.04764.h5	dacefd9c7c35b02b29dd5c1078359363
torus.out0.04765.h5	0e3e4f8166c7868b9a7b6126be94de38
torus.out0.04766.h5	bd4bdf97c65284a18c0eb14b7d8e6f01
torus.out0.04767.h5	061d3fc91415634b892d7388456f55a8
torus.out0.04768.h5	96630fd482fd0e6eadf01bae6c23878b
torus.out0.04769.h5	f31053b243283823ab9b623a442973aa
torus.out0.04770.h5	ea219d423d1234b58cb309ddde49ef49
torus.out0.04771.h5	e88684bae28dbf3449a1f32558f55491
torus.out0.04772.h5	c667515cf7170f580b5fb9c5bd3833a2
torus.out0.04773.h5	0ff76ba1bbb7b94c5f8412a48daa7563
torus.out0.04774.h5	057d289e71ee7e4a1184ab67b7ef953f
torus.out0.04775.h5	855b516daff09d0b28082a6e83cc7ff4
torus.out0.04776.h5	ab86569be9390a382c5251f192c40b22
torus.out0.04777.h5	0afe81ceb7f369f7c0daa02aba401e4c
torus.out0.04778.h5	7b4c1f7236c50f9418c082762e7841ee
torus.out0.04779.h5	3e9021ad78ba1b44eee0a8c77c90d56f
torus.out0.04780.h5	8ede10a2863e9200c3960d7fd48f4261
torus.out0.04781.h5	1f85f050778d3fc9845f1ae6646f2556
torus.out0.04782.h5	d7b83138a7cb38acbe3b0d53b30dfc92
torus.out0.04783.h5	c5473623a6e05652fd0ab6df286fa305
torus.out0.04784.h5	538c86effaa1bf86ca46d7677a1253e3
torus.out0.04785.h5	587f22c57b36c528dddc1119dabbd467
torus.out0.04786.h5	7fb5c4315f8f17ea9e54885806c2fb73
torus.out0.04787.h5	d67be57dbfa7f802f607a654bbefaabb
torus.out0.04788.h5	951aefc2ffe90ae10104c443b696086d
torus.out0.04789.h5	39a80613eac52e671abcc49039bf0969
torus.out0.04790.h5	b7f3b31a915d9055b475619116785960
torus.out0.04791.h5	ef07f2e52fcdd3e89b3421072f9468b6
torus.out0.04792.h5	5ed5a247dfdb35d62d4f5d88dc8606e0
torus.out0.04793.h5	51dce997537c7f021e223b1eb6b2ba52
torus.out0.04794.h5	51503641c35bce1273cd5cfb99c0ad81
torus.out0.04795.h5	aa3803f55ac7e408577874cfcf6c937f
torus.out0.04796.h5	ce9da661d38a7e243b719d0f4bc04a17
torus.out0.04797.h5	cea385ae22b18dc4a9a58581796c850e
torus.out0.04798.h5	93f5acb2e46569dc267cb093fcba37f8
torus.out0.04799.h5	74ea370dec76ef88e196db7e4ecca71a
torus.out0.04800.h5	970c3e8729da35a2c2979863f9608cf8
torus.out0.04801.h5	f1bb3727e60a9d78c86a616096739fd6
torus.out0.04802.h5	d1f2e92faff23c86730d88d79a1e0fc3
torus.out0.04803.h5	49a9c0ecece28e13baccd15fb6a9be55
torus.out0.04804.h5	c94c6723914b4b65979cdca1aaf07613
torus.out0.04805.h5	4e18767c0aed0f336682f7c6a4607261
torus.out0.04806.h5	6876b48b10a7aec251437ed31eb9f9c3
torus.out0.04807.h5	9d77ff4829d936450847d15a37faee2a
torus.out0.04808.h5	4620fa959b8426a4d74d876de139753e
torus.out0.04809.h5	398db5250e06671bb10876d3c949141d
torus.out0.04810.h5	18c212116fd0414f4d4ee36378dabec0
torus.out0.04811.h5	cf1abd15657cd4faf4bec4426483a825
torus.out0.04812.h5	7983c441da6ff7890ddfda901d194c0e
torus.out0.04813.h5	88b520caa5c8d49a6578d624ad6c771f
torus.out0.04814.h5	6e3348cfcfb87e8a0f0d8e48d950bd7c
torus.out0.04815.h5	819f41ceb2d9dd6baf32b1880aa6e022
torus.out0.04816.h5	5c1c003a78a07019e8040870125d8e09
torus.out0.04817.h5	1869482578246b59660e6a55ff15c1f2
torus.out0.04818.h5	0c13302b12a1a6b7a8abbaff86206a74
torus.out0.04819.h5	2576f3cca65fd4b416f42c002f082421
torus.out0.04820.h5	824863a4a31b57788cde91cac971ce0d
torus.out0.04821.h5	9bbcfd0554601a8fa9146c285483c5b2
torus.out0.04822.h5	14855637e406ef7f928abd9b6e7acaf7
torus.out0.04823.h5	450850d290b7809168d99721329aa908
torus.out0.04824.h5	311666b75d6cf8dde057f9598c66a85d
torus.out0.04825.h5	63d77673a40459c282cbde8c707f1b0b
torus.out0.04826.h5	2a8fbd0ec2becdfb0647cfc3d28b3e77
torus.out0.04827.h5	be697106b7802470fe4bd8626084ebad
torus.out0.04828.h5	c6eaef5d04fa1d5172a7c7395fcb3bed
torus.out0.04829.h5	1d8eba9b4feb9eca6892c4f9ba52e577
torus.out0.04830.h5	944cc1f9135c1c82a44abaa6513c11c3
torus.out0.04831.h5	e5a8990648059e1dae5a8408cb47ba4e
torus.out0.04832.h5	fb06630862dbca5788d8e18247fe646e
torus.out0.04833.h5	aedb18be76b4d2cdeddb69278a53ac5d
torus.out0.04834.h5	75bd9ff55de9e41348135fe25271b12c
torus.out0.04835.h5	d17c69b18dc2a6ec01d0d539954b729d
torus.out0.04836.h5	5632143354ed4de2bf5f0d28a548a9b3
torus.out0.04837.h5	b6448ca290b15f12c7d9170efe15fe66
torus.out0.04838.h5	5a58cc1ad089173427095db20f015e60
torus.out0.04839.h5	fcbbd2f20976e986c73faabdb0faff12
torus.out0.04840.h5	f9ad58ab74c002e7bff099ec1f62c133
torus.out0.04841.h5	81d387a89e3e1b4a3652611e9e34eac2
torus.out0.04842.h5	777d623b366036db15fddfb7965b7ea8
torus.out0.04843.h5	642ce093f518f23839ec47eed9e2b7ce
torus.out0.04844.h5	e53927442ff5ae471a7e840e4d5dedf5
torus.out0.04845.h5	6fb7b27eb386d7a45256a098029acec6
torus.out0.04846.h5	e38b02a59a4f4190c9d750548368dbb3
torus.out0.04847.h5	afe0eccf61bdcec73aca410fc544e292
torus.out0.04848.h5	6d11c6d2d4160fcd0e8c1c50e1fd01c0
torus.out0.04849.h5	a63529344bf29a23640bf2cbf7ddf587
torus.out0.04850.h5	d8f5687c688ba2591f9fe58dfdd34acd
torus.out0.04851.h5	e1b576dde43eb7ad0edb96e119d4f37a
torus.out0.04852.h5	bb133d7c9ca30aa20159ff92410816c7
torus.out0.04853.h5	b0edbd561e3f0d6028b6674f994534f1
torus.out0.04854.h5	c58b251234ec2bf25f055bc59c1a7c38
torus.out0.04855.h5	c9d0e81ed3ed8fd1567756692a2d5ffc
torus.out0.04856.h5	bcf5bfb99c05533e1d18ea9552dabdfc
torus.out0.04857.h5	127aaf7ca9b3b55138fd57a7331151dc
torus.out0.04858.h5	ff2f3dda5f153a81388f4ade155de49a
torus.out0.04859.h5	9e1c262d69696c629ced3085ba8889e3
torus.out0.04860.h5	76cbb871f48e174c369f49e9f469a655
torus.out0.04861.h5	5139aed498843b11d6e0f250d34e19dd
torus.out0.04862.h5	94c5c912b3fb3e51db9229bd5c0ef93c
torus.out0.04863.h5	90c760345ba361b8a1b74ded6de267b3
torus.out0.04864.h5	c697f47617e4b880d21f76fa0bbaa828
torus.out0.04865.h5	b3538f1d4eab98af9cc829cf5f90eff4
torus.out0.04866.h5	262d3b33abdbfb8bb5b3c90038b8c1e6
torus.out0.04867.h5	b139a76d7624661a937e1665fdeaa313
torus.out0.04868.h5	51960be4a1a4ca40667fa7660abce798
torus.out0.04869.h5	a9fcc6797da59c2b46260a80c60e25c1
torus.out0.04870.h5	d297db4f4d12fae9b91aed55894b165a
torus.out0.04871.h5	bc33a0f13ff705a1357fe401145e32d1
torus.out0.04872.h5	51e305037b3877d8f7427c5e4fdea7aa
torus.out0.04873.h5	c2d30744dcc24763d66e772437dd36f1
torus.out0.04874.h5	a491c5ae0f80e6e9d6e8526e1a120c6d
torus.out0.04875.h5	ebf750c515dcfd9db47a15fb60629192
torus.out0.04876.h5	b15b8ba51dfa292527280b39594ded91
torus.out0.04877.h5	26c5af87a9b55bfec3c36d28821d86bc
torus.out0.04878.h5	b11dbeb93c786331c0f686083a102b3e
torus.out0.04879.h5	10269c0e76f22827ebeba3d408e5a108
torus.out0.04880.h5	a1e7cd7632228acc8d3ce74b53388115
torus.out0.04881.h5	64df97052161f91ec6e5aa349ca0d265
torus.out0.04882.h5	5b71be3599314aec5e698fe86760ef0b
torus.out0.04883.h5	1e6d39ee5f7572f359c93490a0eb8a29
torus.out0.04884.h5	29642274b80ae55504045aaba55b8835
torus.out0.04885.h5	7b6894d15963e07c9d39ace8060023c2
torus.out0.04886.h5	5a8a4cef82e7147a9b62e6d0e890a88d
torus.out0.04887.h5	e99e2ce7bb2f42956d47d10cee51b13e
torus.out0.04888.h5	fc53acf1261fc860face86da5eb3327d
torus.out0.04889.h5	a9680c816fb59ae255710f24132af75c
torus.out0.04890.h5	a7bf1b72494f45e1a934a054c44c6de7
torus.out0.04891.h5	75e388272ceff20001bcd0aba0137582
torus.out0.04892.h5	e6b2b0a512c50429035d4d7d55ed7c8f
torus.out0.04893.h5	26a2e70c8f7df7ffe9e2a5d28ca2fbf7
torus.out0.04894.h5	751ededc9424376e1b96b8b02262b7d2
torus.out0.04895.h5	6daedafc8f17e68fad64ca6f965289e7
torus.out0.04896.h5	280ae2cd5c375df4846cf042ca5a72e1
torus.out0.04897.h5	b1f5f554ddfe74e12927964b6cf0706f
torus.out0.04898.h5	de8059eacff8694cfa0bc104da66063c
torus.out0.04899.h5	246cd52f8fe13d12df76b1f652d97569
torus.out0.04900.h5	61590c3af0ce8fedc2059555a3853350
torus.out0.04901.h5	2de91f450bc7bdbaa47bb071de3248ea
torus.out0.04902.h5	8bdb67138089ec3c8b835d4a8600dc6f
torus.out0.04903.h5	bfffa30fcb4e31598c3e7a4527032ca1
torus.out0.04904.h5	60633e64050fbf7edaa8303d7d5e668e
torus.out0.04905.h5	d1344f0a8c86ef66717b8eff5709ed95
torus.out0.04906.h5	ebe079296e89f30d7255bde7318b1ff1
torus.out0.04907.h5	5ac2b65e9235bf80dfc5770589922e94
torus.out0.04908.h5	c752cc1df39441f85348fa6254040a36
torus.out0.04909.h5	9e06c130439e4f62ae61f742f01138f2
torus.out0.04910.h5	03f15fb69cc670b4cd7fcfdcc04295b8
torus.out0.04911.h5	af4f309b9f70bde6cada44827682b666
torus.out0.04912.h5	11b9f38118b6c9dd0b69154a3afd3556
torus.out0.04913.h5	cf1404ca5d40e52a7c43b50d72e27c1c
torus.out0.04914.h5	ba6948e91dba9057aca20dba48d0c5d8
torus.out0.04915.h5	646ef41a89664330c779b713b2d6a4eb
torus.out0.04916.h5	86777503b920f4bff225d7b7abd81b4c
torus.out0.04917.h5	f4f19695fbb74bd0b2df1a4596398904
torus.out0.04918.h5	3ba5542c1521daef5a499f6a9f8a723e
torus.out0.04919.h5	663131b3b1c5eb5b17f103472fa8f1ed
torus.out0.04920.h5	ace7110375e164f9b0d75f1799b35bf3
torus.out0.04921.h5	a95ee715c98083fa22d8decbb33c295d
torus.out0.04922.h5	fc1e03f6e19ce456b700145f786be32f
torus.out0.04923.h5	d56cab1fc59f96248ce02d8387d80700
torus.out0.04924.h5	8c7cc97df4df889535c199dffbaf6121
torus.out0.04925.h5	9f6841c5d14e882660ff70405b64ab02
torus.out0.04926.h5	b360d8ea815743f87cc33e68eb782600
torus.out0.04927.h5	f4c46f8c50a9047cf40aed630f042d0e
torus.out0.04928.h5	a7cd5f0df970e266c3b395e83f52a15c
torus.out0.04929.h5	b0a2fb363d2c8e3d37d89132f087ec9d
torus.out0.04930.h5	abae3b6ed6d8758d1d125b6e2231f8be
torus.out0.04931.h5	a5e41c287f4a04df19d9366af774323b
torus.out0.04932.h5	8728c6dada08567169a7b8001066da76
torus.out0.04933.h5	c9a16cfbf9659e77c7a8c8d4fdd85ff7
torus.out0.04934.h5	413d77e234b0101b7ade6a3bf5ff58e2
torus.out0.04935.h5	81a643bf7e4d14ed296a3ae0c5f6f6f7
torus.out0.04936.h5	ce43b38df99b2d4fdae34bcb6004939f
torus.out0.04937.h5	ddd13ae0775cfe5e71d46b962d1fa656
torus.out0.04938.h5	077e7419ffde8006b789c9d68d4ce9d5
torus.out0.04939.h5	e7b5dda5c9c730dfd6e7cf5ed0388f4b
torus.out0.04940.h5	48fe45028456f0bb224deb4c55132c9a
torus.out0.04941.h5	c749b4134f9a0e4bdbcf4d91d5a1da67
torus.out0.04942.h5	67ab19935de1d7abb18896aa26a20618
torus.out0.04943.h5	d831ec2e1f84e1403efd0de100ea709f
torus.out0.04944.h5	3b11f86555bb1d165bc900d1dc6b0559
torus.out0.04945.h5	e6c54bd2688f31a9e74d797673f0f5e3
torus.out0.04946.h5	cbe1eeccbbcb4bcdda3e94c2e4437f36
torus.out0.04947.h5	1a1d74bf6068d6480b0b46c6ec935efe
torus.out0.04948.h5	de7d4240770f20a3b3ce9122bb27e012
torus.out0.04949.h5	060820a69568fd8a595e30ef1a44a155
torus.out0.04950.h5	722d5c61752c8bc98866a52731e026b9
torus.out0.04951.h5	2f80e15169eb093cd32e4c61f9a174fc
torus.out0.04952.h5	ac512b16f8d2669ef7bbb33ce78cff3c
torus.out0.04953.h5	8d1001b3ab2d05e086bb38d48a0a20db
torus.out0.04954.h5	f8d5927c4b50e9db4062db87d4711bbd
torus.out0.04955.h5	4b14e33a02bab25cd653c8a893d1ef84
torus.out0.04956.h5	fcc2e0c3bfb41e2e99a9f10f3a4dc961
torus.out0.04957.h5	86d4cfac7a710f37a750899e4224dfbc
torus.out0.04958.h5	17e5417cca140c4610485c776ea1c387
torus.out0.04959.h5	6c191a5e5b19b590b36db11cd23fc7fe
torus.out0.04960.h5	be6732908bb16faa1a56425824e346cf
torus.out0.04961.h5	e39a5592589fbb7d913ad819b9af54ce
torus.out0.04962.h5	1876852e8a978b40db4f5c82c3b7a975
torus.out0.04963.h5	d1cb70da4d9f45762bad04ca5a5914cc
torus.out0.04964.h5	67b5d863a50b350404ce87483b4d9bcf
torus.out0.04965.h5	d84adb107e92d42550c0a97b2392eff2
torus.out0.04966.h5	726984daf89ee60aac90057d8ee54387
torus.out0.04967.h5	759d838c2965b43487f6d98a732f8bbd
torus.out0.04968.h5	4ec694406cb290040d7ad2efe7a2191d
torus.out0.04969.h5	893cedc2d9499e8eaa42f9feb128e98e
torus.out0.04970.h5	00aab3b1fd2ad59250b029d6a6eacc99
torus.out0.04971.h5	7de9ebc702cd6b07c3d931a994d1bd50
torus.out0.04972.h5	dc51552214180c50f5a31aa28a78ecb7
torus.out0.04973.h5	62e43ad82b05a8c800faf7de4895ef73
torus.out0.04974.h5	afd1d9eaeee793243e5bc38e1d194a18
torus.out0.04975.h5	7bb87d0d7b6dfed412c44088575f8541
torus.out0.04976.h5	dc611556ae3a771650a976642d28c98c
torus.out0.04977.h5	596589fedf41bcdc6026634cfd86d379
torus.out0.04978.h5	67cec26717e94972b64cf5033434cfe7
torus.out0.04979.h5	a3598537a2084caf420948ce6c0d531e
torus.out0.04980.h5	dd218147893c70bf5d6396d9214cb9cf
torus.out0.04981.h5	ac1053805fd664cb4df3e8b81243fec8
torus.out0.04982.h5	88fcf9960b0a6ab71620c54e88550683
torus.out0.04983.h5	5f550fcdb385d05060a7a7b747c77d1a
torus.out0.04984.h5	e00c924ad14fce41454def7a26556d37
torus.out0.04985.h5	86f8047a72657b2741d7ada926db9f91
torus.out0.04986.h5	18f9cf6b382f14668e328320e961d95c
torus.out0.04987.h5	e1bbccb943664a63591f7c04b98556cc
torus.out0.04988.h5	4956922e4efbcdb5a31bc013bd9d85d4
torus.out0.04989.h5	d9c4813ad89ad9f1ef1c829ebf65b6e6
torus.out0.04990.h5	57e9145c713105eea9a4fe586fb9abcf
torus.out0.04991.h5	d1da65de25e518fb63ff2f2f8a3fecbd
torus.out0.04992.h5	9515cdb9e224a67117015434494c02d3
torus.out0.04993.h5	ea9e0835ec3e76f094f5c2a6cae369c5
torus.out0.04994.h5	2e17b7aeb78c6936f2a90c88b7dcec5c
torus.out0.04995.h5	531973b3a2597ff382807466addd7ea2
torus.out0.04996.h5	b0bacc41d91f771e65de38b2b00b1f10
torus.out0.04997.h5	3e03c47f9eef868d002e4a2342c26da7
torus.out0.04998.h5	d353f1dab3d2698fabfb9114944ff03b
torus.out0.04999.h5	b0e6ae347a79cdd4da76a0b51d25efa8
