torus.out0.04000.h5	e6d14342e338e9578b65bc4e7bc06a9d
torus.out0.04001.h5	1bb204c49a788c7073f95d38144a458b
torus.out0.04002.h5	22e800e21a10b2fb66853a01fc175cac
torus.out0.04003.h5	5d66c03fc716d9d263b192de377eb021
torus.out0.04004.h5	f047c07946f4146331526244f2e3b8d9
torus.out0.04005.h5	009a34ffdadd4e614475a76e9b2f36e0
torus.out0.04006.h5	782be735b25cb7c82c83830f3aeaaa05
torus.out0.04007.h5	fc3306a2bf8b53175fc63ac1206e372d
torus.out0.04008.h5	4d4ec37749afab82abb36e6afe37dcb2
torus.out0.04009.h5	e8a6b15fd95e6272d48b090e50bf9708
torus.out0.04010.h5	f03cf2847f451ef9197e22a2b964bf0b
torus.out0.04011.h5	f0adb2feddcb71e52923294067e32438
torus.out0.04012.h5	981cf1c4b54df21070cf35e01d0e9999
torus.out0.04013.h5	504b7d945582e6491c96e114d323e86a
torus.out0.04014.h5	9f1e8c61c6b130712627028def468c07
torus.out0.04015.h5	98a8e7dcca602d126152975a0f3e2aa3
torus.out0.04016.h5	ba11b7ec54518a287b1c3c8599363150
torus.out0.04017.h5	71730f431266a43e46dcf083bfd984a2
torus.out0.04018.h5	8ffb3de9654853dbd45f373ca6507106
torus.out0.04019.h5	60a5b13418d2365d7db56c82f08ad040
torus.out0.04020.h5	d92b052895519401f9f0536fd539cfe4
torus.out0.04021.h5	4b80e9c5414f587885f30faf0f3e76ee
torus.out0.04022.h5	c89f903c171742b6fd61c0642432cee4
torus.out0.04023.h5	293a751fb34dbd498d229b6516355ff5
torus.out0.04024.h5	9ae32db752e222d0b1a5cd45965973c0
torus.out0.04025.h5	285865f018ad77a80b0acaad7ac929a8
torus.out0.04026.h5	4a08151db91ca43167af2278744b0eb7
torus.out0.04027.h5	b55b7c24c89ff40346e9efd9fe4fa633
torus.out0.04028.h5	b0ffb7e2a57d91a3667c07a38cd3a944
torus.out0.04029.h5	07909268fcf89b834333bab1a4216428
torus.out0.04030.h5	69c26839869d20d499902dcc9e150d68
torus.out0.04031.h5	422b86dd6a76a885064f63b65d26c409
torus.out0.04032.h5	672367f84c9ddc02942fbaf542893add
torus.out0.04033.h5	a554ecc63dd57ae67674e76bb5db01dd
torus.out0.04034.h5	5d3a6649de04dc07482a66a2d04251fa
torus.out0.04035.h5	c409b77b3fa058546daa2c55472cacca
torus.out0.04036.h5	075f4480106081d51d376c502850e18d
torus.out0.04037.h5	1f71d4e5292ce0a0856f9d518b79a6f4
torus.out0.04038.h5	26ce9f58b29e73629bf6979a53c42b87
torus.out0.04039.h5	14265b641844092f26bdaaf162b927b9
torus.out0.04040.h5	33c1adb632e18c773a00e627357d5f12
torus.out0.04041.h5	a797ea5d08c8139d55e2965c4a589233
torus.out0.04042.h5	ad1c29e17a673eed2f2a2b9900f6ed50
torus.out0.04043.h5	b39e70c92afd320c9c14ae0c265c44f5
torus.out0.04044.h5	1286bd7d4a560ed60b9134e0c13d1a6e
torus.out0.04045.h5	f935735f5b0c3c33e65fa38e36b45592
torus.out0.04046.h5	46dc275d00c9ddbecb3d394705ea9d89
torus.out0.04047.h5	349d170ca8efd17ddc0788e851fea153
torus.out0.04048.h5	73ac12f82e6b2be53dc23bd23d38741c
torus.out0.04049.h5	0d8806026e63f2f2b1295aa92467069d
torus.out0.04050.h5	242c0f525d2934e0e2d808e57696390d
torus.out0.04051.h5	0ccf6a34bf0236d0e17eb23ed8270387
torus.out0.04052.h5	edaae7a9674ed9e88b4972f89bd9c251
torus.out0.04053.h5	fb4e6ddb542e6926ea94793e7b5fe9a2
torus.out0.04054.h5	55464c65a9f9c4c7785e3f8b43f53ca6
torus.out0.04055.h5	2b68bf82b1c5d3aba326121b30c59136
torus.out0.04056.h5	043c121f128d88813955c518d24a111f
torus.out0.04057.h5	730c439de901901e7586f200782e862f
torus.out0.04058.h5	72308a571fa1b5f9519a179b0932068e
torus.out0.04059.h5	e6c3d33dac3a8d77f468d5d2f5ee71dc
torus.out0.04060.h5	1e77212be1c53317d2aa17d2f4d50510
torus.out0.04061.h5	59ca9d368c86d1f1d0858f5f2fae4949
torus.out0.04062.h5	8aa73339c5f611d61561f495a460ac1b
torus.out0.04063.h5	7140e294dbb2463f50ef71e4bdbe401c
torus.out0.04064.h5	4be56fdb181f3cfcbd96fb731af00427
torus.out0.04065.h5	c62d9692e6d82d9004b06e5c68187a27
torus.out0.04066.h5	9e9be3dfa312f659200e84daad83f02b
torus.out0.04067.h5	3a1d7d071e63f1da5da49b7c67c1df73
torus.out0.04068.h5	c248ab98f02d9193f654e33acd17e524
torus.out0.04069.h5	b5c90d74e540ade8d66162e4767b4ec7
torus.out0.04070.h5	46c06ebbf12eda7fc18130c9d93dc440
torus.out0.04071.h5	26d482b56154fde8f55e9c2ad3ce9fef
torus.out0.04072.h5	557c05346f6cf782c4f18deefa79e2b1
torus.out0.04073.h5	03e7746438f191aa83309cabf0f4a23c
torus.out0.04074.h5	f412a546e5c38a7509ea9d02b95da322
torus.out0.04075.h5	4d67726ce69f3e61d7aca150a28aa300
torus.out0.04076.h5	64632514a419f733b7205f6e87c4b461
torus.out0.04077.h5	3859b1a103b9e36b3a3a1aa5dbf75f3b
torus.out0.04078.h5	ecf9ce78734d10bc5650223222ac47c7
torus.out0.04079.h5	387fd39cf8b8a15033d002feead7b071
torus.out0.04080.h5	b15063aedbae1cf3dcfcb9e25935ca74
torus.out0.04081.h5	4d363124d8e575a51b8023e4ca35bcd1
torus.out0.04082.h5	c38e896dd631e0cfe23e4c3d37d7e1c6
torus.out0.04083.h5	4c74fed4bbd47cb344677e3474ec446f
torus.out0.04084.h5	281a40dcc830c18c9f50de8366aa16e0
torus.out0.04085.h5	9dad72de11947903aff7db5cbfeeb176
torus.out0.04086.h5	11278b9dd6dfd33b0e00d1ff13ff5481
torus.out0.04087.h5	2da72e8c84c232c1968682c3d1b82115
torus.out0.04088.h5	aa53fe97cee8051b3c008d44aa81b4a5
torus.out0.04089.h5	8cd5d2b1a4163015d2c8fb02e1ba5766
torus.out0.04090.h5	193b078d96a8202ceb18aa5b36cda30e
torus.out0.04091.h5	c84d3277c60ace3ba8d32412a873bcfb
torus.out0.04092.h5	3733cc1fd24f2d4c9a4a87bbf1d8a7f9
torus.out0.04093.h5	482c1d07ed04a52f4ade900ef7176633
torus.out0.04094.h5	6d34ce2e58367333c4cbb5280e6da9ee
torus.out0.04095.h5	d8ce5ee32f1ceae5841f73c1105e56e2
torus.out0.04096.h5	98264660217512c3bb123f2a0d4c2600
torus.out0.04097.h5	6822e40b18b226a41bdf34318ada9918
torus.out0.04098.h5	b7768736bf71388ee65bc77127366855
torus.out0.04099.h5	e0718c4b21b57e6abb39cd0cc453a4ee
torus.out0.04100.h5	7e974b519062a72bca8b5ba84d6f4e70
torus.out0.04101.h5	757931ec77bb96da278a7fd48b52d66b
torus.out0.04102.h5	103a6156c6c502f92c76fc938e732625
torus.out0.04103.h5	3605ce3e23fcc1e76fed026b7af7e2ed
torus.out0.04104.h5	1e98e15fe4cab12f1c212ab7548bab92
torus.out0.04105.h5	49f8000c82d79f281ca51f9089fc1d89
torus.out0.04106.h5	4ca79274bb3cef6c9be826484d4db087
torus.out0.04107.h5	970d9eeefc813a6809ed4d4d5514c51b
torus.out0.04108.h5	805b230b39eec1ca203ebc0e913fcefb
torus.out0.04109.h5	e94139145094280003ee33c38936448b
torus.out0.04110.h5	050171466557f01d8351ba086200a6d8
torus.out0.04111.h5	b5369fac8092a0b8de453cc525dc2ffe
torus.out0.04112.h5	19cd6256282ae847b6b75c6317fe772c
torus.out0.04113.h5	8256c7f63bfb489a0e8438b3401346f1
torus.out0.04114.h5	760f8e9c6f42fdb0adfa0fe3fe40c848
torus.out0.04115.h5	d4b8bd9da19e4432a3b24536bf3ea9ac
torus.out0.04116.h5	ecf04be697ff955ce887a015277b6103
torus.out0.04117.h5	9960d05f32cc585999f11a272f9e60d8
torus.out0.04118.h5	2f7dccd32ba2c5d3094a3630a18c90a1
torus.out0.04119.h5	e38fcd773357b7b2176ff96183616ac0
torus.out0.04120.h5	a16303ed3da0cdcbb4438df556e7befc
torus.out0.04121.h5	3fba8c9a33614a23c16ee4bc41cbd03d
torus.out0.04122.h5	ef27d63c90c623c66f62b47f6bd11ea5
torus.out0.04123.h5	384302dbe40855b80725022d4e5e9d49
torus.out0.04124.h5	198c88c5455521ff19167b3165b139b0
torus.out0.04125.h5	92b75443647220d9e13ca96487bcff69
torus.out0.04126.h5	3e7eae33a79faab2fe3d8be34fb19c5b
torus.out0.04127.h5	521bfccafa0da313289849ac5132e97b
torus.out0.04128.h5	1edaf64b45869755227f4d697d0b6c16
torus.out0.04129.h5	a97a55266be83c33871028da5817a539
torus.out0.04130.h5	6b6da91732f20cf0ad962189181d770a
torus.out0.04131.h5	624fa77b2033cce5716b6a9d83bd2b45
torus.out0.04132.h5	0990e8cd85a8ed29e75b864fba22a806
torus.out0.04133.h5	628f6493e4b1e36327e942bfe75365d2
torus.out0.04134.h5	83058b55d5f61ab93e513cf2074c885f
torus.out0.04135.h5	495b41c7d31f923bc6a8cebaca3b38da
torus.out0.04136.h5	3a1520fb6e418ee86d38f20c9a5b5c5d
torus.out0.04137.h5	b7ba9416f244b3299957b83bae5ff1da
torus.out0.04138.h5	4dc5908718427768429ce36bc16e1870
torus.out0.04139.h5	d7087d73c275c9fd137fc563d8546b8c
torus.out0.04140.h5	e3473775f367a5bb8337c1fc2f208bc8
torus.out0.04141.h5	e430b5733a233b5276f3acb7db6101ff
torus.out0.04142.h5	c6dbd766ccdbd3c304e6899e144528d5
torus.out0.04143.h5	8a0b35a67bba176edebea652d41b0d1b
torus.out0.04144.h5	ae6ff1b88eba4359596b2b1706f9d4c5
torus.out0.04145.h5	a443e792835b88912d8fd80e111ef144
torus.out0.04146.h5	5bfa331c7d0212de058162baab29df5e
torus.out0.04147.h5	1505fededb49ca5720cb2ce964ee8b1b
torus.out0.04148.h5	910b92d81f916613d6b5864a1aab6b2c
torus.out0.04149.h5	963b2eefc63b19013afb17f490432660
torus.out0.04150.h5	6b4fef54f9210cafe9b348a935b98ebe
torus.out0.04151.h5	ed7441b65b38cf32d37fe0db4bf162e5
torus.out0.04152.h5	304706b75caf725af08f6c16c24f8196
torus.out0.04153.h5	4a7588220445a5fd0828897bd0fce9fa
torus.out0.04154.h5	5c3bb220b3ecd0fe8f08c31057ceda21
torus.out0.04155.h5	74137e2ae72ae61ce393d5673a11827c
torus.out0.04156.h5	9d5761b4117b103070819a5deb80655a
torus.out0.04157.h5	442b6bc4f7075decacc44bdca236a255
torus.out0.04158.h5	e3996e5898b815c309c569c8e377eb9a
torus.out0.04159.h5	89beb2dcbdfbaea3c3a761acc7ee6380
torus.out0.04160.h5	ce2d6f6bb38504c789d5fa76c20c1787
torus.out0.04161.h5	deea693beb131fdad17f8993d798a2a7
torus.out0.04162.h5	53aba16e08ce86b6dd3a553f401ebc95
torus.out0.04163.h5	da48b305149c2173a121532211f41e67
torus.out0.04164.h5	8c424dfffce4c2ba1e6cc70c34cee619
torus.out0.04165.h5	270377f96bb7ca2b0438e39f3a9c6681
torus.out0.04166.h5	4c4ed391b0a86691b370dcb10cf86d9d
torus.out0.04167.h5	bda5bdaefdca6b1f82f19cf44bdd7126
torus.out0.04168.h5	a70a3ab0a59f332e9eed1485da6deba3
torus.out0.04169.h5	d0fc0574867146db20bd658b7393f235
torus.out0.04170.h5	4c837736d6ce1d6f10da97b5a8d00f3c
torus.out0.04171.h5	ddc54dfd62837bff438fd1dc0fd0efff
torus.out0.04172.h5	ce86e1b26327281e95f57cf02d6df32a
torus.out0.04173.h5	0d2bb8af6a4a100282c2f0f3d88a063d
torus.out0.04174.h5	022358eb4c680f60e91d2677723f47b1
torus.out0.04175.h5	c5b10abcbbc783154498784d39dae949
torus.out0.04176.h5	81a51049538b74fbb58e288049b0bc2b
torus.out0.04177.h5	db37748be767cb5d80e746f245e14154
torus.out0.04178.h5	65e2d7cd9c82897f9f5bd57c09ae647d
torus.out0.04179.h5	13b045bf2906514e7026c2cc7538d5f4
torus.out0.04180.h5	a177ccec9b89ea1fc573b9a39c311f35
torus.out0.04181.h5	7ce5d7fe93c270782f9d9c694cf72bb5
torus.out0.04182.h5	c90d96c1e4f0f6e6fa6d0e921e312b89
torus.out0.04183.h5	a8ac53aa64fae745486c9c2807cca752
torus.out0.04184.h5	70eeaa27993b27e7e13981ad93c5a620
torus.out0.04185.h5	915902a9e01800512e5da2f537f858da
torus.out0.04186.h5	cb0c2521d7b668e5c1756f4a7ea8a866
torus.out0.04187.h5	917dd9267c3d1507d194306f939b9663
torus.out0.04188.h5	9166ff20a4487b2fd253837d044c2359
torus.out0.04189.h5	1d779c98d0ec85ff470c84c6803c5eb0
torus.out0.04190.h5	25f16153926addc59a8263cc9eef94fb
torus.out0.04191.h5	851a27132dcc2621ed6311a6e4303aef
torus.out0.04192.h5	f0586046caf889a2f12e9e073b4e9efa
torus.out0.04193.h5	0b4abd09b087ad9a55a6bcff920fd754
torus.out0.04194.h5	2338570cd3c77fc3c6dac62142350387
torus.out0.04195.h5	e139f8555c867f1c34b79bbb3bdb0026
torus.out0.04196.h5	8a7c84d4d75fe0dbf41db0b827b25343
torus.out0.04197.h5	fc1fa4bc9fdd761fd32a2e6bbed6dedc
torus.out0.04198.h5	4e6741dafd12c5e23e21891055cc275a
torus.out0.04199.h5	a9abe99e949dd6f4bf40bc9363a7997f
torus.out0.04200.h5	74cb5f4f2e75b6be271973684bfe5d0d
torus.out0.04201.h5	bbe0fad0c5b4bb41694c6e3b4bdc7ed2
torus.out0.04202.h5	edb545bd75fe2165ff5d6f5269467582
torus.out0.04203.h5	8c78fbc8ba54e446461b15a8076095d8
torus.out0.04204.h5	2bcfecaaa6d5b9f34b08f66f758462d8
torus.out0.04205.h5	f498b7bb96348d87c79358cd7eb46571
torus.out0.04206.h5	484964769ffc908273b9bca2c780cbec
torus.out0.04207.h5	0072f680a59f9e33a8a1713bf7fa8ab9
torus.out0.04208.h5	7b5e1f1c605ed5e779b8599295da7f7d
torus.out0.04209.h5	cf4a85474573b7474abd9636040e0bfc
torus.out0.04210.h5	96e7c39934f50078b28ddf3bcd5df76a
torus.out0.04211.h5	34cd266b7b348926cc9265117e605081
torus.out0.04212.h5	a3c39bf88e0139bb9e0ce6a6fea03ad7
torus.out0.04213.h5	a91cacaaf47b3742527b03e3e5f2b617
torus.out0.04214.h5	6926d397d093acdee42000d7bcc86683
torus.out0.04215.h5	1171dccebbeb34a80485b5e886ae2781
torus.out0.04216.h5	231e10906b1d1541d799ef1083748d9c
torus.out0.04217.h5	b1b244e41fe7df6e33fb362c51f819e8
torus.out0.04218.h5	fdcf1443416b25c4f9947c3a9af3d63a
torus.out0.04219.h5	cb6480784ff45bd5fe1792718d6e56bb
torus.out0.04220.h5	00c2155db65b9256657131c6259f5e8c
torus.out0.04221.h5	289005c1118f51a6091e78a4c67ebc1d
torus.out0.04222.h5	6bc272e73344a988d4a65637fecdd768
torus.out0.04223.h5	e7f9736c8744388fc89b1c2c14ac59d2
torus.out0.04224.h5	9c3fb726cd059a2f78a58afebd6b8e5c
torus.out0.04225.h5	f3260248c6c133e9f00787bb45d48592
torus.out0.04226.h5	7f2d30f6da6ad4212c7225724e50971a
torus.out0.04227.h5	b999082b7bff33d25536a84b1884adac
torus.out0.04228.h5	037bc1d98782c7046c261bb27d43d42e
torus.out0.04229.h5	2f87f512d15316b7b215cfdcafda2d0c
torus.out0.04230.h5	9b29abd29211a7aca78a1e8ed3a4fdc7
torus.out0.04231.h5	d73264e6c37fe4d0cf1f050e47721e75
torus.out0.04232.h5	dd6990214ca6123ade203090d5535181
torus.out0.04233.h5	7fb977b99279f82c3275f0710814c0f4
torus.out0.04234.h5	15505151fd3409df9de437d70aedff21
torus.out0.04235.h5	034af2ab1f2c4c585825c037dd79c3e9
torus.out0.04236.h5	d4c5ae0ab09a4ca43a71af8d87ec8c46
torus.out0.04237.h5	d6597925f92a1f761a41e5e5b2bce80a
torus.out0.04238.h5	4c0a8ba2ee1269ba04bbfa324c9bf501
torus.out0.04239.h5	5b26d055d1d53cf459d4c85a0bf3471d
torus.out0.04240.h5	e52ffd5c1ad65da4580d50bbcbdf5ea5
torus.out0.04241.h5	531c8471d9147d747dbe00728e00420f
torus.out0.04242.h5	bf0c86158a4ff1ae74eb056f1e31d4ca
torus.out0.04243.h5	138bc54d934f02555b00d5bed6deda17
torus.out0.04244.h5	1f23e70afc2b1dbfb71cba63adfef872
torus.out0.04245.h5	bb4c796fa47781246ab3a20935723639
torus.out0.04246.h5	ebf037b06c40edcc02524503acbb6be3
torus.out0.04247.h5	c85f2e42ec54110e8da8ff9fdb04e518
torus.out0.04248.h5	82d24f2f8011add5f12e795690e5c50c
torus.out0.04249.h5	35676442e2561ac2b10960d724693607
torus.out0.04250.h5	dfc24ff659699c123438900b64553808
torus.out0.04251.h5	6e2aec5f8cc81a18d44f8179d4cdbb61
torus.out0.04252.h5	e6fa5b9529e8199a0375b6b140b085ad
torus.out0.04253.h5	61640462b974e863137f1169eb7683f1
torus.out0.04254.h5	0c233807ff6abd7dbe4f0d272c7e0386
torus.out0.04255.h5	6472ff7b987694ab29667a498c004eb3
torus.out0.04256.h5	9f0f005cb80b38d15ca0cf5b72dd811d
torus.out0.04257.h5	baeab8fddce2fb1124a61d888932eed6
torus.out0.04258.h5	c6ee7904589859dabfdcd1c328b4d58d
torus.out0.04259.h5	9e4455484561fe28c8d4b29f5947119d
torus.out0.04260.h5	45a2dfa4ea2d728de9b99d2838afce26
torus.out0.04261.h5	85f4fff4706be5f8692f8709325cc624
torus.out0.04262.h5	1f028d6f30bc7c6ef9fb2bd4cd0f9088
torus.out0.04263.h5	f54fcd4f18838b4c6b8ed86297472e1e
torus.out0.04264.h5	9d41fcdbebc6a65e1ecd8e0494cf4b5c
torus.out0.04265.h5	17b4788b3a84f350ca4f8e0644276e42
torus.out0.04266.h5	f37c7143e479e9135ea67ed91cde80f5
torus.out0.04267.h5	dd541a91e2fddb31daa2d0428b90fac8
torus.out0.04268.h5	ca511fca8633d70c6f08f405af3fc650
torus.out0.04269.h5	7a976fc3c3907cc7ec7fc425fef24520
torus.out0.04270.h5	19ce6ec911323a749d60da7c66314293
torus.out0.04271.h5	c62ca476252ea3445934979a1f506133
torus.out0.04272.h5	e127b58205bc7037890d02bcb31327b1
torus.out0.04273.h5	3e4cd4926e0971e5d28c19b67bfcb0ba
torus.out0.04274.h5	f6762f69ac732b1dc0762f78cf968f20
torus.out0.04275.h5	c28e23756e06dd155d2d198f602a70fe
torus.out0.04276.h5	4500af7792cd058cd16ed7ca8a09a777
torus.out0.04277.h5	e9aa80beb766e6d06ad1e823f2e2a3b7
torus.out0.04278.h5	95d71118cd08ae5e536b2bc0c6ca90cb
torus.out0.04279.h5	c43b556cca1cff71b458e3e9af3e34a1
torus.out0.04280.h5	9b276929f1fe45de84f5d5ecf9451919
torus.out0.04281.h5	e3073f5a30ee65d652de55e70ed92285
torus.out0.04282.h5	a9ff5b748a07c4ad7e3d1a67ab7aab9b
torus.out0.04283.h5	2db3dc6e3feb708916b7c66089f41b03
torus.out0.04284.h5	d7d9973c16172b39afc63ad8cd1b6f91
torus.out0.04285.h5	cb220c13d7925b9e615764eaf76a0b55
torus.out0.04286.h5	a6abe4a62bb359b0f1bb1807472e762f
torus.out0.04287.h5	cca2f6d736e0fb398f6b8bb3af825788
torus.out0.04288.h5	eac253e57498287e8507b0a011331a72
torus.out0.04289.h5	46c5b45a5c04455b70e79f0f1528a3c4
torus.out0.04290.h5	b2c51821b89636315810a6348e0c7800
torus.out0.04291.h5	66a345a8ce3433aa87da3c316259249b
torus.out0.04292.h5	31b55b702143ce09001d005c77920419
torus.out0.04293.h5	2945119e53ee1843908618bd0c8b0d8c
torus.out0.04294.h5	70d318548180109ba0a0ebb1e2be051a
torus.out0.04295.h5	9fea63387e38f6d623dd501926e6f2f1
torus.out0.04296.h5	4e66c71f79d963c925bb8aee9db93ddd
torus.out0.04297.h5	4210edd87a7cc62b39876a19066003e1
torus.out0.04298.h5	44dcffb98ef4580af064896d789fe923
torus.out0.04299.h5	94fa67b2f019a6855caccc633cb4ec9f
torus.out0.04300.h5	1cbb93cff2979c35918124694c93eb99
torus.out0.04301.h5	5c60a16b093ae47128c3b62dbf12a1f1
torus.out0.04302.h5	ae33724a2f0df0280724a50584895e52
torus.out0.04303.h5	04629fb3a8a50bc4505d14acb06153ad
torus.out0.04304.h5	dc85b7ff1e51ad979da2f31e5afa70cb
torus.out0.04305.h5	e969148addd0392d9db7656b39fcb81c
torus.out0.04306.h5	35692acdae2bf8235bb509d9981800ae
torus.out0.04307.h5	768586754c9233c434703a39591efb64
torus.out0.04308.h5	323c46f117541ebb4538ba430134082e
torus.out0.04309.h5	12176446cb2fafb307c9165343b0367c
torus.out0.04310.h5	1c6cfff5b47f247d0f3dc2a14e908c6a
torus.out0.04311.h5	5999b59f5b8986694059c48d9c27caa0
torus.out0.04312.h5	3022d66030eebaef7f32085175a824cd
torus.out0.04313.h5	f59bea4cc436211aac1574afa4dd1522
torus.out0.04314.h5	782b8c072f10f5646d5f76b10126fe66
torus.out0.04315.h5	803a8685319775b8acfc55d546ef8834
torus.out0.04316.h5	5d8df7a7f5ed5b11b800a0fff3671c55
torus.out0.04317.h5	c71cbbdc99ccae15bbf4f0864316aea8
torus.out0.04318.h5	6a1aa75731005a0efcbe808f4bf81d85
torus.out0.04319.h5	3401cbb48a7c60dd2427191a7e639905
torus.out0.04320.h5	837feb30196af1e03fcaa8ce39df2642
torus.out0.04321.h5	897ea18590e8a5be577c3fb2c3a80dd6
torus.out0.04322.h5	a99fa0cecf7cf59643b5edef8cd242a9
torus.out0.04323.h5	f45ce49112003f344ea2b605252b337d
torus.out0.04324.h5	d7cd068c3ab52f0b9fd9cabc3f28b5a8
torus.out0.04325.h5	23bdbeccde589780e745f70d1c40ce95
torus.out0.04326.h5	83eafd948d677c0989ca1687758fad78
torus.out0.04327.h5	3550e0cd756eb1607e45eca2214490ca
torus.out0.04328.h5	e15ab3238dc296accaa22adc278f596b
torus.out0.04329.h5	0eaf221169508e9030b91d6322bc31f4
torus.out0.04330.h5	824206dd37f077fcc7b81be8fe36ea89
torus.out0.04331.h5	4256aa53460bd4bc311a093ca734bf6f
torus.out0.04332.h5	bdf89e3a5a35a2330b0d3e2b8f7447c3
torus.out0.04333.h5	ba4a3d5f708f0dfb25e4544ff34f4c05
torus.out0.04334.h5	20bcb3071ba5e59d041a230287bb1869
torus.out0.04335.h5	11cab195b67ceedd06cce1b046940c51
torus.out0.04336.h5	1c82d0c8f5845034fa39ab3f01bed884
torus.out0.04337.h5	80b6f473d103c1c4f3e165f0f0a8ac31
torus.out0.04338.h5	ece897bd4ca56d41555b7b816b3bcbdf
torus.out0.04339.h5	606b31db82a081a934ca7b68324d1e10
torus.out0.04340.h5	483ce8a4243485aa775fa29e31a614f4
torus.out0.04341.h5	823b5bc09ea5baa2b2bdd9a77d374d25
torus.out0.04342.h5	e94c01c1ebbad4702b980bc3d470f694
torus.out0.04343.h5	f830e73d5e7d2470607534d8ec77f5fe
torus.out0.04344.h5	d6055be71fa0b8291792ad2790c1a1d4
torus.out0.04345.h5	1939656ed9dfbd1bccee8d5907c0a71c
torus.out0.04346.h5	a60e7cca0edc8feed9370a5cb4e2da2c
torus.out0.04347.h5	3af81351864953d1f2d438cb6953a31c
torus.out0.04348.h5	b38256ac6afee8da6d914eb1d3bee400
torus.out0.04349.h5	3c4702dad90fc0ff2acb2fa85a983f7b
torus.out0.04350.h5	c1abf76544194bb7e24f214e6341f7ca
torus.out0.04351.h5	79eec55b09c715cf01f6666c2c9d191b
torus.out0.04352.h5	9a11e2c38a17d0619651e426bce527ec
torus.out0.04353.h5	e95ae6a1df251ad4ae617328092f715f
torus.out0.04354.h5	ad99fb2065f9d4f2d06c32c78f16a3c4
torus.out0.04355.h5	4d6ca4d2b0a5f5e691c3367b0566c383
torus.out0.04356.h5	2f7bf27c793f794a3588c6d11f290b99
torus.out0.04357.h5	c16540f203b1dd9dac124f814798d4f3
torus.out0.04358.h5	d56d353178f59f3995906e855ecba606
torus.out0.04359.h5	8bd0aa3cc440aa02165d3bd18c5f5140
torus.out0.04360.h5	ae7affc1535b566846d7cac119a451dd
torus.out0.04361.h5	1752873b5a1492f7abb664ae432b73cc
torus.out0.04362.h5	bb4a254c1853e11283940d5441964cd5
torus.out0.04363.h5	9f62216de86053283a830e20d0278587
torus.out0.04364.h5	c7e678313fbe81614f98f1581c8e037d
torus.out0.04365.h5	77b99cb818ab847cd084963b8f600f7d
torus.out0.04366.h5	4e651fb05c8c4961bb051495b4de895e
torus.out0.04367.h5	4309e3f8091946c1320d568f871d82b3
torus.out0.04368.h5	88ec269512be520787b9fd8d54a8acca
torus.out0.04369.h5	6274a25591da4d55fa12461c087f68fd
torus.out0.04370.h5	03392bf908286914f0bcd7100fdf9839
torus.out0.04371.h5	11707773975ff633d5d6c66edb8a4859
torus.out0.04372.h5	70be97fa7be51b253826d57b702c6db8
torus.out0.04373.h5	59066add31b00c8e302d5b8145aaa9bf
torus.out0.04374.h5	674840ef3d265d4f4adb38570ca9b32e
torus.out0.04375.h5	8534a920a5284701ae136658598d2591
torus.out0.04376.h5	35d73d804941fba6a20f97f0fe9d109f
torus.out0.04377.h5	866370d7b2a978fc7a1267e5ed4a8119
torus.out0.04378.h5	a13f2c950fba2eb35d870ca2ba71583f
torus.out0.04379.h5	76e1dc4f085cf4653344573d7de44162
torus.out0.04380.h5	f9c4bbb2f0bb21b17215893675d83877
torus.out0.04381.h5	f2d8218ac756bfe01e7f991bf5cc73fe
torus.out0.04382.h5	0390a81dba75119a967d8321695236f7
torus.out0.04383.h5	87457fb4a1c14e9ba6cfdc454892fa8a
torus.out0.04384.h5	c1992d745661dd3c248ae482727847a3
torus.out0.04385.h5	18d1351c2e8806cdab1f57cdd05d1596
torus.out0.04386.h5	7540c49f232dc0288b22a13e24f05b56
torus.out0.04387.h5	329a504032d65edaad13b647fe10eb60
torus.out0.04388.h5	74377dea955bf5594dbd4519ba2ac4b4
torus.out0.04389.h5	cc9f1c5046abf214f0cc599d7db998a6
torus.out0.04390.h5	a8e9ee26e1a76b0853301f8fb3b0b43e
torus.out0.04391.h5	dcfe591a23c9a9b9cd10d94fd5f9ac23
torus.out0.04392.h5	167be7871e8b016183248c14356b958b
torus.out0.04393.h5	cb0463c4e9a2f595cdf82056e5d571ed
torus.out0.04394.h5	fb542ce2a11b0cb483c95744c805265c
torus.out0.04395.h5	f52bb0ad672b20e9d4af1a4ef87e52a7
torus.out0.04396.h5	e98053b47fdcbed10fbc435a05c2171e
torus.out0.04397.h5	7398529b4d43f449feb1c409b1da1c69
torus.out0.04398.h5	b975bca7b99e777b4b80605efabcd83f
torus.out0.04399.h5	65358a932bedc697ef1df71f9da6e358
torus.out0.04400.h5	0de43065882064a36af2c43c920485e2
torus.out0.04401.h5	2c880e7ef8c19247b535d7e0ccf7a7f0
torus.out0.04402.h5	9e7501d344383e09f3251fbdb328c685
torus.out0.04403.h5	6b0e21f833296cf2de78881e0f5b34a5
torus.out0.04404.h5	ca97613223a929aae3f809986af86534
torus.out0.04405.h5	e45ce29dfe524bf1f31fe4ce8c3de061
torus.out0.04406.h5	3490c77b5bee2cfae73956e0c571c70e
torus.out0.04407.h5	4935c2991b5c1cad292a7cbbe30725cc
torus.out0.04408.h5	71dacc7e3d6683116f1f4aa77af830ca
torus.out0.04409.h5	f235cc6aac2e610cd066d11f7ef48f00
torus.out0.04410.h5	b6a26e536afb28391a12500f5e5a389d
torus.out0.04411.h5	138a608a84328ebdbd9165a1d11ac5fb
torus.out0.04412.h5	bd09dddfdbd7a1b121b9255521454332
torus.out0.04413.h5	8c9f8a90bcdcf9ad69a2f86cc725cf99
torus.out0.04414.h5	19420182f6c8edb9e8ee3e78a73795ab
torus.out0.04415.h5	b0a11c5eb26f2ec876ea07ef34dec2c7
torus.out0.04416.h5	f2139fbff29421a703b47c52b2b53dd8
torus.out0.04417.h5	7dd0848cb27ce19cedd773ba589a9e19
torus.out0.04418.h5	ebf0266b159ac9b8a27476472cb642ae
torus.out0.04419.h5	16f34891c696786caaea038baff510c3
torus.out0.04420.h5	45220472f6deea5d2a4604e8c50012be
torus.out0.04421.h5	fc67f5fae9c9755ae8b205d99ffa330d
torus.out0.04422.h5	fa7d4bec0930301e46e01e032dfafce2
torus.out0.04423.h5	1b8b8cc26b8db869834abe32d27c3e1e
torus.out0.04424.h5	229b0c8827dd0607cd024661c8ec73b1
torus.out0.04425.h5	3b5f5d1b52e6e4acc3f9573baf3e1f86
torus.out0.04426.h5	087740d50f968e64995954a9e1abfa5b
torus.out0.04427.h5	a087442ffdbfcd0c3b61b9a5fd6dbeb0
torus.out0.04428.h5	5640182f54636aadf0f479c5f126eebc
torus.out0.04429.h5	384ae96baf97ea08c5e33cbc8ae9be57
torus.out0.04430.h5	987a55820e23c5ad2594d7009ea7c99e
torus.out0.04431.h5	dc9a0001bce23788347ac2c7b409fed9
torus.out0.04432.h5	ad23468a98503923e6d031bd006c9ad0
torus.out0.04433.h5	dfc68293ff146b02add4142315c47f55
torus.out0.04434.h5	e3d42f2f837e19c8bbceb9651c48ad10
torus.out0.04435.h5	0bf41c107419a78df29d2c168c97f1f9
torus.out0.04436.h5	709fd1e5b14573e52dc1c689abe30f05
torus.out0.04437.h5	d7dc94a84344e6f8f8cbb2453eb5348e
torus.out0.04438.h5	b454618ce836957417f62980f34071b3
torus.out0.04439.h5	7b7365eb1d97b7e26c8d48086760d9c5
torus.out0.04440.h5	2c2df57ddfecc8e69678cc559211ead1
torus.out0.04441.h5	15060c10622c4bca7b12553a948d4ec8
torus.out0.04442.h5	9d8c0f869b31d4a73c751e6e6b73fe4c
torus.out0.04443.h5	091326ae0b179f70920d9bdb815dffc4
torus.out0.04444.h5	b3b15ec70cca742d75a4634c961431be
torus.out0.04445.h5	34887fb3b8c1d99d05a4df8a1e5eb364
torus.out0.04446.h5	83ae6253c6bba9db4d84faf63568ed1c
torus.out0.04447.h5	a5f57e0e88606603767aacb10560f866
torus.out0.04448.h5	743855dc813caa8ffae72957e521ab8b
torus.out0.04449.h5	86b4ec77ef182493b3f343c3109b78c6
torus.out0.04450.h5	c4d3fbcd8f6d4509028b480112c5d1f3
torus.out0.04451.h5	dcc928c2867877a7dffdf5445e14169a
torus.out0.04452.h5	54185720133553a0bc10eb1003b9744e
torus.out0.04453.h5	b18c7d2f44550362cf718c04aaacacd7
torus.out0.04454.h5	30604338df6020f5bf559db6a84f94ae
torus.out0.04455.h5	b33494c8eb6b9dc888842b294d91a9c8
torus.out0.04456.h5	fa65cdbc41e533e3abb1dd1c6651c13e
torus.out0.04457.h5	1c07f15c9ccac76223f17bb5dc663848
torus.out0.04458.h5	f77497f6a0f694293bba5c414206333d
torus.out0.04459.h5	458a8b02d59d7fea8e9b648f9f5e5784
torus.out0.04460.h5	abb810df2475d5884bec538bbdd120a2
torus.out0.04461.h5	28ef41232f0b0eba36b7a74a10952ee2
torus.out0.04462.h5	305061f5501440d277b190c195e04af7
torus.out0.04463.h5	3562045e7bea2102770ebfe77c597184
torus.out0.04464.h5	0e383142d0aec8f822a1803fa79bce01
torus.out0.04465.h5	eb0a6c7a84c57d1ac50ad0094677406c
torus.out0.04466.h5	4586135922e3828f7c1e1e02e59eee78
torus.out0.04467.h5	ddb9130c9ac7616fd2db8249faf471d3
torus.out0.04468.h5	f7e020a1b802a586d3408e4fa04c198b
torus.out0.04469.h5	5a3e29f31d8eb0a85851f8a306bba3d9
torus.out0.04470.h5	4afdd3dce2a1bfa742cf202dbc5a82af
torus.out0.04471.h5	e341f67965cab7645cce239ae9739f84
torus.out0.04472.h5	6b83268e5b40632ddaccfe31366638d5
torus.out0.04473.h5	a692fdbbdb589e9e132d4d11c852ee71
torus.out0.04474.h5	045d19bdbd9120f862b3b8a6df5c3fce
torus.out0.04475.h5	4f7f06045354f0c6ce8149298af53e73
torus.out0.04476.h5	30bd4cd41111b11ea6aca0f2710d8339
torus.out0.04477.h5	fece9a0e4a7f5d80d26b80075c31a053
torus.out0.04478.h5	2331a3a55c53f8c802925d0b63aea421
torus.out0.04479.h5	f5990747e385ed680a09f00a78d92136
torus.out0.04480.h5	8a185ce735f1897e66f27fbe3cc13447
torus.out0.04481.h5	5b49ba315eee0042ca38fea6c6055fac
torus.out0.04482.h5	7304bca1efd7f31006a4f5d570655d4d
torus.out0.04483.h5	88d2c7ada31c41b98e72123335741851
torus.out0.04484.h5	3e71121bf4827a76db7a89428655d345
torus.out0.04485.h5	e324c0fbb38d23b9b7d113abe267fd0b
torus.out0.04486.h5	e23eeba88d509d9521e6a55d45ca17f6
torus.out0.04487.h5	fb511732c0662a3cf709c83a9a37cd4a
torus.out0.04488.h5	38be88d3b1ac16791546f2026497ce05
torus.out0.04489.h5	d914885395c950bf87f2bf988e53f735
torus.out0.04490.h5	f3c40451d453c15e6180d1745f3cfae8
torus.out0.04491.h5	bebb920a372ca0a98ff6f1b9c40a95e3
torus.out0.04492.h5	c14055d0e7dc941fcd4b013bb2ec40e2
torus.out0.04493.h5	bfad63cb1439746edf751deef0456acc
torus.out0.04494.h5	4511f5f1e5adc7680bf0abe1277d0bae
torus.out0.04495.h5	61b6994c87471ec646b7cb56f6e165b6
torus.out0.04496.h5	cd682a52836dddee7fd95c919488c369
torus.out0.04497.h5	751ad4e790b149821cf439b27910c8ca
torus.out0.04498.h5	85f8db01b6c837cabde1096ec2e1247c
torus.out0.04499.h5	160ebf2ba919ab522d568c13bdcab896
torus.out0.04500.h5	51b90846f5d41bd136165f30672e716c
torus.out0.04501.h5	78606312a1fd5ec29c43e0147bed2bc3
torus.out0.04502.h5	6c43fb4c60c752edc4d91a40bbec00bd
torus.out0.04503.h5	30b27669f0b11036b41f915853f661b9
torus.out0.04504.h5	2dc05fd85ebdaf6b0c7b0210136b7316
torus.out0.04505.h5	eb5ac53241c4f53f5dbf1a7bb5448310
torus.out0.04506.h5	478884f0bb2d69eb32c9d2ff765cd7a0
torus.out0.04507.h5	3042fff3369a705bfa26f6ff5a0e3a0e
torus.out0.04508.h5	321a48ca08801aa55ab965643a222d53
torus.out0.04509.h5	846ac0563e8696e71a48cfb0fd6d5135
torus.out0.04510.h5	5d1c2c69b815f2f01a81828c55e64355
torus.out0.04511.h5	cb8afd03e1be76bb3126ed80a0542438
torus.out0.04512.h5	6fe1a120284f0d5f6ce56b87e2d1176c
torus.out0.04513.h5	40b4bd9749d94d1e58931ef192a20e59
torus.out0.04514.h5	3a13e00351917c066e712918a95cb3e3
torus.out0.04515.h5	be492c8ff11d145f9ccd6392d719e314
torus.out0.04516.h5	bade4723c5d2ec704ba29bfe3137b6ce
torus.out0.04517.h5	de0845651c27b5b057fbfcfd5ff6c074
torus.out0.04518.h5	63ca9c9e0445264e46a338921b930fe1
torus.out0.04519.h5	b3a855ca4c91d7b61089df98fa242032
torus.out0.04520.h5	76f38692caa57e04e4005faf6baecfa4
torus.out0.04521.h5	3f81846f8455ee5efecb35fd354ba93d
torus.out0.04522.h5	f7be1880e6f9c67d58206f7973f8d2fd
torus.out0.04523.h5	24df1a3170f45f77dd19947ec273d31f
torus.out0.04524.h5	7eb41d9b004dc97a437157797ccb742a
torus.out0.04525.h5	e36b59f73758648b071da52d64e031d6
torus.out0.04526.h5	a2a8b2601b1774199a2c00203b267d60
torus.out0.04527.h5	b3ee90b9d0614dc7fb7dd1907ec4f407
torus.out0.04528.h5	21e4be62ab783210bbf66498e3f31aff
torus.out0.04529.h5	ea9a537674544700d946bb82ba56e2fd
torus.out0.04530.h5	2bebf4953f772e071487b3701598450d
torus.out0.04531.h5	12838e8ef64ab40b4378a048bb553dde
torus.out0.04532.h5	30ab6cb731c4638983bfc13a583a5325
torus.out0.04533.h5	9ce6be3a441222fa9def6f345b41623a
torus.out0.04534.h5	dfd5531f16854dc2730f1e149345fe2f
torus.out0.04535.h5	3fadf88569b3503526e77bfc2aa7491a
torus.out0.04536.h5	58fb5d46bcd658ccfe4240fc0d621c9b
torus.out0.04537.h5	25b8bdb4c555eb0eea9b89973a43b37f
torus.out0.04538.h5	f1da15e1cd6317ecaa12989b9fc13b68
torus.out0.04539.h5	d9fb3c26995888fdec63a9aaad9b3997
torus.out0.04540.h5	8e457e6323d5503cc492a0ee4226b124
torus.out0.04541.h5	1f24699b11559796d38df19b2f2ab68e
torus.out0.04542.h5	ac98d580190339eea8d540539ff52854
torus.out0.04543.h5	00a518276d7fbeff0f1f6628e709492c
torus.out0.04544.h5	895df21a38c36e4c221a85fd1669597a
torus.out0.04545.h5	ef6e4f402a25863ca4db377cd2bf44a5
torus.out0.04546.h5	f122263549608ac23bff31b2805d7cd1
torus.out0.04547.h5	a137c98a5c067e69228fe12bbd986efa
torus.out0.04548.h5	8600cf4501f7f71ebff4a4a7cbae0f3f
torus.out0.04549.h5	4c3cf53eed02a7b19ac1623a94d20c1c
torus.out0.04550.h5	bf0e5dea63d8c3b0ed3a1c9359d1a67c
torus.out0.04551.h5	a19e77a530a06ee0fa8ec7884c69dc97
torus.out0.04552.h5	bbd2dff2688005813119aeb7c042818d
torus.out0.04553.h5	b4a69841c708347244d7149bc757aecf
torus.out0.04554.h5	db09c86398efcb453bd57a31df9ab00e
torus.out0.04555.h5	8f039e3d57b36eedfcf876d443e423f7
torus.out0.04556.h5	297c3007e7289e353d29984a8572d30c
torus.out0.04557.h5	9145df66f3715b552e86e4a1260b5b49
torus.out0.04558.h5	5d7aa35ecd463882848fd084f8536ccb
torus.out0.04559.h5	38aa7633ac1fa11012869773eeac4ce4
torus.out0.04560.h5	5e46a7945eabfa5bb3d6b8f815338067
torus.out0.04561.h5	9cd96cfe1576c3d23269fda64cdc9b82
torus.out0.04562.h5	285a2f5f8bb6a67597e635607ffbe653
torus.out0.04563.h5	c40d1448f8683c47b1dbb80193d7aebd
torus.out0.04564.h5	c08bfc4b6c4d11bf6067ffb1cb0d99a5
torus.out0.04565.h5	55f275f74301c795fcb4e32954079064
torus.out0.04566.h5	7910d0d6f8270a0563b815ae727549ff
torus.out0.04567.h5	321768791aebcdcd33df9c503556a6c8
torus.out0.04568.h5	f1cc97b70a409bd8bb1277d41e8a6305
torus.out0.04569.h5	798e3eade3a66d72649d11435161c43a
torus.out0.04570.h5	66892b6a93c96c9116c248a5b18f3907
torus.out0.04571.h5	8ceff40cf4506fa3fdf5bdda97da65bb
torus.out0.04572.h5	eea40f2e9fa09c207685fb87fb5705eb
torus.out0.04573.h5	7d588cf69f1337c955cbb41399cb203d
torus.out0.04574.h5	d913ac56b3810cf6d00e91f6d176b7e2
torus.out0.04575.h5	a703ade0c188a0b264adc07f123b63b9
torus.out0.04576.h5	d2a145b63715a784e1fdf9fe9e533b80
torus.out0.04577.h5	87ac73a48252a3bd5fef831d25ec1581
torus.out0.04578.h5	b31e45bff43afc76c1257eb63cd65013
torus.out0.04579.h5	bb308cba45fca5f4a8d285fe9f4f00a9
torus.out0.04580.h5	97651ba241ee43e074c756d8efdb9ca3
torus.out0.04581.h5	1014a5f0737491353c12127085b616d9
torus.out0.04582.h5	d2b150bb11690a931d582575981c18a7
torus.out0.04583.h5	184265a4f3a34193217747645893388b
torus.out0.04584.h5	eea9d5b07891cc08e4a420819c3fab68
torus.out0.04585.h5	e601d10337f76c3ac277610615a16f54
torus.out0.04586.h5	2baacc5e7cf0b49f4cd07d33df4a0389
torus.out0.04587.h5	ca6b420a9189e2438dbe72217b3cc3fe
torus.out0.04588.h5	3729c0145da76b89196b1856f0d7e912
torus.out0.04589.h5	0714c79fca37811c33703e344f01daaa
torus.out0.04590.h5	c8c2b6f3dfc90d8ac60f5132563eafce
torus.out0.04591.h5	f7b9b31a48c5fbd49972470bf637d120
torus.out0.04592.h5	de69d105b52402b2e549ebd924d21d56
torus.out0.04593.h5	43fe51833a4ade9870f8c2b03e513735
torus.out0.04594.h5	57b1dcb68e30556854b8c5e4ebae6492
torus.out0.04595.h5	8422e5489e8e12c2537f24108e43421b
torus.out0.04596.h5	0341d3c196927c11f0304ee461aa9235
torus.out0.04597.h5	2c927f320203ef4ebe17a2230c0caf71
torus.out0.04598.h5	49eba6a9c72c0edb50c48dde6e4269ef
torus.out0.04599.h5	076fc0340ddfca864696c41f54477240
torus.out0.04600.h5	ebdd634d1bba12ce7d046cde48f60a03
torus.out0.04601.h5	648e229a9b7a05eabc388a79175fc915
torus.out0.04602.h5	d577e4e8f2e697185f4b5259322dc3af
torus.out0.04603.h5	fe043fd7eb22d4e321cbdbd7c1640786
torus.out0.04604.h5	2f7f28813bc8c9d03991b93058ce1de5
torus.out0.04605.h5	4ecb98c30d2b83d6f2a4ed60de438913
torus.out0.04606.h5	d5fe9d78400fa64ea93f2e44860520df
torus.out0.04607.h5	a98712a4b13f2c7720dd86871a89018c
torus.out0.04608.h5	8afbbdec9ab661906f85ee1c243937e9
torus.out0.04609.h5	db34c0ceb2c47935f316a8ea65ad22b4
torus.out0.04610.h5	51511eb34f9f7600d40cf57d6bf9a922
torus.out0.04611.h5	41998977b9092620a5cbfa50394d1e9b
torus.out0.04612.h5	5044abf214179075a366d193f4d015c9
torus.out0.04613.h5	9578393fafd944b1ba64abc79fe9e850
torus.out0.04614.h5	419c9163095fdb86687adbaf74e356e1
torus.out0.04615.h5	b9fab1fb5aecbe919db087cf99eb00ff
torus.out0.04616.h5	9d8c214327a90f84b264775b204ea824
torus.out0.04617.h5	8735866f5f915a77d28113b330c8f9aa
torus.out0.04618.h5	b2e469162b3f2a417fe80be3e2bda926
torus.out0.04619.h5	db19ddda0593d6da6c65581fa748ed04
torus.out0.04620.h5	1b3f5e3e4e604708a9b71a77180738b7
torus.out0.04621.h5	eb5f78ff6f9badba2f4dd9cc8714a447
torus.out0.04622.h5	eefb2a3f55071fda90a365f1b90a602b
torus.out0.04623.h5	999d787c0364ff45d6935fda41699a15
torus.out0.04624.h5	03a332165524a9a009ff1c1411f93aa3
torus.out0.04625.h5	b1f0f6da49e6a72a5d9df06ecd654efa
torus.out0.04626.h5	4ecf2386df03aa28d8d4d7f441b8a38d
torus.out0.04627.h5	93f8ec19bb131c0881d94c17820ccb6b
torus.out0.04628.h5	d84eedac98a0522f7ceea82eebba52b0
torus.out0.04629.h5	082ee1e1819e15997fb7b8d6fbcc48ab
torus.out0.04630.h5	b85ed71370e4196b4a7da0e765eaf567
torus.out0.04631.h5	5d1505f45834ac69db9c1d88ad6150d0
torus.out0.04632.h5	cb3af473843a79112dc2f9cf2887ad08
torus.out0.04633.h5	9f33665af71f5c6c37e630d7745b36bc
torus.out0.04634.h5	459dc6cf70ab356a8ecf0fc2bfc00634
torus.out0.04635.h5	b2bc03c07e2291dbb6a2817453abeac9
torus.out0.04636.h5	1a4fd441183f01246297122e0fad90b4
torus.out0.04637.h5	3ef9bd78f986fbc6fb456b88bac84061
torus.out0.04638.h5	fe9492f9d7e189337ca3cd8cc4992188
torus.out0.04639.h5	a0e499241d09e907013b35cc519e8764
torus.out0.04640.h5	882f673026f24f73232617687027c70a
torus.out0.04641.h5	252114ff53d9b7270f1600a9fcd2f6be
torus.out0.04642.h5	af0811ad0765b4414fa83076143cf4e4
torus.out0.04643.h5	27fbadf458fadabdfeec6f1b8e2ceb67
torus.out0.04644.h5	526e2d2051cdb945fba09b69a00cfee0
torus.out0.04645.h5	4797f06721178eef169e1a5c5d078f5a
torus.out0.04646.h5	f9a020a1b62772c60a916d115f353e90
torus.out0.04647.h5	521665a8d6f6be3466007134f412f3e6
torus.out0.04648.h5	3a52e750f12edf3de37d2ff8ccc7eca2
torus.out0.04649.h5	f7e60c25b4e578586c7f2289ef8613e7
torus.out0.04650.h5	b5224b9504d37867e90624d90aca594d
torus.out0.04651.h5	e4271941a88f46164145f9c6dba48a98
torus.out0.04652.h5	d6b4f9dad35e970d643a014eac3f7e6f
torus.out0.04653.h5	a7a83a18686398c251087956df37fd3e
torus.out0.04654.h5	096817af18f7be5a6c2eb2cfce02970f
torus.out0.04655.h5	037e10293c6201163e8f75a261fbf43f
torus.out0.04656.h5	cf0b379272473ce9a5b30a2a53fad590
torus.out0.04657.h5	34e1881b3b59558ac1742c4072d9adb7
torus.out0.04658.h5	a415cd9ad63f911a7c5f575ecc546e3b
torus.out0.04659.h5	e7fc330538cc212c525386061dfed4a3
torus.out0.04660.h5	d2c9ad32428a8b99bf993480bc483587
torus.out0.04661.h5	78e0ce88b434287ccb11bd0cdc67cbe3
torus.out0.04662.h5	603af61342328b07e11b024384e1f678
torus.out0.04663.h5	9bfbd10843fef132387aa452c1790a94
torus.out0.04664.h5	ca349b87df21112fa4c1b37e44d5f116
torus.out0.04665.h5	349df89ec0894da6b72f3c15db351a14
torus.out0.04666.h5	d1e84e0afffe055890fe09c644dad25b
torus.out0.04667.h5	5dbbb51b8f6c7f18a63886b63adc5248
torus.out0.04668.h5	1a39a9733c447957af13cb27a3b63bd7
torus.out0.04669.h5	4d770ee2657e3766938940854292e476
torus.out0.04670.h5	7bdee51a4e7ead24af6e1a15299cefa8
torus.out0.04671.h5	1fb669e016ca39c11e90e6d71800b673
torus.out0.04672.h5	101960f0b2204de3a67c81bbff69e39a
torus.out0.04673.h5	bf03ebb750d91acf1cc18014949303c5
torus.out0.04674.h5	da60b733247e86c9dac361f9b026efeb
torus.out0.04675.h5	823f07c80f87c7009f0737d178263f21
torus.out0.04676.h5	5651d620e6588f718e4db6f7814cef38
torus.out0.04677.h5	6253b1544b7491bd9872db2b454059f5
torus.out0.04678.h5	822b5420d74eca48495b864b04b14bc3
torus.out0.04679.h5	9b2a64fc3ebd1917b86b9aa899ed6803
torus.out0.04680.h5	f782218c42304d38ae86eda0c0dff807
torus.out0.04681.h5	10600bdf94bd4ad9baff583029c32417
torus.out0.04682.h5	293c120cc0c5b0e613453a40f63f0267
torus.out0.04683.h5	8d455cf27a884451a00b0e76156d6eb8
torus.out0.04684.h5	470fcacd0a74f55e45a6bd36bc0bae34
torus.out0.04685.h5	d7922fec1fd561287f67cac3efaced22
torus.out0.04686.h5	16cfb4cace08e45fc461964f3dc458bf
torus.out0.04687.h5	d51621905277a8fd863ab895b8f92ba3
torus.out0.04688.h5	182c6fbd2626453797eaf30ede3a8828
torus.out0.04689.h5	4b0fec3ac6014602306c565418c161b9
torus.out0.04690.h5	aea03557fc335354a8793e706c2341c6
torus.out0.04691.h5	1cde56147bea9451f850ab823bc6da99
torus.out0.04692.h5	1e9434d65323acaf252753dd5b530522
torus.out0.04693.h5	e63abb2e1c6e32c37582a656b563d91b
torus.out0.04694.h5	dc2fb3e773a98986fb4a6fd964b3fdeb
torus.out0.04695.h5	10bce3f67e71274a99ee6030e306ba01
torus.out0.04696.h5	7eea49bbba7c4b82c54bd7750b1e31a2
torus.out0.04697.h5	aee2b9d213a63c3a76b49caf01593935
torus.out0.04698.h5	44faff179ca6ee2744b3d373c908d86a
torus.out0.04699.h5	93bcfea28572edd9f430b13e7db96964
torus.out0.04700.h5	8fe140d2742a4f81594a4abbfd645a57
torus.out0.04701.h5	065b102ce9b4b5a21ca80f46ad69d821
torus.out0.04702.h5	984457b0d8282e46d02a638e65c01eb3
torus.out0.04703.h5	d843b7097c5df0af13484eb152c4bdd8
torus.out0.04704.h5	0eeebb0976a6b2a0beb99e1362c13eae
torus.out0.04705.h5	da117b99d26f361a3e9f6a2f6ff4a0a5
torus.out0.04706.h5	051cbf5b44d46d3b4a72e86d8a243ef5
torus.out0.04707.h5	86bb1eec31b512a57cfabccb2bf365ee
torus.out0.04708.h5	54b853c14efff5c48dc3c69f305d3f0d
torus.out0.04709.h5	5348e3b15476224ea029e5bc63dd9660
torus.out0.04710.h5	4eecfd572c49ecfd5d7eaf01ecfebc16
torus.out0.04711.h5	cce6ebb86b944d0af7f9de51c2fc1ba7
torus.out0.04712.h5	7fa4584047e2c8e024201c4926aaeff2
torus.out0.04713.h5	6e49b7abac986880efdcbc0e3069859b
torus.out0.04714.h5	6d9e354b4d296db8eab267b15b3c1f26
torus.out0.04715.h5	7e243f5e97ae7685afad0f16cc32167f
torus.out0.04716.h5	b3fbb21c17c893ad4f24fc0b65dbb55a
torus.out0.04717.h5	5dff7ebeb68408cef56d77f52070ec63
torus.out0.04718.h5	7d32de9345e83dede90c7581b89456c3
torus.out0.04719.h5	58f3b6583b8218cfb8eeb4648a573aeb
torus.out0.04720.h5	d34d3c0ce24d56efeec2e2ea97e650a3
torus.out0.04721.h5	7148831bc1d4cb2cdc7aa7634bf9e72b
torus.out0.04722.h5	38b4d53ea113cd87f63c9dcfb402ad62
torus.out0.04723.h5	37db3e657c7f632d9d8266f36febc326
torus.out0.04724.h5	7e42ea040e2eef2075b6762bbed036ea
torus.out0.04725.h5	d9bce6b45ecccb7ccee4231f8536e22a
torus.out0.04726.h5	d4e0ec3af822213d146804b6d5e74334
torus.out0.04727.h5	ec05fc484bb6f4782c7e42f53060856e
torus.out0.04728.h5	92f1ef5d61a7711f8a7dfffe5ca64e35
torus.out0.04729.h5	15e6031a0cae30280fea0930ed76ecba
torus.out0.04730.h5	cfa1af3653eeb3078f7b295a50314218
torus.out0.04731.h5	78d6c042b703bfe0beb44e9d803e2776
torus.out0.04732.h5	e085b73d3c5a93e82a6b3c8f6d23b3d1
torus.out0.04733.h5	17a46dba995fa1ecab06e1b507583a26
torus.out0.04734.h5	9d5a280b19bd60b8f6db3014e0898c83
torus.out0.04735.h5	0490d832306a632bb56e12c69a279106
torus.out0.04736.h5	58babdb4ab9fa78887392e9073abadb2
torus.out0.04737.h5	7c3eaa05083a00866367d27e63353c74
torus.out0.04738.h5	fb5ac68f186d681f64c6bb63edde7643
torus.out0.04739.h5	384d5b03db8f13e11b971ac72f7d668d
torus.out0.04740.h5	16f75b5a758ae2ca7b357c68381bfa44
torus.out0.04741.h5	c1d3212518c55400b3b872348dc83d7e
torus.out0.04742.h5	4a83c0a5275b57b9410d3b8b7556966e
torus.out0.04743.h5	a94fff1253e563ce40c1ccf40d1bb61b
torus.out0.04744.h5	77bd7c13c87179dd013199fde0c5c428
torus.out0.04745.h5	af073b5d810d5073221a144914c7442d
torus.out0.04746.h5	3a40b91a736f16e4d758643f6c374fe8
torus.out0.04747.h5	7b5ac7698ecae5946eebd1e6e640691a
torus.out0.04748.h5	cbc91294f16d91eef52f39e88be4be19
torus.out0.04749.h5	ebb6cc09222bc8dcdad2c9e3b2df0cc5
torus.out0.04750.h5	3396f04d1511f3769214a146786d8db4
torus.out0.04751.h5	0aaae094798db807b8dfdb864a18da5d
torus.out0.04752.h5	374ea5712cd1d5c40590d7bb4079ebb1
torus.out0.04753.h5	17a9a8e4deda9743c7aa669bd7ec5b57
torus.out0.04754.h5	1207934dbbfc16fb2af365eb1771b0ac
torus.out0.04755.h5	c00c024dc657503254e7ccf97cc1a335
torus.out0.04756.h5	f495ba1e66979113d8c9c375b63f2289
torus.out0.04757.h5	a9957a6cc4c88924ec916fe13cc97d85
torus.out0.04758.h5	a3b69c304da003c6f52304318117a0b4
torus.out0.04759.h5	9e1cda524a0d1b0e1e13d24f6d798932
torus.out0.04760.h5	8ff967f8167d8e949c761c00c33aab7d
torus.out0.04761.h5	7dfffa6fdba552efd8f20b59e2c84fad
torus.out0.04762.h5	a2b735e0719ed67965bb7ed37510c75f
torus.out0.04763.h5	2f160b235ca4e7ae91f2364958269539
torus.out0.04764.h5	bb2c5ef2b9c18dc9cd194339d3c48520
torus.out0.04765.h5	159eb94bb15546f90c3d44fe8f766326
torus.out0.04766.h5	b1d83c314211d2022b6f99bf7bcdaeb1
torus.out0.04767.h5	700b7c89f11b1b736eb94d6f2a6e6012
torus.out0.04768.h5	95c568eba2fe946eddbd1957978dc732
torus.out0.04769.h5	02bf37f6ac2ef6159ca43ce7d05cbdce
torus.out0.04770.h5	114c180d785d6e9fd1849bb2009fe7ae
torus.out0.04771.h5	7048438307bb30acad4b0701165d643b
torus.out0.04772.h5	716c46f4f5ef2979bd98cf921afc9e7a
torus.out0.04773.h5	b757ade3c059a73ab5b576b24d05a5bf
torus.out0.04774.h5	71a0312ed46caa1bd5da6e801ce2cf7b
torus.out0.04775.h5	49b4c05f71cfc3325add23edfcd38840
torus.out0.04776.h5	8323cb577d62ed30b191b124b1dbbe15
torus.out0.04777.h5	d316a53f9bf9098efd0053cf4a654361
torus.out0.04778.h5	66661cdcde61459fa3269aec7298d16a
torus.out0.04779.h5	5f9de8042afc3ef3797f6f9a792eb9d0
torus.out0.04780.h5	95d6a0e289cb39684a895698ed602fe4
torus.out0.04781.h5	75ab74ee854b9816c432a30c05afb780
torus.out0.04782.h5	37c9ebacd840f7879c85fd7418098fff
torus.out0.04783.h5	b8e1d77dddb3cbc20a21a11e223ceb32
torus.out0.04784.h5	6fe8e447383962024f515322493ad79e
torus.out0.04785.h5	08767ce72e09dcadfcd32108fd5c3ff2
torus.out0.04786.h5	a1fa5ce748ddfa8a039d2cdaf148ecc1
torus.out0.04787.h5	2c3d951aa05acc7e0bed691d52a53aaa
torus.out0.04788.h5	b3c17ddb42b9e5ed443acc0184def5a3
torus.out0.04789.h5	14b6db19ea97f7a35f0aac1da36bbac2
torus.out0.04790.h5	39e00756804aec640ab0836a023f27f0
torus.out0.04791.h5	73c03a657c47e49590b0e990d615b50d
torus.out0.04792.h5	f0dd154041b7a922870f841d5dbfd76f
torus.out0.04793.h5	2ca3eed8131f6590509fff3fdcd54325
torus.out0.04794.h5	940f416d148605e2de14afc77275bd01
torus.out0.04795.h5	fc7c3dbeac41f86cc662c9dd1d5c2fd3
torus.out0.04796.h5	1bdeba99074c86b525d91b927473c97e
torus.out0.04797.h5	c9f9ed5729b96de220fc82d05b0ccb0e
torus.out0.04798.h5	2970162eb755968c013c4a5277189068
torus.out0.04799.h5	fc620d633d16456ce0a73bd260208000
torus.out0.04800.h5	e573636b6dcd551d3803397ea369cb2e
torus.out0.04801.h5	ebea2003336025f117784340f244428f
torus.out0.04802.h5	717bb10c4780d402c61a7b48d39a5e72
torus.out0.04803.h5	38da17a52b3595f012fa9ce2b3e8c6c1
torus.out0.04804.h5	34a1d30b51b15753d2b14cfb2feddf20
torus.out0.04805.h5	e9b67b86b6d5d13a86e3e5ac94b27f9e
torus.out0.04806.h5	b8a37fdf75189d336a03110a43586de4
torus.out0.04807.h5	d6d9af76304eb6f6df15e62bbccba07a
torus.out0.04808.h5	994e9a18a57a9d88800f6d19a7d9feaa
torus.out0.04809.h5	90c00b4cc24b5d7c9d4decb834a72fb5
torus.out0.04810.h5	c00b678d8d81835c8c8a5000979113f6
torus.out0.04811.h5	91b591fa5c63bea4a95a778ffd035a08
torus.out0.04812.h5	0f4e99db0011c221cf070d9da9be0c9b
torus.out0.04813.h5	f9cf46dd7dc4ee9dc6126cb70ece75fe
torus.out0.04814.h5	9c13fcd79e4ff94a7954f2a2606419c3
torus.out0.04815.h5	496bd32ff639c6149b46d134368a8d9c
torus.out0.04816.h5	c75650c6d4d0373057dfb2d27f734bf7
torus.out0.04817.h5	494b0d75c57d5817e2dd1ee479c8c9bc
torus.out0.04818.h5	de9418d73c341c17e9a02889d7b5a92f
torus.out0.04819.h5	c792f6b379b1a1389f52f079cbf61712
torus.out0.04820.h5	1a99754bc1c54b6d5b88c0bd1353082a
torus.out0.04821.h5	7c99c60b8c799fe5e1a9e19e9bb21613
torus.out0.04822.h5	8022e654f4249ea41b641fed9fe06a8e
torus.out0.04823.h5	65307bf41e8cab4faf700b7e547d782a
torus.out0.04824.h5	bcb5dce0abb07989ee910a5158af1898
torus.out0.04825.h5	3b2883ae204961514053f7afcc95c5c2
torus.out0.04826.h5	f7af9a75c9c8c392ee3acf8868dd9d57
torus.out0.04827.h5	056c68317f8514bac8349f40e4617697
torus.out0.04828.h5	7696c56ca8b1bc36533cffd989019411
torus.out0.04829.h5	5c3af3941162c9229b65b53f506c9a10
torus.out0.04830.h5	866919f42aa0c932afd0ef5f3201a09f
torus.out0.04831.h5	83da73e5415824bb63d47ea58c382529
torus.out0.04832.h5	6746d88bc6058da42de140b4be7488f5
torus.out0.04833.h5	e988a8e85d7f1c33993851c993b1b7e2
torus.out0.04834.h5	8c090a203512f5589eca75fdd316249b
torus.out0.04835.h5	c108521243f6fd833b7570be793fb8e6
torus.out0.04836.h5	11ea149229c1f92c2ffc5293e62968e9
torus.out0.04837.h5	7d32fec68141b3c117fa006ff869a4f3
torus.out0.04838.h5	5941c4c8cf188b97de3579da613bc6dd
torus.out0.04839.h5	1250fc4279d7bb5f587c33a44d265354
torus.out0.04840.h5	d4c47fc6fa9fbf08169e8a6d590e01a3
torus.out0.04841.h5	779febbbdc9e27b29591bbbc49c3996f
torus.out0.04842.h5	2a08415fcd7752a011ba4a89d03b1292
torus.out0.04843.h5	fbd9d7bcd6b28b7565f900789e566213
torus.out0.04844.h5	31028814954ed6384bf4f4ccc9527df6
torus.out0.04845.h5	55596ccd45dd1ea70f2ba32f0668021f
torus.out0.04846.h5	02dbf1303ab38cbe9b77bbed7783ecd9
torus.out0.04847.h5	19d339f064efc4617b844ed6c99248c3
torus.out0.04848.h5	8b6216153287c4f9cb0370faa4a75153
torus.out0.04849.h5	e1206fc6ec80decb19769d9184a320fb
torus.out0.04850.h5	9c913a2f0b54595db9ed871eda9f35a8
torus.out0.04851.h5	72d57fdf89a36174d5fff7c50c76dddc
torus.out0.04852.h5	b28788634f90b7d1be9589021386aa15
torus.out0.04853.h5	144344912f3cbd1007ca264a2b99b299
torus.out0.04854.h5	710cf47c5b2e4ba07a37639dd890faa2
torus.out0.04855.h5	58111a3867b8c7ee6d5d655c4497c371
torus.out0.04856.h5	8b979353048fc1617917187bae8e0173
torus.out0.04857.h5	20a1cc6cb9b5c4b0b25b5e9c02c214f2
torus.out0.04858.h5	d248dedc5a68a068a882b0308e0f10ba
torus.out0.04859.h5	73c9683de1c1cf1e3826b3cf52d7dcea
torus.out0.04860.h5	94a38436e64840326b05806824536b36
torus.out0.04861.h5	279f742e50d8f005ace6dd4eaff15c0a
torus.out0.04862.h5	8fa6c4247a1e373b4f84cc388a85bcd1
torus.out0.04863.h5	0d306c531b50c81c36f0408edda82818
torus.out0.04864.h5	2c996e36c650f2f7283d690a0f3a6d78
torus.out0.04865.h5	0f0ebb4582124e6cf4238adc1fcc620c
torus.out0.04866.h5	6269b9a1d095032d152943e6ff5f604a
torus.out0.04867.h5	6cf3db13b8d49cb9fbec8bd7b077657f
torus.out0.04868.h5	4c3d4f2339da7e1e4ddabdd702599213
torus.out0.04869.h5	1671488ce8d1735fbfc73fc17dc67409
torus.out0.04870.h5	fd9c37b1c0c25f589f3d5b5a952866c7
torus.out0.04871.h5	aed4359809c04d1aa1c59d0e8a5fd888
torus.out0.04872.h5	fb85c71abe8c3f068fe357bb15247b6c
torus.out0.04873.h5	480b2d219a324a9a6c075050d19d842d
torus.out0.04874.h5	e061e94b6a9bcbdc7bb31fecbdd2f685
torus.out0.04875.h5	9a2d4f0e74741b71d4f3d428f758d77a
torus.out0.04876.h5	eb9da2b20f02079da2a1205917639a34
torus.out0.04877.h5	d69d60dfa399ba93aa718b3dfb4053da
torus.out0.04878.h5	15ac77ccb5b666b3732c123d25737eb0
torus.out0.04879.h5	99f2ec3e3422d26669e3829fa186babd
torus.out0.04880.h5	3daba261c6415c31d91659ee224821a0
torus.out0.04881.h5	72a95b399d89237301a24b8841175e30
torus.out0.04882.h5	c521b3734d26afd11206ec224a89e1f0
torus.out0.04883.h5	028e7096ee97d65dd95efd9e737eb269
torus.out0.04884.h5	a4f3b4cf1f752505d5eda2188187f0c7
torus.out0.04885.h5	66651cdc4cc7a466ed597f4142c6f138
torus.out0.04886.h5	46515665d5b3b637c6030431b148021a
torus.out0.04887.h5	0dca86e8cc2dd77f532cfde61f21dce3
torus.out0.04888.h5	77d5b1b1e6c45fe1a1ad8c0cc27d0f62
torus.out0.04889.h5	47b30158e2a9540dbee598661e4eaf64
torus.out0.04890.h5	8cb9704c86e590ddf607acaed8ad40b2
torus.out0.04891.h5	0de58cdb203626882066ce33a265097d
torus.out0.04892.h5	18706b4a19ba5796808f665aaa1a34a8
torus.out0.04893.h5	02da72addcadb84c5c99ba883b8bfa74
torus.out0.04894.h5	e6727d16e2e7b327f0b944dd1b599f2e
torus.out0.04895.h5	0381ac18d87cb752a2e793df2646097e
torus.out0.04896.h5	f7d27d070facc4e704c52e4c6b556955
torus.out0.04897.h5	dc856369a88f53d8082a06f0ca5da561
torus.out0.04898.h5	de96ca284f351b943a74cdb490d5303c
torus.out0.04899.h5	6db7e3ba939f34fa58f27af9eb9d13ca
torus.out0.04900.h5	e53b40375beeffd355ea589414df1640
torus.out0.04901.h5	b9be7aa169fdc91d1b428f6d8c710486
torus.out0.04902.h5	a4179b9d4cf4f4f4f3900d72aed0aacd
torus.out0.04903.h5	da4332e5bf05a2ab708d94c01f61032d
torus.out0.04904.h5	9cbfac9ad25bebf1d4f14dd45a991500
torus.out0.04905.h5	34f696c3450d14a223b649529dad8eaa
torus.out0.04906.h5	9a7e23fc9cb31e61e3ad0a43f9dcd44c
torus.out0.04907.h5	273621031108de347b07e793d97e8f8a
torus.out0.04908.h5	af3810a39e1431990e3ef8309c12e744
torus.out0.04909.h5	6946d6548384acde7994f335adbd8b10
torus.out0.04910.h5	e72943f1fd78a0f77623021e4208b23b
torus.out0.04911.h5	e52a199e7b76375d4febe452c0b6f290
torus.out0.04912.h5	ff0f21286c92e76d04f8de7fe58a5b7e
torus.out0.04913.h5	8f474a1299daa97fe6c769d7bc09c3bc
torus.out0.04914.h5	838b8645e6ff00f4450b0519616b8c4d
torus.out0.04915.h5	2a9d10e290a199ca9551f291164c1d1f
torus.out0.04916.h5	ac082b5dca7d1f325afa56b2b14b8b48
torus.out0.04917.h5	a6b00a2363744275c13cb9a7d509c86c
torus.out0.04918.h5	e756703c3a000606190ae0caa734e4b5
torus.out0.04919.h5	cd8995bd78538820958c52055ed90daa
torus.out0.04920.h5	0001dd5d8f2fc9756ef8a0b62ab5df0b
torus.out0.04921.h5	7ea0f4537d94bf726768469d1b2d1219
torus.out0.04922.h5	36633dca810f305df592241c193a06e5
torus.out0.04923.h5	0e47c09d81f0e883308e0ed4f5934453
torus.out0.04924.h5	f32097ba60ea77696a4f308db879129d
torus.out0.04925.h5	69fe21cb2170c92f22471e0c77f3eb38
torus.out0.04926.h5	e47002a71ff8a4a52ed59dbdfe6f6971
torus.out0.04927.h5	d3b21e0ba865c032951377ef4dd0fbe5
torus.out0.04928.h5	dd9f51ff31bab6771f159d186e7aa85c
torus.out0.04929.h5	f142b07364d4bdbbbc6bd8058e14f7b6
torus.out0.04930.h5	fa323012e3e12bd4987d20793a8f4e02
torus.out0.04931.h5	272f248af155efe343b8a6de24c297b1
torus.out0.04932.h5	fcd7a133dfb26c7dc7b5946761aab69d
torus.out0.04933.h5	e5c809d3efc30a0042b26aaa21f795f6
torus.out0.04934.h5	617cdde6aa1254e4631fdcc57fd4178c
torus.out0.04935.h5	f867415c297d643adacd8ad77463c7f2
torus.out0.04936.h5	80476ad51aad1a9f70028e319367b3fa
torus.out0.04937.h5	7f6cf33d4a46500e49c73799fb7ca859
torus.out0.04938.h5	05da3d7699a6ebb2952fe05af5d5266e
torus.out0.04939.h5	f62f8f5a8ebfc9dfff6c71c5cfb29c8e
torus.out0.04940.h5	57854a25b90e1adcfbc070d311e416a3
torus.out0.04941.h5	8d61d0deeb48061a1e9d724a15cd1cc8
torus.out0.04942.h5	1ba5aa5c44c15d2c9e6e793a2e77a70a
torus.out0.04943.h5	367973401021613e837b16dfac347bdd
torus.out0.04944.h5	6d10727c108f371ce4e6523c519cf78d
torus.out0.04945.h5	3620d79d92069ce8cf3257620a050032
torus.out0.04946.h5	1cb7e65f4b6ce94751d22d94221b3f84
torus.out0.04947.h5	58c7a82b5d30e35d691bf0c6a28187d6
torus.out0.04948.h5	0d683f0ab6d71e83e4d738cd57e0580e
torus.out0.04949.h5	4c0f129414e93feed8831a69328e2a6a
torus.out0.04950.h5	c3659beb8b663019af599be5835676bb
torus.out0.04951.h5	4f454a12cc99b7da722a54c0b4fa43d4
torus.out0.04952.h5	a9a3bb46e3a1209d8b5f7135f62b3636
torus.out0.04953.h5	8ba29c45076fe84d0550bb271259f3d0
torus.out0.04954.h5	f01abc5fb03f510bce2c1ca5ab25969d
torus.out0.04955.h5	8ec0ca2e65a3db556f2abd330f7a85ea
torus.out0.04956.h5	5426a68c4f388913e745b94898bee4f2
torus.out0.04957.h5	756df1fffd2c3af8401dc5af52d26559
torus.out0.04958.h5	c31bd4e6607fdf4061276b4f7d3d2f7f
torus.out0.04959.h5	8e8bba32658f35335ad128da86eb339b
torus.out0.04960.h5	e8b2842e5e213de439726c435eb0be20
torus.out0.04961.h5	b0a692d51f07ff6fca88790b03fe7a9b
torus.out0.04962.h5	c9d87c951735da8f50e0dc3dd819d02b
torus.out0.04963.h5	8776011fab7c51d1bf349a4c1d293823
torus.out0.04964.h5	8d46adca465a136a4790814c4e771276
torus.out0.04965.h5	f8f811db74d867563480021b033536c8
torus.out0.04966.h5	27388723a8944fea4930aa08d6c40fcf
torus.out0.04967.h5	ccea95e45a42796429a36ce8fd8701b8
torus.out0.04968.h5	00df3e93ad13466656f926dd4eb16d44
torus.out0.04969.h5	d7faa2d6f27de61eb62e22fd20e84017
torus.out0.04970.h5	b2f96fabcf9300f7fb2fd40b26b374d0
torus.out0.04971.h5	6b9d2a5f5f8712472b565eb357232d2c
torus.out0.04972.h5	d354cb24ff274e0718299f591c0feab5
torus.out0.04973.h5	c0fa584d0379a1ed204156697869241c
torus.out0.04974.h5	886a78b156815760645f653c6fffbae5
torus.out0.04975.h5	47aec429d711002fd1cd31e4a6aaecde
torus.out0.04976.h5	914a059e83071f881a624ccfdd469b22
torus.out0.04977.h5	6eedaeec5217db81e4b173f3148dd681
torus.out0.04978.h5	85e5d4bf5d37343f5c59714ed18b51d1
torus.out0.04979.h5	0801033ce55d50a3ae4ea81942b19a80
torus.out0.04980.h5	09f377c364c6a5d755d2d878426c0294
torus.out0.04981.h5	cbb26a45f99b9014d4f6e52ae558a993
torus.out0.04982.h5	eed9e55a7e60e2092320deeb0cc5dd2f
torus.out0.04983.h5	96d02a29cb0f6b27b45548dd71e9b662
torus.out0.04984.h5	977359305e2dd115e783ef98910b52f0
torus.out0.04985.h5	d84d4cc3760a75bfdf2369904e11b982
torus.out0.04986.h5	f9d3c48d8136950e61aebfe55ab5dd7d
torus.out0.04987.h5	b58d843ea013b47618e2fb5e89d4096d
torus.out0.04988.h5	6df6f8ea63bd625a2426ffef1a676ece
torus.out0.04989.h5	1259b17f103974596e02ac095bcbfc51
torus.out0.04990.h5	751c11ae3a0b9611bc552237e84c1525
torus.out0.04991.h5	0240f3df7ac4fbf963bc92886c823d3c
torus.out0.04992.h5	2adfaa9ab37dcc17d73e9ed45b810ab2
torus.out0.04993.h5	26981fb14e5ae9da30a5cd5eb67d93ec
torus.out0.04994.h5	17a2694ba04933492b67e782d8e838e5
torus.out0.04995.h5	b6493e218bf1bb44900f937e6d2b6d45
torus.out0.04996.h5	981f0f6bf7a75174c17c2bd02fb1059d
torus.out0.04997.h5	139a3a9636cc3184e911fa67198496d5
torus.out0.04998.h5	7941d8337d452bb67f09a1ff017075a7
torus.out0.04999.h5	f412284f4a139654c1ce0eb31552e6f6
