torus.out0.02000.h5	8f56d3f4ffbc77eca2ff5cfe31e44368
torus.out0.02001.h5	c42f6969661f4b09bb0b00769df1297c
torus.out0.02002.h5	3cbcabb15e249058b266e372de102fd2
torus.out0.02003.h5	cb2ce2905867b4eb77b331ee57cea295
torus.out0.02004.h5	0b34b457ed7aa19e5650c59341daa8d3
torus.out0.02005.h5	e6b119a2b51bfbb03f6ea0c6e5bdb62c
torus.out0.02006.h5	233a05ef2bfe7c557c4be30fa2f7fbb3
torus.out0.02007.h5	60f9aa80171a98c20233610bc32a5d35
torus.out0.02008.h5	772a9fd0444c0c07067345125337ecad
torus.out0.02009.h5	e90ae231fe5f3a96b226b66d5d6965a7
torus.out0.02010.h5	dda35be99ffb5fc893012f03edb1857c
torus.out0.02011.h5	38be8b448c7b4f3c0edcbaa9cf8effe1
torus.out0.02012.h5	cbbdf8e134ea2e79361efca01a671f10
torus.out0.02013.h5	64407a826cb3a4037cfdd46847554fec
torus.out0.02014.h5	78b41f06a985ed88d1eecd46f6ba174a
torus.out0.02015.h5	7b9858ddd9ff95c445c94188b92e26ec
torus.out0.02016.h5	a01237ce7bcfbb6252d6e7263985737c
torus.out0.02017.h5	2e1e7e3dcc352891317371f799c2fcc9
torus.out0.02018.h5	2b06b63a176b65e7a7a02f67ac17c806
torus.out0.02019.h5	39cd2e4ac044d2a0cd8587c2656cffb1
torus.out0.02020.h5	94975a9d1ba48dcf0d672a802b6c3592
torus.out0.02021.h5	6ea543ef8e66a78cec2ff56063898222
torus.out0.02022.h5	4fcec43f126df61a4f8dc8d6cec62043
torus.out0.02023.h5	7313777009eabc13d61bf8299df10531
torus.out0.02024.h5	38e92dd9e2e199ae15f7ef75979c385f
torus.out0.02025.h5	d3150fb7dff846fd50cef917d8a4758b
torus.out0.02026.h5	ee0bc9ab938e230d4f9087dc1ee381a6
torus.out0.02027.h5	7cf529fc5a544d475a925b93cdccee1b
torus.out0.02028.h5	d3d19453e15895e0c62cf804cf59a2a9
torus.out0.02029.h5	0af5460b4fdb16662c5d520bc83b0409
torus.out0.02030.h5	9a055e8c3cd0d7b43d7ebaf39937ce92
torus.out0.02031.h5	c0a02ae913d1ccb146baf3b4c3315fa4
torus.out0.02032.h5	8b1300ab2643dc5cc79fe86eead2f0e4
torus.out0.02033.h5	38d47c22cd9a8cd152b6aae003143abc
torus.out0.02034.h5	e0b7075c3ba51a871c19f6469bc762ba
torus.out0.02035.h5	2672d22c9819e7852e74dccb78cc2018
torus.out0.02036.h5	cc7dc67be6da5dfdefc0f529d1dd46a1
torus.out0.02037.h5	3a9f2ae359f222491539b43d2f0e3191
torus.out0.02038.h5	b8b2cb458859cde98f5624e4fedd02f6
torus.out0.02039.h5	bc0f176a3f29bbb2bfbf9c623c415e1d
torus.out0.02040.h5	46f9504137fe6e53f9a8da3812c24dc1
torus.out0.02041.h5	40c4f5ad960758deab8feb3726ac5e12
torus.out0.02042.h5	975682257e50fb7ed9813d1e78b1f0d5
torus.out0.02043.h5	528e5c597841f388b293fda9c15bbc07
torus.out0.02044.h5	c7bc6ee6328494b46a3e114fc1eba423
torus.out0.02045.h5	ce54467c270e8fa3239f2af0d610f3a1
torus.out0.02046.h5	e625f614e3d1a9639cc7849f655db9ad
torus.out0.02047.h5	bca45bcf75f8c5504de9cb7b48372d1d
torus.out0.02048.h5	d0154c8907dec79b43b49ace01d724ad
torus.out0.02049.h5	41ac5689290ca79141fa265e20c86eef
torus.out0.02050.h5	7f281a276344e1fd34aface3b34f1b33
torus.out0.02051.h5	e88141047f8606a027253ada26688f7f
torus.out0.02052.h5	745ab20d9e9eb6a80dcefc910a51be45
torus.out0.02053.h5	24bcb445c0c2d5391a8f5d5ec396505f
torus.out0.02054.h5	7664b999c9ecf70c66df04a4f4d35222
torus.out0.02055.h5	30300d944de84f475f52c4232ddb5b8a
torus.out0.02056.h5	7f357b3e8484f1b8b7b7cffd5bcb0612
torus.out0.02057.h5	545ddf92c1a6224a043287e0919fa9ab
torus.out0.02058.h5	557bd81b740b4c81c1dc5b5c0b57127b
torus.out0.02059.h5	6e16c1338e218e6cd306105240c61615
torus.out0.02060.h5	a5a64a100e2bd07d63c0328412991815
torus.out0.02061.h5	03760ca06a4db1c35866d127dea237e2
torus.out0.02062.h5	28f4c008d0b04fbccf94772005e320e2
torus.out0.02063.h5	a4c0cd29cb7c7037413de682986ca115
torus.out0.02064.h5	eb06a3c240f54e00359744b8dddc7032
torus.out0.02065.h5	890ae3076552fc0fd3b8701ae84a5c99
torus.out0.02066.h5	793cde124e019625027300445caae121
torus.out0.02067.h5	bd8e5c1cc3efeea8df29b4363ef6604d
torus.out0.02068.h5	d14a2e60986b2cf0686a0513b3cefb54
torus.out0.02069.h5	b47b5e4b55c9ee5195fd57805d8c9b74
torus.out0.02070.h5	a07593b855f651edf9f1de378725df74
torus.out0.02071.h5	868f51e17c44725337a4259bf1675c10
torus.out0.02072.h5	f887b9f4acad2a881b578224ec363132
torus.out0.02073.h5	3d5f4ed4cf0c29c2a44cd837b2ea77d9
torus.out0.02074.h5	71482644fb1cef71668540c8f3d487ed
torus.out0.02075.h5	af9346292fdae30f5cf712f538930a2c
torus.out0.02076.h5	73e17907fd103e8afd19557bf059f1c0
torus.out0.02077.h5	aeb9a093f97771d6169f07fda983b1f1
torus.out0.02078.h5	4fa161a01c73451b5d3c02e171b53c71
torus.out0.02079.h5	a1cf1eb3a4d82f8d396beae1d3af244d
torus.out0.02080.h5	ed2d5b7857ff9e805dfdb8c45d1e839c
torus.out0.02081.h5	1b45fa68010de7888d08c06b8ccdecd3
torus.out0.02082.h5	97d52debb32a600af41ecb0971de4e7e
torus.out0.02083.h5	2b909c75301addaffb1504422893e9d3
torus.out0.02084.h5	ec5d87d8f35f647801c178dc880168e5
torus.out0.02085.h5	26cbb5c4c4d5b58ff92612693981cb32
torus.out0.02086.h5	e474e6d65e7f1410122f056eb7f7665b
torus.out0.02087.h5	9c567d05fc730dff64fbc0209fa4fd84
torus.out0.02088.h5	f21d74e289c2811a91fe438020209470
torus.out0.02089.h5	786502009c6cfd8ee1023880bdaa2128
torus.out0.02090.h5	6c2cbf996727fc5e6663eac1dadb0faf
torus.out0.02091.h5	49908732fbfa9dbe4a558a58c09e1dc9
torus.out0.02092.h5	422652432f7204c1bab386db0ea24f75
torus.out0.02093.h5	4bc2f89a29f6533ca3d9781c63a106fb
torus.out0.02094.h5	50e50132858bb28a1e7b098ea5db725c
torus.out0.02095.h5	37e86e4d31c7e007051ba4c74ecd717b
torus.out0.02096.h5	44864aee13b7e3f94c8a7456f7d198f9
torus.out0.02097.h5	94b396b0142e51bb84332ca8049ca936
torus.out0.02098.h5	46ec47b273706cf19829bde407e01504
torus.out0.02099.h5	f42ab121830d60239c18df2f9f697056
torus.out0.02100.h5	86af2216db899ab6981762a39833e037
torus.out0.02101.h5	178178a783b2d9fc34a750ed5511d3d2
torus.out0.02102.h5	35aa1bcfc6b5475f57544e9ea98d0a64
torus.out0.02103.h5	b2dcc57b991094b5bc600186b59a09c1
torus.out0.02104.h5	8c03ef247ac972d3f956fe84c4e82cc8
torus.out0.02105.h5	8515da44eef97e17d38d4fe3b7ed57db
torus.out0.02106.h5	72beb2bc2bda6503d26c2ab649ac5c5c
torus.out0.02107.h5	91650c773c8dd7cf3ddb27451b673cb1
torus.out0.02108.h5	9dd959b105d062e603ac9c4cd0114fad
torus.out0.02109.h5	3fb3387046eb1efa31585fc65b76c212
torus.out0.02110.h5	9b27c9e89a9b7c0632011d979a0ebe6d
torus.out0.02111.h5	71f513a1ce186749cd1861bdde49a858
torus.out0.02112.h5	22c4cca959fe91a91da857372dab963b
torus.out0.02113.h5	0f05119aeca8a7555baf0197e516a8ee
torus.out0.02114.h5	1ebfc5718bcd44b73dc108973b715d46
torus.out0.02115.h5	872e39db1ee1c8472be8a47d34a92c23
torus.out0.02116.h5	623e70da58f76bb509ec4f7540d10259
torus.out0.02117.h5	3a2fb95136064eff26b1085d9d9977e9
torus.out0.02118.h5	8115690d1b40edaab6cbd64f39203eb0
torus.out0.02119.h5	03c328d8814795fe1729de638673ca6c
torus.out0.02120.h5	1361fb397191e2e6771a5d4cc13795ff
torus.out0.02121.h5	180e0c4c203c49dea3955609fec0a568
torus.out0.02122.h5	8634b9da7e9fb5748b48badcd70995dc
torus.out0.02123.h5	06cf6bc5788e2a95058d154d226cde46
torus.out0.02124.h5	a019a9eac93d4615a684df33cc071f85
torus.out0.02125.h5	a81f497bfe7e5be42f07dcd133fc20aa
torus.out0.02126.h5	7d0765347c2187015fc23387ca68ad58
torus.out0.02127.h5	ea4ed0dd1da3ed99230b85dde83221cc
torus.out0.02128.h5	1ea734aa654a471bf91ff767e27e495c
torus.out0.02129.h5	0e18ed9f9e4b307709aead62dc65017d
torus.out0.02130.h5	80e9f9925fcc898b0f794727aa4b466a
torus.out0.02131.h5	071fff88911118a1dee27ef096379ff6
torus.out0.02132.h5	fb442f4356a21a744c25ec547c91d9f6
torus.out0.02133.h5	279961529ec32107846c4ecc825b6c84
torus.out0.02134.h5	7f93bbd82aa8e307c9c9ace4a13a8f8d
torus.out0.02135.h5	b2c0bb86687c4b5eee41344576c2fecf
torus.out0.02136.h5	4c4ff2443455c7b03af9c21e7e84dd57
torus.out0.02137.h5	1925bb222a9f5d0bc7a5754056de2ecd
torus.out0.02138.h5	54e4d8eacdbfb793ce67015f09bb2e4b
torus.out0.02139.h5	0245062f145d971bd57b488b52b28c18
torus.out0.02140.h5	19750d4fa8cacc18af8ac2ea2331475f
torus.out0.02141.h5	bb1c4b778d9b2ab544467fa5f0bdea22
torus.out0.02142.h5	e144cdeaaa072f02d81d1901b64b6f12
torus.out0.02143.h5	d943581c84cfbf14663aff0998685ba9
torus.out0.02144.h5	276489383c0b3f9704166ae4f0ed2081
torus.out0.02145.h5	7358a6f071419eac13c54d6204ac9b7d
torus.out0.02146.h5	acbf34d25aa27f53517072fd64189244
torus.out0.02147.h5	e0c022feaae256c3767c078556fae91d
torus.out0.02148.h5	501d2a1abe666fd7f2c714c361fe3e61
torus.out0.02149.h5	4c25d668cfd712743a51388d182082f2
torus.out0.02150.h5	9e7dc6671d71fdd80aa77ae57bb13072
torus.out0.02151.h5	50c49510a42f31a0bb8b3da4df37db6c
torus.out0.02152.h5	cc66ce2f0461ef59bf1faf71230d8a46
torus.out0.02153.h5	db1f38fbb5e8309961d08edb1b275c13
torus.out0.02154.h5	d766e24671bd92f19782d208a4cbda6e
torus.out0.02155.h5	d2bf3a7a50dd9d1e43aec61cfc07db3a
torus.out0.02156.h5	857cd48d02d03057dd2c160d9f4fef09
torus.out0.02157.h5	c18612f5e1863c6b65a6f49d74c61931
torus.out0.02158.h5	88cdf068474c875f3536739e5e3df340
torus.out0.02159.h5	67ed600151f1f714198e959b05645eef
torus.out0.02160.h5	524cbc22d158c1e706270308cf130e70
torus.out0.02161.h5	853bc969095b7d8bc2f1e44326838e6b
torus.out0.02162.h5	7ba38c4aa441a4e0183247af40da762d
torus.out0.02163.h5	edbed8790e3f30c7ad31e285f388be6d
torus.out0.02164.h5	6cc7e80301dd9f4c9b721681047f7aa9
torus.out0.02165.h5	f63b41467e77c679d395eeae0e68d63e
torus.out0.02166.h5	d39924997e2f2db39d49a695a74ec8bc
torus.out0.02167.h5	b78491fde9b40a08300f52160863d4a7
torus.out0.02168.h5	10ac78d532ca110f95b99618784d96b2
torus.out0.02169.h5	3a707db54ed94651dcdb55c96340d462
torus.out0.02170.h5	b27b0ca5e34b7375bfd525a8c4afd173
torus.out0.02171.h5	adb7cf568b0ed0153ed9be9b5b111639
torus.out0.02172.h5	86997180546e99f2fae6b325d7dd33a2
torus.out0.02173.h5	c7296a8771f4219ba1308c402393b5fd
torus.out0.02174.h5	cf69f83dca8cc49724db205203d637e7
torus.out0.02175.h5	ca3005f985a9c19045a88f99d3d020a2
torus.out0.02176.h5	588bdf3180e7c2b8e1e07442e9c2c203
torus.out0.02177.h5	b89a779d0f3b07ae716b55c191b6ad17
torus.out0.02178.h5	79a54d70920236733c16dec4b671b6b2
torus.out0.02179.h5	41d39705903eb82af2d60a0bd9ba97d6
torus.out0.02180.h5	7ce97dfd41aa2921e0abf20b409695f4
torus.out0.02181.h5	d591ee51a5f9fad3a693f1909b4d0600
torus.out0.02182.h5	4c55ddd0cbd696b07839faa75cc1851c
torus.out0.02183.h5	4c6dcef98b1af8af413c120b540e7043
torus.out0.02184.h5	789e0bd233cdf4148a9807317a46b8e9
torus.out0.02185.h5	ac9656c4d8379e6a5e30037e3eb507a4
torus.out0.02186.h5	81faf6930cf5721fe61de4cfbcedf1d0
torus.out0.02187.h5	f38cb3f1965ba5be473fe72be5266ffc
torus.out0.02188.h5	01101b8b729acf1c0c72631829c49e50
torus.out0.02189.h5	805165a0f5400b4257645f5ca54c289d
torus.out0.02190.h5	76bd051fee4d39e2244ae2a544c1ea7b
torus.out0.02191.h5	fc4761e46a975ce931ef176ff6bc6750
torus.out0.02192.h5	39cbb19d85133f7eb4a4862421f7479e
torus.out0.02193.h5	5112d28af82765f460d305fac2be5f35
torus.out0.02194.h5	d113576170500a26f11e7933bc7196e9
torus.out0.02195.h5	10fd247a63fc6c6bd8f7b4f851c27ccb
torus.out0.02196.h5	2746a5c8fb3fe045a262d7c11e1e3289
torus.out0.02197.h5	46aadaacd8dea58940e166858a13b936
torus.out0.02198.h5	efc19fc2303494b1350196e0f53e0d0d
torus.out0.02199.h5	6b077738e17be5114c1bf4f824b595b7
torus.out0.02200.h5	96b21972e30709753c5fecc56ecc9cc5
torus.out0.02201.h5	6d1a52565a5a8caae47918da6e345859
torus.out0.02202.h5	ee6b462ff2cf0f372bdfddcde7a60f28
torus.out0.02203.h5	a42e1477776081625c0d7333f8710e4d
torus.out0.02204.h5	d01065560776da0e42cf227f29e25938
torus.out0.02205.h5	d7ccab9e8de610efa402ee4d9f519c3f
torus.out0.02206.h5	5f620668c29ec873657970ff912745d9
torus.out0.02207.h5	eae76c38f937e25f055204c80bb9708c
torus.out0.02208.h5	8fb7fa2fee3524448b072a110847aba2
torus.out0.02209.h5	2ae0b0d186eb29a55dd960eea8895958
torus.out0.02210.h5	486b7163634c9bb64d432824f63468e6
torus.out0.02211.h5	d171f162702113439118056c333c740d
torus.out0.02212.h5	24c6c3d0c1da593d0a7b08c205712b92
torus.out0.02213.h5	6cc8187dd1de4b2dd29029db5fbe998d
torus.out0.02214.h5	dbf0dbcaf544f0e783aa4a6512538277
torus.out0.02215.h5	5e21d695b910be68c51cb635b393b22f
torus.out0.02216.h5	2e30c2b4a62b7291dad36443df5124f6
torus.out0.02217.h5	2f219e4ae0c659c2611bde0b82c4a9c1
torus.out0.02218.h5	6a4cbdaff6108815aa2f711f8547daf4
torus.out0.02219.h5	176d45874cae797d69eb8638c93cd52d
torus.out0.02220.h5	416956a508af76f62a3fb4b76851602d
torus.out0.02221.h5	83f30ef4482eca85b4799f93c690a5b1
torus.out0.02222.h5	be9ff8b019ee958d2c029644e1a27c2d
torus.out0.02223.h5	f0a3b0075d6b01fe7d4a9218a48ee84c
torus.out0.02224.h5	b3be3ed80fe5da078d587d97d2e998c2
torus.out0.02225.h5	1b439f8160eb93de32d2de49040ab179
torus.out0.02226.h5	1e06fb4dfc45d64d80b5c9bb29c6553e
torus.out0.02227.h5	0e4d607a7d935557c9bb7a6181a3b740
torus.out0.02228.h5	53a7007495882158b89d9e0b25f8a4d8
torus.out0.02229.h5	958cc04344aa61d0444a600180a74e53
torus.out0.02230.h5	86e7fe776d3fef53a94845b074ab77bc
torus.out0.02231.h5	4c0c77b0f4d265b0646089388e0cd602
torus.out0.02232.h5	42dc8753ad170656e1df57e1eb5fdafc
torus.out0.02233.h5	a0d408314b6fd307d097be9328fe6eaf
torus.out0.02234.h5	5e5b02050b25d92fab1d8a395de71543
torus.out0.02235.h5	d02573939f804dffa620e30f95dc1596
torus.out0.02236.h5	8c4862208d2e0d1938b64262a5b17a52
torus.out0.02237.h5	2312607909e1670e2291171a72137659
torus.out0.02238.h5	08aea0f380df2b1de77551bb11a0f430
torus.out0.02239.h5	8ba270ae745b0a544aea08862529599f
torus.out0.02240.h5	7b9acd29ca43726e00de7567ff0a3cc4
torus.out0.02241.h5	5c7f442fb0b82722acea9e5c5615f871
torus.out0.02242.h5	61d0bac6ea9a296d06c2bef62c5295d4
torus.out0.02243.h5	57c145d64877c0b0fd284bce7dd55346
torus.out0.02244.h5	dfaaa700c1bbd6d4ab686b7acaa6f79a
torus.out0.02245.h5	55add696f146f86fab85d93b0ff4992a
torus.out0.02246.h5	6dd4162ac2026e40c7e683a9f9979033
torus.out0.02247.h5	61d43277f1639d29cddb9803c67105d8
torus.out0.02248.h5	6f99d9bc2d245195b3e2a92cb5560e92
torus.out0.02249.h5	cf199da11977d6cefbc7bbe2f2ba8a55
torus.out0.02250.h5	43058acda50d40f8ebc1f14413ebca4f
torus.out0.02251.h5	a128d6d8dc14103e4ade5366485a2b49
torus.out0.02252.h5	e04c673207b10c9348ee66949f9bb60f
torus.out0.02253.h5	b24d7b3a40defda189e87d7810b0430b
torus.out0.02254.h5	8db8ba7ea4cb8fabd09d222eae335738
torus.out0.02255.h5	7cee41dd8fbe774dbd672ad070ece87e
torus.out0.02256.h5	33024da542bafaea8fc92dc1cbfccd4c
torus.out0.02257.h5	018bb7b41f479818fc8e56116d6742a3
torus.out0.02258.h5	d81888df468912393e003349c7b15233
torus.out0.02259.h5	470f0ba141560128e2e7f9cf7102aa11
torus.out0.02260.h5	6cdb9fb8ef64d2db734045909ee672a9
torus.out0.02261.h5	4bf483d5f343bdadc11bb0dcff4c1cba
torus.out0.02262.h5	93838d702105b87adff43145f5bc9f3e
torus.out0.02263.h5	975ff226fb560c69cf5c22daad509a8b
torus.out0.02264.h5	501e61527441f7bc0779ecbe2143e3cc
torus.out0.02265.h5	4e755c2b4edfbba2cd47172278a983e0
torus.out0.02266.h5	dd6a1821d076ff6a7f7ee3ff35c4e17b
torus.out0.02267.h5	6ae6642ca6852cae51fcbd52598b7c7a
torus.out0.02268.h5	cec5e7f345bd4a93eec8b25d3c760422
torus.out0.02269.h5	7881d6c6adf8d138ce2bbe363dfa8749
torus.out0.02270.h5	b33de140978f8a1d1c5d167cac9ec2ac
torus.out0.02271.h5	4f99cb2edf6f49dbbd56a9ddb0f3a3b2
torus.out0.02272.h5	c8245dd2c3da4b4fec94f28b57baf8f1
torus.out0.02273.h5	5cf8eaa942fc4008cf763f3669f30aee
torus.out0.02274.h5	d775485cbd6bb2b85035a8f033299a77
torus.out0.02275.h5	c9c90cef980172293d42251f2a9e00a9
torus.out0.02276.h5	4ebc3495f3e52f6fead044d58182d0ca
torus.out0.02277.h5	31665c23f1ef60a6b2731115b7e53685
torus.out0.02278.h5	bc98a42d52d19ae35ce4021156c45624
torus.out0.02279.h5	8f8c6b661c8983c2763d65a7487e92f7
torus.out0.02280.h5	3390f92029db0dc52a67d327ed4dc01f
torus.out0.02281.h5	bcadfe6d87987d4bb7d28da6afec65af
torus.out0.02282.h5	f8bf5b0d6691eb1f847e7cb9fc280175
torus.out0.02283.h5	066b05555aaa27df2c3496b4b999e86c
torus.out0.02284.h5	1e3f7619b0e7d7b41a1db117f3ce17c9
torus.out0.02285.h5	f8ce4320f564af803d23f2604cab396a
torus.out0.02286.h5	016840fb6ea65a121258ca9cef845e4e
torus.out0.02287.h5	2fd8c3488755556605f3777161e0a380
torus.out0.02288.h5	d682219d2c3586b10bed9f0dc04bcde1
torus.out0.02289.h5	ecdc2b9e79927b96cc391c0d6dd0e8ff
torus.out0.02290.h5	bc3b3477bab8fe0d88ba6ff358318f31
torus.out0.02291.h5	e115620a7047d23afade3faa81efdef3
torus.out0.02292.h5	2a61ac95d264b3bbea32a9ea934eabee
torus.out0.02293.h5	0ec99ea463e9abbaeb0bfd34b1ddec0e
torus.out0.02294.h5	dd408ea8a2c3aac3906a055ef3d1a9b3
torus.out0.02295.h5	460cbde87b86d6a0db48f50f37a76a71
torus.out0.02296.h5	a643dba82f08b22dcfb03061349627da
torus.out0.02297.h5	af2836d79dadf1bc9a084ac41672fc70
torus.out0.02298.h5	ff5c9a9f6a5382526a4f2b9a5a0d16be
torus.out0.02299.h5	a2ce3f9f88938f0237c4c3dac7aa6813
torus.out0.02300.h5	0cee832e2de07b65852020ad9dfa8e6b
torus.out0.02301.h5	b3358d91d0f9fb6c91c02b76594077cc
torus.out0.02302.h5	a104de92d40def07b6611c2597376623
torus.out0.02303.h5	8fcc323aac854770f460be3e9d87807b
torus.out0.02304.h5	60b8c2368ca754cc513fb7e9ae58931a
torus.out0.02305.h5	02c08e627cb70736cf0118db8dfdf708
torus.out0.02306.h5	f33d7542a7119ac41f86cc04efb7ef16
torus.out0.02307.h5	8d128fac067985ea3cb8eba8f7e4d705
torus.out0.02308.h5	5084fdb39184960bfa5235fd30739806
torus.out0.02309.h5	0b9e74ab780890fdf4c93c99d523f844
torus.out0.02310.h5	59166ac2a161e9abb518da86f7e52a30
torus.out0.02311.h5	068399c83300b349ab5ab46ef77f1e47
torus.out0.02312.h5	7b401db5aef51c534e71ee26300f7035
torus.out0.02313.h5	99a00a3d184fdf0b83765ad4cf00c1b9
torus.out0.02314.h5	6746c7bdf5827d15b2a974b8df5fbd3a
torus.out0.02315.h5	978d8f88240acad8881ce71505f33868
torus.out0.02316.h5	2226591677ed3e3a29896aba035886a5
torus.out0.02317.h5	cbf5ca6816dae14a4892042d1134230b
torus.out0.02318.h5	32a8452e10e6dcdeed39b41cfa5ef8eb
torus.out0.02319.h5	6d2b75c9790480f0a6ad04e09382c90d
torus.out0.02320.h5	5e5ccaf690446cc0f61a48a1ca68a997
torus.out0.02321.h5	81749a60f0b0454763bc5866c3d8a0cc
torus.out0.02322.h5	96a4f7750e4224d22e6ad4cd57fd8016
torus.out0.02323.h5	542f0d3a86e16ff54b1199c12ade65d5
torus.out0.02324.h5	e98e6c11bf8db64ac6c7d105c300e871
torus.out0.02325.h5	e2111a1bd8d2e8a12372584ac64b8f47
torus.out0.02326.h5	daa76bf1b129cbdf3fe6d90d348c2614
torus.out0.02327.h5	e95959711fcbd99b2e3f4733877f6c21
torus.out0.02328.h5	be54d5fbc2309bd89ee224144ec686b8
torus.out0.02329.h5	420fe29140b0b84bf21af2e72fa46ce0
torus.out0.02330.h5	f37d0ccced88ed35661fc44c4dd4be28
torus.out0.02331.h5	d9e0a1ca0bcadca131dfc1c822baa3af
torus.out0.02332.h5	f10bc9cbefcbf938b9932fe46d5a133f
torus.out0.02333.h5	6af19070ce78a86f32054baf4ecdaf34
torus.out0.02334.h5	4fd5dc20a89bea45a16cf54d4637d000
torus.out0.02335.h5	d3c6009e05aa17fb5a15b5d820819dc3
torus.out0.02336.h5	ebf8e9e87c78b6be961cd2e63f5b4edb
torus.out0.02337.h5	230b274499742ec75b439abeeb426301
torus.out0.02338.h5	5f36d3404a6ef06ced825ce109cce5e5
torus.out0.02339.h5	bbb5c08dbb2999c79b42dc5f7cd7925d
torus.out0.02340.h5	5118d03be790b525a34f0082b614b6a3
torus.out0.02341.h5	dacdc0c21dbe92e1c5c52971bcdba8c4
torus.out0.02342.h5	84f073be1772ecf5c72d0495ce72ef72
torus.out0.02343.h5	93346d21225dbcf0996997b2d033a240
torus.out0.02344.h5	e7b608c5b3a24b5b726e9dc0e302ecff
torus.out0.02345.h5	bcc04c565ffa9d8d52a5b8f8672841d9
torus.out0.02346.h5	b88acd4edef43820ea71b6fe0b8c7863
torus.out0.02347.h5	d9335f1d5c588dea89e3acc7a9ee3a39
torus.out0.02348.h5	9e365749b1f0d9b6e59e2a6f116c79e7
torus.out0.02349.h5	982d28bcada693b66e9303b7c48ae213
torus.out0.02350.h5	09eaf9b5154d615310255c3dfeff81aa
torus.out0.02351.h5	100f7fe1cf63f516e38f31dae0f74173
torus.out0.02352.h5	c390980b8e32287d0dfa0907436dca32
torus.out0.02353.h5	0af9d5fa89157d359dbbaa3871d79c24
torus.out0.02354.h5	394fd616c2d13ab15acecc651fe40de2
torus.out0.02355.h5	6d5243e0cde1339b75c6e7167f9e5493
torus.out0.02356.h5	7596dd669efff5f643d4b1b81db9992e
torus.out0.02357.h5	1d86e89368acf823416af66be1a70c61
torus.out0.02358.h5	9e048e460a434c271a73720efb920f1f
torus.out0.02359.h5	f19f8f4083b11bfead83778b6ddc1dbb
torus.out0.02360.h5	a8d81f77529dbdee03a3580ff9793d63
torus.out0.02361.h5	2383531fe54e1bd254ab09118efbd292
torus.out0.02362.h5	f6b183147aa2e07058a723f9e9b763c6
torus.out0.02363.h5	062bd38da3257ba6e2d8c8a6ada64b26
torus.out0.02364.h5	ed84b2f63cc9a76ce909ea210da0a7ef
torus.out0.02365.h5	f8b94d49813de896f5cb885341ca544a
torus.out0.02366.h5	82d0df9453274c4690fee710003644ff
torus.out0.02367.h5	69a6d8f5f90ff363c22014ac4a66c4d5
torus.out0.02368.h5	137da6205d2396c85c5116c4becdc607
torus.out0.02369.h5	ce963b9b3cdc1d65a64665c1bfc0974f
torus.out0.02370.h5	1f75f6572bd14f76f449dd2fe3042a88
torus.out0.02371.h5	3a3d951e70ce7abf336e1240bd959930
torus.out0.02372.h5	62d40ffb5add283521e9d21c2813348d
torus.out0.02373.h5	c80afb77f5f42c03da1a3b4dbdf2880e
torus.out0.02374.h5	9b81f8fdf2e9041be6527d19f772df56
torus.out0.02375.h5	89d91cf07552cb3c3bd774b6cf3505fe
torus.out0.02376.h5	4fd78481beafb1147db39eac53648855
torus.out0.02377.h5	7b70461131503268cf931eb270b2ea4c
torus.out0.02378.h5	0acba8c31697d75e3a50407bba622de4
torus.out0.02379.h5	f666f94c8ed62fe76d887e709c0e0159
torus.out0.02380.h5	86249576194e7bf73094aae5dad74fa9
torus.out0.02381.h5	0998ca6b7b6d14573e4bdbc1ba8a9646
torus.out0.02382.h5	f0e8a82cdd80346e3760e88f15f42a99
torus.out0.02383.h5	ee189bc3c7e861061c2aab51f611b95f
torus.out0.02384.h5	b7b98f61dfd1a4c1aa6ca2327dd4edc4
torus.out0.02385.h5	455cde2d5dbaf0d31c487bb48efc0350
torus.out0.02386.h5	de0df5ddb7da87b53265b9693f3cae06
torus.out0.02387.h5	c31f651869942ad66cd00e07c0fca21c
torus.out0.02388.h5	e3f3188e3786d08bf2f29719eed36fef
torus.out0.02389.h5	f52704e21438c8ee39c2bef34c20b638
torus.out0.02390.h5	ceb5b255512ab25a434a69d10fdb23b0
torus.out0.02391.h5	197c5831696c4e5ad540d14b62b5270f
torus.out0.02392.h5	69390868b4b9d2aa8c9d272a80b3f855
torus.out0.02393.h5	1e432d4a048daf4b75de89912cc6895e
torus.out0.02394.h5	fcb490d90dfee200219c6ad29da889d8
torus.out0.02395.h5	2463c80706af0102bd6cff152fb84c3b
torus.out0.02396.h5	49577d21d3c782e29f6521e46039cf34
torus.out0.02397.h5	6fbac8dd05b21eb13babc8101dccfb10
torus.out0.02398.h5	2c8b87024bdd71f876e7c4445de9a4a0
torus.out0.02399.h5	7e63b71aa24369f0c03417e0652ac983
torus.out0.02400.h5	666ee5535e60e1a7027459dd9e9eeca6
torus.out0.02401.h5	af881ca4ef043014271474081457f057
torus.out0.02402.h5	5c483238ac1a832e9c28250c44a5109b
torus.out0.02403.h5	adee27c6be622ccc6049e3df0bbe4cc4
torus.out0.02404.h5	cb5a59a9b7ad82e235b6a5100f3c911b
torus.out0.02405.h5	19698238c278d4d53cb5a3615efd057d
torus.out0.02406.h5	967b29c627317416f7e9cf570940bd9c
torus.out0.02407.h5	217e7534fe4b6e067d7482c6450a99b4
torus.out0.02408.h5	ed9919fecb19efb78335b02ea7f5541b
torus.out0.02409.h5	472f974a72e1f9be9a188f91e241710f
torus.out0.02410.h5	789015af16b354cd8d138719274a22c5
torus.out0.02411.h5	f58513746ffdb08f8b4eb28598b20cd3
torus.out0.02412.h5	6dc2c0ed12c29380fc6af4922993d3d3
torus.out0.02413.h5	86d7c650800a77b7b9c9c647f89f9e8e
torus.out0.02414.h5	2838088c68e0364a89b35b180a51695d
torus.out0.02415.h5	351cb81ff0db64b1497c922b2adec365
torus.out0.02416.h5	2f9b74d5f6c85471b61e5a9df1177a93
torus.out0.02417.h5	82edb114a55c73ee64c3571c90871d57
torus.out0.02418.h5	25eb3a85161ec96c11fd7081749bd564
torus.out0.02419.h5	82c599e42d4b0a1120b8aea6618a8a63
torus.out0.02420.h5	855d3033a63cca19610343ff95cae217
torus.out0.02421.h5	12de520a09245096b8c7ed66dc282282
torus.out0.02422.h5	9ce80187879fc16b153aa7081653f522
torus.out0.02423.h5	fc5d65f3076deb0307234d612305f851
torus.out0.02424.h5	9bb9457a052dd0372d830c9cc3411654
torus.out0.02425.h5	bb7d3076e4a6c9d8bd1ec737c0211139
torus.out0.02426.h5	1ccbb09e29985302276c9ff56a0c9483
torus.out0.02427.h5	84524ae6277c1b99bbcc2e34fd4a212d
torus.out0.02428.h5	8cb3bdcb57ea81bdcf8d6ca92594a1ed
torus.out0.02429.h5	8645cc6550378dfb988dc7eed975f0af
torus.out0.02430.h5	dded993ea7809501a1b109382da0fb4e
torus.out0.02431.h5	4b9539f4743fdb5a98548b946a75b2fb
torus.out0.02432.h5	2ff3d320710d88053e9622b254394afd
torus.out0.02433.h5	d5dff15c277d755f0436daed815affec
torus.out0.02434.h5	25edb285925461194dd06a340518c3ea
torus.out0.02435.h5	10b9959c592e2cea3aa79cf6cc6a118a
torus.out0.02436.h5	2ebf396d8d5c299fec541787cc58cde7
torus.out0.02437.h5	470f9141e33813cdcc0ecc67ba788674
torus.out0.02438.h5	a3441ad9f1ec835d4ff60bade609f790
torus.out0.02439.h5	1ddcfe13eaab3517c1d68160b39d93fe
torus.out0.02440.h5	e261f81573c60805dff97961cd99e330
torus.out0.02441.h5	e691d793e717b4cdf6bac76bc105c391
torus.out0.02442.h5	e47aacc7f0aecbaee46af40b460a384d
torus.out0.02443.h5	e4e78d85324808ddddd9e9d3ffce0d3d
torus.out0.02444.h5	b1e6ff4ae8a5ce68fdf7bacf2379e558
torus.out0.02445.h5	c0519f9229c3505e2fcde7e8ede0c60a
torus.out0.02446.h5	cd5b367dd8128be3ef83afec47187534
torus.out0.02447.h5	3032e661928453bbf9e75ab43c81f5d4
torus.out0.02448.h5	3e5e0ffa234ae7623e01f560c13279b0
torus.out0.02449.h5	ca5e217a0b6311cff4f9b3952277d369
torus.out0.02450.h5	73c0a4ec6c8de721cfb06f43c19b4389
torus.out0.02451.h5	d87730c9acd35aba8906819af9f03c82
torus.out0.02452.h5	7dae5ef57ada0bea19a618ffb9e70142
torus.out0.02453.h5	8d64d5909df918388771a0f5f4edd01e
torus.out0.02454.h5	4b1b7f869b4374cd1ddabf13162d7be8
torus.out0.02455.h5	aa93365b9641274c4b61dd0253b2f9ff
torus.out0.02456.h5	6b45e7a66fb94a7f58a80b5dae11a93b
torus.out0.02457.h5	42c119c4ea6227bc1ca9dea5f8d1146f
torus.out0.02458.h5	d1bd642163ce4a2ba58ed4bc5360c942
torus.out0.02459.h5	2c833c615d61ce1138893474a0560c66
torus.out0.02460.h5	e075d1bc3687c67d47bb3287e7f56c72
torus.out0.02461.h5	ec2a5c3fb043b797cb41721cbaee6b24
torus.out0.02462.h5	401a334d026093198f5d8d57f3bbfd7b
torus.out0.02463.h5	27a75bbc3c5b348d6e4d4d9d27d2ac6b
torus.out0.02464.h5	8af0742a254c99fa4162c70a77e39aae
torus.out0.02465.h5	67c8ac4d698400fa9b131e021373d939
torus.out0.02466.h5	992754557c8c88525e5ebff0799b9ef8
torus.out0.02467.h5	6f632266361c59cbd10397aa5ac00f88
torus.out0.02468.h5	890cdb5a6d46dd020200ff30107aab94
torus.out0.02469.h5	76b9d97990cf20e1ed8b53997801b17f
torus.out0.02470.h5	f7102511f7c19c1f44cd5b477c439f08
torus.out0.02471.h5	9cecd35d84988f7903b0ae9bffc377a3
torus.out0.02472.h5	519e4430a55a032e3b3a62bf6381e60d
torus.out0.02473.h5	b8b379f84daa8ce9ff104b0f176de192
torus.out0.02474.h5	7afe9d1e1226d3a37e3039a5ed49fd9d
torus.out0.02475.h5	ccae2f1c78c3aa7d40af6cb6b9c9e0d6
torus.out0.02476.h5	ac4aaa63479d206f385b07c0d43759b4
torus.out0.02477.h5	1c812c5d526c95acf6e7a39f5871f252
torus.out0.02478.h5	b77d44ac74d3bfdd720290c59ef57e9e
torus.out0.02479.h5	e2dfebc381ed5428acb3c75e58470d7c
torus.out0.02480.h5	b28e8970505ebdedc0d18535c2c42dcd
torus.out0.02481.h5	53bd82ef488507a3d42e1bdde912397d
torus.out0.02482.h5	de484a3cafcb76c8df186b3c2c7fbd7a
torus.out0.02483.h5	9dbf93b754836a4cc10730157d7dcf35
torus.out0.02484.h5	d9224f9e46d96b76a96ddc8943a5b5ea
torus.out0.02485.h5	67d368c1aaead0f4516898094798a0b7
torus.out0.02486.h5	2e34c80839d968276bf33485179dadda
torus.out0.02487.h5	f84a106a93fba1407614a0d3c267691f
torus.out0.02488.h5	7f589ce153c744d560070c960fda2571
torus.out0.02489.h5	4ace108bacbfaec6182e69f67087b786
torus.out0.02490.h5	ae41ebe32064869ad48d712314c1b301
torus.out0.02491.h5	e344dcd1cce5094ec8bab51e99e79c25
torus.out0.02492.h5	5306b5c29861d0830346281f49d9a47a
torus.out0.02493.h5	dc0fb75a9ddb280a12a0d436a2b831cd
torus.out0.02494.h5	189c498e05f0d23040d3116721a7e783
torus.out0.02495.h5	912613222a68dbe1505a1ee26309b921
torus.out0.02496.h5	0777d3d1d5a91b5707a563de47bc6166
torus.out0.02497.h5	e1a4657d30a626ad3b1e44170d7d1cf0
torus.out0.02498.h5	262e9a5347f1ac552041a00dc7162a2d
torus.out0.02499.h5	1d319c4c1b0c107bcae2a3daab419e7f
torus.out0.02500.h5	9e5565d35a21f03d9cf95633ffc96dd5
torus.out0.02501.h5	198dfc0c42d2818c66294ace7179e5a2
torus.out0.02502.h5	5c216640a5c4249dd20393baf69e03b1
torus.out0.02503.h5	ea26ff3a7dab450de2a0c6951bbec387
torus.out0.02504.h5	bb7a9c41a10765d32eccb3822e857c09
torus.out0.02505.h5	ed10d88aabb34c898b0d9e757236dc76
torus.out0.02506.h5	78888e2146e121ad09a2820982f9beb3
torus.out0.02507.h5	6376782f3d3cb2ada7a31553ee739b1a
torus.out0.02508.h5	5a8eb23b9d4db61c4d2e46895531d8a5
torus.out0.02509.h5	0a6575bcdde7dc1c3bd1526c1b112e9c
torus.out0.02510.h5	ae724b31ea07adf07d3e84dc0ac5a774
torus.out0.02511.h5	dac4e14d330f69612d0fb2ceafd3dc63
torus.out0.02512.h5	35fce6746f2e003a36c3954409aaa8dd
torus.out0.02513.h5	1e1d150fdef39a17da850f7a731be934
torus.out0.02514.h5	a200d6a942b892e58cea91bd532f52de
torus.out0.02515.h5	3698bfb98c2a133c16b5a7ff39466a37
torus.out0.02516.h5	22740959cf17a192357cd7dcd3309399
torus.out0.02517.h5	982e70a6bbfd099715dfd08be095cd64
torus.out0.02518.h5	c1c989b838f56c2f898877e416ce1bb0
torus.out0.02519.h5	c6c25dd31cc1feaa9aecd79918d42c4c
torus.out0.02520.h5	3326860f68f3e756d74e36dafd5ef835
torus.out0.02521.h5	d994dd33fd01dd32fd53a41b4b3c8617
torus.out0.02522.h5	a48c1212ad9bd736605ca60abc460878
torus.out0.02523.h5	410f47ad8b4f090c4ca579f1b1670efd
torus.out0.02524.h5	636d6e449187b2029758a99b67b50f19
torus.out0.02525.h5	289c785dd7032a03afec3b32f85b8fee
torus.out0.02526.h5	ae1f264dbb9ca0e7727eadc34683ce6e
torus.out0.02527.h5	ecd8e013dae40db581fb8572f7c36c01
torus.out0.02528.h5	8c597f9ea4512cdbf7287489075b0961
torus.out0.02529.h5	d5168a3600d148fa9e7e4d0f5af3493a
torus.out0.02530.h5	c22b6479311a012ad9d713845b986ae4
torus.out0.02531.h5	51582d73eaaa378d00b57115c41ea14f
torus.out0.02532.h5	841ba8fea51e7986af65ebc9c28d8b33
torus.out0.02533.h5	5917018c1ab1c558fa51e87449011cc7
torus.out0.02534.h5	1af447adf7b33689c194b5796c66ca8c
torus.out0.02535.h5	a955dff7ebd8874f795c4e0c6d237b7b
torus.out0.02536.h5	71423d8077695e660d6363ad97733f14
torus.out0.02537.h5	d7f8d5b8d50d30fb246d9e98f74bc88e
torus.out0.02538.h5	85d932bc121ab55450f32df129c78fda
torus.out0.02539.h5	d6b873c2942727aa6273df88a285fc36
torus.out0.02540.h5	ffba49fffa3f62687188c4873ce03297
torus.out0.02541.h5	9e5cdc52c9a6b93b835e5a15f2a652a3
torus.out0.02542.h5	774cf823aaa2323c3a91b344e45eb662
torus.out0.02543.h5	bc1b655e625932df88fc86f7855a2ef6
torus.out0.02544.h5	44310610bad8328441b9474e78d3e266
torus.out0.02545.h5	164c0bc1316fe62c53f961ec698714e1
torus.out0.02546.h5	b59ff53bde61b5a1c7f77d4b56a2caaf
torus.out0.02547.h5	253e14d438e876262f676e4aee43e2f0
torus.out0.02548.h5	2e17e31a7fc114901913d3db7fca0a6a
torus.out0.02549.h5	3e03bd285fefa65c9011880acec1439d
torus.out0.02550.h5	6d4d62cffdd552a54cbc5d4cc04d71fa
torus.out0.02551.h5	720262e79b4a1446817d90d779045fd8
torus.out0.02552.h5	5c1f3efb39abe15614312890e2aab232
torus.out0.02553.h5	4a922a956c1fea2403fb231f92855f15
torus.out0.02554.h5	9aad4ba8a5a87a1bcc8d3481222b2871
torus.out0.02555.h5	ca584de5c3f2ca36030be91fbbce64e9
torus.out0.02556.h5	aa9f2a58f6d0260b9569dc76a8c96559
torus.out0.02557.h5	82a09c156160216272021ef29c98f575
torus.out0.02558.h5	e28fc583b5dba2395bfea54bedca85c4
torus.out0.02559.h5	d047d70c2fda6f18bdc86db80c6a83d3
torus.out0.02560.h5	cf0a2b1eef83aa816939c41a1029641a
torus.out0.02561.h5	aecfe548316d3654a2bfff0a86746c86
torus.out0.02562.h5	9374f8a6bbee7658f20ba863d3d0217b
torus.out0.02563.h5	0f81fe02f41d21f276b947e4877dbd04
torus.out0.02564.h5	f05092cda283f42b199fe490c640ccd7
torus.out0.02565.h5	b83136648f521b45ba37d6927c436a4b
torus.out0.02566.h5	090b19f6db20be7b1e29445aeab86630
torus.out0.02567.h5	1712fedb0b78ffa8b688a0105d095e22
torus.out0.02568.h5	8b6db7120eebbfd78a5accd47f211bbc
torus.out0.02569.h5	c6c36aff744c464af68eb6710866b83b
torus.out0.02570.h5	a20fbc32109efb981b2577d30776b5d6
torus.out0.02571.h5	3f730d06e044b6dac64e041383a8bb41
torus.out0.02572.h5	50495260aeb45828480e55c1b6b87f86
torus.out0.02573.h5	a79adc5323de0551b06ae80b2c37ab64
torus.out0.02574.h5	a0ffde112f6acabe913c368bbc10a87e
torus.out0.02575.h5	01b76480c16b3e33a64b33b2b1f17b2a
torus.out0.02576.h5	e8b7df3a18e04a2924acae903a970acb
torus.out0.02577.h5	98ea2e310902180a11d70e375703c051
torus.out0.02578.h5	4a5bce9fa442ff1e2d4e67b712d15675
torus.out0.02579.h5	1773f21712e0809564542419d7783435
torus.out0.02580.h5	7b032d3ff5d90a7722957cfb0185a175
torus.out0.02581.h5	6e065855f8f724e9a7ae29e232256f47
torus.out0.02582.h5	7796f6b6319ef2f779b27606a4c57731
torus.out0.02583.h5	fc5baec2f87fbbfe71a64a6977edc2b9
torus.out0.02584.h5	8ea3656ffe150473e41c7cc780840269
torus.out0.02585.h5	7ff9138ee0a6cc7086230f2c0784971a
torus.out0.02586.h5	63d01fb32343fdae71ecffdc7a606c68
torus.out0.02587.h5	b9a1afcb09a3abdab52ab7335e7fee41
torus.out0.02588.h5	8085c4b6dc65b0697de654329322a7ab
torus.out0.02589.h5	7def3a0878a0b32a9e540796d915dafb
torus.out0.02590.h5	333b061ea61f04fd59a676a63192c913
torus.out0.02591.h5	c890645f21f660f01928fe0e5ab029af
torus.out0.02592.h5	7ab9b065a9dce46ffd794eddaaec6e31
torus.out0.02593.h5	c8cca0e1da0482f39dfd796e3845757e
torus.out0.02594.h5	9b4a91bc504d89b5e17517079e65fb83
torus.out0.02595.h5	9009afa4a5518820595eca5041dd3ee5
torus.out0.02596.h5	55793bf237751313b229097493feb950
torus.out0.02597.h5	9f03f3e4731e27c939234c8732e36c93
torus.out0.02598.h5	fb0c6ecaa2c0e68362df3adfbb34ec15
torus.out0.02599.h5	f069a9922ac8463211383ec8f090dd6f
torus.out0.02600.h5	bf67c611ff01bdce2c9f3c75f84d743e
torus.out0.02601.h5	489e5d5849d85451d7723549662444ce
torus.out0.02602.h5	21bbdd3fb668fb762d8b2d5f924e9880
torus.out0.02603.h5	faef370d96219671f3732b94a4b1c634
torus.out0.02604.h5	5634d0f0c9853d74362f50db9064ff96
torus.out0.02605.h5	7ffaf437d46364b8e25ae7297e96d82d
torus.out0.02606.h5	9ded48d6da6763083b4be76cd448b83e
torus.out0.02607.h5	999781eb8d8c0ddaf2f362fe078886c8
torus.out0.02608.h5	4d125276ca5a0b674ec48ba6ec6a5047
torus.out0.02609.h5	ce1700a7e335902c604cb696bd173ec9
torus.out0.02610.h5	53b6fd6f61dc23b259b43fa476d23c14
torus.out0.02611.h5	4a80ee68fb3ce7a53cf2c814969fa22b
torus.out0.02612.h5	58512aa6daf3c36d3caaa61095d0ceb6
torus.out0.02613.h5	954dfe8c43036dd3e681ff5a424a67d8
torus.out0.02614.h5	f3a8440156f6ffe1c38eb7e26ee02bf6
torus.out0.02615.h5	1d6b2b1beccf59a0a93cb27c03b89248
torus.out0.02616.h5	aa34df6044b082f49b34fae3f3932858
torus.out0.02617.h5	0d2c4a4b7dad6290ccd01ea316ea0ecd
torus.out0.02618.h5	475d036bb5e2faf1993666a6dfd51b30
torus.out0.02619.h5	1a3eae7aa5d3157263a30c3e27ad6e90
torus.out0.02620.h5	e5958c0823a569430e2fb942e8bf5e64
torus.out0.02621.h5	1a69055d6efede2ae2c8412931a061d2
torus.out0.02622.h5	feb1b1d5f4cdb4fd545896bcce04e1db
torus.out0.02623.h5	41677096a41edcaf0d6fa3e574859e93
torus.out0.02624.h5	8d8b678a96f0d8d0cda7dfd805ed7369
torus.out0.02625.h5	9eb2fc005242c6a94d1dfd672d3a1941
torus.out0.02626.h5	60e8f3a4f2ca3f14ae635adf37661a80
torus.out0.02627.h5	b330d22e1ed7b5fc84074a64ce179db9
torus.out0.02628.h5	52fa6b7abcca02eddc6c7690c0302d59
torus.out0.02629.h5	771096fe0c89e7ff847bcb32fc4995a3
torus.out0.02630.h5	ad68321850d01e86a6b4620a971bf371
torus.out0.02631.h5	e3b0d2e306a43f7bb82987f2bfa5b9cf
torus.out0.02632.h5	7cbd329d80a52d62214a4b8beeeb8f9f
torus.out0.02633.h5	92e2340da9655c5183408c5cc430114e
torus.out0.02634.h5	4849a99172a830fac6732c1e29243f53
torus.out0.02635.h5	5daa83fb709e1c7fe603423aff15301a
torus.out0.02636.h5	dce1ffc40e097825c198eae1098e622b
torus.out0.02637.h5	52687ea80fa4a586dff41ac2269cc7d8
torus.out0.02638.h5	187d60c6f49309273b33a7b8fb3d6fd1
torus.out0.02639.h5	61cdb62a34235c16ea4fb09d815ae532
torus.out0.02640.h5	a0b8451e4198be8148b219c726a429ad
torus.out0.02641.h5	75498efa69e182ef17e6bcdaf17a2c56
torus.out0.02642.h5	358e9ba6f080f2fe7a1b48978a091aa4
torus.out0.02643.h5	ba27d08ff4ae54cc9d21437581d461b6
torus.out0.02644.h5	2baf1a48253dbd74463f0d69f94f55eb
torus.out0.02645.h5	4988fdfd2f60e5c65cab298f9bc168aa
torus.out0.02646.h5	2e1bd09ea7543e20fe236dd2827efd5d
torus.out0.02647.h5	f840055da17174c8f244cfec17c13cca
torus.out0.02648.h5	0b0c3a04779f547dc9847ab0f79e0b5e
torus.out0.02649.h5	a8e9ac659e38135bf2edd340019603e8
torus.out0.02650.h5	4c04bf9ffd19316e11dedca451e67c52
torus.out0.02651.h5	39aa3ec0b3c6374a8dd5681ec4e3e81a
torus.out0.02652.h5	ffb951c37fac2b09132dd4163886f204
torus.out0.02653.h5	261f745ba6e6edc73acebb6db3bdbd87
torus.out0.02654.h5	8ed8aff9826bb0af41f64681a01d95bc
torus.out0.02655.h5	57330c28b95fdff5d6f73ec826153afa
torus.out0.02656.h5	95d3626c3783b51e0357c519898d2c0a
torus.out0.02657.h5	31c587261e03218d0b34c8d58dceb099
torus.out0.02658.h5	e964a1f446dc769ac005e37233f67569
torus.out0.02659.h5	ec3f607b2fa2088284d3cda0cc71171f
torus.out0.02660.h5	1d7540bc941ff4c018c8050c654dab34
torus.out0.02661.h5	e8501399945a32242c6f2da47164df26
torus.out0.02662.h5	0b2e0ab15cfba3b4706583fe2311b229
torus.out0.02663.h5	fe7ac483b7f3a33a22ddbdb569440705
torus.out0.02664.h5	334bbf584bdecba115c531c7d6604d97
torus.out0.02665.h5	b9f2862c657c87ae041c71ed57fafcbd
torus.out0.02666.h5	c13fd7f995e258956212091d7f85ce72
torus.out0.02667.h5	4cb31e3758d50cff7b2af76b1bc0af7a
torus.out0.02668.h5	c22c57fbf13fb2449d7457c793999355
torus.out0.02669.h5	8ca98534722e8d3515a1a7200a7f9bdf
torus.out0.02670.h5	e8d629656cdd062605e7ed2313b2f9d2
torus.out0.02671.h5	bed3a29529d475612b48903ade6fa19a
torus.out0.02672.h5	2eae9bc9a3294629a4fb9d4c13b54b7c
torus.out0.02673.h5	8c5aa163b57573cd236c72322ae2129b
torus.out0.02674.h5	f5a57ffc0862c18d9a3281d4bab1d000
torus.out0.02675.h5	d854df3d3f8ed002bfcf8d10578b4fda
torus.out0.02676.h5	603400d9e656a09feb4d995d401138e4
torus.out0.02677.h5	4b782e97d283a0bab8b3e269727a1c24
torus.out0.02678.h5	8839d8a93fd09847c94d0e9d066faeab
torus.out0.02679.h5	42c46f37be3573502a39357176c3b24c
torus.out0.02680.h5	4a38201ee85aadefdda8e5cb45f123c3
torus.out0.02681.h5	9c8d9485b0dea7fff25adadcd973e784
torus.out0.02682.h5	45e1945996e3c38d9f4bf864546d5247
torus.out0.02683.h5	8982f3d9fd34b431ef9e7d0bc33ebd35
torus.out0.02684.h5	dfcd375a0c829cb43dbaeedfdb3da975
torus.out0.02685.h5	2ae0bf2c1c7355d4e807efadbc9a675d
torus.out0.02686.h5	2626fb63fe66b37b2fe8191dc96fb833
torus.out0.02687.h5	257cd90b6f8905ddaa32ff475f6e305d
torus.out0.02688.h5	6d2b7b416843d756c5838c4ce8e2d333
torus.out0.02689.h5	7d89c49bd34d3eabc4d57334792f098e
torus.out0.02690.h5	c92ff401ab52095242fb01c01f9b1089
torus.out0.02691.h5	186dedb36cb4cbb51a3a3e2f23a51628
torus.out0.02692.h5	904a30f56d565cd12394c742264a1d74
torus.out0.02693.h5	3d61eba8ea5603ec2e6edd48a01d9296
torus.out0.02694.h5	701907efcd4666ce08cda1eec61b3d53
torus.out0.02695.h5	fa3d3e1aa619bd73ad2ef777d61af7fe
torus.out0.02696.h5	f177b5a4461ba5b02dda364e85b3d2d6
torus.out0.02697.h5	2c162210ec856e9856c233d22bd0097a
torus.out0.02698.h5	d0018e6b7e20b9b742b510f7a19f1508
torus.out0.02699.h5	efe1b7b6dda78424e086907b8627f898
torus.out0.02700.h5	b79863b1485d1b78cedb48db82c332df
torus.out0.02701.h5	ca201741c5e988215793dd8e11ae3427
torus.out0.02702.h5	4383c3fa1503032baa096334ae7e9225
torus.out0.02703.h5	5503b5aeca609b6e3ad669c87db35765
torus.out0.02704.h5	d9777190a2e012b842b3a5db7f9b4a7f
torus.out0.02705.h5	ee67100e5a45a32facfd94fd7f0c548a
torus.out0.02706.h5	9c32ad12ab6f44827c5ad0e262a8e11e
torus.out0.02707.h5	95f0217aaae23724fb58ad1f6cc42926
torus.out0.02708.h5	ac568969e3c46493b735c44dbcbe59ec
torus.out0.02709.h5	eac94cb38c06c1fb8960fbc2ad7c20ff
torus.out0.02710.h5	a9f12a696779bc297f86cb5e2e8daad8
torus.out0.02711.h5	d12c8df3a3955e01109affb20cbd32b3
torus.out0.02712.h5	ef7165d328d5de41b5dcae29b2306942
torus.out0.02713.h5	3f5968e43fcf43b252fb7749f6992b7c
torus.out0.02714.h5	b83f5bdc52c8880379dc0d5c7bdb676e
torus.out0.02715.h5	e972a63f977ae7857b697d5a02ff3c79
torus.out0.02716.h5	87add0078da64c3b42ad6a8a08afd104
torus.out0.02717.h5	d3a8e60d2bd013c4fe86271bb14cdb27
torus.out0.02718.h5	202d1675a559b30acea812892dffbfd6
torus.out0.02719.h5	e8e7f9dc1e411e38dc61db19c9855fa2
torus.out0.02720.h5	893233b150134e00b9059e597137a70b
torus.out0.02721.h5	9b60e862aaac4ce499d6631fc03eb99d
torus.out0.02722.h5	bf4d5e6a29b7ad283207681f8e4eb45b
torus.out0.02723.h5	fee5798815c9b56f01e27633a3ba0527
torus.out0.02724.h5	0efc554a3c5bfb6a37af18232b13e62b
torus.out0.02725.h5	2b6996e929566b01381311a68e5f9884
torus.out0.02726.h5	b4b18e11bce40382588a8c01812647ae
torus.out0.02727.h5	f3b608bc2b09cf6f19599fcbf4d89b6e
torus.out0.02728.h5	368563a183830f990581e9b0afce311f
torus.out0.02729.h5	e47f88ca0c31e34f2958ca45d86890ec
torus.out0.02730.h5	4fe382f29f3bcc35fc14f7147b8724e7
torus.out0.02731.h5	57aa5f5af83af9219e5b45d559c2b1ea
torus.out0.02732.h5	bbf04a2f311849463ed020e775b9a4e3
torus.out0.02733.h5	e4b36268c37deba0188e50ed8724a32f
torus.out0.02734.h5	a1177ce392c2fefda685446aab67cdb1
torus.out0.02735.h5	76652e4c6d00e6262f4bd74b455c641f
torus.out0.02736.h5	8f284cdf8a47715d1a74e0a13d87dbdd
torus.out0.02737.h5	099c4d988c56eed268348604a3d3a459
torus.out0.02738.h5	f7fc90abde56107acf84fe49e5028b31
torus.out0.02739.h5	f37ea7f85a30a9d0842a857a1967a4da
torus.out0.02740.h5	97b21e48a46cb237e8598f49acc6e8bf
torus.out0.02741.h5	31ac469db1e976b9c6187807ed5aa257
torus.out0.02742.h5	541c129f55a4c705892409f1113bd52f
torus.out0.02743.h5	b6565011bf2afb5be2ab81761a8bb1d7
torus.out0.02744.h5	72f4f4c631e77cb74d45815d4c26da55
torus.out0.02745.h5	f7f7f4bd54cc1b64c9f13cc3358dc5ed
torus.out0.02746.h5	f703b6c93560228cb077679da5013fed
torus.out0.02747.h5	13f03732182ca0c31425087bb3075020
torus.out0.02748.h5	c1fd089748cfb7297cb593a82f821d71
torus.out0.02749.h5	9853897f4f168df6200448f23a92ba2d
torus.out0.02750.h5	266dc4a9d064ff97c2bce555c4db9473
torus.out0.02751.h5	a706cf201a3f603cf1fe4c0ca1d14108
torus.out0.02752.h5	5049ffa223fdca5e17b95805ebf2d8ba
torus.out0.02753.h5	3af89774e2fa97aa831e02fd58a539d9
torus.out0.02754.h5	c0bc5ba3cb81119c83df8ea29826f388
torus.out0.02755.h5	d46f596c61f749f5c767b03f933e6471
torus.out0.02756.h5	e5ffc8bdf155b458766f10eec8954927
torus.out0.02757.h5	99659372ea738b74539b0c3c726c4270
torus.out0.02758.h5	5a8735150316d2b9f8b5ae9c12027ab0
torus.out0.02759.h5	0f5b07d880a9684842694b8698b4ab9c
torus.out0.02760.h5	3ce69682df0d36fc20ef02590272adc2
torus.out0.02761.h5	84214abbb2ecb2501df7f06db8104975
torus.out0.02762.h5	22d2466bab256edd8905f72eb062f17a
torus.out0.02763.h5	af575f002ada90ef9b5aeb71173205bb
torus.out0.02764.h5	418dc9f27df999f7ef2222a7795f0bfa
torus.out0.02765.h5	7bd607b3106d7c797230a7e5b8c779c4
torus.out0.02766.h5	ab43a690f6999f1e1c26d5752e459d30
torus.out0.02767.h5	429e522035688a5b59dfe44bf221b6ed
torus.out0.02768.h5	0a96dd411e07b95da7fcb9c139192b61
torus.out0.02769.h5	3a2a18ff853f612724ffdafe2ede60ae
torus.out0.02770.h5	51d2337b837f316cd4c556db39f551fa
torus.out0.02771.h5	2026c5558ec9e05ab4c58df9dc2fcb8a
torus.out0.02772.h5	043d21ee73845d56957e8b183b1b2219
torus.out0.02773.h5	6a204a67e0d31d5aae0a2198255ff70d
torus.out0.02774.h5	266d2af4e99bcb251c8eb7930c877cf4
torus.out0.02775.h5	b79894576bdadf84eb7f73c6891c2d6c
torus.out0.02776.h5	9341a109702537f794b3fe5edfc2a9b0
torus.out0.02777.h5	a7fac6fa415ae4cf81b9a805f47895b6
torus.out0.02778.h5	819ddd16a761e16446b61e0308613421
torus.out0.02779.h5	984ba569e789a627d3e714b954b420bb
torus.out0.02780.h5	7b75b97001575f090f80da1bb770eca8
torus.out0.02781.h5	7e99de5d746fcac581c72f995dedb4aa
torus.out0.02782.h5	18d5089b9f8edc1d07af339ccf7ebbc9
torus.out0.02783.h5	5a0ac3e5046f58ede1efc0d352c1efb7
torus.out0.02784.h5	9ed293172bc7dbbd7760cdd66078673c
torus.out0.02785.h5	70e975720d069b564572378d0b0ced84
torus.out0.02786.h5	dff9762d3c3890b23392c86b8f3899fb
torus.out0.02787.h5	74d9e106f371becd905f848c5d272408
torus.out0.02788.h5	b9af2f983cf24d8c2f7ee1ed2696a06c
torus.out0.02789.h5	24824a302c01adcda27eba422ae6c0ab
torus.out0.02790.h5	0f6c752f2b1c51cb7697f21efa1bec78
torus.out0.02791.h5	ca1f9994abfc74ea09f29ce24adaf158
torus.out0.02792.h5	e83cec47a0de0980abd620c091479595
torus.out0.02793.h5	15e1927ecdb9c54cde9a269a7afcf0c2
torus.out0.02794.h5	2dc282459666457c721d2949849b8d34
torus.out0.02795.h5	32375e288bcaca5a789807642ca82e0f
torus.out0.02796.h5	8ed05bd45ad00246d32adaa76cc9983e
torus.out0.02797.h5	b5d48d81ae5064539eec0f01b011951c
torus.out0.02798.h5	a9888d087864a91c9ff0a3bb753a04e6
torus.out0.02799.h5	8c6e8adcab1b85d58b692aec4698864f
torus.out0.02800.h5	74bb019253029c7a75b37a688b23287e
torus.out0.02801.h5	b88c86233fa623f95f25082a0b2e704c
torus.out0.02802.h5	d06162522167835483b1beb516f31263
torus.out0.02803.h5	6f847209f45371394c8ba64c99489eaa
torus.out0.02804.h5	f5a52baa92fe7a79526b658619a55c7e
torus.out0.02805.h5	c156de7ef67b8817d053bc35a079d757
torus.out0.02806.h5	fec9b87411c8430d4c089f8ef12b60df
torus.out0.02807.h5	50e15f9d93b0c93b5d26f2f385488efb
torus.out0.02808.h5	ccc52d38e8bfa83730c2584bedee9105
torus.out0.02809.h5	f122c470facd131ac31cd8246e0d9409
torus.out0.02810.h5	5f64c71c74d3c1d31ea916d0061de5cb
torus.out0.02811.h5	2c9a499f0d6f9268f2fdb6b1c1ad7550
torus.out0.02812.h5	efa297ea6c4e8bf87e48fdcf69c30d49
torus.out0.02813.h5	2a2df3f17a4724189c34302d797d5c37
torus.out0.02814.h5	7f58dfb6927b2796c27483f5c39b1220
torus.out0.02815.h5	35e1e249d9f763d18750b5e14b76c08e
torus.out0.02816.h5	6aaf2da8515ec9fe8bf4d60aec6f0f25
torus.out0.02817.h5	0094b8d1a4834ce8f8ce1e7600d73797
torus.out0.02818.h5	c2e6ffdf5011cfdfd7530c69fa9dd279
torus.out0.02819.h5	cda88e5bec8e88f63e1a5d3772a2be07
torus.out0.02820.h5	948b4cd43bafc5eed7ba115e89184b54
torus.out0.02821.h5	a005e9c10f2ca070b9c39ce56db2227a
torus.out0.02822.h5	60d10aa11a470721e61ef232678a227c
torus.out0.02823.h5	30c05fcd0c719ad332702e550420b9f9
torus.out0.02824.h5	bd51df48b4a0f6c4d53a805f9cfe9399
torus.out0.02825.h5	47d781f0cd98df12de6fd1a16da5c594
torus.out0.02826.h5	17750074cfddea2a10db27acf62e5ce4
torus.out0.02827.h5	b3fdedeb66db6ea5e12748448fca35a4
torus.out0.02828.h5	35575d42f58072bcb10158c249792524
torus.out0.02829.h5	a4f6b529eeadd7a75190fc009397a1c2
torus.out0.02830.h5	8a2c950eb4e13657f27542c14ed2b391
torus.out0.02831.h5	1db29bb45f6fe10b41adaf7946acac06
torus.out0.02832.h5	6998c93b6b4aa1d9f26c6717b2195bd2
torus.out0.02833.h5	594bc0d2378d3561574598e4d50d1563
torus.out0.02834.h5	db6e0b9d4f09ae82f6b1c1d65e847b47
torus.out0.02835.h5	11b15646f7aace84e16fbe18188b4bd5
torus.out0.02836.h5	0c01489de39f0d8374949a3a4382e459
torus.out0.02837.h5	e3d0388851e831757d0f20b0e1c51447
torus.out0.02838.h5	2c787c51e6e40f9c6bac1229613e3a6d
torus.out0.02839.h5	9245d367a92a6af98ced738691925dca
torus.out0.02840.h5	d6c903068f8729dcf8a031a9539b7692
torus.out0.02841.h5	fd72c9691493670ba4bb38147a7c9ae6
torus.out0.02842.h5	a62f56319c3a452327651771167c5422
torus.out0.02843.h5	3149562778a2ec5ed90e86bf7b98a631
torus.out0.02844.h5	6d3999c8103d9568cd232697e1c001fe
torus.out0.02845.h5	308cb1533357a0e62ee29187950c27cf
torus.out0.02846.h5	117176cd8bc7bff3129f62593c9b81db
torus.out0.02847.h5	e662de8ac1492d32605f2ce4d4c3797a
torus.out0.02848.h5	fff64e09117296596c1a4a9f7adc0997
torus.out0.02849.h5	1900c4c16addd476938772d55da39dc1
torus.out0.02850.h5	30e4980b6a12b9debb48fa9e211b3f31
torus.out0.02851.h5	fec705058182616b507909a4e252287c
torus.out0.02852.h5	d1a640467fe74d27e7285a015a24834c
torus.out0.02853.h5	53c6a68003881f73439cc889b4d1bedb
torus.out0.02854.h5	dca92d7eb26fc077e854d49b8ed669d5
torus.out0.02855.h5	c984fabcf3bc05c3ba8650c181b76b81
torus.out0.02856.h5	ba22bce773fb7590ebbb659873041540
torus.out0.02857.h5	221f99d4dad8a1b605148ef32ffc2a89
torus.out0.02858.h5	d2db6aa8a350a04df3f7fab85ed74d6a
torus.out0.02859.h5	c1da5053e02fd3ded0a09b782e57b419
torus.out0.02860.h5	8aaf1eff0fee186628bc484ee9171c03
torus.out0.02861.h5	d6b8f3edc0ad1aef0476c70d18fbd23a
torus.out0.02862.h5	72ef5e22e951909de82948cefe86fda9
torus.out0.02863.h5	192a0d2a14e698f3e5c0fb824489bffe
torus.out0.02864.h5	e85cc52768130855e19766735bf7280a
torus.out0.02865.h5	e5f51077acde6f72c0e2663a5df6765b
torus.out0.02866.h5	176ef74074942455afb6e28e1091efc8
torus.out0.02867.h5	8e530d5b5873eab3d6a705207446c59a
torus.out0.02868.h5	cb1a953046f1f4fd2fabfd483c14dc78
torus.out0.02869.h5	d9c1a50ec4e297c692bf1f68e23678a9
torus.out0.02870.h5	4f917808933afb9d14c17bbd611a2824
torus.out0.02871.h5	03bd6392f180c0e0cbf75f2359b47bd4
torus.out0.02872.h5	bd81a55531fb60e9d617da79db27fbe9
torus.out0.02873.h5	26423afe4282b24f4cf5cbdb4767d7fb
torus.out0.02874.h5	30e7fc6fb9a53bf526cbb419dcf7049e
torus.out0.02875.h5	276adb1d573c6ca5fec64b80e1c6bd68
torus.out0.02876.h5	b469d428668e174c88bbd1f20fb327b2
torus.out0.02877.h5	cd456ccaef6c59fd555630b93cf543cc
torus.out0.02878.h5	f5822cbb6f5a9609966bd283c594ef6b
torus.out0.02879.h5	2372096e5468d2aa02b17993fa5d824c
torus.out0.02880.h5	c046201af2bb43fcd304982e2c051484
torus.out0.02881.h5	25e35cd937587adf9fc9b0ac920a8e6a
torus.out0.02882.h5	9bf05ed5e5f5a8e59236ef176e5faeb6
torus.out0.02883.h5	7f3d0ed94916e5062cd404e70d343f79
torus.out0.02884.h5	b6a713f8205b5531c0f7ee1a9357788d
torus.out0.02885.h5	b083899a70e4f59cf068765f6711ec28
torus.out0.02886.h5	31d32dac7b711ddc8572bf8e2bdcca4d
torus.out0.02887.h5	faffa03d619baff4ecc272d285cdea1b
torus.out0.02888.h5	5bcbb1e53443c08aa336d2af6086b718
torus.out0.02889.h5	46bb1c6f4ecdbd29f6e6925169a14554
torus.out0.02890.h5	685b4b1fecf33d2b160af08a71664514
torus.out0.02891.h5	aaa36090a18d0ce98fff46273a7d9456
torus.out0.02892.h5	17713cb5977285db39fa2910380f9a8b
torus.out0.02893.h5	9cb08a432af979d23fa219c3a72225bc
torus.out0.02894.h5	f1c417d4c00e3adc1322b024a35e5b41
torus.out0.02895.h5	42dde93938220bf2143e56c7be800c6b
torus.out0.02896.h5	4a2fa285f642634bb33f6c86a21d2338
torus.out0.02897.h5	946ddb98d36a32a7ffe8f3cc18c38c02
torus.out0.02898.h5	6b12e45bdd4e97868edb5cb4c1438e4e
torus.out0.02899.h5	256a992ac6aa05ea8ccf63b3e51bd019
torus.out0.02900.h5	0821dc36aceed58c12c0a1e5f201d819
torus.out0.02901.h5	9b698357ecabb43e6b238bc1ca2632ca
torus.out0.02902.h5	0655440c1fe09a804c756097b54b947b
torus.out0.02903.h5	e41e8060057b914ce55767ccfa23597d
torus.out0.02904.h5	58315e0b408d94a2a6d94de1d223d16d
torus.out0.02905.h5	026c254e4367154832fa9794aaebe3e0
torus.out0.02906.h5	361cc52bda56f89c1df17fbd932a7157
torus.out0.02907.h5	0f6a9fb27df35257824ee836075fe61f
torus.out0.02908.h5	db9f480030df9dd28582fb10e267eb61
torus.out0.02909.h5	1476e3e02bba7f87168c4c8a5e1b7df9
torus.out0.02910.h5	a8c7f22f55dd47e656f96b082630a77f
torus.out0.02911.h5	d6f860bf3cd838a731a3f262d3cff1b7
torus.out0.02912.h5	9f4efa9904e8781cc80b6a5912024aae
torus.out0.02913.h5	9a272a764a31d53c092fdb8b84eef988
torus.out0.02914.h5	93118738f26eac11c38b288f49d975d9
torus.out0.02915.h5	42ed6a7764ea056f513f52b74537a790
torus.out0.02916.h5	6176843c8c4d7767225f641adc1dc7f8
torus.out0.02917.h5	3b467b7781570a1b6ec3f7abc2eb8036
torus.out0.02918.h5	a5835fb6d9b55baaa324b1a968411754
torus.out0.02919.h5	cd3bfb7c386aec03cb90c6cbdec60934
torus.out0.02920.h5	be0139d240cdc7f68e31f522e0c74783
torus.out0.02921.h5	6f407c55be8f0d49d23e5e0a5439da26
torus.out0.02922.h5	53631e09afd1e8b238adad5eb8e6598b
torus.out0.02923.h5	295116792e37e02f75355539f95a755c
torus.out0.02924.h5	e3425d64800c6dd0e2dc8f9e37e2b39a
torus.out0.02925.h5	da979181a6286a331dd453846626d7a2
torus.out0.02926.h5	47ed8f26ba129340c95d9289917849f5
torus.out0.02927.h5	8cf6f6421037bf2888ad6401ec7eb2e7
torus.out0.02928.h5	5fb6322e54765f1311640508d12b940f
torus.out0.02929.h5	29a49513f8bc38350fc54a5d05a6bf08
torus.out0.02930.h5	a325ca5bf12be39d44469af61c7722a5
torus.out0.02931.h5	4344b73a76bb688590d476dddd314071
torus.out0.02932.h5	349503c4c5731fd68b666c77a78e5bbb
torus.out0.02933.h5	1d8103c26ccbb147c68fbb475e9c7ac2
torus.out0.02934.h5	af2e68c07e6b41e053653ef47b08928d
torus.out0.02935.h5	4c0d4b0ec3a26d958dc4da2d1f2dde33
torus.out0.02936.h5	7f5406fb9966033bc2715573adba3569
torus.out0.02937.h5	a582c55ee0fa3d1de5d228d8bb3fc47e
torus.out0.02938.h5	ef47eae734bfea799b492e0327efc69a
torus.out0.02939.h5	3e796c30894bd3736ac152c32d772982
torus.out0.02940.h5	6f4535a8c69d8ba56dd446339be12ac3
torus.out0.02941.h5	061d643c9b30b41ec7e2edca8a05ebd8
torus.out0.02942.h5	21c72de3651de1226d36e29c467f6333
torus.out0.02943.h5	c955a4b35cabae5d164aeb3198195ef8
torus.out0.02944.h5	7b4b33862351d235f7790bdb1eeae463
torus.out0.02945.h5	fd13e1169124748a51a3480bef6c22f2
torus.out0.02946.h5	3155f76501616eb060e314edc5001a85
torus.out0.02947.h5	1d620a1f8ea1c55bd50d3547edff25b5
torus.out0.02948.h5	1473ec5e48ba0c391ab7fc7a71ee49ae
torus.out0.02949.h5	cd6fe6f3168752b81947795ac95a5e89
torus.out0.02950.h5	5c7809f476ab84ce45b12d2c268173c2
torus.out0.02951.h5	2aa205bceb6857bff7bdbbb34148e6e3
torus.out0.02952.h5	cf635a6d4aca3d3ccb5d551977725df1
torus.out0.02953.h5	0ac48f433435bfc029579c5ab265ba01
torus.out0.02954.h5	7146982ff6c39ad29cb59eef11e7e799
torus.out0.02955.h5	8616fc9df382cf560c700858f104e774
torus.out0.02956.h5	8d1f7f7c2b1d76d4c1afb3c5749f6a6c
torus.out0.02957.h5	506d46ecf8ad550b4082fb14117d69b2
torus.out0.02958.h5	01e9c641dd1055a67bb7fe2052743124
torus.out0.02959.h5	03c4e1c8044e7f2dad493dc0e700a0b2
torus.out0.02960.h5	4024b56427e902da2c51643b4d9100e7
torus.out0.02961.h5	43e07ee05ff069060eae0e6bf211e25b
torus.out0.02962.h5	929b2e57a9dbfcb38801ce72ad1c29e8
torus.out0.02963.h5	232b8fc9125807f315b06ccbb1c481dc
torus.out0.02964.h5	61eaf2360e6ce836d863ece72e66975d
torus.out0.02965.h5	1d61badc80cb8cee90fac7f34f8db2ec
torus.out0.02966.h5	d38a1edb53d8331b73c6d788be8b602c
torus.out0.02967.h5	8907c50ae9a28c850696317be64f6aa7
torus.out0.02968.h5	4d70cb51bc8e4742479d96d430b0afc7
torus.out0.02969.h5	8a3fb2caf9461723fd4a75a1723abbcb
torus.out0.02970.h5	0a27f2bc4972360c7009a12864167ddd
torus.out0.02971.h5	7c002838c5832ef15ae8c127570bbf99
torus.out0.02972.h5	4e40e5cedefc2c339aade83a8ed3b95a
torus.out0.02973.h5	da8d0a23f2a6593728097f55648d78cc
torus.out0.02974.h5	00a2f005b924c368ca70adf944d437bb
torus.out0.02975.h5	049d9107786dd04618b220376358f708
torus.out0.02976.h5	565f05771da31b1112e4e50edf4c3120
torus.out0.02977.h5	fbf7335df9e5f6c84d1df0c621005bf8
torus.out0.02978.h5	d8db03330ec47801099c715e3c77051c
torus.out0.02979.h5	e6bdd05a57314eb0d51f7814e75c63fb
torus.out0.02980.h5	5e699367f2e9a5c15e67d7789bb797bc
torus.out0.02981.h5	ac02a1f595c5da608e5685bdea28d838
torus.out0.02982.h5	f1e25167a3d203cbb86420cc8404a99b
torus.out0.02983.h5	63e737da00fb9b9ddbab264abb38d3d5
torus.out0.02984.h5	f2ad046fe720052579ffd7094cf3bf9f
torus.out0.02985.h5	d6316610f010ba2f8192c32bacb02845
torus.out0.02986.h5	f699997fea54148cca2d4140796e9000
torus.out0.02987.h5	6c0d4dc8949412b8d6c33fcfae2599ee
torus.out0.02988.h5	cdcd289e4264b7a81e4d1e09dbf5c95f
torus.out0.02989.h5	aecfbbd2932df39bb6ce2ad2d7e40e2a
torus.out0.02990.h5	4a6c5259fb787c99f0d4e83d989ece54
torus.out0.02991.h5	7e1139978a33ba36e09a71fa0fccf89a
torus.out0.02992.h5	6442082c98a89bdfdce51544a1574ff4
torus.out0.02993.h5	2ca7f4ebc05058177ca1c17a6e6452e9
torus.out0.02994.h5	548a0b1f15793a6959c5ecca9a486294
torus.out0.02995.h5	87caff42e23755bfda5d05aba739db65
torus.out0.02996.h5	4b2751d9a588d024217c6dad8bd684bc
torus.out0.02997.h5	034b4fc6e17f548cf3bdab938af34f22
torus.out0.02998.h5	82f1a2b6c767aef28cf2036f487aee14
torus.out0.02999.h5	68d270789932a86b2d2a0e152b6f1d21
