torus.out0.04000.h5	819837f24da6976b8d0d4f6249f3de44
torus.out0.04001.h5	22ac7438a2720bd78d74c8cdd9f7516e
torus.out0.04002.h5	cd3e375ff57c7f4a20315a7677a73eba
torus.out0.04003.h5	920acaa8d3b6e8437f49b8f0934717f8
torus.out0.04004.h5	ba6e6e8235c4b9eb71b9171d37439c5e
torus.out0.04005.h5	96c02a2857685cd4f3bb716bfc6cb600
torus.out0.04006.h5	c6cbd78161ef939498c318007d2dd710
torus.out0.04007.h5	5b2643bd77d343fcda2416576801606a
torus.out0.04008.h5	ae85871de7fd2e22f9cf5327311cfa1e
torus.out0.04009.h5	700e8c46e6e5ab186afce1512e833f94
torus.out0.04010.h5	85b306370589b8ab9e63103109d28026
torus.out0.04011.h5	2ab7ff43c71cc92c9bb1a83bc0ce25ae
torus.out0.04012.h5	e28a2f7b6a6aaad2cd85be4ea43ae281
torus.out0.04013.h5	8abe8432f9a6b509ef8fe21570299cf6
torus.out0.04014.h5	b2990fffd1da71456bc7ab501b1f4e78
torus.out0.04015.h5	e595e95ca92711e4014fcdeb10e9b12f
torus.out0.04016.h5	96cf269f57dd513ea490830441f99fe5
torus.out0.04017.h5	ab04184acaa5181301f76d70d2aecae0
torus.out0.04018.h5	a82e9f45dff5daf7a53cf08cd29d081e
torus.out0.04019.h5	970a5edeb9d207d2a727f59b87fbde09
torus.out0.04020.h5	1cc228193443b5982d94cc08ab24ee6b
torus.out0.04021.h5	d7f84b3fc09d52c2b32511e7067e1387
torus.out0.04022.h5	00bae6263aebe7c0fbc51aba1d6aea0b
torus.out0.04023.h5	bf77c73ffaa85ca39587eaa96b73784a
torus.out0.04024.h5	873ab14884175b9f8508e252622403ac
torus.out0.04025.h5	8f9e0efb3aac01b728e0defb3ca92084
torus.out0.04026.h5	ee45c81a5318560263684c580555b39e
torus.out0.04027.h5	a00431b0dbdf4b0bc82157bde906c7ab
torus.out0.04028.h5	cd15081266636475cb215bf55212ef73
torus.out0.04029.h5	2de1d9767ada2e4326704f42c5994a63
torus.out0.04030.h5	ccc51466c97f12a79b36ff40b4e85a36
torus.out0.04031.h5	993968d44a329ca013857faf97c2ed21
torus.out0.04032.h5	d4c3b4edc51551a408ff5d9b84d804c4
torus.out0.04033.h5	94567cc4d64f235febe5ead8416573a3
torus.out0.04034.h5	e06696d4824646156686b39d0e75ec25
torus.out0.04035.h5	cdc6285d1537215255b7439f4b3b0edf
torus.out0.04036.h5	15c6eda829dc2983fde458374504ab7e
torus.out0.04037.h5	f0849d40403b99d372fb755ecfd62d99
torus.out0.04038.h5	514b9e7571d916f3b43dc9835f39d66c
torus.out0.04039.h5	1d3df191d783e575fdb9923ac67a4ab0
torus.out0.04040.h5	ada77e3eebfa5d9601b418a2bb81e76d
torus.out0.04041.h5	78be860a3cbd8b51c92904c0963e5717
torus.out0.04042.h5	67274c672d244a93aada45f072e95ccd
torus.out0.04043.h5	588be467af820b77b9c89df7708a8cef
torus.out0.04044.h5	8679104fb73055945e5cb1fd438cb4f1
torus.out0.04045.h5	296c57daca70250a06112f4f79e21e93
torus.out0.04046.h5	d5fa1be7a4fbfd38bab31facd4143407
torus.out0.04047.h5	d1f1aade16dd387000f97e95cbe43e8a
torus.out0.04048.h5	6732fe72d4a29733465e41398f47372e
torus.out0.04049.h5	85224fecdc3061dfb430c0cb15eb6fa0
torus.out0.04050.h5	b52998ba71fa3b64731a6fb1b3036607
torus.out0.04051.h5	678b3f86d319886ac81555af05c4b0c1
torus.out0.04052.h5	736774304c5cc6b5e5b47d6fdd8d251a
torus.out0.04053.h5	3dc14a15e66fc0ac3667f12ae8d4985f
torus.out0.04054.h5	0824dd2999b549dc9bbadc1de64ec771
torus.out0.04055.h5	e1b078f0859fa77bbe5735f9c9ee1f99
torus.out0.04056.h5	2b8b131714d6b81e31578a086c9e474b
torus.out0.04057.h5	63ec954014580e8eda1e89673313dd9e
torus.out0.04058.h5	221e5682a602dd18d4861ca0757efa68
torus.out0.04059.h5	0a5a76b2b8baaf2ce7ed4914c07b2d29
torus.out0.04060.h5	bf2af3ecaa3e13406b51019b46617c2c
torus.out0.04061.h5	3c7bf24530b47a8cfdc9b782872157be
torus.out0.04062.h5	53002d1aff254a7bc447f7ed865a360c
torus.out0.04063.h5	bd096a9be9a41f7273e8d32660f420c6
torus.out0.04064.h5	b2d7e000e696f51958e4cef7c0a03a59
torus.out0.04065.h5	267b5f01ef01ffb35bbd161ef2674cff
torus.out0.04066.h5	3ada25cc638cc6c21dfa86b2862b9c4c
torus.out0.04067.h5	44899be90006c8b46cd0a93351f914d2
torus.out0.04068.h5	46c16020de6b7f03eaa79751503ef678
torus.out0.04069.h5	150656be3180e4d8cba51c451d08c6b2
torus.out0.04070.h5	dd8b8923e600694e2e8567167e56cb78
torus.out0.04071.h5	2c50b3b25a9745831d48aaa2e8b5f3e7
torus.out0.04072.h5	5f5d4e93b362edfdfe18bafd56b01aeb
torus.out0.04073.h5	150b2d81f79d76ba8b0bbf5afcbdd42f
torus.out0.04074.h5	58bc3b4d76cd9a64f29df218db013b6c
torus.out0.04075.h5	9e2cc302d63a98639497450ef8e462d8
torus.out0.04076.h5	791f262c9ce1d199739a98d6a40c0df2
torus.out0.04077.h5	186b4bc796e7e914a70dd83d3cbc4304
torus.out0.04078.h5	99914a69ca0622b98f09efcfdc914fad
torus.out0.04079.h5	cf36dcca50bba26e2fda7b4684a4de04
torus.out0.04080.h5	da849909f2092b274761dc6e1c11b917
torus.out0.04081.h5	e3e2bc1fcf0fd62f7bf91b203a2b7a3e
torus.out0.04082.h5	b46821425a2e23f23000e277c74707da
torus.out0.04083.h5	b3a0b39d5da7f211f24ab2cbe0037d53
torus.out0.04084.h5	fafe4618a2989c457ba956b9fbd43632
torus.out0.04085.h5	5ea00a28da7acc9bbd6c234400fde819
torus.out0.04086.h5	45adec2726c2247905e105164f1352b3
torus.out0.04087.h5	339f78b71076b33b324acfa022cd68ae
torus.out0.04088.h5	a167a0c2333bc0680673774210d4f53d
torus.out0.04089.h5	f5e3c861dc5c56c8962c1b0754df9684
torus.out0.04090.h5	fa8b64a1f4e700f5e8407a28fcf3d3b2
torus.out0.04091.h5	e7010d1a6f533ccf7ef2121998466e5c
torus.out0.04092.h5	d3797d391770ba70b96399b013da9ca4
torus.out0.04093.h5	630562dab9b5cfff4c3c9dd5d9c20248
torus.out0.04094.h5	6684583bd5b74c10898267aa2df415ee
torus.out0.04095.h5	23e251c6844b31941824e45184413e0e
torus.out0.04096.h5	7c5b79b4ee113a9262590723e43a84a5
torus.out0.04097.h5	8887915bb2421e588464e692a7c2bad4
torus.out0.04098.h5	6d7bd77fa4ee57e7282b1bc94eb42c44
torus.out0.04099.h5	9392dee8587f57a5f6176b013e08d961
torus.out0.04100.h5	e12c6cd82c3fb1c1f741f980a557b187
torus.out0.04101.h5	cbd06a84f29e60e60c684dff6f11dc5f
torus.out0.04102.h5	51fc52a040f1e58e523dd500e466cb6e
torus.out0.04103.h5	d04eed79185974faf9694dd949c25172
torus.out0.04104.h5	33af2fb80434ebda2029911c3c9db4dd
torus.out0.04105.h5	9bb341c3952723f0f017a03ac9ef03b1
torus.out0.04106.h5	f485a921ca7256b79fd83c80df0ffd95
torus.out0.04107.h5	44a9d0d6554c029ed6d285eaec684197
torus.out0.04108.h5	9d69a928822acb7e0c99e86e4bcb88d2
torus.out0.04109.h5	0487ce1ea5fb85b5b4333f4592db9a15
torus.out0.04110.h5	1e6444da5fccf782cdd36afb74658756
torus.out0.04111.h5	b8a242186fd46eb18bc76564a6c7dbe9
torus.out0.04112.h5	8ca16d30d7c3af52d59aca1175f9818f
torus.out0.04113.h5	0422ae642b8b71273014ada602c7cb5f
torus.out0.04114.h5	83b79bacd735a2b95548203c29bf6915
torus.out0.04115.h5	218f8af79da73a7afd93e107fc7182ce
torus.out0.04116.h5	fc356ca38a7446365a3a34c25daf5053
torus.out0.04117.h5	f481b9cba2384eaaab7f97f755e29c65
torus.out0.04118.h5	3e5c9be1a5494bb643daea4bf445bfee
torus.out0.04119.h5	408b287f2d4a78b8def1eb0fdc64dabb
torus.out0.04120.h5	9c5e1867d3ec63dcf40fb48c046ed8ae
torus.out0.04121.h5	31dc12d7f4d32bc4d7685e16d7fcfa50
torus.out0.04122.h5	762d967fd4545ab52c0feb4bb415439f
torus.out0.04123.h5	ca3fc558f9f8fcfbcdb056d0e1a48103
torus.out0.04124.h5	740ca38fd917ea32808271cb46648001
torus.out0.04125.h5	c56383e8ba406050c6481d5268bf4b7c
torus.out0.04126.h5	b3203af8a488297a53978aed4f86a1df
torus.out0.04127.h5	9735458008bab0dfff74623cb31bfc91
torus.out0.04128.h5	5166ef07d889c1d38757e996724c6c77
torus.out0.04129.h5	d59cd7bb0d6c64399c91604541546c25
torus.out0.04130.h5	128467f6c3771ee6d76432a2f66ad6c9
torus.out0.04131.h5	810dd7886095641acae842a0ec7eee40
torus.out0.04132.h5	a985032d7f737bc79b406b06849e181a
torus.out0.04133.h5	fee35d3dbbb16c84a0882428e772eb1a
torus.out0.04134.h5	9e9d91fccb3db1e12349d1ff50fa353e
torus.out0.04135.h5	5fcfbf6a1547ff30714496858046232a
torus.out0.04136.h5	65c1828aa7b4acec13b52cb71db40c59
torus.out0.04137.h5	b0a365c11ce30817377c758e90225e92
torus.out0.04138.h5	8270fa97fa8103ae912a2247a01da482
torus.out0.04139.h5	d7a9c7513744ba7c5521206a46a4182b
torus.out0.04140.h5	92d27838ce7b19b3c7b97281de4bc1da
torus.out0.04141.h5	96b9df20555f796c7e93c5c0a6efbf4f
torus.out0.04142.h5	6e554f23eec73539bd1d2b9e46a06812
torus.out0.04143.h5	b0287a44bf893e9f14ad21c7de447921
torus.out0.04144.h5	7101d8246167698d86417ac4d14afcf3
torus.out0.04145.h5	944f0c24d94428b99ba8c8e14db34705
torus.out0.04146.h5	446fe22d88520be9f5d526f1b247ba0d
torus.out0.04147.h5	ffcbe2fb10268704d3027e3165eacabb
torus.out0.04148.h5	ed6d55a3f9872e7b140b4df87ddec16e
torus.out0.04149.h5	01174b3b5eda0eebeb1652e5e9ea6e1a
torus.out0.04150.h5	b8f60e193ca31e5d64ad52f20c592cd8
torus.out0.04151.h5	fdb08e9786a0e8d67a882a343d80684b
torus.out0.04152.h5	10b988d37f68a952fa5f199bea73cc32
torus.out0.04153.h5	460abf753c3bf8cb291546bd71887e76
torus.out0.04154.h5	e68d2586a2ebd593ef9e738f789dff69
torus.out0.04155.h5	6240648a9586e512250b3c3019f386dc
torus.out0.04156.h5	bfc266bba891d0b6ba4edbb2903761a8
torus.out0.04157.h5	87b6ee2b175349d713efc78ccbf1dd1b
torus.out0.04158.h5	d624249e7c93d833c495b4c49a029ee5
torus.out0.04159.h5	a7a91e39c20fd21016488fc8107c70e7
torus.out0.04160.h5	8ec42654b0743780a61efb9a474c0885
torus.out0.04161.h5	0c8d77cfcd04c881563bffbcfb7daef7
torus.out0.04162.h5	11d4878149b971bc8ec3932dab10da0a
torus.out0.04163.h5	3c6c72abbf2c044c21ae6f1517d9f598
torus.out0.04164.h5	d07899d4eef11deb009a74a5044b30a6
torus.out0.04165.h5	2c09a451c23efcfbea804b6dfd920ec0
torus.out0.04166.h5	a20d69afc421461c2b58d2bad474c89b
torus.out0.04167.h5	80f432ddd139fdfd3f1f5ca5fb2a331c
torus.out0.04168.h5	22f4a351c43e316bc01a41d41e38cea2
torus.out0.04169.h5	6f2de01f7d84ec26dfa09132dbda5a47
torus.out0.04170.h5	a7171473ac4c5f4901e2de924e550744
torus.out0.04171.h5	9bec21daa1f7f121768f2a5a2e6324a7
torus.out0.04172.h5	0037a7eed4cde7bedde87323868291c8
torus.out0.04173.h5	66246335f0ac04654d71a96ee4a17e8b
torus.out0.04174.h5	8c0ec7d8942e714b7de90c9055c1012f
torus.out0.04175.h5	73183a6af6e53188b9112918ce7a192b
torus.out0.04176.h5	6c43ece157e11ebb64eac4bc260d713a
torus.out0.04177.h5	35cd6bf86c6340ccfdd4210fa8743ff5
torus.out0.04178.h5	7ae772b575ad663d83989cfdd4e2057f
torus.out0.04179.h5	1808a3fe5d9d935e31dc4af40112acd7
torus.out0.04180.h5	8d0c337c800be513daf2a17278737707
torus.out0.04181.h5	dabdbefd3e3696b71de99d4b8f79a64f
torus.out0.04182.h5	a3f22b9e6680ced8f8d30532238438d0
torus.out0.04183.h5	2367896b684cee11bb63985cad113f67
torus.out0.04184.h5	33f3c96da005a6539318fd125832ba4e
torus.out0.04185.h5	1b0d82b27a01a39ab72a659de812b550
torus.out0.04186.h5	256c1ca85c6ec4bfc4e406bc5231b4db
torus.out0.04187.h5	ac4c49a67b30a7cdaaa07e433bd2dc07
torus.out0.04188.h5	cd68618e21347962b3b51f90e32e75f7
torus.out0.04189.h5	d724ebaaa3f0de5665dfe485d4d66235
torus.out0.04190.h5	11db14498e29a26d425f38160f9deaff
torus.out0.04191.h5	ebd798b7ef54f327510258e43035ca7b
torus.out0.04192.h5	816600f067ce967b1e32201c913f5fac
torus.out0.04193.h5	e3d141626c053da1f7eef8c0a04f40c9
torus.out0.04194.h5	5d7f817f500e1d72328407737d71b849
torus.out0.04195.h5	397ab87ac280b2f2e016f13b18d77ffb
torus.out0.04196.h5	65b8a3aa387225658c08e0e2b6d0d4ba
torus.out0.04197.h5	e11bca2b6d1d5e2e7637f35a71118703
torus.out0.04198.h5	3de5971b8b240898364bf2a60d7d68ca
torus.out0.04199.h5	5183f537552e71a30d38153f2c44e87e
torus.out0.04200.h5	3f34da75d7ad4890bb73bac187d4685c
torus.out0.04201.h5	72e4dc5007db253cfc9ba99118e17948
torus.out0.04202.h5	f5bda3ad520559ce0780946ed884da32
torus.out0.04203.h5	9c50f55033606ca23563d759a2de3ee8
torus.out0.04204.h5	bf11abf97c7eb9ee124bfd948c4d0e0e
torus.out0.04205.h5	fbae627af35f5a081593f95b340317ff
torus.out0.04206.h5	2c243a3864c24b00d7b8efc9f864fe38
torus.out0.04207.h5	08c97c10dfadc3f94505c2fb65cc15ef
torus.out0.04208.h5	26a693a491617f5ff7034c905f49955a
torus.out0.04209.h5	bc30f0cb7d65e07a5829dbb0312f6f5c
torus.out0.04210.h5	d296d6187681c22a27bf6d1e55352a01
torus.out0.04211.h5	e85f0358d56af5f5aa93f8ce66fb63d6
torus.out0.04212.h5	a6162ab851ae9424ab4af957d536da31
torus.out0.04213.h5	7ef6d7aaffdd59747c2ca69c3a1ac4ea
torus.out0.04214.h5	3d34bc285d4a8ab00b2ca42f2c23d79b
torus.out0.04215.h5	3f5dc1e34d8950fd98d02b40e0e057c2
torus.out0.04216.h5	fcee8d8f536d6ef17563420f43b5dded
torus.out0.04217.h5	88dba2729428037eef5398ae57d58fe7
torus.out0.04218.h5	377735c176c75152a8b61ed65e4e48f1
torus.out0.04219.h5	e52d4c51d0ddcb8c69a6152135e73ac4
torus.out0.04220.h5	42daac4238ddf74a07358ffa2db000db
torus.out0.04221.h5	ce6351a9bc55369cb752cf2b8f523b39
torus.out0.04222.h5	f0321b34b01730c02dd8bdd720817918
torus.out0.04223.h5	087c0acaf899f3ef6f254ac1874d3cb9
torus.out0.04224.h5	3ac6ece1180c85bfcb9128d07739770a
torus.out0.04225.h5	c33e5ed50e51006b1ad4278386109e59
torus.out0.04226.h5	4c1f8ca7cf20f28f1f72a9ea09970e2c
torus.out0.04227.h5	6661ac0075c239c7a7d999206a81c609
torus.out0.04228.h5	75734f7e2d25ccef1cab7a4630f6e0b8
torus.out0.04229.h5	a62330b3420440202378fc73d673f0f2
torus.out0.04230.h5	4146c63174acab17b0c45d3c8100babb
torus.out0.04231.h5	12f3bc4c7c91a138bf1f7c7b0556fb12
torus.out0.04232.h5	11730e77cdec3e001e09466396e2862f
torus.out0.04233.h5	3f16faf2bcd93e872294c3c54764d2e2
torus.out0.04234.h5	00597b315dcbd5d9db635bef13cecf24
torus.out0.04235.h5	434fa51659751f450bae53b403129412
torus.out0.04236.h5	56f63c88c23fcb294347af7633072978
torus.out0.04237.h5	d4c53453cb6217ef8b11b2a827c56371
torus.out0.04238.h5	08b4fb4185e1deee782205f08a32bd4a
torus.out0.04239.h5	2d67adf4b57dbba72cc9b871dd1925ab
torus.out0.04240.h5	a762c8e456b9a3c5c1c29bd8e165f985
torus.out0.04241.h5	2d2427e4240cc44f51421fb7d6af4c51
torus.out0.04242.h5	d1f44eb4be23f6a738d43136a24d7e96
torus.out0.04243.h5	c26ffe59002a61f8c481ec7f879f0907
torus.out0.04244.h5	406cdc09741af2f6dcc81097fa4c5d16
torus.out0.04245.h5	7375f01424d2d90f599b05bc967adde2
torus.out0.04246.h5	eb50a99c2f584c35a61c74b4072712f8
torus.out0.04247.h5	8a66fb146fde8e62dc51757c04d59d40
torus.out0.04248.h5	d1af53eacde85fa0e206e0d3d282263d
torus.out0.04249.h5	d2bfe121f0753928734702df1ced78e7
torus.out0.04250.h5	d6801ff4e96c276ee4a97028ce04822d
torus.out0.04251.h5	be8702ee8c6a92b97a94bba287e2b33f
torus.out0.04252.h5	ae7cd8c3040de253f8d267bab93f1d55
torus.out0.04253.h5	f41ae572f34aa4863408aca346b900ad
torus.out0.04254.h5	c1db100bbcc3a7f123f90ebc266a0c2f
torus.out0.04255.h5	a3968edffab784ca1834e6df4b24e06f
torus.out0.04256.h5	2a0e6f021cb0af1b8fa2f1314945c338
torus.out0.04257.h5	d15299a75b42ce24d55f80b5babf08f4
torus.out0.04258.h5	1a0a3f79f3bd1499cec5e8931bd0443e
torus.out0.04259.h5	77875fa8a5ef051f93700011e8468746
torus.out0.04260.h5	c008803499db10cf17e8334062fd7376
torus.out0.04261.h5	9532f46f3620d3718df9abb13edff31c
torus.out0.04262.h5	553f6f32ee69fec6525b7e9161883635
torus.out0.04263.h5	b6776f70ffb180c77f3fecad89d4fc1d
torus.out0.04264.h5	00bb2d3e214e403f0472ce154fa5d905
torus.out0.04265.h5	35e1a6813950d68383e15d93297ed87b
torus.out0.04266.h5	a36118295806202a84bbda04f53afbc4
torus.out0.04267.h5	0c3eeb073d100d55e96b8050be0e4346
torus.out0.04268.h5	c0f139aad72b42db900726b099068602
torus.out0.04269.h5	cd1c49b14349375b0492336b2970e9fb
torus.out0.04270.h5	4445e1b55fe5eeab5dc2a5dc9d77e054
torus.out0.04271.h5	faaee9026562c3d7ef64f9bd91909525
torus.out0.04272.h5	6d612c53618ce9647e1b84377dd1ce50
torus.out0.04273.h5	e57da1f3a63a045833269983a3ccb4c5
torus.out0.04274.h5	c727661fe088751bd115d1b7efcd31ae
torus.out0.04275.h5	071f053c57c289a947d688df36df801f
torus.out0.04276.h5	c2288da98751e95c15179d9d4fb91fc1
torus.out0.04277.h5	002a17fc3cefae3cbc938cadd88efdc6
torus.out0.04278.h5	abc45ee4a0b66f158d82260285d9edaa
torus.out0.04279.h5	88156abb438e298df70e9d2e6b7ac868
torus.out0.04280.h5	a8cda0b402853b20045f2c3f5ef9d50e
torus.out0.04281.h5	99403c07c339d01fdf0d050ff52bbcbb
torus.out0.04282.h5	c25740c8dc3b54d5a17fb1b5959df252
torus.out0.04283.h5	59d250f16e2289637c1b5c2a0abdf907
torus.out0.04284.h5	ef9dd74dc5382b9cd24e79bfd4ab8775
torus.out0.04285.h5	0592be00e5ac538bfec48c2a5cbfa8f0
torus.out0.04286.h5	0e9f2e25fb8b39eb3e437a315c836418
torus.out0.04287.h5	f33831314b5ca224e856d5fd0e7c79a5
torus.out0.04288.h5	8b347dc1d01a5c9fa9e435fca69315ae
torus.out0.04289.h5	27031a41388ca3892c2dfcc23564029c
torus.out0.04290.h5	71ceeb3044a006b328ecc1cbcc104711
torus.out0.04291.h5	ba9e9dfa770eb8b269d7323863688442
torus.out0.04292.h5	fcb707a3d639cafada352df5e31428f4
torus.out0.04293.h5	aa200885405a1d133a6f9e6ca5ff8758
torus.out0.04294.h5	ad9c83d5e500e4050d12416f50253dac
torus.out0.04295.h5	c344627a98c1f44a2c60f7bc60fbc4cb
torus.out0.04296.h5	f119ae37b0f5ff2cf3dbfe78542be52c
torus.out0.04297.h5	ae0c55b11c7e39947c0abf0ab0fef419
torus.out0.04298.h5	a7cef54c2f07f16651cbe9be3c765a6d
torus.out0.04299.h5	634edd730e199f2756ec44a4fb4a8b5b
torus.out0.04300.h5	b74b4be5d73f18d7bf9ab72cdc0928a0
torus.out0.04301.h5	036290fd593c5a4a2626af42b3625b26
torus.out0.04302.h5	28467bd0c1f1b67590944692ba1c8c60
torus.out0.04303.h5	3664768cc8f070e092457c6649a498f0
torus.out0.04304.h5	35336fd0195014f30a76ac1cbe19c4c4
torus.out0.04305.h5	3190e12803489a7f081543020c8f325e
torus.out0.04306.h5	e8b919ca25589d827c52f0a633dabc47
torus.out0.04307.h5	a5b16f141fc19fce136d4bfacdd3ca07
torus.out0.04308.h5	494bc7cb6b00d9bc47fcb8b65326eff8
torus.out0.04309.h5	44f7e94bab8f72dd4b157f9052dbf218
torus.out0.04310.h5	fde6934ffab8c876d272ec9c502275d5
torus.out0.04311.h5	318e49aaca1ae45539d2c2f5c8a810b1
torus.out0.04312.h5	4242c172a7eab548bfc9c46cf636e7b9
torus.out0.04313.h5	7695986d24d45c3dbdcd9f36fed85d98
torus.out0.04314.h5	667aeb28467fc4a5a0a5b6c344dd565d
torus.out0.04315.h5	f880e5ec89e43a8cbfda293b34524b05
torus.out0.04316.h5	d5243550c0431518837695ef9dc0b3e7
torus.out0.04317.h5	0f4d1228993dece510c0e61bc05ccf64
torus.out0.04318.h5	7f33ae65b3d10295f0d277ceb79e5e6c
torus.out0.04319.h5	c137850f304fae878c28f241eec9d16d
torus.out0.04320.h5	523db103224f070254dc3c98c44381fd
torus.out0.04321.h5	623ea2a820d74a73e3889d3e6f5c8276
torus.out0.04322.h5	eaccc62fec0c4a3b589390613f143fe2
torus.out0.04323.h5	1f9a24083e0742107ef88e5d69626e8e
torus.out0.04324.h5	b9000f4668bae4fcbf10e5fdd041976c
torus.out0.04325.h5	836b543485bce3fbac756d2e9b7330ff
torus.out0.04326.h5	3fb8a3bf0c016816ed5b19a63c006eae
torus.out0.04327.h5	9369548372ea694fee486fd8ccef3130
torus.out0.04328.h5	1cf8ec6f45d1882514b02de1a9c40874
torus.out0.04329.h5	1fcd5b4318b2aa509652d0e74af7782a
torus.out0.04330.h5	164a9bc78cf51b168aa135030e85483e
torus.out0.04331.h5	ec0a80efd3b4dc87441bb590b2a1e4de
torus.out0.04332.h5	c2b35142ba157bd0711ca65c821540ad
torus.out0.04333.h5	0cb87a26527f351d3102720b971b2c3f
torus.out0.04334.h5	d2ca7f19caef6129e63e0c859fa01d86
torus.out0.04335.h5	855a2616be295b2afb9b364d8b96e283
torus.out0.04336.h5	9310267b308e00b0f9f4f59d64dca3bf
torus.out0.04337.h5	190b5bd9db8385814d71c9a995a9daf3
torus.out0.04338.h5	82405186bfed348b94b795ec5796d0c5
torus.out0.04339.h5	5156419bee6dfc676b7d4f513ec1a6f2
torus.out0.04340.h5	11054c84f197ed08b5f45e4adb328e25
torus.out0.04341.h5	667fb2da84525bf5f289c434b5ebe39f
torus.out0.04342.h5	ac8b847b239ce3781d4eca68a75a9740
torus.out0.04343.h5	c261b2040451593c3e15078cc97a76df
torus.out0.04344.h5	be1aa371d07635edbb25e9dbfad06fcb
torus.out0.04345.h5	28a361d9713799b3d79a660f75249387
torus.out0.04346.h5	6a067a6efc18dff497f641fa9546f467
torus.out0.04347.h5	ebf974e079605a563af5cd41c642387a
torus.out0.04348.h5	8fdd882e8c8ea2707831e94010b3e590
torus.out0.04349.h5	e5ccc597ecf7c3f3c0ec30d65cdae346
torus.out0.04350.h5	5025d8a59d51b610127ac48f6e551840
torus.out0.04351.h5	75efabd894943ed8bbf9812bf0233c31
torus.out0.04352.h5	2f6131209eb3d905cf67da260dfeb33b
torus.out0.04353.h5	115be47afee9289083b41b75d30b744c
torus.out0.04354.h5	5c5d9c211628538a86ec87f56dcac79e
torus.out0.04355.h5	4e1c859fce2df837b2e617d472a1ba6d
torus.out0.04356.h5	b894b84c5d9f05d318212845c9b23e02
torus.out0.04357.h5	3e5ac0c377050c4e970b3571e4215289
torus.out0.04358.h5	8ce67ea2f1570ca840db4b2e10540ed7
torus.out0.04359.h5	a61908c72a4dd47f4ef2852b7397d8d9
torus.out0.04360.h5	8ef79a547ab809447885e3da563d4428
torus.out0.04361.h5	7ee3f448cbb7726dc08e79887102336c
torus.out0.04362.h5	33672f191108d7a076a8cb77b38a4c80
torus.out0.04363.h5	427f0884a5a688711a9ba814888615c9
torus.out0.04364.h5	dc120334449b9946a0d3175c08fd23a1
torus.out0.04365.h5	527d80cb5c6559820a843a018f83d091
torus.out0.04366.h5	04ea1c983c4b87c0de84783c2718f5e6
torus.out0.04367.h5	f7913863c117197fc22566bffa192978
torus.out0.04368.h5	4f4b448e005201ddd9bcb79fcf3675b4
torus.out0.04369.h5	eb665e2669c4954a96b6cd6030874776
torus.out0.04370.h5	e95c26f45dc51e376be3d024cee02f3f
torus.out0.04371.h5	5a5cbbaca6cf870d02456f0c57d704a6
torus.out0.04372.h5	321c2ac03aacc959b6db0131e4a40876
torus.out0.04373.h5	b1922e0010bbd44d30dd24366a883ba5
torus.out0.04374.h5	4ad1fea36d824e5276d35e9014194e16
torus.out0.04375.h5	e05e56cb7d61dde247253f14d7efdc1a
torus.out0.04376.h5	7bbce162f0530995c0fd14d15324c231
torus.out0.04377.h5	3d3eef7889287d3e5abbd59a45c6e396
torus.out0.04378.h5	7ed64c18953ef7fccdcc12b6b7dc9dd9
torus.out0.04379.h5	b8d23a3d8cfd747411042b8af5c36b51
torus.out0.04380.h5	f8094796c577e4c2a56e1d51fd6292f7
torus.out0.04381.h5	3db2c733fd7457be616476d6d969944b
torus.out0.04382.h5	35714755c03539e1fcdc2eccc1003d06
torus.out0.04383.h5	8d3658b5d1369733144b440d616aa2d3
torus.out0.04384.h5	2051c34978560e92d6226d8975970a4b
torus.out0.04385.h5	15812252798e007f8855578d9d5e4d44
torus.out0.04386.h5	4828607c2f2f074d2a025edf320ad548
torus.out0.04387.h5	f24a44976e3dfed64a93d066ef48fee6
torus.out0.04388.h5	03314e83cfa084ed3ab4de045dc8a476
torus.out0.04389.h5	1f79df4c558b94b21b5b0ea072feb269
torus.out0.04390.h5	0c86b97091be2818496891dfecbbe759
torus.out0.04391.h5	e0367a7fc28519490eca6849cc7aca6f
torus.out0.04392.h5	d614d629ad174c41cf3529f5c5f7bc1d
torus.out0.04393.h5	c3b8bdb59915bc15e79bc237ddca6acf
torus.out0.04394.h5	ea29d338a63a36984263e711d9420828
torus.out0.04395.h5	33639218e4358fa10e429bfcedbab607
torus.out0.04396.h5	54a7e9cd0ae61f4cefb2d1aa44596ffc
torus.out0.04397.h5	c22de6552000c17547326c6245991d1e
torus.out0.04398.h5	346371b8a222ea94e5eeecd285e67b39
torus.out0.04399.h5	2dc99076269ca338dddab8867ffdec2a
torus.out0.04400.h5	de1a5ade2eb24c7b64403365b5f2727a
torus.out0.04401.h5	8215fbc8c6218e5bb7b57c50156f1216
torus.out0.04402.h5	83a57590258002f36b03711be15d94d5
torus.out0.04403.h5	f72c4aedfa634c6fc334038e18a9f029
torus.out0.04404.h5	80db5a2c9a691bcf411722b11fe39086
torus.out0.04405.h5	a7c5958b6201c750d498410337f51f4a
torus.out0.04406.h5	748bbb820f987c9937a5ca455b456dbe
torus.out0.04407.h5	756675006d972db57c612741be9e5906
torus.out0.04408.h5	a901d9739c92197dda30c653a4fc9f14
torus.out0.04409.h5	7af1b3faf5a459e1ef3714cddf5e3b93
torus.out0.04410.h5	0b5c6f1e35bd4262b1c9ec1996b82cfa
torus.out0.04411.h5	77589a05fd2526dead508daa3f0b5069
torus.out0.04412.h5	107ffd9a68b079912f454579960b6ecd
torus.out0.04413.h5	16378bbd3d8bc7f470ef02a25d1da34c
torus.out0.04414.h5	7255d6c57f5dd3c7b78a2ee6f7e36fdf
torus.out0.04415.h5	daab2de38ea29edc6f51a9482c6891b2
torus.out0.04416.h5	63350762883fe56354072a339e0dcdf4
torus.out0.04417.h5	6f7b44b5b9dcc289afd29922cfd9017c
torus.out0.04418.h5	929a06866a77be0bd22699c9b1b8a87e
torus.out0.04419.h5	c0d1705d4724a05eb9682591b71e2755
torus.out0.04420.h5	f5c7c87d85002892c5c435888c58ba14
torus.out0.04421.h5	ecd1c6729108083fef39326eb79ec574
torus.out0.04422.h5	9b12d3bcf6b1634dbc77d3cd73da3785
torus.out0.04423.h5	22c9a55b9f090f3a9947352738306c65
torus.out0.04424.h5	6ff91ac45aa631da7ab0c34487f1e746
torus.out0.04425.h5	3e9f15661ca88a7731c9e4af15bdd78a
torus.out0.04426.h5	789d992fe3f8c2f222eca5abc3072bbf
torus.out0.04427.h5	df25097d597f963c69d004968617ef9f
torus.out0.04428.h5	c4c4db093cd75a68aa5f12931210c450
torus.out0.04429.h5	9917d517743869c2424398d42fa6bc07
torus.out0.04430.h5	0167d0d7ed22397278c5da6c2bcbaf59
torus.out0.04431.h5	4eed4faf019e3c8a33db771e5e4a24b0
torus.out0.04432.h5	6870dfd0c86b4a358e572730ba5ce5ec
torus.out0.04433.h5	3bb66e747038034e85b43992a1fa2fb5
torus.out0.04434.h5	7a39186e07f55e1aa941c9c814c8a09d
torus.out0.04435.h5	4cfcb1edeea5f3ee08f009637d493b79
torus.out0.04436.h5	14d3432b693983999a115a3858faf060
torus.out0.04437.h5	4bb28373ef50967a843917b12f480fac
torus.out0.04438.h5	1961f0939e9d60d0ebb0e03e8968859b
torus.out0.04439.h5	18264a5592ecfa661f11c5195efaf423
torus.out0.04440.h5	d10de7bdfe34451fe366315de7a2411c
torus.out0.04441.h5	a7ccd990e3710ceb68fb150ac1e27ef2
torus.out0.04442.h5	92b9780b78f46d350800c4ee22010925
torus.out0.04443.h5	0b3fe22e6b9f74bb9440c9a2750e4c64
torus.out0.04444.h5	c31332dc45bdefec46a412758f5d7cbe
torus.out0.04445.h5	f0ef32b54749da024d3ef859f7400dd7
torus.out0.04446.h5	7a20793b5ffc05f3f718d6f6424709da
torus.out0.04447.h5	f2e7b7329d0e3eb7afa30542ecbf4b4f
torus.out0.04448.h5	bedc84e5001e4f9476d1ff3f8f18f097
torus.out0.04449.h5	15e97cf07dd23c1a9d768b28edfa4357
torus.out0.04450.h5	5684de06703bbcc1c3c55376da3a346a
torus.out0.04451.h5	126c572134aca92c9739aae1b9fda26e
torus.out0.04452.h5	c95d903bb497fe48002a9f2e2b1dfed0
torus.out0.04453.h5	5b3bd191787ff6a6bafc0982ebef5b41
torus.out0.04454.h5	e0c055110c4eadceaa698c50e2ea7beb
torus.out0.04455.h5	bfbd1af991981ed01a7ea63bd36dbcec
torus.out0.04456.h5	62bcde8bc97f47fa09ccad80337989e7
torus.out0.04457.h5	9806995fe40006774972c6a5687027b6
torus.out0.04458.h5	9b701f9db16942ce22c245d686a96612
torus.out0.04459.h5	7b9d0a5084f28483f9ae7a8b971b0483
torus.out0.04460.h5	b4db2c9e924c69a8b76584e0560ea655
torus.out0.04461.h5	94ad99e8edaa361b45888a32d2c9cfe1
torus.out0.04462.h5	668d25191f813985d6d3e1e12f82734c
torus.out0.04463.h5	6ed8e700270f7675a78b295f4c4b6781
torus.out0.04464.h5	3b156d714ef30392a2d9c7a8715f485a
torus.out0.04465.h5	b785bdd5485ddf2328194c218ea7f1a8
torus.out0.04466.h5	1714782eca3c17a8a51068b6fed1d348
torus.out0.04467.h5	1dfa872897bc66e2decb525b22e8b453
torus.out0.04468.h5	3f02940d977d3c9204ea94294155848a
torus.out0.04469.h5	4d0333a876695ebc866326ac3105f004
torus.out0.04470.h5	1f8eed5bb9ee1a28bb3c99b06d51ba5f
torus.out0.04471.h5	0842a91e1ef328d71f6ea1969b08acc6
torus.out0.04472.h5	4046ff92dc496692b1ebf6fa0eb5ee67
torus.out0.04473.h5	dfaefe6b241857ec8d8db4ad355ffc74
torus.out0.04474.h5	171763a4986fe47777212ef1e7a83289
torus.out0.04475.h5	3d1663b4ca045b4cdf5853944bb14d49
torus.out0.04476.h5	359496c1bcddfba23b6f129c01584be0
torus.out0.04477.h5	8d69baf45a9d7f23324a2e26eb27afee
torus.out0.04478.h5	44249d87e8fb5c1146bee9ea84654073
torus.out0.04479.h5	b17cc84576690ee583b6bf71a69c952a
torus.out0.04480.h5	4466b976face23d503e7844c82984da8
torus.out0.04481.h5	f35a073843778bb87327f4a5bb4abb9e
torus.out0.04482.h5	9aa8e0ce2be33aa611d5b5dd5bae112b
torus.out0.04483.h5	77528bbefb9dd6947037192ad2e75841
torus.out0.04484.h5	ec2776103c811f75e79fb9968651bbe9
torus.out0.04485.h5	4c83f16ea83f0068add1b0d2f90dedfb
torus.out0.04486.h5	aced73f4b0ab069633da904baae801f4
torus.out0.04487.h5	9569072542db7beee3cbf62054aff8d8
torus.out0.04488.h5	53f2cbeeb11515489daf0801b4ff9284
torus.out0.04489.h5	39df601c9cfdc9f9b04f1c6cfa5a3a0f
torus.out0.04490.h5	24370f417a8a48cc63747319061a9803
torus.out0.04491.h5	9f8a6b61f2e3458abfae710e0ee7c2f2
torus.out0.04492.h5	e1c7f85e79e0e826fbc2ea8b36f1d88c
torus.out0.04493.h5	46897f1bdeb6138fb7e4460f8d610c1d
torus.out0.04494.h5	bab545a200d252525a612799d525216d
torus.out0.04495.h5	deb4c09665ac48b66fe7112b8b2249c6
torus.out0.04496.h5	ea3caf876291ec4bd3a6ffd861db90a3
torus.out0.04497.h5	94027ce153ddcadbececdd894a26da9a
torus.out0.04498.h5	1dfdc56d5a44c9bcc389191c22c476a9
torus.out0.04499.h5	f5065a461e6cc14f4387ea6915c82229
torus.out0.04500.h5	884c566c2ad4d59dc0a4767a14f098fa
torus.out0.04501.h5	557199fa4d22b22a2672ec349b92fde0
torus.out0.04502.h5	0948200c8d46746c3b06671264cbd48c
torus.out0.04503.h5	1a9de4a1c2cb240f9074c3bc8f7f463c
torus.out0.04504.h5	012d523b2d5f16d518e741d75d9d8aed
torus.out0.04505.h5	52ad3393df9bbc83d4820da82fb19233
torus.out0.04506.h5	410e3a533591ae3da8c1659fd68b4bba
torus.out0.04507.h5	3aed91756b83e3f0338dbd48c321e03d
torus.out0.04508.h5	aeb8714a32cbc928f8c14fed59be15e5
torus.out0.04509.h5	7e1642cecac3b318f8fe66aadf372475
torus.out0.04510.h5	6eee4e4c48818023d7e3bccaa462e072
torus.out0.04511.h5	65f8c5719395a8303f909b76391721b3
torus.out0.04512.h5	479a32884198b948fbe258f733db669a
torus.out0.04513.h5	06200466f14ac858db11d232ea48283a
torus.out0.04514.h5	b77f8380f1dd2ec1d9fc25719286149c
torus.out0.04515.h5	255a1381d571adb40fad23a1752aa1e4
torus.out0.04516.h5	474ee492898cedd206f87778ee17c2dc
torus.out0.04517.h5	812d564a1828af2683642110320bc9e6
torus.out0.04518.h5	1ad6e12d7f74b35c98d265d3a6797203
torus.out0.04519.h5	df9bfc0d9c120fe0750b10e54b74c9ec
torus.out0.04520.h5	5ad4a9c14612dca8c8a88e3284f300aa
torus.out0.04521.h5	ca83a98e4b7369a07f75860ed0be89e7
torus.out0.04522.h5	ec058c268868f3db6fb2fe15a3944bba
torus.out0.04523.h5	a284f5c6720e3c4398d4730620eaa22a
torus.out0.04524.h5	16d7aea8a633068884d8e2aea541b064
torus.out0.04525.h5	cb1e34c0f832c7485f70d3dab93a1763
torus.out0.04526.h5	ce70a45ed9c08f41fbc170fbd10a8b04
torus.out0.04527.h5	88c00cea1ede3b5fa0d603fc66e7edee
torus.out0.04528.h5	30a0b88f4a4214ad8e3dce9e8d544b60
torus.out0.04529.h5	ac22e3a604744550f4f5e2b592649fd1
torus.out0.04530.h5	db77b6b836050814602f04f193d75c39
torus.out0.04531.h5	4e3bb88257b91228682a47c0a07d597c
torus.out0.04532.h5	9f0f04da719106175e1ce58eb3c4bad0
torus.out0.04533.h5	c0370258bdb2a13fe35c33d7773ed4ca
torus.out0.04534.h5	91d7715910d9b6c75c183a97318f8c3d
torus.out0.04535.h5	8f3fad3ee8f399d64b8387fecfc99a84
torus.out0.04536.h5	80f81dc23db32bff2c1e22334dd1f752
torus.out0.04537.h5	d4c688373ea7642ca45599f81fdc1751
torus.out0.04538.h5	433e2ada08b7e5be4adcf41ec720bf0a
torus.out0.04539.h5	2ca445aee655514a2e805e1ce0a443b0
torus.out0.04540.h5	ca520bc9d1f771cb9c2dad67e7198de5
torus.out0.04541.h5	8741c51f3e2fdeeeba3e433edc91ef11
torus.out0.04542.h5	95a03b25c6cec3975370e9cdba40612f
torus.out0.04543.h5	19b7177cf5ba4a27a3e00c54c385ae52
torus.out0.04544.h5	d63a30f97c3779898acdc6df1f071b64
torus.out0.04545.h5	2c817217fabde3cabe4a50d0366761ae
torus.out0.04546.h5	6d4f65c48ad430fb81583abc529e7ab6
torus.out0.04547.h5	66cc3939b609843129adedaa1f84849f
torus.out0.04548.h5	13a1adfb1c96849aede0bee78c1db354
torus.out0.04549.h5	e72f872e1988ffddfd50c408a4adcd21
torus.out0.04550.h5	4e6d16046538455f3c8df88ec5db339c
torus.out0.04551.h5	a7606a3856f5b4e9c4a2afcadf57bc55
torus.out0.04552.h5	111653a40101f86e97bac011dc4e0d27
torus.out0.04553.h5	5e835226959d5d84e3aaec879fa780a2
torus.out0.04554.h5	188512fc07cbad5beb14061fb50a61e3
torus.out0.04555.h5	8046184a021b5cd7983fb2d5faf26d84
torus.out0.04556.h5	3de0394791e6829ad6b46030fe0c46fb
torus.out0.04557.h5	8c4b0c439b5a0b16471cdabab31b2a83
torus.out0.04558.h5	a8a42ac6484432346696d74dc79af6a4
torus.out0.04559.h5	c94c805844b239297b33c09af3aefd0c
torus.out0.04560.h5	70d05aa05bca81ffaed6d2880584961b
torus.out0.04561.h5	e8b46060f16001505b4c2d89bbb7dc0d
torus.out0.04562.h5	5d317e2b2dae9d09d2ed44e69cb24a06
torus.out0.04563.h5	f1f61b04692d10c3781633d4a2576ffe
torus.out0.04564.h5	a7ffdbea0ae82a5452b8d34fba4adacb
torus.out0.04565.h5	e14b6ca8d70ad594528d086cf3567ff2
torus.out0.04566.h5	474b20f7e000472fca718fa7c5f76e33
torus.out0.04567.h5	93285eae1f8fc2639f244322f8fa40df
torus.out0.04568.h5	67a620a40dc58171f631e8e74c2a4de8
torus.out0.04569.h5	6e76106e386b82c3e2909a9d4f658e56
torus.out0.04570.h5	550b20a583668feeef45c3e97959a98c
torus.out0.04571.h5	9196a426d2475361fb38d0a937a405f3
torus.out0.04572.h5	25a649ed54680b06abb89c27e217c09b
torus.out0.04573.h5	1725f77b1fb849c98881b4d7a19dc534
torus.out0.04574.h5	5a330e162cfc5ac00a79ccb7e8133f6b
torus.out0.04575.h5	45ddd893a7148306e241b961202f2247
torus.out0.04576.h5	5e848305c3236e5aaa1c191e19f3c74d
torus.out0.04577.h5	bb797db84faebef38499daee764cb87e
torus.out0.04578.h5	be97e33f02c8b6abdcf7de1bf0a9b2d1
torus.out0.04579.h5	eccbacf005b3044e2d12cbd5c09d7faf
torus.out0.04580.h5	99710b38bec9803139206c631cc934fb
torus.out0.04581.h5	cc4bc0624226d83c7e309f8efa333d97
torus.out0.04582.h5	0188bf84e9c3a3ed4ba186c7fbed78d7
torus.out0.04583.h5	bf41d700e36d5ca547005ce4c698b8ce
torus.out0.04584.h5	755dacd95b7f7dc6a8495946dc02a700
torus.out0.04585.h5	3ca636d0aeedd60933757d198e151c3d
torus.out0.04586.h5	1fb0690e18b59c88096e90501f6595ef
torus.out0.04587.h5	363a2f81ce88b1bbea5d88b0e42498d0
torus.out0.04588.h5	abf483ba2c20b2f7a2bd018ff259f41a
torus.out0.04589.h5	073a6a6742c3be637ddca024fd8a889a
torus.out0.04590.h5	15bdd9d502163e13666982407e7ec605
torus.out0.04591.h5	ba2afd6abed6c19bb77b97337214743d
torus.out0.04592.h5	b7f076c539e5a11d46512168ea9848eb
torus.out0.04593.h5	0278bc335849ed80ba3724764f4f0233
torus.out0.04594.h5	e0a151778e71094597a4c6550aa13891
torus.out0.04595.h5	58d840395d34ea5508431b46f0012dd5
torus.out0.04596.h5	d55029c04f07cca2a8a2e28bce0fa13a
torus.out0.04597.h5	f27256c450fd710805643014352a8b4d
torus.out0.04598.h5	442c9b8cd8687cea289eefbb6cff1289
torus.out0.04599.h5	fd2c00fd80605ba46c2e07733f6e3f86
torus.out0.04600.h5	557331f8695fc6ec745f161f0033b4e9
torus.out0.04601.h5	3aa2d25ec81a5516b4eb5b7c209acfdc
torus.out0.04602.h5	7aae263580fa6c00b19943e73f4003ef
torus.out0.04603.h5	a8b6971e319684268c7e5c4f4ee513d3
torus.out0.04604.h5	08bb3a292a25e722911010085c31a992
torus.out0.04605.h5	ebdcba44b56d239898fb9dd8208171ac
torus.out0.04606.h5	cfa6b55068e5e694776b62772db1afe4
torus.out0.04607.h5	9f0d499a699dc2d1715bee2d0e2b6a75
torus.out0.04608.h5	9fd3cd63d9cdc58e2d67408fb8fb7546
torus.out0.04609.h5	8d1e14765ef3a15ea08a6958cd286d0a
torus.out0.04610.h5	9e5a29aef9d8b4dc870961db23a27c05
torus.out0.04611.h5	3855bf6da19f02d3633b797ecf292549
torus.out0.04612.h5	b9f081a73a5f5ae5ca5a7d11fea93409
torus.out0.04613.h5	1b5596ff945a1054d41952fdfeed0abb
torus.out0.04614.h5	5bc79c3576a737d08101cf462a712401
torus.out0.04615.h5	5248563588a2163f70eb38b72bb7d4b5
torus.out0.04616.h5	9f3f2669ea5ffdbe5472cdd67e534a66
torus.out0.04617.h5	d5dd350497143216020677247a0751cd
torus.out0.04618.h5	7323ab54c69bf5232e5c1f34758adc85
torus.out0.04619.h5	34dd755aaecbcb85f3fa2a88972cc58a
torus.out0.04620.h5	461b9ebd7631b5fd868b0bdeb5abad3e
torus.out0.04621.h5	d32aff942749d6903d1e8e1459be01f7
torus.out0.04622.h5	c65a5ad4cd03af0695c9111946e5e869
torus.out0.04623.h5	45d45349f23fd3ab6e049ad4400e469e
torus.out0.04624.h5	80bea312cf66458bcc3ef529a8432709
torus.out0.04625.h5	71ed215f885f490c69b305ba07dc632a
torus.out0.04626.h5	73c2c4fba83d2a79f80200a6f1308a10
torus.out0.04627.h5	576775e5f022dd50936953f3acc3a41e
torus.out0.04628.h5	987eb7b189950921af283ea335335f4d
torus.out0.04629.h5	50e922d409cbaa52e9670c39138421ee
torus.out0.04630.h5	21d8bee2566d8ffda2c9979b9f93016b
torus.out0.04631.h5	7553501e817cf8b27ac6659c0a8678be
torus.out0.04632.h5	03d293558a2bb2f1412e9b5257d60e7a
torus.out0.04633.h5	701ee417f162f1cfdbcd758ab08a65a8
torus.out0.04634.h5	77a83fc4d9ac0c935a6ea7a911a3052b
torus.out0.04635.h5	c2efdb52cd5de5153afcd16556810a71
torus.out0.04636.h5	f75c342ca820b6af5c3c77b3f2e35462
torus.out0.04637.h5	6e93e10754cf0faaa0fbd6e2e4c58b99
torus.out0.04638.h5	03d9cc8e84f8a1030a80de2003ed6267
torus.out0.04639.h5	93b13854a434cb4cf2ebed233206889c
torus.out0.04640.h5	df14fdf2b291917b34acb2b99f11921c
torus.out0.04641.h5	24eac08a53e80c5cc3796f221047f30a
torus.out0.04642.h5	2c588f35c112ffec05ef65fcaa53cc4e
torus.out0.04643.h5	9672e5470c962a12e7cbc1285d872309
torus.out0.04644.h5	275932ac999f22849095d53686e69146
torus.out0.04645.h5	034371530c6af5810c44c3739bf94371
torus.out0.04646.h5	dafc0099f59c7011745a283ac462a5a1
torus.out0.04647.h5	03aecc2087df57b319cc5f927501556c
torus.out0.04648.h5	fe45888b5122fa9e7409d149b85732bf
torus.out0.04649.h5	6ab7fba8fbfb9ba9e66a255dc7cd0169
torus.out0.04650.h5	507b19da1bfb4a3c910d1f18a900a766
torus.out0.04651.h5	b967ad79e0c04a00caf34235f5b526c7
torus.out0.04652.h5	b322167311a94002fe9a1ab53516afef
torus.out0.04653.h5	f69d4cff82a8fa60d308f16653160f49
torus.out0.04654.h5	e2d9e6caa22dde37218bb66273553e04
torus.out0.04655.h5	3d3d074b4f65d2f26c8188630ceebd6e
torus.out0.04656.h5	50d20d49c35d4d4c979b5e12830eb3cd
torus.out0.04657.h5	f950789d12186b3288c0dc72499db519
torus.out0.04658.h5	218334acae10ebf7a74abd45fee1bbf5
torus.out0.04659.h5	9b4d46bc9ce676b9c21f360fefeaadb4
torus.out0.04660.h5	3423fe891890377c54dd56b75eeba27f
torus.out0.04661.h5	468f8f2260045160e8a6b472c32cf76d
torus.out0.04662.h5	fcc11de9c845ce85b46e5351e6fdb939
torus.out0.04663.h5	a60f842caad0783d6632dbcaeb665a52
torus.out0.04664.h5	964f7de812f1ec846d491e5de07e077e
torus.out0.04665.h5	f33db2cb9cf0b072a72a069a141b3dbe
torus.out0.04666.h5	027b7aedfd904794e403742ef9edbca7
torus.out0.04667.h5	f05cc9182cb2c4e49e076745806918b5
torus.out0.04668.h5	78d5513a26fed37eec0b5946df3dae61
torus.out0.04669.h5	e91a78b30b27adeccc19b1ee09d5092e
torus.out0.04670.h5	efa96c60dcde0f2d61027ea3bfd90883
torus.out0.04671.h5	dee4c22413da6f832869e397807221c9
torus.out0.04672.h5	2d17e6f496fb80d9f646b670ccf4ef4e
torus.out0.04673.h5	5158b5d0df6dd8350cb889f8876688f8
torus.out0.04674.h5	662d49e5d3639adae1a0db07576283b6
torus.out0.04675.h5	447a485693c19b023b86a31467e98501
torus.out0.04676.h5	a9461bdb4b3ea38d9d34642c5c13795d
torus.out0.04677.h5	2e9200c96e6edf42f4772b32c49e7754
torus.out0.04678.h5	f70315157ba0410c1ecef211a51bcbd8
torus.out0.04679.h5	264a4cbb7453f721393dc3d9d5d8cfd2
torus.out0.04680.h5	7b0aca8034f78134cf55e31574e0d1be
torus.out0.04681.h5	c4de2d04b11ab29dd6a2370af635c31d
torus.out0.04682.h5	716717af2a675d6d74997d28ca7b885f
torus.out0.04683.h5	b7da9fa5d63001e1549ca7b68c2f0776
torus.out0.04684.h5	389d6221faf0ba90245c03fb87dd2fa5
torus.out0.04685.h5	e3f7e3aac7476478639406e17a7797e2
torus.out0.04686.h5	cf9efc80a44329feb990ba36c9bebcf4
torus.out0.04687.h5	104ebbf41863dc8d98afc43667257b64
torus.out0.04688.h5	60a40066840610f0cb6a99b9d0f0bd54
torus.out0.04689.h5	2e1cd2b01d3da8852621158ce6603a20
torus.out0.04690.h5	322b93cd36a9c94925724c424127c704
torus.out0.04691.h5	60a03d414f9ff507f74e945c30cc0cbf
torus.out0.04692.h5	f48ce10ecaa10382dc042517c1c0e388
torus.out0.04693.h5	892aa26d6bd3018356f886d346a799b3
torus.out0.04694.h5	c711d76a580d74977d92d7d8e651e42e
torus.out0.04695.h5	75712aeedebf9303dafc1468bf490a92
torus.out0.04696.h5	78b0f2bb509c215b76bdeac7784003b8
torus.out0.04697.h5	9080bb8708f3efd112200aa3146492a7
torus.out0.04698.h5	b1985f328e7d5ed699757d8f4f843123
torus.out0.04699.h5	913ad2694822928c75a8a3d94db11b9a
torus.out0.04700.h5	c0f87983e71fd504609696f809644449
torus.out0.04701.h5	c2042ab2b07d2516575a659450129139
torus.out0.04702.h5	5befcbc6e5f9db005c8e17b6e01880ca
torus.out0.04703.h5	4e2359861ce0cf30be7d655d4fe1d5a7
torus.out0.04704.h5	8f0c7e4629cb87f2444f1872e1c6b899
torus.out0.04705.h5	6e8921f15f117e9bb9dceb5b74daff64
torus.out0.04706.h5	807c247bc1da6196c4450357be1b7943
torus.out0.04707.h5	c615f98e9a3fa2bbe2bfdce215b929f3
torus.out0.04708.h5	c77eaa87c46db6f2f3de4f2518c808a6
torus.out0.04709.h5	1f11ffbf955c14abd082ab58bfc482b9
torus.out0.04710.h5	870f07afc3d50fca76a04239c8452654
torus.out0.04711.h5	7f522c44d1da6f76bb2fd9365a7b8e4b
torus.out0.04712.h5	3b57b795665629ef3503fad5d1af764f
torus.out0.04713.h5	c929033f94be663952e7e354eb4cdcda
torus.out0.04714.h5	f6706075282cb2974bcb3e65622209d2
torus.out0.04715.h5	ea69c206e862ab40cbe72635acb8395a
torus.out0.04716.h5	f81c5035a75d133877bf80c992a4b4ef
torus.out0.04717.h5	a4d2a94c2454f6b63f33b6477aa850ff
torus.out0.04718.h5	2f69f4de6303802819586197bd6ea82e
torus.out0.04719.h5	c8dc9c3da98959227c07a61937e28a98
torus.out0.04720.h5	018fc21dc3ebcec766f7f9d322457e4e
torus.out0.04721.h5	cd1e95d81bd4d75ff0c7908342b27d6b
torus.out0.04722.h5	d334d27a807fe4cda842f1b108af51e3
torus.out0.04723.h5	4937d132cb68ece7541de899f95b2dfb
torus.out0.04724.h5	41d1d6777dc4fe207642910f71ce95dd
torus.out0.04725.h5	19c455aeeb95fbe40ae2af56687daf34
torus.out0.04726.h5	85a544c00b8c8ea047dd53f5b00a4727
torus.out0.04727.h5	b21367ed63ac07b287b1bac9250f8593
torus.out0.04728.h5	62a98f0ad3b25ccb9eedb9047a0dbbb1
torus.out0.04729.h5	513d22fe37a2ae3f221030eaf0cb2877
torus.out0.04730.h5	d1c881f8956000e6069db426a30a587a
torus.out0.04731.h5	8a3f50ba4391b64df71ba5e2f5d28d9b
torus.out0.04732.h5	77f711b3cddbfd992ac0dc8b10ab9c19
torus.out0.04733.h5	8811a4de00760c5e211e7e74d3e537c1
torus.out0.04734.h5	181fd247dcfd3785bdd17dc4193dfc64
torus.out0.04735.h5	e8c902572117bc7ed7c9b9b7b5afd2a6
torus.out0.04736.h5	2f9412d6adb2d10002fc9599215c8233
torus.out0.04737.h5	145d814cf9da7a09a0e94b634632da8f
torus.out0.04738.h5	7f017a74304ec011f4caf84bcfb87fb3
torus.out0.04739.h5	eb9404a4bd75b57ca57598d75e5bff10
torus.out0.04740.h5	80b7d9fc3591787fd050612d3b7aef15
torus.out0.04741.h5	d333db9339f750fac0cb9336e1e85fa4
torus.out0.04742.h5	dc91b1b5a99a5e793283e543ef472f61
torus.out0.04743.h5	78a5c2ac86ba4460cd9fac7caeeb4837
torus.out0.04744.h5	db3aeb890e7d4a1f13c570faea9e9640
torus.out0.04745.h5	e2e870ebe1de131e14eb81705ef42a73
torus.out0.04746.h5	959f0c0d7a5afd4d5df099ea1540ad78
torus.out0.04747.h5	72640894b10644039ba8d51b1ed8ca21
torus.out0.04748.h5	534f11d711eb41eda93b85617cf3824c
torus.out0.04749.h5	9fef0fd93b9e0dbe2a0d7ea76ee5c058
torus.out0.04750.h5	e4a5c0c920ad50f585ce2e88f22a151b
torus.out0.04751.h5	6a15f775e89d8e2bffa92cf58dc9c6ed
torus.out0.04752.h5	0e4db4d903ef33c9f7b9deddb4525aa2
torus.out0.04753.h5	254f5b2a48ffe1c69cbae2c8492e748b
torus.out0.04754.h5	5f8bf07952ab27288ee6bd34ffe72c15
torus.out0.04755.h5	77a511e8da9bcfde1d9f1328f822a223
torus.out0.04756.h5	7d15323b4a8025fa7cdef68e19d293b5
torus.out0.04757.h5	ee699dd115e5c24a90135279f6deab66
torus.out0.04758.h5	afed73f92b7201fda2b99c5e1b8f57e8
torus.out0.04759.h5	1b4411e7932f776b32a01326744d4423
torus.out0.04760.h5	236ceaff1c14563c1c4b69cb273fff35
torus.out0.04761.h5	dd03f34ff57b7f9279be2ae4e1f17041
torus.out0.04762.h5	c063a339fdf9579267b7a546f0e9c46b
torus.out0.04763.h5	fb91ea608d64d62f239bc37571705ec8
torus.out0.04764.h5	1aae2aaf2ab5acbd9126b194ffc4545e
torus.out0.04765.h5	ccfa0224fa631625a715d6c2f32eb7ef
torus.out0.04766.h5	1654b4f1d405585ea399c0d72ce3bb9a
torus.out0.04767.h5	638297ebf2327dc2bb22b4fc98b24385
torus.out0.04768.h5	d6b096fa45b1d830e3ea7c70133215ad
torus.out0.04769.h5	c2a136580b95022393c622422537ae22
torus.out0.04770.h5	22d16f2d4518e7e0f1c4610c16a2d48f
torus.out0.04771.h5	586dcc109845eaf5d563de10b3ff94d5
torus.out0.04772.h5	09f5b8f2e35598ecb2fd6312313e1c3b
torus.out0.04773.h5	28a7acd92989ba73b885c9b87d94f139
torus.out0.04774.h5	387d9e944390c711248eb44ac32d9bcc
torus.out0.04775.h5	6248670ec22d9f149f4e9dda76ebb75e
torus.out0.04776.h5	f02b3194b6b0a4643fa8e18588d4ecee
torus.out0.04777.h5	c56933ca7043ae52a67bd75354ac0b3d
torus.out0.04778.h5	9dc9b67ed5a361705010ae3a7569d6fe
torus.out0.04779.h5	6c140f76eca3e57518eb17c7882caa24
torus.out0.04780.h5	799a6802bfae854a35802666903b8cf1
torus.out0.04781.h5	5d2f70b772f98cc81517b0c58e2a67a7
torus.out0.04782.h5	a23fcb64bd6a1b428ff47cbdae998799
torus.out0.04783.h5	9a09780b36db2facaf9775debd3707c6
torus.out0.04784.h5	62f7e3fb934c54a2436bfca21c6952b9
torus.out0.04785.h5	70f7a9f5c78b4a950b50e16e6a9d7a25
torus.out0.04786.h5	eb67342bd3e622d925592275b1adf164
torus.out0.04787.h5	7f8b7fc1f7b55398a4f932dba360b22a
torus.out0.04788.h5	a806881cde6269df2e67180d7ffb200a
torus.out0.04789.h5	c2160bc35ea94047beb7e6243ad30cc2
torus.out0.04790.h5	073955fdb858ad45bfc287e90ae765c9
torus.out0.04791.h5	b2dd436ff5a7d940379c548debcabe1a
torus.out0.04792.h5	cc083f55fe25243de599526f2df25908
torus.out0.04793.h5	7a247b53dbd5e6bf82cecf0a0fcb4c93
torus.out0.04794.h5	3089c8b3a63fbbb69644b8ea9b0c21fb
torus.out0.04795.h5	efcf10a7b01ac66fa6fae32d7274cb9c
torus.out0.04796.h5	91e770b143286249346af4929ee20c61
torus.out0.04797.h5	f2fb1b432112c6146fd4850fe7e92f75
torus.out0.04798.h5	59a96474397280c08e0185693aa46ca4
torus.out0.04799.h5	45b3fa6d087758d2a4d042faa4a7f5a4
torus.out0.04800.h5	392580d52b2fe4fa53639992ecd3201f
torus.out0.04801.h5	7338d65ecac510423c97f835e127698a
torus.out0.04802.h5	35f868d4d3872e78e4ba105cddece64c
torus.out0.04803.h5	82befdcfb359671c96b6ec8fb553fb64
torus.out0.04804.h5	3a2bb99ca75d685f49f98a5f0c20b0d0
torus.out0.04805.h5	5e04f7b4bcb6cd255274b6b0719e2fa9
torus.out0.04806.h5	9274eaa5d24a6a6ecc5d309b24b090e2
torus.out0.04807.h5	308dc210d23f83a7de218a8975b91cee
torus.out0.04808.h5	39a94219e660a02034d6de99efb6a819
torus.out0.04809.h5	af184af91e0bbd0ab571b5973b6efc38
torus.out0.04810.h5	9b3e5c5f614513d864b674968f32a31b
torus.out0.04811.h5	efd142d19322e61e53d06d379450ad4d
torus.out0.04812.h5	864281c734a8cdbca84b1fa7897048de
torus.out0.04813.h5	c93cbe8aa91753852dda7dd21434155c
torus.out0.04814.h5	286809876a7515d3ee11fa300adab5c8
torus.out0.04815.h5	e3702d625c3763c75c7f67e65a355290
torus.out0.04816.h5	c75367c335a8b6d6e8d7d5772acf93ab
torus.out0.04817.h5	00d52afd47e043257359951df142e65c
torus.out0.04818.h5	690cf5072db7500d1e71b350dc6c3944
torus.out0.04819.h5	3730bfae3a2bdb56427aed4a54780c01
torus.out0.04820.h5	2ad51a2cf929c55a0eb729e5627d1bbb
torus.out0.04821.h5	36ec0b7bf372bdc3875fe1e541f248f9
torus.out0.04822.h5	a040df25a88b61fb926a10048d388404
torus.out0.04823.h5	79b31791241f071991c430cab9730535
torus.out0.04824.h5	775a91d97e642cdd7ee42c48ac295c87
torus.out0.04825.h5	e250ea36787d03bc9cc47198ffb95713
torus.out0.04826.h5	60d157c6a313eaeb2f5409f2d4bc9ed3
torus.out0.04827.h5	62ea08f2d5e227963fffc25a55cf10ac
torus.out0.04828.h5	40d70ce9897a89e7c0a2e3208e5ea5f3
torus.out0.04829.h5	9574871898a896189d478619d844806d
torus.out0.04830.h5	916a7cb40e693448f070d2ee7c4bf045
torus.out0.04831.h5	33bda9647a5e0eb38c1090050f4f8570
torus.out0.04832.h5	d701c67c26be37c4ff0b8d77c2fa39bd
torus.out0.04833.h5	73087eccefba4271d64a43cb7c69e705
torus.out0.04834.h5	9a0649d2c1abfb24b9399ea74f3fda0e
torus.out0.04835.h5	9ec1f2345bf9bb307b0b587cf121967e
torus.out0.04836.h5	8539dc29d4865e349f5d7d372fc9d231
torus.out0.04837.h5	a475097d22b4006b4b81ed1ec942380b
torus.out0.04838.h5	2b8f0bc1dc7801b5449b0164b9b3d852
torus.out0.04839.h5	72e62791b5d1e64662e69a13a788b0f0
torus.out0.04840.h5	fc20bcb6dafb45afc564dafea5195c60
torus.out0.04841.h5	dc5edc02515b12e42855dcd9db06a8ab
torus.out0.04842.h5	d29a0c5b6146fd1eeb5b32225136cd58
torus.out0.04843.h5	6a7ae52dcd526288f5bfb62b8eb803c5
torus.out0.04844.h5	94f3f1f32f8980d5f9ad7f9eca7900fb
torus.out0.04845.h5	afa48841739187459ffcd6723d85dba4
torus.out0.04846.h5	c9173279ae4e3d22795500f7be91e429
torus.out0.04847.h5	5eb931c4b295d1dc4054734205fa634e
torus.out0.04848.h5	93e3a0972392dcde49404aa8739c6e16
torus.out0.04849.h5	bb3bed87fbb0172ca3db359292652c94
torus.out0.04850.h5	4d90bf3a7e5a551153bbf325ffd2671a
torus.out0.04851.h5	d2c9e09a39f015a6aa782d38593f8257
torus.out0.04852.h5	1a11a3c1b3f2ac5b6a4713c3a4730dcd
torus.out0.04853.h5	f9c43928a08f5c2bb7005b60414ce2cd
torus.out0.04854.h5	baef492f1ff14f106dd616c559288b85
torus.out0.04855.h5	30a126e693d792445dadb5d7e83dc9de
torus.out0.04856.h5	b1521c482645735f00cab61ab9f8a6e1
torus.out0.04857.h5	785498474291bb2a3ffcca574d44555e
torus.out0.04858.h5	2a5e0d91f05e5eb514d359840dd4a90e
torus.out0.04859.h5	43fc9818bc86751e8fd0e5563e9a3653
torus.out0.04860.h5	67af381b72ae96be9a0f62339068ee46
torus.out0.04861.h5	05c71cb6386fef61afdb1f118987492c
torus.out0.04862.h5	a770ac575e1e07dedfe32e27a4762261
torus.out0.04863.h5	b8d7be3ad4f1127709485d293e4ddc71
torus.out0.04864.h5	fb68c0895ee92ab748a8e003f12f41ef
torus.out0.04865.h5	8871efd156dba767d8cd46fd09d31c7c
torus.out0.04866.h5	9e013094ad33ec6e1ae46cf88431e7be
torus.out0.04867.h5	e50f05181efdc56f78451809e34134a2
torus.out0.04868.h5	42e011983f2cdb90b8afd7a50d4ac671
torus.out0.04869.h5	4bc10ff8c449927921daf5ca315c52f3
torus.out0.04870.h5	434d233c50db4bc320164b11d48079ae
torus.out0.04871.h5	cea6682c81b47ac3570e7ea57bdbd300
torus.out0.04872.h5	f1c75ae0683d4139bce03d43932a6661
torus.out0.04873.h5	65c225eed5f6f81cbbd9927045e56f1f
torus.out0.04874.h5	53f5e0e377f5dede23ef79776f1d3344
torus.out0.04875.h5	f2d9a207b5032d47eb8cd07212621018
torus.out0.04876.h5	109094dd32a2b8bf28b4621bd9700db0
torus.out0.04877.h5	4385ca29603e0fca5c8e6cebb1d385ce
torus.out0.04878.h5	02957c59f74a06136fa1f2041d6b4fca
torus.out0.04879.h5	972c9ba53c6bf7ceaf3771a11945e3c1
torus.out0.04880.h5	b35bdbd68f00c397616b51751c18d0c1
torus.out0.04881.h5	dc2fa495521a90d452b7605953887fba
torus.out0.04882.h5	9cf1e43ccc64a8aa56a8ee5ad9b8493b
torus.out0.04883.h5	0515e4fff161da1ed9d9435da8e0493a
torus.out0.04884.h5	71e9d5698c07b0c05a8fc8fe2a8b2161
torus.out0.04885.h5	26e7d2618602c1658af7f940fe1957b4
torus.out0.04886.h5	8ab5505ca81db2858e815e643957785f
torus.out0.04887.h5	3acea518c4db4f27a03fd9204e7ebb23
torus.out0.04888.h5	f060ac2476bda7d3342d32e279b703ca
torus.out0.04889.h5	ee9cebef824c108c28b970961e93891c
torus.out0.04890.h5	6a36b2d3eeb824650d94c9d7e2f28cd1
torus.out0.04891.h5	1d8eb974a47e5024af0ba90e13526ae4
torus.out0.04892.h5	6af43abaa14db8c0ef6341714615c24e
torus.out0.04893.h5	e21842c939f08c42d071eeabd8f5f954
torus.out0.04894.h5	806aee01eba63ddc7f6dad3f4944c583
torus.out0.04895.h5	cc52159d37d3485dceef74e5599c3425
torus.out0.04896.h5	e6ea1ad0f02260f2515b9955e532a107
torus.out0.04897.h5	6aecc2302b000335b378a463dcfe7c32
torus.out0.04898.h5	fb34046a8f718058710fc351eb9ef5e2
torus.out0.04899.h5	c637b0bf25ea83573bcd388918bc6c5e
torus.out0.04900.h5	070ced0406bcef6122cef967daa01fc3
torus.out0.04901.h5	f9731af5d6c113ad872bc5ba54500ec3
torus.out0.04902.h5	d2fecfe770c62f86a3bd692255b60f51
torus.out0.04903.h5	0f5da7a4d7c6d9d42fb866322341e713
torus.out0.04904.h5	1b9a62e553a3638651602d58b9fe3a06
torus.out0.04905.h5	521a70207b577a38d43e3181431fa89e
torus.out0.04906.h5	ddf9082e0a243da7604988b43ee386f7
torus.out0.04907.h5	8424e3d53f6b53d0174b07a3a1c5ad51
torus.out0.04908.h5	f0268919b443a6729c46d782ae0f6688
torus.out0.04909.h5	a2f4b762a303d6b5b038e32aa2b24d80
torus.out0.04910.h5	9985a0b26f2bfa85fba665726753e7e1
torus.out0.04911.h5	b3af875a60fbcf134789fcce82be3395
torus.out0.04912.h5	9a0530842e5837295e0a170263e65d2d
torus.out0.04913.h5	59e7151e5d90c125d54f3bdcb7ed2f6e
torus.out0.04914.h5	b7000f9f2199ce728f5788da7946e8ac
torus.out0.04915.h5	f9014b90ad9132854f3669fbe5369ef7
torus.out0.04916.h5	4658c52b93f4c4ae89846bdc0b09fa8e
torus.out0.04917.h5	53cc4752e0e198b30cf7ea612fbea120
torus.out0.04918.h5	0fce50e8f38bece3836856f57444cbea
torus.out0.04919.h5	101c3db385e0387c5d1b31f8fd6397e2
torus.out0.04920.h5	cce538e164e2056fbef569f742402f1a
torus.out0.04921.h5	cc2b13d918c06b3c2739c26d494154ea
torus.out0.04922.h5	e94bab90bce535a24ac7b2b7e9e427cc
torus.out0.04923.h5	567f437519c2e0d9223a81b585fab170
torus.out0.04924.h5	a74856645102224ec7c82193b169ad3b
torus.out0.04925.h5	311018b654df8571e3e73d79f681f271
torus.out0.04926.h5	180e8f5a309c0633eb4c54caa84c71b8
torus.out0.04927.h5	ffc3d69ca9a6341525bb4b3213c9f6bc
torus.out0.04928.h5	6eccf6a32132e966ece95e83cd3f170a
torus.out0.04929.h5	301cf6fbbf1cc9726afc30952e1a05a2
torus.out0.04930.h5	392feef050e49b818d04adeeaad81dba
torus.out0.04931.h5	93b4fec281b87557c65b2e6feb71ecbf
torus.out0.04932.h5	48fc518be7a1a3caf74a0084df09c427
torus.out0.04933.h5	dd93f042fc2d71c5009efd0748ff4c24
torus.out0.04934.h5	c9eaab660d12eb5a5f4b184086bf213d
torus.out0.04935.h5	9de0f82b31368e7984887ad3488e793c
torus.out0.04936.h5	2972e2ee5ed44cb9f5fb5ce36c830395
torus.out0.04937.h5	ac91caa395cb96ae1bbdf3f0160945a5
torus.out0.04938.h5	335456274822da179944b461fab42124
torus.out0.04939.h5	c71247542f2cf188ae55e82a77879310
torus.out0.04940.h5	35947d5f0b5451bf40a4713fa2100d7f
torus.out0.04941.h5	8953b07b21ca5bf4dd3ab51ac7f66c32
torus.out0.04942.h5	a5b687e9cc15c3f54a000c7a08b8a42c
torus.out0.04943.h5	40d2fa7ccb1ad3e9f7a8e10478e111d2
torus.out0.04944.h5	fd984c28fad4c4242fb1899cdd500e82
torus.out0.04945.h5	1704f22e5ee0a11e11036d0c9f9aac59
torus.out0.04946.h5	9239ab729b35e2e09a5b6c599a9d3c8f
torus.out0.04947.h5	823777ce78b45743755701aa15ab59c3
torus.out0.04948.h5	d601ae9b3a11678ba1417f3bee603343
torus.out0.04949.h5	9a5a8123feb66192b8e0d26acb1dc03c
torus.out0.04950.h5	f32b58426da7b591e63dcb16ab273752
torus.out0.04951.h5	ffe6534bdeb7795664ec704272996cfc
torus.out0.04952.h5	0f04cf09679389cbf92bd4d870a1f3c2
torus.out0.04953.h5	23d13aad6a5fb58385f128f983788244
torus.out0.04954.h5	22366892c66c8860421f108c908ded27
torus.out0.04955.h5	ae48b1138d10797d88f1a735e5410834
torus.out0.04956.h5	86b928cbfcc8749926c70fb79fe21873
torus.out0.04957.h5	5d43d6e632ad044aadb79e3403a20771
torus.out0.04958.h5	b078b8f59c97a35079160af0e3ca6160
torus.out0.04959.h5	405f8b1fd6df1b0ea2eb8b88f7512214
torus.out0.04960.h5	4837e4a74afe065d4801abadc1566e83
torus.out0.04961.h5	9f62f812a2e552c1a6a23b884a6662bc
torus.out0.04962.h5	8023794ec368d3cf7170c9b6ac0504e5
torus.out0.04963.h5	dc8e2723cc310bc9a768f7ee7fbdc273
torus.out0.04964.h5	9b83afeaeddabccc645686d69bc4c629
torus.out0.04965.h5	9bad6393df0cddd403fc9ebdcf1cee4e
torus.out0.04966.h5	4437967a12a9aa6e2118e2691c9eef36
torus.out0.04967.h5	7bcc828c9995cb70a305868cbe47dc06
torus.out0.04968.h5	c26a985d3ce16893a800f259f0e211e6
torus.out0.04969.h5	7dcf2993f680cbfc06a584343c365e96
torus.out0.04970.h5	ca9b0a1b38fe4d433a39f0956cd598a0
torus.out0.04971.h5	ffc1bceba7201866d190e102725f7c14
torus.out0.04972.h5	9c68491e2489dac65422de4982a83517
torus.out0.04973.h5	7386d2d4cec2a8315ec45f44bcbc6cc2
torus.out0.04974.h5	0e31e245414c851638730547ba9e7de9
torus.out0.04975.h5	4a43e04606c24ab2dba8b9166810ea0a
torus.out0.04976.h5	b77def79d6365668bf2a8ba705c28354
torus.out0.04977.h5	88011484a568943513bcba9410e288c6
torus.out0.04978.h5	befb64455ded682e37cb00a96616aba2
torus.out0.04979.h5	201fb3767340fe24d5c54c342062b33b
torus.out0.04980.h5	81223348c22821b8b4d0607120654368
torus.out0.04981.h5	5c1aeed7936f375005f5d6d09eb26d93
torus.out0.04982.h5	8a082535829611d560193d9cf9959577
torus.out0.04983.h5	92614124f55025a76b7b1e2ea229c37a
torus.out0.04984.h5	669fc6eb3bf07206ec029e95e66bb9b3
torus.out0.04985.h5	bfc262201bc4b0d13a0d156908606696
torus.out0.04986.h5	55a464e1a4cf243de79a64a0d5698d3d
torus.out0.04987.h5	5fe9439e73b5626d993859c975227891
torus.out0.04988.h5	0058e63ca37065be04438815dfec5c46
torus.out0.04989.h5	e38061c9d99e1833648e8d2f61ea191d
torus.out0.04990.h5	61ea8cad0d978a991509d153f03dfe13
torus.out0.04991.h5	901cb1606410287d516343ccc378d85b
torus.out0.04992.h5	dba0c3572804e233d56cf89d52065313
torus.out0.04993.h5	96c5b2004403ea0bc0efa1bf9b0460c8
torus.out0.04994.h5	3119e366b508dfb3be6b26696cc1fcda
torus.out0.04995.h5	d90eba72a440abde4a2e903ca6f2faa1
torus.out0.04996.h5	92df6054b1f132c49f26ce398aa58bb2
torus.out0.04997.h5	66f6e5aa20533cbbeac46dddcb65b27c
torus.out0.04998.h5	36bc40f1fdad9515e9a598056575bc2a
torus.out0.04999.h5	8fac957a79f4dd1d58873d3e86944fab
