torus.out0.03000.h5	cb5a73b12af4a0a06d0e9152815db94e
torus.out0.03001.h5	bf2ceb1ef8520686959f0e58272b65bd
torus.out0.03002.h5	d18984332a69120721cd3e1de9c224f3
torus.out0.03003.h5	fd70b723b4af33378952e348aae963a8
torus.out0.03004.h5	922427ee85e285e88fa9b8eb8072b7c8
torus.out0.03005.h5	143b284fa6ae1b2d943c6fae20fa1f0e
torus.out0.03006.h5	0e885c89b158676308e41ae6bc1d28f0
torus.out0.03007.h5	de82d18f3e5ba774ebcc8da08151a609
torus.out0.03008.h5	4ce3d17dc5215c74c56af9e8d9cf3f12
torus.out0.03009.h5	3d7438cb0ab79493abc78b60a490a0f7
torus.out0.03010.h5	9ccb6f08944e8032c8612b2cf83f96c6
torus.out0.03011.h5	a351a4363daed2fa0eb15cd1825c8803
torus.out0.03012.h5	bba75a1e6653c3644e79c1d5a166e66b
torus.out0.03013.h5	4b146f6ee35a78172d4f788f7759fb16
torus.out0.03014.h5	65a39b43be27f9f924116d0b51fccbe5
torus.out0.03015.h5	bd47b60139784cc2cc3749bdd1c36575
torus.out0.03016.h5	279b807c755a4e1f74e9fbe36c36425c
torus.out0.03017.h5	fb1eef06f44c2cc5a6a74afb7cbf7ad6
torus.out0.03018.h5	fe640cc58497db19624b6592e3c52ee2
torus.out0.03019.h5	32638db942e726b85642d38aaf9542d9
torus.out0.03020.h5	bca454a86b59104fc6991e38eacbee75
torus.out0.03021.h5	aadf2ab776c2becc4a19841d50689fd8
torus.out0.03022.h5	1b651a23a0daedfe7f5c5eccc4fb0db9
torus.out0.03023.h5	0ee1bec8e0046a884cedd2fa8db0446a
torus.out0.03024.h5	68c8c29a562f94b2e2ca1e0a9e7a7ae5
torus.out0.03025.h5	a6ccd33e215e1529adfee912fd029180
torus.out0.03026.h5	830d25cc569b7ff7bb44f1edff4204e2
torus.out0.03027.h5	a0899c29d9a1b05805230c36a001e551
torus.out0.03028.h5	9527514104d40ccc19d6dcd54fcb68b0
torus.out0.03029.h5	26eb371d62cb4261c2e4ac0e2f8aa9d7
torus.out0.03030.h5	dca4a178d09da753f5ee676fb3cc6495
torus.out0.03031.h5	00415c6059926ba9ea18a1a266a44e40
torus.out0.03032.h5	ad113c3b14d6b9bc602a5405ed656c30
torus.out0.03033.h5	b432f7e62393ab76126a60dc599d5941
torus.out0.03034.h5	90718cea4aa92da4da65580ed5faf467
torus.out0.03035.h5	1d8cd352597cc74de33b9d0e57ebc869
torus.out0.03036.h5	45e412422bc2da574cbb92cec51140d0
torus.out0.03037.h5	23c4aa8ae03d488d881c72575fffde63
torus.out0.03038.h5	41aa685cdf001ac4be2dcbabb22106e8
torus.out0.03039.h5	d279f0eba41fa5c5cf1365d94bab838e
torus.out0.03040.h5	078180b0a766290f43454810d2422fce
torus.out0.03041.h5	ef9494d1bc4badc1b2aee276829aa658
torus.out0.03042.h5	64763a4841875477cf1e3352ab65a0a2
torus.out0.03043.h5	d29aeb969af0e97a20882bb1b7f57ab6
torus.out0.03044.h5	3db2f8c939f6a40f445e673bc2402079
torus.out0.03045.h5	3d44da6f72e422df7706c4ea88b5b988
torus.out0.03046.h5	24665fccb155822592ae8f202faf9a8d
torus.out0.03047.h5	0ce7538617758515adf216548d1563cb
torus.out0.03048.h5	4e87e0508b10ae5c0a11a8484c9831a4
torus.out0.03049.h5	42f6c1f8ad01bcb3b4295dad4e509b81
torus.out0.03050.h5	7b97b990c97ee95b2a670bf1e2c78f12
torus.out0.03051.h5	df89f6b55a67a07565688b2807d00097
torus.out0.03052.h5	e9b84b2f875ed153cc3313cbbdf32ff1
torus.out0.03053.h5	2a256b3b305754129c045c4c8db5077c
torus.out0.03054.h5	a5fcbec4906477dba2cbfd526c66dfb0
torus.out0.03055.h5	57af3fef7cb4bcb2d24ad156dd65a046
torus.out0.03056.h5	d2cf0eb41e4e481e3ca58d9fba4b3a6f
torus.out0.03057.h5	2a0f0b3a342e0316bb6b5a43b26042c1
torus.out0.03058.h5	f384fd7e0133dcc798234b94d182cc1c
torus.out0.03059.h5	d433d239acf785a763683781a866bd5c
torus.out0.03060.h5	8f06064848135f1cc0b928c39d6943b3
torus.out0.03061.h5	0b2d44acbef19cc102bb37335bde5e58
torus.out0.03062.h5	c727063041d929dff0f1cfbbf6510660
torus.out0.03063.h5	945140564efac77c1c62739a34227712
torus.out0.03064.h5	8b4826bff6d85191845606019f7490e3
torus.out0.03065.h5	e6ad9b9e6649e190a2e2737822e020f0
torus.out0.03066.h5	f32bef8a8a69d0a649334ae4581eefab
torus.out0.03067.h5	278820fe0209b0e7944a0f946576cddc
torus.out0.03068.h5	7adc58422155c2aa044af354235ef208
torus.out0.03069.h5	2ddfc0929080c300be771ba713b3f7d5
torus.out0.03070.h5	9d2466b604d475054fb5eae7dc27daf3
torus.out0.03071.h5	49d55f1701adfe5194b5244b98790139
torus.out0.03072.h5	157e6b4f36b9a5c3f1b4c1b55cb6b0d6
torus.out0.03073.h5	abac0ac14769aa703d68958dae68f352
torus.out0.03074.h5	b1a6a1dbfc6eba4c69b4bde298120377
torus.out0.03075.h5	e6f9ddcaca89a4983489c9e88c88e839
torus.out0.03076.h5	012edd7128315a73eeb425536fd7c7b9
torus.out0.03077.h5	49c1bcdb1a189bed4349d2bd10b93fdd
torus.out0.03078.h5	79a468d6de68ab4c7057338e07603873
torus.out0.03079.h5	7244490331d33f1494a32dbaee670355
torus.out0.03080.h5	7c4ce5773dd75a5060da4c1f43621b54
torus.out0.03081.h5	72aece62553bc6d57384b9a88cb54252
torus.out0.03082.h5	427a39168e226dc5796c2f31d6d60f74
torus.out0.03083.h5	54c08574e52ab672d683f970c540b826
torus.out0.03084.h5	8098a6ba0edd26f88e51b3053625173a
torus.out0.03085.h5	64cbda071a249cfb9525cf3ac762f9f9
torus.out0.03086.h5	04ed2bb25e016c2879e72dcb7ae41b44
torus.out0.03087.h5	d2502de33dcd107445899e106a18b386
torus.out0.03088.h5	af8fa7d8ea4b205786b0e38fd405347a
torus.out0.03089.h5	8816fa9c2152c0d6314e2452a6876637
torus.out0.03090.h5	a9659321bd180282606c9918508d1cf6
torus.out0.03091.h5	9cb9fdd0b1545ea57067d4f7295505aa
torus.out0.03092.h5	3c580c915728fade6efd8eb2e216e14a
torus.out0.03093.h5	0eb4649053ec49ec670554ef9a94b8a7
torus.out0.03094.h5	5a46e98811b6851e65fb109fa0783659
torus.out0.03095.h5	0dd465b2a64429348baa0f48a148c86a
torus.out0.03096.h5	8861abbb3a330378fd3a5019dc506e09
torus.out0.03097.h5	68f9046624f23b1580cb1fc54ec999a6
torus.out0.03098.h5	a5734160ab73bf8d284a5ea3c9a7c550
torus.out0.03099.h5	275c718497ed33e40fc7b6f4364a6a26
torus.out0.03100.h5	8917203a98ba4a0314a207c9c880f5d8
torus.out0.03101.h5	ecb3d33a44c3542fdc26215e598abd9c
torus.out0.03102.h5	3c4944faae0d941c8f90ec9aac263b9f
torus.out0.03103.h5	ffb3027fbb2e796a4796f302385d0725
torus.out0.03104.h5	5366eb778d2aa2fa9a267b50afc59eca
torus.out0.03105.h5	37f197e89e62134fc69b30e43f48b824
torus.out0.03106.h5	dbf7245939ab6c4a3d4c164131bbebb3
torus.out0.03107.h5	b000ac2a3e3dc5ca24916f1e3151d752
torus.out0.03108.h5	3a6ebb8a539892672e068141c6093632
torus.out0.03109.h5	8716e38a664cf6184d15e7464dffbe9d
torus.out0.03110.h5	2b96e101993e4e64b0fc3387bd9611e6
torus.out0.03111.h5	4e5ff0f8fddf1fdf316f61d3ed487c5a
torus.out0.03112.h5	9af67679e5d213e2bc1b92a2d535cec6
torus.out0.03113.h5	45310770eb27c6881029587e5cc73817
torus.out0.03114.h5	932be821bf1a89531b5383945f737e88
torus.out0.03115.h5	c0ffe3e0ed662d148d8faca9a47009d7
torus.out0.03116.h5	766d04c80f92099438a1f526bffb2d26
torus.out0.03117.h5	72b4b1de08c16664c6a35f7c21845326
torus.out0.03118.h5	c910b3dbe517cfaab52597cab1e95216
torus.out0.03119.h5	861ba41031d68bc75e84aeefa12a65c5
torus.out0.03120.h5	ccb8fbb78ee432781d496c95f6625cd5
torus.out0.03121.h5	db07e2113c5424ab6e6be9f21eb8b081
torus.out0.03122.h5	aa21ce24de11e92644b95865d22fe7c4
torus.out0.03123.h5	62bf0d55cd877fff4b928a2513cb393c
torus.out0.03124.h5	ade2168b6476866d573b33416b05ef20
torus.out0.03125.h5	555bcb42d1ae3849b5a16bac4ce895aa
torus.out0.03126.h5	50fc87ca80cc68b865b3d02ca1a0aeb2
torus.out0.03127.h5	71aca506905d065bd4335fb628d2d296
torus.out0.03128.h5	2ae522941feb606c7f40cb0dd6ee377e
torus.out0.03129.h5	b4614e97e43dea60efe258d271bba24a
torus.out0.03130.h5	710a751e494f48a152da9219d2ea74a6
torus.out0.03131.h5	628ae8c2159153b9523c292aa1714379
torus.out0.03132.h5	0f86f20871650527d95bdce2e7af1d2b
torus.out0.03133.h5	7cbac5893d61325b3a4f7aa177a22585
torus.out0.03134.h5	3d113ef4361ddfc8cdef49d2a6cec973
torus.out0.03135.h5	40229eab140f889aa1723b7844d927d9
torus.out0.03136.h5	868271613b88360e5e82e19a2e12e278
torus.out0.03137.h5	1a37d3b9307df0620d37e13a93cc7c4b
torus.out0.03138.h5	79eb794e8b2abedc89a2ee352bc8ab45
torus.out0.03139.h5	2191f8f56a288fcbd8051038c1eb260d
torus.out0.03140.h5	d87c953cf8bc54f3b344122cf30f66b8
torus.out0.03141.h5	151e667c16467a459c0630b80e5fef71
torus.out0.03142.h5	3eae9abd14a967b6fa1bd7cbb29a95ee
torus.out0.03143.h5	54c5380389f04cdb1750852acb4ae453
torus.out0.03144.h5	692ecabb696d07643d2e77a10a6cd8a4
torus.out0.03145.h5	645b8a54c3cc9198ee360f476a50fb4a
torus.out0.03146.h5	8c417a76e8a865a977545eec5f7d77d0
torus.out0.03147.h5	bb8a49cd1da5a44f1d9905987d5f80e6
torus.out0.03148.h5	00cb075e053a76e3659c9f8ef3ca5476
torus.out0.03149.h5	19eff918f1759e798c66efb9c23e4c3c
torus.out0.03150.h5	b379d404c77c9bf0eac82ef82cda07a0
torus.out0.03151.h5	5face4d10b81e304c2887af37ed17aab
torus.out0.03152.h5	885bdd4a6941f39206fcb5b5ed72f5da
torus.out0.03153.h5	2d679917df9c9d38fc52f2f05d3e0c39
torus.out0.03154.h5	b56ac90488d1780e5302b70dfd75fde2
torus.out0.03155.h5	a714214eb8fa88044a15f92d4d16251d
torus.out0.03156.h5	0f3f4c07367d6e229b55aae21fdf3c15
torus.out0.03157.h5	2fb6fd313029aec2df1b8e168d52d061
torus.out0.03158.h5	548bde8c454dbad3628c2ecd5ca6c0ac
torus.out0.03159.h5	0beb7d02e0112b005cd4e0e01f967ef1
torus.out0.03160.h5	43d94130cac145ca06be4fcc993331e1
torus.out0.03161.h5	c4645ef170550fc369c7bc150450f05e
torus.out0.03162.h5	4c4611fbc5eeeabb7e1fa38741246314
torus.out0.03163.h5	f3205ed7e8694f208906718f50693a67
torus.out0.03164.h5	3834ef8e7cf489e7cd0fbfb6f20c2842
torus.out0.03165.h5	7302d1dca1077bfa92707d68269b677e
torus.out0.03166.h5	2fa164b1c6ac1130aa98c059a77d5ee4
torus.out0.03167.h5	df620838efc4b9a1ee7348cb481b6e60
torus.out0.03168.h5	5096c05ccbfed49bdbf1711c72e3a1cc
torus.out0.03169.h5	d2c041074c61139f8ac90c28c4854d48
torus.out0.03170.h5	03e0ac4c019da42807de60e337160cfd
torus.out0.03171.h5	3795e7dbc31e608a07f3b874d8bdaa60
torus.out0.03172.h5	e45232902ce5a6763d9d2e97f21a9e0f
torus.out0.03173.h5	6784bb812d256f756621208d9ce6d96a
torus.out0.03174.h5	f1f63ee6c108268bab7547367377499d
torus.out0.03175.h5	85b7b5dc3b908c97b99424bbf662c092
torus.out0.03176.h5	d56512a0f0ca68c8aea51d20e8e09326
torus.out0.03177.h5	15257a1c2db4dfcf3bd6a8e4cac3019e
torus.out0.03178.h5	f732b851a40041a60841b88463a2ac4d
torus.out0.03179.h5	5b59e78dd4fdd7fcf0819d150108123a
torus.out0.03180.h5	2ecdb5c6455b4f0d5e558b1416d8984b
torus.out0.03181.h5	7173d56b3a6c6573d2fee6f7009d9e46
torus.out0.03182.h5	8913a548a746f71b81b05cd9922be214
torus.out0.03183.h5	887027ae550adbe97a653fc8f76a9c68
torus.out0.03184.h5	4657db99bf18eff0dfa34cb7b1405b92
torus.out0.03185.h5	36f87ce03fd28a5bb3e96660b6edfd23
torus.out0.03186.h5	3f16fb06f3de02b62a3ee376b994f7b0
torus.out0.03187.h5	03a893f8132c407676aff411ec729fc9
torus.out0.03188.h5	98b7c5b67d18a57aeacd212ff09aba81
torus.out0.03189.h5	7fc61211b9343f8d0e52b15686338863
torus.out0.03190.h5	70587ccbd63467386e3b9fdaaff53365
torus.out0.03191.h5	d816d1f042f02af4fa09d4994df74233
torus.out0.03192.h5	826b0617429d1fcc4a7005110b88409a
torus.out0.03193.h5	749c7916a1afc93b9e842cb0baa08729
torus.out0.03194.h5	50cc20b9a32541e2000d5e45b070f4db
torus.out0.03195.h5	c3428929ad36b7ced936eaba873502b0
torus.out0.03196.h5	e3df6cf36b1b5fdaae2ac42b15d74210
torus.out0.03197.h5	82fb735bc3241efaf053e92aebdbd530
torus.out0.03198.h5	b9e4db3c9a7d18679d41ae1a77dd76f2
torus.out0.03199.h5	d07a6a9112ceeae170372bf51640400a
torus.out0.03200.h5	1c20f6653712acdcbec6234b3577ccd0
torus.out0.03201.h5	8160d6012835dcdb625b0704eb3f49f0
torus.out0.03202.h5	55689ac65f11fddd533cb4b572810e11
torus.out0.03203.h5	e0f2e501c5c27ea20347074853fff3dc
torus.out0.03204.h5	92b5f16bfa596b1572bdf5b69d7c1e36
torus.out0.03205.h5	39e597c19de709250cb78b023f25b5f4
torus.out0.03206.h5	8179f067d507664b9ea66e1ad8bc31f1
torus.out0.03207.h5	49fbafcdb9274c6a803d5a3c9afe9f8f
torus.out0.03208.h5	c6d3745c7a22b87e48c9b36b0b4084c2
torus.out0.03209.h5	6204a282a8c3948a1c1f25a51f84a644
torus.out0.03210.h5	37a82ebf7555081dab05516c52c20a61
torus.out0.03211.h5	957456c007c050262b4608577b6b22f2
torus.out0.03212.h5	dfd11510953afbd62fa3d9998bb39ac7
torus.out0.03213.h5	f5c26827b747f9c322921ae63281b94b
torus.out0.03214.h5	d62ba370dc72d1ebd851a07b0197d1ae
torus.out0.03215.h5	0d4e7f782791b40262426d00f077e2f4
torus.out0.03216.h5	966c3554f40aaa563352c3c0b28445a9
torus.out0.03217.h5	c48425cca97df2cfe19300a77d229666
torus.out0.03218.h5	2f88156e13efbd4a6cf8b89881731c08
torus.out0.03219.h5	786513bee634abf7ff9c9b88201225e6
torus.out0.03220.h5	9b6c3ddac18d34b6bef520be9c6cedfd
torus.out0.03221.h5	fc268a5a89ea35de64f63ed94de1de26
torus.out0.03222.h5	352025379d2dead955bb429923ea3dc8
torus.out0.03223.h5	9e3399060b06d827ba05da2ae7d8bfbb
torus.out0.03224.h5	b8d93a1140c5348fbd5626cfd0e6d307
torus.out0.03225.h5	40b15004c6f9ea011124ad0ec1ddce6b
torus.out0.03226.h5	83f5c68669da4a2cb25b010f74c42ef6
torus.out0.03227.h5	0566a7fba4f388db61368667863c9717
torus.out0.03228.h5	e1d8a2e232c7958f86a1b3ad85345890
torus.out0.03229.h5	9183b5dffe069b5579446488078476d3
torus.out0.03230.h5	43c78521ab50a1c1d6beec1745c15ed0
torus.out0.03231.h5	cef248f177e625b46c34a6e7650ce80f
torus.out0.03232.h5	048c6764a68e6903cdb380cd1fd54de4
torus.out0.03233.h5	b93757bf50810e86f98ae7939af23794
torus.out0.03234.h5	0f6da18dda2ca29ab9310f166f2f6d71
torus.out0.03235.h5	5a9a1d4e9b8d78fc70eb21acf7794ebf
torus.out0.03236.h5	243b32254a5f3642f610f58b41474170
torus.out0.03237.h5	f8aeebdb1b7aadeb16a3acbf1e0a93d2
torus.out0.03238.h5	537c3e7befcf51997346c7e6a2671109
torus.out0.03239.h5	d98e231328187927bd55c92602ae0403
torus.out0.03240.h5	1be70ac0bfc5ede1d545f67a462e400a
torus.out0.03241.h5	291911312aebd2194dd1c25c39218fc0
torus.out0.03242.h5	e462d63612f905519d5df672348d5030
torus.out0.03243.h5	d763c91bb1ced279e39470cd396b3522
torus.out0.03244.h5	b26d80adff8735fca22d744d100a7bc1
torus.out0.03245.h5	03d8692dfd91e68bf0e85a5966b70fc0
torus.out0.03246.h5	ac2a7a7ffcc106fcb9bed19534dd67b3
torus.out0.03247.h5	960507bd03da0553d68517ed035d09fe
torus.out0.03248.h5	5c94dca373de6208c36f1c519a173add
torus.out0.03249.h5	6a3d3a20e7c99049124b8596679e9bf1
torus.out0.03250.h5	ee3298363666d4f6c59e3e790881ffaf
torus.out0.03251.h5	b0e72bc3fa64505cfa64bac11edee526
torus.out0.03252.h5	218a161c52ed7a767c8f5f3db9dd19f8
torus.out0.03253.h5	637b34d9a1c23a5b72a0ff0e93519223
torus.out0.03254.h5	b2dc84c9ac3bee305ede093b56886792
torus.out0.03255.h5	824d17affe4e93b9a46168594a253601
torus.out0.03256.h5	60c4c32fa082e4c9b3355caab0117954
torus.out0.03257.h5	36ada324a51255522299fde13cc15f69
torus.out0.03258.h5	62217d469382871b0e5b0ee5ee4b8a82
torus.out0.03259.h5	ea101d4fb95ce7f7c4bdeff8fdb7e78a
torus.out0.03260.h5	e788d5a48bb0198cb13c1b2279894858
torus.out0.03261.h5	e0bd251c65d1dd0983069b5f7118e18d
torus.out0.03262.h5	b0a9e8206f47850514d23d804dc39831
torus.out0.03263.h5	21c5308936a29a53d083c7f4fd71ca4e
torus.out0.03264.h5	a3683687d916c00b32fa101cee2d6f7c
torus.out0.03265.h5	3cf372d8f7ac5c78cb7e5adc2dfdd3b1
torus.out0.03266.h5	87d2e8cf39ddfd8449e8515949a4b5c2
torus.out0.03267.h5	99a69dbb6decfe10897b9a2d3b7ab831
torus.out0.03268.h5	86ed37a9533d8dfda52fdeb7364c3368
torus.out0.03269.h5	09277318f4d5385a6b0cf47f5ea4b56d
torus.out0.03270.h5	a4d555df9608dad12d255e5ea056f2da
torus.out0.03271.h5	cf20274c47132c05894f1dcb1c6ef00d
torus.out0.03272.h5	88e0b6b4f8096691273d5495a6fd46c7
torus.out0.03273.h5	7bab5abc244309036ce9cc29d752c0b3
torus.out0.03274.h5	cf93151cad1ad9a66b44a6f4f90b3eb5
torus.out0.03275.h5	5bdda1afb3b6593f4637122f15946244
torus.out0.03276.h5	967561b3cba291e187c5b8a8bf1fce2d
torus.out0.03277.h5	740a1b15ac56c23b485dad3d88574372
torus.out0.03278.h5	8c458f44cd03af8ad8b0293a82c255e3
torus.out0.03279.h5	0e7c99e4d14fb96993191cdc55ffdbcd
torus.out0.03280.h5	4ab6585b8576b6cfa796bc1d8a0b986a
torus.out0.03281.h5	3eb9f52a6e86b1543ed9e9b8cf95cec4
torus.out0.03282.h5	6069695d647190bc76272581aa7b4168
torus.out0.03283.h5	edd226a17cf2b88ed1d173225ad60095
torus.out0.03284.h5	8bf2ee32ea8e756582653b91b13f130e
torus.out0.03285.h5	d9ed04bf74b87b925953e34cf914b5cc
torus.out0.03286.h5	b36d5e6e0595dcdcea3c475245fe4b8d
torus.out0.03287.h5	3f6b7d43b3bc09f560c2c61ab4ca7a87
torus.out0.03288.h5	79eb8e6299b658270ace712045ac8db6
torus.out0.03289.h5	25221ea78dda6ebc530a44c95e15cb2b
torus.out0.03290.h5	8754828f6fba64e0dc67e8346851ac75
torus.out0.03291.h5	7480630db6bb46ced827a08521bec8b7
torus.out0.03292.h5	df6e707af2149838be75812f30e4e6df
torus.out0.03293.h5	06a903ce9c8237bb5c4c7cc1c8aed568
torus.out0.03294.h5	848fc3110452c6e8bdbf0a0cf19b0a73
torus.out0.03295.h5	afff6fe804971c79108df12ba4459d60
torus.out0.03296.h5	8d94eb6bcd5df86e26179065b4250eed
torus.out0.03297.h5	4135686953b447ffaba97e6789f95200
torus.out0.03298.h5	db3d084d0f037edfc51d004184984507
torus.out0.03299.h5	198bb698741f3928bd77f9d357c2a8e4
torus.out0.03300.h5	3567c42d2773f9f16fd025a8e1cb6ae8
torus.out0.03301.h5	44f2a82f58274bddb622a80ed8b45606
torus.out0.03302.h5	eec513b82d78c994fa99f50593bc68b2
torus.out0.03303.h5	fa3a4cd3892e9a9592e763faf66e5253
torus.out0.03304.h5	9eb7bfb70f9e493864a69a2623fe60cf
torus.out0.03305.h5	ae909d33c96dd01e5582668b6e2ff7e3
torus.out0.03306.h5	6c273c395e35faeec458d60cd6ef1220
torus.out0.03307.h5	4c3272004e03b8dd9e9fc6af13cd7bcf
torus.out0.03308.h5	bc71cbdc1b9c4586e23af49ac4246869
torus.out0.03309.h5	888e589e9b0762e84efd7f566c7b6a4e
torus.out0.03310.h5	0f9ca59b20e8d2ddff35be4d80c2c4b8
torus.out0.03311.h5	554f9842ff9b25296f28ee431060bcf0
torus.out0.03312.h5	f3c89a6bbbf089a6034a6b3b6a8f5e12
torus.out0.03313.h5	c31f92ec8215d02851a54cc2d56eec18
torus.out0.03314.h5	5139492d2c1b991bd426efb7aedd0f8a
torus.out0.03315.h5	f6adfae0caf8588224ad936cc1aa6a26
torus.out0.03316.h5	00d19d840cb073944f8fb8b069c26e5c
torus.out0.03317.h5	b0a889c7f338fd43b58a8bf458cea1aa
torus.out0.03318.h5	1c044afb4bda19ef87e50dea9c293596
torus.out0.03319.h5	442a3b506c67ea73f9e6dccb108f02c2
torus.out0.03320.h5	1df0eed97bc55f3712931f7588d8efcc
torus.out0.03321.h5	948e28be1681f49fcb005da477bf4291
torus.out0.03322.h5	938f26b48aa0f325c0fb9b81b36031fb
torus.out0.03323.h5	85319f58275039c7c4bbc08e6ba66a99
torus.out0.03324.h5	6d44689dbacda35c02b06149c1ec4262
torus.out0.03325.h5	dc5523064b8c114810cae9a4a300221c
torus.out0.03326.h5	ad3b8897ed7f209596e92848adb51760
torus.out0.03327.h5	ef9a97deea6115eabcbde3cff3f4f93f
torus.out0.03328.h5	16ddca9f21efee074b0835332f1d0161
torus.out0.03329.h5	2a99c9261a34b1020430e96d48cf1c6d
torus.out0.03330.h5	fcf9c98019392260a3489bcfc4645b2e
torus.out0.03331.h5	211f9d0b300dbac81606c89a25f97ed5
torus.out0.03332.h5	f7830b44d98408c400bfc314fc67d4ff
torus.out0.03333.h5	1d13a8c3dbeb1256947d295491a92cb5
torus.out0.03334.h5	acb5f69de8e4d12b2af147acbd933417
torus.out0.03335.h5	6e0a5e43cef38fbc17c6ec7894523a12
torus.out0.03336.h5	541545f4556c52dee7a22fad1bbc0b3f
torus.out0.03337.h5	a55e88148bda4182ed30fa24d72adf9c
torus.out0.03338.h5	201de1fced36a6735e80f21e31ce9fd8
torus.out0.03339.h5	57315f2955583cab0b3bbfda03c7e6ba
torus.out0.03340.h5	21b87a14d537c2d784720f03f914b55d
torus.out0.03341.h5	127d188f10c7b9d665636bd8b05f5f8e
torus.out0.03342.h5	f22a3c87550a12142189cbf2ad6336bc
torus.out0.03343.h5	2844b1220389cab4f6a35c0b49985bcc
torus.out0.03344.h5	ef31d35513ed8db4888ba6e1c9fb02cf
torus.out0.03345.h5	44da07bc9bd820de3db9ae047fe081bf
torus.out0.03346.h5	4687d6205d2a7f4e5ea23129eab84a85
torus.out0.03347.h5	5a7126bb139a1ec1ee1eaa1ff32eaf83
torus.out0.03348.h5	f5716986d68744eab8344e0e5fb8ccc1
torus.out0.03349.h5	974b4f9e2ae02c9d4d7f0fce7587f0eb
torus.out0.03350.h5	ff18eda064403df16a5c3f45e6a6a4d0
torus.out0.03351.h5	ecb9ebb98437c23b3a501e5ee548dc3a
torus.out0.03352.h5	a22d7992ec8c33f094316f827e44f7db
torus.out0.03353.h5	8236d15625cce66625f95cb3d5ab3ea3
torus.out0.03354.h5	98a165dbda48d9e43422b61e3a3881d0
torus.out0.03355.h5	0fd46b6c52bf154f721a8bd6911aa000
torus.out0.03356.h5	11001e867dfd68df629fd8f0151cb2f4
torus.out0.03357.h5	6e25c11d313080ab8b8871923bcc52db
torus.out0.03358.h5	22ba83324d19df07d92d20d9df8548ca
torus.out0.03359.h5	f1d1b509df083a6b45e1d1c5ee101a8f
torus.out0.03360.h5	7e2d2f5cd80881a9d121ae427f956d31
torus.out0.03361.h5	7c815357413a9364d351a44841d28824
torus.out0.03362.h5	b6959983a43cec967fa062b91ddfb744
torus.out0.03363.h5	2dd59f882e9e91f56f8e0b5a0e2fe933
torus.out0.03364.h5	16e8de075d2da6a71c4b1f16f6965450
torus.out0.03365.h5	5151940e9b81a4b852d1ad691aa1be4d
torus.out0.03366.h5	23681950fe6d8a0c8ba14b7fb0c685b4
torus.out0.03367.h5	f832f2d4a1a98b6e9842f8bfbf88f8cf
torus.out0.03368.h5	2941658e151cd1ccb1fb5d414cd00179
torus.out0.03369.h5	9506a43c10f647bd69d8c2fa1987be73
torus.out0.03370.h5	2c3e1d404073f4e79d5837935b7d22b4
torus.out0.03371.h5	4d102e6b1bc45997d2ef35f73f685633
torus.out0.03372.h5	f630af766c648ec2da8f2a1fc067bfcc
torus.out0.03373.h5	762dfe0dbcfce6a0fdddface41c4374c
torus.out0.03374.h5	17dfc1c6b90275991faae38b39caf0f1
torus.out0.03375.h5	0f16436259916952aabe7719c8ddcbf6
torus.out0.03376.h5	b055f5168e18719dd2e5d518e1b9a1c9
torus.out0.03377.h5	9558e54634ab9aa605d3c4d59356f745
torus.out0.03378.h5	730f322aa841d600adf20f6bc66ba98d
torus.out0.03379.h5	b7e9fa8d13dbb8ab73e31e8fca5de402
torus.out0.03380.h5	bb10c8f2d2e27b84131c9209f56336af
torus.out0.03381.h5	156b7023f7ec3e898f0263d583899d8f
torus.out0.03382.h5	118057ae9a8d60d347bd5a2f866a9c71
torus.out0.03383.h5	087d634c070f3837ae85627a79d23a5e
torus.out0.03384.h5	7e786921f9ee8bed37165041206216f9
torus.out0.03385.h5	7f7b8c4c379a7d7b70deeb3f2c654bff
torus.out0.03386.h5	516fab62d4a2e437507b2c8f3c4fd0e4
torus.out0.03387.h5	a125b1833cd12a2656e648b505f16acf
torus.out0.03388.h5	2e6b3e11de9b88362c4d93925398e341
torus.out0.03389.h5	302cd3a003e8edbf1558d1435fc404a2
torus.out0.03390.h5	8db9a8f9c0aae9c3d5c1202d5208777a
torus.out0.03391.h5	471ed4e460b35978449657450f8de1d3
torus.out0.03392.h5	0010b7c10ce30bfb1fe4f7c0f5d458fc
torus.out0.03393.h5	0e90ebbab27476877ff4abce9ba4a6d9
torus.out0.03394.h5	eba30356b77a5b488bb4a54f1e3ab8e2
torus.out0.03395.h5	98fd5e05c5c194058c73fcaaabb744e1
torus.out0.03396.h5	e5151b64da56c9ca0fe0209f398721f5
torus.out0.03397.h5	b8f2088b9a1ffa467cae3bb1772b4f34
torus.out0.03398.h5	d6d6b293a986dab15300150d6712ffbd
torus.out0.03399.h5	633aeabce8d07f47c4bc6892eac7d8a4
torus.out0.03400.h5	73539de725571c344c59d90963ca795c
torus.out0.03401.h5	be4ded7b42c352c48e91a43acb80e311
torus.out0.03402.h5	0b06e1785d0dfc17e8c8556641adffdd
torus.out0.03403.h5	052b3c4d154483f241db927d787e158d
torus.out0.03404.h5	4544db018b9c1211cc7f77f7e5e970b5
torus.out0.03405.h5	7c477595aa93ff81256f6a83401a5ca9
torus.out0.03406.h5	80ae22a27b28c19b73fba854d3d33519
torus.out0.03407.h5	eb300086e23036386205aca498367751
torus.out0.03408.h5	fb837f3635105617f674195feb4f3eab
torus.out0.03409.h5	bfb68b1b5e8b5361ebbe22dccdaf8db9
torus.out0.03410.h5	0843d4b3221e150955d266dc1c743f54
torus.out0.03411.h5	14a1a1e5418ab7be45c1300127bdfeac
torus.out0.03412.h5	d3609b39b2f5fbff8d2b01ced7b40862
torus.out0.03413.h5	a27d39688e1499eb68b4f4dc7aecff5d
torus.out0.03414.h5	bef9b45df91ceffe0bc74e833a930c64
torus.out0.03415.h5	92bebec0fb80521adc3fde8730db587c
torus.out0.03416.h5	b3f345eb5ed0537110c80606012baf74
torus.out0.03417.h5	0c434dfcb3c2784e988469168da91771
torus.out0.03418.h5	d3ea7455198e318cd765e4d0516d3640
torus.out0.03419.h5	90d55027a05cd889567192e890af307a
torus.out0.03420.h5	525666b39cb21494c1000b7de788480d
torus.out0.03421.h5	d5fc3a9a77d7a9e8b73d5cd86c1f96db
torus.out0.03422.h5	36cc5ec8872b1a0af62082c93a3dd49d
torus.out0.03423.h5	1ab856a59c382cae9950dc4f2e908db8
torus.out0.03424.h5	079b7d33d289dc862e66fda9706ab74b
torus.out0.03425.h5	36b0169a026303546d79ba238040ffce
torus.out0.03426.h5	875583befea09350107264da3ea407aa
torus.out0.03427.h5	2a9b7f508090bc37d84a53c64d028268
torus.out0.03428.h5	93250738c074b710f434bad01944da5e
torus.out0.03429.h5	ea9586e870984a115b3e60d105a57cbd
torus.out0.03430.h5	1c03cb46e318fb91d854eac3610895ff
torus.out0.03431.h5	3775203575e788775742582d2d4e4605
torus.out0.03432.h5	8c9376b878be4e9681852fa4a39674cc
torus.out0.03433.h5	ef721d2e36afdb7e6badcf273100f119
torus.out0.03434.h5	3d790a032b7f7c291e2d69846d0600b7
torus.out0.03435.h5	559bf5c3a80128114d520e1396c5652e
torus.out0.03436.h5	6663aff1c2e155d78490a8f8a84f62fb
torus.out0.03437.h5	7e1c4ba0688c3b8fdd196f0e782ae810
torus.out0.03438.h5	3034f86e0c62b604609fc16b67aae8b7
torus.out0.03439.h5	0b59cda48563dec6a7a1d88d5841df3a
torus.out0.03440.h5	cdbd349fdfe2e3a1944ef200aa48ebfc
torus.out0.03441.h5	28c1dd43b5ac01250d2b54c02f59a78b
torus.out0.03442.h5	ff73200d5b3c7ed5dec1220c45c62a71
torus.out0.03443.h5	f49a069849b345932d0d21b8a116a98a
torus.out0.03444.h5	8450c4f0d33edd5f19fd14f6cc140a20
torus.out0.03445.h5	092d60133bfcc81a52534b7cda73d457
torus.out0.03446.h5	86b85e3c2d617dbcd1fc83359186612c
torus.out0.03447.h5	7050a25d7455228a38cb2c72232b48ac
torus.out0.03448.h5	3fa5da347aa3b746e2fffc59524f314e
torus.out0.03449.h5	29840e70e09af03eb893e94f6e3d6309
torus.out0.03450.h5	c556f2b994047c9eef4861bffcc4f88e
torus.out0.03451.h5	1ee6d690fc0ef8936810b69369b193a8
torus.out0.03452.h5	8549e9a7ed9ac74e66e360425f95ceec
torus.out0.03453.h5	220a95dc8302d266cd43be91a50b2fe2
torus.out0.03454.h5	1b96d835fd6a09155df56fe30533f834
torus.out0.03455.h5	3f9e2cff45d80142dfee2351e6771527
torus.out0.03456.h5	768c1bb6f1ed2d81866791865acc692f
torus.out0.03457.h5	589c20e75a338923842f987a4c724614
torus.out0.03458.h5	60c8bd98aef22b94af314db3d87ff780
torus.out0.03459.h5	5e2307f138d01aa0aa9c7b0605a44a84
torus.out0.03460.h5	271d17356601661d4f453c6a6c30b8c1
torus.out0.03461.h5	a8afe698f4e7faf9a9e4917b1dc3a79d
torus.out0.03462.h5	76c0b41f3f683dfbdbca29045e3eb3fc
torus.out0.03463.h5	9f2f6257695343c788e3420c3e94395b
torus.out0.03464.h5	4f4e0dec26008dbfeeaf4016211830df
torus.out0.03465.h5	dddb3b8dcf5df461b70192092ee292c4
torus.out0.03466.h5	e097be0fd12a73e0b7508b4c44c8ea9b
torus.out0.03467.h5	82bd9b13bd7b313f211297b35169b81e
torus.out0.03468.h5	9890f37c64c8cbedb8bb07999c119841
torus.out0.03469.h5	34f7c11f4b7512ab930d87e2c2508823
torus.out0.03470.h5	4fadff2f3fffcee813603859a2708af1
torus.out0.03471.h5	6b84b5cbd0d4d7c984d4723b6ccebf00
torus.out0.03472.h5	ff3a6b68ae0b63f98ff1412fcb5fb1b7
torus.out0.03473.h5	2b641d02a7edbfccd68851131d92ae6f
torus.out0.03474.h5	c52a9ed8d764e9fce68ac90a79ba3f66
torus.out0.03475.h5	49c031d5fd55ffa66ae7166f44721e51
torus.out0.03476.h5	ab86d5441026ceef669b53fef93d9595
torus.out0.03477.h5	9b144fb9b8ae77a1b2c0053116caa571
torus.out0.03478.h5	624de19dfa2b33bf1d171f67a05d8baa
torus.out0.03479.h5	6de0471be7f7c0294abed628e7bc9d74
torus.out0.03480.h5	b82888344df5723b81ff03407fa85c36
torus.out0.03481.h5	2f7af27222f6b8c994754c6208e61048
torus.out0.03482.h5	925e09939ab27eddf5ca2d3117d07d86
torus.out0.03483.h5	1bc021d6013cf381b5b61d92049c3fad
torus.out0.03484.h5	7673e7d1e8b971be74cebd66a0edc68b
torus.out0.03485.h5	cbd505e27282a09586147ab2664a0fc3
torus.out0.03486.h5	bb824e1a2ed6f6bee7000cbdcd87e5cc
torus.out0.03487.h5	85f0bd1e41cb1fa41dc2d583662bdf83
torus.out0.03488.h5	1d488c149f9a5b8f961fafd45dada17a
torus.out0.03489.h5	847620869fdf6e1dd119e3ad2c3189a7
torus.out0.03490.h5	a03fb1b30133921a811d84f08d30f05d
torus.out0.03491.h5	135f252082b13bc6a84cb10bead0791d
torus.out0.03492.h5	beb8b7f2d5c62818f22f35c1ff46a514
torus.out0.03493.h5	4179557a91326702ae5fe25af5ac44f4
torus.out0.03494.h5	7be921878153228275fd8221c4074534
torus.out0.03495.h5	a671c1d816cdf50a9af2441a4410fe3e
torus.out0.03496.h5	c8e99b9ad00b997110a8764b999cd673
torus.out0.03497.h5	70f8a95d4ac19459cc831eaf0b50c45c
torus.out0.03498.h5	27c7261999280c7308c4640277627495
torus.out0.03499.h5	786381c7cdac3351f52febd17832f81c
torus.out0.03500.h5	d7fe4d2e0a3371d060320429871148cb
torus.out0.03501.h5	5717f49363d4c9c7fe8beeb89a3c1445
torus.out0.03502.h5	05062c49abf310697cf0498fe1d61ad9
torus.out0.03503.h5	86daf6fe3ce8776ac6752af889c1d892
torus.out0.03504.h5	782f53eca506d1ff41cd20c08b52867f
torus.out0.03505.h5	7930422a90d74d474c8ebc3284aec5b8
torus.out0.03506.h5	6560cb142c9cda76fe41bc0c1655db0c
torus.out0.03507.h5	59417c3cc32a472fd4ccfd89b1b36273
torus.out0.03508.h5	2886f039686064b34c56583dbd571541
torus.out0.03509.h5	c94558550b81e453345cc46d50e6a385
torus.out0.03510.h5	32affa3419025f3410666306b7a807c3
torus.out0.03511.h5	4293426310a3adcaa0096d8f8a28cea4
torus.out0.03512.h5	1d025a416dd0a97a3e934bd4a413066d
torus.out0.03513.h5	cf8aa007d40c191c99dc53cb626e70bd
torus.out0.03514.h5	fb86b33b460aebe824e180b279934897
torus.out0.03515.h5	fc51e5b6b7d160d555294ce9e432b0b8
torus.out0.03516.h5	bc53831d26ab5c7de4db340e7920da0c
torus.out0.03517.h5	9c4d89d10525d6647376a1f00fb3e2d9
torus.out0.03518.h5	196fe87b77b07b902f8a9a54a4b3faaf
torus.out0.03519.h5	366a5edf620ebcd4f6cf84fae0e36dfb
torus.out0.03520.h5	544b4d9db8411e1e97290cfa6fe716da
torus.out0.03521.h5	0d4d5fa42a30d0d779966b6d2ac5b2b1
torus.out0.03522.h5	bdc98b57cb2dfcf1474ceae12e02a192
torus.out0.03523.h5	b31cf72bde7db4eda098e8406ee9f0af
torus.out0.03524.h5	fde25ddb02f49082314379fe1ce2ef09
torus.out0.03525.h5	51b6a49bdf433de4940876a45de1f75d
torus.out0.03526.h5	5f00f54c5e310000cc071cc69c38e180
torus.out0.03527.h5	97d55d1ac8ef9a556989c4cc977c9151
torus.out0.03528.h5	ac219e6940da2fc53ea1331357089d35
torus.out0.03529.h5	de3722ccc2b4a83a830a3ac3a86824d3
torus.out0.03530.h5	bf300fde693b8f57f540addcb90f3077
torus.out0.03531.h5	fce77fb038cb902392de5dc81fac820d
torus.out0.03532.h5	2d4c9e4d4907e56578be0ef019138240
torus.out0.03533.h5	ef4faba076ab3477593e4f23543607b9
torus.out0.03534.h5	efdc6cb24564000029614e91aa6d7266
torus.out0.03535.h5	1b7405265a188bb1c7495f2c2d5b1902
torus.out0.03536.h5	f6cbc68bb35762261cce02aacb617ebf
torus.out0.03537.h5	fbe3a69c001475beb6c0f49eba97920a
torus.out0.03538.h5	0687dc4f43c3e704bb16a1271a166597
torus.out0.03539.h5	2a319000e0d192b3a364597c5e1faf4d
torus.out0.03540.h5	2d922fbfc92b46571db812876a932443
torus.out0.03541.h5	c278ee81c668b99e1b0cc6006db4dbdf
torus.out0.03542.h5	de2c1602390b836a4244f63938c6c66c
torus.out0.03543.h5	f23e423df17fd9cc4d36e93d5fbd4ec2
torus.out0.03544.h5	1e3edb75129b87e315e1ed2cbc9ca0fb
torus.out0.03545.h5	a2f45f984ef8d1b01fe265ca639f1e90
torus.out0.03546.h5	87a4e0abb0f71fcc25f4b6e07233c52b
torus.out0.03547.h5	42f72894ccd4240963a4871996bbeca1
torus.out0.03548.h5	6df984d6c69110a2eca18c073b6dcdfe
torus.out0.03549.h5	ff37f7948fe81cc54c0af2ec8567d1d0
torus.out0.03550.h5	d5bf7f3a4741e6813f92621c14de992b
torus.out0.03551.h5	f8d493d394f07c7c5da3ab9c2208e5fc
torus.out0.03552.h5	17aababc7b0ae4ff444f2605f4d061e4
torus.out0.03553.h5	713c436d397471e150629b22caae7ff4
torus.out0.03554.h5	1b957fd0c66c2e8b866cb27ac0df8bd2
torus.out0.03555.h5	2eb8a13aa8a66e650bc63bbc38b9bf11
torus.out0.03556.h5	051282592b35863a9e7f6420d3cbf071
torus.out0.03557.h5	dfd39c5ef3dfc717f6acf96f1512e6a6
torus.out0.03558.h5	3d7b95edf31c4bfe84f270964ed5999c
torus.out0.03559.h5	8ab4ccd648f5844cb942e9ef1550ce15
torus.out0.03560.h5	7b513c150086735355d709f8455c0a35
torus.out0.03561.h5	1441bdf2840ff00358290d3fb88f7822
torus.out0.03562.h5	cf7c110641b4e54f511072477d3e83cb
torus.out0.03563.h5	4358738086b14244163870a5417bc908
torus.out0.03564.h5	0164242e599c71b63c87dca97a92fe54
torus.out0.03565.h5	1471186aa3d383a86336979bee16da3c
torus.out0.03566.h5	e3e3547dc762cfa3ed2147470122810f
torus.out0.03567.h5	9f0ffc5deee370e6c36547c39e4cb9cf
torus.out0.03568.h5	221a1ffb6686beca4f2c885e5d809310
torus.out0.03569.h5	08677bb7287cb0532bec2f218690cef9
torus.out0.03570.h5	cf43a7c8af78f186120140de2ae04d3e
torus.out0.03571.h5	df591624bfe2bc98de742e6e4ce4aec6
torus.out0.03572.h5	e4fff97804adf1fb9ba3eee6520880ee
torus.out0.03573.h5	48d908865396a5b2f4b7280ec5254e5b
torus.out0.03574.h5	802d7df429dd5877381f4639bc2fea0e
torus.out0.03575.h5	a5aad88e4cdcd2641debcd34b519a2b3
torus.out0.03576.h5	57a27819c662842d0f22e9c65d318edd
torus.out0.03577.h5	58f6e6765591de534da7efa2eebb255e
torus.out0.03578.h5	f588e2d4131edab65a462cb5315308be
torus.out0.03579.h5	69904c467a98af60720d59fb12412d8d
torus.out0.03580.h5	d7dba4c3c1068d425060e47f74676508
torus.out0.03581.h5	2d1bdae5642a661c5529b1027d2400c0
torus.out0.03582.h5	a32511bef8878da79b2bf2695910bbd0
torus.out0.03583.h5	7d2acfa2ebe5eab19af2c1c7bcd4f7dc
torus.out0.03584.h5	a5ff8c5f53981c13810207d80c2f60df
torus.out0.03585.h5	39e22f4b95e03671030e650c0bfc5bd5
torus.out0.03586.h5	915f96e5e473a64a57d928ac41cf10b5
torus.out0.03587.h5	32d2789998f712166d5e0a9175cac751
torus.out0.03588.h5	bf11d0c1df1676f6465c74b0007e3872
torus.out0.03589.h5	bbd666504f148216657f299ea3aa1903
torus.out0.03590.h5	5844fe6590246985e4c6fd6e273e9c44
torus.out0.03591.h5	b04e5d6271a885b018de8eb40b11f36d
torus.out0.03592.h5	4321cd39f5e718e105374a55900d2f74
torus.out0.03593.h5	f9bb961bb643455c09bc046ebdf431ef
torus.out0.03594.h5	9cd389d13bcebc953ed7d50a6cd85362
torus.out0.03595.h5	f9151506532278e1746cdc31e527ff9c
torus.out0.03596.h5	858f2179a8d4aae946608407dbc862d4
torus.out0.03597.h5	93b8185756a84a0762d9335424a3dd3c
torus.out0.03598.h5	34beb3191898f02b9cdda348ca58d7ad
torus.out0.03599.h5	457f42197a239f1d27bba562777d697d
torus.out0.03600.h5	05a99f68037d128fba48d7de08bc78fc
torus.out0.03601.h5	c9ebaec8d902c21fd6c89c7e35b3a29a
torus.out0.03602.h5	e4655741f77e7b25fc003c931e8b1c88
torus.out0.03603.h5	8a288902e03db593a74e8b54a8675bb2
torus.out0.03604.h5	7ae269c0bb08c4254cb20809ffed3a88
torus.out0.03605.h5	f6e2e62247c6822704a157f6dd074f09
torus.out0.03606.h5	7b45fa48a1441e9b14c25de6d0ce8f51
torus.out0.03607.h5	8e112bc750da3f6c51d92614cb27e8fc
torus.out0.03608.h5	96d3fdc5fc3b4d4c79aad828a90b9de8
torus.out0.03609.h5	0287957abe56e3fb6950ec729798d4a5
torus.out0.03610.h5	478ee945208f3be3712d05f510359204
torus.out0.03611.h5	8cd1c195250ffc0341199c820ce80d93
torus.out0.03612.h5	97ceb528c709adaa907afdc1800cd9e4
torus.out0.03613.h5	e58eb09cb0bdcdc69cc4a4f2cbe947de
torus.out0.03614.h5	f2e31f329f4208d54b63c41dc63de8d8
torus.out0.03615.h5	80e9c4f481f81bfdfdc8b271cbaa0458
torus.out0.03616.h5	fc8746bea735b1577c3335617073df65
torus.out0.03617.h5	551126ed8fdd04c4adffe02040c86356
torus.out0.03618.h5	af90be806382be0b4bc41ed8549271f0
torus.out0.03619.h5	bd71ef6b50766b17a4de9a61393392b7
torus.out0.03620.h5	25232ae314a31164718c06ca32a05244
torus.out0.03621.h5	606dbb07678735a6550a2366e0d98db2
torus.out0.03622.h5	dd339f6a7a960b4b7d40ade8c665c781
torus.out0.03623.h5	c22673be3769aa7e84c44ca722023963
torus.out0.03624.h5	3180afd081bfda53dace41a8efbd013b
torus.out0.03625.h5	964f0963a4f87948129f6ed15d163713
torus.out0.03626.h5	bae19bbb1caf99961ea64bc47b36b2f6
torus.out0.03627.h5	72dd820d6d16009054d916dc9fcceb91
torus.out0.03628.h5	274d00261ca5f0b9295653ac1ffd93e8
torus.out0.03629.h5	be6522f4f5e393b9480ca1c9347d4c6a
torus.out0.03630.h5	487d49cefad93624ea58347e7542200c
torus.out0.03631.h5	e3282d479c95245b25b7a1a19cba68d7
torus.out0.03632.h5	cf9a4edbaae66dbb36afbb66b6706958
torus.out0.03633.h5	a2e7d11e3df46c05309d05c09f989654
torus.out0.03634.h5	a117219e2c7abc65ea7bc23b136f04e2
torus.out0.03635.h5	e41b0da9547c83b12d90b53811de5abd
torus.out0.03636.h5	30a5ec8aa33f7c9806481d81f387c193
torus.out0.03637.h5	222fcb09e3ec4223cf69a8aa73697abe
torus.out0.03638.h5	49de6128eec7480236a73617b057dfd5
torus.out0.03639.h5	2f16f0c7cc8eb982e251b33808d6edd1
torus.out0.03640.h5	25c5c55551f3bfbcb60b8c80318129f4
torus.out0.03641.h5	f55255a5dd617193dc41be9a81423bde
torus.out0.03642.h5	83384030e16b4f6c0bdff8ee432f52aa
torus.out0.03643.h5	e4f60dcda5511439969ba6ffec8a1315
torus.out0.03644.h5	a82a4e9f1b0f98bce993ce34d7d58fde
torus.out0.03645.h5	e2fec84fb8d77abbeffa226286613115
torus.out0.03646.h5	09c6b5c2e696f55d79b5f43f1f117865
torus.out0.03647.h5	4023af3bdf38e5285c4421b509dc7fe1
torus.out0.03648.h5	0d9ef348ad9cad553a08969d8c43fe16
torus.out0.03649.h5	f273946858736d256219185b9cbcc4c4
torus.out0.03650.h5	5deca72100ee8866c5edb836a378a32d
torus.out0.03651.h5	212cedfa97f685f16df5fba7a863672a
torus.out0.03652.h5	5c410ad5f9c4fa645f6ea10098a3a3f2
torus.out0.03653.h5	2358a58c830318b2dca88e974b5bf708
torus.out0.03654.h5	82e572bb494ade26e8e5439ac078a630
torus.out0.03655.h5	49198a5b010e4b05864d5d347c9acc8e
torus.out0.03656.h5	9fb22a5bc5d0f10106fe845a231b6ded
torus.out0.03657.h5	1ed8ed3a3700eb569a0e366b89d3515c
torus.out0.03658.h5	d0876014ac37d478c453148d4d62c84e
torus.out0.03659.h5	e2d7fa671843277e5fe5a98af0725096
torus.out0.03660.h5	7b56854c7ec75345c583d61b76d8ee66
torus.out0.03661.h5	d722ecfecc762076e0a21e9dd4183f0b
torus.out0.03662.h5	a9f8648bbc120c9f97903eae908d8929
torus.out0.03663.h5	24f312bb2d6dffdd7770492db5b3361d
torus.out0.03664.h5	147e680a78075d10df24032bfdec0cf7
torus.out0.03665.h5	8f310e92d866f08ee47d407fbb7db53a
torus.out0.03666.h5	776674da685b7c003dac9c6ae63b849a
torus.out0.03667.h5	bbfb14409eb74d9841ecbabc0696b1e4
torus.out0.03668.h5	16e177dd5727da4d4e9ad2c7c968cf05
torus.out0.03669.h5	7dd25ee8b836b0228f3295c7763e2f06
torus.out0.03670.h5	d7373d0d9f79b1246819b94e19269017
torus.out0.03671.h5	cc723dd6d63bf0af6516293da80cdba0
torus.out0.03672.h5	9c21fafb4ceb985291f968d442259486
torus.out0.03673.h5	bfd278ee0be2417acc50d139a5065726
torus.out0.03674.h5	455d52f26f0320e60a7e4f0871a4036f
torus.out0.03675.h5	7d2a6119d22ceb84687606389b621c81
torus.out0.03676.h5	5deb9b55b15d28182c97020284e98635
torus.out0.03677.h5	502a49ee953a0892e501504f1e9bed60
torus.out0.03678.h5	bf7db3f27dd5254f39de5590de2d03c2
torus.out0.03679.h5	26875190437a81ec21c05b1dda853b74
torus.out0.03680.h5	76138e190106b4159d03e439666811d1
torus.out0.03681.h5	64a31640d5fb5ed2800f8276d71ecc25
torus.out0.03682.h5	f684ed94e38feed067850f44a6bd6552
torus.out0.03683.h5	8222a048fd35ef1a5c8c01e684e98f3f
torus.out0.03684.h5	75776ddeda867b2f42b5200d1260cd56
torus.out0.03685.h5	1e02cba53f7ceafd8461f7175471aba7
torus.out0.03686.h5	3699a40e642908872fce41832cf9fcc8
torus.out0.03687.h5	e36d2d5ed9074e9eb89402b489fd4799
torus.out0.03688.h5	05e6272e6bb4800eb9d892d8fb580477
torus.out0.03689.h5	9f6393d155eb45ed1f6d90d3d2e3f568
torus.out0.03690.h5	a1311771f388b16f4b22ff429af19c93
torus.out0.03691.h5	d5ba6c333ee1228285ed1b418f03aab9
torus.out0.03692.h5	6198cc5c5b849ef1c5ca78271a54e74c
torus.out0.03693.h5	e1c7ac2f634780cad5ce17616238abee
torus.out0.03694.h5	b79ad20f4dbbe5819e8869062da66901
torus.out0.03695.h5	f499d3239ada15a83dff364722c7903a
torus.out0.03696.h5	f381b7efd24f489483ed424126578734
torus.out0.03697.h5	5077bd8719c1501ed28cf9b9ef49f03c
torus.out0.03698.h5	5daba1c7805aee0d141ad9c1184b797d
torus.out0.03699.h5	d7271f6e292bf9878aabe3a5b8d9d216
torus.out0.03700.h5	5805cf139feb45f5a5dc5e7f88db8042
torus.out0.03701.h5	7ac381e4f8bc4ab5a3b070517421dd7f
torus.out0.03702.h5	6775fd24319f9bbf29990bee0d6c40ad
torus.out0.03703.h5	246d2303f8808c46858914a3cf35d952
torus.out0.03704.h5	91848695b4f933f9341d052596618530
torus.out0.03705.h5	3bd3ebdd6ab2b5791678b2a22b4ded6c
torus.out0.03706.h5	c06820ac015522ac82bd60cd825c0405
torus.out0.03707.h5	d133d95a5111573f8c0a13e316e6c3aa
torus.out0.03708.h5	b263452c8c1d357706e126b63f08ac22
torus.out0.03709.h5	c4f0840c989baf9130d7b396025024e9
torus.out0.03710.h5	e9c70f8b87b040f640681ffea15a2493
torus.out0.03711.h5	6b421afabe4c4d85cc68ac797710fd88
torus.out0.03712.h5	93392d22f4fc124bc529f4ea3f32d19f
torus.out0.03713.h5	165032e50a0424598e8b49d821ae1899
torus.out0.03714.h5	33f8d69e7f9a0907e4d18a6d7048ce21
torus.out0.03715.h5	a1b0d5b8a316c444c62508b963d29eae
torus.out0.03716.h5	0589ae102c4492bf80fba0206f055014
torus.out0.03717.h5	94e801253d7eaf98f1c4a4bd1fa0d801
torus.out0.03718.h5	85ee65484105e2894b24e919397d93ec
torus.out0.03719.h5	268ba23b10f01a292e9ef70a7508546b
torus.out0.03720.h5	569a455a263c9121a53946d74a8d3627
torus.out0.03721.h5	1b25d8f6f4b95d60c8d524e432d3b051
torus.out0.03722.h5	abf1db918d049b1aae548c97ebb21c64
torus.out0.03723.h5	3b824ba74f4c4002c543fb06e458d4c9
torus.out0.03724.h5	c29324bd48d97e36a3ff164d1640b106
torus.out0.03725.h5	b08ac0e34b35a1af4defd9e4f9d03060
torus.out0.03726.h5	3b2450a25394bb273da5206b309b7560
torus.out0.03727.h5	32dc612f3eb6af5b29498dc1fd1736a5
torus.out0.03728.h5	7d8f283171b541d1ef4b7215d0209656
torus.out0.03729.h5	e71b055cab9bddd778990deb253fadc3
torus.out0.03730.h5	91db3ef3c675300cf7bea53ab47a53d0
torus.out0.03731.h5	2cfa59a016d31aa0c8a0e5f96e056a89
torus.out0.03732.h5	04e5aa6a9a39a7136105f70a8b34365c
torus.out0.03733.h5	448ef24d242d570deb4e38b3e8f8a4d5
torus.out0.03734.h5	ebc0d615a75913a1fb6e0b7a27cea6da
torus.out0.03735.h5	b63bd95d1133072c7b44b9c98e5a3475
torus.out0.03736.h5	d60a4bc04e7bc3b145da4af0fc34b884
torus.out0.03737.h5	aab0339f93810beee575b9535a7884ed
torus.out0.03738.h5	4c564bbd1799da4a05ced1a21869ebfc
torus.out0.03739.h5	1ed833a6da3f3188ee28d877aef2fa56
torus.out0.03740.h5	6eb3a4f3a8591986b0d2d2312d5538bb
torus.out0.03741.h5	a491bacb83da33c03f749dfa17fe561d
torus.out0.03742.h5	aa375bcd091ba5da80b2dd9467efc32a
torus.out0.03743.h5	7a5c8c2c47566f0de77b9af27e31ff96
torus.out0.03744.h5	590653b865bf58b2dad2fcb2544d4c1b
torus.out0.03745.h5	202110e69f3ab1d5840adeebadde2ba9
torus.out0.03746.h5	f63faa8c4de6a185d2ecc69400307fb3
torus.out0.03747.h5	8568019a43b99b6aa6830b873885d2cf
torus.out0.03748.h5	32cd143e0094cf2d3a779f75aede4911
torus.out0.03749.h5	d1313c413d4cad4ed353ab7813ad2a7e
torus.out0.03750.h5	3a4c8976ab5ed6445297583e84456135
torus.out0.03751.h5	c26ff91dd016dcb076a3630b7a4069e8
torus.out0.03752.h5	e94bda23163f56598a999b388ebc74e3
torus.out0.03753.h5	7dd123f346e564ee552d95701ab001ab
torus.out0.03754.h5	131bf6218d9881ddcd5971e56b374b0c
torus.out0.03755.h5	d3b7fc422ab88b99f0831eac032dc75e
torus.out0.03756.h5	0ea6420e6ba30de5acf7400e11f2e1ab
torus.out0.03757.h5	27dec28577b55ee71eb37455feed8d05
torus.out0.03758.h5	c9ccb10986333b2ac9ab59136cd8e45f
torus.out0.03759.h5	3e776a84f178199bdf51a6b77928aa02
torus.out0.03760.h5	28ffd10b0490162cff9d1e8536b1eed0
torus.out0.03761.h5	76b1d7fe6381254ba1e63cd7681a3bc6
torus.out0.03762.h5	773d1b40f0294f7117e50a9ad42a6580
torus.out0.03763.h5	224b2d461abea44e3d928c40f72529d2
torus.out0.03764.h5	10760334a2d4df641d0df119002932f7
torus.out0.03765.h5	fac2a76f5152ac9550089d035885b141
torus.out0.03766.h5	7a50ac75c9f5292ef20c34e6c8e31ad8
torus.out0.03767.h5	ffb89ea37abd83fa5eb32737eb7a2ee2
torus.out0.03768.h5	a1b7e38fb9b9537b991f4daf32c9b115
torus.out0.03769.h5	074944866d5b56cf5aa8fe10f9d7e439
torus.out0.03770.h5	80240ea310878163ca73872e797549d9
torus.out0.03771.h5	1724bc70e922ac9e9d96c34d4e3ffbce
torus.out0.03772.h5	a78c110cd952f2b676eacfc236cf5ce3
torus.out0.03773.h5	8e1130bd50d9adb11580604e349af9c5
torus.out0.03774.h5	e68220df1cbdc51e2637857aec9fa34d
torus.out0.03775.h5	011a7187f14714b83d5304d18b5b714f
torus.out0.03776.h5	6946c88bfaf1707253618e75d8298277
torus.out0.03777.h5	1ff4ae87faf0cea11b813f88eea816e9
torus.out0.03778.h5	76f4041a8e6eac14975169540e4b30c9
torus.out0.03779.h5	b0fbea76bbb88a68a7c40095195274ec
torus.out0.03780.h5	6720d4d60acd28a1bf1698d3fc945bc3
torus.out0.03781.h5	782e1216aaad5d917ef56cd66142108b
torus.out0.03782.h5	26a14cca77e4b4523e2ff1b0ff10ff84
torus.out0.03783.h5	a0cadce225f6ab49736087246aa3d961
torus.out0.03784.h5	be73dce7a36946ea8f13141bba753efc
torus.out0.03785.h5	597cb0e3553563d326d6537712397acd
torus.out0.03786.h5	718a1674047f4cf8a603e77c460f1223
torus.out0.03787.h5	409e8e670ec9b3193bf2c944cc4252e2
torus.out0.03788.h5	6d385eb4833af287506c2949c9f1f0aa
torus.out0.03789.h5	92854ab136bf62af3b33061fefd775ac
torus.out0.03790.h5	186ad349c2ac04d687bc251a1355c661
torus.out0.03791.h5	c8333a3bea75b7508273e71ce79b5329
torus.out0.03792.h5	32b4ad0e730634983d35dcf0d4e969f4
torus.out0.03793.h5	93739406673c2868d05bcd75c2408634
torus.out0.03794.h5	cb7b0e969105b0ed1d228e7d4a5a08b9
torus.out0.03795.h5	308fa6798152b7f9c8112e2ed202a08d
torus.out0.03796.h5	f06f3d6083020fd854c676d256812a61
torus.out0.03797.h5	155a03dd0d002b8185b5633d60fd2e17
torus.out0.03798.h5	4787a1818429972bb3cd8f3bfe03c690
torus.out0.03799.h5	151432c615fc0af991b160da6cc9c4f9
torus.out0.03800.h5	5108d4954dd53fae2490f464515b11d9
torus.out0.03801.h5	25e935c2f89f4b00d05be88f8e48a1ff
torus.out0.03802.h5	90e83f0ed50ca8bc78782f77f0bf9cf6
torus.out0.03803.h5	23ff0ac48fa63c5132bdca88fb70d530
torus.out0.03804.h5	7a12de23590018c9b69fc2b9466db005
torus.out0.03805.h5	c3620515f846532f3158957c4a067ba7
torus.out0.03806.h5	c6f44f12154e894372fc92b7c40ca81e
torus.out0.03807.h5	498d97114589223ba30713992aeef7d5
torus.out0.03808.h5	7e13086ca5ee242263f32aa449b4e4d0
torus.out0.03809.h5	0e5ed71759d2bf0efd4d5669423dcc9b
torus.out0.03810.h5	5b33fc2e342ce5d39de0040d6a22d850
torus.out0.03811.h5	933db0e4d248c0497a8f26eb981d405b
torus.out0.03812.h5	3983163a0817f4bdc4f61b28939f61cc
torus.out0.03813.h5	ca7c87899b560a60f77ce13d9a4f8504
torus.out0.03814.h5	0576679815726c5296cfcfda1a7da524
torus.out0.03815.h5	fa0b0f05d5f92524258ee40dd80a02c6
torus.out0.03816.h5	9a06b6215d8e3599750b54cbe956d8df
torus.out0.03817.h5	fbe35bc3ab33ffac1afb77e38632fe60
torus.out0.03818.h5	7a336cd58518138e32728334a10fe748
torus.out0.03819.h5	aab6c43dbf3b91c883e9057e757162cb
torus.out0.03820.h5	5ff9975121886bb897cece5a4d40e166
torus.out0.03821.h5	19bc367b3917593dd5a7c0228cf595c5
torus.out0.03822.h5	7facbb699f11ccd75156529559e76a5d
torus.out0.03823.h5	048117eebfb245d79c3ae0f678ce5510
torus.out0.03824.h5	d8040dc9544b305395f0256651b21d04
torus.out0.03825.h5	4ae13e2ee595f511c57320b007c78432
torus.out0.03826.h5	b8a3a40a872a32157963d700c3551059
torus.out0.03827.h5	d243074ac59b3d60424edb4c59894db1
torus.out0.03828.h5	e904a1f8a5ab3a6467ba4d30cb903b8b
torus.out0.03829.h5	9eca09dd0353459300c8d1d6cd059adb
torus.out0.03830.h5	071a9475654e9022fd39c4a5082c24f2
torus.out0.03831.h5	7a51a52432eb2b1f198708cd1cae8855
torus.out0.03832.h5	8d6dcb415249c73c84d5399b788cd80c
torus.out0.03833.h5	28384affa03541deb11894b7be36a5e2
torus.out0.03834.h5	608e9dbda0c73b74111192503d0f00b1
torus.out0.03835.h5	3ead81183f9212e4c2c545e6d56d7667
torus.out0.03836.h5	1c4a1576d5673a6c4d227f97dd03ad83
torus.out0.03837.h5	b74dcf5f1ed25006bc8cc0a32d8a0b62
torus.out0.03838.h5	743108e8aa4e5b1c9c53af8089dbff7d
torus.out0.03839.h5	7e9f74ffcda12162ed314e6316c56d4d
torus.out0.03840.h5	ee91127c35d056b2a9f354e54ccb990a
torus.out0.03841.h5	22327c641b4d0a0a7887b99d0b27ade5
torus.out0.03842.h5	a030e9051d2e5f88ee4e7170aae208d6
torus.out0.03843.h5	25cce84a9141aaa881d9dc9e94a76f5c
torus.out0.03844.h5	e10bc5085447d856852728c248bb0bd9
torus.out0.03845.h5	c99fcbffb1001bf2f289f9679606f6ab
torus.out0.03846.h5	210ab7c67d6be604e361705b9cd2c4e0
torus.out0.03847.h5	095c3b623e578a8640aaf6a8b6927236
torus.out0.03848.h5	add1ede56fa7780db65cd8432b0dcf21
torus.out0.03849.h5	3ff9dd8ce0af7db9bdbb1ce6af6f21f0
torus.out0.03850.h5	5c6942ef6daa56280674379527e2ea5a
torus.out0.03851.h5	4c844b0a7952a77e1d0b9962737fe7db
torus.out0.03852.h5	27cf98dd889aad9f76d492c51b706ce7
torus.out0.03853.h5	be1dcf65d2dc6a9903f87b91e8fd8317
torus.out0.03854.h5	759b7786aaa89c78ebbdd0b2ea8ac2d6
torus.out0.03855.h5	7cd887e5e5925abcea26ac15bff3e1ae
torus.out0.03856.h5	95ed2f1b8c7aac16179e0d3a7fd9bd01
torus.out0.03857.h5	3a59b7764a88aed1c7c855fd7d0e0307
torus.out0.03858.h5	31b1834c5a40c9ef185bbe09dc274192
torus.out0.03859.h5	b30ca5276576e8178ecef89e73a774b7
torus.out0.03860.h5	1907361e4fbdac431e00178400e1a683
torus.out0.03861.h5	34999b6de2f54579b63442cabd207459
torus.out0.03862.h5	a6c0d40d0640814f7a5280e8cc87bc81
torus.out0.03863.h5	4c414fd4fba04fa2fc73336e0f6f10b8
torus.out0.03864.h5	4ae2d243c8841ede34f5bb2dbfb6fd00
torus.out0.03865.h5	6dab407443cc7075583c31081c2c6fe0
torus.out0.03866.h5	e08c8702780109ec168215457e799d3d
torus.out0.03867.h5	6d65beab8fe7b148e3fa89f60d254c03
torus.out0.03868.h5	436cbe35278c0d94adbc1d1ff7ce8c07
torus.out0.03869.h5	bfc2fa4aeb0a88ede570f15b1a670c9e
torus.out0.03870.h5	3cddf237a9c4a6e316cc604e5db83a64
torus.out0.03871.h5	97e616f3933e2795ff8f7df1badf4606
torus.out0.03872.h5	f6d74f13956d5feae4acfbbe4011ef3a
torus.out0.03873.h5	924b245226bfa67334aa7cdbc4429ebd
torus.out0.03874.h5	06475b6ad1c2a59e75769810f4a40724
torus.out0.03875.h5	714ec2a19e499aeeab8800a5f669828c
torus.out0.03876.h5	5ca02ecc911131d540d54dbabf1b1592
torus.out0.03877.h5	d4752aeae4029068bacad2f2e00064ba
torus.out0.03878.h5	24772086732056410e94041bfe647974
torus.out0.03879.h5	3ac01ba1b7c12c130f32ecd2c13f11a6
torus.out0.03880.h5	198c5ac28d13d6f0dfcb8c5268970b5f
torus.out0.03881.h5	9cc30c36df62755d55df2634ac6a2329
torus.out0.03882.h5	57b1de5d4c68ee4b3bc2dcc2b654c7cb
torus.out0.03883.h5	23cad4cb175d738c2d554ae9f6a54f6d
torus.out0.03884.h5	f481f11264665667a2ad34079e9ac6f1
torus.out0.03885.h5	cdb46fc7581eeddf491cdba34ff728e0
torus.out0.03886.h5	3a77b5c5e57c036aa3decbff34652168
torus.out0.03887.h5	3337aa72a9c656a9d600ffcd17ee1cc4
torus.out0.03888.h5	07ea6d969db8fcd408837cae94a6f43a
torus.out0.03889.h5	1c83e7278d272358996fec64c467ac19
torus.out0.03890.h5	5cd46f8a234ab7a79a148a0fbf161e4e
torus.out0.03891.h5	fe810c4c7e20343f9e5a305d94cf8c7a
torus.out0.03892.h5	55310b0a2fdc0bdcf03ae4f718887767
torus.out0.03893.h5	a52008719acab51569416fdecb336eef
torus.out0.03894.h5	a92d0d508197532596593e488c457874
torus.out0.03895.h5	a017946d7185177afb5574eeda206329
torus.out0.03896.h5	c06e82af3c1052f0d8c831efd7e9a11f
torus.out0.03897.h5	83c5b3af3452cd62dfbbcf9d6980e692
torus.out0.03898.h5	900dcfb47f3ac25be49a175921413316
torus.out0.03899.h5	53f81ca6ec7e91816bbb800b0a4bd07d
torus.out0.03900.h5	6250ac74654ac4b7ed9c5751ac356733
torus.out0.03901.h5	2df1bb62ef4d6ad64b2103c17efea03e
torus.out0.03902.h5	ad291af410c8a5b7c5785c4485c8d383
torus.out0.03903.h5	7ce7ed6b80a14149a560d48b3294e97e
torus.out0.03904.h5	51ee87673c2be3445ba0f2d757bd39ee
torus.out0.03905.h5	64c49efbfad76d6125bbc87c0e63feb4
torus.out0.03906.h5	58e82da53b47066e48fdc9c330ec86c4
torus.out0.03907.h5	5d7943b2f1fe3bed576f9fc0104edcf9
torus.out0.03908.h5	9046189bdc19dd93213737ace71bcd9d
torus.out0.03909.h5	4ab1bd0f7518bbe3ef838846c4674567
torus.out0.03910.h5	ecf8e91a8350e2c04a8eddaa4bcb1e71
torus.out0.03911.h5	533dc418627e6a0ae901d224d157e402
torus.out0.03912.h5	1403784530fc949ec606e5d876490910
torus.out0.03913.h5	a2eb78aa65e4c89de5d53a946a90fde6
torus.out0.03914.h5	40c6ad2a9035dc2db92e673ccf727ba9
torus.out0.03915.h5	3922be8783a3db589681c9df69d8a1c0
torus.out0.03916.h5	e35d2cff332ab775714baeac8077c3ef
torus.out0.03917.h5	b2c2d40865bd00bcbd2b13ce33e5bc9e
torus.out0.03918.h5	44b9ce4f5e0d2b5b33ee9512c1b09903
torus.out0.03919.h5	caac825c1925beeecf77732866f31bc0
torus.out0.03920.h5	dd0b1bbfa0581c4bc1a9f69bd0540440
torus.out0.03921.h5	cf91d38f78806d15d36e6b371dee2a91
torus.out0.03922.h5	5183be4a2a651ad4d6324c6e903d890f
torus.out0.03923.h5	37782bea28117759929323772479f6ba
torus.out0.03924.h5	f9fdd9c928825a3be7aa080cfa00050f
torus.out0.03925.h5	7407db412cd5ad1efe4ab2f18ac5c442
torus.out0.03926.h5	e4c41aee6afc9f7dff25967d76de9828
torus.out0.03927.h5	80d6b6a4a1beda56660dbddd4d28bb73
torus.out0.03928.h5	74fbcfb07b24e02c138ceefe306d4c60
torus.out0.03929.h5	2da5b3597bae990d40917b85fa4bb24b
torus.out0.03930.h5	b24ceb3a81b515639994f9ca0a1e99ac
torus.out0.03931.h5	c0b9fb8d94e4b797eae0d53d6f75cdfe
torus.out0.03932.h5	d041ca32ebfcb224f479ed042563151e
torus.out0.03933.h5	3b87fcbae5b1694f4a02cd7fbf56a3da
torus.out0.03934.h5	79b40a8b2e2f8bf7df8f3f5604e4defb
torus.out0.03935.h5	656cff5c1082f18fb311d87b6c068a7d
torus.out0.03936.h5	96fd16a7ab72db39f826b3a59f5bbecc
torus.out0.03937.h5	b4fa33e353ee863f0a30a153b2569958
torus.out0.03938.h5	b3a8aeebcc7918eaec316eb3442a8413
torus.out0.03939.h5	1d8ef82d1030c5b37766bb187aa8dc5d
torus.out0.03940.h5	e31f18200dd7e7e88bea2993f5c53c8f
torus.out0.03941.h5	0a1bdb41a9d3cae45732c79cc960aad7
torus.out0.03942.h5	d0aa0a3536dac9d18c147244ff218910
torus.out0.03943.h5	0358a9481be0b0d1083b7d5429dd86e6
torus.out0.03944.h5	abff20aa015a9dae36cf122eecd36a60
torus.out0.03945.h5	74e5a53e4f88f10c8013ba11ae178ba9
torus.out0.03946.h5	4780b00884c267591f9e68dba04d9962
torus.out0.03947.h5	4b6a9dc28b914feee3191d329f3eff8c
torus.out0.03948.h5	f76739367224b322ea5689cfa1748940
torus.out0.03949.h5	81f749950e1c1ee89c1403716449dcec
torus.out0.03950.h5	46e01d48dcad4845de713284d4715ae3
torus.out0.03951.h5	76358d440edcb5fa35b44ff2aedfe527
torus.out0.03952.h5	e7ebbf212e9a34f44fe4a8284ce0c59f
torus.out0.03953.h5	5b8b2dcff8c826afa7894ae3ad0c75cf
torus.out0.03954.h5	ad29a7dff2bfcdffa0d17f79418c1bb7
torus.out0.03955.h5	b805fc1431be3dfcd4810d779424539b
torus.out0.03956.h5	7004cf15fc86e5fde650077cc7171bca
torus.out0.03957.h5	e32bfd2bf10b0eb81bc0b4458ad573fb
torus.out0.03958.h5	7a25d85f942d847bfcb54d852aeb525e
torus.out0.03959.h5	889ccba9de88912cd5183cb62e3e3b6f
torus.out0.03960.h5	372e64d492563fc3fa90120e22631149
torus.out0.03961.h5	e9f4219301ea5f787dfd0aa44f512458
torus.out0.03962.h5	0b610e2d340e70c3a8e6b9c4f107ab77
torus.out0.03963.h5	1144ab1c8ab1762bda589b2f0a152368
torus.out0.03964.h5	cf3c65c1cf9d95d4d631aa2b78b65e63
torus.out0.03965.h5	39121877b075b6ebff9997c266ae3d6b
torus.out0.03966.h5	8ad2e8d5edd47be4384d4bb673a036b4
torus.out0.03967.h5	72d7f628b942ca40976ddb766873cca3
torus.out0.03968.h5	3fce85620911a5198275be5e95b946e6
torus.out0.03969.h5	7a90a4ae82051cff7674b4aabd927d7e
torus.out0.03970.h5	607dbb4436bef66004bfffac366f8f32
torus.out0.03971.h5	15c4c7406ee5bfb051dc4bfcc4af4f61
torus.out0.03972.h5	8dc65b2711e8de8431dee6031a046a23
torus.out0.03973.h5	550d88100cbe41e5d43f2a03fe914363
torus.out0.03974.h5	224c1b918a4a295cefa425aa5ab8913c
torus.out0.03975.h5	f02f44e9bba839e538f59624c84240a5
torus.out0.03976.h5	a38d5015e75a5b75ddfc60a68c024dff
torus.out0.03977.h5	b4cbe6f529488372bf571ba2dae51e88
torus.out0.03978.h5	6822a7d1425be1423f7d1539644e4845
torus.out0.03979.h5	d1bc75089a859b0b3921ce0ec4206ffd
torus.out0.03980.h5	48f7b199db86e25d3f4ef2abaa9ac7df
torus.out0.03981.h5	ec9b5097f3c67dccf388d84c3a0d07a8
torus.out0.03982.h5	6ca3de97c80a3f09381ccb3bcafbf554
torus.out0.03983.h5	97826307dc5238d8e20c29b8c88df772
torus.out0.03984.h5	16a4b2c6321f26e633d93f312b35867f
torus.out0.03985.h5	1805694bd341925f2e9a7a4bc5999428
torus.out0.03986.h5	af45eb27040f529546bc4c71fb30ca46
torus.out0.03987.h5	ea9d3c018c848122ebbb4c5f400fa42e
torus.out0.03988.h5	995a2d4e0b55a04a05505f12aa6ef47e
torus.out0.03989.h5	eb8b8c8a044816707916fd2d59d00892
torus.out0.03990.h5	78eb32beb2a64c0c466e4162614e3db6
torus.out0.03991.h5	3dd3b6a66842f4d2af9417471b34cb82
torus.out0.03992.h5	a1277a8cd78fd96cb1e18b138c0328a7
torus.out0.03993.h5	094431c55b51aa6a4bede7b1bd793995
torus.out0.03994.h5	0a6211d06b183aef717f48281e82b2e7
torus.out0.03995.h5	8b3c1643b925bc1bd0a5016700f433c3
torus.out0.03996.h5	02f5ea6b7e32367b50cde3050f56c3f2
torus.out0.03997.h5	932f44c8a174e9d7c5a85cc1183cd6e3
torus.out0.03998.h5	7d1525548a75eebf5182727e71053c0f
torus.out0.03999.h5	379353e12bad5f14ee4256cb901f49ef
