torus.out0.05000.h5	16fad5b0717755a61f2455a198ca1504
torus.out0.05001.h5	ae43831301e736d5befe8fa8b0581dea
torus.out0.05002.h5	897fb9fde0e11d8d0ff61a70fbc5ed72
torus.out0.05003.h5	0760d61400aaee6a1a1fbefbafbf88bc
torus.out0.05004.h5	1163b1a06364415aaa993a79b03442ef
torus.out0.05005.h5	7abca119d61773097d96e020f9a5cec4
torus.out0.05006.h5	08921ea002905fc9c163dc2c3578a12f
torus.out0.05007.h5	9ca6ad34c9eaab3766bd733d5cebf8d1
torus.out0.05008.h5	64053dcb6d4e59cb96ef1b0c5689e5e7
torus.out0.05009.h5	03c2987c8d44026d8dc31bb448431ce9
torus.out0.05010.h5	dd3c4501a0f25f417e855bb8862ebcc0
torus.out0.05011.h5	e26c22e2acd17f11846199247a03824c
torus.out0.05012.h5	536c2e25f7fee3a501ca520a321b4001
torus.out0.05013.h5	b5c032d6e72d635ac9b75d6ca61de877
torus.out0.05014.h5	c13f5fd84630115a2e438697ab0b73e7
torus.out0.05015.h5	3e42b4ae73bb12926fd37050eca6fafa
torus.out0.05016.h5	50d980297201b50d149d21df50af0b7b
torus.out0.05017.h5	46422ec74a8f073b88dffded9e02b703
torus.out0.05018.h5	f656fca19fa769e466b9acbfbe2ce2b6
torus.out0.05019.h5	bdad90198d36f13a86fb89ebd525d445
torus.out0.05020.h5	7f9ace059a2f59c49c7a9b0eb13070bb
torus.out0.05021.h5	95db95c8d3227ccb2d02f3811307ec27
torus.out0.05022.h5	a0e265ce656dd4f95ab13f7a5afcf363
torus.out0.05023.h5	c8c96e68b15f486fce766f7abacb9ade
torus.out0.05024.h5	9a240c603734c5fd7cac0c0ceb4958a4
torus.out0.05025.h5	6dfcc0da226d7b66bc87e86c97e74ea1
torus.out0.05026.h5	4303c82dd16c4789a4d9403ecbd07ae3
torus.out0.05027.h5	163d5badf946c88e0d6788db5535414b
torus.out0.05028.h5	3dcfae8c92480c9c595e10bca4823da6
torus.out0.05029.h5	1c23153d2e60cea88fa5ad4680834689
torus.out0.05030.h5	95bb68d206aeb46cf12d0e5b3a0f5981
torus.out0.05031.h5	d7e7b565fcdbfb01fbacf11c909d3c08
torus.out0.05032.h5	b17c050c02e2230d4777960b25ba1aca
torus.out0.05033.h5	68e29b467afdcc9fef8b3b210b8ec818
torus.out0.05034.h5	f64883d1b210c9c250df0b6985c2bb18
torus.out0.05035.h5	df597ce577f6a5fceae4e68238c9ab2d
torus.out0.05036.h5	80b3c9c82db3ef15c6089d63a4c41c2b
torus.out0.05037.h5	93795205f4f94eb6a6188e146312a45e
torus.out0.05038.h5	2c22d9ebfad197a8920c832ca8daf6a1
torus.out0.05039.h5	6808b61b6d1c2052a3f8923d7eec0faa
torus.out0.05040.h5	0c74f934afa521831681dd8f9b914bb7
torus.out0.05041.h5	2beb399c1ff0c8de83d0e80ba3f7ffb2
torus.out0.05042.h5	771703758ee2aa5587aae60b730cc9ad
torus.out0.05043.h5	af3be9f5e3aa4833bdf39b2b03308671
torus.out0.05044.h5	706fc0f09f2a63e7efc67b03a9ef4f06
torus.out0.05045.h5	1c85845bd8a802c269a8463b18dab729
torus.out0.05046.h5	a49898cf9dc1899a1680464535e03b2a
torus.out0.05047.h5	12cc351a930bde13da4a7d0a221d1c04
torus.out0.05048.h5	f71d6c736cfc35cecaace0a104f54ccc
torus.out0.05049.h5	b25f78e45402517e52cc5d8bf71f97fd
torus.out0.05050.h5	6fddc0269b6b963f35877af9df079f20
torus.out0.05051.h5	829ee8271c2398683558bdc564ecd63c
torus.out0.05052.h5	02af7aa26d589559d471067958078868
torus.out0.05053.h5	569e1ad0b7d56efef9010647fd6aba64
torus.out0.05054.h5	1f23194fd345840f68dfbd126fa2029a
torus.out0.05055.h5	0122b57e53a97abbea2f37f56ae222f9
torus.out0.05056.h5	a5671cbdad8bb66452f9ec132774848b
torus.out0.05057.h5	8b0d6473bd69d0fcafd39e9c9dd4d1fc
torus.out0.05058.h5	9ac86806f0c415b39ec22f779de9e32c
torus.out0.05059.h5	3dcb0d5be314597b8eefed2fb4c565ca
torus.out0.05060.h5	f38fc2bd2d1e774c448b99186074bec2
torus.out0.05061.h5	559f5a11bfa28def88018fa88f80c83a
torus.out0.05062.h5	8285e84f78896ae76efe9b4cd46d53ae
torus.out0.05063.h5	60ab9592b78ae6bd43752a987a09127c
torus.out0.05064.h5	e6f61fd42f90aa5e008098ac27eb0f43
torus.out0.05065.h5	9c6826d70579686a948d24ee518dc323
torus.out0.05066.h5	d85d06c14de080132dc7eedce5434d86
torus.out0.05067.h5	1d091015d05adc4351f89a10d540b793
torus.out0.05068.h5	b168ebe8558898ff788b331ccdf99e81
torus.out0.05069.h5	83a5a7cf9b764841d4e738294c07b137
torus.out0.05070.h5	be634a4f6ff207aed072fd15c32a131d
torus.out0.05071.h5	a2cab23fbffb4dc3d820fb6f55fcaf3c
torus.out0.05072.h5	6450de8e8a7ab7fc8901089ea7496e42
torus.out0.05073.h5	faf30a6d30e868d395564a789883a840
torus.out0.05074.h5	d3aff806b409848745c6f94e051b50e5
torus.out0.05075.h5	8b6408bb5f5cef1386942c2f35db7a6e
torus.out0.05076.h5	df50ce936c9e5ae4894cc352430ef71f
torus.out0.05077.h5	c62267d436787f86874844544b44e2dc
torus.out0.05078.h5	a5d49ac55706b959d184c7e58aa52bfd
torus.out0.05079.h5	b92b878879750cc0d5789779b5a5a5a2
torus.out0.05080.h5	cca792c068b893270587ac42ddc05b75
torus.out0.05081.h5	b27159b1c5695b8ad4c94693148769f4
torus.out0.05082.h5	7b70bce56e635e87f94686037fd628f9
torus.out0.05083.h5	302efcba7fbbfa448abf70cedf069272
torus.out0.05084.h5	fb14ad4dcf2866c891eb68e704851ed0
torus.out0.05085.h5	889d033036b35c5c57eb97d30b5843bb
torus.out0.05086.h5	d0f63400a2852a2bdb1b0036ab5b6e8f
torus.out0.05087.h5	dc52b270dc562cae97072b2ee1325011
torus.out0.05088.h5	768be69bb5a7a945b510b590ce6b6847
torus.out0.05089.h5	0b961bd776aec86acb74e40f76d0e0fe
torus.out0.05090.h5	e4f9a36d59ac17241057cbe55693c550
torus.out0.05091.h5	2dad52a5e56b08ce79316051bb823309
torus.out0.05092.h5	58716cf91c81667c15382162f831d89d
torus.out0.05093.h5	c8c6e48a8c94fd4c637ffc3ff4017e01
torus.out0.05094.h5	9958dac507022fd31479bbfaeaa5cb6a
torus.out0.05095.h5	ed4d7596bf9c3e3a1313d4e45c9d2a33
torus.out0.05096.h5	b032131aa266c3e06d9f3861abf30afc
torus.out0.05097.h5	d54d5bbf481dd0bc4dc16804c78c9fa5
torus.out0.05098.h5	42280778a5d36c225e040c89731325d3
torus.out0.05099.h5	e4c517c59c107bf75eb590f844ad3499
torus.out0.05100.h5	da976cd07801a9df9beed53ac82a398b
torus.out0.05101.h5	61ea940679e956d33d1941b1958bbe8a
torus.out0.05102.h5	8330a2cde6518baf7f3833a389523bb3
torus.out0.05103.h5	1c807108d879a7cab535ccb252d91be0
torus.out0.05104.h5	2034acb3f986e790ab5caa6818b557cb
torus.out0.05105.h5	c45f08ec4e0b17d0d7261564e34545b6
torus.out0.05106.h5	41e102fa46a4e4570e38a8c313eb8cc9
torus.out0.05107.h5	e474967259c73366071149e9253fd240
torus.out0.05108.h5	92acc64e52fe3121c681ebd9a38797cc
torus.out0.05109.h5	1b89af7f75d4b11277fa69bfd0e8e572
torus.out0.05110.h5	1b005508ca2920a2e9f0048f2ef4b9c0
torus.out0.05111.h5	459aeed6b05b8f72282d26888fd4f637
torus.out0.05112.h5	2e5bb864e5ee1c12aa78608b35424a57
torus.out0.05113.h5	46bd97b5565f0a97ff9c52fb08d8ae67
torus.out0.05114.h5	4e6709f0d54879bd1b1ad5429c7c1251
torus.out0.05115.h5	de474ef0f398d16e7f388829cfe6217d
torus.out0.05116.h5	3762368ed666a20ae8fa04e3e21932fc
torus.out0.05117.h5	71b30f7573a800584f9c57f2c3b38d22
torus.out0.05118.h5	cb415278c8934f692a8f3b43531a5c1e
torus.out0.05119.h5	916fd265fb6f33e0fb1ea5ffa0b7a38d
torus.out0.05120.h5	26a7cca44f17b5e57abf1cefac8bb780
torus.out0.05121.h5	7896f7646173b9b27db18dfb5f2a50f4
torus.out0.05122.h5	4157c4a55c315452c9428bd91d224211
torus.out0.05123.h5	a2f89d644f35fffc0f98aeeccab9b2dd
torus.out0.05124.h5	263b0b27abb0e4d0d950e8cd401a27e1
torus.out0.05125.h5	6cbc23c697a729ef9712b5e1d93fdded
torus.out0.05126.h5	795010a47a82c76427e1c8a0a65fef0e
torus.out0.05127.h5	103172426de8c26e7db1aaa5fb30ac50
torus.out0.05128.h5	106dd4bbefd327b1091e1d0b4a3df22d
torus.out0.05129.h5	7351c543349a664bb124b723bcff6870
torus.out0.05130.h5	809f7f3d8018fc6d3501a940e766910a
torus.out0.05131.h5	24b322a2efdb29dc29d34c6f7727d37a
torus.out0.05132.h5	02f8383c42f891230abc4130f69714a3
torus.out0.05133.h5	948f4ce2b65627630cd93d4766216f88
torus.out0.05134.h5	220ff885addb479ceccf63a210056ee8
torus.out0.05135.h5	bd0756276b9e0aacd4157c8219a12ec9
torus.out0.05136.h5	7bb69923c92e5c85c5a693949972ebef
torus.out0.05137.h5	02d40b2bfd7273d440735c34be8422b1
torus.out0.05138.h5	84a97dc1789bf6436901903e37da7cba
torus.out0.05139.h5	0f59d7fc8c52b364a80245f96d594a8a
torus.out0.05140.h5	df75113c4d50cc9ed77f99395aa24896
torus.out0.05141.h5	574436a27f4da062cdf9cd5fd8d4a1e9
torus.out0.05142.h5	20ae5dfe0ebb6a6dde139ecb8d7b9994
torus.out0.05143.h5	95c58d8636817da365a4171c7733b20b
torus.out0.05144.h5	cf74e1f2a4c463921134a1c82ef96bc9
torus.out0.05145.h5	7ab1528332f60b4a5f91f8159f2d80c7
torus.out0.05146.h5	1e31e67b72e3ee4e6f9f63401dbbed23
torus.out0.05147.h5	8448b0fc21d06dc85432e9ee582e28bd
torus.out0.05148.h5	ad7150c3fd54626c93cb99954713cf9e
torus.out0.05149.h5	cbfefb3b1c3b669af54274cb8fe1e6f6
torus.out0.05150.h5	b58fd17e2172c43681838bce05745d11
torus.out0.05151.h5	eca82bc8a1024c0380680072b1c1c08e
torus.out0.05152.h5	ca7368f9770c07baf972235dbfa10f33
torus.out0.05153.h5	f44120be8525c115d4f40b89b8c2e412
torus.out0.05154.h5	b80201d6803a6923ebc8ae42e09dab15
torus.out0.05155.h5	eebbc64d446b65ee935efcb465d7602d
torus.out0.05156.h5	bbf16ee80da414082cbc2f6289a1933e
torus.out0.05157.h5	edc87fc4c4e4c9ad57a361571d0fb782
torus.out0.05158.h5	8a0ee7f8e85ba9f7414fcdbfd528d8ce
torus.out0.05159.h5	2e4d5f8f6e2a9c79b9c6ad713a6ca130
torus.out0.05160.h5	5b8c315cd7f1ea817158e5345642e405
torus.out0.05161.h5	c2d0879305f9a73f4eb373ef6583f311
torus.out0.05162.h5	44bbc7febe0eb5ad238dd000f9819f84
torus.out0.05163.h5	49e14d47b7ea341eedd4f13223800cbf
torus.out0.05164.h5	5a26225529eb44fdbd66d944bd2b6ba4
torus.out0.05165.h5	4f13fa620245176b024501bccd8c31b8
torus.out0.05166.h5	37628699ce3562a9c8152c8d5d47ccd0
torus.out0.05167.h5	61462854dec0bf369aec2e6d19f581d1
torus.out0.05168.h5	f956589c55e9158f0b3aaaeefb63c4cb
torus.out0.05169.h5	fdc9c75bf7f76263d6a68b76cd428131
torus.out0.05170.h5	38123e2cf93fe4658d9d1b1ac2e410b7
torus.out0.05171.h5	9d9f7b50660a964191c67703561e898f
torus.out0.05172.h5	c628f8a41a191005d3c773291f208888
torus.out0.05173.h5	0586f3eda1a2143aafe2b951e1a96da1
torus.out0.05174.h5	bdb3e554ede20af773d4dbab0b098bcd
torus.out0.05175.h5	38a7f5bfdd386376b9087be6fef8fd3a
torus.out0.05176.h5	52ca22b2aba9febe4f88473226acc115
torus.out0.05177.h5	977de1825b6bf502b68f5a74ec51d336
torus.out0.05178.h5	90a05b0cd6fc3fcbb89e995778cc36c4
torus.out0.05179.h5	7520f14cd7ff0ad1ccafc0157f4fa60f
torus.out0.05180.h5	877713670e200a00b901c9be19e35e4e
torus.out0.05181.h5	f0656e0ab89b215c5da79b290847d4f0
torus.out0.05182.h5	a457789dd7dca4212ef6160b73f4ddc4
torus.out0.05183.h5	299211d93e0c4ebd15115b4f4dafa8f0
torus.out0.05184.h5	21fa7eb35dd8ecab39dcd527c8d5d464
torus.out0.05185.h5	6a68b05023f838d078dc66ed51d29341
torus.out0.05186.h5	dfc3dc10a578c5462ddd567419bbafa1
torus.out0.05187.h5	66761fc82d89a8bd02c31d5c7664559a
torus.out0.05188.h5	a4378057fee50625cd13e1f7a648842d
torus.out0.05189.h5	acd0d202e293f52ff6c8c5877244ac94
torus.out0.05190.h5	35011b945bd3572d56890325504eef64
torus.out0.05191.h5	45f5e734d42eeeaae801ada9d055635b
torus.out0.05192.h5	6e81319524fbe12f4c2d5bb36244025e
torus.out0.05193.h5	1bab1d3a5de670f24e99f24439020a30
torus.out0.05194.h5	cb634660a66e6096d77453e94231f1d4
torus.out0.05195.h5	90c805d8a9bc5b424b615524cd2d859d
torus.out0.05196.h5	862b095c4ec5e7502dd7923617f9a1ff
torus.out0.05197.h5	6e425006d18473abf70192ee4d595979
torus.out0.05198.h5	86f4e1eaccf4fbdd69cc42d045cc21fb
torus.out0.05199.h5	8df1a5262533bd269a72a4735775ecff
torus.out0.05200.h5	e6e34d9dc2cda0f79a7c17b55ecbb91c
torus.out0.05201.h5	ef466bbb20d4106b377230a5ede31e8a
torus.out0.05202.h5	2654d6086e13f083d621cc6c70f8d634
torus.out0.05203.h5	3567ed32cfbc9279c82bfdd5fffa5c10
torus.out0.05204.h5	aecfff1ca597643aca693ed9daff3593
torus.out0.05205.h5	90d8b24282b9c5a596ff10325dbe5d24
torus.out0.05206.h5	ee45e462e734f2891466601273c7b365
torus.out0.05207.h5	5d465f83882bbf3ad65385a0680ca63f
torus.out0.05208.h5	1315e233469c0daaff948a18ab1df136
torus.out0.05209.h5	a5f3ab31cc509fea57cf68f9995d3811
torus.out0.05210.h5	ea1bd074f2d23d23e065cd8a83d46c37
torus.out0.05211.h5	c928a9acb26e8ad921832cb880f687db
torus.out0.05212.h5	0369da1790f86a3c24ea7373c9823565
torus.out0.05213.h5	92de9fa72399e6f11079e40244fcf654
torus.out0.05214.h5	6b83b76012132944c5228d75fe13c823
torus.out0.05215.h5	32a209f09b3212715c6accdc8fdf0a50
torus.out0.05216.h5	b9118f7f5f9449babb8f56487062f3bd
torus.out0.05217.h5	a19e34b17b73d447c8bba168d0442922
torus.out0.05218.h5	766e645cf3de4a61fa4bb83968157b62
torus.out0.05219.h5	f617d9017f21ec7509011d51b9c90154
torus.out0.05220.h5	ba30eaf3847b5616e199a317edafd4ef
torus.out0.05221.h5	8d4688be667dfaf80a5bc4226f2a63d4
torus.out0.05222.h5	fe8f2497c0289a3482abdaa5ef9805d4
torus.out0.05223.h5	daf69b7f26ed5b20057bc0bb50fcf435
torus.out0.05224.h5	a411325a830ecf4557c8de7b2a061ec2
torus.out0.05225.h5	24442dc3c61da5eced21b2d8c85bf9d7
torus.out0.05226.h5	f82cd3935fda9c413489cf5dafeb4dca
torus.out0.05227.h5	4ab9d144d1050a1a92aa666f05c5ca92
torus.out0.05228.h5	8698374a764578b8cce5a2059fd60ec5
torus.out0.05229.h5	3d0bc4647abc16978c11f430dbfa6f0a
torus.out0.05230.h5	58561d9ae6829a61b7a8479f919d109c
torus.out0.05231.h5	f1c30074e116d14073de6d16cabd76f3
torus.out0.05232.h5	709e6f67ccfce4ed3c24651770baec53
torus.out0.05233.h5	16734886264b7116aa7f12b77cbf6a5a
torus.out0.05234.h5	75bebbb214751ecb7f95ff6b101c6f62
torus.out0.05235.h5	5096e86379afa33e2fa6b5159bb43eda
torus.out0.05236.h5	e66a08627407316f358f3d33e8075607
torus.out0.05237.h5	004b2237358a60f3fd9f9cb605ec21b2
torus.out0.05238.h5	dcb23179f076952f51f3589e63efb0d0
torus.out0.05239.h5	436f60d9d52a98e33c7622694b7f57b8
torus.out0.05240.h5	2236e524da97dd3904bc2ca93977abb4
torus.out0.05241.h5	852d0ddaa9f64a85eb727b7c73ae0f85
torus.out0.05242.h5	8d654733447d3f5822b7e4f8c5d7624f
torus.out0.05243.h5	be249d386e06df3384d31d9b26091505
torus.out0.05244.h5	889401c4b6c79da012b3e3434fa9065d
torus.out0.05245.h5	258af57eccaf7f2f513eb304847f1238
torus.out0.05246.h5	3a03e682738af6e9d41f685cce293d42
torus.out0.05247.h5	6ac2a4dc24032bfa8dd58f05253a7b60
torus.out0.05248.h5	233c0d8bf1bbf8ce816c87be1f6629bf
torus.out0.05249.h5	e6493700de69dbeedf12d587a6aca9a6
torus.out0.05250.h5	7b1953f86157a1867786f8b4f14bf2d8
torus.out0.05251.h5	b7ef9a630fdb70e26736f62d046b0817
torus.out0.05252.h5	ac64c50c4a81e4216af93c3feece2656
torus.out0.05253.h5	c1612bf2eaab592c3d6674b7c7c36ec4
torus.out0.05254.h5	e42cfcbd9fdeb6f1905b7564c6ab397e
torus.out0.05255.h5	043e363f5f8fbeb15a0cb7e935a45deb
torus.out0.05256.h5	677fd567a266a40fddedc6ce76e65050
torus.out0.05257.h5	ea39ce8a3a332836e8a83aa19798e0b0
torus.out0.05258.h5	550fcf7a126aae033c91c2f6a5d84ed9
torus.out0.05259.h5	985cd0026d3db381e7b4545d4b606ff6
torus.out0.05260.h5	88c0cfded7a339e8eda6f12cd6796235
torus.out0.05261.h5	96297a679d852563de641fef3538cc21
torus.out0.05262.h5	b46d2e1f8cd2eab7e00233be2acc5983
torus.out0.05263.h5	b5d527559b50bdcf1c1a0ababae30187
torus.out0.05264.h5	58f8f5475507672e2d7eb76307a446b0
torus.out0.05265.h5	8836ca208ed6703c2083bd57768bbd8f
torus.out0.05266.h5	66d96dbffece72484e70ece785edd7f0
torus.out0.05267.h5	75f25376e02e7ecccd29d6a5d79b8d70
torus.out0.05268.h5	bcd5cbb3982bf9971c548475be483753
torus.out0.05269.h5	44438b18462badafb89fb1adb5390c1a
torus.out0.05270.h5	67c5dc903bea79af33002713c944c61e
torus.out0.05271.h5	b448e5bd5da271865750934eaf144dd0
torus.out0.05272.h5	b2688d9024156f66530c2600fc68e3a9
torus.out0.05273.h5	85ec7ad12b246f07fb8523db18ff4a4d
torus.out0.05274.h5	9d79de87e56c1bb76c46a95c34b3cfec
torus.out0.05275.h5	5c2e29b75cce991cfff4cc15aac83830
torus.out0.05276.h5	3de2c0776c1d7402a7bcf52fb4226658
torus.out0.05277.h5	047482b526c45d3fd678b4c696416c75
torus.out0.05278.h5	6301276ea319a439639d6d7f2182e066
torus.out0.05279.h5	887c943037b2349832647cd548717bac
torus.out0.05280.h5	606d8a2ca6d71f865ddac6868361a83d
torus.out0.05281.h5	45a523b27d603a6354e94701499e40dd
torus.out0.05282.h5	47f97c5efd4bd146af608a0dba0c0be7
torus.out0.05283.h5	d446308da043a8bbd713615734dd2108
torus.out0.05284.h5	4aa984b570b87ab30b3e27fdba6b326d
torus.out0.05285.h5	1ff4b0a78799fe5217b181596cff20a2
torus.out0.05286.h5	6b429580761ef92e8d7d20bbb2f9700d
torus.out0.05287.h5	7bb4b8bb193b1c4cc4cb9bbb5305b2f4
torus.out0.05288.h5	cb89e44c39abc7b5a1e3a3d069ff2140
torus.out0.05289.h5	15e5f6ebf5f003b3ed4ffd598f8eaadd
torus.out0.05290.h5	fd90fe2bcd5042a2bce4d936ef8e87a4
torus.out0.05291.h5	60cebef82d7cb405bfab70e0cb445d62
torus.out0.05292.h5	fd2b36600360e3e0d1b2ff49f09461f9
torus.out0.05293.h5	8e510e5f4009d5efb872b3db568cbb94
torus.out0.05294.h5	43e2e3f8db151c8c9122738de73c1540
torus.out0.05295.h5	bcf6a1162b77e670d5d545d109f56a14
torus.out0.05296.h5	74fad4f78f44c199022299244d453dc4
torus.out0.05297.h5	b0d48652b61f4e0d931ff06fc524b247
torus.out0.05298.h5	83205377a8db9e03111d61d03b5fc790
torus.out0.05299.h5	374872496e02d91b35e8185f0c33e338
torus.out0.05300.h5	e49b99b117d7912a01c5b005198d4a32
torus.out0.05301.h5	be9c46da6101d6afff10ac8013bd644a
torus.out0.05302.h5	feb4d1e0c7e83c23561ad8d292f0265b
torus.out0.05303.h5	852a7d87a42a71fe980ca8a99953f601
torus.out0.05304.h5	6c50a136fbf3bb2e57c4f8a03b67e6f2
torus.out0.05305.h5	8263eec984f10165ca1569ed18d8e6e0
torus.out0.05306.h5	158573e445c38a2ffba9f8a081c4b0f3
torus.out0.05307.h5	179bcbf1c747a38ee03da80770d2c443
torus.out0.05308.h5	a727c294da9948b1e991e1abd8f13371
torus.out0.05309.h5	ca7d997515291b05f3d9019b70cf4e80
torus.out0.05310.h5	b5d1a889512b95a41da67f2a6755db46
torus.out0.05311.h5	aa4ac253fcf1c832cc5f2a34f15bf892
torus.out0.05312.h5	f49fcf7ddc652692a7be83e0015545f5
torus.out0.05313.h5	36655a0d1f4d37361d4c0e72133bed25
torus.out0.05314.h5	c2535c7dd51cf2e3dd6bf215a86402c0
torus.out0.05315.h5	a6ef68553ebf303505d600badb5b54f2
torus.out0.05316.h5	a9e225a8473c6565fa02c08e906cf220
torus.out0.05317.h5	afa6150a51dbe7e13e33b9ac90f58e1d
torus.out0.05318.h5	c56f9fba812e502614daef6d116472fa
torus.out0.05319.h5	26f242d0333452cca4f66e4316502227
torus.out0.05320.h5	1abdcc6be8abc6ea61b03992aa21117d
torus.out0.05321.h5	a967ee556afd6f79e16a5e14f83c042d
torus.out0.05322.h5	d31bfc59f65b551e1540496c69b9a527
torus.out0.05323.h5	1156030d4d6fdcd5ed27ff723a4b85c9
torus.out0.05324.h5	bb66f5012f5fa24645776a3bfaac459e
torus.out0.05325.h5	a55e142e0a9b3170838245e009fc2ee7
torus.out0.05326.h5	e1a4dd53e121ca5118d7ae175e9ae98a
torus.out0.05327.h5	34040298b8e2d178200242e81bafb880
torus.out0.05328.h5	15008fe82d4c395f47ad34c6281d047e
torus.out0.05329.h5	a825d30aec9dfaac62a93ad29ba81aac
torus.out0.05330.h5	55db66486b6bb344906cf918d4338e87
torus.out0.05331.h5	d324bbc8cba029435c5387cb962e45e7
torus.out0.05332.h5	c1564cb0d1d5f48ace4f0cddceb1c43f
torus.out0.05333.h5	b58baa18a58bb6e546d45d614c938616
torus.out0.05334.h5	fa4cb54a522d5a95f3e3047085bd3f1c
torus.out0.05335.h5	d5460665a2fd9439b1db7c95d14132f4
torus.out0.05336.h5	3b5240eb0815ae7dba40558b0738870e
torus.out0.05337.h5	c1097b2efaa7f3e7b9b7cb1130ce459a
torus.out0.05338.h5	434238696dd7d6edaaeca6ef4320d48c
torus.out0.05339.h5	e286b72447e3b7d499faf20000b36a76
torus.out0.05340.h5	ab214f8dc91b520b1b9430403da91fc9
torus.out0.05341.h5	f415e777fbd4c4c5cd16a76580c37fab
torus.out0.05342.h5	2512d0c38ab747a0b9c2bac3ed084ddc
torus.out0.05343.h5	2bc456befe6362ee3d662d4c9d253a58
torus.out0.05344.h5	2657969a6dc092df0ad15bc8793f1189
torus.out0.05345.h5	69c9ed617e2fec2a21732e553b26db04
torus.out0.05346.h5	dd35f1bc523ebc1e7b2b6ebc58a2bbae
torus.out0.05347.h5	37f0a20db3832770e5516cbd5235a49b
torus.out0.05348.h5	3260e6ed15c652a2cc3c20adace972b7
torus.out0.05349.h5	edca611be0b7b795c1046a59ebba25c4
torus.out0.05350.h5	ac746f45d6139264a561a1a764adba96
torus.out0.05351.h5	8688c730f244a289c92d8e24ddb2837f
torus.out0.05352.h5	bf8a6fb4a761070e4930c3d90f0cfec7
torus.out0.05353.h5	f15dbfa72bebf39bbd5631cd86794198
torus.out0.05354.h5	3362ef25e36ea31b6223f3fe4116df8f
torus.out0.05355.h5	b88350c76c27275a59f8bd84d6e90f26
torus.out0.05356.h5	15d0cecc9df1028de0a1cc570785cf74
torus.out0.05357.h5	6dce089afe76a784d36064c64cf548a3
torus.out0.05358.h5	3f5feac075862a07c0be73a1c03c3f97
torus.out0.05359.h5	be4d1892b2b72c2340b9b12e77581125
torus.out0.05360.h5	b654f9866df946a27f574fc65812ed33
torus.out0.05361.h5	ad7589838841d1f39a6716567eaa8b22
torus.out0.05362.h5	e0974d94f45fd00d8bc53eaedd0abe48
torus.out0.05363.h5	54d4502f0fecf654fd30681b04a5f3c2
torus.out0.05364.h5	c5be16e64f2c4ee339b35377f3137723
torus.out0.05365.h5	534d6b3daf8bff7a790960cdfa6cfd48
torus.out0.05366.h5	f51026a65bb5166277095404b727b76d
torus.out0.05367.h5	931af7179d716e78993f4a55b897002f
torus.out0.05368.h5	23fe9ff9eff6799404d9f837518e9705
torus.out0.05369.h5	1c27137ad102d6deef960a96a8b61b31
torus.out0.05370.h5	dbc24574792fa6ed029b41d2596b9869
torus.out0.05371.h5	4b1e0d3f5d6c2925ae0bdac30321e276
torus.out0.05372.h5	497fef872cfb87ee0e7430ad2304d6b6
torus.out0.05373.h5	a2c7e6129ca6b7987b6731d545771cba
torus.out0.05374.h5	9552afaa9aaf92d20887502f28b2a8ab
torus.out0.05375.h5	acf0c150a7bc67b635da56a46f1cabd9
torus.out0.05376.h5	09c9001d7d87e11a998e1b1f36596844
torus.out0.05377.h5	759b7aa1a27e3da8cc572aa331f3b7dc
torus.out0.05378.h5	1e2ea5bb97821df07665e4a6f2658bd2
torus.out0.05379.h5	0cda91f9a9071b5118d7c4badd6f9f63
torus.out0.05380.h5	50d2363b3cd5e4873f4f58daea3cf9b3
torus.out0.05381.h5	085548a350b2176476fad259e28fd6af
torus.out0.05382.h5	f29dd6eea60dad8e088459936c349014
torus.out0.05383.h5	4a2b7d71cd1116328af29bf9efb43351
torus.out0.05384.h5	95bfc372483d621397412ef7d8c8170b
torus.out0.05385.h5	19680ab83b1c401bf8112b9a3f1e8d28
torus.out0.05386.h5	3ed8821308262aef1a7719a608f377ff
torus.out0.05387.h5	8d1643483f967076f476760a0c11f148
torus.out0.05388.h5	0fe187e40daf7784f805a054c2bb0f5a
torus.out0.05389.h5	69be5e029eabfb525bcd7aea5100b50e
torus.out0.05390.h5	39eb648f0f7781d3f0c25cdea52bd5de
torus.out0.05391.h5	13d4f5c1c3ee238ea649f4c8820627a7
torus.out0.05392.h5	cece9cb2a54a80b0acac7676f30704f5
torus.out0.05393.h5	8fa05495241349dc398a4f5f4496010a
torus.out0.05394.h5	d4bd1ff357c4b8d49c44276fdd8fbb78
torus.out0.05395.h5	477185bc77d207d58b73cbb7f72c38a3
torus.out0.05396.h5	156a687d71550077f4e9c0f92c60545f
torus.out0.05397.h5	0f28572bd6d871855e80a10a1f25a121
torus.out0.05398.h5	f085c4cbd3f55da6794bbd9d557092d3
torus.out0.05399.h5	f4f86e2ca5b3a2bbc1147c980f34a0fc
torus.out0.05400.h5	fdf444367ea0a5fa88772765481f33df
torus.out0.05401.h5	271325ad2b12a18d3d95cbc77275a40f
torus.out0.05402.h5	5b6cf29f46ddeb6474108e6ca6c8facd
torus.out0.05403.h5	c53f8a9ef8fde4470edb15d11c96fefc
torus.out0.05404.h5	ee39ca9901502ca7b53ae2928770d15d
torus.out0.05405.h5	a99aca9b064a0b598c0c18ed9b98b39b
torus.out0.05406.h5	c17d0ba2592cf96ab1b7210b8726638b
torus.out0.05407.h5	90b7ef53271f0d82acf2ab68f835fb34
torus.out0.05408.h5	f8c9701b38c597205f97491297c8a717
torus.out0.05409.h5	35f0f7e3d96f4f34a1f6bace71b884cc
torus.out0.05410.h5	3d8137fe763b365608bb6a8ff7d5e6f0
torus.out0.05411.h5	819acbe1e879ee7d23a9ac2195dd889f
torus.out0.05412.h5	43629638fc724daf21fe59edc34813a2
torus.out0.05413.h5	8fa1ce63aac9298ba5680eab75dca7c6
torus.out0.05414.h5	1aebf67ad09226a17ec05a7eebe926b5
torus.out0.05415.h5	2faf8c7d7b47d62d6955cc3541ed76d4
torus.out0.05416.h5	76a965a103593b660f43e2eeb73135da
torus.out0.05417.h5	6d6bbba47615e651d97cb286b12925d1
torus.out0.05418.h5	2dd85c20f156b710d4d98aec86a5780d
torus.out0.05419.h5	f9d71a6e91817e44b5ef0fdb79895344
torus.out0.05420.h5	e01e516c50f8dcb7b931189a4312eabe
torus.out0.05421.h5	16ac781c4476f2dc2a54a5f26d457621
torus.out0.05422.h5	056d7a7079c59ef4f95c36f90659bdcd
torus.out0.05423.h5	1d882301994c7e5138034c15966f3119
torus.out0.05424.h5	520552b8fd5c408444e390b8cda5b246
torus.out0.05425.h5	606d270ae17dbe4304349c8e40ac86f6
torus.out0.05426.h5	b21a0b2604b1ea9a8cf53104458d7ba6
torus.out0.05427.h5	95ff06ebdf1c853dcbd57152e2c59b26
torus.out0.05428.h5	1f88fa7de349d87c720f8d9a1875415c
torus.out0.05429.h5	e42f1e6768e2d9d31536fcd1777426be
torus.out0.05430.h5	eaff5196a65215b3481cf2b60c444bd6
torus.out0.05431.h5	397b75ae7d21b9efe266142e4ac9bfd3
torus.out0.05432.h5	474c2f72a4118eecb1e5cffbdd8617c3
torus.out0.05433.h5	9d4cb685c5f12958c93822a13c48dc28
torus.out0.05434.h5	b581a7ab1caf14ad376b417aef0f2bf3
torus.out0.05435.h5	907a7bdb84bfbf78305186ff891b62c9
torus.out0.05436.h5	9973498274a05315119099fb890e84a0
torus.out0.05437.h5	0e01746110032ee6a4ae0d2c74f07c6a
torus.out0.05438.h5	0fa45352609012eef3b96cc7c9bd7986
torus.out0.05439.h5	320f15b469539167b147c09536ca7dd4
torus.out0.05440.h5	b849c9f3cf5a724175ee32cf0f16c51b
torus.out0.05441.h5	1c20ea476145eb054aa18eba602b737f
torus.out0.05442.h5	84f1a8ad1456c198196744ff8a863795
torus.out0.05443.h5	e4bee319dace0fefe3cc4a3426bec24d
torus.out0.05444.h5	82c6f1b347e62be55cd538b6652cde09
torus.out0.05445.h5	af84f60aa8e112af4aabda918de4575a
torus.out0.05446.h5	f0963b993e920f2c41ebe01c66de0ef2
torus.out0.05447.h5	bc817b0bd847c2dbf09d5b582b7f7ecc
torus.out0.05448.h5	0df01afe5a6c74b428bd86208cc3090c
torus.out0.05449.h5	dd732f32b5733cc16744259a487994df
torus.out0.05450.h5	6305c9cf2dc3ec0b804c0ca3092ebf43
torus.out0.05451.h5	809291529f6cb96809f2236dfc24b10a
torus.out0.05452.h5	28b8c641b0a6aecef31e9f2c71f65076
torus.out0.05453.h5	3cf7127944f2aa4c198cd9fe78e23337
torus.out0.05454.h5	446cb5f78493b9c45097a5d4763e96cd
torus.out0.05455.h5	fc403ee129ac659f2846b63bb883c958
torus.out0.05456.h5	decc51ca1ec86ac23d3cd102de76b15b
torus.out0.05457.h5	6c3dd5654ed9c45f86756c8380a39483
torus.out0.05458.h5	9880063e1016c74fe38e1ce60370952f
torus.out0.05459.h5	ba734d0c6c445225d9409886d190f7e9
torus.out0.05460.h5	d1856d5cd0d5e4f980c500841af474eb
torus.out0.05461.h5	371385cb58afc3397aea2a9663f11ba0
torus.out0.05462.h5	181ee35554097d957234aef9fdfc4885
torus.out0.05463.h5	e08fb2fa5e0c212d5045310c1c879862
torus.out0.05464.h5	43463e3dd23fd5ef3ff706ca6bfb32d8
torus.out0.05465.h5	cbf86cafcdb888e6833f0a81293d5e46
torus.out0.05466.h5	748a598fecd1d11780a14a6a81e54cd9
torus.out0.05467.h5	2084f8e0f8567523f61499f8fb05f145
torus.out0.05468.h5	eded4fd8d4da48cdc95b115a766b6dd3
torus.out0.05469.h5	efe0641818c980a826207a9f0ce71ff0
torus.out0.05470.h5	90cc2e33159982cb0ed8665c0b606ee9
torus.out0.05471.h5	577783d349f918837f5a40f520e1538f
torus.out0.05472.h5	32b0d5f4986f6960b3011f123fcb210d
torus.out0.05473.h5	0835ef4b1f9d16029c7e0cad66fe98e1
torus.out0.05474.h5	c684057d8e4ce79d35824fd829885d7b
torus.out0.05475.h5	24ab4d3466128080372c59530cd48230
torus.out0.05476.h5	3d890ec0aaff7009969187fa0c1bf467
torus.out0.05477.h5	df0ea04d61b2df3a83ea0a6822d59057
torus.out0.05478.h5	d985cddddbf035abd2f43742b7354caa
torus.out0.05479.h5	36aa98c8591c863f2349f81726a0f73d
torus.out0.05480.h5	201aba2bbb50a69aba2269cf0ccff284
torus.out0.05481.h5	27c3070e1f6004ae4fc43f5933e4187c
torus.out0.05482.h5	b7c6efb426988987fa2fe6090ac5c915
torus.out0.05483.h5	42501c079db685dcdeef8111e39eda90
torus.out0.05484.h5	d4048d8d183eeb31c0526164ab61078e
torus.out0.05485.h5	08d3393a093770fd23075faa048fbe91
torus.out0.05486.h5	889ce436852f3ccf52ed0e8823574b3f
torus.out0.05487.h5	c1d8b78a1d5eb64c68f97ed8733ef949
torus.out0.05488.h5	708b45550888365b8c913878cf626aef
torus.out0.05489.h5	fb83ddbe0d75fee8e739637aeb5fddf8
torus.out0.05490.h5	cd65ca7a4355e97a334435c893154791
torus.out0.05491.h5	96b221051ad224135d93961d45ff5d51
torus.out0.05492.h5	d4ee3a99c44be66a5d3af94863355ac4
torus.out0.05493.h5	cb7996d91cb83ba03092d5b594d2ebfe
torus.out0.05494.h5	92f1476c60ccd9c25b945868632154dc
torus.out0.05495.h5	30727171989c28ade21ce166d92d929c
torus.out0.05496.h5	ac4dd6d279ecf5b8333e56ef0a3b416f
torus.out0.05497.h5	1b3b5b614599ffd9a496920194cc8cbc
torus.out0.05498.h5	ce25e826ff52b0678c559c4c68c76e5d
torus.out0.05499.h5	02331d245d54e79d9c38da97348b138d
torus.out0.05500.h5	b2978e1c750176fd6241da4c2c5d67ff
torus.out0.05501.h5	c002d7bb434fbafc5c530fbaa0f8180c
torus.out0.05502.h5	3818a22be1687508a7d41b8c15dc0880
torus.out0.05503.h5	75c9e4f64fddcc51f661e33fc51c7dc3
torus.out0.05504.h5	1196336d6d30a5f9564df4ae78af86f6
torus.out0.05505.h5	179bf29ee40e4dc53e48c9669b900a53
torus.out0.05506.h5	376365421a84628c934876d838523522
torus.out0.05507.h5	41ceb610f3a146275bf12a8d711afd9b
torus.out0.05508.h5	00cbc3342585d2c913839ca0c1f8a702
torus.out0.05509.h5	1f4b88cdd74b196a9aea4546a3fad142
torus.out0.05510.h5	56be902603c9f374a39db9634cd33f9e
torus.out0.05511.h5	189eb2637eccffb1c566cb9b58d31d26
torus.out0.05512.h5	32cc03cc6f60f142fb6680a1e2f06386
torus.out0.05513.h5	44c48fdeb12f1ec1c0d5e391e53e5319
torus.out0.05514.h5	4aa5bf049ae529fe3aa25a777aa9794a
torus.out0.05515.h5	f314541273de24dfa2db9283220f1e70
torus.out0.05516.h5	ea5d0d360181fd3b8fa437fba4c0b13c
torus.out0.05517.h5	a83b5b3dd5c053facd14ed02dfdf8dfa
torus.out0.05518.h5	ad2ab1098166f8174a36a7ce524cf4d2
torus.out0.05519.h5	b2939253434bc87738f86ca2be689d78
torus.out0.05520.h5	1d23f7171f0bac1653a5f2e48ad97d30
torus.out0.05521.h5	e3b49ac8182b742b776bd109dcc8319d
torus.out0.05522.h5	e9fc239a07868ffab69584d678026aba
torus.out0.05523.h5	72f3f37b5407b1ad034b59450d85d89e
torus.out0.05524.h5	b9ee970b6fd6f8dfd832483a956b0ea6
torus.out0.05525.h5	d6f67ea5bb7e479d98011f0d3c9f8639
torus.out0.05526.h5	47a4c48a3d1470b9b8a0ffa346d05921
torus.out0.05527.h5	c2bf7f8301e8c5d8154f47181cbc369b
torus.out0.05528.h5	8ad0342b8dce0414be5376d093915086
torus.out0.05529.h5	5514bdc8f186411f2df023e5e0c2a780
torus.out0.05530.h5	68f5f55e3cbed5c3720fd773771db3dd
torus.out0.05531.h5	0dd15d73864745b1f93ce93c8a1a39b4
torus.out0.05532.h5	01e2679c61e8555fa0c25146c13ad686
torus.out0.05533.h5	b17a514f86521c084feec2f77162e629
torus.out0.05534.h5	0eb3d9c20b9f7e4d63513082b0f404be
torus.out0.05535.h5	f9dc11f786938b85373a390eda307de8
torus.out0.05536.h5	10ba65755abcdddfcfdcb02773625f4f
torus.out0.05537.h5	bcdb38570bac13cf1df4fb6e6741dbfa
torus.out0.05538.h5	31e018d8700521df9826ae8509fe591c
torus.out0.05539.h5	92e79b251c1ddea668a225def3bc3124
torus.out0.05540.h5	46e2915874e8d464bfc6189ae984d5d8
torus.out0.05541.h5	ca6169a791c36ffb51bfbfd01582a156
torus.out0.05542.h5	126f6531119acf851bf2f6b3cc8111f4
torus.out0.05543.h5	275d965dc77553fd9a0d4a225db0ce8b
torus.out0.05544.h5	478c2e2295651c9e0ab973631859586c
torus.out0.05545.h5	d2b2ebdca240b316b186e805cd4ba6eb
torus.out0.05546.h5	495e74979dea147b6e69b8ee93d1dab2
torus.out0.05547.h5	3edaa0a1a93020426a71f43266a291aa
torus.out0.05548.h5	9bf112f885295bae6f9cc89e1648fec2
torus.out0.05549.h5	5c1a06297a0237b166e2275e8dbde1b4
torus.out0.05550.h5	e5fb9570b1a078f218bc7f6da40bc500
torus.out0.05551.h5	7d153ee7e07e77dfc14c106b6360b4b5
torus.out0.05552.h5	b3a47f4143f53119df5e82ad4f222c9b
torus.out0.05553.h5	48debc671d33de161d529ab87419e7c8
torus.out0.05554.h5	c28d005eb5aab491a9c2d2686236f636
torus.out0.05555.h5	939a7bb463f1347be7d064f17b47ab01
torus.out0.05556.h5	c4692dd3d29322c66be21da0eecb2027
torus.out0.05557.h5	ea9abb74b152daf4e4dcd84f973a0c8d
torus.out0.05558.h5	d1b0a5464f7f19806dfb67f0bf05c774
torus.out0.05559.h5	8f4c7cb31ac071bd1d187cb880f8a39d
torus.out0.05560.h5	9bcd87455914f1658188143972d39eac
torus.out0.05561.h5	43ed12caf90925a51707cfcd55c450d8
torus.out0.05562.h5	727d593746ed5919640a7144acce284d
torus.out0.05563.h5	c48edeaf7a00102b4a1e9f3595914c62
torus.out0.05564.h5	674fc9322c08687bd5816557abb36140
torus.out0.05565.h5	0057796600d9d01ecdbca53955d5ccf9
torus.out0.05566.h5	95355d9549cec2fffdce10e7dd926728
torus.out0.05567.h5	fbadac63335ec96110e335296e47e12e
torus.out0.05568.h5	0669fd185f58b66377643d355209de01
torus.out0.05569.h5	ba378eca4bbedfde74fa6622645c036e
torus.out0.05570.h5	966c40d616cb40275608903485226d14
torus.out0.05571.h5	34863ae9ab6666229f34f7ddfdd9be85
torus.out0.05572.h5	785a22999ab6755d2c1029b791980a9e
torus.out0.05573.h5	e7e99f75749a8d994f24237e27364e56
torus.out0.05574.h5	8320057c920921a2ebb2a72b79441152
torus.out0.05575.h5	c8a4fe6484fcb3a3d7aa114ecca39c79
torus.out0.05576.h5	972d9c99a54cf56624d6db919fd12c2d
torus.out0.05577.h5	66d66aac81872bc63c0dc2ee92c3af19
torus.out0.05578.h5	5547690fee4e38452d8d0b73ec825bed
torus.out0.05579.h5	ec8dca253a8db8ffe8359b8016a469eb
torus.out0.05580.h5	232dec0143c9452496a374e80027f092
torus.out0.05581.h5	71ece79fab6e254c8d15c8fbaafec93a
torus.out0.05582.h5	1244a5efb6814ecc5f684b5a9cffcab6
torus.out0.05583.h5	7c494f8728a9a7a9c682a63a6d0b3876
torus.out0.05584.h5	3e0f8f3589d851145131e4ab9e419a9d
torus.out0.05585.h5	6d6213a89ef9970d53c049a125e3b989
torus.out0.05586.h5	f50b3ca42a4d01efecbf506601d4ccf7
torus.out0.05587.h5	62800c8bd22955aa15c2451fdc6ad317
torus.out0.05588.h5	84439118aa751b1ec43afc1db961ad27
torus.out0.05589.h5	322b7b5cd3253856983fc9508fd947ae
torus.out0.05590.h5	02b9244080d903eb91f507a249311145
torus.out0.05591.h5	e1fb10d0997e2004cb6761e7a8a29ad1
torus.out0.05592.h5	b3e8e737f00948544ee0c0e35be833f9
torus.out0.05593.h5	c3afe4b6ee7151398435d74c89dc7a34
torus.out0.05594.h5	459e5cce27e0957b894d79132add0e67
torus.out0.05595.h5	59964a873acdc3f8b0520d86262b6723
torus.out0.05596.h5	b79b115372c1d46e9277d7ff2250ddbf
torus.out0.05597.h5	609014b7fda94f97a75d93f0dc0fd8b6
torus.out0.05598.h5	715914b499420cee81ba858231fdb05a
torus.out0.05599.h5	cc2bf77b2d9b55483d1103d401d90fb2
torus.out0.05600.h5	0049f515de0c7b474debe4465616b6bb
torus.out0.05601.h5	27db191558fc2ad565021a60a90f2ef0
torus.out0.05602.h5	bf5c6cde48907be040050ed990fe636b
torus.out0.05603.h5	101db230ada884995df421e68f598e17
torus.out0.05604.h5	648a22dcf56a41ca0b5c0b6db84adb8a
torus.out0.05605.h5	47ad4203754022f6ac0dacf5342dcdcf
torus.out0.05606.h5	7375deb1d5415cb63e3b877a89b1d2fb
torus.out0.05607.h5	bc45e53b551c8162ee24b2ebc0cece94
torus.out0.05608.h5	ba2cd41a49b0e26c52d1f8275e0cefa7
torus.out0.05609.h5	a60960c054559072cd2245719cfe21fa
torus.out0.05610.h5	1c09ddf75bc3944131b547b60b4aba75
torus.out0.05611.h5	6deef9c247dde14b08a1d5dceb16ce2b
torus.out0.05612.h5	c33c18ca258bcc0818a498447121b82c
torus.out0.05613.h5	0bf4fb609065c3f0a208959012d8a39a
torus.out0.05614.h5	68c8cf0d2c540d696430b4be9fb5fe8a
torus.out0.05615.h5	00c64211a300ac7c52354bfb5a1e4aa3
torus.out0.05616.h5	896d6db7d18e14528fc41e2d1e372d60
torus.out0.05617.h5	f5c0a98f9d671463cb7087430792c04c
torus.out0.05618.h5	e4e0a1fe1474f4f8dc7ca7b2524ab5e2
torus.out0.05619.h5	f8ba96c4daa192d7557cbcdabb0d5ac6
torus.out0.05620.h5	7a32c10dd588a0230de6694c4ea85f9a
torus.out0.05621.h5	ffd9e7791be574242a11328095dcb742
torus.out0.05622.h5	5ed271f1fdf83ed98fbf9d8bc52287f2
torus.out0.05623.h5	6fee7ce4e62804dd38f67355a9492e13
torus.out0.05624.h5	cdc17c573fa55a1a16d483d11cc90674
torus.out0.05625.h5	d6e88a297dff126d7353d95d99876d9a
torus.out0.05626.h5	0f5a5710183599c8f0401acb63ecaa7c
torus.out0.05627.h5	63edca0f31ce651431828284ba611746
torus.out0.05628.h5	eef699a59d1efd11a4d5c9c151853cdc
torus.out0.05629.h5	bc3d8aa1a17c3e5eb9e8405a9fc73617
torus.out0.05630.h5	0cd2042efe6a34b8bc15404ce3c93498
torus.out0.05631.h5	7a78a2756e8f789802f1c497d5e8a216
torus.out0.05632.h5	772bdcee04a21b9ad1d5ddb17630435b
torus.out0.05633.h5	55ead18d404c032c23a20fcbad13eb66
torus.out0.05634.h5	14ab3751f0ad0416d8cb07e0363aa330
torus.out0.05635.h5	907e6b9a87eb22fa72e3ed0f6adc9bc3
torus.out0.05636.h5	4f446610f7ae90fcf93581ace94d1da2
torus.out0.05637.h5	5ff16ff70f604e6ff86c795aacade7e1
torus.out0.05638.h5	fc174f9c0c2cce86b142bb135e4c2564
torus.out0.05639.h5	6292ee3fd2fe721112973e227278ee1d
torus.out0.05640.h5	aa46c382db747186a9220693dd1914ba
torus.out0.05641.h5	b68da4b838785545495a81b31bc7242b
torus.out0.05642.h5	148f5b4ec3c18777a524591e7f1d5b73
torus.out0.05643.h5	60edf07a1f5a0ef9c96797262a9340ee
torus.out0.05644.h5	086c10802fd85366e40558eb9585d354
torus.out0.05645.h5	5d7d5a1098933daf70521b46999eee1c
torus.out0.05646.h5	4bc8f44b225ea275fede5e24023ebbff
torus.out0.05647.h5	1f91d2ba74205f0bd9e51207ca218ec3
torus.out0.05648.h5	73d67f56c448e5591b3d880cfdb22e5c
torus.out0.05649.h5	2242d2f6ee52107eae1c91abd654a9d2
torus.out0.05650.h5	b6cbab1573bae33787da6fe2219ad3f3
torus.out0.05651.h5	f57b9e8aaad06fd453568d87f1e95151
torus.out0.05652.h5	9d6f25c560bc1ef3cb50bdc08b8854e0
torus.out0.05653.h5	3ed0216ddc75510ebf6ebcec7221efd1
torus.out0.05654.h5	176ef716a2cc4e2c6ee0ee1a971b587a
torus.out0.05655.h5	89299882b93e18c6e3d048e8648186ef
torus.out0.05656.h5	31905cdd5ce1bd019ca1bd6b0d6d3cd9
torus.out0.05657.h5	7c6c8061833ee613929e758b6dcca142
torus.out0.05658.h5	d538ced275198c049d4c9beb8bc365d9
torus.out0.05659.h5	1abd5016051f10c7ab6a2086acdb0afa
torus.out0.05660.h5	4b69e0b9b4b0f8a7176f873de8515883
torus.out0.05661.h5	c1d0267fda8fdd18fd0864cb9fa5afaf
torus.out0.05662.h5	ee33ad985e8a536004d94a84cf19d786
torus.out0.05663.h5	f67b60d9f67ad851bf0fc72bb858b28e
torus.out0.05664.h5	94f6a70826baea14f3c64ba7d1e96c73
torus.out0.05665.h5	6d3e70a4a3643d5fc6aa4e721f1fcc76
torus.out0.05666.h5	94ff25a20a42a9bb1f678be375e14d1c
torus.out0.05667.h5	babf09ba9291843026527ff27061abb3
torus.out0.05668.h5	36022bcebaae5901163381c125117ea8
torus.out0.05669.h5	31ad2b446f3e14a22a1d7ab164a30c35
torus.out0.05670.h5	e18701889a13f23579ed05d6fe97062c
torus.out0.05671.h5	97bd66b6d85262df6a9608666afbc8bd
torus.out0.05672.h5	3e49ba9eb0c82db321cb67e7546b400a
torus.out0.05673.h5	2c1d1eb7246c8d4c2b86ececc498e0af
torus.out0.05674.h5	afee60de9b35fcb226d140273faf38db
torus.out0.05675.h5	326199ae99aad247f619fe447de08fec
torus.out0.05676.h5	617a634515ca650b3f2bc4e41c0454bc
torus.out0.05677.h5	e73e357c5df13f8ef28eab100489cf2a
torus.out0.05678.h5	7dea4529fb718d12fd40d020728ff167
torus.out0.05679.h5	650a0ad8c113cda92a5003beddfc7fa7
torus.out0.05680.h5	d5b27b4484affa2eefdc0f401c0b0fe2
torus.out0.05681.h5	092a06b11d7fde41ef4843692238fe87
torus.out0.05682.h5	37b08074fce635720b581c8a4a3feea0
torus.out0.05683.h5	f8789049e4777a0f34e4e97611ef26e1
torus.out0.05684.h5	b8a9fe12e14a32ea5769df528dcb69a1
torus.out0.05685.h5	7f1a0a68074962f17c9664e86cba443c
torus.out0.05686.h5	248e95e8272bfea5c2858fdd85424113
torus.out0.05687.h5	cfbaf188a0ec1bd54cb23eb2e2fa8feb
torus.out0.05688.h5	9d9e9990664c32fe6ce60c4997159803
torus.out0.05689.h5	dccd6199d22a5e0c6479c684aac5da80
torus.out0.05690.h5	88cdd9091adfa11bc30907394657a7f2
torus.out0.05691.h5	9e4f3a182cc17d8e80b541f5ee88f2f0
torus.out0.05692.h5	d737712b61dd036df8a12bb4eb97fdde
torus.out0.05693.h5	605ea9c24b2512b61afca1b3f5a772ac
torus.out0.05694.h5	20eca96fc4cfaa470ef50edfdd18654f
torus.out0.05695.h5	defe8e25c831226d8c9b30dc476d1ae8
torus.out0.05696.h5	9ee314f918737657899c58c9a74ca710
torus.out0.05697.h5	25beecca1aaa72602842968ca6398155
torus.out0.05698.h5	3b6e7501b515172d09cc36cf69805ae9
torus.out0.05699.h5	649fa5ab148a5bf869a903eea9c2b25f
torus.out0.05700.h5	249f9c2bdf337e48b25ea9b8a1049549
torus.out0.05701.h5	177bdff4af768899b6670f2c1b1ec5dc
torus.out0.05702.h5	7a86ced077e3ab5fc2b0f61242d61060
torus.out0.05703.h5	5fcd9b4a95bf7b48e7f306e11bd163d3
torus.out0.05704.h5	4d11c6f5be8d6ceffa2705da8a902a42
torus.out0.05705.h5	1270aafa90753b2bacd15388c7a16c72
torus.out0.05706.h5	0ca8cb9a859b972effd35acf80f62aa7
torus.out0.05707.h5	a5106c8fb05083b4bc098fe179fc212e
torus.out0.05708.h5	2bf727d840e75ff1c36b83b80f0c96f1
torus.out0.05709.h5	9411585fefc0704eb0d3da1f83793a05
torus.out0.05710.h5	9852aaddbca034ccc826a3f99fe35273
torus.out0.05711.h5	a176c711fc00bb5133b15413ac856040
torus.out0.05712.h5	fd248a65ab5c526cd4f36641bc89896a
torus.out0.05713.h5	6325c6f660ce3a20342abfdb5865a049
torus.out0.05714.h5	00e375e07121b3b8bfd8132aec6e557b
torus.out0.05715.h5	df14d46ff1da1ebff6e31ca1626ae51e
torus.out0.05716.h5	2764708b2fdd5bdc19d050746d4a3ded
torus.out0.05717.h5	0e8771c8f9a34b39054bf7abfc47d18b
torus.out0.05718.h5	ecd164b22ad8c63f604292e5c1e14cdb
torus.out0.05719.h5	285eee88ef24b30286db7a8a649aa3e6
torus.out0.05720.h5	9345242be9f2cbfde8612badae327299
torus.out0.05721.h5	f67fbf130671af315b2a7cfb093e1859
torus.out0.05722.h5	158407a275246972d3bf08034cb5db6c
torus.out0.05723.h5	7b0d25e3867071662f791d0390d44ccf
torus.out0.05724.h5	a449ac424aca1f42d07fbf175a25ea56
torus.out0.05725.h5	45cdccec006faa04f3417614c2a40f87
torus.out0.05726.h5	1c1210658554b697339f18942dd597aa
torus.out0.05727.h5	be5d34cb033962c39d7cd4238e48c9b0
torus.out0.05728.h5	2772fb0474b997e9f11368e7bb5b7037
torus.out0.05729.h5	9655aae68cdd3007dc2b45a8ea9ee104
torus.out0.05730.h5	aea4ba61ea3cabff3492370f023ade4a
torus.out0.05731.h5	3b1f6efb62e9ee94d71f4f635a9da1a0
torus.out0.05732.h5	9cf5e11c8a14e98871423267d0bf6f02
torus.out0.05733.h5	b066c79ffb650bf13f5a3086a37e40a3
torus.out0.05734.h5	18be47f797c1c389dda06f390a4c28ee
torus.out0.05735.h5	4e94a294000b2da3253f3856f53f9b30
torus.out0.05736.h5	79daea43eddbecff19a7ca09d8084b7a
torus.out0.05737.h5	68a1bd3b2a9165402f63c99ce50ab56d
torus.out0.05738.h5	7dd22a524f38bd8d3e3fd2d6723fafb5
torus.out0.05739.h5	9b6912a412d34a934d04e7e3c7c860b2
torus.out0.05740.h5	b9da195c531fbd67f5fcc38a936a6706
torus.out0.05741.h5	415b477975e7c65a8e7b9f24e012d7ca
torus.out0.05742.h5	d3598fa9c23051f5edfa286d8548f44c
torus.out0.05743.h5	4df081c03eaa4d2948d20c8ca98ff3e2
torus.out0.05744.h5	312b4d9a0a2748c1554f20061fb83e0c
torus.out0.05745.h5	95a516b2b635891a502930d540405a36
torus.out0.05746.h5	7839c646c664c10c528ede2969384e8c
torus.out0.05747.h5	c6ebbab92d7c5070f93fcc378d7b54c7
torus.out0.05748.h5	5432f5498901d4837a187eb5af38bcea
torus.out0.05749.h5	748dcea411d300840d03ddcd74600369
torus.out0.05750.h5	fb48665bfb9e734ef142b2cfbafc295b
torus.out0.05751.h5	2bb2cf27c588421afd48bdd55d3849a7
torus.out0.05752.h5	75f83f6ba26d6297f556abdc5af60181
torus.out0.05753.h5	4628f031463391d6263add19419036b2
torus.out0.05754.h5	1336296bdae9592c498e118566c59f4d
torus.out0.05755.h5	bbf2eb5ab5266b43ae27ba54a8683e25
torus.out0.05756.h5	cc221f5c901b5b11ab2c1f3588afb44b
torus.out0.05757.h5	6ac15b657a00d98aad2d147e32392354
torus.out0.05758.h5	f5c394f8796fa1ab0979279c619aa178
torus.out0.05759.h5	80091499c93e3fee9345674ee6868504
torus.out0.05760.h5	27487553713c97e69e3228003bae462b
torus.out0.05761.h5	d09ebb00b804d04d1183a380f228790d
torus.out0.05762.h5	ad7173afd044577b0fe7a3e125b0cc18
torus.out0.05763.h5	6f969bbc379ba564d0056876b7ae4e27
torus.out0.05764.h5	190ce4c4a27620daad8dec93a2e2602d
torus.out0.05765.h5	1e23918649e3861cbe887d4faf5a7fcf
torus.out0.05766.h5	9240786b1bcfdf7056f93ff5e0da379d
torus.out0.05767.h5	018f1ca0a8e93ad9782ec6032b8b7088
torus.out0.05768.h5	abf669883e8270597fe1c8d73c580329
torus.out0.05769.h5	05211348f7d04ea978aa48f8717bc892
torus.out0.05770.h5	312a1ced49931f31df9ecaa95a789bab
torus.out0.05771.h5	a615430bfa864198ad015bba3ab6e54b
torus.out0.05772.h5	f1bea6d89832b85eadb8565bde29ec0f
torus.out0.05773.h5	4997e93a87a45eb209c3f93554300b92
torus.out0.05774.h5	c40594c7ebbd9f8956dbdf5af2815dff
torus.out0.05775.h5	9033510373cd21c40250bfcc27c89879
torus.out0.05776.h5	17fa9559fdc8beb6514e073eacb9b188
torus.out0.05777.h5	011afb9cb862066bf8a56fa79fd6ff03
torus.out0.05778.h5	c0510d06c88b9ab106dc663b1f80728a
torus.out0.05779.h5	0c6ddc6c8272a0754b7b016f68d5589b
torus.out0.05780.h5	bc722b471162bdafd8ea9d98ab982517
torus.out0.05781.h5	0e3d7a4b8ea1a712c0f021e1de2dc258
torus.out0.05782.h5	77ab8bec027ca54d5a3221af3ea09c7b
torus.out0.05783.h5	302edc0eabab34179417f79541cca101
torus.out0.05784.h5	0463b9f842904fa3676b7859dda21b05
torus.out0.05785.h5	c0372e2a45a1613768293c3b7735b559
torus.out0.05786.h5	5109f27864a362987a3f70b06f1ba7cf
torus.out0.05787.h5	11336e7309b57bc0d068ebd0da584ca3
torus.out0.05788.h5	9029f46f05b72c7bc65452995c6ebcd7
torus.out0.05789.h5	8c08857fd2803882e7fa4aade5fbe88f
torus.out0.05790.h5	7b6875d87ab8ab24ca7c15c0092e362a
torus.out0.05791.h5	f25796c63b44e18cd57f92ecdc9182c3
torus.out0.05792.h5	933403b54a9ea13f122a23f07b2487d4
torus.out0.05793.h5	95ac1752d0f90bb342b05faa20b21fc9
torus.out0.05794.h5	368de060595d8ba3b8f158c066b3969b
torus.out0.05795.h5	391f1858122c177393557f2fe0efbff2
torus.out0.05796.h5	cfc9fc7172427d4052771cba97451f1d
torus.out0.05797.h5	ff427d03ab620f043fdc31a5dd087d98
torus.out0.05798.h5	1579aee98bcb941ee66f6d0a133cc904
torus.out0.05799.h5	6ce75be195ce4d35f9c16808feeeab77
torus.out0.05800.h5	18fef0fadb626e89e600cbc7f0fb8a59
torus.out0.05801.h5	bf9f92ce221d5d79c7edaaecf9ea4a09
torus.out0.05802.h5	9227f11666e0fae5befdb817a094f975
torus.out0.05803.h5	e7aeeaf6ae55ffb99b0f70ac29793eea
torus.out0.05804.h5	2059b73d1162083ffa6eae252ceb5f1a
torus.out0.05805.h5	b3b23c5f76075e85a4ae6db9c6585f1c
torus.out0.05806.h5	e480e37950f17977a9471619cf135aa4
torus.out0.05807.h5	626b8fc7b426363f5bf0d8bcd60a7519
torus.out0.05808.h5	0784103755913e488022ba8abfcd3284
torus.out0.05809.h5	c49d7c979b297093e3913c0f516b1de4
torus.out0.05810.h5	46ae323d3c6c62f95b36cd55bf2f738b
torus.out0.05811.h5	6970e57b05094e78c699a8f2b6d0d653
torus.out0.05812.h5	851b1c6d530dd4714af971816b10016c
torus.out0.05813.h5	345fa79024176e42b750db6644a29cd7
torus.out0.05814.h5	52a674dc934159ac021a93d4e8756826
torus.out0.05815.h5	bb0b11ea4cdea9f719abc664ecdd0e50
torus.out0.05816.h5	08b756a5004dfc40232b9e69846a215e
torus.out0.05817.h5	11e299c0302ef2648d7af62096757db7
torus.out0.05818.h5	c65858744461b13692ec34a18333287b
torus.out0.05819.h5	c76aaa49b096a47b60524f00001c5768
torus.out0.05820.h5	ce4c8cebab862234cf8de499339baf1a
torus.out0.05821.h5	b99c95abcedb3b91c4c70dcd48e727ca
torus.out0.05822.h5	9d456ec46b4de593812c509fa2cf1782
torus.out0.05823.h5	bba8a46edb3ec44f6e402fb29f9552dc
torus.out0.05824.h5	0db335f96813062fa4c5ba16052bf8b7
torus.out0.05825.h5	c3fa48d16f03c52ba0a89a5a872230e2
torus.out0.05826.h5	355b64eed8caac9fe2a492485553f041
torus.out0.05827.h5	a342d603ce4202d51aafaad3a929d458
torus.out0.05828.h5	4bd94adc093ddf112e045eea84f9c53a
torus.out0.05829.h5	05d177ca9480de79c2efd9cb33eff6d3
torus.out0.05830.h5	05747ef86df0665a020739a51600c946
torus.out0.05831.h5	1136c9935a2b0f94e46a2e71cf65e944
torus.out0.05832.h5	86cf7b0f8990fa2b9bf40c1dc708417b
torus.out0.05833.h5	a3e565197b83d8be46affb1c015b84f6
torus.out0.05834.h5	ee0f789f4b658ea852ae391cafd5145b
torus.out0.05835.h5	38ecd9a2e4a16ac7cf2e6890b609f456
torus.out0.05836.h5	8a96402e79a92378b4c6b08963c5c5b3
torus.out0.05837.h5	8c675559c62bd73a57b349a357082202
torus.out0.05838.h5	8ff76cd52e6df5cf12174cfd5c4a4dd0
torus.out0.05839.h5	6c349b93a53c2bc413d4f1eac65ced3c
torus.out0.05840.h5	834f01f41a8f73328ed55bc28c64de86
torus.out0.05841.h5	908f3d353d61d3c2cc537554c583c65c
torus.out0.05842.h5	d567998db53449773e33047f32a3fe57
torus.out0.05843.h5	e312b269dc19f685091d958d33395677
torus.out0.05844.h5	f79cc2021fe5d6a53391d8388971dc2a
torus.out0.05845.h5	d5dce88924918fdcf9befe5f62fe04e0
torus.out0.05846.h5	db3a60d254ed6329be1507d6424d805c
torus.out0.05847.h5	fe0749ec7e35b07e85209afe0164c5e0
torus.out0.05848.h5	544011629cd795b7a5a319932b56567e
torus.out0.05849.h5	dae8b4a86c94dd95cc4451e720665572
torus.out0.05850.h5	8ab86986e27c78a21d914ac4ab528edb
torus.out0.05851.h5	46e9ebe1b0d86c15df5e3596dcbb7b9f
torus.out0.05852.h5	1edfe6651f8c4b55a11afdf59331a99b
torus.out0.05853.h5	daee62e95348bd088eab852d40fb426a
torus.out0.05854.h5	23ed7c206ca8f8d14c8f714a9f9bb6a4
torus.out0.05855.h5	78c6b6fb96a0f9f7ba00c05ffcbd4c2f
torus.out0.05856.h5	c6af16832c5afd703e0cf837b138cd09
torus.out0.05857.h5	656e1755b4aca356770674d44f9704b2
torus.out0.05858.h5	01800a39ff4ad47adc12288176bdeb25
torus.out0.05859.h5	40a1fe59eed2131baa74603ddd01ad41
torus.out0.05860.h5	0a2f6ffadd729221d9791efc0ddb0284
torus.out0.05861.h5	a0facb5731cba8140e8dbdb329204a63
torus.out0.05862.h5	5a4d121f8b45723edc5faf3f154af658
torus.out0.05863.h5	db2933861a403580e1cfde526920aa83
torus.out0.05864.h5	aa43928394fe26382bf6e5ceb2c8f17a
torus.out0.05865.h5	a7ae4d71055bcbf2d675e18ec4095f78
torus.out0.05866.h5	bd63767951fec298233e634b4f6270a4
torus.out0.05867.h5	1f66ff841440dc2c664645b44dfa0a01
torus.out0.05868.h5	2d02a3195265ff042e4fb406a62ab338
torus.out0.05869.h5	60acae806237162903b96aa7f577a139
torus.out0.05870.h5	4da307dd801dd4414b69f646f54e9cba
torus.out0.05871.h5	8a86d95851a90bc9b832f79eb5fc7493
torus.out0.05872.h5	66e45bd100745f517d5d551e6929049e
torus.out0.05873.h5	2c49c491e74b9e2f24585c232780e184
torus.out0.05874.h5	81615f6dd8723cf5250602ed0587caea
torus.out0.05875.h5	a8d003650a5d5d0172d68b36bfe1b70c
torus.out0.05876.h5	4da64eaddf2e5bc857508ee33a5f9105
torus.out0.05877.h5	0d73c24a143981abae3da7247fe90dc8
torus.out0.05878.h5	cbe5425dcf44ceac7b75d27193c6e89a
torus.out0.05879.h5	2013b29374da9f54c0c8fa836c2162ed
torus.out0.05880.h5	877810c9ac881b5e8fbd71496240bb80
torus.out0.05881.h5	26c3e5aa8ff556a7079398abaf2cb5cd
torus.out0.05882.h5	1cbdb2b9bc6fb6f307df97e26cdea94b
torus.out0.05883.h5	9d9d189e13763d5a0679960efa30b44a
torus.out0.05884.h5	02b95b375470707799b0dff6118b5cbb
torus.out0.05885.h5	29f85dfc1a9ced948868563362481f93
torus.out0.05886.h5	309f58582c1c89d37b3a136744034d1d
torus.out0.05887.h5	d55686765791c74bd5b1d7de5aa8f51d
torus.out0.05888.h5	ff5cda19af1d8d3475f3bb91fc9a4da9
torus.out0.05889.h5	4af0bc8d9ed036708b41a5e63f1ad509
torus.out0.05890.h5	77e84c276196c87cdcd2dc56d65c568d
torus.out0.05891.h5	b897274cdcf9c4e42ae73d81b5ebe6f4
torus.out0.05892.h5	8580fecaabcc1bfd56e780c2053722ab
torus.out0.05893.h5	d6d00f3f228a8d4137e7373881445913
torus.out0.05894.h5	4f2e3e336b866dd74b2f74da85471343
torus.out0.05895.h5	fcffd1b9509c09cb28c3b35c74bffc34
torus.out0.05896.h5	c1c6ee821e1877424241dc9399179ec2
torus.out0.05897.h5	2c080d842d2350e9476f45038975528e
torus.out0.05898.h5	490eaa21c15ac23ba5080339f804364f
torus.out0.05899.h5	335cf195359d72496771286ab5474724
torus.out0.05900.h5	2447ec672b76d3cd6f108719f4d74fa0
torus.out0.05901.h5	8280e70c026772d303de276bf8ccc1de
torus.out0.05902.h5	ec77f89dfbfcf028bf98736fc8cfa781
torus.out0.05903.h5	6b8d577be9ccc6b5413bfe8e36cd9f03
torus.out0.05904.h5	b9a54ec8d4d44d144d0e9528dcd61251
torus.out0.05905.h5	bc418af10d3d019ad3fe42f896c41e0f
torus.out0.05906.h5	dd8bb43f1da82046476a9bc139902ca5
torus.out0.05907.h5	8c3aecdce14031338c5a8df8e4c84780
torus.out0.05908.h5	6f55292e21fe3292bf78d97dd0dfc71e
torus.out0.05909.h5	04959a1fc9727974786c6f926084fcaf
torus.out0.05910.h5	3a1b0cb474447737021a1f9c23337060
torus.out0.05911.h5	0e4a04abafef07a32eb914a7e930cea3
torus.out0.05912.h5	2d86896b4c3fc3c795c4406e794e45da
torus.out0.05913.h5	11fc192b780cfaa7f962cfaaa56e7a9d
torus.out0.05914.h5	dd108bfe106b5cc2fccbb0d76f649477
torus.out0.05915.h5	7ddacc9e2648fb262e2f6ce85d4c6f96
torus.out0.05916.h5	30e1b8a37fd39b9bf5f2ac477736afa6
torus.out0.05917.h5	834cc53251713432278a31b0fc17a435
torus.out0.05918.h5	e650d5854c7f72d4e0c583d076257660
torus.out0.05919.h5	e2ab6576f6d4003d69f908269e9245ba
torus.out0.05920.h5	ab765b17bed7fd1277e44782feb01b88
torus.out0.05921.h5	03632430ba421f09ff8149004aeef1c6
torus.out0.05922.h5	3dea0f1e660c8f2fde93312b25dc3875
torus.out0.05923.h5	1d99223624fef35003bb42bad2e63b36
torus.out0.05924.h5	0b2e018bbd06359df80e50ce1b9b09b2
torus.out0.05925.h5	3ffd1076f7d20c9aa9734106c7395b32
torus.out0.05926.h5	d0ad1bee1ab6bc08077a02da77fdb1dc
torus.out0.05927.h5	f350c4898c8055bd79c9f958fd9d0abf
torus.out0.05928.h5	647a66a7905d6b3aafe3bc211472262e
torus.out0.05929.h5	4d40f183ec381ae55fde09a80ea93530
torus.out0.05930.h5	252433be68b72230bf313e3572afbed5
torus.out0.05931.h5	7d83b74e0d9716fc90b78724ff2fb27e
torus.out0.05932.h5	e08b3ce4f7656c550f7504e60efffa2c
torus.out0.05933.h5	c1f98dd87a41651937d31ad3301489b3
torus.out0.05934.h5	6c5a53c9e244b5d048ecc5e839d56523
torus.out0.05935.h5	55ac760859da4313bdedda88d94c168d
torus.out0.05936.h5	fab9bb22dc833976720f4ee60e57ea2c
torus.out0.05937.h5	09ce92a731222dc8d28590666bc1c936
torus.out0.05938.h5	b0fe896dfce3664cfc951711ff7cb940
torus.out0.05939.h5	1aa1c8b57ffcccc7e4b57009a8e08309
torus.out0.05940.h5	6316cc25f9221f979a869d4531750334
torus.out0.05941.h5	5fd36c0cebd78ccf42180d465cd29358
torus.out0.05942.h5	76701d9f9252dc2a97f3667a483577da
torus.out0.05943.h5	ccff19bd8a856a1c283d20e60126b653
torus.out0.05944.h5	f2c4ef3e5316dbb141d31483d49f19b3
torus.out0.05945.h5	99849bf17734795a09012c7b98b362a6
torus.out0.05946.h5	6bbf376e8df762fdda5d5da49639f854
torus.out0.05947.h5	b759dee97f93671be6a815821c483471
torus.out0.05948.h5	5a59e49d272fb79542f19f5bb9f7e5da
torus.out0.05949.h5	808820125d91bf90d9c6c209e652c663
torus.out0.05950.h5	08fd7fb80a1f9a32dc298e3c5cb40b24
torus.out0.05951.h5	660aeeeaf8363b87c5884d7657dc5f28
torus.out0.05952.h5	380fc8e52f6c93f339b67519d5b4c0d0
torus.out0.05953.h5	a6592882b0ca47e5562bc23c54fb3944
torus.out0.05954.h5	891e3c7a74a8821a6ebdbbe24ef7be5a
torus.out0.05955.h5	ef39c265f359950f944479c1aa009987
torus.out0.05956.h5	e0a907c19c4f8af393b089bfdd14a99f
torus.out0.05957.h5	9a306d7835bea7a1858b8a857186c5bf
torus.out0.05958.h5	381d394689f185180f4047eb92b2e46e
torus.out0.05959.h5	5f0885f904c768f30a435a65e2b2c253
torus.out0.05960.h5	6fb830498ff8ad81e5f01f54a8705f9a
torus.out0.05961.h5	64a73cce92d68a29b128bbf675d6723c
torus.out0.05962.h5	852650114210a34729de9334798fdd57
torus.out0.05963.h5	83fe021cd46c077f0644866cc2a8a4b4
torus.out0.05964.h5	1281c10de32a7e759b9630f5b1128d79
torus.out0.05965.h5	e9dd2be2aa04190ff0b0eee465ec8eb9
torus.out0.05966.h5	a9072c541350ccbf287b537293616112
torus.out0.05967.h5	703338e036f640b4e056fb77e726db40
torus.out0.05968.h5	a43761ba0be671289e306dbe94ec1fe9
torus.out0.05969.h5	d9f2a3ba99f786ee28285613551cbf22
torus.out0.05970.h5	de09e0ed8988fd03a90ef0d6c796dbe3
torus.out0.05971.h5	09bfd94f5aed3bab63fca4f7288f7eaa
torus.out0.05972.h5	37fd647523a96ee7cc8c896f511b10bb
torus.out0.05973.h5	99ea5e6de41cf36ed652b24a3b8ed558
torus.out0.05974.h5	5a2b83e11800ad1b4eb7301108b45974
torus.out0.05975.h5	b89dff9764be1c149ce51f19343bc634
torus.out0.05976.h5	a5e8be1976873f1adf74aae281ae39aa
torus.out0.05977.h5	b3cec4a96984e1dcece8b8f8175a7dcf
torus.out0.05978.h5	e17bae477ca7fa219c26ec12c715ebf3
torus.out0.05979.h5	6683dc568f86c1d068438e471067f800
torus.out0.05980.h5	a49d40b2fced7a8e547c8f3be565b427
torus.out0.05981.h5	c10ec1c6f0efeb2dd876b8e3f76b267c
torus.out0.05982.h5	7ab8d80560f20e89bb012a179121d109
torus.out0.05983.h5	184b3d750d51a1cc217b2b95b4c5c4d8
torus.out0.05984.h5	83098967acfc811eea19233d4930a0cd
torus.out0.05985.h5	06b03b0c219bc6cd2a7737e15f9305f0
torus.out0.05986.h5	d711c499ed2a2689b676fde1b64c2dda
torus.out0.05987.h5	e69b6464bc52023f6c6a9768d5eafcc2
torus.out0.05988.h5	357395abe01512092a88b7c0dc825bc5
torus.out0.05989.h5	869fd53f316cd90f3f9d07becb06e583
torus.out0.05990.h5	95981540693667b9dd76115ed4681ad1
torus.out0.05991.h5	c6de0e7c3684c78abd0bb3142bff7b00
torus.out0.05992.h5	f7f2429c75019687ae24eb454e2ac011
torus.out0.05993.h5	2347c737d453b7b19cd0b09d070ad1ec
torus.out0.05994.h5	9497b5f61db8947a2c7478556c0db731
torus.out0.05995.h5	e844b68dcb5915c55d3b220f134b80da
torus.out0.05996.h5	56dedb91d0be5707b9d2ef7ef7d19fe0
torus.out0.05997.h5	b61d0f2010993062b5d7e9861e847441
torus.out0.05998.h5	a3fdb8549ee2d7028daf73f1aa22413a
torus.out0.05999.h5	711e1b38ee00d14672dd29fc5c530f69
