torus.out0.01000.h5	e9d2d4a254f011491cdf25a042dbdaa0
torus.out0.01001.h5	3954e95e1a407f094206de547a617051
torus.out0.01002.h5	b14a7ef9921da36d585c5dd97406ff5a
torus.out0.01003.h5	ac47f253ec1fa92133fc02a7f331ff3e
torus.out0.01004.h5	47559b8f55a07c723ed6ddee77e46eba
torus.out0.01005.h5	e2739e69cc0f30a1b82554b65db9c3fb
torus.out0.01006.h5	0a1fa3f16d5ae91edf37da0b4531e6e4
torus.out0.01007.h5	bc3e96c9737aac32da18206b6fcfc91d
torus.out0.01008.h5	b35ce84ac77331c57712e42ec5b94ca7
torus.out0.01009.h5	075d01938e819ad354f2ee4c6bf146d3
torus.out0.01010.h5	ad9ce9d753da3a5ebfdb380526e2f855
torus.out0.01011.h5	527f88ec2aec8739275eb2de9ed7ebd4
torus.out0.01012.h5	e155b5a8f59d848c5c3b5f0e48856ee6
torus.out0.01013.h5	d5e4312839cf78a7afc1f5b7d901f061
torus.out0.01014.h5	eef997c854ceb412b1665b2f9087e07a
torus.out0.01015.h5	6892ddff0d1bcee1c041a0f1f22734be
torus.out0.01016.h5	0e9b9c7a6bd035b2335a1831cc518fac
torus.out0.01017.h5	9a1b6bbf4e3c98940aa5467d70c6c5a0
torus.out0.01018.h5	5052c5b9cfd0528140265eba47caaa93
torus.out0.01019.h5	b82298df684f231dc419459b7f88c728
torus.out0.01020.h5	a7edf382bd35364ba1f3c5966b137e03
torus.out0.01021.h5	c6d48f48714978d9848cdd62a5b8c9d6
torus.out0.01022.h5	c36b4a444b057b67f3230605527c7857
torus.out0.01023.h5	0c7657ddf6d0bed5ee0434848031d015
torus.out0.01024.h5	89a56a5e1861b45cec062ef780781f39
torus.out0.01025.h5	83318a8c0c7b7478baa9db697e993ce5
torus.out0.01026.h5	af98df32c6ec34948f9043e7aa9f2450
torus.out0.01027.h5	36fadb53294b6f7d912afe710911e227
torus.out0.01028.h5	e20143de1fdd72ea821da3c209546ade
torus.out0.01029.h5	8571deb073c4eaed2d95dc7e30870e25
torus.out0.01030.h5	7ed1056b366cb1467b0c0ce37b49611c
torus.out0.01031.h5	3c2d54753e6c9651f25208bbdde4cfac
torus.out0.01032.h5	8aa2b9194dd39a6cd1b63dd98e13d3fc
torus.out0.01033.h5	137aed7e043600b62d0bb8cda1c8cf40
torus.out0.01034.h5	433a0ff1947325bc3a6f3e3a46e50e77
torus.out0.01035.h5	32ef4efb68a749b9dc672ad549677515
torus.out0.01036.h5	80b317a5abbe60797ac91d0a92bf0ba9
torus.out0.01037.h5	781bb6e549989d6666bbf3940a5c9b6b
torus.out0.01038.h5	1591c3bde1f3b33f674a32e8607fcc8b
torus.out0.01039.h5	f55e36351d2d9268f119c04de04c6c3c
torus.out0.01040.h5	917918f2240a514aada6fd1e343ff60e
torus.out0.01041.h5	1f913845963c2ca190f4da96e28785d6
torus.out0.01042.h5	ad2b0e5b4d5de213ec68cce99d20bf9e
torus.out0.01043.h5	589d9001c6e4f667ec950e5ad8d7cae7
torus.out0.01044.h5	73acdfa5eab021956c7e5d3cdc945c0e
torus.out0.01045.h5	0a01d3450f5f79720160e80f3db409ec
torus.out0.01046.h5	cbc4e8308657b00b0ebb72ffde5a9815
torus.out0.01047.h5	9567c1525bbc81d0b9f3063cbf262c41
torus.out0.01048.h5	f47fd2639e911e4e5b39b73526197532
torus.out0.01049.h5	ad0ba5fd962c844f22963dacc9b2ea2e
torus.out0.01050.h5	694cb2952320608e6d0e5487b9d19667
torus.out0.01051.h5	366bbd39bf05ed9d93ee7ae95f249382
torus.out0.01052.h5	29954ca0f622d3a42da3402bbb03ea0d
torus.out0.01053.h5	98e09b9badbff0595740455498b38d82
torus.out0.01054.h5	d4559708d23866f490159312106af506
torus.out0.01055.h5	79189e6256ba38f1c1a3a3d28c3c56c3
torus.out0.01056.h5	a612de980506b71427f37d41914f52b2
torus.out0.01057.h5	692a461a016f09f9f8dfe285d9c0f91d
torus.out0.01058.h5	1b2c0d97861556d057badd2630fbc1cc
torus.out0.01059.h5	d483f8aa27d87c78f0997ff4789a906d
torus.out0.01060.h5	7b30013005ed3d31aa1da0186c142b8a
torus.out0.01061.h5	9d203b8ec741848038003cd163283a19
torus.out0.01062.h5	cbac3661813d097492bb6bc8ccfc5cbb
torus.out0.01063.h5	71fb5aa3f049ee932af763bd3fff53e0
torus.out0.01064.h5	e82ac879cec975cc934ccddf82022242
torus.out0.01065.h5	4d875b8eb29dfa94d553d6817f53d4c5
torus.out0.01066.h5	b97f4cb245db80c80049a6599fd3bbeb
torus.out0.01067.h5	52fa8afe992b9d14220a463e0f869665
torus.out0.01068.h5	ce4957349491ddfbf6b0a0a974161896
torus.out0.01069.h5	0bd6eaf335804ab958390a552e4565d1
torus.out0.01070.h5	3cc9608d2f1adf545e2eb9ef9ee1601c
torus.out0.01071.h5	878b051bd69c5961dd2e7ea9e70bc13e
torus.out0.01072.h5	b4475ddb3a51c2a1b257b4db1be7e8f0
torus.out0.01073.h5	b1198d11646333d2a04cfd6e6d5602b3
torus.out0.01074.h5	73676d7db113ec2808b7bdc29e28de35
torus.out0.01075.h5	86ef69741fd386df4adf4caac5ec9603
torus.out0.01076.h5	f6a7b5dbdc67406292571f531739b9b1
torus.out0.01077.h5	6aa323cb3783487d7f649d79e351a901
torus.out0.01078.h5	3b5ea618c38201308f2fac8bc1327496
torus.out0.01079.h5	810b2df9b00ec363669593fed865a2dd
torus.out0.01080.h5	e8f62c33f3b3baebe0b69c26a4c5d4d6
torus.out0.01081.h5	4de4700d2e7f7c7c1c12969914bd8fed
torus.out0.01082.h5	94e83efb8974a78d75c7e55b5a980ec2
torus.out0.01083.h5	e0a8d15f8e9939822fcc5f4ab9a10ce2
torus.out0.01084.h5	f6788fdde482f1e970e6345283b6527e
torus.out0.01085.h5	244a790e3725b14e11c90ebda4e2377c
torus.out0.01086.h5	c87a5e1283c9f60fdc31d06f3e3c7da5
torus.out0.01087.h5	f11e55a7f1762587cca71db00da5d199
torus.out0.01088.h5	c7f8e4f3c7ae91e04bd09aba768eec80
torus.out0.01089.h5	b5f80805ac3c68ed4fffff1d5bb20f0f
torus.out0.01090.h5	d394c76ec8279fc1371724b815791515
torus.out0.01091.h5	eec6f4a0fe6317c95ec49708f1a8db30
torus.out0.01092.h5	3f8a508c8770a392b4c171d1254baad7
torus.out0.01093.h5	197a3a669561889d123d86848c452e58
torus.out0.01094.h5	f58c1e0616a216d48f830671199e92e7
torus.out0.01095.h5	0ab00becd2f682551731a31e4e09fe47
torus.out0.01096.h5	d454b9ba8d672757238219b2c8bfedbd
torus.out0.01097.h5	a7316482f69c90c56d8c3f3468361c27
torus.out0.01098.h5	4dd4f9ed4b76663e369d7cb7826c206c
torus.out0.01099.h5	0d4ab6c2e6bd9d23d7b41ec42471ab83
torus.out0.01100.h5	fd0566b11645991ae3e2b6e4b4ae552f
torus.out0.01101.h5	7bb65feee10fa8d66969333a2b1cf39a
torus.out0.01102.h5	8754b214d14e7f796eaf4e7f331d6fdb
torus.out0.01103.h5	f2c9b051e74ab39dc970eb5abe69224a
torus.out0.01104.h5	f59044630222e2002339b5ed6f3369e8
torus.out0.01105.h5	452ae31d44df0c645164d47b7e3dd75d
torus.out0.01106.h5	6428995ab559629d8632e00e23bb0ecb
torus.out0.01107.h5	e95a8551f3ac686d420c082658b9ea10
torus.out0.01108.h5	763edbdc2373d6218dbd2b7086e9e975
torus.out0.01109.h5	fc72c2b0756924d2acb7c0ff64505404
torus.out0.01110.h5	ebe0b0e087325f796e969eeaa5e90d6e
torus.out0.01111.h5	f8b551b55824bc4d2516f92886c92781
torus.out0.01112.h5	1fd9f1b0fca037f9cb21c7dbf64f2ac3
torus.out0.01113.h5	d10a8449fa5e8ee1e4d0d58b0343307a
torus.out0.01114.h5	dea639576db9de9f13f9afe510f33cd7
torus.out0.01115.h5	eb1992e6dfa262e6cd4e17f798ac9b09
torus.out0.01116.h5	73b500d6858220489ef0b1717190ccf3
torus.out0.01117.h5	e5d3db2daf005a9747e83326b3a194ed
torus.out0.01118.h5	3200849ec3e25a0cb1118518a3f3a086
torus.out0.01119.h5	28bf818a661298d20c1c02e016341509
torus.out0.01120.h5	8caa77d241d631cb1680608cc3fd8eb3
torus.out0.01121.h5	d5b9981f315ea102ae7d4afa7a0d60b6
torus.out0.01122.h5	54337b86b2b285d6a85a4b75748ded19
torus.out0.01123.h5	97c1b542ca69839e1c09b252e71f925d
torus.out0.01124.h5	97cccac64ffff743c184b609316eefaf
torus.out0.01125.h5	aa167dfd3545b0c4a43767c9074efddb
torus.out0.01126.h5	4137e0a6aa9af849bd5ad0accc49500f
torus.out0.01127.h5	cd8b03656d53a10f3a984fd26a9f2e8f
torus.out0.01128.h5	2a10b84eac5d96439842ebb34b76f1f1
torus.out0.01129.h5	539148150459cc8c602cf5e17e475eee
torus.out0.01130.h5	32b1402c0351586069cda4af9e1616c3
torus.out0.01131.h5	69f6ed117058e67fe56205b196d7609a
torus.out0.01132.h5	4c1108db41a77c2236d68198f5420451
torus.out0.01133.h5	8d891847871c2510493f1dbdd8cc9be2
torus.out0.01134.h5	e81d528b4629e022afa46041e53a1a68
torus.out0.01135.h5	5da832b912535ba1e57853cc4eecd737
torus.out0.01136.h5	d997f169fb3b9778ad302921ed8de6ad
torus.out0.01137.h5	47fe2d9414d5254f92090a4af494fbdd
torus.out0.01138.h5	f7e41736fec694d8d6da21c722aea4e3
torus.out0.01139.h5	e67a66218f99f493d08e249c258bec52
torus.out0.01140.h5	a8a4eacc2cf7559ba4826bf5a4167c6d
torus.out0.01141.h5	0381dfebdb93b1b4a4bbaddc95224212
torus.out0.01142.h5	fbed1e007cd1f99308ff00ed239e383c
torus.out0.01143.h5	ae399d8ec692100d6a7c5eb828b0eaab
torus.out0.01144.h5	4b1964287ab22f88b644647f29397b9f
torus.out0.01145.h5	208b9f7da5a5d48cdab334ffaa469795
torus.out0.01146.h5	cefa9e4b00e8d9777ddda624c1ce7fb5
torus.out0.01147.h5	bc140e2464b4522028d12f263168d7e5
torus.out0.01148.h5	e26c3c613895f5daa859e2705510e4d3
torus.out0.01149.h5	9fc4bb13d6d1704ca2dd55f66a3f4d1c
torus.out0.01150.h5	b67af70038fafb5684040e3db04381ef
torus.out0.01151.h5	3ba6e1c4d4a7def1ad63608d7871a3d4
torus.out0.01152.h5	fd2a7cc4ab988cbecd3f727bc183aa08
torus.out0.01153.h5	d8f79dad3d40752877b9927ddc46fb81
torus.out0.01154.h5	8dbf4dda0724af9c9eb67584df406564
torus.out0.01155.h5	9faa656d8e3a06a73aaaf25d461dc427
torus.out0.01156.h5	4882672d8970f7f36c54173dd2447967
torus.out0.01157.h5	83bb2a1b2425ca71622637bb39e35ddb
torus.out0.01158.h5	a0f023c7c3802ebfb19089d4d34811b6
torus.out0.01159.h5	170251064a5ad64c0024c30750d22b70
torus.out0.01160.h5	63a8524473024c9db264429ceeab676d
torus.out0.01161.h5	00b4b40f82fb48850bd44ad48226a537
torus.out0.01162.h5	6a9400171343def76b44ca09e853cbf8
torus.out0.01163.h5	881a6df841997641141a24a801e238cd
torus.out0.01164.h5	bd23d99e8c1050697798a909d3682891
torus.out0.01165.h5	ffa909a2f03331c50f16a02fb36e4d11
torus.out0.01166.h5	bc46d47df80c6aa27e2e4a1c29ab9cc9
torus.out0.01167.h5	b84694ed2b09bff3240357d62d6106ae
torus.out0.01168.h5	b0d2258945edc5548a3d61cf26110ce7
torus.out0.01169.h5	a1ed0fe245c92cee4a310142f68779c2
torus.out0.01170.h5	f76a1d32ae546440c04ad24ed8293d5e
torus.out0.01171.h5	ad1344daa71831d59edf188b8ad62cb9
torus.out0.01172.h5	c6d7ef28c17819616fe1a981e7c0584c
torus.out0.01173.h5	cb8407e649fae0d283ea32bd2fe018ef
torus.out0.01174.h5	0068256c8636986ef0f180116206b284
torus.out0.01175.h5	901e5f394565628ee6f172e5d229a238
torus.out0.01176.h5	4f98b35730000e571465cb5fb0abe30c
torus.out0.01177.h5	e18f929544e5e748660736188a33dc92
torus.out0.01178.h5	bdbc7f98e4d20191e9cc64125dd57647
torus.out0.01179.h5	7a9306850d05480c5fe15bf9e60f7df5
torus.out0.01180.h5	f99cbc9af9fca616d8063d2eb68f2d01
torus.out0.01181.h5	5e09feca9b7be8e16b9d4f4d103e7b8f
torus.out0.01182.h5	ed7cfe92b1e12271e067f90a276e7624
torus.out0.01183.h5	49eba7e9594131948f8b33bddf76f6fd
torus.out0.01184.h5	782d0b78d230639980aceeeddf6b6f71
torus.out0.01185.h5	281083142bc3a7b20fe74728cd159f8b
torus.out0.01186.h5	b7683565a6d74da8a816c6757d1af79b
torus.out0.01187.h5	6eec612f2dcd26700c7b0cdeab6f038b
torus.out0.01188.h5	505cfad109a1953a42e1863b9804e4d5
torus.out0.01189.h5	2f1db3fe6819d8647547ba752198d0d4
torus.out0.01190.h5	7396eb59af04983fb247609602ed8128
torus.out0.01191.h5	6bd662c4e1afd62323b01127c7124051
torus.out0.01192.h5	74db7119e92a221d0246467c4f8b10f9
torus.out0.01193.h5	c9dffdc283a9bea046f9cc972e663489
torus.out0.01194.h5	051220d053168130119c15001fedae4e
torus.out0.01195.h5	457a7f00dda0bdbbb08ec1af2bec0a39
torus.out0.01196.h5	5de292931d3b59b7d96f806ceb535f4b
torus.out0.01197.h5	73a7c3eb366121d2d9b66a5b9d9f73c4
torus.out0.01198.h5	c7ec88b7cf7db49db6e181c365fae4db
torus.out0.01199.h5	e6d21ba46b1e3e88ad0003b46b9cc3ce
torus.out0.01200.h5	bef2266f5557378e3010a8d0be4028de
torus.out0.01201.h5	ec2947fbce390ef2693a786ae57b8b65
torus.out0.01202.h5	49852dc85ad687b096ae92ef07478397
torus.out0.01203.h5	a26403ca271036b0d2c7f3c8e95901d6
torus.out0.01204.h5	4314b0db45afd17d27f69ac5e72e11c9
torus.out0.01205.h5	1a0a67b8278bc82153abb12b018c7db3
torus.out0.01206.h5	35be9db66f8a337c3c5163efcd78698d
torus.out0.01207.h5	b665a9cc090b3c5b2485ffcbda2528d3
torus.out0.01208.h5	e1eeacc699cf163fb84014a6781fba67
torus.out0.01209.h5	c3fbfd0c58706e0c17e99ddd6e87120b
torus.out0.01210.h5	33fe1123a78da32d241f585202391221
torus.out0.01211.h5	4681dc8504b4729f731dbc699d535426
torus.out0.01212.h5	0d83d302fffc8d6228081eb612678b41
torus.out0.01213.h5	1c5b7dc6395aabc0e7ae0f9a0bed21a1
torus.out0.01214.h5	b538f1ba26aff949e64fa406987fdaa5
torus.out0.01215.h5	ad13480824ef8a012da4bec23d00aabd
torus.out0.01216.h5	3e7c6946f4fee72a6edfb310ba826511
torus.out0.01217.h5	7a64bf00ca8a7b25fd7af0d38b4802dd
torus.out0.01218.h5	1e1f830722d712fab57c93003d573302
torus.out0.01219.h5	3ec2ea75ef23e807a4882e84f3daa33d
torus.out0.01220.h5	38414ca71960594713f5ca52ce693c46
torus.out0.01221.h5	3e9bc9edf369e23375d5171525f2c741
torus.out0.01222.h5	8336decabf8171149c5b24835641c963
torus.out0.01223.h5	18680cd999b27fcb3d72dfdfb1cf8a55
torus.out0.01224.h5	1962e89ca7181130f16281123ecdf5ea
torus.out0.01225.h5	4035072186782651a9122bb07cbf7cdd
torus.out0.01226.h5	138a1a92b9eadcef70d1cccc0875ffe8
torus.out0.01227.h5	aaae580132dc90af2958ee2512b27bc1
torus.out0.01228.h5	92cfd0914a7d1c3d0af46e4775a46363
torus.out0.01229.h5	52c716d3a36e4785a2f9e066454c698c
torus.out0.01230.h5	3e4ee0505cf80b1bb14b5583029adfd8
torus.out0.01231.h5	0c84b58e03a5cae927b1ee2f2eafc33e
torus.out0.01232.h5	5bcf1f5db9e0d708e78010456ed9622e
torus.out0.01233.h5	113c44e7a1206503dab1840c38912d05
torus.out0.01234.h5	eedf25c10966e456d0f406bde28334b4
torus.out0.01235.h5	40e144ffb8f0f367a63801154e41922b
torus.out0.01236.h5	7351e22a431a6752575b839dfa7be02f
torus.out0.01237.h5	a454cada4049587e69ce9a05bb7d4526
torus.out0.01238.h5	dcaae7bda8871d7f01e3b254bad99e38
torus.out0.01239.h5	c2695623442513a65c68a5c3cef44c9f
torus.out0.01240.h5	9b7edf5cee07bb281cf2739b04a61537
torus.out0.01241.h5	bed42934c1370e912d9603a17454ea91
torus.out0.01242.h5	95a36d2f31ecfd81e1d2084e6cef8abf
torus.out0.01243.h5	457da8e109fb692a5d003084db5c9741
torus.out0.01244.h5	421a651c0738c6a2e297e57660bdc375
torus.out0.01245.h5	1201b32e52de1164fb1ece91627f352a
torus.out0.01246.h5	9ffd903dbbd796eea9ffffa1a571dd80
torus.out0.01247.h5	f9fd08e3f367453db3689caad4a62d79
torus.out0.01248.h5	f6ef63f099f3a281824e26c607edcdc8
torus.out0.01249.h5	1dabdea29a4296a8a28854dffd69c176
torus.out0.01250.h5	97c03ec24eae5c91d2a69ef9df908d97
torus.out0.01251.h5	16528cac604db1e26355344e364abb20
torus.out0.01252.h5	a3a8b6742916fadfe350fcfc4f81545c
torus.out0.01253.h5	52162ef4adfad3a8591d187563ed9545
torus.out0.01254.h5	b51457dd762e10a11f2565adc64f2c41
torus.out0.01255.h5	29d11913469544bab3327288651f2e92
torus.out0.01256.h5	607afe27b397d156f2bf6901c0e8669e
torus.out0.01257.h5	e6daa66ef480e9705bfe8a3aabc09543
torus.out0.01258.h5	5c2d75085d654940970f589eb0a2c9ee
torus.out0.01259.h5	854cca6e49df2e2c4bb1da91fb86bd2c
torus.out0.01260.h5	1cf265e9ba533b63223aac65d4aab879
torus.out0.01261.h5	2860e59481c709a0428b2af470861967
torus.out0.01262.h5	0093044bd06ecac55ceb54c479d1795f
torus.out0.01263.h5	1c167a4e9f621fc05a80a641f6d44d50
torus.out0.01264.h5	150ffb64f06cbf4d81eec6a7ce44bafd
torus.out0.01265.h5	613778fde66041e8a479c46164603bf4
torus.out0.01266.h5	04c419f51e220106c6f7c56b6d193d7b
torus.out0.01267.h5	4a913e78387a30342c2d9d82803d727e
torus.out0.01268.h5	e35ae0ae1a3f7732bdcdc65029c4d1bd
torus.out0.01269.h5	73f4fd28b06b3549e0b2a34269daf81f
torus.out0.01270.h5	007d69ff8647a3b1d665315d099e7db7
torus.out0.01271.h5	a09f9175623c60a0470746ac3be78fe8
torus.out0.01272.h5	6a9e935d33a1bb15b5060d9626df7021
torus.out0.01273.h5	25037e94afa15da737f034b87c035025
torus.out0.01274.h5	b765580179e2605a176bc6ac1b4b7551
torus.out0.01275.h5	0bf5aa87f12d457753bbffe08fa80a81
torus.out0.01276.h5	ea601f5cbe4348fb514c5719feb948b5
torus.out0.01277.h5	f475c6388087291100c8a8b40dc12cfe
torus.out0.01278.h5	37fa1dfdcaa2120270708ab1a8d2dce0
torus.out0.01279.h5	5019b59bf93d3696d904c914dbe9f630
torus.out0.01280.h5	b3f787e1c25710d6ab9169e438159c67
torus.out0.01281.h5	d29447d91c6c53145c8fa7d545d8a86c
torus.out0.01282.h5	21ddaa510aeb2c5d641e68f907bf64d1
torus.out0.01283.h5	3efe66e532096315c4943aa3d16a297d
torus.out0.01284.h5	9583dfc3c9395496f23b6d814cb4a118
torus.out0.01285.h5	b3fe384deffffa24bfd5589d0552cc22
torus.out0.01286.h5	f044aadc341f3974863bba715ce7db1f
torus.out0.01287.h5	8e1e7cf4359be597c532c34f639f46de
torus.out0.01288.h5	2a09f3a4703734fb8808c02411350279
torus.out0.01289.h5	e5859097126c8c9d605e3ead5f714709
torus.out0.01290.h5	0c958954d4ce2d05d6c61fb1e40cffb4
torus.out0.01291.h5	1fd7042569f4dd4796d37fdcb887a89e
torus.out0.01292.h5	5fd106487018986479945545dea8377a
torus.out0.01293.h5	6c37937baa746028bcbad2b6a410f875
torus.out0.01294.h5	0e11b9ef918b452f5af915ad7123c4ae
torus.out0.01295.h5	19d5197df0ede8077ddf16bb6aaa0a02
torus.out0.01296.h5	5b7b8df54b8397e12ca19b89240f2bda
torus.out0.01297.h5	eb3597c1a40f4b285cfbbf533b4fd5cd
torus.out0.01298.h5	abb087063de2d7dd95ecdca6fd81f0b3
torus.out0.01299.h5	5a7767cbc5fba3ef2b9b5728c59c14e3
torus.out0.01300.h5	1651899071029faed0d47ae4a8b5bb11
torus.out0.01301.h5	6a40fe20764879b047e9b571e0732df0
torus.out0.01302.h5	f4f8448b5f6cad4de574c1db3185519e
torus.out0.01303.h5	80cc289e5a255836675462477267d7a5
torus.out0.01304.h5	3160d783aaac57ca7684cb0ec01dd1cc
torus.out0.01305.h5	7fc5b7f67b2ba02f37d02382528cca49
torus.out0.01306.h5	502ec54e8ac461995bb24141fb2bf546
torus.out0.01307.h5	05f54fc7563b9af0d14869e48e113602
torus.out0.01308.h5	9d6d401555d3797c3e6c6458321c364c
torus.out0.01309.h5	2b2f7efd6c822fbeb27ae9d8b25a3681
torus.out0.01310.h5	87390348749a4645c2e8b27333a0c2f6
torus.out0.01311.h5	6f3c4ff8152ca6c85afda247b7318788
torus.out0.01312.h5	28ef0fc9f58a7ef270b65da3ec595086
torus.out0.01313.h5	cb200c70514ae1fc293dac8516da0dab
torus.out0.01314.h5	dd5f6f467ed916725f1d57270cef7699
torus.out0.01315.h5	826505f4542a9dfa4905d839a6a2de43
torus.out0.01316.h5	fd3ba1485da0779d14a596c6c233a5fa
torus.out0.01317.h5	c2142703a9d7146f108c26a4f4857a44
torus.out0.01318.h5	ac15b448176361de0fc1c204cdfd3066
torus.out0.01319.h5	608a97ddecf7a14f2f8fe69c89dbcb85
torus.out0.01320.h5	7aacfbefef0ba126f2e92a836ac62f02
torus.out0.01321.h5	1ae802e63b091f1f3ad76644fed34025
torus.out0.01322.h5	fd43ca2710c14c84b2061775ae138c18
torus.out0.01323.h5	786d9b509a5b55b7991f58c822eddcc4
torus.out0.01324.h5	0d84278e83df7e90f4759e05b9bc4960
torus.out0.01325.h5	c4728c2eca13d8aa376b12c203cad33e
torus.out0.01326.h5	ca547ed6a49fa17528e247a96ea4bb5f
torus.out0.01327.h5	40919479ed39d61e6ca0c7c9a15b9d36
torus.out0.01328.h5	2c0ac9b1ffafa30cd6573f3bfd27f605
torus.out0.01329.h5	08ec4d443f60a4bccf604fc38147a6c2
torus.out0.01330.h5	9522c7de39dfb97a241d1f759b94aaf7
torus.out0.01331.h5	a1f717ba5a4a2996e7ac1721d9fd2652
torus.out0.01332.h5	f92cf2f9483dfcfd119d3b9f293c11c4
torus.out0.01333.h5	41a166f82f8be705beb706475b4af9b5
torus.out0.01334.h5	568b4ee66e183ee6a2913586ba3d0c69
torus.out0.01335.h5	88adc0328939e05f7abbfa650667395f
torus.out0.01336.h5	dd71e4a7c162ee35bcece6a3c9ccf9fc
torus.out0.01337.h5	cde55406fdd156866ff1f69b405fbbf5
torus.out0.01338.h5	da0ff94056ec33ed23668361d090e881
torus.out0.01339.h5	3c1d9f19b0f5358535abc6fb1ed3dc86
torus.out0.01340.h5	dc54dd90fe1732172bafe9873e030a3e
torus.out0.01341.h5	2cfa0036ebf6c454c44c5b2c3605434c
torus.out0.01342.h5	84afc297031a56475a22a8f4e4fddce9
torus.out0.01343.h5	77c981d7a9904ded11e7828236087136
torus.out0.01344.h5	5beaafd0b5030069ac724b242766cb84
torus.out0.01345.h5	e76a842faf27c11c648b8841a5cd98e7
torus.out0.01346.h5	36016e3b3b7b5bbdd5d4ea443fd96a0b
torus.out0.01347.h5	4da20a214a88f85de18dfb8f48e1a7a2
torus.out0.01348.h5	6aee8b2348a567a5d24a94578c261276
torus.out0.01349.h5	20544d7d927b680cfa54237766c51d4a
torus.out0.01350.h5	f0b63fc9a51e0199f972c3246531441b
torus.out0.01351.h5	7fae70fc0f9323bb3d36d9fcc27426df
torus.out0.01352.h5	b311fbf57311921b88a69e3072a11ca6
torus.out0.01353.h5	4a3734e4efb0b1a28928bff3ceaf37cb
torus.out0.01354.h5	554055d604f7c56694eddb3482b35311
torus.out0.01355.h5	966600d4a767909b0ae2a519df0a4d7e
torus.out0.01356.h5	da6b2c84d92c5e947616f84fae17f664
torus.out0.01357.h5	51bec9dd39b2178a4978400e7c3fbb80
torus.out0.01358.h5	ba1888fa33acc1ba703cdcb6d13f8e31
torus.out0.01359.h5	8f40ac762ed8f02de503fc984e9f1a27
torus.out0.01360.h5	40beac261373981229ba849c4c87999d
torus.out0.01361.h5	ec7d1819015281f012502bb12170763b
torus.out0.01362.h5	731bea63e1ff3a79e3a79b5f7c353616
torus.out0.01363.h5	000f7b4dc0bb39151e2df7d5ae7e4736
torus.out0.01364.h5	f79f26acd01592990e9162034c15157f
torus.out0.01365.h5	6bce50e716414c18898874418639da34
torus.out0.01366.h5	d8fd5f08c4c2e411425e54b4cc703d7f
torus.out0.01367.h5	7b3535df3341f79a4f162d253c24be3b
torus.out0.01368.h5	8b6d8880ad6fff3925c613fb9f849f48
torus.out0.01369.h5	3cafa5bc9bbf21b435847f93b2c45fd5
torus.out0.01370.h5	0f7757b08a8c154e72feb15f94a78afc
torus.out0.01371.h5	0c037ef2478ca198314d3da58280b2b9
torus.out0.01372.h5	94e8e8759e4927239bde4e3b94cdb816
torus.out0.01373.h5	0370b2ea1bb519bc41e6fc7ef38c242b
torus.out0.01374.h5	68ebb97c382e0827f1916bfbb3b6034a
torus.out0.01375.h5	5df9550975b270f4c82d71ee42cecc8d
torus.out0.01376.h5	deaca562609708bf1a4a5f876c6bab7d
torus.out0.01377.h5	31b5a159d6833f862c0f2e977434d738
torus.out0.01378.h5	c5860965abaf67822579c6570190b1dd
torus.out0.01379.h5	e5a6563af146d598f5785f8243fc1823
torus.out0.01380.h5	96b65d3fee8256ce20e058a972fa0162
torus.out0.01381.h5	128876f202a65001981bd14733a18896
torus.out0.01382.h5	3536d93a21f3c39bf15c22c7556feff3
torus.out0.01383.h5	2d1faea10f01fc7f0be0523f263051a3
torus.out0.01384.h5	7835b561ef3b051c58b0f346ecc43b32
torus.out0.01385.h5	c9c417115cedd3c118a41ef66e4a09dc
torus.out0.01386.h5	39d73f8952f0389da586cdbb5f28416b
torus.out0.01387.h5	8ab517bb002901b79e989dfa65a33f7b
torus.out0.01388.h5	be8ee079e78bf1238522df09314f5e5e
torus.out0.01389.h5	1e0e06881e8859d6c324fd039f47b4af
torus.out0.01390.h5	d84afd86d67d87dbae180ef5aa1775b9
torus.out0.01391.h5	072668653b070497a3a5cea8c719666d
torus.out0.01392.h5	7a72b178937fa78df375cffb00f7bd42
torus.out0.01393.h5	bec84e26592cc5b2d8a8215145994e1f
torus.out0.01394.h5	1d10ad120a6d994f643c4bed983cbe05
torus.out0.01395.h5	a1ec2ebd34811ad342dc75bc7478c329
torus.out0.01396.h5	42614ed15a34dd2cf330a1216f71250f
torus.out0.01397.h5	bc3e1ec4f8252d72bb43ac0e355fac51
torus.out0.01398.h5	11feb52f2c2917330e99f7aeffd37f2c
torus.out0.01399.h5	04c6eaad411bb0d97725e5f48bfb9062
torus.out0.01400.h5	9eed5047b924223e6ccb74372c528afb
torus.out0.01401.h5	06cdf7baff5c72582afad27c4f1137eb
torus.out0.01402.h5	a309fd698ef64e09475b7f4cd8ac7122
torus.out0.01403.h5	185d85538f33d70b0f388072673d1d4b
torus.out0.01404.h5	65b228f359f7a895a490d07cde510a1c
torus.out0.01405.h5	39fab350b8d3d15ee64a6f202a0d3eb0
torus.out0.01406.h5	ee35422da4dbb1a2d82c658e553b5e60
torus.out0.01407.h5	eae4905af5c03ff04507cf5c188b9717
torus.out0.01408.h5	f6d140d4dd6fcf96e1f8e88c7cfd6dba
torus.out0.01409.h5	7d930a8a6108c070b02e863a4a21ab74
torus.out0.01410.h5	5e3719e1c76d5465d1875ba0403b0ea7
torus.out0.01411.h5	c4a6e54a4be20a8832ff6dc0ce6927eb
torus.out0.01412.h5	04400ee8b5e25d8f2b25d37fc0f623ad
torus.out0.01413.h5	d239a4b4364f23cbcecdfefe1ec068ae
torus.out0.01414.h5	9fb74c6e783b94e20ecc4d470a896531
torus.out0.01415.h5	810857ad1f0128ec085a5439969d8e80
torus.out0.01416.h5	b0072db52d87054cd74a644af741b1bd
torus.out0.01417.h5	bc6aa256226c097d146310021bb390a3
torus.out0.01418.h5	274cfaa23809eabb611941172caffb2d
torus.out0.01419.h5	3f5ee7a6211ea3a7c4e5e520e54c31a6
torus.out0.01420.h5	29162d09412454ed8d36eda3f809f26f
torus.out0.01421.h5	836c6211f4b8d319215483d4524f865a
torus.out0.01422.h5	7ad3902f7d182c81ca1dcfe8366b10aa
torus.out0.01423.h5	393a875f66b58c7cd45084356dbc8045
torus.out0.01424.h5	56d650e8f09a5ddd65037c7a10964dda
torus.out0.01425.h5	a0921f86a7606b70a243ee9860169dc6
torus.out0.01426.h5	369ed541ce56fb2bbb1f48cbf35b5ffa
torus.out0.01427.h5	1c13b9b0cb2a446e316e3b48e7f8b357
torus.out0.01428.h5	2bdf9e2f0495ccecdcc7759a01531276
torus.out0.01429.h5	1144853f078ff7f57ff0747f2c52a1ba
torus.out0.01430.h5	85946cbec4810d3c01d5bab0ba9d7bfe
torus.out0.01431.h5	1e19eec3e8e6a3f8337357f53ed6ae67
torus.out0.01432.h5	616763c170f8750300d9550293db6b0a
torus.out0.01433.h5	8a667ab8ca65aebb7deda34f6adf8096
torus.out0.01434.h5	9aa0e3bc38f950f136f62c1d14377a02
torus.out0.01435.h5	82f774b3ffdb5ffa310cdee8f828811c
torus.out0.01436.h5	23f125e4bd7bf8ef045a6ff256c8131f
torus.out0.01437.h5	832c834aa43da69f19700616607231da
torus.out0.01438.h5	fad254eb67b2d68b6dd9e98d13895601
torus.out0.01439.h5	d570c4162884faca3807f319acd7163e
torus.out0.01440.h5	b9d6b428eb780930b25b55a3bb6e6fb6
torus.out0.01441.h5	c57663f394e083931f8807db5adf16d2
torus.out0.01442.h5	2bda10e674912913f00723340c5312b9
torus.out0.01443.h5	1adc8a18713a974cdac4f727bc89f1bc
torus.out0.01444.h5	81ba3878777950e6c8010dcaa2cca040
torus.out0.01445.h5	0c96466a925a165700b12555484550e0
torus.out0.01446.h5	8a782b8af810a2316401a2f7e40c5a86
torus.out0.01447.h5	21fc493baa8d224c9c05a3bf382a6095
torus.out0.01448.h5	c30a20cefd3ac983820154f3299eddba
torus.out0.01449.h5	29e7942468ba1e58a0dfa557313a2d20
torus.out0.01450.h5	d80f3f4c3fdbbd59842ce4045c13e926
torus.out0.01451.h5	eb20e3e9d50b8f60b5c521e49e6be0c5
torus.out0.01452.h5	be5d501b22f1cc651e65fb81a915988d
torus.out0.01453.h5	b5a87eb0c5b339939dbe6dea914ad036
torus.out0.01454.h5	80ad94f3141db46ea0a9a25e64b0bc24
torus.out0.01455.h5	7b5966b7eb8a33d5c93c1a85e7711290
torus.out0.01456.h5	68c6ae967526ce5d92fbaf955f8fda62
torus.out0.01457.h5	1bb16d951fb78369b422d30c4d743e81
torus.out0.01458.h5	155d2bf4ed27953b19fa4cb2f5362240
torus.out0.01459.h5	7c738e021e8b3068b0d97f73a010a4a0
torus.out0.01460.h5	0411501fa6c2b0ee46c1ed5324fabe73
torus.out0.01461.h5	7317fe5474dcd93555e3f2bfcc68b76c
torus.out0.01462.h5	d96223113456f61a0095af0002f45605
torus.out0.01463.h5	08b55066fca3d98d8bbda4eac2295ebb
torus.out0.01464.h5	7c0b2d2e6cbaa7fb4c1fbffb6a6cb796
torus.out0.01465.h5	30ab260f2817d4d958225b8b281f4223
torus.out0.01466.h5	b891ef8843888350ac4d27cac653b86c
torus.out0.01467.h5	7628aa32a8654e743b354ad3179a935e
torus.out0.01468.h5	5a8cf3f4b4a18875f711c9ee76ec2978
torus.out0.01469.h5	f0fe96b8cac3e1960d266d5423a9849e
torus.out0.01470.h5	795fa05784b412f1fa8cba9c813daabe
torus.out0.01471.h5	e384eec4e3f0395a749ece01ed2064e8
torus.out0.01472.h5	1bf37f16e3b305d4500afd8f054a7d3f
torus.out0.01473.h5	e9bd6652212f178f4a19cf621b54f9dd
torus.out0.01474.h5	b99a4f38fc9a06821d2e0b46e7c01566
torus.out0.01475.h5	46568f71a0c6f2b51760cbf816d14c42
torus.out0.01476.h5	79dcf91c78990cc04aa1dcbdb17e67a8
torus.out0.01477.h5	a3f5e0137a5bcf3fb06df6f43683aa28
torus.out0.01478.h5	905227d29ca3ce2a57c79edff780ef1d
torus.out0.01479.h5	230dee07b1d1b47abca92d1b115c3ca2
torus.out0.01480.h5	ec3151ac7e62b79853c7a5ed5f7f2e9b
torus.out0.01481.h5	4414bc4df0ec327407ab2c9c3dd5bbbf
torus.out0.01482.h5	b2c5915449cd62335f51bbbab1598a3a
torus.out0.01483.h5	e2663f5a5e1188f56dff5215b1830a69
torus.out0.01484.h5	3d06b2e46124c1e28b68952b1346d0a8
torus.out0.01485.h5	96316e20e2ffcfc92c14b82bd64e76e7
torus.out0.01486.h5	c2d4a642f5cca835d90fa8e54d9cde2a
torus.out0.01487.h5	c00958ed4a79dccff7de39fe44771e47
torus.out0.01488.h5	95483c46d3d4c715f872c16a9dc4e2ea
torus.out0.01489.h5	d66afca9c35e7540420c873e547dd0c0
torus.out0.01490.h5	cab6c05003eda5ff386028a7afcc50b8
torus.out0.01491.h5	69476842ac2e45738fed4322601c224e
torus.out0.01492.h5	afaf552b7ce52f6118f0fb8e2cdc39d8
torus.out0.01493.h5	61aa2c3e95b652f9ced01abd69657fe3
torus.out0.01494.h5	b486fa8ce4d4dd708581c32552a3183d
torus.out0.01495.h5	984dae95b7c2c12cac5a723901f2d2e6
torus.out0.01496.h5	c3ca70c963be46520a17a3d69939d5d3
torus.out0.01497.h5	4aeb6d12245452b3ee89c5a2b5538f1f
torus.out0.01498.h5	7c466804e142bb81aceecb9dbf71e0b3
torus.out0.01499.h5	e72d35cc9793c5f9f81a65573cd9fcab
torus.out0.01500.h5	ad26fd293c799735797947c6fee9132b
torus.out0.01501.h5	fd8a39d4dad787b14294a7ed16e5297f
torus.out0.01502.h5	1dc59250d8d2c961baae4b1c0d7246c6
torus.out0.01503.h5	ad8c774ff7268f2518b698a36b225236
torus.out0.01504.h5	f39663f7f788ec9a9153f33ea89bd226
torus.out0.01505.h5	09721dbe7365936e4a9494732354f195
torus.out0.01506.h5	07b5c829f39e3206093bd4f3b6959265
torus.out0.01507.h5	8401211e470e90e4b1c5e7b62f8a974e
torus.out0.01508.h5	5af4be09327a2b6717f05706f6a59e77
torus.out0.01509.h5	e1878237efb98b5f7765099bed4b1f2f
torus.out0.01510.h5	a35d9464a5df4173f4c1f95902377ca8
torus.out0.01511.h5	e096733cb8859eb953d8c31d5c972b97
torus.out0.01512.h5	25ca82d003bd662dcd17ac28310a75bc
torus.out0.01513.h5	a1f13617189cb17d57c19396cbb7ba70
torus.out0.01514.h5	db803df19475c5ecb1e740d094d5d01b
torus.out0.01515.h5	2d4a05b5877643ac15246f467c8336dc
torus.out0.01516.h5	e3107219cc06e54064cc8d068a55a1d2
torus.out0.01517.h5	89416baee191f4b153f27e35f0fcf8c1
torus.out0.01518.h5	168fc1085188b50d540a1c37e0adf65a
torus.out0.01519.h5	7163d21790b3433b491d1420973f2142
torus.out0.01520.h5	2322c549f3b1fa050da97bd87e0036f7
torus.out0.01521.h5	f4bccb22c7833d582f4255e87460cba3
torus.out0.01522.h5	79e27ab16b2b349b2e78b80d3f153b09
torus.out0.01523.h5	915cee38448a1dfc20a6a8b93eb5b2ed
torus.out0.01524.h5	28ae03dc17248b3e997ddc3dd69d548a
torus.out0.01525.h5	5962fad2e4fa4845118e7f7f04fe2f89
torus.out0.01526.h5	072b44da702a0324ac77092eb7f025df
torus.out0.01527.h5	4ec1efe1383304be65828a0a93ce8f42
torus.out0.01528.h5	54b9a443ee0495c2417697c8fbba11bf
torus.out0.01529.h5	47fb67ab44252ab494ea39102c1f3932
torus.out0.01530.h5	04c4922145bec95218354e4f6ca7bfeb
torus.out0.01531.h5	a53c1c34a0295c3e1bf016988bce2888
torus.out0.01532.h5	c8a789797a288693f12eed06695e92c1
torus.out0.01533.h5	5b7c7dbadbe5f8ea8dc1f89cbc03f19f
torus.out0.01534.h5	d9d3b631019eb2da22cd53245fc9b0f8
torus.out0.01535.h5	8c893a9871cb33ec3613ae75a81ab3aa
torus.out0.01536.h5	3d7340640f737341bf4221713cc89a62
torus.out0.01537.h5	e849621865214c479c5677617ba75c20
torus.out0.01538.h5	b43c9fcbf214f180f34d49af868fe4f4
torus.out0.01539.h5	6469ee08dceafced1335fd387b33b01c
torus.out0.01540.h5	358b5193d69659ad79b4238ff6cba0f0
torus.out0.01541.h5	31d7a310c9a4b7c24e09d88ab206a563
torus.out0.01542.h5	f0e48c307ee6a52c92ea74d171f13a29
torus.out0.01543.h5	96f69840ab0449ac4b5ca49d0a966e5e
torus.out0.01544.h5	eaad174a614680841062ad21b948a844
torus.out0.01545.h5	1b10d15b5496e9cd3529bad103a7e569
torus.out0.01546.h5	e0e9839fbbdeaf351008dedd512282a8
torus.out0.01547.h5	826c2542a397bc8325f5c4eb374cc423
torus.out0.01548.h5	790369bf164ae76024ca82f60b5a9c90
torus.out0.01549.h5	e25d6f5186a19659e04ca0b711d81829
torus.out0.01550.h5	9389a6dc9b38144c22e6b5e5848dec69
torus.out0.01551.h5	85f8b8ee448672e70bf9e711b317ac6f
torus.out0.01552.h5	c4f6b36649cd3a61d7d05949ad18f297
torus.out0.01553.h5	e4044126f27c46259490545243f7871d
torus.out0.01554.h5	c30006ae79a48ebc1883c6ea66ab1c33
torus.out0.01555.h5	9245222f4b4a2bb2934d331ae22825b3
torus.out0.01556.h5	0aef63e2079b07496d48eea6a8a4ac1c
torus.out0.01557.h5	b354adc47dcae781341ab8749552bdf2
torus.out0.01558.h5	a30ece9613dcd8ac388bacfdf3a48a69
torus.out0.01559.h5	b0ef15736e3a2b3a1f74a65cb4db4ff5
torus.out0.01560.h5	d20a35df3df1c9da92412f8888207b00
torus.out0.01561.h5	ca5938432f41cedd64e5380e38b5cda8
torus.out0.01562.h5	1f38baddc9d48db8ff533251e32e9597
torus.out0.01563.h5	3f3d372871a092e90de9391a533b75b6
torus.out0.01564.h5	88db4c0bc62cd5ceb0f9075e901ac939
torus.out0.01565.h5	9f4406a30a4feac0ae15a7f58e68ae23
torus.out0.01566.h5	586b4ed4791952fcb4402e456e1d2e28
torus.out0.01567.h5	603b5fc04e39f5268e7610cfdc284137
torus.out0.01568.h5	9b321b5a46d9068be9f7d69e01e6c9b8
torus.out0.01569.h5	fe18142396c24b8dcbb7f19628470025
torus.out0.01570.h5	a70d09d8c3041f2cb2b42e45e84901d2
torus.out0.01571.h5	35d01293ea741bd4b825e43b5b1fe831
torus.out0.01572.h5	9cf79be37c7685c0a70c5122e7ff983e
torus.out0.01573.h5	d8eb36b2983dfb319cc74b1f7f8c85c3
torus.out0.01574.h5	318b5f12734f128404899690421169a7
torus.out0.01575.h5	7539bd3dcd17e8550ae58ad90daf45c1
torus.out0.01576.h5	2a186541c8b35c38c9d08ba54d5cb2cf
torus.out0.01577.h5	d02ccdf4d820406fcef784a463def28b
torus.out0.01578.h5	327640c3baff4d02c928b2d4b3d8136c
torus.out0.01579.h5	2a4356d4f537ac5eddf33ef202fc290f
torus.out0.01580.h5	ea38204970b8be450d6924ce3e1e0abb
torus.out0.01581.h5	b85456f8703557f8052f3b9da35dfeb7
torus.out0.01582.h5	2716cb320da98e54d8733fc199caa8c5
torus.out0.01583.h5	da517ced0708a73fe42a9250b891159d
torus.out0.01584.h5	c4686d45201289bda6634f7335ff8fd1
torus.out0.01585.h5	db945a7edf72bb1609d1d7fcddb9c10a
torus.out0.01586.h5	6fdf5667524b109dfeaf844a05b6e0ec
torus.out0.01587.h5	f7fe5b8fa04dfa1d5b4a988b01fea9cc
torus.out0.01588.h5	ac817a62a27fb8f07daa4a3eb0fb8859
torus.out0.01589.h5	640c4088eba6c137f605898cde22818f
torus.out0.01590.h5	467ea604763b48f39b9551cba9fc5b75
torus.out0.01591.h5	06c09f0020f15b8582bdb2995a912818
torus.out0.01592.h5	d3d1f0f5a9673295a1f1309ed1fa3cba
torus.out0.01593.h5	1ffaf7d9af4c1316d193bf202a60ff28
torus.out0.01594.h5	22470907ba2c6f32688f999b74cc33d4
torus.out0.01595.h5	3b5ba9bd7e5cf7d35954a63a2bf3529b
torus.out0.01596.h5	744f4a139f8b3af6ae73b05e55143738
torus.out0.01597.h5	8c80ab365f81996d5aa3c3aa0532d2c0
torus.out0.01598.h5	c352b66d102e974156e64363cbec7a46
torus.out0.01599.h5	c37428354302fc218d330f62e9f590de
torus.out0.01600.h5	c98d176671c34187935df2a880252775
torus.out0.01601.h5	b0563b62fca0678224e37fd27fea1e80
torus.out0.01602.h5	18254fbf05f906f676396cc34b32da5a
torus.out0.01603.h5	166b1247fa7855b1d22cca33c57a479a
torus.out0.01604.h5	6e3481c1fae5a425447b581fc22ac163
torus.out0.01605.h5	d9cb65fd726380b94cec2601a632f26e
torus.out0.01606.h5	eb5b5cc2dcba58e223027208a33ea2c8
torus.out0.01607.h5	b91d8a6ad5712eecece97cbba814f2f1
torus.out0.01608.h5	15bcaa0715b2e162f77342bd5fd613b9
torus.out0.01609.h5	5210f83c7eec7e33bc2082fdc1440f0a
torus.out0.01610.h5	86f942160a58e1ab13f007a00d62a062
torus.out0.01611.h5	b8388c8166e57b1b0281cf7b00f12241
torus.out0.01612.h5	4b56605ff6d65c6583c775adeda77191
torus.out0.01613.h5	2778963808f5ad32ebd92f7e45083893
torus.out0.01614.h5	a8c339827ac77a1bf5599bf79974a805
torus.out0.01615.h5	0486ad40786a961321c855ff0f1dcec7
torus.out0.01616.h5	e61f9e8622059f978b7fee7ca9e4f904
torus.out0.01617.h5	e7a9fc428553d5d040b224d9801241fd
torus.out0.01618.h5	01f791c756d141c0fd9f6e3e6b724a8d
torus.out0.01619.h5	041e72e5cf8d65f6e11a2d6c6f4622e7
torus.out0.01620.h5	4c533e20bfd8c21e7a252343fd77f672
torus.out0.01621.h5	0a42d7346589cc28614bdf7c69c0072b
torus.out0.01622.h5	12f2d069341982e7a179936160019831
torus.out0.01623.h5	e7bb18db6fe838e4121b0f9eac85f466
torus.out0.01624.h5	8d75a79dd7c96286ad1a1eae0502cebe
torus.out0.01625.h5	ee5834a0b5478ebc11ecf92757971aca
torus.out0.01626.h5	96b0745916435f3387c76e9478412b34
torus.out0.01627.h5	65d96e076b603e96f96b97a274fc6139
torus.out0.01628.h5	690c2a7e6198145189f515c431d9b149
torus.out0.01629.h5	0f00aebb46a99bf28e52fd5c5789d0e1
torus.out0.01630.h5	f2aa0179778243ab4a8f56bb1a45f4b6
torus.out0.01631.h5	91ea01ed05cad93b252247b8ec5098fe
torus.out0.01632.h5	813488c75f704ee78141c09a13b90f32
torus.out0.01633.h5	e37dbe45352b94e700ca1d7db72e0f2c
torus.out0.01634.h5	d72c19893812165733b2b7845a610d22
torus.out0.01635.h5	73e57ffa319978add15a175f8a17885b
torus.out0.01636.h5	14d07fd5dc0722c8b85d67a22dbf1680
torus.out0.01637.h5	054e6343701f332838de0a93fad93724
torus.out0.01638.h5	95b5059ef47605eedc2a55fd8a473815
torus.out0.01639.h5	5af17c5c34a688da5fd814585b995b82
torus.out0.01640.h5	d6cea922fc1520d9026665070c05f876
torus.out0.01641.h5	0111a980b33c392452940692b1df2a46
torus.out0.01642.h5	7f987468beb3f535588a1aba190dc191
torus.out0.01643.h5	3953bbc9614c0fb59433388f9027e18a
torus.out0.01644.h5	56359cf2d51507a52c2293432602151e
torus.out0.01645.h5	8b1a63bf631574c99fa239022ca8fcf9
torus.out0.01646.h5	9966514b536dce88df1efeb1014d6420
torus.out0.01647.h5	541d082e92d7d36d5f2433e79b3322f0
torus.out0.01648.h5	d7754819167df2d1aebdcf2832cb62c4
torus.out0.01649.h5	72c227c26a34d15c99913d44320129e1
torus.out0.01650.h5	a2ef9f622ccd4f14d6f8df6e3903aabc
torus.out0.01651.h5	be5815ba7d63bde808461302b04773ad
torus.out0.01652.h5	1296c3bbbd16e7f15c1203fb7d0b0d7c
torus.out0.01653.h5	7ba32dbb9f7a69cedf07b6f59702c118
torus.out0.01654.h5	fc3d66db5fdbbe7506c5ade96a75adbe
torus.out0.01655.h5	77c95c104ac24a52a3b2a97b4d640fa9
torus.out0.01656.h5	22962ee9c1298cf784cc97d6f728314c
torus.out0.01657.h5	d1c9dcb21aaed90f95e0acbe3fcf4624
torus.out0.01658.h5	9881ff56c794f490c7722a5353c37452
torus.out0.01659.h5	73e1a528a520b7e548173922f78732ac
torus.out0.01660.h5	0c9ec5e04bd58ce3d274ce0dad33bec0
torus.out0.01661.h5	ff6083ff61e128677059ee95f9175cb8
torus.out0.01662.h5	887f29da080fd0cd43fea2cb02a6354c
torus.out0.01663.h5	a9004a3792f0842c3579e042e9cc5e82
torus.out0.01664.h5	1b8722161c8e6d84d86976dca14a2f41
torus.out0.01665.h5	a43e9a71770f609bbf439494b9846936
torus.out0.01666.h5	0fce5f05b5456a76ae8eefd319958168
torus.out0.01667.h5	c2250086ccb4f82924078f41006e92c6
torus.out0.01668.h5	e9d25a2175b78b858912be706009082a
torus.out0.01669.h5	ea0dcbb0fc3b35eadf8425e2280d35c6
torus.out0.01670.h5	0967cdec734a7307b2ad353a9a21b7bd
torus.out0.01671.h5	303fadc94074fc7fe6758cf5d9dc0096
torus.out0.01672.h5	85a197a041379b3fa8825db4ab726fc9
torus.out0.01673.h5	28930ccd703fa62fff476ff4bc8136fb
torus.out0.01674.h5	0f194945987648c5b6703c96b903cabe
torus.out0.01675.h5	296cbee835e2ca047720f65b33402693
torus.out0.01676.h5	4c768f10455e06c5e8ec4ad3d08c01bb
torus.out0.01677.h5	d601b0333b68c28b8c34200c2fb9ecf4
torus.out0.01678.h5	25210e3f8eb26e351d3e2f8071444e11
torus.out0.01679.h5	0fcf6a80f7423b647c279b9702fac975
torus.out0.01680.h5	8f3f9016e1d4121b74803f35367ab6dd
torus.out0.01681.h5	478a4b069c2dae52d70ef47afea90307
torus.out0.01682.h5	41051190551328aaaca5373b662842f9
torus.out0.01683.h5	0a45eeefb969461fc444f42485740477
torus.out0.01684.h5	320a9abe0a2ed7978d12985b233c2100
torus.out0.01685.h5	22a49ae150c477e7cb0cfceb85ec5d85
torus.out0.01686.h5	5bc06cf94c46ffcbe5721c0c14a103c0
torus.out0.01687.h5	0273432c708bce8e3ed408c946e97d8e
torus.out0.01688.h5	f4b9c82af65adc65ceb9fb15b6cb97e1
torus.out0.01689.h5	5334a3d765ca7305d4db3e3fae948254
torus.out0.01690.h5	a59b6a4f11629925c8c0f1ad1eb6bd56
torus.out0.01691.h5	44d737d96bf28cbd6f755af431f37ddf
torus.out0.01692.h5	5adc9b3224e63c890a407ae9c92e3b57
torus.out0.01693.h5	756af9207f8fdd78d8c9e78bf6e949b5
torus.out0.01694.h5	32870df3e4185f0782c06cbacbc7f998
torus.out0.01695.h5	ff8787b7c5c97fd7fd7db3ebbf7104a2
torus.out0.01696.h5	54f8de4619a357c34b0ad18604906107
torus.out0.01697.h5	f91fca3761a5428671cef1350b747673
torus.out0.01698.h5	94a7c1dc30396b1fff15497fd5c31290
torus.out0.01699.h5	9269a6804ee60f22927f08d907ad9cab
torus.out0.01700.h5	f20be499b44aede414b2ec739c1b1bf8
torus.out0.01701.h5	04f2dd0f4832e97057acb694b703c559
torus.out0.01702.h5	c525c8c3964110c5a896faa501ea288a
torus.out0.01703.h5	fca430e0d412f2a83bf0b6affa4d0b34
torus.out0.01704.h5	278918f6a02924935e5e99872ff66a1d
torus.out0.01705.h5	cd11b5417deabfad7da7e03b33e402e4
torus.out0.01706.h5	a3cb789abc7b37214ec2f1e0a94ba5c6
torus.out0.01707.h5	24842b44d3bad209dc0fa10415a05146
torus.out0.01708.h5	1ede25672ff55c7ec8ec82d00384415a
torus.out0.01709.h5	2ed1cb000348fbca1bb20d1bb50bdc17
torus.out0.01710.h5	3bc9e4033714a81dfaa55977f6f9d7f5
torus.out0.01711.h5	eeabccd0d33e53a5abb4b668aec893f2
torus.out0.01712.h5	0e967af5d6fbd6b19d622087f937f564
torus.out0.01713.h5	64d257b36d7581621b783193886507e3
torus.out0.01714.h5	598973a917626118d0bd2b1f0d773acf
torus.out0.01715.h5	c5e87b21b7f5544cac8896e3f7e1c502
torus.out0.01716.h5	04d46968114b24016b3c331c29ad5070
torus.out0.01717.h5	cd79a6ef90a8de51a96155d3c7e9e290
torus.out0.01718.h5	2da5b3c4a9f1e43f131a5d8057fe15f0
torus.out0.01719.h5	27aade6280c74ec2c40bea0fe8b3dbe8
torus.out0.01720.h5	39568434d00d28c6ce085fb8d5bf8616
torus.out0.01721.h5	630512ed897d271600c52ad464284e21
torus.out0.01722.h5	18ff02adf59bbba73d113a780759f417
torus.out0.01723.h5	de7e6c8ea29ef8a7321034aca37c8866
torus.out0.01724.h5	5f79beaca3fe3753ad9cd0b0cca54436
torus.out0.01725.h5	7989d50e20b5682313ca967bfed8eebf
torus.out0.01726.h5	36566787fa3703098b4309ff90d56c28
torus.out0.01727.h5	624946b9e76b2444e0487315288df0fa
torus.out0.01728.h5	4d31f8ca65c65c9ad2ca8dd5dce4c415
torus.out0.01729.h5	789a39066962ad5fa88ef7d8846abb06
torus.out0.01730.h5	4b6d2b4145df9a08606cf8acacdaab30
torus.out0.01731.h5	37db1123e1104f3938697b9bd6ae07b9
torus.out0.01732.h5	398fc80bd88224b50ce8d6d916eeb654
torus.out0.01733.h5	7a040bb00981c105f6e947e612dcdb19
torus.out0.01734.h5	a7fdd88c5f5db2bd4b5fd13d1bb5ce06
torus.out0.01735.h5	4a989c1875c1e2bf3531225faa2937e7
torus.out0.01736.h5	d9535528fb6a625a4aa6911697463d9d
torus.out0.01737.h5	1952b9e98dbe33f8eac0d48a385d30e5
torus.out0.01738.h5	b9af17a40ad2c6fdbe4eeaede9ad1a8a
torus.out0.01739.h5	1aaf5290c4c1f6edc519c12fcbe64447
torus.out0.01740.h5	7e49bf0cd6d25a54cd7f157587d1436d
torus.out0.01741.h5	2992153f7601ada6df7df96e582b7aaa
torus.out0.01742.h5	8c698f96a187f834ee906a181e52ea70
torus.out0.01743.h5	3a3843cd5920c60fde44659d71667a0b
torus.out0.01744.h5	206e13c3dda115cb5a0714cc5a765087
torus.out0.01745.h5	e90f602f00876c64869974ef5a4867a3
torus.out0.01746.h5	2edcb979cd7c6203960f1495da067e54
torus.out0.01747.h5	9f582ac874a1ded9fe86b17a30f40da4
torus.out0.01748.h5	99d90f452fde771c15f267e202300c3a
torus.out0.01749.h5	03a422ac922ca0555a1191163066121d
torus.out0.01750.h5	534bb86879a849281b2f7f81c6c8b4de
torus.out0.01751.h5	ef58c1ff3755d83cdc77617eb50eb1ec
torus.out0.01752.h5	4c65cae104ff68d28335e64580f99c94
torus.out0.01753.h5	befc597e6d59279f611e8f06ae9aac22
torus.out0.01754.h5	3d076f5984bac451d2073874628aa463
torus.out0.01755.h5	0dd2af9864d55a3a0bf85a5b28afa578
torus.out0.01756.h5	a4b7bc8f2a3f44ce7017b1b5065b685e
torus.out0.01757.h5	a91a220ea5e172fbfdb9b25608dd5af9
torus.out0.01758.h5	01f5e85b8d6aea3658baa3bf942c7c13
torus.out0.01759.h5	b53402de4d17a5676435fabef53d1c32
torus.out0.01760.h5	0502a7004fa999dac575658c11115d03
torus.out0.01761.h5	98d4a8577751dad04b1fc21fbd295f35
torus.out0.01762.h5	1002db524e7ed2a2900118629a61c506
torus.out0.01763.h5	899353f859f1eda59b3fad8bf2310118
torus.out0.01764.h5	74a1ff4a21be6bc79382515592cc0064
torus.out0.01765.h5	979c9592ff1163977673e6ee84e42c80
torus.out0.01766.h5	55aa1949e1b075aef37695ca82387caa
torus.out0.01767.h5	6eaafdcce6082a46e88521b6f9b538bd
torus.out0.01768.h5	2bf61bdd51dee170de3bf589e0d83b8a
torus.out0.01769.h5	ec6009f1f8a46ce998e8753bbdd208b9
torus.out0.01770.h5	7ec683f7bc441d55d1bd3d845703d47d
torus.out0.01771.h5	fa3bf27c9987cebe71eacec9e71cb38d
torus.out0.01772.h5	5f5bed41a07a868aa70de800704dfbb5
torus.out0.01773.h5	f3ed5783677ae6e62dfe7472ca0499dc
torus.out0.01774.h5	7adedebcbca626446ff160e50dd86dfc
torus.out0.01775.h5	22459f9e4a9e52dac1c90c17cfd08274
torus.out0.01776.h5	8b200e81d2596871e1cfef688d4f5107
torus.out0.01777.h5	45bce3353ca1e31944727e1ceb0f18dc
torus.out0.01778.h5	8ae7ea33dcc8564fae8ffd35473d2b51
torus.out0.01779.h5	37b7b32d5e264b49cfae5ef79de5f689
torus.out0.01780.h5	766f7eebfaccbc3bbcc5911663d6e147
torus.out0.01781.h5	fb91ae4dfa41a5eaefee041e285198d8
torus.out0.01782.h5	c6296ad68796b60cde05ed693d26dc24
torus.out0.01783.h5	e9cfedae9a04b5202c6718a0175ce63f
torus.out0.01784.h5	b05f53e5054876350c3fee8a84787f28
torus.out0.01785.h5	16e8e61f5102db53d62b31bee7924914
torus.out0.01786.h5	82bf09e04900e6f199bfe481a328c3f8
torus.out0.01787.h5	e1421219599f159d337066851a2774f9
torus.out0.01788.h5	4097f337df18e85e37b06661d22f9868
torus.out0.01789.h5	80fa7d27fc9f7024c185fe726a6be305
torus.out0.01790.h5	cfeca8fe9b9d0de2500717b83a6a150c
torus.out0.01791.h5	dc81cacf7c247f3bf7b85b22f15f1256
torus.out0.01792.h5	6cee983504647f2b93b9e51d487430a7
torus.out0.01793.h5	e14434c4a4e4a4ea9fec3e4838bcd088
torus.out0.01794.h5	028cd8444029d5487d150d00cd62bdcb
torus.out0.01795.h5	053e6790eb938de7c81a7eb4e27fb816
torus.out0.01796.h5	d920928f8ef05d1e460459bb15aef529
torus.out0.01797.h5	4da7979d0b683f12fb89b445015e3679
torus.out0.01798.h5	150b017f8bb195d6fe8fc0692efd9da2
torus.out0.01799.h5	ab30781346482e84dde471a3f380e82a
torus.out0.01800.h5	2f0799c3778254536b0cd6441f41fdc6
torus.out0.01801.h5	c1ba87dedb89c52ff80033e5f1af3f0a
torus.out0.01802.h5	55e113da1ba7b105153c0a8309464150
torus.out0.01803.h5	3b64e61bccfe0edb872499be18ef9aac
torus.out0.01804.h5	a45efc26e2caf9f91aeda88aa96e4fdf
torus.out0.01805.h5	bd241855b8171828489b0d0c1bcc523a
torus.out0.01806.h5	0ece1f73cf6a78922323b2eada99eb98
torus.out0.01807.h5	f1682e4f707433eb800a7ebafd3fd03d
torus.out0.01808.h5	c93cfb51de8575527debeb1ce58b9c6f
torus.out0.01809.h5	f42c5931e19c3a2cdf25c9e5d6790d8b
torus.out0.01810.h5	f4948b1aeb61b8642a927ebd3c40bd77
torus.out0.01811.h5	026139d6257d69574b34d647385f127b
torus.out0.01812.h5	7de30f6ca5b05695fa7f87f5d1c55a44
torus.out0.01813.h5	41505b787ae8c6f50e15ec06f9ba7cd5
torus.out0.01814.h5	16e864c4f02d62b496ab9af997947019
torus.out0.01815.h5	3b903f39281152e9690f1db7dd1cc390
torus.out0.01816.h5	8070d5abf2884debfe8b9434ba5aa604
torus.out0.01817.h5	d39868651b2d029fdf63a6ee9018b0ac
torus.out0.01818.h5	a2985b723b328e768a01e48f23bae0a8
torus.out0.01819.h5	01414679de0631aa763a1fc9ad7a76a0
torus.out0.01820.h5	3df9e06fb293698496ab84f997260d13
torus.out0.01821.h5	30523381e95bf15b2324e3e46558ce6e
torus.out0.01822.h5	03003db7f72a9b034d6e6dee8881d6aa
torus.out0.01823.h5	9dd051ef5318cf6f2a800d58d0c0f259
torus.out0.01824.h5	5008bbf5f22f6fb616817c84fc2f694a
torus.out0.01825.h5	4429c6da0e935fe17f153de5553ec776
torus.out0.01826.h5	e85aeb509cc33e3cfb3905f63f7aab1c
torus.out0.01827.h5	2b22be8ead6fc0ee037a150507f841c2
torus.out0.01828.h5	e0e3981c831308321d8107a5ef7e09fa
torus.out0.01829.h5	b858027806d54027efdc29910305c15b
torus.out0.01830.h5	8c2140ab0162da26e8f70ca091042232
torus.out0.01831.h5	e7e079ba324b3e3210df94ced971aa53
torus.out0.01832.h5	637ba6c31dd320155f619691d03b3df0
torus.out0.01833.h5	fd5c1e00ef13b30ee0da7e3746f5da12
torus.out0.01834.h5	ffc3525a67ac233b6f83f53a26b7dc61
torus.out0.01835.h5	79acc0a5824df384374e19027d7bf3af
torus.out0.01836.h5	f7860d43d7184f8620907e72969ee935
torus.out0.01837.h5	c34a04215dd82cb009d0bc41c2a22736
torus.out0.01838.h5	62d0b203d4445d8bd3980cdc7ddf62e0
torus.out0.01839.h5	0a4a7f91b261a6a7e1efd109387f3d86
torus.out0.01840.h5	b4f2d1f633ec2c7bed08f09c89a4b5ee
torus.out0.01841.h5	c24cd8cd8bb0843c1b43482c15c2c834
torus.out0.01842.h5	6ccee3d905ace6730290b8534a57385b
torus.out0.01843.h5	c73a69b6a671c9c0ca17f954d59beb0b
torus.out0.01844.h5	aa88e680dba6425e1f6f0396c220a766
torus.out0.01845.h5	16d8d0ca4948a9622f709bf37a5f3597
torus.out0.01846.h5	175e6e52e907407105d284d9bb7a1629
torus.out0.01847.h5	da22699e1ac9b45d750d7d6b86175b20
torus.out0.01848.h5	0ee7f5b44488cfe6bf853a6cabab1b3a
torus.out0.01849.h5	bf80fe13ec8377f038bd47751190b2b3
torus.out0.01850.h5	c85726df8e37bedbc87f24eae77ea93d
torus.out0.01851.h5	04359cf920bfcef7d2d1a340304c0cec
torus.out0.01852.h5	fcb9f6cb3fe79aabdf6b7ea0d1bb96c4
torus.out0.01853.h5	fe3cf341f96f0a8a32831be769ced384
torus.out0.01854.h5	c27cbca444045ac647a2127e633955c9
torus.out0.01855.h5	311c5773fb450491c8ab437062e443d5
torus.out0.01856.h5	7ac0cdf8920889afa8aff489810b40bb
torus.out0.01857.h5	6cdef4d28e7034b23b9ab1d45fc1bda9
torus.out0.01858.h5	52f4c9a19c9665f03f4cfcf555c9aae5
torus.out0.01859.h5	cdb99d732af5d398c5d93f83b4e346c4
torus.out0.01860.h5	c67b8188829313e746ee53ca13dc1a94
torus.out0.01861.h5	4957875c913c0df043c7fbf9fc5d3d4b
torus.out0.01862.h5	b08616ce48f330bf28ac8d4bd71a478b
torus.out0.01863.h5	970ac66167fe59c700d60f93a0781611
torus.out0.01864.h5	966ec744a7bc7152fd23f03dc42733f2
torus.out0.01865.h5	b94482978fa8d2cc309c35207bc2c1ad
torus.out0.01866.h5	4174df43b16b5e047b15261cd92ccfa0
torus.out0.01867.h5	4200f8270a75b3c54aba263e3a6a98cf
torus.out0.01868.h5	de4a52e4a2b825cdce057bc4394be0fb
torus.out0.01869.h5	78621b1d430974ef55bfdf7a785a72c0
torus.out0.01870.h5	a0d9f6cbd0157e3fe942e1c4467e9985
torus.out0.01871.h5	c2c271985e0d8f2fa8a9a45f97dc1393
torus.out0.01872.h5	3929d7654b49440be3c1a8b2c862dd6c
torus.out0.01873.h5	d7fbc637d8ee908d10a53cdefea819b2
torus.out0.01874.h5	9529e248e3949f68271ab9b1af03249e
torus.out0.01875.h5	2ba5c2a9eaedb8559640032c57a34ead
torus.out0.01876.h5	568af99a9ae928a79e2a845ddb8ba9a3
torus.out0.01877.h5	80bf4d41f28c9f106796cb6707f75d39
torus.out0.01878.h5	0857e9a7aa2d6431cf5b11b21bc0c30f
torus.out0.01879.h5	d39c6466c6443d0f8621aec34ddec3d8
torus.out0.01880.h5	c02dc461922c84d3ebe03be128ad83be
torus.out0.01881.h5	7444bb6114dda0ae7529e23a02d9b38f
torus.out0.01882.h5	0749c081cee8b16eebf868b1f4bcc99f
torus.out0.01883.h5	d2bd21d13684149e1b33a37fe1897dcb
torus.out0.01884.h5	098695a4fcce80d154bd88d258832658
torus.out0.01885.h5	0200ee986df239ef6caebbc551a7d22a
torus.out0.01886.h5	fad906511352010d341c25af6b6becda
torus.out0.01887.h5	cb54b6326ac9f0c778c66c01940a23ce
torus.out0.01888.h5	6e2cde1920c9fec0732cdbb3cd3f5394
torus.out0.01889.h5	538e177c412d447031bf9df815da71e5
torus.out0.01890.h5	3a361a6a697ed2262e1938e83684d844
torus.out0.01891.h5	44dd527bef07fafd164c6425615d4aa4
torus.out0.01892.h5	24e7844f72b57207c153f3d03ec88c8c
torus.out0.01893.h5	2b7fe0b28425526c859599e639a12ba0
torus.out0.01894.h5	686b93f98d3d4b2af84563d85b7801bc
torus.out0.01895.h5	0ba74e601545d69590ee55bc37549773
torus.out0.01896.h5	d0a68f270805965a90931b346164ae25
torus.out0.01897.h5	672134c03d5b8788fcfa955d355157d3
torus.out0.01898.h5	ea76713a0b615f8ed27ae1f556aa592b
torus.out0.01899.h5	722cffa23f1f294ba57d5c3b552c9bc0
torus.out0.01900.h5	706acc19d714e09920c00ba707e02c45
torus.out0.01901.h5	c832b773fdfdc1431a02ba98c93ca464
torus.out0.01902.h5	b49d821b93dd5001cc998619b331ab35
torus.out0.01903.h5	9e52b615581a3341578a05873a0fe444
torus.out0.01904.h5	7f4d2afcdf8ae081b0e65a2a03d547a4
torus.out0.01905.h5	ecba917f99255994aef3ab6510dd6ef0
torus.out0.01906.h5	109a065efd5732ba0ecb11d922bf56c7
torus.out0.01907.h5	e226dccfd0e93bed78c249f11f08239d
torus.out0.01908.h5	4480ea0aabc7ac13ee189055ba0dbc21
torus.out0.01909.h5	3b2ff15e5e22eebfb65bf0aa26cb6429
torus.out0.01910.h5	96d4a542d2df42a78f633add82ec7ff8
torus.out0.01911.h5	112ee9d0009e97547988708c718bc29f
torus.out0.01912.h5	ce767880b5b8b59e0ca2e6ec50be7f6f
torus.out0.01913.h5	d2386cce3cd01e26df24aac324b56900
torus.out0.01914.h5	45252901acf11fe87055a833fc12b293
torus.out0.01915.h5	81f66916720e0af2b24240544a1208af
torus.out0.01916.h5	c658106a9cbc074c086af5aa11b89bd5
torus.out0.01917.h5	1c3c84b651494703d15f8a3c040b53d1
torus.out0.01918.h5	cd2f5e666e66e94023bd15ca85d75fc4
torus.out0.01919.h5	bea5e412a7c0ebf762e506db4126c0c3
torus.out0.01920.h5	a2e514170a187ee4aa573bba49f0ab6d
torus.out0.01921.h5	fe42a2888cb9e3db801ece764e8fa8b1
torus.out0.01922.h5	f2d0cca500758498fc4334476c3d79d5
torus.out0.01923.h5	2eeedb8734d4f5562fd08d9eabc9d65a
torus.out0.01924.h5	b1284fa3a01286ce0e924bd35729da83
torus.out0.01925.h5	7959b75c7b49094d95fcc9acf0d95fe9
torus.out0.01926.h5	61b38ab9484c854f43c34bc25785c292
torus.out0.01927.h5	a1257b806492a7bc04396ed2ea7005d7
torus.out0.01928.h5	76ad5c525191e884181db5309e2c0908
torus.out0.01929.h5	43274d2282e1804fa99113de1c38cb7d
torus.out0.01930.h5	bff0d63342f91ab3078dfeb153584fe3
torus.out0.01931.h5	079dbca867c00c1b60c14f163cee3994
torus.out0.01932.h5	bacd668461a71aa8841d1a91e1307cd8
torus.out0.01933.h5	9e5a9dd7726967bb1881025132d4fd9c
torus.out0.01934.h5	11a8efef45f2362752e7e094f3255ed9
torus.out0.01935.h5	2738dce7d6d93a088d72b99bfdfbbfd8
torus.out0.01936.h5	659274ea90caf9132f7aad41b55d18d8
torus.out0.01937.h5	1d86ff6f669846a1307cc9604dc5fbac
torus.out0.01938.h5	06de020bc2e0a6048ee54a11e90d3994
torus.out0.01939.h5	4199df0087651a448648e3596485b9e1
torus.out0.01940.h5	ad08e30ba493cfb94e3b9c0ed714629f
torus.out0.01941.h5	4b23d5c8f17cb0bfac9ab5558dc5f4b9
torus.out0.01942.h5	3c8b73f282f256231507d77bb40c7073
torus.out0.01943.h5	aecd5858b08216ebe119c2550d8d24b4
torus.out0.01944.h5	0e364e255f368d22613f06e1a1ea5d8a
torus.out0.01945.h5	ca775b4baea0355b2573f4bee494ad03
torus.out0.01946.h5	4f5f83399fda359de84e79faf7788956
torus.out0.01947.h5	dc1c59480404744d1780f7c62e167ae3
torus.out0.01948.h5	2516719420ba199e4ca2631693d57521
torus.out0.01949.h5	7fd6fb15753650b1eda260ac476e7a15
torus.out0.01950.h5	5b6ea9041e4bf30fdd0ac507649a6df7
torus.out0.01951.h5	7572217263d5f88da4bd41a862b15421
torus.out0.01952.h5	152d3dfeadb6c7cac011a2ce54984303
torus.out0.01953.h5	3ae3a143c660f9fea9123dea3b545495
torus.out0.01954.h5	fcd27139ed84fe79d8cc35b416e55d75
torus.out0.01955.h5	84e83672fb53f234aea0f44debcec473
torus.out0.01956.h5	aac5877a8be21979e72072f2af35d96e
torus.out0.01957.h5	2fffd24b8459a568c2c7b61951fff5df
torus.out0.01958.h5	0b2ff13a3e47be81774f6aff8229ccc8
torus.out0.01959.h5	59df2c8afe16ea473e1c95d8326840d8
torus.out0.01960.h5	5eeba9f60a2b4379c8a4370b5a042b73
torus.out0.01961.h5	34c68662ab150e569a02dffb400f5ed6
torus.out0.01962.h5	5ec56969dc284068428678098890f595
torus.out0.01963.h5	1eb95ebee2a4c3a29b8c62559e594825
torus.out0.01964.h5	95f11ccdfb083d9cd210fc714de18257
torus.out0.01965.h5	54744a55e13d7f61ea9e5b196ce78698
torus.out0.01966.h5	5b6b34d625d4dabadfab523dc7b03c47
torus.out0.01967.h5	b247c8ac8b1876edbbe750f244be7974
torus.out0.01968.h5	95e6421d34d0abae9918604ce4e9d039
torus.out0.01969.h5	cacf7094238e93cf64517a6ad00b9e2a
torus.out0.01970.h5	495e119b129663c9ad9decf3a9306ea1
torus.out0.01971.h5	6feff1e1344a7e68a0e5f9a20350406c
torus.out0.01972.h5	2095addf5027612216f595e364eb3c00
torus.out0.01973.h5	edc41b26955b51c64beb1accc9b34637
torus.out0.01974.h5	a4e03a3d98e9471bc04e8d663758cfef
torus.out0.01975.h5	8f1a39e3285e52cae8161a0034624ceb
torus.out0.01976.h5	e0be8c5f6abd50bb7571a8df92bc96c3
torus.out0.01977.h5	2e454ee9cec7153b13700517ef17e053
torus.out0.01978.h5	abd3a7f792f7f01c8e8d753e4137cb9a
torus.out0.01979.h5	3d9bda11c977a93eaae2943bddc7f861
torus.out0.01980.h5	60d51ae2c65c346a9a9b67b6173bd702
torus.out0.01981.h5	c0c65046cdfd6b76cb2d97fa169ae399
torus.out0.01982.h5	0dcb609c6c62ee4996d86b5017095914
torus.out0.01983.h5	a018745efaa95c2eaf150ecd36fc19ba
torus.out0.01984.h5	8b043b0ce40983d6710899163a7d890a
torus.out0.01985.h5	79f970ef72741a2309b1ec5598019dc5
torus.out0.01986.h5	994221130a8572272c8a7604b9e8720a
torus.out0.01987.h5	0071dcbcbb9fae29b903d68f365ecbfe
torus.out0.01988.h5	cf255999aa120db83887bdb85d247a21
torus.out0.01989.h5	d0b06d188d5555697a63bb9dea13caa1
torus.out0.01990.h5	c4ae11ff534c067aa1292ec00648b831
torus.out0.01991.h5	3ad2ede78fd0a9074e2e6bf350a0935f
torus.out0.01992.h5	029d1b2c9161032773bbedc3dff1b310
torus.out0.01993.h5	956e852b9e1b6747b2a192407e85f458
torus.out0.01994.h5	640fd94792bc0118e7d2f91c62b74d88
torus.out0.01995.h5	b64e86bfdae4c1fa58a877adbb1be212
torus.out0.01996.h5	4c3f57a90f9c041c5b5c13cea24a5d8c
torus.out0.01997.h5	6b6a3f58a18080e1a1f570ba618c06a1
torus.out0.01998.h5	1ac05533f89fac423b66b5a595691850
torus.out0.01999.h5	47eb85d46ae14120bbc5cf78908a4ed3
