torus.out0.05000.h5	5aeafc0fd69535ba2885b69397c71bc3
torus.out0.05001.h5	c05403f2ad435e8fba38d2be76eb9893
torus.out0.05002.h5	c8735f00ea74a5345dae202e7c6d0bac
torus.out0.05003.h5	7ec929640a6b69e06e72c41b61cd77dc
torus.out0.05004.h5	8848ab5e7ef168e13f6d6df8c31db966
torus.out0.05005.h5	3da63afeaf8355e968b8b2957e4336fc
torus.out0.05006.h5	1b7787073504a6d9983fe74553541989
torus.out0.05007.h5	779270198f79a6e72d9d4c266c0c9f1b
torus.out0.05008.h5	0f874b0a64b70260dd4469a6af8bb628
torus.out0.05009.h5	5c59a6a79221bab205a3c8ee8581b2cd
torus.out0.05010.h5	c850d8817c4ce2b172e89a1f295404c4
torus.out0.05011.h5	85026777fc99007fab9a5ef6de2999c2
torus.out0.05012.h5	8713d4ada9c6e5c266cbd3fa80b832e6
torus.out0.05013.h5	b4e4876bf78886cfce5173276d15b91f
torus.out0.05014.h5	e2ae0492082b320aad4e9c6cbb29aaf2
torus.out0.05015.h5	c256b32d4283cd0328169d783bdcf866
torus.out0.05016.h5	1a284789ab7adab504872bb6ae097a86
torus.out0.05017.h5	9e331fbf5804bd70dd6834bc06f558ee
torus.out0.05018.h5	841720481f753f3c2e604ed099c48579
torus.out0.05019.h5	5193a6658faeb296914311385ee56949
torus.out0.05020.h5	47142f3d3f3ff19c03eaeb70863cc19d
torus.out0.05021.h5	cfca4299cebd089e66cda9a796035d14
torus.out0.05022.h5	02ca377b2e88763e4d01bd6eaf0e4787
torus.out0.05023.h5	c44ad9a8ec04a29db31d6eedd8ccd298
torus.out0.05024.h5	e86efc377ebadef509606c4a3a913fdb
torus.out0.05025.h5	79cc8d3d2b1ad23c1fd9f5773cb7ccf9
torus.out0.05026.h5	b5413cc9ae2781a10c7c3de3e9dec1d5
torus.out0.05027.h5	cf24f5e1d824d28544f727fc9da52e6a
torus.out0.05028.h5	3b6e6e8205b4af46529bd010e3ccb4e9
torus.out0.05029.h5	dca8b2e5f8cfd3c29f6631b95169b8dc
torus.out0.05030.h5	3bfe4de506d3dbc4a5cb47cb2d834b61
torus.out0.05031.h5	0f0cfde4a309929ca4726a8947d33a6e
torus.out0.05032.h5	59ff20007c08d6a42379750afea3ebb0
torus.out0.05033.h5	0cfaa55a25a0a159931e0e003484131b
torus.out0.05034.h5	55f854fc3c66df6528a7514fec5e066c
torus.out0.05035.h5	8e86c10b8d657d50890d77509909bf47
torus.out0.05036.h5	d8194cdde88fc7e8a9abde6e66c799c6
torus.out0.05037.h5	6add3967661fcb356ef8ec79a3f83448
torus.out0.05038.h5	d7870050a5ef9eca036615c350e78575
torus.out0.05039.h5	a6fc56625bdcc8fa511fa492d17e8e98
torus.out0.05040.h5	50992b56b3392fcf9f1aef5fdf02fd54
torus.out0.05041.h5	c658f5812c0754b174b18eb5c2d776da
torus.out0.05042.h5	842a63a7847ae3848f844d4a7b497770
torus.out0.05043.h5	17381a212c2595ba69697e07cb529b4f
torus.out0.05044.h5	f56222ed91813387cb3455b8f9e094ce
torus.out0.05045.h5	33e88bb6dd0a7de5ccb82cdb6019da62
torus.out0.05046.h5	843db9d0bb6858f0a9d1bfe5b0f7b7e1
torus.out0.05047.h5	903f03296a8c7904460c3cf138823412
torus.out0.05048.h5	0a404335843f09ca0b05a49b199c01d2
torus.out0.05049.h5	df126c84a54788091141bfbab423ed12
torus.out0.05050.h5	81237935ec483f6e8ee9ecb37d1ef62d
torus.out0.05051.h5	24356d092bad0e190a148760cf0b792d
torus.out0.05052.h5	cd7d81415c8693e92baf8130cede25a3
torus.out0.05053.h5	06ba8be7850a7e7e76884c3610bd0803
torus.out0.05054.h5	bd52cee45b98c9e349ebb31ab912d6ad
torus.out0.05055.h5	1694e76ba771b676d61add66af0830f9
torus.out0.05056.h5	04d7ed615036cd67a85ae57241dd4b5c
torus.out0.05057.h5	95bccab53a3baad231aef65e66a139b7
torus.out0.05058.h5	063d725f791877c279cf4775736b5e67
torus.out0.05059.h5	b43b8ad5202b1889c5ef6c1d75bdd3b4
torus.out0.05060.h5	2a3df4950ab453382c5732d755310ffa
torus.out0.05061.h5	e59fac782ccac323c4423ddfc0dc2bf1
torus.out0.05062.h5	ff25c04558a5a6b9e0de835d2fd079dc
torus.out0.05063.h5	414245fd52a30f9ba3a3c58bf2bb9a52
torus.out0.05064.h5	645263e12f1107d6d590fb075eee40f4
torus.out0.05065.h5	f7c801abe3681e003311a4b0e5fa9632
torus.out0.05066.h5	44c954d1e6a11979a450034ed65747d1
torus.out0.05067.h5	c8f0787e98c69b133b587160721947b6
torus.out0.05068.h5	670fbd9563a60498500cb06bb7ccb44a
torus.out0.05069.h5	fc57adf91ded771be69e371e4266bde6
torus.out0.05070.h5	b487cde889ef65751db8e96c99bbefd4
torus.out0.05071.h5	723ac0c671b705e00ccef3467a8b54be
torus.out0.05072.h5	cd4b2f76aa05f367f87d0998e3b4dfcf
torus.out0.05073.h5	1e363c7812f2abaad62bf6f008e1e972
torus.out0.05074.h5	e2ebb3eeef68fbe92babadc2935ee886
torus.out0.05075.h5	c82e849f0706adf35e19dfa5e8a408d6
torus.out0.05076.h5	85d6df7317938f104fe559bc950e9f98
torus.out0.05077.h5	e4b97ee90340a110bdada58bcd5cb4cd
torus.out0.05078.h5	199f0673ad217631d5ab5bf8f6ef5f9b
torus.out0.05079.h5	0db8022aa81d7eafb5ceecc3292e4d36
torus.out0.05080.h5	e782b9689ad87391707dee663358c3ce
torus.out0.05081.h5	ab526d997a4bf9cef493a9035f9b8067
torus.out0.05082.h5	384f749e81c77aa86596f66849c3c205
torus.out0.05083.h5	666afaa1c2a728f113ce918535c748f0
torus.out0.05084.h5	d63fa2b4721117260ffe7b75ed9a60d2
torus.out0.05085.h5	65d6b43e25d834d646eb4f7b81903820
torus.out0.05086.h5	89d4fa5b5033ba088bba6622311d3581
torus.out0.05087.h5	f2389ce241b4d00004e99a5ee7d99902
torus.out0.05088.h5	2af33b2d4519546088a5c3f5d2ffae04
torus.out0.05089.h5	f82ee7f07120f95303ba72dae7c73ad3
torus.out0.05090.h5	80627f6519123f291442b64a3b2ea77a
torus.out0.05091.h5	f03bf2c1a200086f7a4ff5a59dc502a2
torus.out0.05092.h5	1c5aaab391476557590afb5c30cfa65c
torus.out0.05093.h5	96b93313db41c13ea76e78b68bab1982
torus.out0.05094.h5	d2df9dfa69436490562ea4a2249e1b4a
torus.out0.05095.h5	e4f893d6ccf8cc910e018f6882fe857c
torus.out0.05096.h5	79edfab590cfe2eb45cc27d0005df3c0
torus.out0.05097.h5	2c5186f9339b182ceb3a5b89144db7c4
torus.out0.05098.h5	547e866a869e69e0550e6d9283bbe556
torus.out0.05099.h5	6105e89145c28369c05a4c90ca2f4638
torus.out0.05100.h5	69e576adb01100d2d51edd5cadf756da
torus.out0.05101.h5	1f951ef5adbfb7e4877d2eb3a3909ab3
torus.out0.05102.h5	6204b56961340352e3dfb4c0609085f0
torus.out0.05103.h5	18ee365cbbdf1439b5a2730c01dea86f
torus.out0.05104.h5	92ea7c52c4a469db9e38e786dda47909
torus.out0.05105.h5	a5db01c4c8bf3909f24bfb336c162729
torus.out0.05106.h5	c4ad3e6e2505c8fd69f49cc511045149
torus.out0.05107.h5	94f755bf34e10a9b71b7f82cd820b875
torus.out0.05108.h5	40556583dc3682d8b5f4524efab5b272
torus.out0.05109.h5	50b6fbc461f365159577948437d6ddae
torus.out0.05110.h5	4dbfc0170707ad7d343dedb486a469d9
torus.out0.05111.h5	21fefeabbcae674b428fb120717fdc87
torus.out0.05112.h5	d2f5ee3db88052ea6733f7defb51a793
torus.out0.05113.h5	df5715e197616f9bfc0b57ba7a3f0b62
torus.out0.05114.h5	7c11c52f73916d6ddbff01f075ac0523
torus.out0.05115.h5	3a25714ae7267f06d1729ad8e39986f3
torus.out0.05116.h5	145164805e1ac2f11f2a396ab27219d4
torus.out0.05117.h5	7fb3ba9d2ea8689acacf1b6121bec918
torus.out0.05118.h5	99442e66652267f09a0f100206cb02e8
torus.out0.05119.h5	281a261dea9446870dca8f2ec067ff9b
torus.out0.05120.h5	b7a543d07b6990c09c85a00bba26538d
torus.out0.05121.h5	3c2e942d0eb5e579c3cb8905de983ecd
torus.out0.05122.h5	2ad8edc8740362d0528c1c927e5bf61e
torus.out0.05123.h5	774e1ebe39ffbb36f911efa039a5b472
torus.out0.05124.h5	57f981fb51c2818f7a3acacbb453621e
torus.out0.05125.h5	1d6a6ec9cc728ce4e42f91f1f8dc05c3
torus.out0.05126.h5	4e22d99edca26cc7ed4e6ca321f22c67
torus.out0.05127.h5	35fa200f10c47669c3962ae58addffa4
torus.out0.05128.h5	bfd05d9bd18a5e8b83d5919991c2037f
torus.out0.05129.h5	81251798fbb4548ffb4301c50ea09727
torus.out0.05130.h5	2d8538bc777b355ae01eee581f43d5ed
torus.out0.05131.h5	eb779dc78ffdb98e753cab9978da7bc6
torus.out0.05132.h5	2c29dc85ef46e68acef501daae1c5c2a
torus.out0.05133.h5	b27b05257fd2515dddcc2ded96f17a78
torus.out0.05134.h5	78b56a13d4079151d3503ed84b7b7a4f
torus.out0.05135.h5	9907745534028981f8caf39e76f508bd
torus.out0.05136.h5	c04bc3efde601d1314fc969dce884218
torus.out0.05137.h5	6e366c9e2c26df86ecd4ee095cdef71b
torus.out0.05138.h5	5cbf6fe45eef134561af6b4cfdcdf24d
torus.out0.05139.h5	736c350b2402a568f74fc68c7c12c09b
torus.out0.05140.h5	e6642bbde0f1423ea3e93b7025605b14
torus.out0.05141.h5	afbfe373f6490dc055080266519cb12b
torus.out0.05142.h5	03d0382ae5d0bfab3a47036815f1fe43
torus.out0.05143.h5	b42ffb21afc9e1893c2042846d0c7777
torus.out0.05144.h5	0d6e16c3598e257a4e00b57628c24aeb
torus.out0.05145.h5	888d52483a0472ead91b03236232dc18
torus.out0.05146.h5	3910b3e872e15da974d4fe9ddc4d4399
torus.out0.05147.h5	5825500edca5c2aaa6d129c38de25c88
torus.out0.05148.h5	798d3783c6890a575374d54f3a02a320
torus.out0.05149.h5	960bb39d24f78515cd9f883276815e00
torus.out0.05150.h5	d61178c8a8b701497160ac4193e809b6
torus.out0.05151.h5	1ca40b7aacf1ee50ba4c407706f05959
torus.out0.05152.h5	75a16caad8f86174cea35226f488cc2e
torus.out0.05153.h5	91b98663b9f67de0d0797e348bf87d17
torus.out0.05154.h5	082713a542b7393d95d5ee13a2465cdb
torus.out0.05155.h5	85e5f1dfe6d687b81ca22859736281b6
torus.out0.05156.h5	d6d69ba1eae94161d7bb74922e08d663
torus.out0.05157.h5	215950f739759db742a09eda8a5ba173
torus.out0.05158.h5	59f500768adb7f3fa52664456acc8ca0
torus.out0.05159.h5	8d2a4e623b4d5fe93e4b2f5d6611a151
torus.out0.05160.h5	86caca80855b846ba4b20590f79411a5
torus.out0.05161.h5	0ccf76185803e1b99b62ffb649d7bb95
torus.out0.05162.h5	b08d95d1e3778ee1ea0502abd4a59fd4
torus.out0.05163.h5	49ce7b3cdb0a204027e3131979f4b17c
torus.out0.05164.h5	b6d8dcf1f593e1cffc4f548c1a8fc678
torus.out0.05165.h5	f4e464ce6d8fe02a62f938f1027a60fe
torus.out0.05166.h5	7b8ed154930f0fbe474d40d325c81b76
torus.out0.05167.h5	6f7c8950ac854da178e2e841734ca5aa
torus.out0.05168.h5	f876c0a8536e52bef0b4768dacbe2806
torus.out0.05169.h5	fd37b1f0974d9d0b956c4b9f0e066a70
torus.out0.05170.h5	416d8bb4c54d3dd3c1e3997fa9297232
torus.out0.05171.h5	4e181e1d1652b342d2fdd58426ad2f1d
torus.out0.05172.h5	7db28c07d74fd52c25c4601f10a6634a
torus.out0.05173.h5	720da92fab77d8c624dbe52cd93630ce
torus.out0.05174.h5	d915c7bcf15461e6249541f68e57b376
torus.out0.05175.h5	9e42d64461b974c79bf4434b76e09076
torus.out0.05176.h5	3406670302ed3979b42686e85eab806c
torus.out0.05177.h5	3d3b6ccf4ea69f013ef43b9c6cd75a1f
torus.out0.05178.h5	a0362abfb233ed04c9e1608285183050
torus.out0.05179.h5	1fbf15bd6330c2535debd1943659b7e2
torus.out0.05180.h5	e1fe469026f2cad48acb19cb5ba00c09
torus.out0.05181.h5	edf4ef28ef9684a3c5ec178fcaa204bf
torus.out0.05182.h5	7bdc4ca024b5f54f132881abfbbc9f55
torus.out0.05183.h5	837b144464cdd464f6c23dcf2108ae16
torus.out0.05184.h5	e0ca261c3cf3f9ee1daf8447c59b76dc
torus.out0.05185.h5	343d6aec69784b0436d8ec8a1ee9ee3f
torus.out0.05186.h5	3e1946795f0be4705e6e22f72dc6b020
torus.out0.05187.h5	148f04b36dad656821c12a01387d4df1
torus.out0.05188.h5	6ed1445809acc0e7213c5d5ab4e6079d
torus.out0.05189.h5	b3d977c966b386f3bc2b524524f305ae
torus.out0.05190.h5	23618a1ce8c1ff8bd93db25e3f7d04cc
torus.out0.05191.h5	393033de2bd9018a7c2fb4dea86efb24
torus.out0.05192.h5	9ef7543a3e881e02ed1485bbed32dfb1
torus.out0.05193.h5	4f331ba04023a7561eb6f0c2b21bc53f
torus.out0.05194.h5	8928f134a463fe77c375fad34a3796c2
torus.out0.05195.h5	b3e8892c43ebb4de76e400f29a546bcf
torus.out0.05196.h5	a696614ddccf8e59058fffd8c41280b7
torus.out0.05197.h5	b768ebbcccb35a30ddcbcdf2aed7ed2d
torus.out0.05198.h5	6181c4b8651db7ee9568c7194999763e
torus.out0.05199.h5	bbed55ebbde778219f13bf88c5613f0c
torus.out0.05200.h5	40085a89a44e5916ba14a45f38e3df54
torus.out0.05201.h5	541eec4f1a7467d31edcbe1e99d1ef1b
torus.out0.05202.h5	1c6256f9d182d18458894837c318cd72
torus.out0.05203.h5	849409eb01f98fa9258601456abc1ed9
torus.out0.05204.h5	cde3741883b4ab0dd162c1868dbc8737
torus.out0.05205.h5	7e875bef8857d73fcbacf819ce6dca4f
torus.out0.05206.h5	d6276869ba09c665d255ee4c5a65a9d6
torus.out0.05207.h5	80ca3a359e92303250948605f432125d
torus.out0.05208.h5	bace81d2e1d878a3eb95f2a9c2299f92
torus.out0.05209.h5	49143bf79a194d93c803d4a16e32fc60
torus.out0.05210.h5	877fe96e027472b492b8f5d49742b97a
torus.out0.05211.h5	67f71cd01678a7b618de5efaf9de8775
torus.out0.05212.h5	2f2c3b3ae44b487576b2fc065a9e6dcb
torus.out0.05213.h5	98d5ed9508c89e00ad3cb8f8b9863cf1
torus.out0.05214.h5	215f6134ae95aa23895157a29a0184cc
torus.out0.05215.h5	ce004e2304defe0686e116521596537c
torus.out0.05216.h5	d4da40c1fb9679293d873efaae001f15
torus.out0.05217.h5	bf3685603c94a1729d639f3197da0e0c
torus.out0.05218.h5	cfd12d78832b02244b59549abaf0f914
torus.out0.05219.h5	0a56c331b1fe61b97c20938063106b33
torus.out0.05220.h5	6110360ff08ab6c3c3b30ce97c397b7b
torus.out0.05221.h5	49f2716a416f78ebacb33d071d7beec4
torus.out0.05222.h5	22a74a56422b1be758157adf01a68cf7
torus.out0.05223.h5	fbfa99678f7fa914fcae4cc7b9512a6f
torus.out0.05224.h5	d927e2bf9cfa6b9fa6597d8274f08277
torus.out0.05225.h5	0b1952baf10a4a4c0d9c46a8c3fb6725
torus.out0.05226.h5	38b2f80003c4496257fd8c3ca8e0132e
torus.out0.05227.h5	4ccadff025b935596228b035fd5b1f29
torus.out0.05228.h5	506f5b7058a593b12658a548c382dbca
torus.out0.05229.h5	ceb06bf92c1cee30f23ccb4afdf1f1d8
torus.out0.05230.h5	f4aebc81847c65e8a56fff6936d81a2c
torus.out0.05231.h5	a04d26c563d82b1338f4ab08cea235cc
torus.out0.05232.h5	7eb194aded25de44ebabecfe52fe5a36
torus.out0.05233.h5	b7057d0c19f3bd42d1bbabbf5f131880
torus.out0.05234.h5	530a4c9080ee74e228161b0528304704
torus.out0.05235.h5	1f0e366cc9f7643c62e057d2e61cc809
torus.out0.05236.h5	3e755c95d08a9b2dd0887d0f29ca9ee8
torus.out0.05237.h5	c7987fa0e329ea57788fdfefb012c56a
torus.out0.05238.h5	606f0c0dd26011f5e0c6dce8f1637247
torus.out0.05239.h5	b8c18c1733710cc57cf2dc7b5ff486ba
torus.out0.05240.h5	92823cd311a05c8cc98f8d3e876e32af
torus.out0.05241.h5	e52737f70076f32ba8a453528b565171
torus.out0.05242.h5	15e4b478117d9fc2aab8eea1e1e34fe5
torus.out0.05243.h5	b320d658599962d4e6a4775208519854
torus.out0.05244.h5	cbf6e3e99400966537f51b4d75a08866
torus.out0.05245.h5	c9d16c072f31983ce492a9ef31695fc3
torus.out0.05246.h5	ab00c98c7bf8fe522b9a15e25deb3a8d
torus.out0.05247.h5	e1b17235552e37d6b05b2e1bc41ab9ce
torus.out0.05248.h5	c954b05c4ed6c74e3a9131ad57575b51
torus.out0.05249.h5	a6afc1c63dba2dfe5097d76720c9d8af
torus.out0.05250.h5	52437c932f5c9281a7e64b64b8688e17
torus.out0.05251.h5	7d6dd0b10a2a798cd6f6f4903cf15c07
torus.out0.05252.h5	a0bcdd711afa6129cca0aa47cd918092
torus.out0.05253.h5	37acb7d61cd41cfa1453d187629ab5c5
torus.out0.05254.h5	f138c8a1b32621021e62e26c7be8de07
torus.out0.05255.h5	6d574c039cefd237ecdcb7b7fe123f5c
torus.out0.05256.h5	41ada57477c836ad82eb1d721fc18608
torus.out0.05257.h5	b8af6b5462e5618e4521128419628cd3
torus.out0.05258.h5	c42af1c327456a863d96e3c589699c06
torus.out0.05259.h5	0224121a45744ac8c2afea4a043af9de
torus.out0.05260.h5	5c092af2cf74f08f063857182233db2c
torus.out0.05261.h5	ca794aa9aab1c20b1d7f7b0eecf03112
torus.out0.05262.h5	ddd2c1693af752a1607050de45c682ad
torus.out0.05263.h5	0db3e6f3153b35ab65d8fa59bc72857a
torus.out0.05264.h5	6319278944b5affe885b1e80bcf78f31
torus.out0.05265.h5	a60144995504f8f8925956576e60a0b3
torus.out0.05266.h5	a7d829d97db392e7f0bc161500619d04
torus.out0.05267.h5	a290ece2e821289caaaf76652f221c13
torus.out0.05268.h5	d620d672890f97ca40f87db40b2eb72b
torus.out0.05269.h5	973fbdd4cfb538d931333bb9ef75edb8
torus.out0.05270.h5	7f00a4d29f097a17389042d2a331c61f
torus.out0.05271.h5	3c90f9023ba707cf8bb6158c15650359
torus.out0.05272.h5	04d1b664f9b72e2260ce20d8e43307e9
torus.out0.05273.h5	9f9660caff38bf7c40134a986e4f5bdd
torus.out0.05274.h5	c7b2e0c3c49778f29705a88ff9481d3b
torus.out0.05275.h5	c7d36bb364a5ce4b7e2e9100e56cde5b
torus.out0.05276.h5	dc90ceb4c739d957a2a029315ca09e9e
torus.out0.05277.h5	a3caf8470b13cd1415cdde2ded40fac4
torus.out0.05278.h5	fd4a7163e0c4a5db3b04e227a2c23a7b
torus.out0.05279.h5	ba69082c1a155399f858fd59ef353d6b
torus.out0.05280.h5	bfa61d8528703a8a1347103c5bac9842
torus.out0.05281.h5	5bca16f729b731d9ea86e6be99fb5324
torus.out0.05282.h5	b210160ccac5906ff62e1d7da0d80017
torus.out0.05283.h5	d7ada79e73198b4584fdcbe773451ec0
torus.out0.05284.h5	8a903e57713f603f9c11f89898680c5d
torus.out0.05285.h5	386c0d000eac2ada263b8d38af3abf02
torus.out0.05286.h5	98be3d1912147259c321031f372e4c16
torus.out0.05287.h5	a8bc00ca417bea80b4013fa5995e4086
torus.out0.05288.h5	0c114a4e309418937c99b6ec64ff1f2d
torus.out0.05289.h5	aa5e0d7eb54023fc5b070ec9f42ff51a
torus.out0.05290.h5	c5281bdbde679ebed317a1aea4a2e0de
torus.out0.05291.h5	a05e334853c1ddfbbf6cbf349ba3f7ab
torus.out0.05292.h5	3f72013ab42b94b85e17d4e82f3f41d8
torus.out0.05293.h5	54dd7b234eba37f3f19e457e2b5ea1e3
torus.out0.05294.h5	6801ef33c1dc91c9f78ad7340e5e3c59
torus.out0.05295.h5	11e7a4ff2cdbfd5b6bdb442321554a6f
torus.out0.05296.h5	403dcd4a51af39d764850e126b5495ee
torus.out0.05297.h5	e1cd0c66d2aa2c0611673e9f477b519a
torus.out0.05298.h5	e0e99b4f25f7c7fdd6924fc71ac3032a
torus.out0.05299.h5	c28a4fef214d86d2a289689806fee24b
torus.out0.05300.h5	12f0469da70ec5579b1911676b40bbb2
torus.out0.05301.h5	ee58bbd2ff4173b2e7fa0ac9117ff998
torus.out0.05302.h5	1f43f4865f7676a518b6b233f0c83861
torus.out0.05303.h5	0ecf86b2b1fa54df221eebb67f643190
torus.out0.05304.h5	f67a04af0ea01e244513a41d7fd7e1d6
torus.out0.05305.h5	88d6dd65c542374ccec288bc67e4c8ff
torus.out0.05306.h5	a29f889648ab86c6e3ee3e5a310688c4
torus.out0.05307.h5	b046e995d065aa4cca5fef19212d88c3
torus.out0.05308.h5	2e0dca00a84f515e432a5c1a9b0075f9
torus.out0.05309.h5	87838fc4622423154e39d2773c26e07f
torus.out0.05310.h5	2870f0bb984c96339b7585e9b43948a4
torus.out0.05311.h5	332c1a16399731e379df5499bbbcd977
torus.out0.05312.h5	abd2d09f8a474a9cf5f3cfa52e441893
torus.out0.05313.h5	2488dd52978cfc8aa0b49a4d60ccbe39
torus.out0.05314.h5	4a3e4a171172f695e0670221959f2db2
torus.out0.05315.h5	076d05428e13f1e265b8c05cce8b7853
torus.out0.05316.h5	f94179da53a0a2908a86e6111d91fdc2
torus.out0.05317.h5	ddbfcbb59a3d4c43acab16e80d8e1ed5
torus.out0.05318.h5	44b2c05232ddfbb335b84117f3a05a72
torus.out0.05319.h5	a54a0e1a419de5f0f7efffd5aebf4411
torus.out0.05320.h5	0166447ef8c6ecdfd7110b2afb4c18c6
torus.out0.05321.h5	5b1916bef45d44ebf81ed0e6856ac96b
torus.out0.05322.h5	41162ae9f5233698168f30f8c3a0e768
torus.out0.05323.h5	dff26bc8e6bf7a9f710b4f3931bf321f
torus.out0.05324.h5	7c5ca7f575c73ebce2297a54110b34cf
torus.out0.05325.h5	fada334ed81347e7a9c7e068747657cf
torus.out0.05326.h5	518b651ed91cf07dcefae07f3b070ba8
torus.out0.05327.h5	0e975041ddd9d0905f4016867cb61f37
torus.out0.05328.h5	6c841920bbbd9e25afc8904c730f7af1
torus.out0.05329.h5	59a2c65badce00a14580f32f20dc456a
torus.out0.05330.h5	09e4a000dea972381e1a699197af829a
torus.out0.05331.h5	322c055b4a9a0b09fb1796c8b4a03c65
torus.out0.05332.h5	d12b8faf8f786537ae7fcaa848242232
torus.out0.05333.h5	c04a8e2ab56c1ca2f31a6928c2289fcf
torus.out0.05334.h5	0e5ffbbbb46be17d490bef470e31cdb9
torus.out0.05335.h5	55e0d8e9cde63c58e0ba0ffc91e84941
torus.out0.05336.h5	971553987bf95f37af2f17898ebb4a9e
torus.out0.05337.h5	6fa03b5274cc6aaf5cd890867cab61a9
torus.out0.05338.h5	5e1a98ac912e9e8b385e1374961b020d
torus.out0.05339.h5	eadf75cff64b41a0e028c6a90df3c9e6
torus.out0.05340.h5	03393fba18e4722b959083a5ae62478a
torus.out0.05341.h5	1e448c50f830055aa1addfe80fbf703b
torus.out0.05342.h5	d135132b91c28c7a81815d7ca9e99a00
torus.out0.05343.h5	0d3354f07e54b2c28deeddb8e0c11d36
torus.out0.05344.h5	5b2b28c815ac26349ae2666b63072483
torus.out0.05345.h5	dfec7ca5c62e4b114d030fa13d62111f
torus.out0.05346.h5	c35768a34358bcb3565da9adca349233
torus.out0.05347.h5	22178a86dd42e0eaaf02555114b91a63
torus.out0.05348.h5	d53e7ed1e2a21f44a441fd81c8e571e6
torus.out0.05349.h5	9e964637e131441a0a8126a1e937f5e0
torus.out0.05350.h5	63655aa7a81ec063c015b7d42a19edbd
torus.out0.05351.h5	35cdbe801374994db234653035b36a79
torus.out0.05352.h5	3b352f48d820c60bd9a4937df3b51b6b
torus.out0.05353.h5	73bc6026f96d79252bd5c6be9a91e823
torus.out0.05354.h5	28c62c181c9dd8c8adb439e009307ab8
torus.out0.05355.h5	640e2bce0f13ff55cca049c78d608320
torus.out0.05356.h5	5ee4b995853e1a6f851adf269ba525d3
torus.out0.05357.h5	63bde6083082eb43d1ba8eb32547a926
torus.out0.05358.h5	ef7e20d6f0d133cbb9fcdaeb2d8b82c5
torus.out0.05359.h5	6d4500645ad968b454736a992f54cbdd
torus.out0.05360.h5	978704f8bfcebe53bbd05aaf23679c2f
torus.out0.05361.h5	eaa8a9ca55638075d56ddbd0ed44b184
torus.out0.05362.h5	33ba654731ae5906b9d57e438df2fe2d
torus.out0.05363.h5	bbdd8d54d1a18acd43e9ef8112a778ba
torus.out0.05364.h5	df927ec667e0a35bc762c1c55493495d
torus.out0.05365.h5	830bfc6d7ba3b2b7cab195c9b05bdb53
torus.out0.05366.h5	dcdfdbb399ffc83b8c43b466e9f57ef9
torus.out0.05367.h5	0431b4bff93bf02c1bedc2b918bdd1af
torus.out0.05368.h5	0217ecdaf98a16ef3e89e2389b4ef278
torus.out0.05369.h5	63c81d8acea89525a9d2877397179216
torus.out0.05370.h5	268921cc9b5f3a18a68040ee1c209726
torus.out0.05371.h5	d7776381164849206c19ca01696a5ed5
torus.out0.05372.h5	0aa47bf4c1149bf044daa11a82133199
torus.out0.05373.h5	2a57aa1687a51c3d726275c007b90214
torus.out0.05374.h5	4be94f7a6a77b19209ed89fb35c4763b
torus.out0.05375.h5	946e4bd6b772a706b496d708795f0072
torus.out0.05376.h5	6c3436a0a20e34d2a7e5fdbf1506cb3a
torus.out0.05377.h5	e0b4f3df58bd79ccd445ae6da6e6c4ed
torus.out0.05378.h5	82612e7f34f33a869243db8c1d4ec49a
torus.out0.05379.h5	0859e5cc3952e2536a0231f3606ab732
torus.out0.05380.h5	53a51df28025df12193e07647d8283fa
torus.out0.05381.h5	41400a7a7cb955c4385c4c9d03b1ca52
torus.out0.05382.h5	58ae044f315f4dcdf790bd3089765f38
torus.out0.05383.h5	94b7fc32e20e42f6f4c92b597992dfe7
torus.out0.05384.h5	2d768126fa483e291f084fb7b6fddb24
torus.out0.05385.h5	57f67b3060bdf32b9d8aef1a9b4326d6
torus.out0.05386.h5	ec4bfaeb26ba24376fbdacf01d79f0ca
torus.out0.05387.h5	32381425c03bfd9a38447595f53c00b5
torus.out0.05388.h5	caa05ac3f00950c00826c7beb824991b
torus.out0.05389.h5	86ffb8a9c79a4fb7d2dd66034af4cec7
torus.out0.05390.h5	716b2ec88ce2b9966152922102c0fe56
torus.out0.05391.h5	210de1df7d23504956ff72dbca85eda7
torus.out0.05392.h5	5b5e11977044401d59428cbddb88f297
torus.out0.05393.h5	88e3b02fe6be7dbfc6105e2c4430fa05
torus.out0.05394.h5	6a477aa9bde898f547525da2eefcef6a
torus.out0.05395.h5	2bb815138ee6532a6995cefe714425d3
torus.out0.05396.h5	63e7c9fa104596ac8868719e349e3030
torus.out0.05397.h5	2c03dd0d3f1cd5c6681e69f0de57e90d
torus.out0.05398.h5	5cae8d0736bd89c03d3b0dc23680cc10
torus.out0.05399.h5	a46b80742ef481cae24d8ac15cfd6eb8
torus.out0.05400.h5	888ed0e0b1bcc6c0cf5fb66d0ddc2a61
torus.out0.05401.h5	27956c0a87f39b586e07e7f6d3927793
torus.out0.05402.h5	ad91718613b8c05b5dbdb289e31efec9
torus.out0.05403.h5	51267c04b06e08a8942fd0c3f8e9cb23
torus.out0.05404.h5	e6373943c0496a29de9899705410ab79
torus.out0.05405.h5	32bf2811d93a3c5b25662e77f08605e5
torus.out0.05406.h5	e856e8b80bf07941aafd2a2d9617155e
torus.out0.05407.h5	f61da1e3678fb18d3e670781e2cac5a3
torus.out0.05408.h5	427059f2b75c6787be56d71f84157572
torus.out0.05409.h5	47490126e5a6a0421dd62a81d0717cba
torus.out0.05410.h5	b3092a37539d8a9df5f4afaeba0c8d06
torus.out0.05411.h5	29beff67b37b9ab653ea489f4cf7c29c
torus.out0.05412.h5	a06cbcfb68619076cf810ace3d51c56f
torus.out0.05413.h5	104d017dd102b5c10bc89a4ffd9fe21e
torus.out0.05414.h5	7a487e43a1440f9c1bedb54fbd919a09
torus.out0.05415.h5	157cfb28336f8117565b85a1f64a4a62
torus.out0.05416.h5	4a4300c516a65fbf7658530c5d15088a
torus.out0.05417.h5	da809d8bbac868eab112e90a6117c554
torus.out0.05418.h5	9038282c139a24312232b52dfce8d44b
torus.out0.05419.h5	db8713abc1ad76757df46c4ac0f10f78
torus.out0.05420.h5	b3688ef9c50a0e9e3a61524af9674e22
torus.out0.05421.h5	1b8fa947c56ebe96daa4a03a2f60e902
torus.out0.05422.h5	61cc15b8a8f52cefadb77fa49ae722eb
torus.out0.05423.h5	fe37d8ce12ddba80d4fb4d57cb4e8e36
torus.out0.05424.h5	a31f54eb21a849fcb637fa046402fe36
torus.out0.05425.h5	350360c53f74bec6f54cb5b02ad22ef0
torus.out0.05426.h5	4f7341eaa117628c65b98c6c2f9f623d
torus.out0.05427.h5	9424145dafbb3cd43c13474b543db5ac
torus.out0.05428.h5	e1c3d3a9c991b2413e686ad2a196de5b
torus.out0.05429.h5	b4e152940611d4b31c8cb6167fec0d66
torus.out0.05430.h5	0165e684bb9830e176d66ac98159a6dd
torus.out0.05431.h5	08ef70e737db36e0e7072dd1c2b1c7a9
torus.out0.05432.h5	402a4000a40255e6d80de6f51b408232
torus.out0.05433.h5	ed7da006088f4b69da438c55a9f2dffd
torus.out0.05434.h5	2a20c9341abdc2470899fcf6ffddc772
torus.out0.05435.h5	4ba053f540de1d450abb0d961b4ddaea
torus.out0.05436.h5	bb1b1682ade9f35983aad38fe1b7a2ec
torus.out0.05437.h5	897f9cf0db127eb272cacb126611b41f
torus.out0.05438.h5	ae71d392afdd425c79dcc0c928a43aa2
torus.out0.05439.h5	2323d29384fe1a1621a6e6cc3d941db4
torus.out0.05440.h5	a55ad970ca8dc4ace8e4b2c5364140b9
torus.out0.05441.h5	22c7081517b18a9c9cfc01a3403501a3
torus.out0.05442.h5	317a1c70aaa2347eb68563cd8233de5b
torus.out0.05443.h5	167b9619345b747c347c1966c5c4b738
torus.out0.05444.h5	2a3ab4baeffb218cbe58f6a584394f32
torus.out0.05445.h5	1059f128ef55adcbd7935b04cea7a84f
torus.out0.05446.h5	433d4b3fbc4d9160b7e581ca95916151
torus.out0.05447.h5	8f2c34edacd1e679cd4983b883845faa
torus.out0.05448.h5	9aa906a055e3c0f053c5029ea162bd29
torus.out0.05449.h5	39b87ae03f75606487f7a092e676e090
torus.out0.05450.h5	bc5c39875d9dcbc5dce88ca592dfc9cd
torus.out0.05451.h5	ef5b896260e46586fa519843aa18b096
torus.out0.05452.h5	4d8a958e26a9dd46577f4483fc51d5ff
torus.out0.05453.h5	e85ea770a523d1487f6eeb22d105a87a
torus.out0.05454.h5	740fc376778ff22a02b76a8314eae827
torus.out0.05455.h5	44208169ca4d86f60296208b89006660
torus.out0.05456.h5	61969aa6d69a3dc83d58996f3dd0c9b8
torus.out0.05457.h5	4357762a0bf881bb7621a785c466d4d2
torus.out0.05458.h5	c3a3da6984e2b5b33b85de30ab61e8b5
torus.out0.05459.h5	4b4d6181de4d5b3e984d0f5bf7daaa22
torus.out0.05460.h5	02acda71691ae417c353d5b42d094db4
torus.out0.05461.h5	c9098ab0d58adf7c61e85dfeb5496eca
torus.out0.05462.h5	696e881a71aecbfad89d5adeea9bce8e
torus.out0.05463.h5	b0ed8ad59d30077641719a226e933584
torus.out0.05464.h5	d049bc14e29465807dff4d4a87a1f308
torus.out0.05465.h5	bda3939626d1930920740a1e7f91a24e
torus.out0.05466.h5	9cdab3b4d2e1dc140dc677652d50e6e0
torus.out0.05467.h5	1599fde9414e6252109604993a9bd490
torus.out0.05468.h5	7f18d7d9b84a8beda92d790dd9520fb6
torus.out0.05469.h5	bd765c1e806f8bd96a2fab426769ce2c
torus.out0.05470.h5	a275157c5274ab048dc1906e60000c2c
torus.out0.05471.h5	e69be12cdd408beaac894410f7adb737
torus.out0.05472.h5	0ed985c44e57950f6dbf91b95f63c848
torus.out0.05473.h5	33dca810ec11c4653570bdb4b5ed5304
torus.out0.05474.h5	e074347d57d78868bb521d4a05a4f2ab
torus.out0.05475.h5	c21b5c6b0f1b484fc35ff1fc4f6711e0
torus.out0.05476.h5	39ee166f1be0a55e99cc119f3624c8df
torus.out0.05477.h5	d2be4b56eba07223e6d96a4a962b48fb
torus.out0.05478.h5	1cf45523d19013a104779879afed67e7
torus.out0.05479.h5	47999c105dbbabc9d5b6f273d55f0e3f
torus.out0.05480.h5	9cdcb79b73c9f2d50029e98bbf613ed2
torus.out0.05481.h5	d459d8556523433ccbaef4c5977ece65
torus.out0.05482.h5	616aed2db670ea3aab459b9cb176a3c0
torus.out0.05483.h5	c7c2b9d96d865a202939562a6dc9db6b
torus.out0.05484.h5	78fca6fdf1a991f635c1174d1c6f94cc
torus.out0.05485.h5	de8ca1bc68f53cb59c8a30e854ee45ee
torus.out0.05486.h5	17b243bcf5d7d7dfa6013ad427d199a3
torus.out0.05487.h5	4072cd65026e24f1e575fb87f4b0d3a2
torus.out0.05488.h5	2ca987a9960d90e8c98b35eef5648f17
torus.out0.05489.h5	5045881e27a53325e18739f098d1a840
torus.out0.05490.h5	4b66ea5a772f3ada396e209957480c2b
torus.out0.05491.h5	5724f67dba505d1d1753bfe11ec52b3e
torus.out0.05492.h5	d767e4e737ac1fe00be9dc7ad13cc7c7
torus.out0.05493.h5	0b8b2c1373551712b4acde8b4a60a31f
torus.out0.05494.h5	35fc234f58878f7623bffaefee0f3b6a
torus.out0.05495.h5	3c86f6f6f1ef031b2dbd6faa97186b7c
torus.out0.05496.h5	8e66b6ca8b78422d509ce34470be3d1c
torus.out0.05497.h5	578ab7c3838b16cc45bf275763d81a2d
torus.out0.05498.h5	17e90c13e430ed33573385a5fa1d233e
torus.out0.05499.h5	41d3dbe5f2cb8f14b4ac73562e0a4531
torus.out0.05500.h5	74106b8b7caffddfcce2a3ad7c24667f
torus.out0.05501.h5	892143db91d133fbfbbfcf375aa1b64f
torus.out0.05502.h5	a8b9331304dcc06aea5bb2a300a375d3
torus.out0.05503.h5	d5aac02ea8ee8e775c8e88c8a64ebd44
torus.out0.05504.h5	94fb33230b88f711b6ed7814667d57a9
torus.out0.05505.h5	4c6325c227f70c5f7a1ab9fd829b5b5e
torus.out0.05506.h5	cd48f5725f2fb993c2c78829b6186572
torus.out0.05507.h5	db59658369dc1852432dc08116021e6e
torus.out0.05508.h5	1378ddd5e23cfd5c8bb46fcf34caaf01
torus.out0.05509.h5	8d7e2b9d3fda99d1f938c32b878ac399
torus.out0.05510.h5	f5be91f03067215abc3ed59d89e8c682
torus.out0.05511.h5	80eee2946273c4c7dd687f26e2fe532c
torus.out0.05512.h5	9f56f2273e6f429d4dd75d3b6757c200
torus.out0.05513.h5	1378ba0d07ddc3f6f8951f21d5cd7ae1
torus.out0.05514.h5	d1b03ea85ffeee4d0073e2936bb1cd07
torus.out0.05515.h5	d85a064cc5a866502dd20cfda8255d26
torus.out0.05516.h5	75bf2c7a23a0ca9094722f8e68230418
torus.out0.05517.h5	cd19cabd3fbcc5aa20ddc1ea9f278fa6
torus.out0.05518.h5	81398c1639bd22ca3f6aba4ff8ec6637
torus.out0.05519.h5	b913470591dc378ede51227fa6de117f
torus.out0.05520.h5	2bb0005f596ff497c8fd22b02661d7bf
torus.out0.05521.h5	df008571f3a0714a0689347817c4790b
torus.out0.05522.h5	85a681556db820c9c383516103de1ce3
torus.out0.05523.h5	1ff30ed46036648af3778d527d9cf041
torus.out0.05524.h5	e5acda754f02593bace939e56b1186d1
torus.out0.05525.h5	6d7c8aa38c7434df1fe0535f3a3146bd
torus.out0.05526.h5	0761b4cafdcad06f64bd2b35e642effe
torus.out0.05527.h5	78669f1863e2c0bd14a462dfb27d7074
torus.out0.05528.h5	028d26d612350bc3f0b4b6bf439170cf
torus.out0.05529.h5	c1f414f1aee903da06c2a827a8cf5c63
torus.out0.05530.h5	c804ae2bddc906b688f5b737d3be9b19
torus.out0.05531.h5	048e9ce81b858a152d9f58a7faa98baf
torus.out0.05532.h5	f9d0a389768831e9e8d03b7e98673840
torus.out0.05533.h5	ed78dbda12904c280d48ebd9f5b890de
torus.out0.05534.h5	c1e8f64c5cc0a90d9b1b54c645488c35
torus.out0.05535.h5	b0a25b5148e7c4656d3536ce4b77d75e
torus.out0.05536.h5	c4a364984b9c68e5ba2a8bcc116b3154
torus.out0.05537.h5	f0d1b9c1bdace6e8eb89b60b1a1c617d
torus.out0.05538.h5	f21cf55c7f81b4328beb95d2235bfbcc
torus.out0.05539.h5	2bf582ad0304acbda85f591e2c9dd00c
torus.out0.05540.h5	ff8a99201f1556f886daf74094817341
torus.out0.05541.h5	e4fa6b15d38ff295e09698a662051d28
torus.out0.05542.h5	d7400b5c0d58bf5895ae02fc1835d62b
torus.out0.05543.h5	9f15a88f232926560287b0d4da82f3a2
torus.out0.05544.h5	b74a0a1462d32d3d5d6366523beaf2a9
torus.out0.05545.h5	e0d3b6330bc40d4269bd293d034524bd
torus.out0.05546.h5	67a38889be5cecfcb01696177324d8a1
torus.out0.05547.h5	046a223c52a89b7714fc64575c5b59d7
torus.out0.05548.h5	faf9c7667d1becd1a2e5a96121d01a31
torus.out0.05549.h5	241961d7acaa8df829297f8c698dfd81
torus.out0.05550.h5	fd828569b07898f838c48e0d7b39b644
torus.out0.05551.h5	53a4e0fa39e5a10abafad0cf69fc7fe7
torus.out0.05552.h5	fab2930bf048fd04a6a54d08f8ad317b
torus.out0.05553.h5	c82bdccc1b926d37835b3f1c1d367487
torus.out0.05554.h5	eadfea013367a7d39791d3e1ac32f0e9
torus.out0.05555.h5	a4b61b644aceb0f1f6ca09c7d2ed33dd
torus.out0.05556.h5	ff15ecacf0cae3ebfbfeabbb04541248
torus.out0.05557.h5	a91084f08f2baacbdadd0729cebb40f1
torus.out0.05558.h5	edf0e169cfd139cc4cf99ef45812e4c5
torus.out0.05559.h5	0fcfdfa0dd34c326b260a73cfc0ebfd4
torus.out0.05560.h5	3d33a543064fa4d6e117111cc3e68511
torus.out0.05561.h5	60cf8575c57a031e1aa363a427885bde
torus.out0.05562.h5	d8b65700497cc598236d26aa8d4127a3
torus.out0.05563.h5	e4dff07a155783ef828a7039ef7c3a59
torus.out0.05564.h5	cb6fc3da7ebf9f9a727367f6afce3b59
torus.out0.05565.h5	339a3dec13ffb74618fdd873c5db64fe
torus.out0.05566.h5	019f2086ffab3016300e9ab7c8a06655
torus.out0.05567.h5	bbfbf08c1bbd13a12df55afcd06b5726
torus.out0.05568.h5	9373fcf9aa15ac64bf3cd7dcedbcb5f9
torus.out0.05569.h5	820bb83ef569e7644a2e4e1267b3801f
torus.out0.05570.h5	18f0a378e577c3b8a50706c479d40e4a
torus.out0.05571.h5	6040817e31fa1e4a4ef0ef03c024ee3e
torus.out0.05572.h5	bc80d110615b17bbd8725f777dfb1ddb
torus.out0.05573.h5	8bb82fd6117a94fd09eb9be5a748e142
torus.out0.05574.h5	c69e15607b3db5fd47b589f071d8788c
torus.out0.05575.h5	4a38c1f5cb0deb8e8a86b334a20121ef
torus.out0.05576.h5	1748d1a9b0afc1a0f0de08b4af5dbed5
torus.out0.05577.h5	14a22fbb7f94348cfa7bf37fb26bb9d0
torus.out0.05578.h5	55be89e1a41eab4f55e2b44d3bbb3556
torus.out0.05579.h5	bfeb511603ae79f66ca780fd1877526a
torus.out0.05580.h5	3b64e13a1d769c34312681ec92174a55
torus.out0.05581.h5	61f5c5e50845188ddc56543e79543822
torus.out0.05582.h5	49febed0aaf0e860c3e7af06a3766440
torus.out0.05583.h5	81c78d7e8e120bf58f3271fc60e476ee
torus.out0.05584.h5	e0ccd8881c71a9aa412a0abb26be90f3
torus.out0.05585.h5	f3e5edfce18c7d3d8859dfdc762d59bc
torus.out0.05586.h5	953a1c636dd0afe6c32ec94c7a1bf514
torus.out0.05587.h5	cfdc60b2c62a0b1cc9022d7d41382c46
torus.out0.05588.h5	9e165cc4f89da445784e2362008933b8
torus.out0.05589.h5	ff723e879079e9fe906efa082663a3ec
torus.out0.05590.h5	68fe74d922d03c9b79265bdbb435c824
torus.out0.05591.h5	247d1411acc5166f83f34aaf5cdf2c63
torus.out0.05592.h5	64707911b6d257e7263a64c1bccb4758
torus.out0.05593.h5	ec0bd5cd3942bdd48818f356899d758e
torus.out0.05594.h5	22aba4b97d4d52983a071dbb1c7c9e88
torus.out0.05595.h5	6846258b4f62bd5f756f1888374f88f5
torus.out0.05596.h5	3f2330c5999aecc8eae0b73775fda5c5
torus.out0.05597.h5	026c4f8331f38188968e03138278b20c
torus.out0.05598.h5	b6e56434c06dd92a9eac4116cd024fa5
torus.out0.05599.h5	640c359fa6752ff8b778adad4076de5c
torus.out0.05600.h5	a16aa59f136df5a1e14eb515d259cbcd
torus.out0.05601.h5	e3ac6dd444af7fc1ab69fc1fe1ff4059
torus.out0.05602.h5	16dce303afdc9d75e812d32be8876bd5
torus.out0.05603.h5	530d07a04987d833c51ba138afc42275
torus.out0.05604.h5	99157e0c10ba7ea6b9456e3edd808564
torus.out0.05605.h5	1d33d036b1c4d1fac66ba5927948523c
torus.out0.05606.h5	6fea30bcc77320d9708c48613c793f5e
torus.out0.05607.h5	3df1c2c293ed7bcb66cb95a5d97a61c2
torus.out0.05608.h5	0641c64716fc28c9441b818185ad75de
torus.out0.05609.h5	13da9486aec7018b857291388f61acd0
torus.out0.05610.h5	000f4cb84a7e270bea0d348a2afa8cf4
torus.out0.05611.h5	e76170abd588fb817b0bbed04866945c
torus.out0.05612.h5	bc2f043bf6a4e3e65442900c2630c2e6
torus.out0.05613.h5	50cfff033a6c9d3e0d76ba6847e9a7c5
torus.out0.05614.h5	cb87ded3ee44be5ff014a6e592dec95e
torus.out0.05615.h5	ab01ad3b74c77fe9be83cefb940d0d12
torus.out0.05616.h5	15fa43a0fdde3a888eaff7caea8f9724
torus.out0.05617.h5	26272ad8cd555dde3cf8bf10d3fb14a0
torus.out0.05618.h5	b007cee7cf77f4390d1c4c4371576041
torus.out0.05619.h5	80cfb2b570ff08a919a3a3c94649637f
torus.out0.05620.h5	f170755c9107b5a039ce5d79b8938ebc
torus.out0.05621.h5	50407acedcba901777b37539c758db8a
torus.out0.05622.h5	392c39fe39200dc2ff5fb59049aca7db
torus.out0.05623.h5	21792d203947610b7ecdca47049577f8
torus.out0.05624.h5	8b49e8e7c05e53115df46261f45c17b9
torus.out0.05625.h5	2c8d96bcf5128c92368c6621125e0cbf
torus.out0.05626.h5	f1e1bbd96340456d87792efc2609d7d3
torus.out0.05627.h5	6fff8621e92a2aa79bd8893c980c1f4a
torus.out0.05628.h5	5aa5623ca0444d61024c663f7edc4dd2
torus.out0.05629.h5	567f8986772ea928018e17dc46a5c93d
torus.out0.05630.h5	5314e353ae60dda1a0b5a655cb379a74
torus.out0.05631.h5	90977efc73aa1cbda01e40a50608aea6
torus.out0.05632.h5	2548b1fe480be1f90d2177a6c97e6b3a
torus.out0.05633.h5	c80f40a95fa8a17dd1b6c336512f7a6d
torus.out0.05634.h5	fa857cbeb0bb04f59187a3b639c0c891
torus.out0.05635.h5	a3dfe09e284a3c6b561c3195fb3a27a2
torus.out0.05636.h5	8393df0737caa9c0a5f36b998f1124dc
torus.out0.05637.h5	82266222b7a85996c3f3569fb3685770
torus.out0.05638.h5	335286750b790eb891e86ea3e4cbd59e
torus.out0.05639.h5	8365365ca376a63491fa30af5b04bf1e
torus.out0.05640.h5	67e19ec6f3bdd1d8262f709dc76895cb
torus.out0.05641.h5	21ac9fc4ef23beb3993d4b662b602ec8
torus.out0.05642.h5	f0bb957d669f3c3489f419c859632561
torus.out0.05643.h5	c18f90d9a6791dccb130f5d6df862974
torus.out0.05644.h5	d70d22bc2793af3b0d495bea3661ba06
torus.out0.05645.h5	2eb74e84f4b2946c80142da16a87e569
torus.out0.05646.h5	338dbe8e8b5fb00fae94a8b04779c7fd
torus.out0.05647.h5	420e8891bc1baf546549c6746ceb85e9
torus.out0.05648.h5	5bc2c8ccf855de11fae9532e291979b3
torus.out0.05649.h5	93fcafa9667a6b28ad02a7750e21efd2
torus.out0.05650.h5	626c3961a1138100966fbfd7d9e88d48
torus.out0.05651.h5	b14f39b5de43316f05c9a44e11f9f7c5
torus.out0.05652.h5	156c5996f9aeeed0a07f10ce878f1532
torus.out0.05653.h5	9d39eba1e597b188b58a4dea472c9243
torus.out0.05654.h5	17667648576a63093d09bd87397a7f17
torus.out0.05655.h5	6427992ca9bce8c17f78402969f96fc2
torus.out0.05656.h5	1b1e0a735cf36f42c59a905cbb05e60b
torus.out0.05657.h5	2ca8b5541b26fe4646499cda8c4f464d
torus.out0.05658.h5	87adab4ce7182795f9858623fd440fbe
torus.out0.05659.h5	f4af9f612d3630f7b8ceccceb266cf15
torus.out0.05660.h5	b564cc2639b3978bc17a588168a32a04
torus.out0.05661.h5	318253fe15e997a0d223186d74fdb79c
torus.out0.05662.h5	0b3fbf919b1eae23447484d1203b8602
torus.out0.05663.h5	5d723e9d0b65119799c3956b13bb45b8
torus.out0.05664.h5	9b50dc9c8783b8029c72cfdd628726cb
torus.out0.05665.h5	99ec4f00c060735d24eca9eaaf0eaae9
torus.out0.05666.h5	011520e9ef5fde967abe238c958a3da1
torus.out0.05667.h5	e01650efce288294109b9629d0bb04a5
torus.out0.05668.h5	7cb3ec59bce223ce27c205324e288b43
torus.out0.05669.h5	81de1cea6c3c0ad197e6a7ac2275a813
torus.out0.05670.h5	c338781db318f7535cf9f7dd0e8ad6a1
torus.out0.05671.h5	4afcd8a890949698557cafa6396d1e4c
torus.out0.05672.h5	2546dfc937fb0a91e1a5188101e79a9d
torus.out0.05673.h5	b018f976c51b844bf51e80cb6106f0c5
torus.out0.05674.h5	1cf56d076a91035110c32a38ea581e77
torus.out0.05675.h5	3c48ad3151239ce14f3fb4cd9a57d8ff
torus.out0.05676.h5	f1c8d2e2851efc957e047d567dd5e052
torus.out0.05677.h5	170a0f2aef48b69e0573fef1debb2c0a
torus.out0.05678.h5	d42b5d5a6e3b77308537ef8d2dfe4f52
torus.out0.05679.h5	7d11f8788720ea11ae01742f6201d3c6
torus.out0.05680.h5	378daeeda7da06e135331e3cd213065e
torus.out0.05681.h5	c367eaca3d559c255ea3756395164d44
torus.out0.05682.h5	dccd5d09ce021c6b29ffe22f038c2ef0
torus.out0.05683.h5	7429cdd3a7fc4c4cc22d15a1edbb93c0
torus.out0.05684.h5	8696885690b3f351d2b67cbb5d29133b
torus.out0.05685.h5	6d7223aee25cb5d93108e6a731a5c759
torus.out0.05686.h5	cdb886769aa645447f8661ec46795713
torus.out0.05687.h5	b8d6f20c8f893c6570cdb45f211f2d5b
torus.out0.05688.h5	7bb9748107cb843a155882b292f287f4
torus.out0.05689.h5	0279011d0951c376f1fca6affcb2ec28
torus.out0.05690.h5	5ad2b7a21cf45731621e038dd375bdc5
torus.out0.05691.h5	437f08c2adb605623a2995ee37cc8fad
torus.out0.05692.h5	6839ce159f3b90d269bfcedcc1e20500
torus.out0.05693.h5	0614c0932efdc0d2433b916cce4c4ec5
torus.out0.05694.h5	624fc61eb5b6208c5ec41fe6ce377a17
torus.out0.05695.h5	56b2bb6e6c54e4cbb005c3223a753609
torus.out0.05696.h5	eb0d2ee529e55949c4bdd7b5ae570f03
torus.out0.05697.h5	3fae882bb52f7713150b62697c5f64b5
torus.out0.05698.h5	d44023b8e688547bf6dfaf2070f490a7
torus.out0.05699.h5	f92eca622658a20b877646916f396695
torus.out0.05700.h5	fbf086d0fbf543dffa06642516b81ea3
torus.out0.05701.h5	50f4a74874f21e941453ddb00b81ee65
torus.out0.05702.h5	37dcbbb70717b4c71abf4bf02b05d57e
torus.out0.05703.h5	2752a28c16ab10654eb91f66916801d0
torus.out0.05704.h5	b55a15f0b0e9997823d5e374c851e7dd
torus.out0.05705.h5	09efa5b227b0ff4841ddcc4f410032d4
torus.out0.05706.h5	0b656f2d310ab12e95994fac0998bb02
torus.out0.05707.h5	3373a71b4ade6b3ae84582040c99e2ed
torus.out0.05708.h5	9fdda839ece6341bc7ed981bc554b7ef
torus.out0.05709.h5	bb6f0fe0718bfb6dc180c82311e1ca46
torus.out0.05710.h5	fe97343e8ea24442f7c54348fe1abe3a
torus.out0.05711.h5	0aa6a73b6287675df2c411aa1e5a58c2
torus.out0.05712.h5	eaef8027e9f2ae9a9f6b7a6e93bc6c4e
torus.out0.05713.h5	d4c85905735409dc40a5b3c9ab79edc4
torus.out0.05714.h5	215d8deae5729f525f6c5a0d61b40b0c
torus.out0.05715.h5	9058c98bee59febffc84fd8de70b80bd
torus.out0.05716.h5	8e1559489246a95789b6011122117b7a
torus.out0.05717.h5	a281edbde9c1a9dfdf2e3d792e16e8ae
torus.out0.05718.h5	1c6ce3915910ea3e763800f32b62b02d
torus.out0.05719.h5	16837d54fd8ce2c04d6c6791450e8609
torus.out0.05720.h5	f9c38912d063601d563499b84e0ae52a
torus.out0.05721.h5	6b767cee63610efd40994ba4eb199eeb
torus.out0.05722.h5	c5d12e25e0bd9edef0680470fab5e8e6
torus.out0.05723.h5	0594d51bbe4f3902c69805acfc959e16
torus.out0.05724.h5	607ade131f05281b3398403a865a6774
torus.out0.05725.h5	d519beebd4d92598789c6e923bf154ea
torus.out0.05726.h5	fc0c765a5ab4ee65c7259a72f7709d75
torus.out0.05727.h5	559531c3044b2021e1abc71b17602aa0
torus.out0.05728.h5	dd7cf6267d5691695148ff0a5772143f
torus.out0.05729.h5	7f18012eb98fde9bf70aafb3b1355d5e
torus.out0.05730.h5	6a719434c329ff31ae407816a54ff223
torus.out0.05731.h5	0cc917c4f9f145a7b0ac1f13d80cffdd
torus.out0.05732.h5	9ea3a45452ca1db74b8e0245a8346317
torus.out0.05733.h5	f7bcee5ef279895a6f3e084074a7fafd
torus.out0.05734.h5	7950d2312b0fc81f210c7526afd64237
torus.out0.05735.h5	e612188a33454da7fc398e01108d27df
torus.out0.05736.h5	f3ef8e84c65126c1cef3dd149f59adbb
torus.out0.05737.h5	283a6c20b4d898abf00306daabfb331e
torus.out0.05738.h5	2ad3e77816873c3f7ff61df3175bcc28
torus.out0.05739.h5	292cf8c825485d1580ee4d3b2d38961d
torus.out0.05740.h5	7e52577fcbc52b116b90b5d7325502d4
torus.out0.05741.h5	72d2f4ab82343bf891a422bb7e154ff5
torus.out0.05742.h5	aa9eb91b698be117f9f3abdd5f7e468a
torus.out0.05743.h5	b4145ffaebacdb36f15af4e3a0c971d4
torus.out0.05744.h5	ebaefc82cadad8e9bf8cf7f72ad8877e
torus.out0.05745.h5	436f7d315437109099d32011d31e4d36
torus.out0.05746.h5	63bdf9dc0102be0d8f995ead69432b90
torus.out0.05747.h5	2a2a4a09a0dfa2c0fae5785fba2bab44
torus.out0.05748.h5	58053cf90964b3dbd9388aba61fe9f78
torus.out0.05749.h5	74ecd029da23cbda2d770105be72f5ef
torus.out0.05750.h5	36eb344ecc6fca0017af8377239f97f3
torus.out0.05751.h5	1eb40e2409f0705ef73a002a429ca8d2
torus.out0.05752.h5	1b18a9b99130f1450a2681d99c8a783c
torus.out0.05753.h5	3c8bbb65c40e88d81c30b4e3863579cd
torus.out0.05754.h5	a3dd7d2e136349e3a53e15de7b5f9643
torus.out0.05755.h5	2fb111ee3fd18fcbb750698e172e9ca3
torus.out0.05756.h5	b4e936c2180e913c9e117ba361d42888
torus.out0.05757.h5	0d1472f36b7a1a76f546d1bf8c694315
torus.out0.05758.h5	c0b13e6f074803e4021440fa49851659
torus.out0.05759.h5	ecf6befcf1f9043aa677cb3794de32c4
torus.out0.05760.h5	2e4f01db9c7937f64a9732a108289823
torus.out0.05761.h5	0ad4bb88fb5b7693ab7e71f1a0bc4d6d
torus.out0.05762.h5	558c46639fbaf925e7d8d623b38a7ea7
torus.out0.05763.h5	e7afacd56a73153769e14f9267074d1c
torus.out0.05764.h5	d4be1969cf6a4919e4e47167a002e735
torus.out0.05765.h5	a7188b0e005e7b7490deed749e833c38
torus.out0.05766.h5	b87b24c3b398be563ae7f19ba693fdc2
torus.out0.05767.h5	1c89ec9b324f36df65800aea19226a39
torus.out0.05768.h5	16c93702d9e271925021a8bf1e9e4aa1
torus.out0.05769.h5	81b8ccdf0b2c6549fbec1054f679d07e
torus.out0.05770.h5	663453edb658e36c1cdf07bf1c3dd7d8
torus.out0.05771.h5	3a92224c516550a0a7db7258ad6f4718
torus.out0.05772.h5	9d239da016c8364882370cbced18af22
torus.out0.05773.h5	106198086ad03d80e478abc8b7770569
torus.out0.05774.h5	638dfe453dfe33b0826159b61a962fae
torus.out0.05775.h5	003d7f82877e47be0ca3fbcec134a30e
torus.out0.05776.h5	ad863e2e526ec2debf06e73c5f28f622
torus.out0.05777.h5	a093012f3cc80cd546febe66e0e497ec
torus.out0.05778.h5	6e9859ebe7ac617520d9d7f55bce07d8
torus.out0.05779.h5	61ae7071db54c899f9e658a270a67804
torus.out0.05780.h5	82f7916e614a9e145bbd99e2dde422fb
torus.out0.05781.h5	59b30343b16301a4dfeb475025e2d794
torus.out0.05782.h5	83ec57c333c3ce871abb94688f0951a0
torus.out0.05783.h5	1cd0e311ed097e5c8b65f1f6bf16674d
torus.out0.05784.h5	21ceac76b97e180afa174c7b5ae1409d
torus.out0.05785.h5	3d7d33ac6615140c5df334007e1866f5
torus.out0.05786.h5	45641cf5a4d7e0f6d7b3caf4bda323b9
torus.out0.05787.h5	60a1fd8d0c1738951b5b4e191dc0166a
torus.out0.05788.h5	5b0986a1da23740a19ec196adc6910ae
torus.out0.05789.h5	3e0f642574192286851df144ae47d0e6
torus.out0.05790.h5	ae1ec436a07ae6de55db92b7b3b5f28d
torus.out0.05791.h5	9f6ab27c2600f0a367210bcdf04ebf28
torus.out0.05792.h5	56fc0918ebf2054072445d5cc1d6fee3
torus.out0.05793.h5	cb159f7f75eb01072173e7edb4c12aaa
torus.out0.05794.h5	e0cea515e04a557f0b815c6eaf027d45
torus.out0.05795.h5	fe2bb66c060630e0111d35405938772e
torus.out0.05796.h5	7374dad9e9eee3f84fef56822d86db7a
torus.out0.05797.h5	2672a7896a43a24e602758860f86e417
torus.out0.05798.h5	1c33907fc3f3b75189ede43161ca2afc
torus.out0.05799.h5	9109bce87091da68da04b22c192e8ba3
torus.out0.05800.h5	48ccf079c41162c91fc0596fcc141aad
torus.out0.05801.h5	7be163c01ed939d6234749f447d31815
torus.out0.05802.h5	0c9d485c30ac538fdd7e0156d24051ae
torus.out0.05803.h5	546b0587230e0e4cb63cfaf011dfad2e
torus.out0.05804.h5	63c6172d4fda4e7649bdb39c9746e0b4
torus.out0.05805.h5	372ae83795b956446afc5cad7282e61a
torus.out0.05806.h5	25a543b68942135c10b803dc22e0707c
torus.out0.05807.h5	f380a72cac236aa6505bc84b32e03c32
torus.out0.05808.h5	f434690962e0187999e50c9608e02757
torus.out0.05809.h5	2ec51b9931dfd93e5b7434ef4862bfec
torus.out0.05810.h5	611e1bb3134d04c12d8d3d219c357880
torus.out0.05811.h5	4d113751f9113ce27be7f65f47ee3882
torus.out0.05812.h5	a926fb3623daccb6d7138923faefc844
torus.out0.05813.h5	25c5e52b8e70e6b141aa14e2c2d59903
torus.out0.05814.h5	4bdd0a66e59ef97e5f8b64f8cfebb9bf
torus.out0.05815.h5	4e2b2038001b61673140f678fb075435
torus.out0.05816.h5	d9e50063a7512dabae4abceefdc702e7
torus.out0.05817.h5	df6504a90e166126259222f2875c780f
torus.out0.05818.h5	680898b61f551302f3e29262b5628477
torus.out0.05819.h5	e87401229b181a01776b552bc9b6ef41
torus.out0.05820.h5	fccbd4dbfef09e9649c7c75321c8335f
torus.out0.05821.h5	202acbe45c5d9942772ef31c1302d620
torus.out0.05822.h5	5b134a935480d3988c2b6ff376cc635e
torus.out0.05823.h5	78abe7b592f91262dc14d6035773db43
torus.out0.05824.h5	9d84bcb6d341673eb213bc2aef653940
torus.out0.05825.h5	47f06d4684b8be1254cf915e2d74a7c2
torus.out0.05826.h5	b7ade7ee3e466ba929ba38736670e697
torus.out0.05827.h5	133f06494497850ba059b376f3da8faf
torus.out0.05828.h5	fcf8c2387e96bf282d87600b5b2e7846
torus.out0.05829.h5	8b348a7daf0df3a26e9e1a2553c6a29e
torus.out0.05830.h5	377dc35437f5a4ff3ca06c254174d957
torus.out0.05831.h5	f906ae10fca7a94edd8d625b5a43f34b
torus.out0.05832.h5	fa65af87c66997b0214a396408508770
torus.out0.05833.h5	7da5d5f4ab98c8812e19a656a7a74aee
torus.out0.05834.h5	d242215c16d9b748eee158a1ab1c7325
torus.out0.05835.h5	04bdebb216867cf23e4e568b918f69f9
torus.out0.05836.h5	8793d449f45ea8c2ba1e2113826e0877
torus.out0.05837.h5	e257aaee95842e25d37c0cfb9517f811
torus.out0.05838.h5	e2b93baa511fffc5822c0af4de0afc02
torus.out0.05839.h5	9c24ea742f0ac5454806e9fd570c2357
torus.out0.05840.h5	ee278241e8fbc1dda0f82509aaf53282
torus.out0.05841.h5	92cdac282cd25d06c08d5a3a4e2b4f22
torus.out0.05842.h5	5570a41a549cb79397e72b84cb5c8f4b
torus.out0.05843.h5	9852c4233dbd42b19502bd7da6c6c222
torus.out0.05844.h5	c359b31ca0af62ace51310465d93d477
torus.out0.05845.h5	e2a78a9134d0e1522adc1b315e5eb902
torus.out0.05846.h5	0fdbffe0c6a7b16869dc374158cb7c53
torus.out0.05847.h5	2c98c5281f5341b9d82a932082116350
torus.out0.05848.h5	7d106b02b55df5696f8022c1f0e5c459
torus.out0.05849.h5	bb851bf2cb469c9bb9293e88fae9c7ff
torus.out0.05850.h5	eb1a045db63feaeac1efec6e47332e61
torus.out0.05851.h5	fdfa90bbceb750868f1eb9735d1425ba
torus.out0.05852.h5	2961cd6458ba05db16a0dccf8b76e8e3
torus.out0.05853.h5	ff92e40d38e33d037e9fd672c8ba0279
torus.out0.05854.h5	b866c14ec321750cc712cea2ffb039cd
torus.out0.05855.h5	883a36dcdbbfb4290849fe6627e22341
torus.out0.05856.h5	f31382f3fdcb9a092653b19979be5ac3
torus.out0.05857.h5	da6466651ee130e902398dd557b80e98
torus.out0.05858.h5	aef38799af3d7a2d77d8af2268edac4d
torus.out0.05859.h5	6a6b2464475e6f16096459fc0132c368
torus.out0.05860.h5	6bd2a39077e1d1732f859fa995dabc2f
torus.out0.05861.h5	facd03c68f873a600e51ef6c7fb6df4e
torus.out0.05862.h5	c28ca3f5dd2d4b1d5b3f16022d795f67
torus.out0.05863.h5	0797609a4c0f256585381c07bf5fadac
torus.out0.05864.h5	2c89d46f8ad1e237316b3d4457c4ba6f
torus.out0.05865.h5	ec1092f71df7a59a28db4247f6765f9b
torus.out0.05866.h5	b75d771aafa7462f546aa3b96e850ca1
torus.out0.05867.h5	a907a5dd569e306f04ae82a0e39950f5
torus.out0.05868.h5	fa86aa9632ce78b26a7bd6957e43db70
torus.out0.05869.h5	b764c4eeb61a55304f5c46157b5f1153
torus.out0.05870.h5	503c28c99c23c5428714a3d6497ec5f3
torus.out0.05871.h5	04a8db00a380e155bdad1524fc79633d
torus.out0.05872.h5	76bcdf354f095ca73be4851cdedee865
torus.out0.05873.h5	228ebf5bde50ecd3292ec2ffe61862a3
torus.out0.05874.h5	113c8a3c9c18d906d9a9764db4255b88
torus.out0.05875.h5	1308f9fd2ced67c5ed02fd8a35e45e60
torus.out0.05876.h5	9250d25221c6f421d069706c93adba58
torus.out0.05877.h5	aacf86314749ef1241ae22b144fc00ce
torus.out0.05878.h5	1163eabb9b4857f8824fe0e8138ff2e8
torus.out0.05879.h5	4ea134f6718052aa4b9a6e0838932602
torus.out0.05880.h5	d91431bad1d0ba1d7b5f57db3ca66496
torus.out0.05881.h5	1a8eae27bd408cf134838b75e754b9a4
torus.out0.05882.h5	4fbae300268c880d44371fbb7396eef9
torus.out0.05883.h5	60d687fdc5fbadc9d4d51c34d84a565c
torus.out0.05884.h5	a32dc218ed1e871965a6ddcb3307c60f
torus.out0.05885.h5	e4c5bd2b343f4daa8ebce5cf81e8450b
torus.out0.05886.h5	3c6441d88e338b4d13f1119ab822dca8
torus.out0.05887.h5	2d09f95507037cff6e2e6ec9837cbcb1
torus.out0.05888.h5	0da9d9cb435eae758e11b7a3bb8208a0
torus.out0.05889.h5	1bc0bd358388143e299b9e2f52848321
torus.out0.05890.h5	a1bd6e3cce565e1516464da6fdcb7adf
torus.out0.05891.h5	1c7b79701e090fc2a35cf9fe16efded7
torus.out0.05892.h5	bb15203f09e98c021b6d2b65de1dce94
torus.out0.05893.h5	52648e6baa364c365ee9b2e282971ec1
torus.out0.05894.h5	163b34bc560f292d5479fda172082207
torus.out0.05895.h5	7ef42908a3f4f29df34b40cc6fb6db71
torus.out0.05896.h5	9002448c66262d2ad5b9286895e721ac
torus.out0.05897.h5	733a33d7c5271d9326766bdf6638e27f
torus.out0.05898.h5	a1c929624d85deac98af01972236beb5
torus.out0.05899.h5	9fbca27347465745909f5255654fe9af
torus.out0.05900.h5	b11dec4b9b06efb31a5a8010da724b85
torus.out0.05901.h5	9336f071531f964d804d8356376e31c3
torus.out0.05902.h5	2bf1a13eba497d4916823657610b88f6
torus.out0.05903.h5	da673576435615535e6d959866411235
torus.out0.05904.h5	d3a12f1824c8a02895cead5d1ae965ad
torus.out0.05905.h5	8ae1d30114964473f8f286f905304376
torus.out0.05906.h5	61f37fd6c325b7db987ae6f9fbb689c0
torus.out0.05907.h5	7ebab6b67cce3a850a22441e5356ba7d
torus.out0.05908.h5	3a2a21c766bc2657e0e61cbe17cbf047
torus.out0.05909.h5	9f859958f41975cc3ec837c46c25541b
torus.out0.05910.h5	f8922571d9a1fddcfd4d830dcc733ce6
torus.out0.05911.h5	3b0325c66e97d88014fe264e54cf6696
torus.out0.05912.h5	2a9350b7050538d48e67a0c749942a57
torus.out0.05913.h5	972dbbd5bf994b85fc67aca8d0a3f212
torus.out0.05914.h5	9901677ff99d93b7fa53829d00cb693b
torus.out0.05915.h5	bfaa1df979f992b4ce1e4f88803345c0
torus.out0.05916.h5	8cbb6a96068eaf3ed285845f83704b15
torus.out0.05917.h5	2e4ef8d540a304890368e4ee52361716
torus.out0.05918.h5	28ec29b8bea03824aa6d1e2b20e8a059
torus.out0.05919.h5	9fa900461b961a81ea444005ead8ac4f
torus.out0.05920.h5	8623b5cda5b4da1590a142d90f35e9bb
torus.out0.05921.h5	0a15e5d99c3a378d921fc4aa5d59f436
torus.out0.05922.h5	3994817fb6544183cdf8b08f53474f76
torus.out0.05923.h5	a2c7e8603d86d7107dd889e7172e30a9
torus.out0.05924.h5	cbe69b3cef5aef85714333b7062dfdfa
torus.out0.05925.h5	b94c5b4d5e42e159a6680415189f6929
torus.out0.05926.h5	a3c71570dd225285c7e91edfa0ce6cad
torus.out0.05927.h5	bb558ee8af692f501dc057ffe6fa4da1
torus.out0.05928.h5	de39d4d1cf5e1fcc1ea20dbb4a8cf831
torus.out0.05929.h5	91542d5e1f286ba5108694f23c0f7ac8
torus.out0.05930.h5	39b4b48c1a624bce48f267753e5cd9b7
torus.out0.05931.h5	0bbdc51d82518878d7b07da7369a5a16
torus.out0.05932.h5	ac24c9ce532702aeaa6cd8d504959732
torus.out0.05933.h5	d25a513587d4d93c6f84fc9117e09d63
torus.out0.05934.h5	917adc653d0d1232bb28732d318ae033
torus.out0.05935.h5	8e6237b2690882f8a7b51318d8eef54a
torus.out0.05936.h5	cc94005d262a7823016aae3784e39a8e
torus.out0.05937.h5	f805204987cf00bd09002843e81fb9d0
torus.out0.05938.h5	a0a46023c7dfd9b1a7bce650fe03b689
torus.out0.05939.h5	f960253e53697e5c1da34a4e52a9953b
torus.out0.05940.h5	3209a68c98555f8e0a8867aeed1b0edb
torus.out0.05941.h5	8e61946a6a388c6cfbc348cecbe5ec44
torus.out0.05942.h5	0979580d738e37f4f794210f60e8d19c
torus.out0.05943.h5	486bcb96878e22181286995288dccdfa
torus.out0.05944.h5	5a45e0c8dd12e2e736aec4e5bad2ae6d
torus.out0.05945.h5	2ef66574a78ee7b1f64fadf95ca09cac
torus.out0.05946.h5	c1ac1569b8ad2655c47cec075a737757
torus.out0.05947.h5	fd2914772e786c5e81011442bce3f39c
torus.out0.05948.h5	bf48452e79a2271caac9ca9ff9b03689
torus.out0.05949.h5	44a35d3ca4f3936cb5b2d86ffc4a70f6
torus.out0.05950.h5	327192c9b84a4a1082af5b9f77a8a46d
torus.out0.05951.h5	9ee6186c1388cf80295dbfe0621168f8
torus.out0.05952.h5	be6c819d4f9aba08a0a607477ff2777f
torus.out0.05953.h5	f0e93b813d0beaf0e2ed059b8f127a19
torus.out0.05954.h5	71ba27a5a65a4f217c33c3902c150ee2
torus.out0.05955.h5	568883b396a8e6b5dbcc2c6f933f309c
torus.out0.05956.h5	8c0ed4736eb6de9021441b81a949dbc5
torus.out0.05957.h5	2643c3f7802731b0d485ec748833f983
torus.out0.05958.h5	799bf0c7c0f6c3ee3fb1e00590591282
torus.out0.05959.h5	5a94e1f67410266da90addf4f8dd1a87
torus.out0.05960.h5	e958756f091d90cf0bb12fdc4a65c918
torus.out0.05961.h5	369c6e4b84c78d2f6f090eae9204773a
torus.out0.05962.h5	99653757cd9a671e18880c553e146489
torus.out0.05963.h5	0ce2c0625ebe3b6259a3d627bd0755c9
torus.out0.05964.h5	2ef454b16b7822cdc4de91633a4752da
torus.out0.05965.h5	8c0b769b1762a2cd0f089453a20e4620
torus.out0.05966.h5	c29021ac916d59cc6647c89eac4e6eeb
torus.out0.05967.h5	2a7b356d2abf6b6f26812a4459050dbf
torus.out0.05968.h5	ca55720cd173a397283e32b71fd42f2e
torus.out0.05969.h5	1b64e10fef51a2ae0ab7b1e282fb4912
torus.out0.05970.h5	91a66c055ead9ab2dd59d156f5356ef8
torus.out0.05971.h5	533a6059170ef3943f0677309e8b6486
torus.out0.05972.h5	1a56c9d77866c95e38dd2d7c2978c8bf
torus.out0.05973.h5	4752a3dc4f43284e579ecee10d15a943
torus.out0.05974.h5	0ad6378523baaa11351c4b4f92782cf0
torus.out0.05975.h5	f56d8cbd5bb487bc8f4801f8bc4e4cc6
torus.out0.05976.h5	a1cc997b810e0907c7c567380e3770e0
torus.out0.05977.h5	edad18fe7a18c8dbfa8d939ff30e13a8
torus.out0.05978.h5	59ab8fe91481619e73e7ed41406bb159
torus.out0.05979.h5	52902b5898087db9e04ae794eea91ff8
torus.out0.05980.h5	bc1075ceab75fe179af6e25221cbbb72
torus.out0.05981.h5	0ed558e19cd5c0b29d42ec16dd6701d8
torus.out0.05982.h5	2a700b74b5ba861abae486524d3ea609
torus.out0.05983.h5	759b71b76b88104f422b543d8300551c
torus.out0.05984.h5	23d10680ddfa472ee8baa88f5b24d9ae
torus.out0.05985.h5	faf69726d89c195244bef9f019ea579b
torus.out0.05986.h5	982588fc359232d78ad239df987b4741
torus.out0.05987.h5	f120fc51330c1b6c5bc2116b37cdafba
torus.out0.05988.h5	d27fcfcf9f4fecb43248c749794dc3f0
torus.out0.05989.h5	95dbfc0eb735f9787b80ba0eee4220c8
torus.out0.05990.h5	2eae538e46e8417cd6747de99a927090
torus.out0.05991.h5	55c8f66c5d3709e1fc677a8f89fe1c93
torus.out0.05992.h5	38b8d00b2df50bf23537206d9909a36a
torus.out0.05993.h5	3fe854b281320097613e941e08010ec2
torus.out0.05994.h5	d37d859473836e79f0b7cee97f3f490a
torus.out0.05995.h5	dfdf11a8f4d292c083f0976e6f3bae94
torus.out0.05996.h5	5db91b7c475f5073bf415ae60852bff8
torus.out0.05997.h5	ba6aaf00fdd05e0f4c6b04573d12cef0
torus.out0.05998.h5	88ab845b007f6b2401a425f98da4e3d8
torus.out0.05999.h5	666272276defa10ee9258609309b17b9
