torus.out0.03000.h5	5f244e5dc91e3ac1559568589d98b867
torus.out0.03001.h5	813f3ef36264cd1d6667e668f6109704
torus.out0.03002.h5	eace28b92c82062db1ed1ab7bce1f34a
torus.out0.03003.h5	d9e942338c7ab1f353a5f5194b24b651
torus.out0.03004.h5	15826bc1e6284e8e8507d80fc826b19f
torus.out0.03005.h5	ed1197211c24bbd4a789c22aa300be7f
torus.out0.03006.h5	d978d3f2884043588529f11b8af5661c
torus.out0.03007.h5	307aac242e2b3d4e9a32e5f1719df5c4
torus.out0.03008.h5	e2a83e690827f624fcaf492aa33b1d6b
torus.out0.03009.h5	5481a995505b0bc4b50ae782f9dcf822
torus.out0.03010.h5	269fe2c785737ee044ff690341aa5d7c
torus.out0.03011.h5	dba54a0b49558af33dc5921b2690cf2e
torus.out0.03012.h5	17d0aa464042cf1a5f622d242155861a
torus.out0.03013.h5	f0b6dec283175248e9aca4ec8ff9d295
torus.out0.03014.h5	6e50e17648965b4735354da5aeab15b6
torus.out0.03015.h5	9662053a9fc3bb76eb5579dc33afb3b6
torus.out0.03016.h5	570a37ef3c5261b6baf3a719e5c69ee8
torus.out0.03017.h5	dd8c442daf52e6a4887a7033abb87acc
torus.out0.03018.h5	cb7d7ad431c5a1cb4622ca589be22542
torus.out0.03019.h5	46d63e265e7de03fd814ebaf627050b2
torus.out0.03020.h5	f65783f4cfe9fff36dffb5b4bdb9b33b
torus.out0.03021.h5	95a608f2ddcfe0295ed211a29190d605
torus.out0.03022.h5	03576e57f6c6260c6b6216a9ec29fcfe
torus.out0.03023.h5	3dc75d824a6537a7dca25aa6b7fdabb5
torus.out0.03024.h5	966f18b78d7eefcc3ec4e42cc66bc25b
torus.out0.03025.h5	e1b1d28cca6406f994858770518abc0d
torus.out0.03026.h5	bdbbda5aca4e3dc92097630316d0d345
torus.out0.03027.h5	7002f62f388f531d7eb7330e88bccafc
torus.out0.03028.h5	9c10c2ed28c43359c35dc507f3578d1c
torus.out0.03029.h5	7e7390151c4df05fe2a82a28bfc55a02
torus.out0.03030.h5	609c85de10b9cb52380e158089f36768
torus.out0.03031.h5	ee284881275d4e612c6cbb54fd2a19da
torus.out0.03032.h5	b0d75d9bf0cda85ca9cf8e131946d843
torus.out0.03033.h5	666b406bcda63c8df47da2b40663a1e7
torus.out0.03034.h5	de51feeea6d4954e4ee4e7d561d7f6df
torus.out0.03035.h5	49eff02060821c1738aee0f7e9f6a16a
torus.out0.03036.h5	42587c8cc61df962fa8c9124ab761404
torus.out0.03037.h5	45389146bcc7df0fc7826d3d0a8f472d
torus.out0.03038.h5	fe6a72126c08a4acad3ee318d60a6c0d
torus.out0.03039.h5	b65c6b4a4014d2d54da911ecb135f763
torus.out0.03040.h5	3c499b43bcfb99a119da59c41be4f7fe
torus.out0.03041.h5	a9ebedfe8ba95be35f9dbec0e300c039
torus.out0.03042.h5	11b34ba67dbc54078f11ef9bd3754d25
torus.out0.03043.h5	76ae24a5e09d08d71156dc8ec0dac22e
torus.out0.03044.h5	3304b13ca6bee6603ca93b902ca00c6c
torus.out0.03045.h5	064a07fec575bb445be3f8b0cba08784
torus.out0.03046.h5	b34669d9b7283e73dd404a552e63fe40
torus.out0.03047.h5	c8f73f7031862ce49b4e837ff033f511
torus.out0.03048.h5	adbfed23e222118c24fdef4ceb077913
torus.out0.03049.h5	99ca9318b5ebca4e27f02d7b5abb3e90
torus.out0.03050.h5	5891da8a5d2c92bf94d965bd63362f7c
torus.out0.03051.h5	a4fb693ecb16659ba521f0a72a17294b
torus.out0.03052.h5	8fb2814a3eae8d33b2d74f7ae13a78f2
torus.out0.03053.h5	448938765e464dc45bbbb6095a59ec02
torus.out0.03054.h5	6bd7c93e2cd19c5ed4afddce6414b355
torus.out0.03055.h5	f2c6a1d132e76cb286838707ac0a1365
torus.out0.03056.h5	cc41ef44a1cdd23c6c2d045e0aa1a8ab
torus.out0.03057.h5	87adc7883e1029a8b705871c1e80b38f
torus.out0.03058.h5	90ebd92af2b0f06401b3d1123061f1f9
torus.out0.03059.h5	593ab74643e2b30ffb3acfac44932f29
torus.out0.03060.h5	d2691ada6b9214c2a27897c65758b8b7
torus.out0.03061.h5	a67511021bc2845190323e4c5008e780
torus.out0.03062.h5	367fb220c34710b7bc4896336dddba8d
torus.out0.03063.h5	bdaea6074bbd0a0b605b178b2878df78
torus.out0.03064.h5	2b2b2ca81e2d7add61963d469c39a990
torus.out0.03065.h5	2c83c415976baad247e57b78c1cfe39e
torus.out0.03066.h5	7ce307023c116403427d40930e52e7e2
torus.out0.03067.h5	68a83a24229734be8ab7a33e8a59cf29
torus.out0.03068.h5	5bb543877357c20d946c2b5ce6861508
torus.out0.03069.h5	6f992b186dd3acb0a8a905966625e00d
torus.out0.03070.h5	9542fe7b7f186216fcdf6148f3d7c7f7
torus.out0.03071.h5	9780900c7894c18a62d777c0f38f1bd0
torus.out0.03072.h5	9b95dba1f1305e5b8a5b8585fe8b1a36
torus.out0.03073.h5	f965513c36548398289a886b3bbc0619
torus.out0.03074.h5	598e55cd620fc62836d3635181c80711
torus.out0.03075.h5	451cf9c0b1ee31ffb13cf9d34a49ed40
torus.out0.03076.h5	7a205d0782892b72243b84f6cc3587e4
torus.out0.03077.h5	fb3fc78d0b8ca27e3eef19bb1beb8bb3
torus.out0.03078.h5	9f2200552ae23b43445e10d1e7025075
torus.out0.03079.h5	8d0e82109b46f304167b01b5de8658bb
torus.out0.03080.h5	f6f1a5c314d4270cd63e5686f9ff5b16
torus.out0.03081.h5	6bdc4bfb3fe26bf038b4214e064c972c
torus.out0.03082.h5	1865f2ab727f824ddb86e02ce488b531
torus.out0.03083.h5	11ce333b4835ce36f7237b447cf523e4
torus.out0.03084.h5	79ad5c9e6cf61518a60b3aa04482c53a
torus.out0.03085.h5	130460fce69c5c12885f799ca530f354
torus.out0.03086.h5	bf582bcaa6adaf7f4ac055529f6fbb1f
torus.out0.03087.h5	4f6f5d416034d04c1b0e847d4b3bc104
torus.out0.03088.h5	a0973223dc6c35b83246bb869e3ce4b9
torus.out0.03089.h5	19276cc041530ac5e39e9458d5a6e9ca
torus.out0.03090.h5	850f41d218f11101842aeec3123e6bc1
torus.out0.03091.h5	726db1d15e1c09b5ce34f6a2cea707c0
torus.out0.03092.h5	2203676f2cfcbb44da637910db17d2b7
torus.out0.03093.h5	f0f21713711065d82eb4cf13b6a08e08
torus.out0.03094.h5	91a7799eee3b5e4e178180e2a4b53dbf
torus.out0.03095.h5	8891339592b89ee74a8864f9b95c1db9
torus.out0.03096.h5	c3e1491b680606d78ff91b37524e20a4
torus.out0.03097.h5	94cb562859357c6c476343b83d2ab7a1
torus.out0.03098.h5	fb36c988979a5cab0449cd0ca0739f5b
torus.out0.03099.h5	520a366e07a6f4a87513bffcfa246481
torus.out0.03100.h5	1512b3265854a70ce2c97246dec942c5
torus.out0.03101.h5	bcb43e71e7c88ebbaa515f011e54be3c
torus.out0.03102.h5	c9e62fffe20ebace3bd8336a29b9321e
torus.out0.03103.h5	283192ed9f7acdace5867f3ae3992966
torus.out0.03104.h5	26f948dfe25ba687a571fc86e79d9407
torus.out0.03105.h5	5e0d5c92381ad24172526550759e33d9
torus.out0.03106.h5	c95f523100c784ae605598eac4777019
torus.out0.03107.h5	8badf6e970d04d6845daab882fd42b2a
torus.out0.03108.h5	0ed43f112a4762ac911cda17fe2fefca
torus.out0.03109.h5	49d42bf3d32f7b6162976f10357d9ff5
torus.out0.03110.h5	929b8c18ef02902c52f2f16d0f166fb4
torus.out0.03111.h5	94f40ab595ccb0958b6a5ca1811dadd0
torus.out0.03112.h5	2a4b31dcf57270c1c848cfd2f678af79
torus.out0.03113.h5	9ca3df6492f4a65ff60c8b9b4d37f124
torus.out0.03114.h5	2fc0a47ba108b1f54652a3e3f27ab763
torus.out0.03115.h5	1f1b31c98dafa2fc4c534cf2d8c8a6cf
torus.out0.03116.h5	2389db83806db103115187a3058bd174
torus.out0.03117.h5	825347495efa6ec977788c563f36db8c
torus.out0.03118.h5	906896ec1e94e260b805d3d3caadf274
torus.out0.03119.h5	f156c34cb761014664b44f10d80283cf
torus.out0.03120.h5	b532883b2dc65a0ac09f46cb6699dbdb
torus.out0.03121.h5	d40b23ca7c2eccb67ed0839e86d03456
torus.out0.03122.h5	7ca09f719d42b55dbd28934f3537890d
torus.out0.03123.h5	8845563d2efcda91d8ec24fa544618a8
torus.out0.03124.h5	06d289c33383ed6f78aa9315be0fe61b
torus.out0.03125.h5	29922e74949bae8b438b0d00a7363dd4
torus.out0.03126.h5	92e60eb484e493ef0d1c81771db30b10
torus.out0.03127.h5	dfa5cc01c0ed8f661d17b582718198a1
torus.out0.03128.h5	ae6eafe19afa83de2983faf7e42b6258
torus.out0.03129.h5	550e7b0e50d9ef2c12a366e2c2c7dc8d
torus.out0.03130.h5	720bb7ef1e5166f4f70f1697ced90686
torus.out0.03131.h5	707571fda844c6418b2711118b45956b
torus.out0.03132.h5	ce7133b7a1a9cfb7ecb5e3b0d8cba797
torus.out0.03133.h5	1de50917e1b1fcb451456829311c94f2
torus.out0.03134.h5	4bf4a0bdf3870842931c26a837048c7e
torus.out0.03135.h5	1f1557aea70b120d0a67f14ac1a02215
torus.out0.03136.h5	fd041bdf0646eab44e7a1e75cb3644fd
torus.out0.03137.h5	684cd73d8a39dc47073b3323c19ef672
torus.out0.03138.h5	b0295ac95b2a436c0b37eadc537be50c
torus.out0.03139.h5	8bf16848a0324c207aedbe49598c517d
torus.out0.03140.h5	b4f41abdc828e07721261318bebc7923
torus.out0.03141.h5	fb217e9ea1d1a4b9f3d10ebb443a5a8f
torus.out0.03142.h5	4db3372fcd00f46481a1091946dcbbcc
torus.out0.03143.h5	8ab4bf5b6d284663acff22a16a6fa221
torus.out0.03144.h5	ae25a243b35bc7adfc0a746d45826248
torus.out0.03145.h5	7d95858b43c4b11645683d4cdb296501
torus.out0.03146.h5	8a7c0109410b08e034a929616dcb64b0
torus.out0.03147.h5	e40739fd71655927090bfbfa423ebf4d
torus.out0.03148.h5	a41e26ddde0f99a8bdf2344198fa8c25
torus.out0.03149.h5	19a8767f074f953e2afc86ec9419d475
torus.out0.03150.h5	453719bf0b92306a55eb7fcec19f32da
torus.out0.03151.h5	34acdee86af2b2f7b18f224bc57472ad
torus.out0.03152.h5	39ddca4a47b9efe812e24463ee81e3e2
torus.out0.03153.h5	7f0637ff83a290f9c9bd0f2a6838f5fd
torus.out0.03154.h5	cb7f24995c0207a7c916392b8a1ec336
torus.out0.03155.h5	50bbec6b66b39b828387075f4461439b
torus.out0.03156.h5	de8b8c82131d2d4577c50d3e331192ea
torus.out0.03157.h5	d79503c9722f5d70d5ced33ba45784b9
torus.out0.03158.h5	887a03dd0bdfa2199e16e02670b4eb0e
torus.out0.03159.h5	ee4faaa61929568eb38a7f3c2cfeac1d
torus.out0.03160.h5	7d544a8bddbaa576628798fd30e90e1a
torus.out0.03161.h5	c5430f5b2e2ef2f25d8d9c132ff907c1
torus.out0.03162.h5	7b104563444a49da797aa07a1237c1be
torus.out0.03163.h5	820db92d42d7c6e0f4026dc317600c3a
torus.out0.03164.h5	ba78825115a851625509c089d2dd1885
torus.out0.03165.h5	cf1864327ff5ecd1974af760fe35331e
torus.out0.03166.h5	f07d319533305f4758063d8712eb5b32
torus.out0.03167.h5	12450a376f8496e9f2a026bac17bdc6e
torus.out0.03168.h5	00db596c301195e9767887dc8c6bb383
torus.out0.03169.h5	a2dbba512d55bcea5a96719c6124f6d8
torus.out0.03170.h5	d56b48e6f2a0b27316479f3bcab67696
torus.out0.03171.h5	d7e39d014277897863f689041bd251fa
torus.out0.03172.h5	0a22661de1761c4e5ff618272f680f60
torus.out0.03173.h5	bd0d9d1d1cfa14ae8c513d1c757a9657
torus.out0.03174.h5	668cd6077062f43394044353e3c4c278
torus.out0.03175.h5	eaea6bfbb6f3ee93db0bb4d60390dc9a
torus.out0.03176.h5	4df1fdf5eb36a8f6301e6c18d785339e
torus.out0.03177.h5	47769c86c7641c272aabc84ec66d368f
torus.out0.03178.h5	9c3382e6f88d11385bd6e82b7affab4b
torus.out0.03179.h5	f5723cc5a26c3629db77f602085bac97
torus.out0.03180.h5	5e367e6406e74ce93176b756f0f9d9aa
torus.out0.03181.h5	c549601ef15b37378e98d9c5efb8f6de
torus.out0.03182.h5	92cea46f2ee09d7dc6f1fc0dc1670652
torus.out0.03183.h5	55ee7fd2d3d9fcf03c5a0f1347e43003
torus.out0.03184.h5	68a5a885bebdac4d345a9a916a3fbc6c
torus.out0.03185.h5	09084e398894ef8db26cf8f78a4185b3
torus.out0.03186.h5	1fb1a0aee1a2ac0872c0d59c82df37b3
torus.out0.03187.h5	e89bb2bb993966c27bd3e467a1b348dd
torus.out0.03188.h5	0a905f7b8e9728a03f13b720e4a44913
torus.out0.03189.h5	c5dd8b312be4a969170afde1c9410da8
torus.out0.03190.h5	cd0e60e50b82c9d4f29b008217adfe99
torus.out0.03191.h5	b303fac2604c4ec944660decc12ecd65
torus.out0.03192.h5	069e21efae9bc9f443853c7d02751700
torus.out0.03193.h5	e888d2f2aa5bfa674360a7d307b22a33
torus.out0.03194.h5	4369d38566264bdc3ea09f826530a773
torus.out0.03195.h5	6de2b44c5005edc6e0e9b5d5c8bfb3b8
torus.out0.03196.h5	50c972fb0bb9660db54b8c80aadd4e09
torus.out0.03197.h5	0d6a6f34e633d23a33f9bc235ca540c8
torus.out0.03198.h5	d876d1b0f873f3091a89b0be5773a815
torus.out0.03199.h5	69f3096419b0a3034fa093698f77aef3
torus.out0.03200.h5	654a27dd4b1ad1895b4bc8b95d74dcba
torus.out0.03201.h5	cd8c8ca271d8c62ba3832b2c90e5dad3
torus.out0.03202.h5	9ca28e4b175eb5b26f21832d5bbc8d1e
torus.out0.03203.h5	71c114dc7a2224bc0797de7cb32fdf40
torus.out0.03204.h5	95d01cf62a2f27a28782b377220190cb
torus.out0.03205.h5	d5e92106e82c983eb8e0717b19d86a5e
torus.out0.03206.h5	ffff69e884f5f7f9410d3df49429e649
torus.out0.03207.h5	ed024c3ca42371480142e21714c35ed3
torus.out0.03208.h5	9c3e1fb2fa198ea3135d32f41d2a7aef
torus.out0.03209.h5	c19d160e5c561788f391b5a2569b7300
torus.out0.03210.h5	8da117f0d7f0e8b523eb733d17e2310d
torus.out0.03211.h5	d21bf2fe939dcde48d0baddff558f5ab
torus.out0.03212.h5	ead3b7abd87319ee21f7811a898dfe6b
torus.out0.03213.h5	4275fbddb9b03c029abc5cc901de6949
torus.out0.03214.h5	2dabe88930ed94a2b79b3385d18661f7
torus.out0.03215.h5	281c1171c593a98daa8cb05a9f811f4a
torus.out0.03216.h5	c2c7ec7e9b182c0d60a4f15bfb1af2bf
torus.out0.03217.h5	49043df645b85042a2e904e72e991f91
torus.out0.03218.h5	1a1450e6a95c9619d00bade329ecd955
torus.out0.03219.h5	5f81d1ea90a1be65dc6dd368409880bf
torus.out0.03220.h5	7620d5603484528497b2d5431835d7ad
torus.out0.03221.h5	18b02cb7e592d2bd4f8077a6e8c8483a
torus.out0.03222.h5	c91711116edb9d48f1547347498eb90a
torus.out0.03223.h5	71f4fb836e615d53daec8ffb01320012
torus.out0.03224.h5	87e92e8431cf896f88da57d2e81a0ca6
torus.out0.03225.h5	60b607975aba19adc27f73cdc9361409
torus.out0.03226.h5	10d5ba3297833c6928fe74bd63f91417
torus.out0.03227.h5	65010efcdca8f2fc4b519cb265513848
torus.out0.03228.h5	9142fa2ab3f78201455670a9ab195947
torus.out0.03229.h5	f29e3d49b5cee547551ee1e8293c384d
torus.out0.03230.h5	9075883d7e6ac89d0bac205032f11b6c
torus.out0.03231.h5	b812bd5fd444dbc5baf0358b08adad3c
torus.out0.03232.h5	3306b290ea92b8b78451eaa4e2a400e4
torus.out0.03233.h5	f213a25fec54376c7ebdc45d73eb6483
torus.out0.03234.h5	9a14e80545e054d15e3bbb045caa9e11
torus.out0.03235.h5	611bebfccec801b5b392c5fbc52e6064
torus.out0.03236.h5	7dd4c65709c1064ce6a9516564e25fa0
torus.out0.03237.h5	2eb6e6b5094671f4fda8e52b922143d7
torus.out0.03238.h5	0d471a42171d1ad8fdedec52e46e4b9b
torus.out0.03239.h5	8f647b6df42cebadf939296fbc5559b0
torus.out0.03240.h5	8381cde99baa3d8b8ada5323bd298fde
torus.out0.03241.h5	fa542d75d21bffc40113d7f63ac63e1a
torus.out0.03242.h5	c15b906c4c170a88c632eed418161817
torus.out0.03243.h5	b9289b3c4eaf3f280ba8e2759403b72a
torus.out0.03244.h5	986c5a1e84a91d40991fddc9b9c4fc36
torus.out0.03245.h5	56dc33d0702dd2932d506b5b8f5089b9
torus.out0.03246.h5	a5cc96d8d84e753f1f8aa60ef1a2e9e2
torus.out0.03247.h5	b4fb4edfe384ff881b67960d2d6b9710
torus.out0.03248.h5	e128559ddd94ffe8698ea480b1fa60d9
torus.out0.03249.h5	18c4564e0c07346317166416ab32ca4d
torus.out0.03250.h5	ab691341aebf0e87e6085a04d7d5c95e
torus.out0.03251.h5	37bb8214746f178d8c0e063bb82b6c70
torus.out0.03252.h5	08b60aa1b1f7b5ce4fc2fa0830e982b3
torus.out0.03253.h5	5769f78b72b3ccf00ded02758366fb3a
torus.out0.03254.h5	6c80a455245c7063e07ade8695529af0
torus.out0.03255.h5	4dfb2411d278d32a62eed184ecfd8a1d
torus.out0.03256.h5	4ca435c2b2da28048fb384c013b40251
torus.out0.03257.h5	0c7b14d70753165bc32ce56f024367da
torus.out0.03258.h5	5c27492cd85b08a1d370bfebaef3f699
torus.out0.03259.h5	03170852b3c3bfdbfb24626359080a40
torus.out0.03260.h5	2a17dd093f7a4ff47f7b526d4ee34a3e
torus.out0.03261.h5	9094810a032e446d75401458e474b6f5
torus.out0.03262.h5	9224649fc27770dda73890d54abea098
torus.out0.03263.h5	90a7b44daaac260c636689b6fe2208a5
torus.out0.03264.h5	d9cfe7f88f1532caafde4f31e290a009
torus.out0.03265.h5	03c498f8aa55fd8bf0767c7658e373b1
torus.out0.03266.h5	7d325de8d40615202140af37bffaca36
torus.out0.03267.h5	a240c4ef8a91f0badacedeea00cedff4
torus.out0.03268.h5	7efd07ad31fda345ee79e6b4eda3a7b6
torus.out0.03269.h5	f6cfc002ab32a13a5834bb103f445ce2
torus.out0.03270.h5	6913514ccadaeb4eab24a7e7ab4dc13e
torus.out0.03271.h5	e4d499b4032ecbe4152a0674af405a7b
torus.out0.03272.h5	6df6dadcab8776b0621f56601be73c5b
torus.out0.03273.h5	bd28b0d587b3905f95c09335305e466b
torus.out0.03274.h5	595494f65374daf93ef2021c183bbea4
torus.out0.03275.h5	47916c9a4d47f41b6aa3e2f7392f4d4e
torus.out0.03276.h5	2161cb85845a50bc0eedc1563af7f040
torus.out0.03277.h5	4d518408c8881a2bfe4881df1348f2a5
torus.out0.03278.h5	84c37e9608195d5c1849cf949e1874f2
torus.out0.03279.h5	f185e5ce47200c02dd3492c1e3901a49
torus.out0.03280.h5	caf8b0dcbe622747eed89d681055fc92
torus.out0.03281.h5	cdc6a862ff93af74fb91051ba702730c
torus.out0.03282.h5	325d13e876d788a4135e71af17bdee03
torus.out0.03283.h5	24944dae7601ed7f6b34d3f164a61116
torus.out0.03284.h5	1336abc50bed4420f23d588d1b6c7025
torus.out0.03285.h5	54080bafcbb154b251500fc33f6dbed6
torus.out0.03286.h5	0c7d49437ca41745df1c7034ff7501a0
torus.out0.03287.h5	250f8ad0454ce701d942c3e2c4d83771
torus.out0.03288.h5	5c90299d564975f38c2fd2c8a2bd44a0
torus.out0.03289.h5	5f1f71f561177fd7a82a016425f2cb9e
torus.out0.03290.h5	2c7603c462c796c969c9a1a0e5e56e05
torus.out0.03291.h5	f78a95caed39248bfe3f69915dcd09f4
torus.out0.03292.h5	1c4b0aa6c3aa40baada01704329d0912
torus.out0.03293.h5	3b33364061f45405b583049e8b88a1d2
torus.out0.03294.h5	9dadf5eafe75d0e5a8550c68324ea0f7
torus.out0.03295.h5	92fdfbb3983c99ef4c609a51bc18b178
torus.out0.03296.h5	a559c95e7671551e8317049abe9e0643
torus.out0.03297.h5	4c33d1ffd7527f25353d5b3ef13221d1
torus.out0.03298.h5	c1dc27f7ff2a78bcee5149ea57c00dbf
torus.out0.03299.h5	e1bddc55a61967953cddbdedf9a7d6f6
torus.out0.03300.h5	d4550b333f783520548316ecc6b5f1e1
torus.out0.03301.h5	7c8adeb63263ffd5ec6f784a9b11f129
torus.out0.03302.h5	d62342f9b4a43ebfdb5537f68dd2735c
torus.out0.03303.h5	341caa898b6085d9ee7e718284d06f83
torus.out0.03304.h5	bcc722a66a503df2ca1d95e30618a9f9
torus.out0.03305.h5	6f1f6a4918aaef5a1044148aa4d0dab9
torus.out0.03306.h5	1733a5a755332fe6b61326ca11e9796a
torus.out0.03307.h5	81eb0aea056fd1af979d05f8b5a65b51
torus.out0.03308.h5	3292dba9d3e97c4699cf2170db4f924c
torus.out0.03309.h5	b61be41b2b7f176a039804e7c439607f
torus.out0.03310.h5	74663927a4305b725e79575729c75e2a
torus.out0.03311.h5	ff4e83e205edd866c9dc7f90828e328d
torus.out0.03312.h5	5d1ed137ac85f9f3525ffcc75e6221cd
torus.out0.03313.h5	349a04d1aa62466c9680eedcdf08141b
torus.out0.03314.h5	62bfd15080458af6e3ead7cdea144b60
torus.out0.03315.h5	482cd6a1cb2f2f6a367f8e73756f4bf9
torus.out0.03316.h5	c4f53c3e66236239b446dc3a81d4e657
torus.out0.03317.h5	6bd06c309b772aaef78cb82c30f9c51c
torus.out0.03318.h5	d99ad0a04e407ccf0781a4322a4ec9b3
torus.out0.03319.h5	f66bc21db76c565c2abe69fea546db85
torus.out0.03320.h5	a46b66d04527913d41f12a58d42bf0dd
torus.out0.03321.h5	57aa5983f2e3922053700850f1f56dad
torus.out0.03322.h5	5ce9920a67645184b4027b74ccbcfea1
torus.out0.03323.h5	dc2d2a035a1fcc6a679cfb0c0dec8252
torus.out0.03324.h5	5ad89ff7b99aedfc46639bd54f0758fd
torus.out0.03325.h5	7854abede6a5a876114fe9eb8da857e2
torus.out0.03326.h5	ca28834d41022433ff4e781da2b5275d
torus.out0.03327.h5	9c553264dd297bdcf7427eedc6182e1f
torus.out0.03328.h5	4e723836ae48a7e4020cb918f44caf73
torus.out0.03329.h5	8f4ffa3cbd3f0982f10e8103b3ab0e35
torus.out0.03330.h5	bd276c4771cc0796983f85cecc6b8cab
torus.out0.03331.h5	3ebe02b0163cca94c5cdb9c66986ad1c
torus.out0.03332.h5	d1ac22064914d884c7db0fb88319f1c1
torus.out0.03333.h5	ceec8fadf798c0f505946e0285507e2f
torus.out0.03334.h5	be2b8e79404421b33bb9c30494bfdff0
torus.out0.03335.h5	865ef7e2e291dd4ed9fa879f25d9327d
torus.out0.03336.h5	29479e6238dab1c72caa88453d206cd0
torus.out0.03337.h5	10885627d4deecb9c2505f54a922832e
torus.out0.03338.h5	84d09f80f37d125438afad2379f48591
torus.out0.03339.h5	9c9b66d4c53c70e20744a047342a0ce8
torus.out0.03340.h5	e6e84319dfd91eb12142d507c040fc50
torus.out0.03341.h5	466fe4c037f32d2226d175c0610c6ef8
torus.out0.03342.h5	8aa252438a81d957cb19913eaabcd6bf
torus.out0.03343.h5	a947faa9e9036cba2175bc318af659d9
torus.out0.03344.h5	29e88eaa4c95d9cbb6f04c81671e8edd
torus.out0.03345.h5	283af9566e5c59d184d3a852d7a74035
torus.out0.03346.h5	d0dba751dbc089695ad2a602a6483ff1
torus.out0.03347.h5	7ac44f75163dc86590aca8d43021389e
torus.out0.03348.h5	8c35e18389e103b0d201d1c1058d4547
torus.out0.03349.h5	7e40cfd4218d105120de724a40fe7780
torus.out0.03350.h5	527fd4628a785d7f2385d9e6eec4ded3
torus.out0.03351.h5	1381c2a2cfc6948ec14982675035ad74
torus.out0.03352.h5	53675b7a39d8d8853bdb20fe72c8142e
torus.out0.03353.h5	634ae928d3fd9181a1514cc4e77cead1
torus.out0.03354.h5	77dade6f5d4ba24996c385f8d212c67f
torus.out0.03355.h5	543b6b5c4173581e8c4230c4a40bba42
torus.out0.03356.h5	75c187e5695824f060d64eef8759e036
torus.out0.03357.h5	cedc1a5947e8b3f066421946b7e5d5ba
torus.out0.03358.h5	7540fffdc23b6bc57f62c5adb0bc84d8
torus.out0.03359.h5	ebe4e9692396ce0e513b0026864e87d1
torus.out0.03360.h5	ef59f7ec13d153b1c5d78c9e250e8064
torus.out0.03361.h5	c4e0689770b99ea762e9152ca5d6e319
torus.out0.03362.h5	6ec6297fe22f58892bc22746af15abb1
torus.out0.03363.h5	7e4b2f25e266dbb46671ce4be642d29e
torus.out0.03364.h5	024b454665afb9add85ec10dda940c09
torus.out0.03365.h5	ce650b3610d4e0fba74c44826d480c10
torus.out0.03366.h5	b3563e6644796461868375ad58622f92
torus.out0.03367.h5	6658b0952e0cfe56a6dabec44e73a67b
torus.out0.03368.h5	5ad48937fb048729be1f83a0949f4d2a
torus.out0.03369.h5	33050e748476be240babaceb53262256
torus.out0.03370.h5	5ad20bb4d79599575ec37a69ecf4b5c2
torus.out0.03371.h5	ec5d8a3343db7fbaaa3c61855247c271
torus.out0.03372.h5	1ff74a0411640d9cf33f51482fb6f611
torus.out0.03373.h5	5ef5eb18bda0525f4568ef798f79925d
torus.out0.03374.h5	2c05e3ac5c8940bd2d1696b1a8b660f3
torus.out0.03375.h5	b05fa6e625860afbe010f67a944c674c
torus.out0.03376.h5	151e8ece0e3d1791b051a80ed832b57b
torus.out0.03377.h5	c534682d65a90927aa9c731dbba152f8
torus.out0.03378.h5	94f03ace5cdd413b99b46263b5642259
torus.out0.03379.h5	c563da5507c9a7f7ca7e967e891dd3bc
torus.out0.03380.h5	175f60f5226a8065b6ab9a142a909a07
torus.out0.03381.h5	3e4367fde92e086eea29ea021eb428dc
torus.out0.03382.h5	89d404c0764386b0471921166bbd0493
torus.out0.03383.h5	b35a264c797abd6df4bfa461af20fd6b
torus.out0.03384.h5	a1fee4c9b1a2b53a9bbb812f3ac9065c
torus.out0.03385.h5	ba3bd902f01cfaa348a8b41d75f96a50
torus.out0.03386.h5	e97da7082a13d9e30e75847b119dea57
torus.out0.03387.h5	8082d42bef206f2884d86f74ac05f2e2
torus.out0.03388.h5	c08fb6e52bce9d2ca6d207d39b1e9de3
torus.out0.03389.h5	a1a5d3fb3831f201e99a50360f2f16fd
torus.out0.03390.h5	2128996fb4e561fbf65bcce216a5c189
torus.out0.03391.h5	8b09eadf5ca785515a9cf87b5fe361d7
torus.out0.03392.h5	3822b88623ebdb4bed1467c196008af2
torus.out0.03393.h5	edc3f782ae2dcdcccb03f3b1aadbccca
torus.out0.03394.h5	d93811924bc28ebfe4c60075790462b2
torus.out0.03395.h5	dda25cb28031215c1499bf2a1f95f551
torus.out0.03396.h5	284e2b8abc9ced5546455305a1bf9f89
torus.out0.03397.h5	c35687747fd6d0e0cb71bf86fd528709
torus.out0.03398.h5	43c2d5b0aaf302c1505cdab2dacb88ca
torus.out0.03399.h5	cd5611d45350827ce92696fa5f0213cd
torus.out0.03400.h5	f73b9ef3ceca9b6a1dcf5c5f484c7f2a
torus.out0.03401.h5	af7b547c98bab793f476ed00573d5c33
torus.out0.03402.h5	4c77c7b704bdf614abd909aa9c0b9aaa
torus.out0.03403.h5	84da284fc9e7ddfc3493a0341cab6007
torus.out0.03404.h5	2786e28456dbb909eb89bf19b9c83eeb
torus.out0.03405.h5	905cf2734b2927dc42d0e07bd92454c6
torus.out0.03406.h5	120bb9098f6ae2fbdfa70dbe43e3b2d6
torus.out0.03407.h5	9cd69b13b7fdf7c967eab6ef92103b00
torus.out0.03408.h5	3a56c8ce46147704bbb035e341642810
torus.out0.03409.h5	00aea92338866d90f71410dc99d5bde5
torus.out0.03410.h5	0f56685a61333ec64dd2ce402ce1aeff
torus.out0.03411.h5	48201091adaa0d3911f6528f674b4755
torus.out0.03412.h5	7d6ce0e3c1ace6b3afb57f188669de4a
torus.out0.03413.h5	3b978d3b14db03358a025ee725783bb1
torus.out0.03414.h5	f478e8da9b1241bb6274d452642d8ebf
torus.out0.03415.h5	da12f674722f6c480d7198befc0e050e
torus.out0.03416.h5	4683d957cad9aba6ae63608651f577a6
torus.out0.03417.h5	e8cb44efc907ca9e69ec161383c7bf7e
torus.out0.03418.h5	957da2f069f7881b14500f5ed28eebd0
torus.out0.03419.h5	f51c950dba294b35b05fefce863a8c7a
torus.out0.03420.h5	468160ae8db6cffb6a3dac0130ad3cc5
torus.out0.03421.h5	be3b9d1cbb3319729a9be308c3b8f613
torus.out0.03422.h5	8c878ed9ec6425d53fb8e7ae4e9cf012
torus.out0.03423.h5	50d1e5e2525807c498f09e876972a5e5
torus.out0.03424.h5	8b9e136a79ee4fed60f08d71fbb3db82
torus.out0.03425.h5	5f8a1a5c24a799b0c465d588382a145f
torus.out0.03426.h5	c7206ec2e0d5a7db2ff9e2105e46ebfe
torus.out0.03427.h5	933924bfbc2e588e34f32c880deca7f4
torus.out0.03428.h5	d4d57df62e8cb2e019179557f65f106e
torus.out0.03429.h5	ac72effc5d8868f34c2c9363ed5f1df7
torus.out0.03430.h5	26a23e206e3ea1b91d6dede054e1fc41
torus.out0.03431.h5	b1842b5737f1bd8d1d084a3326a76234
torus.out0.03432.h5	6dbde1657e73d7ac5b2283b7ac41984c
torus.out0.03433.h5	b7c3ec7e838672ef8efda2c5f8dca345
torus.out0.03434.h5	6903f25dbc5d8cfed1b52e5284c300ee
torus.out0.03435.h5	9742a5ba8756eb87d63ed624b2918fad
torus.out0.03436.h5	107b439a959fe89f3ff55d5b64c52059
torus.out0.03437.h5	8142506ddc123b41238ec2fdcf793cff
torus.out0.03438.h5	143bec118867b35c2ec9d5e0682df6a8
torus.out0.03439.h5	3b5b2592dc175758699200cc0b8dbeaa
torus.out0.03440.h5	3c5639271884d300cab5eb4d9354c5c3
torus.out0.03441.h5	cdfbbc843a979e3f320934b4ee1aedb8
torus.out0.03442.h5	5d61b52b4d86f167542157b4a4b6c5ae
torus.out0.03443.h5	d244d4055e76aac3dcf390d2f193e02c
torus.out0.03444.h5	8d28bb0876ee565f381eadbd219d128f
torus.out0.03445.h5	f836dbe41c303e31b37592b8781f7211
torus.out0.03446.h5	696a5e67a86a6b0be7a408ac85b3f43d
torus.out0.03447.h5	d8b59d4d76e6992f2a2d3171bba5d3d3
torus.out0.03448.h5	e50ac9125477ac37332cf097d8781cc9
torus.out0.03449.h5	2e99afc2a5cf578005069162d20f47e5
torus.out0.03450.h5	d22556d04fd4936d8b66f81aae7779ca
torus.out0.03451.h5	fd0f39e28eaf92199759ed4f07658fdb
torus.out0.03452.h5	73534706421265705d7e360394cc2a07
torus.out0.03453.h5	76a75c4afe5ac1261fb4f18d46646bdd
torus.out0.03454.h5	9edf216a7023f1194e1da5b18364c52e
torus.out0.03455.h5	7c6693f816f75b7bb107410f1abbbed9
torus.out0.03456.h5	b9d4f5e11a994dab303d848aa9784263
torus.out0.03457.h5	ec32408a65dcdcbd03b2f775f875c695
torus.out0.03458.h5	0aeace6cd446b06d260799742758f4a6
torus.out0.03459.h5	722a76e6ad04879d3f7dcb31d7a4e6b0
torus.out0.03460.h5	96a36e2f7014129d5d9e7321411392fb
torus.out0.03461.h5	229120134b084cfcd3ea59365338e5a9
torus.out0.03462.h5	125242fe664eac12e0676f545f38d752
torus.out0.03463.h5	6d632a4ce17b41cb1cb394c25d1f8dc7
torus.out0.03464.h5	5bd8b812ea761256d4d802748ea31f42
torus.out0.03465.h5	24f0c26095febdbf515df4a267370f96
torus.out0.03466.h5	de84c747732102dce15dd30945f7c16a
torus.out0.03467.h5	3141d424b00741b7b758d36a9f15ba77
torus.out0.03468.h5	f30393ecd798a68dee2a88fb6322d1c2
torus.out0.03469.h5	08ff459f771caaee8840b8cd2612e3e1
torus.out0.03470.h5	b62eef00e0d0ba7e13c53c7a70359aab
torus.out0.03471.h5	4bade30eb5a2ce3f6a70adf832c16802
torus.out0.03472.h5	3a6fb59b1329e9d773747cf9722ca810
torus.out0.03473.h5	bd4182a23065382aa08a7206e83396d1
torus.out0.03474.h5	52b6087d60d8787971db1a9b3db865d5
torus.out0.03475.h5	eccd7351fb49d13d89203c2574d5f8bd
torus.out0.03476.h5	52681052f43b19af62c760728d6164fe
torus.out0.03477.h5	650375ce2df9c83071a8da76dba7e5ce
torus.out0.03478.h5	ab3cae331cdab22ecf1f94b4c2bf88e5
torus.out0.03479.h5	23de4d90acc4e51ff26081cbadfbf814
torus.out0.03480.h5	6f3f22cc77cefcf8377ffdd41f45c0f2
torus.out0.03481.h5	6a24196cc58565e73c9cd662ebde79a0
torus.out0.03482.h5	94702a1ac4b54a2b50eedb18330e5671
torus.out0.03483.h5	75e7ae6a6ced8c7ae666f7cc5dc7fc07
torus.out0.03484.h5	73216fc3a307133fcbd386545e6ff09e
torus.out0.03485.h5	41529ab3cf7ba070deb34e6e33add7eb
torus.out0.03486.h5	9ce4f84b0e0173baf4a45286ab608f69
torus.out0.03487.h5	a1cfd82f7a629a9caa76cc45ad5e7912
torus.out0.03488.h5	b55c3483f3ebab7e7c760302ce407376
torus.out0.03489.h5	e9275ca11ad9c345c25d217a662bdd75
torus.out0.03490.h5	5952a28daad3d9a1c0d8e25f34e46c85
torus.out0.03491.h5	d9b91eec28f22f881ee9e5d302888f65
torus.out0.03492.h5	a18d73769cefd82470d856e496933a58
torus.out0.03493.h5	3cf1f988b190773b0498d3cabfd59f84
torus.out0.03494.h5	26904150eceb74aafde030c9707b66d9
torus.out0.03495.h5	57a2b1063a8c0b2fb3cf899fe661ec8f
torus.out0.03496.h5	129eca87d9d796b52f423959d71ae96b
torus.out0.03497.h5	07dfad7bbf56aa7a4c1f8ec0d8a4bcb0
torus.out0.03498.h5	76a62cbce51697c14706d10e9cbab617
torus.out0.03499.h5	2781b6696a4ad7327e6d23629a533dba
torus.out0.03500.h5	e976906fa82e382c4e8042e4aad20b14
torus.out0.03501.h5	9fdafd0aaba1dacda36288c3135db4af
torus.out0.03502.h5	971d79648850a0af6f384c3bb2e4c27c
torus.out0.03503.h5	1f7a9d0c90965030ffef1168e830578e
torus.out0.03504.h5	7a46c2a558c4ec69d0fc50978c2a6a54
torus.out0.03505.h5	69cb38c6de162e9e8dedbfa435454720
torus.out0.03506.h5	2bca1bb561c6f28d781a66b5f79765a7
torus.out0.03507.h5	b82940ef115b3a4befc6f6929bf233da
torus.out0.03508.h5	45d560eae8cbd460c78ad0621179e7e4
torus.out0.03509.h5	f86d2d52ff798bc897ddce7791651020
torus.out0.03510.h5	0d5dfaa9494f88d32a0cb52996a67021
torus.out0.03511.h5	baaf79ffcb18637a291fd427b0de7a2d
torus.out0.03512.h5	bc74f3f5a6c55d627d25e67ada975587
torus.out0.03513.h5	79e966fdff2d5e352a2f803c2c312186
torus.out0.03514.h5	cef0b1dca3c95f84175ef37ad3fcbffd
torus.out0.03515.h5	b6a84e4998e2f63a12f2c69fca796b4c
torus.out0.03516.h5	becff61e59c3f2815faa8778a1808e49
torus.out0.03517.h5	2d3a6f7644938ddd205228055790121c
torus.out0.03518.h5	0e835617f1d9e4b1c2c7d02e0f908a27
torus.out0.03519.h5	a8186e2b1d5ed71790b04a3d70aed8b3
torus.out0.03520.h5	3c831f06982b2a5aaf44af1059a7bb4b
torus.out0.03521.h5	2a772c7a15fe8f62e04e83c62b56e68f
torus.out0.03522.h5	82c42e48b557639286faac289b37cf9d
torus.out0.03523.h5	f516efbb82a7840ea3b2fbb47aca1fe4
torus.out0.03524.h5	f5c37c56b65466f60ba7d8b23fde811c
torus.out0.03525.h5	652cbe3eec086d47bc25df1d5189d82b
torus.out0.03526.h5	eaabaa3e4441b091adf40f56b5cc2eca
torus.out0.03527.h5	44869be233205c24207270d421440b8b
torus.out0.03528.h5	cef40f4505ac346e77ecac7e2706d015
torus.out0.03529.h5	86f5090fce6c58fa453ea8278fa7f755
torus.out0.03530.h5	6046c14c9b8e7b5ee59added33340bca
torus.out0.03531.h5	bb5c094d7e83f0543f90b60c645b9601
torus.out0.03532.h5	08b765c3b067be0d6916613bf382dd69
torus.out0.03533.h5	4808842b1839cb903795cdf81f4c66d1
torus.out0.03534.h5	26ed17671bcd5b4b987e188e1de82a6f
torus.out0.03535.h5	0a9bb05cdc8520fd34e1c24a6e3bd84e
torus.out0.03536.h5	9d4dcd3a2c199b7a4e1b5a5d3aed8349
torus.out0.03537.h5	d720b0be7c258a10c37edc8c13fdfa44
torus.out0.03538.h5	e4331720e37db36f5fab3a42d3592d14
torus.out0.03539.h5	7202ea020b7940c79af157249c73dcd6
torus.out0.03540.h5	41a57e2e7585c4b142d4a7c2cee37b11
torus.out0.03541.h5	9bfaa316fce6cf56f070a0803626fd80
torus.out0.03542.h5	72fd882597bdd3671205fb27af4a260c
torus.out0.03543.h5	9eb8ce1cf351d2a8e78d75a1080fac25
torus.out0.03544.h5	1ccc13e79ed5ee77dc843a1225626a14
torus.out0.03545.h5	68e5b498eed3489f10007edcd41d0827
torus.out0.03546.h5	bcd3d199798a2d28bd2ca9d14f9fcb7b
torus.out0.03547.h5	ffb253cd9361da89b8d556edb5ec91d6
torus.out0.03548.h5	fa8dabc53563cc8d7dc045ffc50213e7
torus.out0.03549.h5	8e96d09440c5750a05e279eced263b08
torus.out0.03550.h5	b32c954f972c9387aaf3f7519f8e66d1
torus.out0.03551.h5	349d20fea5cc841f6f5408918ffc80a5
torus.out0.03552.h5	cb9d9a646c586be13b9ad4ff760c691e
torus.out0.03553.h5	1225ed00580b453d1baaff3db99862c5
torus.out0.03554.h5	9fd4e3adb4441f026acd49974b5e085d
torus.out0.03555.h5	704e58cf05224b1fca7ef5be1ca6a68d
torus.out0.03556.h5	ed3bc042ee8de5055b0cccc2c9345632
torus.out0.03557.h5	ed0164990ff0f40a0745c91b298fe3a9
torus.out0.03558.h5	1cc1a6e224f2b2060138e1d4279d7369
torus.out0.03559.h5	2ba929577d324b92ba935083026b788b
torus.out0.03560.h5	26b67f9cbd0d2dee64e78a32b10398e3
torus.out0.03561.h5	27e22d7c4d2292afef93a249efa935f4
torus.out0.03562.h5	18bba31420df23c2baf96e29fb052b5f
torus.out0.03563.h5	324d0d552317df88f0fab52570f9ed8d
torus.out0.03564.h5	07ebacf2718dbccb7eec8a30be2834da
torus.out0.03565.h5	7b2b73c1eeb0595bc3204897d29c77f2
torus.out0.03566.h5	12274572440a5a9f44a348d677bfbf95
torus.out0.03567.h5	96f870f0052c0775b3654b7a95708542
torus.out0.03568.h5	9b1936a48d64d78018f47222ece562d1
torus.out0.03569.h5	23061e84e15221d9b6b655dee073639a
torus.out0.03570.h5	b5a8460e39eefed3709da4e43391fffe
torus.out0.03571.h5	29ebb9471dbede36766150680d7783a8
torus.out0.03572.h5	7039fc1df332bb2a43772c83630cda68
torus.out0.03573.h5	4b30766d32a949345da64d32c59d8577
torus.out0.03574.h5	49f4392ba35b67113d609ba76c32ebb4
torus.out0.03575.h5	67fa654f56672475b54fd9889a3b34bb
torus.out0.03576.h5	e219d5977fb8f5cb6e174e267951229c
torus.out0.03577.h5	eee5be824a4e5682f1563c7e70a3433d
torus.out0.03578.h5	f1a245c1eb3a95cdead120bcbd3fc64b
torus.out0.03579.h5	53cf854fb50fe841b83997750a43723a
torus.out0.03580.h5	45863ae1945f4a817796d80f6d17fef0
torus.out0.03581.h5	edaca32c2a76c267be95fb392574ef7e
torus.out0.03582.h5	2e863f8b1d0d46deb557174fc5c3b0b6
torus.out0.03583.h5	d3a4374c232ca78a9ede4c1dd9c2ed81
torus.out0.03584.h5	2ca85fea24652f046f46e6322bac5e64
torus.out0.03585.h5	65b9f76abc2117fd84a50731dd1d2a7f
torus.out0.03586.h5	c1ac8b0beb026cd7dbcf96527dce27fa
torus.out0.03587.h5	62131aabe3733d0c3a7899bac0c72d0b
torus.out0.03588.h5	bc7e4a429a2f2b73879f2857fe57012e
torus.out0.03589.h5	c2ba3f280cabed08cfbcc429f8801970
torus.out0.03590.h5	adc880e02ba247abf6c80c5079830bf5
torus.out0.03591.h5	2207bd85fdb5bd84119871cb1ce3e900
torus.out0.03592.h5	f69080a49045805feaf5fd3942da65ba
torus.out0.03593.h5	7dced3ae15cb81ff0866abe62c84c88f
torus.out0.03594.h5	4f4118e192a1b81111a1720acb1f0a26
torus.out0.03595.h5	c5be207a5e8c67918579100510a3fa38
torus.out0.03596.h5	c8dc882e78edee9ae16965df408e026f
torus.out0.03597.h5	9e90dcdcc32299ae41701331adafe449
torus.out0.03598.h5	ac77911032ea919133e147c5b6776a76
torus.out0.03599.h5	dd42b4183fb60286f366f5669b4abdde
torus.out0.03600.h5	8392f5c25745b97de7a9ff1438861e21
torus.out0.03601.h5	9dc3c43515f6dfcc9eb82065edc4b46c
torus.out0.03602.h5	e9409d3028a18465cef8974fae3fdc6e
torus.out0.03603.h5	081705b7396cb51b71cd47d62e9b6c25
torus.out0.03604.h5	cdf33e5b199746e37ed0de8041ee0f12
torus.out0.03605.h5	28f572310c813b777f5f2c8be307d9dd
torus.out0.03606.h5	b8436dae7af338ad6c16d8a150b44f39
torus.out0.03607.h5	032ffb9c4772d32f9a6fc6d1e6a60ae4
torus.out0.03608.h5	670280245722bff7b1a013f5e46df254
torus.out0.03609.h5	dc140790628c88441c17dc9151c07f8d
torus.out0.03610.h5	a4aa48c66078d42c2b57f88634e60290
torus.out0.03611.h5	4d3b70612bdd6d324f443c410cbd7dd8
torus.out0.03612.h5	684370f73199327311676e22b27da743
torus.out0.03613.h5	c21f6318ed2ec819fe111f2b20ca04d3
torus.out0.03614.h5	f2c53db3e128e2664a4671a1a85eeac9
torus.out0.03615.h5	4712de60a2a4abbfdf7c6a54b1714bb8
torus.out0.03616.h5	5ed8954071356c3bb146d469422e7276
torus.out0.03617.h5	00e2e7d5c2ec634287db543f45f601b1
torus.out0.03618.h5	71f34e03aef9e360921807c4aaa022c5
torus.out0.03619.h5	22e82a0abae316d0c1424f584a48ea7b
torus.out0.03620.h5	2866708da01a4aa919de3a5c225c498c
torus.out0.03621.h5	9e90b0ba063dffbf92fa46373c807894
torus.out0.03622.h5	97f76ecf37c5f835edb5d57e593c5e45
torus.out0.03623.h5	a582d9f9033f207c03a719ea07355887
torus.out0.03624.h5	a50108646a991712e9d969dd6f5b3159
torus.out0.03625.h5	92a69adb09aba991866086a40930b331
torus.out0.03626.h5	33bc5c6345b962642878101ddba33319
torus.out0.03627.h5	cace9a002435faef47a0c74caed0c9ee
torus.out0.03628.h5	6c768bec9c9f409f089e72302229a53e
torus.out0.03629.h5	fbfbac81e904c3b4178b4e7b59789267
torus.out0.03630.h5	f7af333490f329679afd2ada05359da6
torus.out0.03631.h5	c70171704c95ddb3c67916c4dec91a51
torus.out0.03632.h5	8c43f7b292fe11c57bf8d7f5bfe8713d
torus.out0.03633.h5	b1fbee9caa056ae1b70ee089a8c7f058
torus.out0.03634.h5	fd829fec61604530042b93fe3d722aa7
torus.out0.03635.h5	6c2903d8655bb166ecf94c19ddc20530
torus.out0.03636.h5	0991ed423b2a6b3e5c1eb69e2c1aa925
torus.out0.03637.h5	bada35d286d6fee10239ba475197a25e
torus.out0.03638.h5	6138f8ff5a756fa7b85c6167aca322d6
torus.out0.03639.h5	fcae67502daf777af02dcc1579a58161
torus.out0.03640.h5	e53f511235fa9fb670512a0ea16a2b4c
torus.out0.03641.h5	f6b4f38c19bd15aac233e51f7061c88c
torus.out0.03642.h5	ea2eaf7a3bfb2a0dfb530649b1ba3b41
torus.out0.03643.h5	b94c9500487da591dfb2176f50193580
torus.out0.03644.h5	b3ac43965970bc54586bdbc6bb4a6c89
torus.out0.03645.h5	baa3c349dd3aea9645706be2ef65cbb5
torus.out0.03646.h5	cb1725f144eab00b85b95d3909666345
torus.out0.03647.h5	578a12391772d43dc52d935939ae8591
torus.out0.03648.h5	d49b0043381efc60d16b3e0605a80900
torus.out0.03649.h5	f5a16ebe8889302fcfdf9662c9ee1dab
torus.out0.03650.h5	a25990428b4663ae4009b2067c299b61
torus.out0.03651.h5	98a9b132a2caf1472ff01ea6229f2d1a
torus.out0.03652.h5	ee200b279d5c4b3c2fd1718e491b06b6
torus.out0.03653.h5	abc5eb0e32484569b452a8ba91a02d1f
torus.out0.03654.h5	1759821a11e8cd3767d5429c1cac6ba7
torus.out0.03655.h5	416fea298ec8b6613b40422ef55a2763
torus.out0.03656.h5	e34125bd98de87bb52c874dcf2052770
torus.out0.03657.h5	a6078cd963f7a5876bf1da5eb013cacc
torus.out0.03658.h5	761cb25638b482e4cc23bc20deb74283
torus.out0.03659.h5	52ea089195ccb05442411f3041cd74b6
torus.out0.03660.h5	9c0d01860d79a292a63eadce6d8da2fa
torus.out0.03661.h5	456d0040f80435dd1115b612527f29a5
torus.out0.03662.h5	3ce303fa6e3ca75782405b39dce78786
torus.out0.03663.h5	b56709f20790aa71cb6549a2169ec5f7
torus.out0.03664.h5	c259fde444db6ac5bfec36c39eb66ef3
torus.out0.03665.h5	74c96fd737a76e27470eec8245500f52
torus.out0.03666.h5	fd5e04dc3ce02d23d63cbbc84b2d4bac
torus.out0.03667.h5	510b8574ba0af9ec8b1a657130bba453
torus.out0.03668.h5	95c8b92106d404cb23aa917b3b9430de
torus.out0.03669.h5	61fc143855688988a98a3e8ecb56816b
torus.out0.03670.h5	06fd8b7767d7cc9dcc3ea399916329f8
torus.out0.03671.h5	42a429071e43a9b89b657e8a266ee5d4
torus.out0.03672.h5	97d3b7771117f824d9cbf060ad13b104
torus.out0.03673.h5	4e778d2503c0d294e032cc75e147ff7b
torus.out0.03674.h5	f63d206f9735dea64d1f60ddd533db20
torus.out0.03675.h5	528e3805daf97a87c9ac689369485358
torus.out0.03676.h5	4959b4d93d28d4dcd9aa4681bebc00ea
torus.out0.03677.h5	90f3200895894921fec4446882c6f79b
torus.out0.03678.h5	7726bb177620e3eafa3a9dd44ce8c756
torus.out0.03679.h5	15a2f5ff61c88e5daefd49c856632cca
torus.out0.03680.h5	e174388149c108b5859692b33ba7ffe3
torus.out0.03681.h5	336f12c4725bc3b893cbee0d8871a977
torus.out0.03682.h5	4c8226b3e301631fafbe2aafcf140dbf
torus.out0.03683.h5	8c29ac1fd3ac518a43e30afd65b6e5f6
torus.out0.03684.h5	24311848ee21937836e24864b28baa4f
torus.out0.03685.h5	3c762e7e910c553c7bf2cb57de992c72
torus.out0.03686.h5	7d30b827cc024655f8c2d9731624e1b7
torus.out0.03687.h5	ece4ab47903c2689d0bc40c537d57ff2
torus.out0.03688.h5	4b2c54e22e84ee23d107855525734453
torus.out0.03689.h5	4fe0c23c723ae4b03027c76bbac675a3
torus.out0.03690.h5	fc39c089dc8f6302be35a997ee84a209
torus.out0.03691.h5	d650d1f15609a497e006cd46c76ff178
torus.out0.03692.h5	50f1ba2801ce2dabdaebace4876bf79b
torus.out0.03693.h5	6a4d4ca2dbe298fd39d8269a1d82d376
torus.out0.03694.h5	4f51f405fc214ff31c0b5b7c63ecc395
torus.out0.03695.h5	366ae0639a8a5ca4294c664ebfd4c564
torus.out0.03696.h5	dedb641c5cb5c55bcbfa19666a4d887e
torus.out0.03697.h5	7f74f1b1e706312653263e550a78d651
torus.out0.03698.h5	09912883a7dcbbc8ac885b3ac0951f30
torus.out0.03699.h5	e34cd3960ec14c26952e74aa677119ec
torus.out0.03700.h5	3bfbcf53178b40d3587dc2f2a6a1a998
torus.out0.03701.h5	d4f7a61742fd45eaf47a3cd562da63ae
torus.out0.03702.h5	df712734d6a1d67011422220a5ad05d5
torus.out0.03703.h5	cbc96a3ed14ac80c8fff840a036d7f03
torus.out0.03704.h5	f58208e4a7423c3e9728ef8f0b43990d
torus.out0.03705.h5	bb432a8b58c7937a45b7bbb98f786981
torus.out0.03706.h5	444c4de76c6a8952e622fc11f2127537
torus.out0.03707.h5	a31ce023f8d8bb12c2f8fcf1a0346213
torus.out0.03708.h5	e2356d7794dd4dc179945b6b84043833
torus.out0.03709.h5	d06c463d01fbce5e253a36e0ee54477f
torus.out0.03710.h5	2c374a2a9bafb590a302921dac8924b9
torus.out0.03711.h5	a3edde19dae058ae2061141090c60fff
torus.out0.03712.h5	eb6148dd08a58dd9808685421198a163
torus.out0.03713.h5	5539245fcb1eb798f0d7e4dd816ab6df
torus.out0.03714.h5	9aaaeae9939f3813d5ca0bbf2486e963
torus.out0.03715.h5	f3740d2bd6bdf35b939052a71fe6c9f1
torus.out0.03716.h5	37b347d5be78679097f3c31d0b227c15
torus.out0.03717.h5	e64dbf6b6f6c2c3f5224d57c7bce1226
torus.out0.03718.h5	9e2c0ea87a6a0102eb95b78344631463
torus.out0.03719.h5	8ef9f40122c87de4613cf8784e4dc955
torus.out0.03720.h5	51a575592fa5c6de8b5fd6e712d9340b
torus.out0.03721.h5	d5e85da23be7d050d18655a1a655dd1a
torus.out0.03722.h5	2c77902159fd10a59cb2032e455dbc93
torus.out0.03723.h5	52e42750ab5e67920ec966d14e8bd8c3
torus.out0.03724.h5	ece0a55aa443d54c2d21092a4ffbe01e
torus.out0.03725.h5	85cc3cc2e55939e8dbc3c661f302d769
torus.out0.03726.h5	f0ff827095f1639b752958e268844dca
torus.out0.03727.h5	7428c52f434666c270f555efb30d8ee9
torus.out0.03728.h5	af7bd8d4452c3feb2251123516ff4092
torus.out0.03729.h5	33a3dfe898de127b04513fade6921b9c
torus.out0.03730.h5	369edc72e5c74e1b48fbf7c88db03cb9
torus.out0.03731.h5	e740b9e042d5e0c305bce128d0e12439
torus.out0.03732.h5	ea4526206c07294627d0d3d6a6e6c711
torus.out0.03733.h5	4bfbf43ff50d13eb98c6542509313a62
torus.out0.03734.h5	8644fd35e5080d6b7c3039483c810e65
torus.out0.03735.h5	65c7729300933e3fbc1bc4d29313a41a
torus.out0.03736.h5	18fcac86b93c32535d2a1db3fd9b19ed
torus.out0.03737.h5	d3e4f471a0282fc75007e8af42ff2773
torus.out0.03738.h5	00e3384ec0925313ab1115a889c6a5a9
torus.out0.03739.h5	395cd359773f2a5f162fc0fd00c72e88
torus.out0.03740.h5	b03cbc0571084bc49dec176c2f387062
torus.out0.03741.h5	720e3548fcd46c29ee3fb2d61f023d4a
torus.out0.03742.h5	580667187efcd0ab5599a111c9c8d4a7
torus.out0.03743.h5	90a0dfaf59c99c102157976a171acae4
torus.out0.03744.h5	cab4ecd48498c452aa2918156c11119b
torus.out0.03745.h5	65791f1e6f696039a869bda5982a25e9
torus.out0.03746.h5	f74d30621fdf63e24a43c9353de312bd
torus.out0.03747.h5	275dbed40d926d9b5ee9fa5332467f96
torus.out0.03748.h5	e6a8873cc0e77d3746b1cbda34d961b0
torus.out0.03749.h5	3a6128f4b5ba04191c877b8bc12816ab
torus.out0.03750.h5	f35c0b7211ad253379afe831ef6dfd3c
torus.out0.03751.h5	de037d2b47502d8c661970c3ccb71831
torus.out0.03752.h5	a79da27f1de39f8fac703bfdea03f909
torus.out0.03753.h5	b11002cee04f5961aa55855e7b1ed4a8
torus.out0.03754.h5	b07f482ae3fcd3c4d22c190bed2a07bb
torus.out0.03755.h5	6dba3e0f1267c532bb765e412e9037f4
torus.out0.03756.h5	6702208e3240f5f9f7c57e73bfd1e268
torus.out0.03757.h5	bff2a2835c94d028de806f400e758780
torus.out0.03758.h5	5719b55863d9c75bde96cc4b855d9a36
torus.out0.03759.h5	d5e64855be700ff45424916ea4c226c2
torus.out0.03760.h5	c44ed18275f12f0d8e09d301f76abdbb
torus.out0.03761.h5	477746d0e64313af1b4eddf536df4b6a
torus.out0.03762.h5	c1a16377caa0c1ffd48662792e66d5e6
torus.out0.03763.h5	30216f8583fd644c2a23b59696403f5a
torus.out0.03764.h5	7ae1f56736c69adbfca113e9bb17f978
torus.out0.03765.h5	43aeeeb8b2298bd17d3c8b7b1640977c
torus.out0.03766.h5	894ba22fc6d6342ca303b9c7886c885d
torus.out0.03767.h5	d93eaf89952fdd64c8e2016513018ce5
torus.out0.03768.h5	728d97412961568adfc1faff426159f7
torus.out0.03769.h5	2e557aeded30534e2a1e6bc6e8b13657
torus.out0.03770.h5	160b61fae376bcd027c149d6e8a2af98
torus.out0.03771.h5	54d11978a3f336d80d54358ef0f9aa46
torus.out0.03772.h5	b9e91fa39a12d73407d47f8e773d03cb
torus.out0.03773.h5	3db4a4e98fd2ac8db58fcd60f7a36400
torus.out0.03774.h5	4d58b9db280e675adc8c49efe0ec452c
torus.out0.03775.h5	6ef4791738d40f8f429c567507b8934b
torus.out0.03776.h5	3dafddeb87e1daa125b1c0e9d1f1c1d0
torus.out0.03777.h5	52dabf47ade31a135ad1b2af0ab36a57
torus.out0.03778.h5	f9c3b3dcd353e86c5fe096befad47db9
torus.out0.03779.h5	7874255c50af94a25017b56ec3b8a517
torus.out0.03780.h5	4a3f2e011e79bb5c8c6722f7b27e06e3
torus.out0.03781.h5	cb4162ffa61279cd681cfc45059b48ad
torus.out0.03782.h5	954e2d477884f06bbf59d29766b6a184
torus.out0.03783.h5	839c00737b37632e14a7f2c23c3a40fb
torus.out0.03784.h5	4ac8dc6205cc91a4337a9e26d11db278
torus.out0.03785.h5	60d81730b03917e823d49cb06c0e7b97
torus.out0.03786.h5	a1d14e62acd628d77afa3303e8e84a2e
torus.out0.03787.h5	316783a8b769745d9e818f8c84a8a62d
torus.out0.03788.h5	ef72d322815476cd537a12d1ae0771f1
torus.out0.03789.h5	03bcedff45e58c6ad031244708dda517
torus.out0.03790.h5	44da195a4b78ebf61be58083e434e43d
torus.out0.03791.h5	c2567ad06da8220d41d2bea1d200a2bf
torus.out0.03792.h5	521f2250fd57117fdf5793908b5139d3
torus.out0.03793.h5	53e124ef36c6cacf3f2eeb0109ce67d1
torus.out0.03794.h5	6a6dd9836df5b11dcde91031c5239fc3
torus.out0.03795.h5	eadaad79db2353bffe38e8ccb1a07afe
torus.out0.03796.h5	13308ba57609a278932ba942b823016a
torus.out0.03797.h5	2000691f1a3ecbaf999fb014ba497eda
torus.out0.03798.h5	0199011859d641e576229ff96ef869b5
torus.out0.03799.h5	5b134c8307a9549e0db6104338b698b1
torus.out0.03800.h5	3487cdeff83a2479fe776890b7df91ae
torus.out0.03801.h5	b90c4e5642f022b34f6646e81fd95c84
torus.out0.03802.h5	40c0620ba1fa9abae765d526a0e70a91
torus.out0.03803.h5	f0064227b48188c1e2b8f9c9db249115
torus.out0.03804.h5	55b00bf270f88329710f4d6db347320e
torus.out0.03805.h5	6481e0a5d48e0210ec0cb2f8fa1119bd
torus.out0.03806.h5	cb92587315c9d494342ff5130cd2a503
torus.out0.03807.h5	1688a61017791e68f2946f7a77dc4d89
torus.out0.03808.h5	c618bafbe43820fc74781b18b6bd1bdf
torus.out0.03809.h5	2d317c38c10a3235c643bff8326e1060
torus.out0.03810.h5	21ed6125dbfa456963e40319a0f69198
torus.out0.03811.h5	e251f05122bee23cf0af160b605bab01
torus.out0.03812.h5	11fe4fd1ba6507b8b333f211f0f51db4
torus.out0.03813.h5	b918ed3852f493627fb3b805f7000073
torus.out0.03814.h5	5346162058fb6a61f29350717c94df11
torus.out0.03815.h5	e6de08e2aba16e5cbb6151bae743e87c
torus.out0.03816.h5	644a717729a89a626f995fc01464cdce
torus.out0.03817.h5	1ae791c0081f83fc010997a9a59de65b
torus.out0.03818.h5	c706c512e07328a12ecf9bc07e1b45c7
torus.out0.03819.h5	c5578d8a9bbc86c6b0de051d83543b66
torus.out0.03820.h5	e6d4859b8d7031997071fe861bbb1344
torus.out0.03821.h5	9eee353286c595f9e8d6782b1f15394a
torus.out0.03822.h5	691462fe08145162afe0c0f2688efff8
torus.out0.03823.h5	71fe5d41f1be7cfe90aa14315c78dafa
torus.out0.03824.h5	9733b05cb29ce63b5df77e31f8cc76c3
torus.out0.03825.h5	3b15b3c7454325250e4d02e4ceadac1e
torus.out0.03826.h5	b0f8c3ae6e8c3a9a723808f1aa64f179
torus.out0.03827.h5	bc4c13f2865bb5a66b0f442f4cb18cc0
torus.out0.03828.h5	fb293269249cec10cfae0ca47db119f2
torus.out0.03829.h5	0f8b7c1e4a9dc7419bab4342ded7ba4a
torus.out0.03830.h5	5d44be6ed17ddbf5b5a631d9ed8ff926
torus.out0.03831.h5	4f4d181448cbd518a3e4ed07e419c731
torus.out0.03832.h5	c3b60b3600928ba114366c069eaa6492
torus.out0.03833.h5	8e6fc72b3d6c781ad1a970de547ed200
torus.out0.03834.h5	33bce67564fd26b70ec0010bfbdff86a
torus.out0.03835.h5	d4b4a847eaadcb6b20c5b02b36a20463
torus.out0.03836.h5	89c84eeaa0abccb16da9a579c2dd1829
torus.out0.03837.h5	c25c0eed06880b576b0a8919788c3b9f
torus.out0.03838.h5	c622d926c6d97f79e704e049197931d8
torus.out0.03839.h5	9ef16f101364e8c987a552d1e75fa24d
torus.out0.03840.h5	f32a9fcbc2384ea707a91ede06214639
torus.out0.03841.h5	b7e457fabcff7b83c964e4162279b9c2
torus.out0.03842.h5	b9f6d23d61c9888636cb31a71144f782
torus.out0.03843.h5	df93a8c77d09574e3103cfd2435f8ab9
torus.out0.03844.h5	cedd4345ebfba3b697097332e2001754
torus.out0.03845.h5	0b2c9be0c74cf78450f2ae8c4df18af7
torus.out0.03846.h5	5e3dc4d1082d7b6dd3ec00ecf41e83b2
torus.out0.03847.h5	7ba8af9470f98ae4ac07c892c871d75a
torus.out0.03848.h5	7ed65cc0250da1ca9aeb78e9f2b5091b
torus.out0.03849.h5	68b54bfef0da2f4fb74f6ca8c4eaede0
torus.out0.03850.h5	042be13bd1aa5a56f6c8b14d0704f0ff
torus.out0.03851.h5	a142e86a8f83507c8581935217dac79c
torus.out0.03852.h5	0946dcce0f308135433e89b392412b0a
torus.out0.03853.h5	2aac90cdb9ced2082a1c72880cd38b67
torus.out0.03854.h5	8ca487743794f3d30b5da90741795471
torus.out0.03855.h5	7dd6f4820d4361f465e5328577643481
torus.out0.03856.h5	5c43f14f92a0aafb6bdf2df991f5c733
torus.out0.03857.h5	de020d3f875738dc2096d922eb9ee125
torus.out0.03858.h5	f26a394002676c34abbb4027b0bc72b2
torus.out0.03859.h5	5eeb5f4916e2cf0bdc7f60856b59e1fa
torus.out0.03860.h5	0e24a8c17f9e6d7f4227e432a060b568
torus.out0.03861.h5	3a2ae3152b1610e0b02fa0f973642c54
torus.out0.03862.h5	2a86af674b02a8825a1d5ed4cc220363
torus.out0.03863.h5	6af3b2c7d5d0b64bf3b5f614c39b43a4
torus.out0.03864.h5	bdfafbdf83755ef875300a3bc1cd2b68
torus.out0.03865.h5	5c7efeaf2ec9afe672acee1fd645f853
torus.out0.03866.h5	453ccfef248da43d0805a4f2d2d92ce1
torus.out0.03867.h5	56fbede94e81233371a54ec4bade69b5
torus.out0.03868.h5	e46245858e395caef6ec5cbe3b6ccbf4
torus.out0.03869.h5	b61fe29a6b797a938de9a03ded4a68ee
torus.out0.03870.h5	9a96c9f70dbef580d0b33703a86638f2
torus.out0.03871.h5	276cbcb362ff241a9829d0c2e5b14727
torus.out0.03872.h5	10a9198b327bcab0c3e303a4e2e77c02
torus.out0.03873.h5	4a7cf298b3451e7fed2f734418db5004
torus.out0.03874.h5	20fcf20575c22c5063dd2cd216bab00b
torus.out0.03875.h5	66d07fb1210464be2f2303a8755fc5b4
torus.out0.03876.h5	5d3809b807c0de76ce6da8cade8120e9
torus.out0.03877.h5	9b14e4b00a2947bb5cbe51986f3bd95f
torus.out0.03878.h5	5e335f4c10b3d259d731528a01d8fdb7
torus.out0.03879.h5	3b5b87b7de5cde06b45313d953effff2
torus.out0.03880.h5	59770fcfdf84f7fefb0f273451696e03
torus.out0.03881.h5	48bcf8bfcb83c4d8bfaff1ca9b58eddb
torus.out0.03882.h5	05e1a2b0b75edd331da98bbd774110b8
torus.out0.03883.h5	a2482335461877274028187e52e87be1
torus.out0.03884.h5	77b3f7314b916ec06e70af47fc245b8c
torus.out0.03885.h5	ec70e68948914d86f5ebdd026523ee8d
torus.out0.03886.h5	a1d056be88bdff7eecce57d7cce56a24
torus.out0.03887.h5	041c947a6acf3b29c55b2fc4281906e3
torus.out0.03888.h5	67ecedb1245b90d506edf4625fc72d20
torus.out0.03889.h5	bcec4e9b836e14e0644a1e3f30ca7fa8
torus.out0.03890.h5	d0dbb70bae156b77fee0b0f94205a309
torus.out0.03891.h5	27539b754fe1157837f69c906d55a4d4
torus.out0.03892.h5	c37f5e23771ba236f9034a0e3f136db2
torus.out0.03893.h5	a18b76684ba931dd3198bdf2318c1480
torus.out0.03894.h5	bef48b1fa2561c78af76b6204aab7ca5
torus.out0.03895.h5	ee3e895183e9709ac7aa37b783685a7f
torus.out0.03896.h5	23b8fa94a105174fc4914aadec132fa4
torus.out0.03897.h5	7be663edc06c047841db7473bc02a67c
torus.out0.03898.h5	7eb5898baec099192c96f189addf9b7f
torus.out0.03899.h5	3bf22e1c3899908a64f889f6a85f5c75
torus.out0.03900.h5	048886ff02c06ce481b0c52a2d6ee205
torus.out0.03901.h5	39243562bfb9419dbe2d43aedd44d235
torus.out0.03902.h5	ecd3a3971b21b63d2cbd0de6d7551b8a
torus.out0.03903.h5	c08137976f680a0b47f53ccffef18359
torus.out0.03904.h5	5666cb3e44b77d418333fb3e9e88f607
torus.out0.03905.h5	bf88bc2aa9d04d2bafaa78caf6fbbcd7
torus.out0.03906.h5	13cacd24d62b76aba32ff7e4b718aed6
torus.out0.03907.h5	b6d45554d3b197ea3542fa87ab1fb44e
torus.out0.03908.h5	f782b9c41f3a6210799cf574c2d51ef6
torus.out0.03909.h5	1bce9fb3a90bf0419dfbcf58998d4675
torus.out0.03910.h5	5bf792c34dbcf88569dc2d6cd93e42a9
torus.out0.03911.h5	4dfb00a704deaeef6e6a81a9910928e8
torus.out0.03912.h5	1ea3f9d2d2a3eff846d1222a9d5b0cad
torus.out0.03913.h5	06f76576b1d22cf16d80ef98ee28149a
torus.out0.03914.h5	392b81b1270cd25774b4dea0049ef6eb
torus.out0.03915.h5	2ac43cc7ca56eb006851ced03c1d82b8
torus.out0.03916.h5	ce57a1aaea1565abe33e56e158fc8eff
torus.out0.03917.h5	ac7e1f334a4d07d14e321905881cdcbc
torus.out0.03918.h5	57cf6a4f2f82c050044c7bd4c458e689
torus.out0.03919.h5	1207bde8aa5b6c2371c141678f67f80d
torus.out0.03920.h5	ee21c3b76fa5c64107589792675816bb
torus.out0.03921.h5	e014919d3fd6415b9648c0dc9b99175e
torus.out0.03922.h5	6d8479a3eb3c5fe3246350c70d1a5a2d
torus.out0.03923.h5	d59219f605238fdd2ee8e483c1e5a704
torus.out0.03924.h5	0265875cfc93356690acecf383915d30
torus.out0.03925.h5	d70e289e9df29d69bb595cd87b9c71c9
torus.out0.03926.h5	fc40cfd8f283e9b5bc28f7e7674ceafb
torus.out0.03927.h5	a6189e76320323e6c1f6e0253cf016a2
torus.out0.03928.h5	a45383db52826dca0991f4e407edc01e
torus.out0.03929.h5	46da8994e0162252ef8510d7092108cb
torus.out0.03930.h5	f4e1082ec6f7df03496e92d6055ab798
torus.out0.03931.h5	432c33eb6812c9ff40f71a481f3bdef7
torus.out0.03932.h5	f37d60c3e69a4defa8c47d2a50e589f3
torus.out0.03933.h5	9c8dc4daca3e84a4dc26b24899e80dc6
torus.out0.03934.h5	8353acfc20170d88095e173b89636899
torus.out0.03935.h5	4bba4b93c19892198f3f9d3196bde5f4
torus.out0.03936.h5	2d2e913b051aabd5211ddcce61d1f42d
torus.out0.03937.h5	822a7c234314a6ee96c696f2c4ec0872
torus.out0.03938.h5	96c24e65692651acb8dbd1a77b04490d
torus.out0.03939.h5	f8215eec75be1e9b7d4b3fd9e91c343a
torus.out0.03940.h5	0d331d9495780de5d316cc8e0b4b29cd
torus.out0.03941.h5	419b0d6e3eaa3b3f12ac317f632b0d4c
torus.out0.03942.h5	b1f29e00aeadb21a8f6a14eb9d8e6845
torus.out0.03943.h5	28be15c476b51e67ca902673d4fb560b
torus.out0.03944.h5	251fd1a2b1f36b1c529d6ef94c4eaaf6
torus.out0.03945.h5	58404caeac13f28f2ac068a468d92e2b
torus.out0.03946.h5	a4713fd8d14d3c11e07e56d26e312995
torus.out0.03947.h5	a493de6508b0b63cbc814a7b464507b8
torus.out0.03948.h5	9c1ec244555d14687901e7deb19136c9
torus.out0.03949.h5	b7bc874af2416e5aecb184574eeb6cbd
torus.out0.03950.h5	03d668b72e9234da001967e6d8658118
torus.out0.03951.h5	e7305ea3ccd549cc391836d0171143ec
torus.out0.03952.h5	4beddcf6ce1dfb9dd7e0691035849525
torus.out0.03953.h5	efed6919daeae24f81895ad9e58e9fb7
torus.out0.03954.h5	41d77fa106067759fa8df790ddda84bd
torus.out0.03955.h5	1a84f9337b1779c2c255b27589131f53
torus.out0.03956.h5	7546aa5298ea8983498d5cedf32f844d
torus.out0.03957.h5	e93b72213018897752e76b2d79e87382
torus.out0.03958.h5	a59647f85251b8d4121ee8fb84a4f353
torus.out0.03959.h5	eb3b906659738333dd06f347eebb4bba
torus.out0.03960.h5	96d9009814f3d96a5a3d7ec823abf58b
torus.out0.03961.h5	bc04bef5ab4f8f5f45c247a77a42a503
torus.out0.03962.h5	e105e77781ff164004276f8d8e7d3e75
torus.out0.03963.h5	0970091c8982dac609563cc12f929410
torus.out0.03964.h5	a0e56ee0eb8df0f5b9af4b9f8f8795d7
torus.out0.03965.h5	25fc14e776f5dff0c5f5669e2ce11d1d
torus.out0.03966.h5	30d5884710a5ae106416b7b8237ba84d
torus.out0.03967.h5	4faf7655cbd83a5aed68b2caac131ba1
torus.out0.03968.h5	37f32311a5f0b983394cd36155656f7a
torus.out0.03969.h5	7674b7b73371971031b527377bb61ee4
torus.out0.03970.h5	284ffcf53ca2ce3c3dc6968ea4d77111
torus.out0.03971.h5	8ffef65efa0c0263f78ef557d05f065f
torus.out0.03972.h5	372688baeb0d838f519f62cc87d7742e
torus.out0.03973.h5	19e549ab6ceaefa09e7f3d844caafba7
torus.out0.03974.h5	cb1fb56f27858544a3aac28969b6d6cf
torus.out0.03975.h5	76e9954793428420bc80adefa0fa1931
torus.out0.03976.h5	bcd6041afea9a07cf2082f18cdb73d6c
torus.out0.03977.h5	187096d11b41e08475a1d7c61f306a8e
torus.out0.03978.h5	423539c528af713276216bb3f00d8703
torus.out0.03979.h5	0f34bb358e9ac7820e168f79bc5ea538
torus.out0.03980.h5	c6551ee798d9cdde8d5af22f76a2a919
torus.out0.03981.h5	6016a1682b75fd6ebe75bbcf8b530409
torus.out0.03982.h5	66e66379a3591245a1549b4ca27da2fa
torus.out0.03983.h5	b78f2ad69065a947302e9dc0398677ae
torus.out0.03984.h5	cdd86c5bc59c11285cd7ae70d354ab39
torus.out0.03985.h5	d8461e94eb43e1514cb9ef9278a85ea0
torus.out0.03986.h5	fdda602a0dce6175b57a4c06512fc011
torus.out0.03987.h5	9e0b06e2ab7d5a199ebc8150cf2f907e
torus.out0.03988.h5	b1951e76066c486a14d6269722980e60
torus.out0.03989.h5	0697e48458d49e9bdd7e53983dba8a73
torus.out0.03990.h5	0c893d2f6953ec0cef620f0d18e29a01
torus.out0.03991.h5	f460d89b3bb2c894a828838f33200579
torus.out0.03992.h5	2cb0c71071b73f472b2524ac51f6f174
torus.out0.03993.h5	60e9b33f3d679d3421837472ade4277c
torus.out0.03994.h5	ba780bee510f22e2266228aeae4365e4
torus.out0.03995.h5	181971a51bc09495ec2b48ee6dc93083
torus.out0.03996.h5	786d5e9109a3227ae17ff58304bec275
torus.out0.03997.h5	3111291b6b5f71e797392e8bafc2d023
torus.out0.03998.h5	085d6f02f55e91812df59d5b7e494860
torus.out0.03999.h5	897a0a3aa65de871f5d4fb22a871b955
