torus.out0.02000.h5	9a0b40c9e5444a1c3918709814dca5a8
torus.out0.02001.h5	82d3fe14c95335b38f0c493fcafc88f8
torus.out0.02002.h5	68bd9a6ded2492fcfd4195c0a66b883a
torus.out0.02003.h5	dd89c32a1968812dbafec3eddca8d535
torus.out0.02004.h5	833acefb4c01ccada3ed3a94d969ddce
torus.out0.02005.h5	8fda8f6004b963226514f433703778a5
torus.out0.02006.h5	bbdc680d2ef54f308666fde2a20c24be
torus.out0.02007.h5	bf730e29ba523626298a810580e30887
torus.out0.02008.h5	394bb6ec48c1d0df47b38f2c20a92ab1
torus.out0.02009.h5	04be50fe584ec1a4fcca0e9c0b0d158e
torus.out0.02010.h5	215a1314630371413db882732cc165c3
torus.out0.02011.h5	213965c1dd8926b0fe3672aa9e39c515
torus.out0.02012.h5	3c7cbd8ed8ed79cd90955451eaef3530
torus.out0.02013.h5	ccbfab4d653519a2c1dd186103152e99
torus.out0.02014.h5	5ed05c3b5f7f48973b68758154103c61
torus.out0.02015.h5	54711af33c54982042655c7cda19ba81
torus.out0.02016.h5	3e18ba092411987d019a92f7ac2f8a28
torus.out0.02017.h5	9261e4d631e3075caba857fddb357eb1
torus.out0.02018.h5	129896743ed1d2b0289486366a1bca33
torus.out0.02019.h5	5a5a83051646bd06d74d0c29338c812b
torus.out0.02020.h5	ad22fa6e8c4bc6b77545b2454e439d4d
torus.out0.02021.h5	61189df9dff35f0c078c5a0965f9ca07
torus.out0.02022.h5	05b88c1cb826c51e564aae57c807b7cb
torus.out0.02023.h5	ef629e0325dd583f2933397b00776cc0
torus.out0.02024.h5	66554e61adb75ed5d319c0d3cc0da7db
torus.out0.02025.h5	36bc1e29b8cdc4591c69666efbd73b77
torus.out0.02026.h5	0afe41d7b1e60b28e1f733fa7a02498e
torus.out0.02027.h5	4ad1e61ee2758536ef97f803d15b279b
torus.out0.02028.h5	863368a514390286e84f5ba35d531295
torus.out0.02029.h5	3ff0dc4eec43c7b72b05dd237df4f337
torus.out0.02030.h5	bda440337a0faebdceb252df79a35534
torus.out0.02031.h5	e9115443794a9ee67667105290118400
torus.out0.02032.h5	e044ace58480885828f027c20f8bbfbe
torus.out0.02033.h5	5499d92aed5f8243e510828570e1d096
torus.out0.02034.h5	0154149c9b16bcc99aade274544e8dde
torus.out0.02035.h5	ad52b14b26820f68759745bad0b42ffa
torus.out0.02036.h5	119c117df413aab216d932ae1facecd5
torus.out0.02037.h5	4895d77c71147f8d1c63279d4a398f83
torus.out0.02038.h5	83714ae6aeb1b6d540671643806307bf
torus.out0.02039.h5	7357b2a9bbbfd12a87e4d11c49687d3c
torus.out0.02040.h5	990b56ed8ccac963c8f2d01ca2e9d4a5
torus.out0.02041.h5	dc9fc3ffa74f2af2babdfba16c3558ce
torus.out0.02042.h5	97edefba7fa855f23036681e84047861
torus.out0.02043.h5	cb2dcbe7a2c1915f88dac5c5face63b5
torus.out0.02044.h5	856c6146d26c22e8ec8e9adaeaca05c6
torus.out0.02045.h5	14287de3eda713d4c0df1ce817ff1c12
torus.out0.02046.h5	b432db4c4488ad4e80c1fe6d2189474c
torus.out0.02047.h5	9735fbd94e43f6d627d92ee8d1cb52a2
torus.out0.02048.h5	01ab65ca6b277fe7e0f688a3d06905f5
torus.out0.02049.h5	225ababf3bc6cc1611b9f05cc324d588
torus.out0.02050.h5	b917d0e89512d8deda87fc51b74910af
torus.out0.02051.h5	9b78c851c1b1e4a830cb1069d7a0f1b6
torus.out0.02052.h5	e80effba2a19e6ea3f5041db0c908842
torus.out0.02053.h5	021bf33e6a91c7ff9a72ef6252727d10
torus.out0.02054.h5	43c022c329365172fa6b05e3ffb44f2a
torus.out0.02055.h5	0d99727345ce8315369d161f5311fcb1
torus.out0.02056.h5	21e2e94b4179e68cbe8938ee5816ea14
torus.out0.02057.h5	312ccd6cb70bb0cef4d7850ff7474ab6
torus.out0.02058.h5	2c61b09d2cb19bd5c618d11c5a88b8d7
torus.out0.02059.h5	727356e7700d7181f6685e8392de149f
torus.out0.02060.h5	389fe7c8e0d883ec6eb35de8930acb49
torus.out0.02061.h5	a01c63a05f241f5fbd16bac521ff688c
torus.out0.02062.h5	7e100abc0749ad3acfc8331a7835fe21
torus.out0.02063.h5	a2587e7d2c6045cd4339575d947db3ae
torus.out0.02064.h5	6fcd63b044f800ab3159dae1f1d946fb
torus.out0.02065.h5	86eef059d2f78c8c822ec2d5faba8795
torus.out0.02066.h5	ce238fcdc4605f86b22c342f31a03e23
torus.out0.02067.h5	9d5d80815dcf4f64dd2a897bec45d1b4
torus.out0.02068.h5	a3e8b6a51c825b1d4c2b9ffb21352758
torus.out0.02069.h5	4be9746515ee211eea85c75a65cc48d6
torus.out0.02070.h5	01cfcfbccf3c625f89558a1b32913f0e
torus.out0.02071.h5	079364b023bd3e0dcacc4c60841b591d
torus.out0.02072.h5	466b6e10a04a39f6b0c4a03d876b7ea9
torus.out0.02073.h5	4119b9167598f244c56b492cd4ae875f
torus.out0.02074.h5	7948916cb55f8bb8feb4237794d334fc
torus.out0.02075.h5	19af53bb4dc48e43a3147e0774852a4b
torus.out0.02076.h5	817ae74c93576f22d794a84e128bda0f
torus.out0.02077.h5	26b39dfb8250c93e59c2b68c23c85c22
torus.out0.02078.h5	117ba86cae3ce8c6c67c7276ce2bd2c0
torus.out0.02079.h5	00ec9bc40a4d29580263ca001a9cc846
torus.out0.02080.h5	274f9f78c37453a49a9dd785d5a5c06c
torus.out0.02081.h5	7b732ab625d6e0fc5f5319925437fbc3
torus.out0.02082.h5	368867c84ff07c206ca1ac54b52f0769
torus.out0.02083.h5	c35dff5aba3783be3f7a033ada821bb8
torus.out0.02084.h5	81f59eb2214b92242c456455a5a970df
torus.out0.02085.h5	0cad639800582ee11e542a810f4bbffb
torus.out0.02086.h5	d25d1a423832b80669b172bc21116f69
torus.out0.02087.h5	f23b5e120788e90d2205d3809180163a
torus.out0.02088.h5	8e9db8238d1a33eb5f213a2d9d3f638b
torus.out0.02089.h5	ce3026e92a82b3728e390b5442dfe859
torus.out0.02090.h5	dbd9269001f5b172c72d1f3c8845b815
torus.out0.02091.h5	c6168afc7b1d620ddd746edfae28a93b
torus.out0.02092.h5	fe21cf67c49ff90b129c459c00fa06f4
torus.out0.02093.h5	691475ad936236bf661296ad0220a5fd
torus.out0.02094.h5	11822e486e6faa7e62237f92c2313214
torus.out0.02095.h5	df5b4385900a298614db540b921e3161
torus.out0.02096.h5	7d51d4347ece62f6c54cf7842e025fe8
torus.out0.02097.h5	32ac1e392e9490d493f073291f3fa52e
torus.out0.02098.h5	ef79112ae3d84a67883314ab84cc9ff5
torus.out0.02099.h5	3f4c1388b78fdf6e060ddc9797f74b27
torus.out0.02100.h5	b49d04ca92f7d2f133e6b54be0418bdc
torus.out0.02101.h5	0a53a1cb7d586037b286a101ca2c053d
torus.out0.02102.h5	859e3a358f4794f0d4a60f5453298b8e
torus.out0.02103.h5	3c042661890d3cea0af9bd17cb43b1d8
torus.out0.02104.h5	c3732e04f32bc740ef1fcb5c444c890e
torus.out0.02105.h5	1e5422cec91fa8e632065a3ea0ccc03f
torus.out0.02106.h5	d63c79f7694b542fc866b8f3355cb00b
torus.out0.02107.h5	22918f5426cf835151820d3e269f2391
torus.out0.02108.h5	293266d0bb3d4e4d8a01a1d676714754
torus.out0.02109.h5	43b5b1ff9e1d58e428d5dacb1026a04d
torus.out0.02110.h5	ba328f8fa70a8ccc2f964890c9c5b7d7
torus.out0.02111.h5	be584357aadeba381bb71103c644423d
torus.out0.02112.h5	fe532b651c98c8fda5e91010c953735f
torus.out0.02113.h5	3466464c962ad826d62077c2b0f62207
torus.out0.02114.h5	6db251afd8b92a4e5d909f158e7c5d4c
torus.out0.02115.h5	d2d6cadfc1c95b37ae292b6586a17744
torus.out0.02116.h5	a5043f48d0d44512291408b051e0df1f
torus.out0.02117.h5	4a2703cd483a6aecf774aa9f8a696033
torus.out0.02118.h5	abec422d3cd48985c7adddc35b4bbd5d
torus.out0.02119.h5	b1b4b82115e2dffab384fb0ea2133ce2
torus.out0.02120.h5	9028a4064b7bb42f5b5aad61fdb0fb01
torus.out0.02121.h5	6ca6ddf9907c8f46440688f6df0f6218
torus.out0.02122.h5	a57837677653bdd9cbbcb89ea1cd9ccf
torus.out0.02123.h5	2798baa29a7f295fb4fcc4d0ba0ea348
torus.out0.02124.h5	c2281c4b7c8da45064082868bd679db9
torus.out0.02125.h5	12296ede5f86a0561a678f555410507c
torus.out0.02126.h5	f2c414ca47af5a6b419c760dbc00a89a
torus.out0.02127.h5	905247de26f52cbad1eb5f7d37102385
torus.out0.02128.h5	87410a04a377c228907ef021a323dd62
torus.out0.02129.h5	d3d88447689994e282b977632ff5941f
torus.out0.02130.h5	c43a428e5fd78b23dc3f90fc44f38adf
torus.out0.02131.h5	470a5296b7c2f013d72185a42c2ae0aa
torus.out0.02132.h5	689b6ff4931a4855c4b0d2fe330a1e3b
torus.out0.02133.h5	f7691fd5cffbd668843b6bdfab42149d
torus.out0.02134.h5	1b74557be5c396e80e5985b2d8ae8e7c
torus.out0.02135.h5	bc7ceaabb16a64706bd182b2d97c6486
torus.out0.02136.h5	a85201e1f2bf1387b23e9b42438467a6
torus.out0.02137.h5	23c895202bd2db2e979de315bf17ae91
torus.out0.02138.h5	78ace012c3c52c04ba48ab585b3be27f
torus.out0.02139.h5	524dfe695b8f2ba45168c380506e9b95
torus.out0.02140.h5	7d2d1e1f58ce14bd3ae172ce21447770
torus.out0.02141.h5	c41fa7779fa8852fc84076c6330877bb
torus.out0.02142.h5	9b579f2aaf188067874ad336495f97d7
torus.out0.02143.h5	bc4360a9659ce5b5857f9a64f354de0f
torus.out0.02144.h5	beb75db23e53b1349842fc3c6d1ab0f7
torus.out0.02145.h5	c72814752451cba11950cea0067c08be
torus.out0.02146.h5	3e1ddbb29aa13ebe5195c76fdab3efe0
torus.out0.02147.h5	d08f840e83d3ad13ca9e29c03f68d3ba
torus.out0.02148.h5	69aa8430996df7742b3458e59c8e915d
torus.out0.02149.h5	efd1aaeb5f6ebd69e71ef7cb2e59ae21
torus.out0.02150.h5	b2e20c0857c0d644b9b3329443460d54
torus.out0.02151.h5	ce04f81433d03137b098ed6a5011bf76
torus.out0.02152.h5	6d5ed90e69c8e5e7334f48636897e211
torus.out0.02153.h5	5639a96be095af0023d42e3083d9f9f0
torus.out0.02154.h5	552b84ac30051baea05f5e0ace9d3b1d
torus.out0.02155.h5	d3fe37dfc8a77498f18619a7ec7b1746
torus.out0.02156.h5	14920b410ebd828da664cf9817b935dc
torus.out0.02157.h5	d219ac27c60c440fcd57181ef597d9d6
torus.out0.02158.h5	a3de4c57f7aec0e54f95039c50780c35
torus.out0.02159.h5	3ee93a1854d815eed875c78c75ff1062
torus.out0.02160.h5	5519502a9b22714ddbe14cc4724fa624
torus.out0.02161.h5	8845ba0f4d0977c9962832409ba26840
torus.out0.02162.h5	20295326ab3c0516f47aba2d22387904
torus.out0.02163.h5	443df7774023c069038cf1e19ef2eadd
torus.out0.02164.h5	e920ad04acd9d8118c045857a3f66109
torus.out0.02165.h5	48d93a9e8a6299a6340c29f7584ecf71
torus.out0.02166.h5	1b0a2a726619cd1c70e2458163ccf761
torus.out0.02167.h5	ae2c9f50992a88c11f9cc027a2fa2377
torus.out0.02168.h5	3b26a79195d4fe99901ec57a9fa30745
torus.out0.02169.h5	3593026f0c2f5abe9c36cf6168084f66
torus.out0.02170.h5	9cffcdbe88615acdba8c4bc4cb6c9912
torus.out0.02171.h5	2a823d2a8fd31be8edb42cfa38982d4e
torus.out0.02172.h5	3b3136e991d7b1a30ee8829a0a77e5cc
torus.out0.02173.h5	50de5fb65444ce0d101108a8b2eab139
torus.out0.02174.h5	85b8de3d37cfd4781a65030aae2291fa
torus.out0.02175.h5	23223608a8f01488d067a95890c745e5
torus.out0.02176.h5	6264a46152b795326fcf38cf4b676dc8
torus.out0.02177.h5	1a7adb47a9339ceb1f2369946a43f0c9
torus.out0.02178.h5	105145cba0be946c5376019095526b23
torus.out0.02179.h5	31b3873c5b1d1340d78e358a159cb144
torus.out0.02180.h5	05edab25ef293ab23acba6e1b080428e
torus.out0.02181.h5	79ed0448203dd27eae8837d1519dc013
torus.out0.02182.h5	e5f34a6c09f2da8b5fd2937cc71f0de7
torus.out0.02183.h5	b132eb9c34af22ba0aa7dc34cd8719b2
torus.out0.02184.h5	0ea6c28a33a3c22a1b925159c7ccfaeb
torus.out0.02185.h5	bf238684ee96e5dc09fdab35832d9a0f
torus.out0.02186.h5	7c654e65c1d139104a27de07170792fa
torus.out0.02187.h5	abe3e08c9525d90d5857e8430171d85e
torus.out0.02188.h5	f3f684ae6c5576c37cbada894f94c365
torus.out0.02189.h5	801c3d1a98de31c34d5a878ff05b9fcf
torus.out0.02190.h5	02ee2aac3e86c02f43ed8eab4ae051ae
torus.out0.02191.h5	a1b5df25b5b57b78bfbc64c4e0719991
torus.out0.02192.h5	a23a013fae93895880ed1427af6cb7d8
torus.out0.02193.h5	bc553eb5896829715ddd1f868d6137d1
torus.out0.02194.h5	c34f42b89de19edaabbaacf4ff21f9ad
torus.out0.02195.h5	078b784773361692f43a72bebdd273b1
torus.out0.02196.h5	eab94cb61085161c775fbd1d96811b7a
torus.out0.02197.h5	76a0d3bc8a3fa97221a0204f5ebbf9bb
torus.out0.02198.h5	d220139827c3e43b7d8a23136e14b4ef
torus.out0.02199.h5	a3880bb329379c3a51d500e8c1dcb8b5
torus.out0.02200.h5	c596c34dc93337be00aa15623ce61aff
torus.out0.02201.h5	4bada711400b0704ed36e8c5a118870f
torus.out0.02202.h5	b5cae5f98ae7c7d718c2838f1c9f97cc
torus.out0.02203.h5	6ba91c45357d159c7e53bc7ff5b67356
torus.out0.02204.h5	ebbd6aefb2a1972521cdb0cbb38fe339
torus.out0.02205.h5	68efe116ca2490e0b562dcacc7cf0848
torus.out0.02206.h5	844e1cc08c0d9206a0fbc1cb05f50c29
torus.out0.02207.h5	63431e83a1c626842a2d7f897d6d21b1
torus.out0.02208.h5	ced49c6138efd859b6f3c8b913c03c58
torus.out0.02209.h5	3436a7062173f646e5f94ad86c7639b4
torus.out0.02210.h5	ca5f1278e4f3f5dc0072a289cb486793
torus.out0.02211.h5	e22d6d10657bd76db1012544f3bd80d3
torus.out0.02212.h5	906b4574f534045b31784e6250ca9374
torus.out0.02213.h5	7bc04739c617d268c832be98d20858d6
torus.out0.02214.h5	8043eaf611140f45b66cb55e3e5f4732
torus.out0.02215.h5	06041e052214b458d6a4aca9de2ed941
torus.out0.02216.h5	6b86be997b8d982dab9c963231f9a337
torus.out0.02217.h5	77c91cbfad77199c85c073e4bb1345ff
torus.out0.02218.h5	381e71b2f0d77ca34d0c30461fa97c42
torus.out0.02219.h5	ecea9c052b2ace7291c1e9b4dd61531f
torus.out0.02220.h5	17750b6cc29ba3e592ca158357278458
torus.out0.02221.h5	e5d2280c08c771760bf34e9387708dbf
torus.out0.02222.h5	eebfe20f72d22c7234dbf30b1c730c0e
torus.out0.02223.h5	33aec465a1ed838f4278583540292996
torus.out0.02224.h5	7e06ff34a463f68e766a490df297bd3d
torus.out0.02225.h5	855624220b103137fc631615f2b0722e
torus.out0.02226.h5	8e1021888f4ba6aa8881fbc6dee40bff
torus.out0.02227.h5	4e2dcf40db5bce22925f10bbc03c1419
torus.out0.02228.h5	56d32a724a14b96de5e931ab4a6abc8a
torus.out0.02229.h5	75816c458c88677ad5e44e30a6644c2d
torus.out0.02230.h5	65eadba8bc851a5fa7295ef6972c5a31
torus.out0.02231.h5	a5d74c6767bc99a3447c8ef3cc89de85
torus.out0.02232.h5	afc4325dc1ded2438ae93afc10b8c58f
torus.out0.02233.h5	3a1a0054b0bc5608a292991c7a28fb6e
torus.out0.02234.h5	c870e1f2816a82ed5812bba4cecf01d0
torus.out0.02235.h5	45d87d35452538e0f260b550eb8c7519
torus.out0.02236.h5	98b768857d4f405ee33ea6b12572078b
torus.out0.02237.h5	af74b780e7d636c03c173fa36883adb8
torus.out0.02238.h5	304ff3ddeee558361ac1cb4da3984d96
torus.out0.02239.h5	9345151915e30df23433ef1d917c2100
torus.out0.02240.h5	ba68397566e305a937b48a61fe873f2c
torus.out0.02241.h5	cb93a62763f478ee57513d15aa748867
torus.out0.02242.h5	97b444d56801e358571a40b40b4c6296
torus.out0.02243.h5	ae784b231ad83989a4f706dcea557045
torus.out0.02244.h5	7ade22391c3dd6725cab95e339b3b21a
torus.out0.02245.h5	db03cf7fbab4f2b1dcc67cc911ef5fb6
torus.out0.02246.h5	3be58152ad75792e35707b9ae4452a26
torus.out0.02247.h5	5daa34e24cb81b6c7b949d95cdaba8f1
torus.out0.02248.h5	7d4717b412463155085642ad6d0df9c0
torus.out0.02249.h5	cde674673a50fbd090dca4b831b01b9e
torus.out0.02250.h5	138c24d24a539fd15211c2f069c73398
torus.out0.02251.h5	5e678e454b5320faccf434939ab49929
torus.out0.02252.h5	6e49a05584c41b3846036404de7617b7
torus.out0.02253.h5	60ad23ca50c715eb65700bfcaf232ff1
torus.out0.02254.h5	86cf91d42f172e74ac08e94f7421da1c
torus.out0.02255.h5	ff1b2395ebaa07406a0e64155e23d879
torus.out0.02256.h5	f4354185992f43ef89fb782c690f8e35
torus.out0.02257.h5	85365bdcf64f1774518b7c42633b85f0
torus.out0.02258.h5	3b253915c16a70f0229016a4f90478c9
torus.out0.02259.h5	b1e5825c0eab0d2f5258ec6e57078dda
torus.out0.02260.h5	69522aaad82874fa9a0dc22fb411ce1d
torus.out0.02261.h5	722f2256dd52635b79d7c2cb1e97f855
torus.out0.02262.h5	a5afe8485a198c14c3eb239474e27076
torus.out0.02263.h5	695bf8ef629c7eb4a9e6b05377f97f76
torus.out0.02264.h5	ffb0aa9523bdb1d6c96d9a9e715ab1ab
torus.out0.02265.h5	8ee43312ed4da2dc5a424f7d97f6ebde
torus.out0.02266.h5	621cf39e4249b6c4805724e0ccec5602
torus.out0.02267.h5	e66295201ac693363cfc7c08ef31edc2
torus.out0.02268.h5	d73fb4be44fe9d6e60e9f6af9fe3f391
torus.out0.02269.h5	f92649d0b8aafc7a3e9c70080901fbef
torus.out0.02270.h5	5e6ecb1c09985be79f9d3a8b931611a4
torus.out0.02271.h5	cb30c125bd4b7687376903bad0286715
torus.out0.02272.h5	8ef559fbb76ade060abd4c9c1b2207ed
torus.out0.02273.h5	f625a8119b2edc23f23c9de5940a23fe
torus.out0.02274.h5	cddad86f5989b4992ad8537445f0be8c
torus.out0.02275.h5	3f47a993cdd73ec2c4466aa4b0a4d76f
torus.out0.02276.h5	9da55db6f89947d6514ba2abbebf8e6b
torus.out0.02277.h5	5f2dda09c6bf4741c16434dcac00774a
torus.out0.02278.h5	3a17a3363f2295fedbd122912e711da0
torus.out0.02279.h5	3ad03e82a0a7f72ff06e5ce800b906f0
torus.out0.02280.h5	7d25be0bb1684b43faaa0dd14d51563b
torus.out0.02281.h5	1f1868c6d5fcce05b755361634979688
torus.out0.02282.h5	aa9ab03fc28d8ad6589f7d3b473a1a9f
torus.out0.02283.h5	2bb1f6e0f142b9fbf6eb40958f569edc
torus.out0.02284.h5	f652df2f98e0fee27490a3b7efa67438
torus.out0.02285.h5	1f7b058c61c8365c4fdf3ee9e8c29a9c
torus.out0.02286.h5	2843fe3060bb58382ec58abd9051d736
torus.out0.02287.h5	3ba212936207acfebfb63d11b2cdd749
torus.out0.02288.h5	5269c69e147337f9007fa4b5794ee254
torus.out0.02289.h5	6eac270904d7f27e0db004d1f417185a
torus.out0.02290.h5	5d840b9cff61ea06b9f34e5d4e37a9a6
torus.out0.02291.h5	442ed0dd931c7fde4daa403b84e36cd5
torus.out0.02292.h5	86c43c24a4fc5cd70e7fc3cbecc5d2e0
torus.out0.02293.h5	309a1f8edcf175138ed6a4b1676735d0
torus.out0.02294.h5	046e0a8ae810faed8dbce1f7eef06bdb
torus.out0.02295.h5	986f4dd4573269ede0fd49f6e41c44ee
torus.out0.02296.h5	dc531f41983ec9d61d95ec1f42c56dd5
torus.out0.02297.h5	3ab51605ba0a6a188312f195d23213e2
torus.out0.02298.h5	1196dd25aa00bde32578119ae16993b8
torus.out0.02299.h5	6dbf5d3d0186457cd7d4b177f3c09b91
torus.out0.02300.h5	389b7f7f9790a00349742f1be5ce791d
torus.out0.02301.h5	970a383dc879c4e430da777557037f6d
torus.out0.02302.h5	e00cc2492de22fc83589b8e5e721017d
torus.out0.02303.h5	39151a6ec23d9a6ae9628ad5fc573bda
torus.out0.02304.h5	152c42bfbd69465c803acbfc2a770be6
torus.out0.02305.h5	ad34506dbd4598b94126d24ae05dd191
torus.out0.02306.h5	ab408d01dabdaff8a1385fd4eea40515
torus.out0.02307.h5	d8817dc4b2a1682b2b961383903fac08
torus.out0.02308.h5	9a59284d75c8535fe434b33935141e26
torus.out0.02309.h5	64473f7b141a01ed0045e14dd23ba3c9
torus.out0.02310.h5	d69561f6b4633aea61f5d69e32b54b0d
torus.out0.02311.h5	c9f4f9ff55641f514905b8b6a18c0556
torus.out0.02312.h5	1dd32b4438494b297d29337da6f74f4c
torus.out0.02313.h5	1cddc65bc71e8098d26a9f09e9618a4a
torus.out0.02314.h5	163aab192c4bbc597d9395f0e8686070
torus.out0.02315.h5	6992ec2db1c88da8a04873e7c708d581
torus.out0.02316.h5	74b139aeb5a21e9d544183154da3c431
torus.out0.02317.h5	5f5ac463a30eba5cea6d235076d5f43b
torus.out0.02318.h5	7af43b05650c21a85758c8beafb64325
torus.out0.02319.h5	f09441792e5dcbcc6ff73d7154b2fa96
torus.out0.02320.h5	5b21613e1c505b1d99b1c9f253514bfd
torus.out0.02321.h5	31883a982ee4d9dd36422eec095dc86f
torus.out0.02322.h5	2f870105572143d7181dde147e49c6d9
torus.out0.02323.h5	7c811aad8cb0ebba9c98cb93b4ae10e4
torus.out0.02324.h5	a55c181db4826d650b164f048df7b273
torus.out0.02325.h5	f042a5d02bcccec3e68586913adaec20
torus.out0.02326.h5	1e72a049ba00e951d7b46101ae725452
torus.out0.02327.h5	4434674100236ea4c4cb49c1532984f0
torus.out0.02328.h5	4949af4d51f6668aaa1ec6bb67228002
torus.out0.02329.h5	095a6e2504ab39d835a83cbe5bb4814a
torus.out0.02330.h5	255fcb7246dccc79cfbc542c26d7de78
torus.out0.02331.h5	a2eccedb991cd7ac544a4c656720cf2c
torus.out0.02332.h5	90c8a042bf185884aa64c4c21e6d5905
torus.out0.02333.h5	d38f5a08d0955ef711c4fa2b537237b9
torus.out0.02334.h5	9d62e254d11fcb6e4442b041b07a4c09
torus.out0.02335.h5	db7c7f1dec06463b8edda3ea6b733402
torus.out0.02336.h5	c15993919fd696287b758ef8207a1e1f
torus.out0.02337.h5	09569e8045ba15158aa4bad76b73d960
torus.out0.02338.h5	72bf3e062c5eb1df5af23f6699ce08b2
torus.out0.02339.h5	8031a91f3b0b4a3583b051756ff5f7eb
torus.out0.02340.h5	38b90b8a2d0b5a2b2e6d1ec8ecbcd95d
torus.out0.02341.h5	2e12a471e49761161aa6c673e8ea4be6
torus.out0.02342.h5	428b0e5ce33311582dfc0d501be995ac
torus.out0.02343.h5	a0401f245a7937492739bf11d303d13e
torus.out0.02344.h5	228c71e1bd33b464cfebf9a149e5dec3
torus.out0.02345.h5	2a7bf8866ba750c7c679296290160dd9
torus.out0.02346.h5	297c457a5693fec375b8ef935b072afd
torus.out0.02347.h5	a0c738640c109094fc7158918616c5f5
torus.out0.02348.h5	7e4558eda5bbc732a73db2438d7ca410
torus.out0.02349.h5	f8cfbf4b98a3300ad9cdc48d7d53e4af
torus.out0.02350.h5	72be75342a3e2683a0ca3874f04e157f
torus.out0.02351.h5	43833f60e65b83641e98f47a3a409588
torus.out0.02352.h5	b8649450ed749e988315e2d1aa81b213
torus.out0.02353.h5	fdc3af9d4f5b1b1d3ac6f3855595fce2
torus.out0.02354.h5	d35b69529190e484e9f6c9e5935f6a93
torus.out0.02355.h5	75b29de262429f1c26d29ad8b36bd887
torus.out0.02356.h5	b566faf25f71961c4fc871cde51a50ee
torus.out0.02357.h5	b0ae049b798df32d81d9a3de9c305868
torus.out0.02358.h5	e8bdd304f664338aa928f12eefe9e010
torus.out0.02359.h5	c46f77eac58b340a221fa94774953967
torus.out0.02360.h5	24ff386369ffdf80f96c9fed1be31a3d
torus.out0.02361.h5	f133a0d1b6f783bee4e83cd4972ca287
torus.out0.02362.h5	8049fb8b28c8c025be796b4ea21ad3f9
torus.out0.02363.h5	9e73f93169cd4ff4b7205e13b969d657
torus.out0.02364.h5	6a2acb10b01886c369636c20ea6282fb
torus.out0.02365.h5	e6fc738b369768dbcf05aa3541f69c82
torus.out0.02366.h5	d7661255950f6a4385b0d48b12b812cb
torus.out0.02367.h5	2c9be87ccbce8a53ed1dee9c9676a31c
torus.out0.02368.h5	af584078f39e233b98dd6d436cb8ee4e
torus.out0.02369.h5	8c5248b5356045208ef9d5583227b3a9
torus.out0.02370.h5	66d7edf632cde037d93748efd92b4612
torus.out0.02371.h5	1d9fcbe638f8ead3373a6602c2ddc31c
torus.out0.02372.h5	72704ea03f99e277b5d9c32e22d64aec
torus.out0.02373.h5	82b1c85a1fdcb530e7868ef6f967b82a
torus.out0.02374.h5	1816747d392bd776378df8844e20d48d
torus.out0.02375.h5	778bd2a20c8369ad38e8965e5e4abdc6
torus.out0.02376.h5	93e635c2084d0563caf0fd1156c5d260
torus.out0.02377.h5	0022eccddf7f8266b091ae9afb063ed0
torus.out0.02378.h5	225b3915f154a291be7aecd55f0d759f
torus.out0.02379.h5	e8bef624d648dd8b66435736452e7cbc
torus.out0.02380.h5	b524572b58d8c8412ded0640ee79b237
torus.out0.02381.h5	220013377414dace97ca6badb8bfc9fb
torus.out0.02382.h5	55614d03e9815b3f8c0cf4957a5bfde8
torus.out0.02383.h5	ce1dba3f72250556f39169793d6eeeee
torus.out0.02384.h5	02150474f58a189d75c1a43dfedf1d87
torus.out0.02385.h5	bec9ebc43a30361f18f66e98c28a5ea5
torus.out0.02386.h5	af511b86a12c49739bb3cba032323b8a
torus.out0.02387.h5	d80586858aa98417d2a25e1b01bd1243
torus.out0.02388.h5	c80be3102a7808b071effe730b9a5a18
torus.out0.02389.h5	beef09bd41cb8e6e4c871e12c87df027
torus.out0.02390.h5	9135724220a8b19ba4f321a66dd293e5
torus.out0.02391.h5	03aad721e99b7199a03ec7387bb5e779
torus.out0.02392.h5	9af493e0cfb2430aa86f285c702f0c30
torus.out0.02393.h5	3efec1855e79bfcf262ce860aa1e39f7
torus.out0.02394.h5	05c02944f6b30b217ff2980509afd9d5
torus.out0.02395.h5	cb66b2bd571971737c2f7541aaa663fb
torus.out0.02396.h5	8c19ab0dea540f8db20eb5261a4cb128
torus.out0.02397.h5	e13f7226658289f8085b01e4da7b9f44
torus.out0.02398.h5	340a20b7e2ae2f0c8e81e08d27ff4a27
torus.out0.02399.h5	dc4f02be3ba11ab99d3775c0bac8eb4c
torus.out0.02400.h5	39e0b94e1792bda8bcbefdd125e3cfd0
torus.out0.02401.h5	2d38a6bddc137e522b537be30921ce00
torus.out0.02402.h5	2ca81b19d871476dfe4bb9fa108b8eb0
torus.out0.02403.h5	5b91fb5ca745f5d87a15009d436f2c7c
torus.out0.02404.h5	6f5faea21868b136dd6e2bb09bb53248
torus.out0.02405.h5	75a7c86c68f26dcf8022c4f2e7fb50b3
torus.out0.02406.h5	daa88dca60719198f51dff14c4236708
torus.out0.02407.h5	82291f1335c330a5c18f38bf95b295ec
torus.out0.02408.h5	8e9ac253234e2ab5baf00650af929b50
torus.out0.02409.h5	c570db2b08e796ff385d2b223fc2cc43
torus.out0.02410.h5	1d0470334c1bce423f6496ef23ca0f83
torus.out0.02411.h5	76bd732356f31d8cb77d3bf73af8077a
torus.out0.02412.h5	12d6404a9484a0e7ad9329292516b46a
torus.out0.02413.h5	29152c5b2b79a3bfda7fe9aacebfe8a5
torus.out0.02414.h5	2800a7d04217271615e06856a6109a30
torus.out0.02415.h5	8d58fbe781881593222896fb4b27d0df
torus.out0.02416.h5	4789a6068a2bf84411877831b298c08d
torus.out0.02417.h5	33b8499beacdf7f9de5c8b33fa2b17c5
torus.out0.02418.h5	847d02b446fc8408cd902ae5af2717ca
torus.out0.02419.h5	4d3fc8780d626998549e472744b2c32f
torus.out0.02420.h5	e791e4645becbde91d380cfdd268bbe7
torus.out0.02421.h5	91e26af2d159788af9461e107e76c120
torus.out0.02422.h5	8afbffe2f6503ab91e1b531d4f4fddb1
torus.out0.02423.h5	f7d0e5d4ee30a98bc44d5721e50d9863
torus.out0.02424.h5	666212b28a7554325aa851a7b99c4dcd
torus.out0.02425.h5	e122d0f24c79214c4ebf8b0c778f95cd
torus.out0.02426.h5	0c3811d6516903960651affeb69c9d4a
torus.out0.02427.h5	92eaf0f608e403ac8e0d10dd0534217c
torus.out0.02428.h5	150e1a628e7d75f865e45a561e595d4d
torus.out0.02429.h5	c728b5a905cacf722f8f64fce2fda5bf
torus.out0.02430.h5	3e73bba06dbf600025f22d35333c11cd
torus.out0.02431.h5	8ca0961d97c3a432dfd0f29185b30cf4
torus.out0.02432.h5	6754db0e3a89abb942b3c6a02ed6bc64
torus.out0.02433.h5	0c826aa38441e24ae1e6f43408fbad01
torus.out0.02434.h5	bdff26a10e5bab8e538252f6a0d54724
torus.out0.02435.h5	0df3aada252a8a725dc6c965cb23e2e9
torus.out0.02436.h5	3d46a0577d0a91d6b1640986e44d5ed6
torus.out0.02437.h5	22ba2608780c138edeb75ccb20997670
torus.out0.02438.h5	d1c6a8348044fb3b6792deeeaf2979b9
torus.out0.02439.h5	5188eefa38e8e6be8ed76482518f9357
torus.out0.02440.h5	acf50abf755a30bbac7d5049c6da9541
torus.out0.02441.h5	08b9d66642a1aea95476c78c774b4895
torus.out0.02442.h5	19a283185113efd9514e3e880816fe34
torus.out0.02443.h5	31ed8357074698b164f99b32313675c8
torus.out0.02444.h5	e17c5677c89ccd44be1abde7ccacc922
torus.out0.02445.h5	9ecbbb2e3bebfb1489c222b3b7462e10
torus.out0.02446.h5	f40e21a50456938835f1bc3a7876b17e
torus.out0.02447.h5	ae499ae0108409a6cd05fe4a496b903a
torus.out0.02448.h5	c820be82d1d9843f1b088958bcd29607
torus.out0.02449.h5	c181607ab25a6538fcbc798d8ae3d9f7
torus.out0.02450.h5	06d12f52a40bb0abca94337de07ac036
torus.out0.02451.h5	149429610224327d5172c59169ace665
torus.out0.02452.h5	c30acaff55aaeb356817fa2662f8be36
torus.out0.02453.h5	b69d63d3ea9049210edd619d19e117ae
torus.out0.02454.h5	338945f501f375c9fdc5a13a457dc377
torus.out0.02455.h5	943f1ed4ba8e931f0bbed22dac3e0570
torus.out0.02456.h5	908272180357361a71a592f17077fb59
torus.out0.02457.h5	51f4f22c475cbc0cf4251a4d5c596b82
torus.out0.02458.h5	d850be8b2338fea484b9b59c6dbab067
torus.out0.02459.h5	bb8a93e8476c9810dbea7f3455433475
torus.out0.02460.h5	49cad4b343ad14d45d83d66401394f30
torus.out0.02461.h5	e4dcff4d95a1ff7397e26aa6d473f5c6
torus.out0.02462.h5	cac3e97cf3a7a886f0b85f66c3e5dc87
torus.out0.02463.h5	175f16471823c155fd9f87d8d7571451
torus.out0.02464.h5	706577550131f668dbb358b463fa87d8
torus.out0.02465.h5	ebe64c9368f80a5f6484fa22fa6bc864
torus.out0.02466.h5	14dbf4840fc5d6b87949c7faa31d315b
torus.out0.02467.h5	ee8c0c270561cc1ef3bf8c19969fcf52
torus.out0.02468.h5	e67bb77ddf37c9c9cb018bdb094706e3
torus.out0.02469.h5	ec71cbe4d131b9bdefa9faf0b2236cce
torus.out0.02470.h5	afc739e4664f746e212b06f89b433487
torus.out0.02471.h5	d10e16715de4c6b9a3e7173b5681e5c1
torus.out0.02472.h5	48304555086b51d5b5668743c1643ef1
torus.out0.02473.h5	1916ce5d56a8156fc331cc4b76a5f4e7
torus.out0.02474.h5	b4b9e2c1a07276b61bc691f1c114a899
torus.out0.02475.h5	5c9911f74d4d4015e36cb02764847603
torus.out0.02476.h5	75204a8f74cc95bfc5b209cd3ab4b1bc
torus.out0.02477.h5	a25d584b301932c2d99d16d2a3a45323
torus.out0.02478.h5	f53f52138c42f543d4abfe9c8f9a5e04
torus.out0.02479.h5	c90b0a3635b088e259c288a400903031
torus.out0.02480.h5	75931adaf092105d62b2644b9d831a41
torus.out0.02481.h5	9d4d29dce3a84f68d5a4bdba81d89a17
torus.out0.02482.h5	f4ca8dc7c46cd72bc13220f70724fd7d
torus.out0.02483.h5	00a368a6fbd2d2c43fd3f606ab3a3388
torus.out0.02484.h5	d91f0b90209531bc20452ff4ad3628d8
torus.out0.02485.h5	a1d2920e75d73cabfe4428c02850f51a
torus.out0.02486.h5	43f57600760d0f876742e15782e09a01
torus.out0.02487.h5	35f6d8a6eb6d37a852d9a9b5c625c9a4
torus.out0.02488.h5	c67ab6b7d2b4cc304ec01168662e1bbc
torus.out0.02489.h5	bdb722509012c8a3b205127de1fe725b
torus.out0.02490.h5	0f440a73b9f643d741f9875a30e5bffc
torus.out0.02491.h5	cc8a7e128af71acd6033bb0a6eb29722
torus.out0.02492.h5	3b85b78cb4f8ca1adfd482f4dc337385
torus.out0.02493.h5	95704de237aa3e9a41ce659eb8c33106
torus.out0.02494.h5	5c4f0873db9c06d524a54a0758c9188c
torus.out0.02495.h5	663752c81cae97cfb66cb842f4ee98a8
torus.out0.02496.h5	b7de133687f33c66254691bb1bcd84f3
torus.out0.02497.h5	fb1083f18988c3e16a74b74fbf2b39bc
torus.out0.02498.h5	6790a066f49c2d0f10494943d6f44262
torus.out0.02499.h5	bdbc39fce477d6526d7233a4d0f94782
torus.out0.02500.h5	e7aac73c47ede5e182b98d82a13f55af
torus.out0.02501.h5	2deba53888a0adf94b74e9a9a77e0c46
torus.out0.02502.h5	fe232cfb4187177adf8b2101d026f85c
torus.out0.02503.h5	98a8eaf7e6a83025f559ea18778d3546
torus.out0.02504.h5	4069cfe606fbb6d389dde1306a33e2bf
torus.out0.02505.h5	0b4d491d89e08754aeeb9baf1caa3efd
torus.out0.02506.h5	c1571646a22f1d7e6cdbdcc99c19aea1
torus.out0.02507.h5	3e61bd38c5df74d1bbfdd943b886a224
torus.out0.02508.h5	2e9c94e1500708d1f763a248f9389ab8
torus.out0.02509.h5	39c0aa197ecd0c46fd1bdb1bd7ab0e3b
torus.out0.02510.h5	e141aa22890e7babd0edb278c118eaff
torus.out0.02511.h5	2bf9831e680a8f8b23e7c46e3e10c1d0
torus.out0.02512.h5	2e646d896ca150e7e15ccf21c7e86388
torus.out0.02513.h5	afae5ed3c57dbde93f3e2fbd7601a401
torus.out0.02514.h5	f789beb51f0490752246b52e54be1e20
torus.out0.02515.h5	4e08104eec1515896746eb748716d301
torus.out0.02516.h5	b0659222881734747800541112c720af
torus.out0.02517.h5	68d8cde75cc70d44437fe492ba00aaf1
torus.out0.02518.h5	0285c0c005e5349344f2102a6e736713
torus.out0.02519.h5	3dd87f4d8a3830cd288327e7e2533f46
torus.out0.02520.h5	e6d96680d30a81c3bcdf7873473c0ff4
torus.out0.02521.h5	de7f302ccb2adab629b7817f0163e1f1
torus.out0.02522.h5	bed119b721669320f4095663ac8bb166
torus.out0.02523.h5	7c3a375d837b72c8d9b6f6941affbe58
torus.out0.02524.h5	94b2038670609e86bce297beec8c1ba0
torus.out0.02525.h5	2eac93bd0f91b3f88419e66cb53cc33b
torus.out0.02526.h5	5ab906fac778ca50508ecb6b4272a837
torus.out0.02527.h5	57832fa71d3253f35bade95ec7f959c6
torus.out0.02528.h5	44e679371f402fdb188f1e5f8eaee116
torus.out0.02529.h5	56e896cf5a233e5f60b0b08fa415198c
torus.out0.02530.h5	6fef402c9a579282c5b760b83f8e5773
torus.out0.02531.h5	3b084c5e4ce9f301d64c269691942ba1
torus.out0.02532.h5	d5278ea10e49cd068948608235c4af38
torus.out0.02533.h5	3e1f7086c6dab5f4509e952795555223
torus.out0.02534.h5	662815d2eeb220bb935210fc92a8103e
torus.out0.02535.h5	4018c6a71f4ee61ca5d38694c1e33aff
torus.out0.02536.h5	7a58e8c482a3c9a05376ed4f95de8775
torus.out0.02537.h5	7126b45ea336bfaf77d6d4230bca3c79
torus.out0.02538.h5	b7cbb2faa95297b5b38a2102547dd25f
torus.out0.02539.h5	cf704fba6eb1445407496fc737b004b2
torus.out0.02540.h5	5004dc6fd3f6d2b69ffdc0ec7eb47ada
torus.out0.02541.h5	007ad79acd26049b0b31a56d8f3f1827
torus.out0.02542.h5	aca7973d704c12dc5c4bef770f060368
torus.out0.02543.h5	10c12b317d19dae6bf481be546dc2d01
torus.out0.02544.h5	8c33046a6ef330032dddd6d7bfb19fd5
torus.out0.02545.h5	54f19ed867dafb9b8a2f66de2e22b4a0
torus.out0.02546.h5	536100e71abaa0b03175092b168b497b
torus.out0.02547.h5	9a837113e2f9ed3c100c7c9f24ed61ea
torus.out0.02548.h5	103a47e66c0ce5237675d3a85d87244d
torus.out0.02549.h5	e8099393bf28386d7cdeaca4f00061b5
torus.out0.02550.h5	042a46f76af01e77a8965c63dc9056ba
torus.out0.02551.h5	711653ef99bf30c471ac3d2f8866b92f
torus.out0.02552.h5	6158a1aaaf32779252c28ed4b35089d9
torus.out0.02553.h5	8b54cd3f8903159574af97565c5c3fe2
torus.out0.02554.h5	97cebb9142c97f9afe3ab38583c57695
torus.out0.02555.h5	b59f769d83dd68718b42a60297d38f6d
torus.out0.02556.h5	b6f8b083506e3e53c816b2f6a3a24bab
torus.out0.02557.h5	c0d25b108db4e0ef5f0c1a234310cc3a
torus.out0.02558.h5	297c1f97d3171befae7e7f59497e2bf3
torus.out0.02559.h5	b608a01fa6f0c4aa3b7a5ba2815a0b6b
torus.out0.02560.h5	3ca45a926615e08d70b711867ee64c8e
torus.out0.02561.h5	2ca4f4c54f4f9ac9023a7a3d51722abb
torus.out0.02562.h5	3a41fbe163e9fe2839d242f579edbc81
torus.out0.02563.h5	6191650ec024cd3b4a4f42dfb7a02d94
torus.out0.02564.h5	3442f9f6ef6eedcf6e27ef45fa7c6a63
torus.out0.02565.h5	69734945b732e226992d03b65b00f060
torus.out0.02566.h5	66c26639863a4490b06eb97510b38406
torus.out0.02567.h5	b87d8162fd8ef8e63a1f5553c1b28422
torus.out0.02568.h5	c137d312acde12134539f1e00540960a
torus.out0.02569.h5	3cf129bf334331429eee9b3c654304fb
torus.out0.02570.h5	234f470033f673b96888a69ead43127e
torus.out0.02571.h5	8e7a7e75c6f036af1cbbc17b811f5b12
torus.out0.02572.h5	2dc13e3cd1479c37f44593e7b0435d9a
torus.out0.02573.h5	5a3f8c9e068b66f2bd168b7b0155f065
torus.out0.02574.h5	f29e692155aa8cf29905c6d8713e376a
torus.out0.02575.h5	4e1308739faaa9d1206eeac4162b8ebf
torus.out0.02576.h5	a50b78993cbc4f590ea5f05ae62aa4fe
torus.out0.02577.h5	d524f3fa5fee26c06d6abf0651a5817c
torus.out0.02578.h5	6d2e8d43e05110090ff0d20b3cd7e3d1
torus.out0.02579.h5	b9196535afadde4328b4b733600ea0fd
torus.out0.02580.h5	773cdfde3a56c6157944a94a6f89e865
torus.out0.02581.h5	8c1733b2fea12f3d553638859967e4fd
torus.out0.02582.h5	804960899eecbca3e908d765c9201db2
torus.out0.02583.h5	bbc3fd9185f541e3b5b1209a437238ed
torus.out0.02584.h5	5e7595def5f8ca4d63aa15bf26dafe3c
torus.out0.02585.h5	3d1991d732b24e1fefcd3ff8552ca120
torus.out0.02586.h5	ec40582f9c38b23248e78379200aab2c
torus.out0.02587.h5	5e85e9c3849ceeb2a8a69a2858de1fb6
torus.out0.02588.h5	fdbbcfb2f02e3886a70d4a798bac7afd
torus.out0.02589.h5	b7181da1bffb5113d3cdc5836f50f902
torus.out0.02590.h5	52b40d7e756d7ac744f71a74835c9a86
torus.out0.02591.h5	6e40195cb8a4fd980e2bd491be54afc2
torus.out0.02592.h5	728d17d5f86586e848a1f25ddd73a65c
torus.out0.02593.h5	1ba7e2ecd20c2c46fe5cbc6c0e7cea33
torus.out0.02594.h5	0d957e84e98708e15cb76ae6759bb732
torus.out0.02595.h5	cfaeed65a99ee88ff3b1fa4a8b2d50ca
torus.out0.02596.h5	778f5125d424160dfaf2a82a9baaf4e5
torus.out0.02597.h5	ebc7ef68e080516f6dc9a69babe31971
torus.out0.02598.h5	f75698b6757fa79cc5992db9b38536bc
torus.out0.02599.h5	c91c9d1df2ae57f6296cceec2e4b0928
torus.out0.02600.h5	d59916f8449823b0c01b6763f2a3671a
torus.out0.02601.h5	039bec7483799409ad76faec31da33a2
torus.out0.02602.h5	2a7b61739514e205e382673154278acf
torus.out0.02603.h5	558370a1a7d5ed322a4837746684c432
torus.out0.02604.h5	ac09c468424e5a45079d2299bba44440
torus.out0.02605.h5	868d4c0dcf80a8f318d207ed8563da06
torus.out0.02606.h5	0950efc66e685814c895152aefdaf659
torus.out0.02607.h5	8562e9d5e32c8314297121452e04c10c
torus.out0.02608.h5	6f997319e53899651fcaced13d06dbe2
torus.out0.02609.h5	b48b90be6979dde7ad1db8d48bace37b
torus.out0.02610.h5	c773ddb844de95dfd99392e340e83b51
torus.out0.02611.h5	f1f35b60d9a3148636bbe26f8ad9e11c
torus.out0.02612.h5	893b5f0fa248a52a50fe0266bd83a388
torus.out0.02613.h5	7f43bd1092fb692456c87ab47b3cdfc3
torus.out0.02614.h5	de28cf2eaef54c9e017036e0479ef183
torus.out0.02615.h5	555e52e9de64482d29c0650fdd2e61fb
torus.out0.02616.h5	661005d0eb8eaf4e31721932f3a89fbe
torus.out0.02617.h5	f3b0eceb7d3bc2a3e31342c596bbd8e4
torus.out0.02618.h5	85aa15ba0bdb90eef0b9bce4b90e0d2e
torus.out0.02619.h5	6714493416eab1186a899c9cb3c180d2
torus.out0.02620.h5	fff19df968f1622cac6a3683ad3548dd
torus.out0.02621.h5	711f384275cb5438b79b1848682c3a3b
torus.out0.02622.h5	c1d8df9ce12427ce999a80c04a0c40f3
torus.out0.02623.h5	ce4ed4ab46aa6dad7905a3a701d44c1c
torus.out0.02624.h5	881ee2673bd65eb3927f3ad7941f25ef
torus.out0.02625.h5	22954534185dda1a4022e7d19545fe8f
torus.out0.02626.h5	d0b06b05c28b081d26fbf8f29f450310
torus.out0.02627.h5	0767d3eabdefdd5ce3129655a170eb64
torus.out0.02628.h5	d224353a94bde7d8cb731004fd9be2a7
torus.out0.02629.h5	7d08ac97e7fe1d28070b76b86be5000b
torus.out0.02630.h5	c71b25af7bcff359e8b72461b4db9023
torus.out0.02631.h5	c8f0edd860155fdeec4840831370877f
torus.out0.02632.h5	e124105f2eda45ae1a66eccd5d706399
torus.out0.02633.h5	c6cf56b5bc785544f7bd8e450ff1fac2
torus.out0.02634.h5	56e21c7827ae3b905addc573c3928ac5
torus.out0.02635.h5	ca801eb15d17305a64d24513c4bee4bc
torus.out0.02636.h5	9ee3655f754c6c13fbfb9e368fb0b738
torus.out0.02637.h5	c648d0572d89fabc7136ded94d721483
torus.out0.02638.h5	650ce598938a8585474c33012a29f3e2
torus.out0.02639.h5	e04777420e2d47803103966ed2168334
torus.out0.02640.h5	2700117f67b8609977f0c97bc64f361b
torus.out0.02641.h5	df3584608c4b240bc9a91ab09b60de1c
torus.out0.02642.h5	aedb0228510f289ebeea6173f4e9a1c6
torus.out0.02643.h5	1efde8868b0ab3c3d1e7e975eec09401
torus.out0.02644.h5	1f2281b7c3928fa05be3eb6c69aa9541
torus.out0.02645.h5	40e06239afd25c43e975514f527f7d9a
torus.out0.02646.h5	727d3fd00a8d601284e6b63117d78e02
torus.out0.02647.h5	5db5d39f26929deb6f2c52975533811c
torus.out0.02648.h5	9eb3ccc28f42f6751dcb9eb8392745f3
torus.out0.02649.h5	9cdd63a3c8253f3d942610c47b1c74a7
torus.out0.02650.h5	9b96b02ec8bec104d101d36b4a6f12d1
torus.out0.02651.h5	6dd1740e2015102e2e273d909cedb7e2
torus.out0.02652.h5	b7660c6921545ed3898dcbe4c99f3217
torus.out0.02653.h5	5488f37cc8314393f04d50be09045f21
torus.out0.02654.h5	693355644186eac27c5c0c030c208802
torus.out0.02655.h5	0d115b828119c7a8a6aa8d38d47a6064
torus.out0.02656.h5	4fb95e2bd727ee5812868240462b7f58
torus.out0.02657.h5	60e359b6412b14f4e624318c3b63c7e0
torus.out0.02658.h5	3e27ec2d06057b798d87f288f8b7ca57
torus.out0.02659.h5	b84bd608d999cf3a99dc18bac2fbc571
torus.out0.02660.h5	d02c9ac668261996490bf66d1b3351ed
torus.out0.02661.h5	075ff9eb5cdc82622a91e02afa30a4e9
torus.out0.02662.h5	83bc3e01613979995ecd2096c26756b2
torus.out0.02663.h5	e68b8e50bb8ecf2afa976122afe4080d
torus.out0.02664.h5	81305d9c56607c85b5d3ed2644fe397b
torus.out0.02665.h5	cd170c36991d72ee5df86d8e8de8a759
torus.out0.02666.h5	8ef9d4117aed4064c5b45551c939453c
torus.out0.02667.h5	d527ae59f0501b5495b7f0aea7a2301e
torus.out0.02668.h5	b926e16c5606706eda8772d7f19e246e
torus.out0.02669.h5	4f2d0753982655bdc740f59f527f86ef
torus.out0.02670.h5	efaf82f3ac13edf1a2ee3d1c86a765f9
torus.out0.02671.h5	2f1d9d2de1988c6f813d3eb4a319521d
torus.out0.02672.h5	c7afd7c7300dd6896636c66a3daba801
torus.out0.02673.h5	aaa74f345c8ccf895662eb9bc8fa9c1a
torus.out0.02674.h5	b73ba20d5410af5375f72ded187ab228
torus.out0.02675.h5	bfd81de60f5c9308dc467d5aed7d9cba
torus.out0.02676.h5	a09e7d1fd9106db0129d8a0fa3ad2f52
torus.out0.02677.h5	2128e747722fb8e9116e6d0f3c4adbd1
torus.out0.02678.h5	8dc6f96fe25b036e0092f887b0b3caf9
torus.out0.02679.h5	52f8c6e2be224dbd44e75b43367bdffe
torus.out0.02680.h5	b2382b730b1ee2f875b9d6fd5362b148
torus.out0.02681.h5	96abc716626362a826197710fcc73eb6
torus.out0.02682.h5	4ab6f76d95ada2c96c7fb4edd0366f91
torus.out0.02683.h5	5e6bfbc93271593591c168335df6525f
torus.out0.02684.h5	fa249b27595748d6046aba11ca66bd09
torus.out0.02685.h5	cbd29b022cf874a1b7826476def8a407
torus.out0.02686.h5	5e5346330568ffbce64346361506ddcb
torus.out0.02687.h5	3f5d92cbcf7bbf7f1a5d61248cf765cc
torus.out0.02688.h5	3fd740a4d126448433481b7adad69c85
torus.out0.02689.h5	3ef7b1d7d752dada99090bba4902f1b8
torus.out0.02690.h5	bf87dca98ad6a417e29ced075668edd1
torus.out0.02691.h5	eb6a7fc4f960b6d60c40c2ab289a5178
torus.out0.02692.h5	5747479a40d212453a158b15a55b3ef0
torus.out0.02693.h5	311da55d390e1ae37f6987609d984f8b
torus.out0.02694.h5	9ccf6094f40c0ba50acb6cb6fd166575
torus.out0.02695.h5	e03e8d6c9fa6068a4d436c896e07655a
torus.out0.02696.h5	1813a8ba64935091288956bfba202d5e
torus.out0.02697.h5	52d4346c665f9d44f64b2b6847cbcf0b
torus.out0.02698.h5	b92062de3cb1cdbce2513710571badbe
torus.out0.02699.h5	426e5912199793a66949a64b2ee40ecc
torus.out0.02700.h5	5e4d9009efc189156ba671ea06161ff2
torus.out0.02701.h5	e8a4419ca5f559a6f0fb481aeece83d3
torus.out0.02702.h5	eaec6b49252717da88010c23f96e9bd9
torus.out0.02703.h5	79988bc95adb08ffe4a8ccc61c2cf6a5
torus.out0.02704.h5	eaf7281011061996ff4784da1b82ba21
torus.out0.02705.h5	a4af0b9c85a93a5d576632d7a614d63b
torus.out0.02706.h5	3d1a82cef48de526b1521cc900be165d
torus.out0.02707.h5	50ac1713657c57318dbfe86f9f817346
torus.out0.02708.h5	4860241b3895adced3e4ff480bcef4a9
torus.out0.02709.h5	66cc3e5809f8397ac475bdb5ff1e624c
torus.out0.02710.h5	a09425c7cdc8a799d6d826d7571ad78f
torus.out0.02711.h5	f535cb4f30991b98b6fb65be0210ae7b
torus.out0.02712.h5	802688f6e201d3d17d08c479b15dd864
torus.out0.02713.h5	88657412daa63e5475f0a2263760e145
torus.out0.02714.h5	0f6474165d5a9e9b76e1c84738a24bf1
torus.out0.02715.h5	05c79578a70dbb0506494e7fa37e2de1
torus.out0.02716.h5	de0f9a22a5a0243c22608ba3e2b954f8
torus.out0.02717.h5	2fc3a5afcd0d271ba86e8bf0b84fb545
torus.out0.02718.h5	78790c3a2a90bf516a5931c3821cb974
torus.out0.02719.h5	2e1342040f5373fb070918722c3a1245
torus.out0.02720.h5	3b575cb9df647d0425fd9a8544619a59
torus.out0.02721.h5	f4b7bb5b1d9979fa5c89470b79f485c1
torus.out0.02722.h5	b7a931d4ea076f42f61a57d5af20c4db
torus.out0.02723.h5	c9f00beec04d85fb45d0abd3de04b0cc
torus.out0.02724.h5	3e16d6eeadbc1882e6ff92d8ce12c96b
torus.out0.02725.h5	9d9aebf738b1fad9491b0049a21ea151
torus.out0.02726.h5	cc340510e6cfcb52edb56ece49b20d11
torus.out0.02727.h5	9acae69a88208b4c8aa0cfee22b45604
torus.out0.02728.h5	36d084773b863773c1d3f8859a03ada0
torus.out0.02729.h5	76b628d2f7c398bee0314c3809acabff
torus.out0.02730.h5	863c82746f95e1d52a4d1a49c38689bc
torus.out0.02731.h5	2bfb8b564a03a04792e8d3d9a72ef951
torus.out0.02732.h5	29a7eeb91b89ed3c0bb08bbf6908db10
torus.out0.02733.h5	7bc5016557ec28acb0b1b8b2a7ac7f54
torus.out0.02734.h5	20666f6803d95cb86c76a2253f811fab
torus.out0.02735.h5	a6005e6e204e999c3770cc280e64d9f5
torus.out0.02736.h5	f110269b0d07fcdd9fe3d88a1b5d221c
torus.out0.02737.h5	5261b3899967be9abcfbbb7de3da992f
torus.out0.02738.h5	65867d06a86124cf09dce7a4b22ad7b9
torus.out0.02739.h5	82ca1ff1cbb2e857e7db08715229a003
torus.out0.02740.h5	d35bc4cc7c259778f97026ef3750954f
torus.out0.02741.h5	0aae80188d545c6d7b21c8e203bfc86f
torus.out0.02742.h5	63ce204b63916c2444fa8b13be24aa6c
torus.out0.02743.h5	f9891c646d0b15d8d43ea33fb17f286b
torus.out0.02744.h5	e6513db5d75281c063c1256c7f4454e2
torus.out0.02745.h5	50378c874da41a60f82c06fb7db74ddc
torus.out0.02746.h5	3c477011d4afc939d95cf9c716db0232
torus.out0.02747.h5	40cdea9afec6cbec1c1a6dea1132ae70
torus.out0.02748.h5	c8c8bb046ba057a6a63e563e9a0e1cfc
torus.out0.02749.h5	094b1df3ffe5e763ef53314205d0af34
torus.out0.02750.h5	32c7d0cddd7c9c8f587a792c2781433c
torus.out0.02751.h5	143a5cc3e1a4dc8f5cd83a6c7914855d
torus.out0.02752.h5	4cbc44baa45446a3dfea44741be2194a
torus.out0.02753.h5	21427de5e1981c5a13630717abbd0c2c
torus.out0.02754.h5	0aa9cfd055555d5461a678458489cfad
torus.out0.02755.h5	56ab26f915d0986aa95ea950f7e5c8a1
torus.out0.02756.h5	162088ab0628b701a8ebdb4187eb72ae
torus.out0.02757.h5	03330aafd6dea2037e289387d53861c9
torus.out0.02758.h5	e4299406c2db5c6b085ffbcef1512e86
torus.out0.02759.h5	748f8ef5a11b41c20679a4c3dc60fbb4
torus.out0.02760.h5	93570545917995659d102d6b84637664
torus.out0.02761.h5	f962122794ed2467bf564718e8831138
torus.out0.02762.h5	95f679f2e42423720603f81a30d3ee77
torus.out0.02763.h5	d0246317b1d5dc6b92800887c9aaa11d
torus.out0.02764.h5	cafc2e4f82c8932a3c70079e1a42938a
torus.out0.02765.h5	5dde57af6d66be4078b05a568bc2f358
torus.out0.02766.h5	3781c8adcd0990cb76ea4b2b3aa01f4a
torus.out0.02767.h5	bb6451937dd1ce2137d5364410438a69
torus.out0.02768.h5	a368b608ac9d9983b997614d6a183cca
torus.out0.02769.h5	281071a64db11333b9430746c32a97fe
torus.out0.02770.h5	8a41fdee1cbdbd13b2973dffc71aabac
torus.out0.02771.h5	6e5066dd9baa8365dc97a0f0d34e145a
torus.out0.02772.h5	0ed82097764ab1a42395d212c0770bab
torus.out0.02773.h5	bf13430ccadd269e269b03bb69578a70
torus.out0.02774.h5	9e93aef802174edb052199c7ee51d6ea
torus.out0.02775.h5	b6d87fed95088adf517b677551524b5e
torus.out0.02776.h5	5c1be4ab0e0e834cb7e3ab709ab8d523
torus.out0.02777.h5	0047887fa96f8d86f276d86a593a9474
torus.out0.02778.h5	4582459418e4046d80cc0e2448842523
torus.out0.02779.h5	f6e48c9b53f2ea007fe29500f75e1f8c
torus.out0.02780.h5	792b73166d448563fd5e396a5b4c10b5
torus.out0.02781.h5	9acf9685bec14b6316289948e6a1a629
torus.out0.02782.h5	0b30342ac1b11ae246206b30a68dd4e0
torus.out0.02783.h5	5b03392280eeba98ca2a30a1a0d1237e
torus.out0.02784.h5	a8395f3bec9f4ae380ee3163435cdcbe
torus.out0.02785.h5	2ee05747cb4f08d40835aa8774ebf353
torus.out0.02786.h5	7575425285a82adce712b524b3471962
torus.out0.02787.h5	89638c1336c47dd686122fdb6fcb1ba8
torus.out0.02788.h5	d2d7841bcba7bcdde2f0197927d22bc2
torus.out0.02789.h5	783a9340146020765f0b0a84e3cd922d
torus.out0.02790.h5	02fa3b0c47a2d7fca42f88b3479084f9
torus.out0.02791.h5	a00c32871c05ac014e0639ff5b167296
torus.out0.02792.h5	c0081b945d95d95c2d2f9c5d0986009d
torus.out0.02793.h5	93fb8e7d447a197d5596c5408b65ebf3
torus.out0.02794.h5	74fd2dd094ac48e6f272fd3a98feac9b
torus.out0.02795.h5	061c6059bc286571707a22414e78981a
torus.out0.02796.h5	53b9966db323b83d37d324d898d0ea4f
torus.out0.02797.h5	e3f11c7c6cc75c70a1db750bcbbd269b
torus.out0.02798.h5	1a4f7e8fb7b191120d7a53e035705d7d
torus.out0.02799.h5	2db68e7a533b28170e2b4076c9a84d88
torus.out0.02800.h5	305aec9f45c6fd84029851e7e11bb5af
torus.out0.02801.h5	79fcfa7c1e696e228ad6541e50303f18
torus.out0.02802.h5	1e12e3de7c62cf466e89b6614b798b37
torus.out0.02803.h5	9e69f98e9a3057d994f604ee73e1529c
torus.out0.02804.h5	2ab6807c1cd583ce9a92f531ab8afd0d
torus.out0.02805.h5	79f3c4f2eb2c631d97857c6b07bcc5f7
torus.out0.02806.h5	7efd1ce9db0d673daad520b124c93496
torus.out0.02807.h5	1e5a7d4735d0fe7970cd682479807f43
torus.out0.02808.h5	a66860ffcf6eebe346e75632600f24e5
torus.out0.02809.h5	bcba24bba7861fd6e8790b4f9519fc8f
torus.out0.02810.h5	80a28940e03238fe24e9a1e19f344530
torus.out0.02811.h5	ed4322facc5b012a50b25de83f200e53
torus.out0.02812.h5	00d375a971bc192609e86966d3c21e14
torus.out0.02813.h5	ddc61087b1e77878cce94c21c841c557
torus.out0.02814.h5	3fc38b2a8fd4ee0c0df1d81ba45cefd8
torus.out0.02815.h5	004d334acec024acf409ea4fbd48ca6b
torus.out0.02816.h5	a8a40fae24905b9ac4ea715115eeb730
torus.out0.02817.h5	d6100ef36ceb6b94a232cd4bdba5b546
torus.out0.02818.h5	3e9ce85c894fcdf4634023a6b164f049
torus.out0.02819.h5	c1fdbd42afaabb2c1dcf46acf03a666b
torus.out0.02820.h5	46c7748a4018ca24e28fc0993d5e4c7d
torus.out0.02821.h5	558af4b436542937f96b1d557c019b8c
torus.out0.02822.h5	6482c3fbd399bf6dc21769201064f6de
torus.out0.02823.h5	027369cc0103b9fc1440dc29315aeb03
torus.out0.02824.h5	d2d9a217fec0bf231afd8d924f2accb9
torus.out0.02825.h5	86c99c19f2d3d2f8569fac717a21ba93
torus.out0.02826.h5	166ee59aa6f102913693d77fee74833e
torus.out0.02827.h5	6f9bf53faf32c07a51c0c3756e17ff81
torus.out0.02828.h5	28e35b9809931f4158a229360746713a
torus.out0.02829.h5	ced65a1578e96b243ecc3fc4c2542118
torus.out0.02830.h5	3e92bd4b719d6facb986167c10252ea5
torus.out0.02831.h5	ac531f1b225062b651bf39d242e47a99
torus.out0.02832.h5	5f729e40f0242d16b5c636a81164d014
torus.out0.02833.h5	1452c4f9ed6417af0c063b2a7623236e
torus.out0.02834.h5	f3575015adad1bc921b5a974b039ab14
torus.out0.02835.h5	92cf98b8916a47c940cfe8dd122dc366
torus.out0.02836.h5	8873d846e840188822157c3d0a0cb0d6
torus.out0.02837.h5	1e931800885591a632a80f4954c41ea0
torus.out0.02838.h5	dd4f3482692e6b51c4891e7ab8ee62dc
torus.out0.02839.h5	840987dd01d872ac7a64467a4aab9855
torus.out0.02840.h5	58d2b95f107be048f3e4cc740243de1a
torus.out0.02841.h5	e9049fff6cc209cd7295d69723f1b4db
torus.out0.02842.h5	edd6f63f303e650a9da827d286892032
torus.out0.02843.h5	f2c502ece7b523e68bfcbb5a364b3210
torus.out0.02844.h5	e7ee8718ba6d14a63547bbd09242bf07
torus.out0.02845.h5	27a6d1b831cbc292c1d91b8874ef5bee
torus.out0.02846.h5	c888a9f507268746e907a18bdcbf73fe
torus.out0.02847.h5	c31424822b7df54244316e68eeb84ed8
torus.out0.02848.h5	2aa2adb17aa982c5c9487a742c63d690
torus.out0.02849.h5	2e8a97616b3cee8ca82409ea8f4724a6
torus.out0.02850.h5	1c3169c7dd3bd4bf1f4f71119f723a77
torus.out0.02851.h5	851ca7ddabb7f9fc7a38e382b8dee8a1
torus.out0.02852.h5	0a313b57bf7830395db9dd7ee9d6a53a
torus.out0.02853.h5	68b6c010049dd8a7d312f804c7fa0310
torus.out0.02854.h5	cff808cb739efe95315872f0d1890241
torus.out0.02855.h5	1bae632ad752c5b2408a53837379a0e3
torus.out0.02856.h5	41bf078feed25e4c733583c042450214
torus.out0.02857.h5	206b5f9209d3ed07667720a6930faa8e
torus.out0.02858.h5	8eff7cc3875ea7cf0823dc4d051466bf
torus.out0.02859.h5	4ad63ad86bd9c3cd4d9143de9e2534c3
torus.out0.02860.h5	6117ec47d8bcda3f9254189ddb0fa886
torus.out0.02861.h5	febb963121b0295f111cf4431ff448da
torus.out0.02862.h5	5988c78311371657658101ae1cd1d77e
torus.out0.02863.h5	edd15761b79ac0454fffccc12e188d2e
torus.out0.02864.h5	3ef7898e0a162593bf53eb5e4ad8cbfd
torus.out0.02865.h5	eda4b0f2be50a83399a266f49e5a8c48
torus.out0.02866.h5	d4ca9540769be3a58e0fd28f41bae000
torus.out0.02867.h5	3d02024df79bd73ddfbc9855adb7bbab
torus.out0.02868.h5	de6ff4033969612d56abc1a83ede0997
torus.out0.02869.h5	8d43e301eaa37674285f610b8b02153b
torus.out0.02870.h5	92fda1ab635a6a195fc71404f71c66cf
torus.out0.02871.h5	9803dfe63aacc652d705210ccec3ff14
torus.out0.02872.h5	5aea43b72d2dc8b0afac315cd8fd63dd
torus.out0.02873.h5	4a24bddd681cc8d20ded09a2e8793a46
torus.out0.02874.h5	97857b53ff7381cbfd9afcc21aa0b2a8
torus.out0.02875.h5	d40ed6dee2329ac290fcf95376ddcb1d
torus.out0.02876.h5	e071bf7b4b188b8da04e4746c0d6a311
torus.out0.02877.h5	4c7f2c90a722f448242814292c7953b1
torus.out0.02878.h5	a784004963c4abc87e39d5678ad0f3da
torus.out0.02879.h5	4531b2344e2361d66fc8074ae95c6192
torus.out0.02880.h5	4bc1d2a0e981f9d4be12ade5c1d1925e
torus.out0.02881.h5	d07385a6853d502a98bddf0d263c4616
torus.out0.02882.h5	63a43cf7d22b24c0a9983c37c7d5c346
torus.out0.02883.h5	13e6bfdbf80a84e7f9cf4a3619abd5d2
torus.out0.02884.h5	6c0ae40f4e18df02795767998963b0c0
torus.out0.02885.h5	f7867a7e40447f1595d07a6c91362c38
torus.out0.02886.h5	2b1b1e1199c78ac47ba21f0e40730574
torus.out0.02887.h5	76683735ec4ad862a89b15b55b05b4c8
torus.out0.02888.h5	dfec088fab2539dcd18f0e58c2504bde
torus.out0.02889.h5	3946d9ce1ca3d77fc4c50798fb99c979
torus.out0.02890.h5	dd8b170a9a64715fb6d4b4723dc8e7c1
torus.out0.02891.h5	1b23a9105d23bce3d9c96424918c9954
torus.out0.02892.h5	0fdbf16f995634b626dadf9a7d2ff232
torus.out0.02893.h5	a0c6fab5ca1fa9a147dc0aebf30c105e
torus.out0.02894.h5	39fa23bd891607cad35a201204fe4362
torus.out0.02895.h5	e3112637f62901e3fe0458eb4c15e753
torus.out0.02896.h5	1e5c13211575b0c2d70be6b4b299a27d
torus.out0.02897.h5	0598eed20d30fe081a1d6973c037bc95
torus.out0.02898.h5	dc906cee5af8b0813e1b54b210c03a2d
torus.out0.02899.h5	3cf601ae3a6e6bd472fc973f31d10fc8
torus.out0.02900.h5	4009cba7714d42c0ce3cc9f754ad9b0a
torus.out0.02901.h5	c727033ab6efbc6d41ce627832fd0b35
torus.out0.02902.h5	a55adb5402bc24ff0990e322c620bce6
torus.out0.02903.h5	05135e5541340ba858c5ca68211905da
torus.out0.02904.h5	bf7c972cca5f11a008eeee4f20b8c11d
torus.out0.02905.h5	cc3b946a35f2feef4f4bec2ef0a50472
torus.out0.02906.h5	6a3cfee13d3e084c058f61de1e808feb
torus.out0.02907.h5	955631f8458948326f594ba1bb18963c
torus.out0.02908.h5	74ab27114966d37479f13ea4feedaa78
torus.out0.02909.h5	78e6d811818d2d38e61b3323d067c6bb
torus.out0.02910.h5	226e9e45d8b32bb2b583cf0032ada909
torus.out0.02911.h5	f9229248507ecdacf8a37cbe94cec93d
torus.out0.02912.h5	1dda2f52ce31bfdeaf5998deda485ff4
torus.out0.02913.h5	ed2bf069271397cb89d4ade324fcb655
torus.out0.02914.h5	622f823a0642aa145457633e9d9e3a07
torus.out0.02915.h5	720a78a0a8b0cd4171a147265c677621
torus.out0.02916.h5	35c0c6bd45497dd8ac01b96e95d7dbb5
torus.out0.02917.h5	61c117e6a7a5e28dbc995667d464925a
torus.out0.02918.h5	2782d0d5c147838af611740f3efd9399
torus.out0.02919.h5	e379113080fb75650da8195dd403593e
torus.out0.02920.h5	68b707a9eccfd1eb69698790eea74c55
torus.out0.02921.h5	290b5028bcb89648885cd54545cf47cd
torus.out0.02922.h5	98c2d1ec16ef4f49461df6a05709b0da
torus.out0.02923.h5	01dd922426c57a38d8b40d3cab471794
torus.out0.02924.h5	e5ae8b952f4c620a01e5936cfa28721b
torus.out0.02925.h5	0e0832bc068a24ccc933f69dffbaa6fe
torus.out0.02926.h5	3b15bf98fee10ba46e99bdfbefb75acf
torus.out0.02927.h5	8b85492c86e86a955ac06444883bc0a3
torus.out0.02928.h5	ddb8c553182fe5fe1e96e688b90b6a66
torus.out0.02929.h5	c6b6b4c2dd120c884d5463959f8f7491
torus.out0.02930.h5	20d4ef715ab3260f37826c0eec18434b
torus.out0.02931.h5	ca3f39d636a15eaed88c7afab1f31a90
torus.out0.02932.h5	05b3cbdc9bc5f067918c91cb5ff6b8ff
torus.out0.02933.h5	e545239ee8f9e4b33991771ff4a6c57b
torus.out0.02934.h5	acd45a8c6a7f13b5e29b7d8a1b197624
torus.out0.02935.h5	4e4aa7216207413641f137f37c02149f
torus.out0.02936.h5	ba8f2cc1086638d406d3295a661ed4c0
torus.out0.02937.h5	9a1281c5d924b9cea4ac90cb252d803e
torus.out0.02938.h5	ca4bee50d44d1fdaa76c2d23273c4372
torus.out0.02939.h5	095ce00935d26e132a8b7e3128dbefbf
torus.out0.02940.h5	3764aa517609fd65594c7380336fe9b1
torus.out0.02941.h5	0dcbb9b4a3da2a44180740fd2b09fd83
torus.out0.02942.h5	e9399233bc9a5f83435a423406f3fd04
torus.out0.02943.h5	e26c8f471d907f876031bbe639f64488
torus.out0.02944.h5	c0e1609a954f98d6c07bb44ff5c5134f
torus.out0.02945.h5	f98e1bd486009216f77ec41bf661319a
torus.out0.02946.h5	8fae9de2a769c22be0a9afb6a4331e2f
torus.out0.02947.h5	ec5b57fad3a4a4d492928cabc4e1cc09
torus.out0.02948.h5	f29cd945c0f47257afb4c95de24974f7
torus.out0.02949.h5	a13b3c9f48b0b92ae99ed8affbcb6980
torus.out0.02950.h5	ebccf70f1716b66d1ba53e753f1d9e54
torus.out0.02951.h5	0ec6c246c8815bed38ffe592e5e5f506
torus.out0.02952.h5	e243de8ac6b0a992249b86044f96ee0b
torus.out0.02953.h5	857db59eb2b329e8f8a5ac211d2ebea8
torus.out0.02954.h5	3fb9b0be6f542cfc9bf92116109b2c35
torus.out0.02955.h5	679764a4ba5700b5cb66b5cf50bbd71e
torus.out0.02956.h5	60004d0cc15df04e5a0512190222a7a5
torus.out0.02957.h5	74a7ffae6b52da7ff9e4048f1080bcb4
torus.out0.02958.h5	f0646f8ac2ffe86458bd936586ef9acc
torus.out0.02959.h5	fa151ef693a116998ec94206f2c9c084
torus.out0.02960.h5	33b0953e1a33ae8dbe19cd8d922bfadb
torus.out0.02961.h5	23c0b8c55fb7debfa44bd3f6112d97eb
torus.out0.02962.h5	952a18bc5db33691e944dea76e1e477d
torus.out0.02963.h5	2a664f6df06dae4ec092661890890cbe
torus.out0.02964.h5	4fd40c941719f7e61e76e88fd90a9c34
torus.out0.02965.h5	f085184565f1f9fedfaa582bfd06c211
torus.out0.02966.h5	9bd43f804a19973a2674ccb4b9475f59
torus.out0.02967.h5	ad6da740b77a3db0771a73ce283db73e
torus.out0.02968.h5	641c08da62cbf79247561d5fd58dd339
torus.out0.02969.h5	a6ce1cf5b9d4eb815273da2d986a9ffc
torus.out0.02970.h5	5b2dea7876e27a86eb71241cf5100c2a
torus.out0.02971.h5	025150427e1605f7a013ad24e59690b5
torus.out0.02972.h5	29e14b6b28982e39b9c5708c677b66fe
torus.out0.02973.h5	a3157cf378487627ecf24299e88206e1
torus.out0.02974.h5	3a868f95dbbb1d6bb497295a57a3f42c
torus.out0.02975.h5	0473a06032b49a3358bdda27b2c049ef
torus.out0.02976.h5	983f85bc439acc7f8aca94578fa8619d
torus.out0.02977.h5	d81bcfb3cb1bb55e31bd50332c9bd6cb
torus.out0.02978.h5	61fd90a97243e0021cb7f2b4604bb1c0
torus.out0.02979.h5	66e89d789a5564cb6050d1971421a21c
torus.out0.02980.h5	011a16d2880bb90d99a17d75a7eac076
torus.out0.02981.h5	c54c6e95071450f4eb7353a56bd9b991
torus.out0.02982.h5	321883a84f4afd11fc137251bc563ff7
torus.out0.02983.h5	4a165290d81b9d7904077bf24e8609ce
torus.out0.02984.h5	1ed5e101652fe1a33cb1419bfbeb181e
torus.out0.02985.h5	fb89000df16b532df479e76a9c1464c2
torus.out0.02986.h5	b962d3f4c9ba58c3f19963d5f7a9462e
torus.out0.02987.h5	01230f047c11f8ab752901ed75a9a3ba
torus.out0.02988.h5	ad5d40bb34d0e73a815eae734345f939
torus.out0.02989.h5	fae352c4f39b360720201d20e4c9bd3f
torus.out0.02990.h5	e86d487831897f6fb62181111ee1791c
torus.out0.02991.h5	770f5df093fa34392071c3341c9b765e
torus.out0.02992.h5	8a48e413193a93b3bcaba63a886f243e
torus.out0.02993.h5	22436c34b787221b9e7e03d7e1d82f8d
torus.out0.02994.h5	33cc03c10cdbbb7a7af5f2525dd89d5d
torus.out0.02995.h5	3d61675cf1563a02b1b041bc92ac2760
torus.out0.02996.h5	335d4b55ef931ebf3e3929c909e83af4
torus.out0.02997.h5	0e3987f21131032003ec83b9736cb491
torus.out0.02998.h5	6c01b452c467ccd95b36767133adca91
torus.out0.02999.h5	894fcf6c4a884501b49dcbcd6d2efbc1
