torus.out0.05000.h5	4458c0e75dd6555d7a0a9655b31bba60
torus.out0.05001.h5	52a86c7facef030ccc5c5ac53afe48c2
torus.out0.05002.h5	c418dd28a1d8052421258ef4292a0680
torus.out0.05003.h5	9aef7ffb82880d8e37807ccd231c8af5
torus.out0.05004.h5	f022fcdd1466358aa14ffad7caf30a56
torus.out0.05005.h5	53a7d20294f44befa952a8518dfededc
torus.out0.05006.h5	9b34cd7c7347e83e3b2c128389889cb0
torus.out0.05007.h5	8a40d851f98fba29e5bdc42ee6e3849a
torus.out0.05008.h5	be0bb7407383598a6d96d67e3b43b6fa
torus.out0.05009.h5	d2829d0a8780b67b4fa962f66b1af0bd
torus.out0.05010.h5	a3763d0ec03f938cf6b08dede4f35366
torus.out0.05011.h5	dd495ec933d180bbaa9437a31ff6cc49
torus.out0.05012.h5	1731eedbd2655ad41d9c999c6fa3a571
torus.out0.05013.h5	853bf5862c12f177fbb8a43e36e7e757
torus.out0.05014.h5	8cdf7ea4aa1c83cf15c0803926d1d58c
torus.out0.05015.h5	a508e8c7687b09d1cfa8e3f75d91ffe1
torus.out0.05016.h5	5b12ed484ab32b1d14e33bd00d1192cc
torus.out0.05017.h5	62d510827f041c4e1afa6b2e2414be15
torus.out0.05018.h5	4c93a40972d6dba4839e496796b1bf9e
torus.out0.05019.h5	6ddb898eedd7e7bd40d24970f95118e7
torus.out0.05020.h5	14b1889a1dc6eea1b4a679c7620996ee
torus.out0.05021.h5	06f6bd2aac19b270ca980ec4edcf2cce
torus.out0.05022.h5	c307d3d2f3258936c6e5f41b5f8b1adc
torus.out0.05023.h5	d199511b20e0f52a6b12994a712822cd
torus.out0.05024.h5	061e47515a5340d761cca524773fdec2
torus.out0.05025.h5	d2428add3d5eade55e3213974713427b
torus.out0.05026.h5	9b268ec66c1d741f004183367048c34b
torus.out0.05027.h5	e215413d1beff86d2972d58aec638988
torus.out0.05028.h5	2cd324b39950cd65ab817f0babfc7429
torus.out0.05029.h5	0656810d4cdc9ed29c5c23d616de1b0b
torus.out0.05030.h5	6cfe629e3c10f54b20e8887d4ea247e6
torus.out0.05031.h5	115977ff9b3beb7087cdac0a3175d34a
torus.out0.05032.h5	a0a0f2f4c51ca0844269e25a9ea299c8
torus.out0.05033.h5	6678a9317c07b440c3e5917240dc2e7b
torus.out0.05034.h5	2fce8b64d18151297ab3db8e871ea3d4
torus.out0.05035.h5	4f6695fb997085db6c612bd31bcc089f
torus.out0.05036.h5	8784782bdcf3fe3f5d9b43aa5b46bacf
torus.out0.05037.h5	a3112c96ccfc120b2d4f10d3ca2b7c8c
torus.out0.05038.h5	0b0b10da269772c2b13ea34f1eed7dba
torus.out0.05039.h5	c46b4e3300cf135a9df085a8097ca333
torus.out0.05040.h5	9cccaf9fb9b1663e6a0f481b1f554f23
torus.out0.05041.h5	ec938c94ce96cd37ed599edf108ebec3
torus.out0.05042.h5	4a03fe0dd4ba08aa7033e1e532da3da6
torus.out0.05043.h5	0bb75c2c6328334e318d89523cefe0d0
torus.out0.05044.h5	9b88b18e6817ee907c68b49f725c450f
torus.out0.05045.h5	011424ac218af9d31c54125407cca179
torus.out0.05046.h5	969f60f68922e3562edc30797d2dfd8f
torus.out0.05047.h5	2e7d64050b4ae8b7bc61a642b0b5e542
torus.out0.05048.h5	00c023ae18a2a25ba9dffb2aa5d9dd7f
torus.out0.05049.h5	e467369626fdb0211c57538be7f3e521
torus.out0.05050.h5	0b637e8b147f219b128da8ed9b48a08f
torus.out0.05051.h5	ab91c54e7ecf84101cdc7a0ebaef2baf
torus.out0.05052.h5	bc1ee20c10f7c3c5967958eafa29f509
torus.out0.05053.h5	998ec3248a76f7840ef7e809248ddeb8
torus.out0.05054.h5	2cb6376bd9ba8b1198ccb9b91ded0df6
torus.out0.05055.h5	d819b8da4261ea65bdb2e549c2407484
torus.out0.05056.h5	e4b326f48720cc16db79932f88ce57dc
torus.out0.05057.h5	ca526e9e5b2df421eb07a348a9f2f77b
torus.out0.05058.h5	dfcb6f44012e0cfca8f431b7f13f8a52
torus.out0.05059.h5	a2fe2bd92e3461c2abb9a76d50a836e7
torus.out0.05060.h5	29b3da9cbbc19dcc66fc67b8d2105ea8
torus.out0.05061.h5	8b15f910e9fd6f87c297545cada10789
torus.out0.05062.h5	3d6814899204b131915f0fbca95076ca
torus.out0.05063.h5	8bc4c6a7eb3a65b7a10a0227896ca3e0
torus.out0.05064.h5	65302cb5f13b9a6012ed8d2f6e9b2502
torus.out0.05065.h5	a3a08385c14b69d3b82478e39bd218bc
torus.out0.05066.h5	9024f99cb52101912e2e9759bdcb7a40
torus.out0.05067.h5	32d9f8230e83871447db4cbba7b365de
torus.out0.05068.h5	a715e04d5f4b3d6c308ee80bcdc4f050
torus.out0.05069.h5	b5e4a91f0cac126317a242585d05cd94
torus.out0.05070.h5	bc86f22da52682e0f6191720bc3eeb41
torus.out0.05071.h5	6a3d0a6aa3b23d75d896adbda73d2bf0
torus.out0.05072.h5	405b694fd625fb28e0657f51ce908e12
torus.out0.05073.h5	3caa30f89d635e0c4ddd457758465df3
torus.out0.05074.h5	088c424ad61a3a65a2c558593da89317
torus.out0.05075.h5	48e5c03585d62e0ce0aa534fbd1060ce
torus.out0.05076.h5	c40099a08f27fffab354682a0b97a4ae
torus.out0.05077.h5	2392f6d64aa17aec605e0b18f33ffd97
torus.out0.05078.h5	e046e14f120762618354f9275819f13b
torus.out0.05079.h5	fa29c2a4d8d096d4789e44d871f947f6
torus.out0.05080.h5	c0e9f9084672dde2c57df23128fa1a24
torus.out0.05081.h5	7f9a97f0269d424ea89134761039ea76
torus.out0.05082.h5	3e8658cc43925f85d72538de0cd4a21e
torus.out0.05083.h5	2f76ecd948c57c3f5cf2877bc9d0a4ca
torus.out0.05084.h5	b7b3a5860650a91e40cacf894f55353f
torus.out0.05085.h5	b2d1ca42b135550309c2eee5d76b9e94
torus.out0.05086.h5	e7ba70c7a5e148007a07903d0174af2c
torus.out0.05087.h5	b27384a5947886580011a1a5674f134b
torus.out0.05088.h5	0732c9bb267b54bee34f9d2fb194741d
torus.out0.05089.h5	6995aeb403473647bc6936eaf1ac371a
torus.out0.05090.h5	a34cc316dca04adf298306730c17257a
torus.out0.05091.h5	b907e2c7dc64ba3ac98cd2efacbacd36
torus.out0.05092.h5	af8262c75d21361be9af6d427492a448
torus.out0.05093.h5	2fb85bb3addeffcd7ae9dd2e1a53f1d6
torus.out0.05094.h5	5d84cbbd4d6a6d784cbb87165c8b8173
torus.out0.05095.h5	4e83c8b8fd89b157df8f39ce4050fee7
torus.out0.05096.h5	936ded0d79b8622c1a19fb0c7b3bee15
torus.out0.05097.h5	dc16211c98fd36384fa03fc4a4ba1e78
torus.out0.05098.h5	52d979ced0874ef240ebb2d7e5255c88
torus.out0.05099.h5	9e3dbd9ecd4571146ebefc3d027012bb
torus.out0.05100.h5	80354043b880a987fcb8a84703972ea9
torus.out0.05101.h5	6f0fc2797df2990e5d752e7712b72fd0
torus.out0.05102.h5	2969f90a4b419f30e184356ccca6da73
torus.out0.05103.h5	5333464e0e5b21213ab5dd5398c3df5a
torus.out0.05104.h5	d8f718797f766652ad042f63c0443a05
torus.out0.05105.h5	fbe63e2279de0d7572f8da644e9314db
torus.out0.05106.h5	e1aba858a48d6b30d40577dcf65071db
torus.out0.05107.h5	3352b8fbb85fe9efba51b6d649fdd910
torus.out0.05108.h5	9f7cb3fc1ec91f9d7590cff79e64d205
torus.out0.05109.h5	ec55ab0ed7753094b8ea7f011b46da7d
torus.out0.05110.h5	5d97afb75194243c9e97bf846227b10d
torus.out0.05111.h5	5b4a818324b0b8e2ca18fd379ea3593d
torus.out0.05112.h5	e26a02c011340b000ce12414e9512e24
torus.out0.05113.h5	8d72df8659af0de84cf5fd2bdcff4afd
torus.out0.05114.h5	78f3f9376192b0ef94cd55eccfeb6704
torus.out0.05115.h5	ced7c15bb4818b27777f70e9df5b7b5b
torus.out0.05116.h5	c6109673e45670e4520d8ac13bbdb9d3
torus.out0.05117.h5	9dec9182ce4718b5c7ee347be9327310
torus.out0.05118.h5	0b2d02cb6fea24008f34b5d2e75388a2
torus.out0.05119.h5	488b00559b8479c9f87cf4f0aa2c97af
torus.out0.05120.h5	8c5bac4d28c69b8625b4853d9624c219
torus.out0.05121.h5	57d419e9110bcd7c32d925944243d093
torus.out0.05122.h5	f2c5448f1e1c39db2cc3e95a2a279b87
torus.out0.05123.h5	6bbd8de5a6b54f95e847dccd884835d7
torus.out0.05124.h5	cde37f2bb84feae2ca2ee2408ad01ac7
torus.out0.05125.h5	9e99c1a215d0cdc868e18d3a14b121d1
torus.out0.05126.h5	eba42d3349e9bb82f8c49846e2427c1c
torus.out0.05127.h5	8e0f50b17593b25ef3789a152c55ffc4
torus.out0.05128.h5	9fbe9aacc96db1c84ddb2a82e3484c0e
torus.out0.05129.h5	e233eb8e4b3249861d915d3ca5f3bfb8
torus.out0.05130.h5	2cea4b2f29a92738c50a52e2e7ce3483
torus.out0.05131.h5	61ca44165e73dcb7a5539e66a36abb66
torus.out0.05132.h5	d22aaa19bcaca745ecbeaafd424e57f4
torus.out0.05133.h5	cc77ab9787e624f22f98b4d4405ef5c2
torus.out0.05134.h5	8dd22289ac7c3f29c3203b0e6113ef0c
torus.out0.05135.h5	ad7960c00d2170fb9d197d6c4c5c32e7
torus.out0.05136.h5	4df41abdc2426e63ce911f809da8652a
torus.out0.05137.h5	2f1f191849fa72864f1bae3967b03042
torus.out0.05138.h5	0d1847a6a98ceec7c34df9912df25013
torus.out0.05139.h5	4ad5f458b3366fe2272ae9f4f72f0d87
torus.out0.05140.h5	64c1556c0e52af4d92d72e53950b8d17
torus.out0.05141.h5	b6515eb5f5a0036052ac2528004fdb73
torus.out0.05142.h5	657a9efa2e575f3702fe904220444c16
torus.out0.05143.h5	27492cbca06df3e8249ba467f5b00a13
torus.out0.05144.h5	f619de0b2a5151d829f09c0c0964cbc9
torus.out0.05145.h5	1fcb93c79857dccf25ea4f261d982c97
torus.out0.05146.h5	7fc5c4131de5d5ba936c8980db9d7fb1
torus.out0.05147.h5	761e0fc5e5d7f248184fb4136069cd9f
torus.out0.05148.h5	9560b6354f50baf91028c809ecd1bc83
torus.out0.05149.h5	5ad25b3385583619c723667f79ff6d49
torus.out0.05150.h5	b2ff0981ee59f41eb1f808463c9afe50
torus.out0.05151.h5	afa5ea9e6b82afb92967cb1818120777
torus.out0.05152.h5	d4b03434a671ef4a0dd532e746251615
torus.out0.05153.h5	0ada53eb335be7843a38aa17d8167bc6
torus.out0.05154.h5	2ec8c47dd3250795f88990a829f0dfb4
torus.out0.05155.h5	1190c9301569100349ccb215d5501c7b
torus.out0.05156.h5	d3e1aa181d7ac86ea78c5543642eb749
torus.out0.05157.h5	24573e9bece462f79c0dd48da9b0dfcc
torus.out0.05158.h5	d93e0d5a17976f633419e5b65b191431
torus.out0.05159.h5	9fecb212f5a9aacbf753adef06042773
torus.out0.05160.h5	51765327f8a4bfca533e413a26cb7b87
torus.out0.05161.h5	42035fdd69201565bf31e64a29f4c5ce
torus.out0.05162.h5	b3ed05888bed27860ea5cb3d2728d2f2
torus.out0.05163.h5	42db4e23c407da8cd63370ef246b9567
torus.out0.05164.h5	b0e2f69b19e29501357afb6e40dc9ba2
torus.out0.05165.h5	61f561d9b35e06a9906a3af9cc90ddcc
torus.out0.05166.h5	9168b949c521db603cc5d8ac61fbd61f
torus.out0.05167.h5	bf2757e44b7882433574186c43ad8951
torus.out0.05168.h5	50fa586d658e76261cac8ee7a0475dbc
torus.out0.05169.h5	5d62a50f99573044104a8186127c52c6
torus.out0.05170.h5	cc273ae925bd77a4e0e7f4e7529f0a97
torus.out0.05171.h5	c55a14c5506fd539f9f353ee4b4242bf
torus.out0.05172.h5	d17c6cf6f12cd9991d8fe246b4505e0c
torus.out0.05173.h5	46b1ee9fa51838598ead559d5b98b717
torus.out0.05174.h5	34b99eb18d7a4c42633975c0884e6b6c
torus.out0.05175.h5	a04152874df3468f833f2ae6722672c0
torus.out0.05176.h5	d6170d5e8ceb45032d119a5cb2c8b6e9
torus.out0.05177.h5	4627ec77aeebc2b2258364b6b0da9cb8
torus.out0.05178.h5	fd1088c8ccd26c1f9320c80abed5fc75
torus.out0.05179.h5	66d5a00076548315c97103e75047fd63
torus.out0.05180.h5	c72370f091613e839420f915faf658ba
torus.out0.05181.h5	eb4cda76ccb7fb56e70ca9bfa026f806
torus.out0.05182.h5	db502d1fa0183405bad37ee7ddd026ea
torus.out0.05183.h5	ae2dbbbb233952d595a4ffbc3012ef64
torus.out0.05184.h5	8d91d8277fd15ffd2a6672f0b697120c
torus.out0.05185.h5	13d8be9c93041cb7d947f842d8137f5d
torus.out0.05186.h5	22263e0751b87d7f381cb5d53b087592
torus.out0.05187.h5	dda82768a6a43f21d8cf3fe0d5eb8926
torus.out0.05188.h5	b9c8a87401d3ad2336e78db7bb4bdbad
torus.out0.05189.h5	a5008af0afe4c3cd88b53c3fc8d185d8
torus.out0.05190.h5	387b8a5f2a165a0de4674a64ee04c635
torus.out0.05191.h5	7318226dd767aa429373bafd2d472655
torus.out0.05192.h5	b52f3a48301d4fcb53ecf13946e42f81
torus.out0.05193.h5	5776666e576ac9654ba912940e8157b0
torus.out0.05194.h5	24c21a6a56d33bf970e99a4663dc72da
torus.out0.05195.h5	5feb14c1c9f10c676a7f34c5fd58adb0
torus.out0.05196.h5	f4d5317c43786542e69c1cc0a251f4ce
torus.out0.05197.h5	f5e5183d92a7644a4004d8f0030d5cdd
torus.out0.05198.h5	ae1a99dc7056b23943a90fb3884b582f
torus.out0.05199.h5	a0685e10b2a34074f9d71d2f0bfd6b27
torus.out0.05200.h5	11e7e3767244140130537f93f4d95eb0
torus.out0.05201.h5	a2b02250dd5402f7f88550dcf39e67f4
torus.out0.05202.h5	8a49e9c1b0e8d2e6bbddd9be17b3b4e5
torus.out0.05203.h5	cd108c89507573b1c7319d64f1318930
torus.out0.05204.h5	90a53f165e3a358b8a82ac116ead6c6e
torus.out0.05205.h5	aae100af82ec5a1f346ab8ff3dac21b4
torus.out0.05206.h5	73d2ec6251b9e460bae633fca69c7d53
torus.out0.05207.h5	804ea2de8207a8185529492deebc045d
torus.out0.05208.h5	f4b5ef591dacdf74402b62a1672b0181
torus.out0.05209.h5	2fdea7cef70a27f2370f2f60723fe158
torus.out0.05210.h5	942303625f24cb56d26728c5b775309d
torus.out0.05211.h5	07a13184879e767c20c2667c1eabcf49
torus.out0.05212.h5	74ecc64ce58afd326a75c67aec5f8593
torus.out0.05213.h5	8dbbaeba19d37516b039ab8e8666c395
torus.out0.05214.h5	e2d6d2ebff5ac5cc88d09c28dae127e4
torus.out0.05215.h5	372fd0ffddbf219313f75ebde3d98431
torus.out0.05216.h5	a1219f68d55d89e7cfab9f9a2ef2896e
torus.out0.05217.h5	97a98cf0a49e41170d99864e34584162
torus.out0.05218.h5	d8291a601ca0137f99e62c3b0feaeefd
torus.out0.05219.h5	644d91e890041c5baf49dc05397f5981
torus.out0.05220.h5	0d5d9dca3ba5ba6c18654c291f72c330
torus.out0.05221.h5	9c79abf3b2e6da356011affd3e596ec4
torus.out0.05222.h5	db4fb6f72f4b47f2fe17b5c5916415cd
torus.out0.05223.h5	dfbac0a14b66f71bffd8a80ffd6bf9d3
torus.out0.05224.h5	b5a00c80ed076d7148584eed5dee2f66
torus.out0.05225.h5	fe60166987d011ca0c3a81d0bbb17a0c
torus.out0.05226.h5	651db34850e5b06baa12461d26567bda
torus.out0.05227.h5	d17b53badd1a46109e871506b21f7e7f
torus.out0.05228.h5	cdad2924ff3a181aac93f21a2ef89751
torus.out0.05229.h5	e957722b62dc4ca7d0deeddd01153de8
torus.out0.05230.h5	c799df3d5056be0481e967fb7bdc3734
torus.out0.05231.h5	3151d5a88605be6e8438e408f848217d
torus.out0.05232.h5	8c998572dfd3eb0d81595ed6c3ad2d85
torus.out0.05233.h5	86184c678cffc6f68fcc8bb0bb3fb656
torus.out0.05234.h5	994fa03f418c435ae32e0fc9dd741ccf
torus.out0.05235.h5	c6c9ddddd22463499e04131166fcdd53
torus.out0.05236.h5	0925e11eb64603b1d5360a0e94e26402
torus.out0.05237.h5	54201abd11c36355b3267b1d50ed3e67
torus.out0.05238.h5	3fb63772630bb3046f647bec993ea6e1
torus.out0.05239.h5	053fbecc675790c70ca26e8358262adb
torus.out0.05240.h5	6975f790a8c75f4ef1532c5bbd0cff3b
torus.out0.05241.h5	eec60cfaaed3598fe6b3fb6522ba01b5
torus.out0.05242.h5	4725f8df3ab49f5e00a6ab22e19fd3c3
torus.out0.05243.h5	6a5bb4c8c0054604acddfa84e5dc3ac0
torus.out0.05244.h5	4ecc89dad43d92cb6ec2b07bcd6410c5
torus.out0.05245.h5	a7c968b3ec0389101aad3dcaa9a22089
torus.out0.05246.h5	7b7fe471b59315663154724fdb04fa36
torus.out0.05247.h5	8f7646dfb4f4c676e3de6547fd137685
torus.out0.05248.h5	7fee74adec943a3851d86d3d8c6af373
torus.out0.05249.h5	6cd83a537b73801fd4b1ba451df70426
torus.out0.05250.h5	b4b090cc2d548b4965fb00198d0b5d4a
torus.out0.05251.h5	81cfc758f2ccde8b4b4d42d6f5999f94
torus.out0.05252.h5	4f6451b234a281a39c0dc7036348dbfa
torus.out0.05253.h5	499f0fe76f8f654ca2f64cd4ebc1e792
torus.out0.05254.h5	6c3e13b13db178826d45fae6c1c8667d
torus.out0.05255.h5	3b29221574c1ef7ccf5942aca563ea3c
torus.out0.05256.h5	5b5d6320729cdfb2f5ff61e38bde4020
torus.out0.05257.h5	9722192153847f5b304fe2094b3a0560
torus.out0.05258.h5	670a4d212b0d22ac25aa367c5e011326
torus.out0.05259.h5	e50d3282fc13388e910abddd4fbdf5b9
torus.out0.05260.h5	1721e489df617885cceffc13515c0982
torus.out0.05261.h5	3d2bbe32cda92d51ae705343ac3fb157
torus.out0.05262.h5	20647de9f536992dc14d26a9e85d372b
torus.out0.05263.h5	a8372244dd404993ddaec05818441f86
torus.out0.05264.h5	8fe37959a9ac9c6b02d371c1e3fa2144
torus.out0.05265.h5	efa93a362e0c58672b9b071e3ac00472
torus.out0.05266.h5	f6a5dd1fc8338dc7d92d51a6075ad340
torus.out0.05267.h5	3d88b649fce3c29823ffc22f4bbf5e5d
torus.out0.05268.h5	dd275f48208d8a0669180a38d28fc301
torus.out0.05269.h5	4c40db630d36cfa7b82bdbdc05501ed7
torus.out0.05270.h5	b1aa88d969004256a5afa144c7fc23f6
torus.out0.05271.h5	83b5566667660e6289e2fd6bba52aae3
torus.out0.05272.h5	a7a733bca063dc6c95e4d80115120201
torus.out0.05273.h5	98c8ca5402032d77cea6eb823553fe8f
torus.out0.05274.h5	61eef118f94aeade9a4a68daf6af7994
torus.out0.05275.h5	80a88978808f8c34a60b67e18c406fc8
torus.out0.05276.h5	15841d7cb34f9345562fbed85506247c
torus.out0.05277.h5	97b914ffee0e6b2b58ebc6031b4be479
torus.out0.05278.h5	0d913d21eb88c3e0f7f16c46db3b12f0
torus.out0.05279.h5	98c9859bd72c2800dca7802df27bae74
torus.out0.05280.h5	b67f9487e97158f715de1a1495c99fcc
torus.out0.05281.h5	f4b410ce036eaff0ba92bd7e956d86a6
torus.out0.05282.h5	b5723bae236cb39354494750ce8e1aaf
torus.out0.05283.h5	7528f855ba68fddaaa5a9d8a4a1fd0e2
torus.out0.05284.h5	a8146bd46d1f251992a21f6dd6809aa1
torus.out0.05285.h5	9d3209212bbc6c511b2506390e166055
torus.out0.05286.h5	61852f56518c254454403164be93f8c9
torus.out0.05287.h5	47a98291ffdf6d86dfff29a6315a739a
torus.out0.05288.h5	13b4867179559612d78d4be42c5a674a
torus.out0.05289.h5	d527627e09ddc63f9a7586cb681f8a24
torus.out0.05290.h5	6dcde7991c328a103d87edc28083b5e6
torus.out0.05291.h5	9868f4720b39df49fe426ebdae499deb
torus.out0.05292.h5	dc7b5aa079eab2bb7cf0018af526cd2e
torus.out0.05293.h5	98ee6320f2b30a00543eb60ee321566e
torus.out0.05294.h5	e7f75ba66e11f270bc14f7803c1b9ab7
torus.out0.05295.h5	208e82eac681f078f7efe1eaf82a3c97
torus.out0.05296.h5	07eff63518ff44a41c517ab34b2d279a
torus.out0.05297.h5	0a4383a4d658de8735bd47d3f6adacd2
torus.out0.05298.h5	5f319854a2399a2c734247456724c85d
torus.out0.05299.h5	f0ed44fb28946c608aee34506650b240
torus.out0.05300.h5	694565fd8d2e9802bb95ae46291425fd
torus.out0.05301.h5	ac379335702cb0a52685ff437d5c8fff
torus.out0.05302.h5	394ba951e92e6d4b300ee6d258a795c9
torus.out0.05303.h5	1e927b89f122ff6f8c403fefc07150e3
torus.out0.05304.h5	eb3d9083fd0462629002f0e961c962dc
torus.out0.05305.h5	a3520ca0ffd5a7efddb700a8cbc01b8d
torus.out0.05306.h5	5b25cb407fe20bd93f8692c8373bfdf4
torus.out0.05307.h5	11e950bcfe7daa9a29d84df5f733d1c5
torus.out0.05308.h5	43a1f93d7efee488bf051f8b666324a4
torus.out0.05309.h5	62027513125acba805b65466a4837578
torus.out0.05310.h5	f6d534b4f9b7d0d0028fef32e821f111
torus.out0.05311.h5	d786793a1f686fff9cec3da870d54b8a
torus.out0.05312.h5	7d6bfa5a46eb4bf3daaf72ee08d91a3c
torus.out0.05313.h5	1ce1b09ba46b8752a6e726cbe45da981
torus.out0.05314.h5	31c82cd1286ba576798e2bbcc06df182
torus.out0.05315.h5	5e1c8777ea5e1910f17f8ffd19364317
torus.out0.05316.h5	431abc0cfcb7397f2f58305b647e9558
torus.out0.05317.h5	2820fa7363ca0c4f682dcf5bf495cfa8
torus.out0.05318.h5	c18ebf2f4de112961e95c3dafdb67ce3
torus.out0.05319.h5	55fa198c867112d3f8fba550328ef3bc
torus.out0.05320.h5	959b65e7e9018900afbe5f18bb345ed2
torus.out0.05321.h5	44d510de6e6b5442cac3da5007d744b5
torus.out0.05322.h5	c895fb1b9e3fd52f84b611eef68dbfaf
torus.out0.05323.h5	135cb30c07c6e50d6b5152b905c6f8f0
torus.out0.05324.h5	3dd2e2c4b87cff39551fb669c447ffe2
torus.out0.05325.h5	98fd08cebea2992251170a21cea065e0
torus.out0.05326.h5	2948835fae67b48fe46d2ec2cc698509
torus.out0.05327.h5	de61e402949194baf328c3c475182080
torus.out0.05328.h5	b37a71cf7705a1a285674b99d4ba6ce7
torus.out0.05329.h5	91848404132cbab6da37c95a895e0516
torus.out0.05330.h5	d203a90a255ee613cc6753836f65989e
torus.out0.05331.h5	138a08f0d451154e137f43aef0ac81f5
torus.out0.05332.h5	8b29f608119e531068521ea1c03dfc17
torus.out0.05333.h5	09d8fb4ef39de8b56c2bdf28e5c3650e
torus.out0.05334.h5	a065c31a05c596cef17d2733fae8ab9b
torus.out0.05335.h5	1571cc330855180a060081aa1395abb3
torus.out0.05336.h5	9ddbc4dd8f7bd723c4463766dd200af1
torus.out0.05337.h5	6910cd948bcaf8491f5b449dcf3bd36f
torus.out0.05338.h5	72ab49d9c4a391cd45928fde813c3f2a
torus.out0.05339.h5	47662e11cd81cd0286a5a789f3bd08f9
torus.out0.05340.h5	19682596ebf8fb7f2c58da22edb77ba2
torus.out0.05341.h5	f14f40865d71994d5440f62d66333a45
torus.out0.05342.h5	2355cf7daafd7bb38b427f047b5f75d1
torus.out0.05343.h5	40af639d6998f169ea93c4abe1989724
torus.out0.05344.h5	0703ac6b292290dbde9540e28370a819
torus.out0.05345.h5	ff8c4a35984d22abc4bee6e8e28ab845
torus.out0.05346.h5	0b718130feec6597d3fbb87efba6112e
torus.out0.05347.h5	6bf8deb15063ebb24b5310e33341432b
torus.out0.05348.h5	6ec0ea524693a2f45557c93f78a06094
torus.out0.05349.h5	a4c56cad7787c77c15d1413838a6b37c
torus.out0.05350.h5	ff05a28da5d396607715993bf2c4525a
torus.out0.05351.h5	1d43bb64f52b598c4f72d5db7bcaae94
torus.out0.05352.h5	d7709089709f1e3304feca8d47edfb42
torus.out0.05353.h5	10fc50d7a400df5f1b59a0c964024691
torus.out0.05354.h5	5ed90ccc57edda6a4b12d2d459dd3a47
torus.out0.05355.h5	83bc5c48e081bbf83cb411389e3462d0
torus.out0.05356.h5	000e3dff885036c14f6b4dbf8df1fdf3
torus.out0.05357.h5	0e3f4472d5c25359a534a2b88c9feb7a
torus.out0.05358.h5	c31b42b3f9dbb8f2f13859f083b5d0f0
torus.out0.05359.h5	29cad52fd810faa2bb53e69898893304
torus.out0.05360.h5	c59d685761ccc37bf51ee4cf572d7399
torus.out0.05361.h5	1ffed0366c48e858ed7de23849f92af3
torus.out0.05362.h5	cf6dc5a424c394fb99195926245b5f47
torus.out0.05363.h5	d3b3c5cbcbea6245982113d1fbdf8645
torus.out0.05364.h5	ec011b72376f6307120e539dada263e8
torus.out0.05365.h5	b621255cf49363f21b24744e52aa2444
torus.out0.05366.h5	5d0a4e77d7e61c2ad7ce93d1afc9219e
torus.out0.05367.h5	a130df9829145e4cd623d2b8b1d6ad90
torus.out0.05368.h5	681337161b2c5d29abe7267e10fad90e
torus.out0.05369.h5	ebea07431c4ef7145f7a9d38d1b5d1a2
torus.out0.05370.h5	d464c111fbbbe8e740b974bb0008fc80
torus.out0.05371.h5	7005d558f4e2b4126f54e81b194d82bb
torus.out0.05372.h5	0842290ec269de4ad7066c6d49a2add3
torus.out0.05373.h5	ef781190022c323687a4454efad8838b
torus.out0.05374.h5	6183d6450c44ffd35cf851bdbcc03eff
torus.out0.05375.h5	9d03fceed4ec4e7bf7fcea8dafd73dfb
torus.out0.05376.h5	b5d1b3d6ef93609337377f56399c6b4f
torus.out0.05377.h5	8731a62dd5e7e86e5c6c1886f1b98cd5
torus.out0.05378.h5	cee1f7bf7bae7f6cfb3541d5812cbdac
torus.out0.05379.h5	fa929fe28f0c8c6e6954f7a34c3abf14
torus.out0.05380.h5	7cb2e5982b6179e6a495196b189bccf3
torus.out0.05381.h5	30389aaab7c0e7726738fdc2507732ce
torus.out0.05382.h5	ec871e4688e08b0d82cc6cc64e658464
torus.out0.05383.h5	5d2657d82c50e867ed5633498f1bfa23
torus.out0.05384.h5	fc7f3662e671d1945ebd03b9824c7d0a
torus.out0.05385.h5	31adbf28d88fef93402ddda7a2ff5c92
torus.out0.05386.h5	15ab1939bc2d9a8d142fec156a76f548
torus.out0.05387.h5	a0fdab8214370cea45cf7330306f2a51
torus.out0.05388.h5	e99abb8fcda4a92fdbb8b2b0e6fb29fb
torus.out0.05389.h5	8b11ee223e28dca47c3b3bc4839549d3
torus.out0.05390.h5	36cd86cecee0d4cc485dd5c2ecf9afb3
torus.out0.05391.h5	a847840a4082e5eba44f27703a104e60
torus.out0.05392.h5	e118f3524d0e493d8a96e5277f06ea91
torus.out0.05393.h5	f1b8a3c27097f01e507b646f51787801
torus.out0.05394.h5	5ef5a7768a38a4f1fb9fee2f821f93b9
torus.out0.05395.h5	c6d693a24be46aef0f9289b20c03c003
torus.out0.05396.h5	74264e47e72944411b2c939f668fbe8f
torus.out0.05397.h5	60488ff9ab6704eaaeb3c58a5110c11e
torus.out0.05398.h5	f16a74d696e220b18419e4a850a50192
torus.out0.05399.h5	c9373fd9a53d29340b8a98facd09eff5
torus.out0.05400.h5	5adfc850620c979bb7369aacbe5ffc19
torus.out0.05401.h5	2aea97315e97f68a64f9623243eca6ac
torus.out0.05402.h5	8b7a4284f59852497c8986ba93f66035
torus.out0.05403.h5	18dbd2ff5bd226182780f6a15263f167
torus.out0.05404.h5	da66acc269f663a1a58ae59cab22b167
torus.out0.05405.h5	0af99f26d357296bbeadbb8b1b65529b
torus.out0.05406.h5	cc4cd85c85c2707f8a7fa239efb06810
torus.out0.05407.h5	b7cbc3dced7d1ada8c2ccf22e4896d12
torus.out0.05408.h5	7022150ff9240227fa8d2066f79b52b1
torus.out0.05409.h5	999e61fab510b0e0a9ea0850a2b2c619
torus.out0.05410.h5	b3384608d3b52c1e48e5cf4ee370208a
torus.out0.05411.h5	bbc059105bb819ffae31b167dfdaf192
torus.out0.05412.h5	e0ca4db542e418e309f3e9cf093e2d29
torus.out0.05413.h5	2cf0dcdfe41656a177dd2202593b897a
torus.out0.05414.h5	919bf607a5670b19222ffdb875373c4b
torus.out0.05415.h5	07bb175a2e32dba52e9ea6e7c506a4a5
torus.out0.05416.h5	9f38c6b9a79eaf05ab924909e20bceee
torus.out0.05417.h5	83552d273cf709fb3a49106c92cda9a0
torus.out0.05418.h5	42fad9615adbdf8d8deee8170ee8569c
torus.out0.05419.h5	4ff6f67ac68426d48c8ec987497d366a
torus.out0.05420.h5	f34524288e54d1d0d798f3ffd437619f
torus.out0.05421.h5	701e4be8c184da31296189c6e02c43c2
torus.out0.05422.h5	3f323ff044eb6e01379b5d0f275ceb4c
torus.out0.05423.h5	b0f2573b7434c0aa2fd261e51e92281f
torus.out0.05424.h5	6dee0721acf970b4f7b0fc6e1bbb8f02
torus.out0.05425.h5	b38b9dbdbd7dd19169c86e0b6fe1eb87
torus.out0.05426.h5	4a8ea1b159edf3009c9d28f0492677df
torus.out0.05427.h5	7dbe8a304e62ac211aa01cf0bf35a2bf
torus.out0.05428.h5	7a46b98e640468589654c22ae8c7a95a
torus.out0.05429.h5	f8e3278fce41a38cf3e1a442c88ae333
torus.out0.05430.h5	41ee1afbdac168548916f1e5d041efb0
torus.out0.05431.h5	f78ab75929ed1e37ab8cc9dc21e83727
torus.out0.05432.h5	6413fb22abb09a0ed28e3eba1225c5eb
torus.out0.05433.h5	0656974aa90097d3e779a546fe9deb9d
torus.out0.05434.h5	fa1281b2ade0ff5bdb3b34af377b45ae
torus.out0.05435.h5	98a6aab6b1ce0b86b6c0747804fe9874
torus.out0.05436.h5	7d6dc84266c33c026ec04b36bd0f13cf
torus.out0.05437.h5	4908a415ac0788a60dbe931ac6fcb9ce
torus.out0.05438.h5	40e8476bac22cb892a20098ddef80320
torus.out0.05439.h5	ef88f22b2c5e8036fe8a29572079473e
torus.out0.05440.h5	93b9702329522d148273ad3ac32178e3
torus.out0.05441.h5	fc37329cab124e8aff56a0f545c7a2c2
torus.out0.05442.h5	dadaabea0595d467f9ccfb542b291510
torus.out0.05443.h5	ccd9dab42d4d26afb74d6989022ce4d0
torus.out0.05444.h5	7bb704a4537e755abfb61f719f43e264
torus.out0.05445.h5	e38451ccafbc08ab138d050f51913c6d
torus.out0.05446.h5	aa0d5d56835fe68a86bfb3b40705197b
torus.out0.05447.h5	737f2fe7ced697414c2cf9dc32b97a0d
torus.out0.05448.h5	19390fffcf5de85b734ff72f0c4059d0
torus.out0.05449.h5	6c246c87c586a72b50ebc17de74d6393
torus.out0.05450.h5	80f22ade05c701cec71529b42e6654e2
torus.out0.05451.h5	7f9c8d579f493c98ce3211ed4535fd8d
torus.out0.05452.h5	e2b7417af33805e0ca997979ea49cfb9
torus.out0.05453.h5	119e85530a78ccca80d394f02bc8d3b8
torus.out0.05454.h5	ff65853fc753d7547eb3fb17b9521215
torus.out0.05455.h5	ede5025abc7f8e3e629ba95c2a599d9e
torus.out0.05456.h5	5bb96a487308cde7d58f9d40a92c8632
torus.out0.05457.h5	8e0f8c3fcc6aa7d0d787acda30ede70a
torus.out0.05458.h5	ad207f7dc3bed42a217e2bff33afedc7
torus.out0.05459.h5	0f37fb47d1675e573c2ce326cd4ba162
torus.out0.05460.h5	f065a9ec432e9c864afe6bf6690984d8
torus.out0.05461.h5	721d74a32eb5b79eafebc3d8f82e7b52
torus.out0.05462.h5	749f94a560369ee3107464456f0f27c6
torus.out0.05463.h5	0d53507f19b76489d1b00f1b4d5ddd58
torus.out0.05464.h5	e7c2df42423c723787c0d4a2f9acc4f9
torus.out0.05465.h5	43da9a213e6aa1eed564b3f5ad0b4b4d
torus.out0.05466.h5	f8433d6f65851fb1cc2ae3c6d3203347
torus.out0.05467.h5	85c11908bb9b3d766320362a81927569
torus.out0.05468.h5	e1cf6dd5bc7c0a58be4b0364f4c4e2c4
torus.out0.05469.h5	40e76907e46dfd8c32cf05f1fbf01dd6
torus.out0.05470.h5	1388627309ed32df73021b53828d2b33
torus.out0.05471.h5	84d7981e93dc290d6914fedf361a9c9b
torus.out0.05472.h5	cfc38721ba8e046fdec61a30bd70757c
torus.out0.05473.h5	97b1cc325fdcdb16e66be5042f2b01df
torus.out0.05474.h5	d165e9076b6572fda84e8f3f51532ad5
torus.out0.05475.h5	d3378c0362d3d59d3ce7c7ccf567a334
torus.out0.05476.h5	678d04ad40e8b811b00b8ae8f2c1ade5
torus.out0.05477.h5	1c5d3e7edb0883de5f9bf54aed7c7549
torus.out0.05478.h5	8682d4614b2c0c495dadcc2c367d764d
torus.out0.05479.h5	2583b9f32b151d67c91244e81bf6b870
torus.out0.05480.h5	88bc2cde341ad4ff2732cbddc010a9e3
torus.out0.05481.h5	2d45352890149a5b2681539974cd53c0
torus.out0.05482.h5	4c39cd429677605ec695a080c3503d7b
torus.out0.05483.h5	53c3e87d8509b0fb0bd57f99ee248840
torus.out0.05484.h5	35c51c31c75153355944d4e353b9bf25
torus.out0.05485.h5	f2e2226335439c1e33220b7d322ac407
torus.out0.05486.h5	b699a0070136973d0159268f29ae6e4a
torus.out0.05487.h5	7683fde0729b05aec871f6e9e811dbdb
torus.out0.05488.h5	dda9723b6391b4e92511f34aa81a65b0
torus.out0.05489.h5	4697c677814d9540eb15a69a961ad497
torus.out0.05490.h5	832c6f6930b23e60c3db82ab3c42a842
torus.out0.05491.h5	57c05db21e18f90b580f27897d0d9379
torus.out0.05492.h5	4bc2d3b7bdfc75630b396a18bd5aa587
torus.out0.05493.h5	e66483ce754780ac142b50bd3f1c8f70
torus.out0.05494.h5	cfdc8306ef576e574f8f52b02889e625
torus.out0.05495.h5	cd55dd08811534696e4ab68a6d1d795c
torus.out0.05496.h5	d5fa8448b9ceabbe3178e7060e371e11
torus.out0.05497.h5	bac751467a8c2c9c1981c70a067ae107
torus.out0.05498.h5	9b49f83ef80a2974c24a0e0e4b487b44
torus.out0.05499.h5	8db9db26fdfff3d4132734897f168aeb
torus.out0.05500.h5	829c95ab69bcf064d0de128dd265b322
torus.out0.05501.h5	8adf8a35aed5bf18f210d5925cd08178
torus.out0.05502.h5	5f43b64e589eea2b6345b94c4226ab29
torus.out0.05503.h5	d05871d8f189816d3c703d2e40ffc865
torus.out0.05504.h5	bc2456a5e2d7fb2edfd004bcef39d314
torus.out0.05505.h5	504afc004d88595022b8d2a1bb21db2e
torus.out0.05506.h5	ad4d8cba653659982c1b45b54bc9b250
torus.out0.05507.h5	4df73f0f0e645ebf8501e8578d438e58
torus.out0.05508.h5	557e3d9091dfc6a920b53c55d722278f
torus.out0.05509.h5	e5a0c82ec301bc13a76019184630589d
torus.out0.05510.h5	f315cb07b2c2a514f29faadaee4df32c
torus.out0.05511.h5	b39730f54e801628d9831977f71757fe
torus.out0.05512.h5	efce2150c0e4ec95f48fa1d6fc35c47d
torus.out0.05513.h5	d41af3650a789b587f4f8ad088d85eb4
torus.out0.05514.h5	85574bbf6819793527a7a854105c8222
torus.out0.05515.h5	8c948f26d36139a51ae940662351c61a
torus.out0.05516.h5	600399539bd89d646fb6512851950d30
torus.out0.05517.h5	cde334a8aa10c685d3324773b184acf8
torus.out0.05518.h5	55e87843e5f5b11f22badc551fd5980b
torus.out0.05519.h5	149b777fbb4e15a57009acdbad17c0da
torus.out0.05520.h5	a686ce76ba323d0fec2e5745e0988f62
torus.out0.05521.h5	3c1509caf6d98a91ff1ea25b16c573ff
torus.out0.05522.h5	81e44ba49c979f9fda9754bbd44c4879
torus.out0.05523.h5	8974e60dbea8399cc11cd8a0bf37e972
torus.out0.05524.h5	d8332b959131d5c342757a3ee71e0147
torus.out0.05525.h5	08ae3507f11594699dbe7e3492d7b7b1
torus.out0.05526.h5	8cbf67f690dc21f414b9f382add2099a
torus.out0.05527.h5	ab75b68899a603015499e0bd17712288
torus.out0.05528.h5	d63b3ae39e6e4ce19da536096ca893e2
torus.out0.05529.h5	be14264a3149ab0b60ca8c42d8eafae8
torus.out0.05530.h5	65024dca650a48f2ef1e8aa1546ae80c
torus.out0.05531.h5	e228278866dcb1be36a3b0e7855e7cd3
torus.out0.05532.h5	a34c6e1702207166bf10d67b344655b3
torus.out0.05533.h5	66131b2cc578af57bbdc75e8e8a57135
torus.out0.05534.h5	89bcfa067cca16b23fdc17a67c82c07a
torus.out0.05535.h5	5ef63cf7ed05df40e7d58bd192d8ebc9
torus.out0.05536.h5	1dbf7041bfe854d09666d1b819df78ca
torus.out0.05537.h5	972d1d1c62cd5ce7963114699145def4
torus.out0.05538.h5	3aa508ffba4461b52e721a739cdb395d
torus.out0.05539.h5	af2ed0426a8430992997010885b2903f
torus.out0.05540.h5	94a04ac0845b5a70087809fc02c360d6
torus.out0.05541.h5	2554558568b142f97259a225b8712d80
torus.out0.05542.h5	8246171a1e977202661ca491e0a0f45b
torus.out0.05543.h5	667f2e3163d0ff14982ff699976bd19a
torus.out0.05544.h5	07f1d1057f87ca0541ac621b3b21b947
torus.out0.05545.h5	aa934549aa73fd0a03b75c15e713cba3
torus.out0.05546.h5	a1113b2d70467878db4717aaa0736d68
torus.out0.05547.h5	a98402d2be7e09a231f29e00e6fa8f8c
torus.out0.05548.h5	b9099c14a959abc633ddf66caf04b59e
torus.out0.05549.h5	b9eb80c9bfa38045f7e4c2fd81553d60
torus.out0.05550.h5	c4137cb3274e2b2f72b306b32164ec6e
torus.out0.05551.h5	f8631cde316921b0e947efe1bc2e95c1
torus.out0.05552.h5	b716c312e8d719bebb649061d12198ee
torus.out0.05553.h5	72d4e2b0e619a92436588540cd3dc39b
torus.out0.05554.h5	9efc8f5197e0a2d76e0b80d3540380e8
torus.out0.05555.h5	715cba0d57cb281263bc935eb78deddc
torus.out0.05556.h5	e2dc392ce5752884c8743a5b5bc77538
torus.out0.05557.h5	da471d3c494721bb3557db3c7280c27c
torus.out0.05558.h5	63900a5ba02e7a54821285846cef2f38
torus.out0.05559.h5	085d4796796bec3b817400d251ec1b12
torus.out0.05560.h5	da59c66bea685f79f989d5c79b9ca8c3
torus.out0.05561.h5	74dfa34ab4ac7b5ea123e9ba2f3f1a53
torus.out0.05562.h5	cc2933f8f697dc7a591172e43f0d9d39
torus.out0.05563.h5	62545450dce03b3fcd7c2a62617679b6
torus.out0.05564.h5	bdaf12c4d378db9fdd3a23f487a378cd
torus.out0.05565.h5	ca27f2f7dda0808901177bcf03e0de41
torus.out0.05566.h5	f729b064467de5b55ff736271d6076da
torus.out0.05567.h5	345c66e8c599fde534be61e6cb847bc2
torus.out0.05568.h5	1e4c52415611ccbba1856ae96f047dba
torus.out0.05569.h5	9d6ddc4b6bb845c130d8884a13a0a299
torus.out0.05570.h5	e143daec47d6cf61da0f451e9bb7bf88
torus.out0.05571.h5	952e62a8eb5d9ca8b9950e70f446189f
torus.out0.05572.h5	66f4b5605b68cff7e4b1ef8c5dd54dec
torus.out0.05573.h5	125e9b98b092dd7028d4f6a772a9e08c
torus.out0.05574.h5	59750836adc6cf3b0ed1c2936a7d114a
torus.out0.05575.h5	7cf62abcc30cba17db26860bbff14c80
torus.out0.05576.h5	f5645141e437821069fe2e4cda305ee3
torus.out0.05577.h5	f86ea0352a63abe4ff0e9163c3ef65ad
torus.out0.05578.h5	cf75001923adb46e818ac395db4cc707
torus.out0.05579.h5	eef96a25f76ebc5488432caa6012b23d
torus.out0.05580.h5	25952309284cd80962764ccdbcb6affd
torus.out0.05581.h5	dc427af973c3fde92e91e94ba65a3f81
torus.out0.05582.h5	5447f9fcda460b01dfe76f788317df7e
torus.out0.05583.h5	52a755b3fc39c6a91346f41e85c3d3b1
torus.out0.05584.h5	6cd5b792dff43a32387dd5263287a895
torus.out0.05585.h5	20df5dc6e2dda5843c4ef9c5264de3e5
torus.out0.05586.h5	f019181ffa6d14d3159b74819cbb9c2b
torus.out0.05587.h5	3603fa5c0c5fc1c6c1e40b3d788ed0c7
torus.out0.05588.h5	03d40484081f8d14901cf9fe4c1d4878
torus.out0.05589.h5	f9299c40d3e74e70a5cdac5876bc83a0
torus.out0.05590.h5	485c49bf6d8fba52a3774ed83a437bac
torus.out0.05591.h5	a734e8d879f1dfbd2f8f511d0a70e952
torus.out0.05592.h5	02db2c4fa69491860ca619d77803120b
torus.out0.05593.h5	76a3e180bcd238fda79580fe2749ff68
torus.out0.05594.h5	5933b0110035c46c904f05775d8b2943
torus.out0.05595.h5	de628f83130cbd25bba6edc3ea662bae
torus.out0.05596.h5	85bee105dcce60bf8516b87e5574f4bd
torus.out0.05597.h5	75636ebbe12602f4e0d74c6c9099e55f
torus.out0.05598.h5	925adcf0b6f2d5c29af47ed3115f8c36
torus.out0.05599.h5	392b453db56a7208dd0a3a818f00d5a3
torus.out0.05600.h5	143ca56562afe8d9c191925e959c840f
torus.out0.05601.h5	ef1ccdf81d736eb7136121fa44ab91f5
torus.out0.05602.h5	05348febd3c8e82ab86af27a14b677ae
torus.out0.05603.h5	3304d5f6c4b09465a06b176d4c49c68f
torus.out0.05604.h5	fefc61ecdfeefc2f2e5e60a9325e277f
torus.out0.05605.h5	a2741c96dc386324d7d00d2d413dcd46
torus.out0.05606.h5	176bdb3476f75b7d186960bde6692eca
torus.out0.05607.h5	e90f6a2d8d1c917156d188301e4bac2f
torus.out0.05608.h5	0abf3592b49f3d1fa500d8ff77db46d5
torus.out0.05609.h5	890fc1d386ce19f2e040bf560954bc88
torus.out0.05610.h5	1ab4f8cf60e33576c340ab71908864f6
torus.out0.05611.h5	9742e97426dd4b7c54d2b8b1e7007de6
torus.out0.05612.h5	083caaaa12f4d917a2e944ac84eae7fd
torus.out0.05613.h5	dc9e9230a90eb4bab5fdb3db35a0f78c
torus.out0.05614.h5	f9737fa591d23b61e0d2f16b16917fb1
torus.out0.05615.h5	96b92dd78f552b338ef90298b787b0fb
torus.out0.05616.h5	f6c1b51ccb5f42cf4b31ef3098ce8201
torus.out0.05617.h5	c3a9051d4a6828e79371c411424c33f3
torus.out0.05618.h5	59c1108602bc06f63b4a38566e8808f3
torus.out0.05619.h5	346b0f0647cc5ad1d5c1e977cb886e42
torus.out0.05620.h5	8073e4030d8571e826caf182508489e9
torus.out0.05621.h5	cb387e82bf37fb1c5ec1dc5ec18cbfd6
torus.out0.05622.h5	73a069b40dab820a8dc4160ab8444290
torus.out0.05623.h5	6f6081a63787ddccf7f1ed64c4256e78
torus.out0.05624.h5	e0720fe264417a470f30eca0a55f7bfe
torus.out0.05625.h5	d88656c6886d4ecf07fd926c99353e3e
torus.out0.05626.h5	9c425038792e98dc0f3ab75fbc6b86e1
torus.out0.05627.h5	6264a41bfb1cc778c291022f9baf7230
torus.out0.05628.h5	78a47bddb0f5175e5dedf56733b461bf
torus.out0.05629.h5	6a0f0d62923c67a0d93ff111f32b4af9
torus.out0.05630.h5	112eb34facfab854d5a448a345d8d0ff
torus.out0.05631.h5	02dbac8ff25962dd24756cb3cf4a8be2
torus.out0.05632.h5	406e32d2573ac33aa724ef8d5541958e
torus.out0.05633.h5	009e3f76a2041ac82d92cc91ecb4cb1d
torus.out0.05634.h5	1d48438a1b6601465ddc1e2353991c76
torus.out0.05635.h5	f1c16eae41f42e72ea138655aa309cde
torus.out0.05636.h5	737d5633c9e357ecb9a1078d5fda2e57
torus.out0.05637.h5	a4a16868b85e94f1d315c6908731f21b
torus.out0.05638.h5	bd6dc478ee2fda14c7d97c1e1649527d
torus.out0.05639.h5	400f4838fd62da477c20d7d8309fdd59
torus.out0.05640.h5	06259a8ce08d5f0e0894f926d64356c9
torus.out0.05641.h5	e59ff0ddd5b5ca509e45e4086ff7dd8d
torus.out0.05642.h5	62922d19e3ece1a4b343aca33eaea95a
torus.out0.05643.h5	a228fc454dd4ea5d10f84ca23856451a
torus.out0.05644.h5	a28bd6a10d6271bc553a6a9bf41241ed
torus.out0.05645.h5	c463620f942dc7e350fea27df262b5c1
torus.out0.05646.h5	179786a9a5e0ba200f41d7993b3b3e70
torus.out0.05647.h5	79e072f49e07d3f3a48aa456524ab0a8
torus.out0.05648.h5	bddddebba46729f168ec645173ba9308
torus.out0.05649.h5	6cab9b8fc5e60d61213fe3d90d28df32
torus.out0.05650.h5	90ceac72ad042616afe986490fa51fb8
torus.out0.05651.h5	ea75886f21448cae8c3ca56bfc76aed2
torus.out0.05652.h5	02b8de0b052135bb16ade7044703bfe4
torus.out0.05653.h5	dcc9c25fabb613850b563726c30458db
torus.out0.05654.h5	11f342b3a7fade4d786dc0639c5e5133
torus.out0.05655.h5	4b511389a323ad1ad14c3fa8b539e5fa
torus.out0.05656.h5	ffc5601cbaddd09f29916fe48da4823e
torus.out0.05657.h5	f33b8f9b8082956b93d0090b855e96a5
torus.out0.05658.h5	28f5c2574d04a81c88498d815e1a249c
torus.out0.05659.h5	d2171deb579f5d283a5068c883105d41
torus.out0.05660.h5	7993b9423c73290434b54b8bbaa678b4
torus.out0.05661.h5	3073e9e3986478f09cfd43aa49a82ac7
torus.out0.05662.h5	7e15059ef922411d37e352e331b41be0
torus.out0.05663.h5	30b0471cfbda42b5ce1eab17660f13dd
torus.out0.05664.h5	db3c25e6a021309f30f94df949eb9187
torus.out0.05665.h5	efc070414401f897de7a4b3fbea81d7f
torus.out0.05666.h5	c5b78c8b40d13a2fe6aeb4deac4febd7
torus.out0.05667.h5	612393b0933afb691b2443067a547361
torus.out0.05668.h5	7a30d14f769ac82acee64d129a040fb4
torus.out0.05669.h5	864ec3d0bd0ca4b06b8c271fbd0acc07
torus.out0.05670.h5	a95dbfbc650960630704f660365cdea2
torus.out0.05671.h5	bcfef71af0bad781df38f29fef5c8312
torus.out0.05672.h5	96c9a8e9f207d5e50c1ca6ff36a34e37
torus.out0.05673.h5	041f7f4d3f2ba8b4b927486c315967b7
torus.out0.05674.h5	2a56ce2d67321f3ae259d4a273dbdfc1
torus.out0.05675.h5	bd3fba1bdf7ce34356e408a090a571d2
torus.out0.05676.h5	ee7c70a76a28ddc7343b4ca1d3606224
torus.out0.05677.h5	41ef6800d67e26b1b518ebdda189473d
torus.out0.05678.h5	c45e3a3c17d6387470f677e597090f55
torus.out0.05679.h5	d1156cc5da9aa0bed8fbeb554ba77595
torus.out0.05680.h5	f5cac5b4a1293678e18f0dec61d5650d
torus.out0.05681.h5	3022e8c18249ed844a651308a02c27ea
torus.out0.05682.h5	a029074c75877bde6c4df04c8426749a
torus.out0.05683.h5	72e0decc8ce68401f46009086d9feb7f
torus.out0.05684.h5	dd0b1de66e6b8ad8a4e07009d294a8bd
torus.out0.05685.h5	04b2130743c2d55090fff1aa2feb0e40
torus.out0.05686.h5	f1725ef5ae6a7f9747ef4072286b72a1
torus.out0.05687.h5	87dbff876ec77ae3165d92f426c7ad83
torus.out0.05688.h5	6a79bfee88bba3858d9a68fb481f2b3c
torus.out0.05689.h5	cf9848a420313b8a2dcd9f005ed99dad
torus.out0.05690.h5	dc39c319caad09be55a526fae04f2e33
torus.out0.05691.h5	8dd0b2da254b1898af35de7cff938ced
torus.out0.05692.h5	c95085d9c33927810b39ec6859c6d54b
torus.out0.05693.h5	f6763f6ee4c818bae078c3e4d22c8315
torus.out0.05694.h5	460d44af569e3d21ad963c01a06ccd84
torus.out0.05695.h5	bc6ca7288a8c02de9b2a5934a67a3d6d
torus.out0.05696.h5	74418dd0cf6209f7570eaf1d4f83cc6e
torus.out0.05697.h5	a6c75a8dac3d216e6094a74ba8e04fe1
torus.out0.05698.h5	d0fe1dc3672ba0efb745b830219b6357
torus.out0.05699.h5	38fe5336086fcf8176072228a9088776
torus.out0.05700.h5	24868bab9850035c98296353f72ace24
torus.out0.05701.h5	e59faa7e9a3475f90d6537722bd8d421
torus.out0.05702.h5	ae49ab6f0c200153577e935fab03a91f
torus.out0.05703.h5	1f2934fa024249bfc75a53640c87c1ee
torus.out0.05704.h5	777a5595ed287e5b118adc6e65cdb129
torus.out0.05705.h5	6e551823038e1062264035381f49f8cc
torus.out0.05706.h5	4648ba9be4f00159f57209149111bad8
torus.out0.05707.h5	d8aaabb16d75da0ca71903a8bea77f07
torus.out0.05708.h5	5675766cb4fbc2e8ed7b92a408e4078c
torus.out0.05709.h5	aaa046090c6b7ed541ef185613a260e2
torus.out0.05710.h5	6c319d6608030a5c27815c80ea7a6e85
torus.out0.05711.h5	9d40c0fef921a843f03fbecab512c5f5
torus.out0.05712.h5	4be74f326537875db418241b40022550
torus.out0.05713.h5	463df194e0fd333dffd2b3ae3a7144bc
torus.out0.05714.h5	46d513c35adc081c53527780aeaf22bc
torus.out0.05715.h5	7ab41fa493de07aa494b9b7c9f0fc217
torus.out0.05716.h5	6fa4ea55410adc68dae6c915bbca251c
torus.out0.05717.h5	4897cb94c91887652b30ad891d715fce
torus.out0.05718.h5	995ff07362990e4f225c11a027d4d1b7
torus.out0.05719.h5	459121fdab1b9de27ad78f8c35667878
torus.out0.05720.h5	c9dad752599e167b1233759acb529b59
torus.out0.05721.h5	4eaffaf9c7dd569a6f6028a22e7b03b2
torus.out0.05722.h5	14cf8f84d6de244eb612572fff84384a
torus.out0.05723.h5	ea35ee349e31564ba248a6a51228a086
torus.out0.05724.h5	88e4e412460069b875b975039e090236
torus.out0.05725.h5	2367480f8c73ba5ec7d8e3bad99e1050
torus.out0.05726.h5	88e9ad5eef0953dfac7ad5bcf7183358
torus.out0.05727.h5	11d22b69deadcbea10378bf93f25abf1
torus.out0.05728.h5	6acbc93341f2f1dc165feb6ad9de56bb
torus.out0.05729.h5	f6c3e2cce5b44f7a7ceba9a7115ea2e6
torus.out0.05730.h5	cb864e7d62aeac3c05f6c57e30081b9c
torus.out0.05731.h5	90d6a4b706716192fca7ce793ca165c9
torus.out0.05732.h5	52eaeca1e4230f546b5357217eaab96b
torus.out0.05733.h5	0e16c2a553a949a482f4eeb9de64ef9d
torus.out0.05734.h5	75e6e914e05a40c6955c8963b152e6bd
torus.out0.05735.h5	1b86151506da6c478434c6e3b43cde38
torus.out0.05736.h5	cb0076dbade8de7c470c9881653994e7
torus.out0.05737.h5	e920dcb8a92a91d6722c01351c9314cf
torus.out0.05738.h5	f4cdadc275b868861a992d22ebcc5d37
torus.out0.05739.h5	42d83420e09ac491009d5259b440c88d
torus.out0.05740.h5	6a5309b72d865fb963151c610d07dec0
torus.out0.05741.h5	1c1b7e937825d9b71e9e439f9c095056
torus.out0.05742.h5	37f4a22cbf9c13232dc8c160afb56bd4
torus.out0.05743.h5	e05acfbc7e78b9f5e9128bfe83cfc4e4
torus.out0.05744.h5	0bdcf3bb3e55653444c4f73975a68250
torus.out0.05745.h5	d897d3c6cce16d0cae3579ff367b6d4f
torus.out0.05746.h5	021b46368fa821c3495bb9871bbbd93b
torus.out0.05747.h5	b245081f603bc97932b0fc095cfd431d
torus.out0.05748.h5	4cc7bd5a36d84e097ca0ab87f833acb8
torus.out0.05749.h5	7f8c82e2e3246f5afa6c80351cfa847a
torus.out0.05750.h5	ee11b42bc6cb32fc4a6f69a8ae09e082
torus.out0.05751.h5	7f0e41647b0fc60163467a62de6212a3
torus.out0.05752.h5	bbbaa8e40e9e7df2267b88ccc40beff9
torus.out0.05753.h5	6199f3a3c87942baaf26df29866ded0a
torus.out0.05754.h5	70ec92d530f4b6ff247f00b8f8de3f00
torus.out0.05755.h5	f0ed89bcc200fa9ae36843c6f3791b97
torus.out0.05756.h5	6808a30f2f0d27ab5bb06a55909e1b8f
torus.out0.05757.h5	5b7d8da17ffd469ed11cba43f515b6d0
torus.out0.05758.h5	73ce315ae8d5d51add47379b3381c432
torus.out0.05759.h5	a48643ffec5661f5dbae1020585e9455
torus.out0.05760.h5	8542617923f7507931c7d453c78880d4
torus.out0.05761.h5	f5af9bc47c62613e34dbcbb184e89f23
torus.out0.05762.h5	1640d85058675abeb3c8d1e5af835f1f
torus.out0.05763.h5	0f7afe7b0ee8262726d1ec67a3c00196
torus.out0.05764.h5	866188a214e52bbd13c16967be3c19dc
torus.out0.05765.h5	bc01692d9c93f2519b2ed32daa442042
torus.out0.05766.h5	bd997c8f8c7b9f5eddfcbc99917650ff
torus.out0.05767.h5	489a9459d83d198fc1a663e54d0643c2
torus.out0.05768.h5	957be129c36d246275557dff30fdde1a
torus.out0.05769.h5	90ef240b3284a5bf893fb9c01c66c200
torus.out0.05770.h5	0d184ffc2240b47ae579dd85325edecd
torus.out0.05771.h5	cf7a1dbfe0bacf394370b79755a1c8e8
torus.out0.05772.h5	6ff16f99bc2de9047d0d2de2276e716c
torus.out0.05773.h5	fb8829a2a50915f8f4dc3a993945074b
torus.out0.05774.h5	9c9fe83993be9970a6dc8a1019986213
torus.out0.05775.h5	cc72615a8dae53a51e4698f479d6c39f
torus.out0.05776.h5	d6f8a1a9b8a5e4e8056473f8fc6cb093
torus.out0.05777.h5	04f6e1e348fd8fc4303957d353b8043a
torus.out0.05778.h5	1328239d974c10f3bcaeebf65ce5df82
torus.out0.05779.h5	d297b38d4a141d00d7bb4e467ad65a8f
torus.out0.05780.h5	b28543fd3eb4052a76485b868e124241
torus.out0.05781.h5	c5de13f32bd44d6a6d0bead6f5f44d38
torus.out0.05782.h5	be3eceab1c7249f3a768237b98efcd0e
torus.out0.05783.h5	70b1c534fb9a7fc0f332b8c2f37bd6a0
torus.out0.05784.h5	eed973ef0a40295ef15109c4c10b41c9
torus.out0.05785.h5	a1c6cdb9db598df03e7f56251c747696
torus.out0.05786.h5	7d06d1f99330e4d752e1c5b25a97ff18
torus.out0.05787.h5	f42b2dd1654a3672083a8196259e9d97
torus.out0.05788.h5	e8e3b966f29417009e2391c3b6d095a9
torus.out0.05789.h5	af78aef2e5983ed3fc937067dbf9ba56
torus.out0.05790.h5	759ffa11af2fe2b8aacf043ec963ba20
torus.out0.05791.h5	59ff22c64ae6b3114517f49ac39c3483
torus.out0.05792.h5	a3a9b1b00b5e7956daacd58a2801a2c4
torus.out0.05793.h5	19668caae269b409b21b71f9180ae912
torus.out0.05794.h5	a04511b4eede3f8fbb2969de6f591950
torus.out0.05795.h5	15cae5f8d417eda153c7aebfefb780e3
torus.out0.05796.h5	3e41a83bbdd0a9501099685d3963be15
torus.out0.05797.h5	824f2346c57e3f7fb479ee4247c02f4a
torus.out0.05798.h5	e54db69f9b2d0bc51da3dcaede80e9c5
torus.out0.05799.h5	141d40af7ce627c5b24ba4b1f5be4edf
torus.out0.05800.h5	eed1f3171792afabd21c914dd68cc35f
torus.out0.05801.h5	2006510ae47b1e0f3e5db2da1cc3102c
torus.out0.05802.h5	a175afca5c7ba42ec7aa9256db1956ee
torus.out0.05803.h5	7de543da7faeaf6be9fbd415708b9f32
torus.out0.05804.h5	802407ac3a949195f20cadbef7a52e74
torus.out0.05805.h5	7655e8eab7377c464e5b16657926b8ac
torus.out0.05806.h5	918d4b7ecd226e7509d7aefdacf6075f
torus.out0.05807.h5	5815bc75e65b07b286f276b9f2cbc146
torus.out0.05808.h5	691c91f97f7d3936fedeb75597bcaa5a
torus.out0.05809.h5	f4554a09ca16e70f28087d1b60808bbf
torus.out0.05810.h5	68412bf2738451d808657f56f05c3a8f
torus.out0.05811.h5	1e9b9bc0e31431fe06c0f7ed7ac7282d
torus.out0.05812.h5	cfaf49fb113efa93634cc3535829ea5b
torus.out0.05813.h5	ab38e4df6c5ada7146a1f1c7176af1af
torus.out0.05814.h5	0948e5c2a9fbb3d5440a1eb7641fc9bc
torus.out0.05815.h5	1885d42beb1c5db587a41ce2957bf15d
torus.out0.05816.h5	c5fb89a10b160f1d37e6327d96186890
torus.out0.05817.h5	03eae61418cdc3c3f71603da9843777b
torus.out0.05818.h5	a2bfbc01b631190fb405ff64777c198c
torus.out0.05819.h5	9d421855e54a3009a12ff2473b813d4a
torus.out0.05820.h5	0076df75d939d5cead5eb2608ad29e1c
torus.out0.05821.h5	fa83d0828d981defe2aefbb215cb984d
torus.out0.05822.h5	48f8ad01b601309308064b8e93d0facd
torus.out0.05823.h5	632674af612cdea8d6e87b781432fb9c
torus.out0.05824.h5	840a3498ddd2e5861a18128f5f937fe9
torus.out0.05825.h5	165703d4c3e7da1d82b142cda784451d
torus.out0.05826.h5	cfc9b546f8b60d95761b523894f499c5
torus.out0.05827.h5	7f689c0a933f7ff42a2fe9cf19601247
torus.out0.05828.h5	2dc0a4b144fdadfcca62c9f8448bd0e8
torus.out0.05829.h5	55f4672aa7fe8d0778e42968d4b59cd7
torus.out0.05830.h5	c659f86b5916745c867be8180f66fef5
torus.out0.05831.h5	34fbb4fccb0d2fc27f1dabc0aa0da83d
torus.out0.05832.h5	e58306aff2a5c7075359a3e5a48ba5f3
torus.out0.05833.h5	9144ed990a99bccb1f626499843289b1
torus.out0.05834.h5	10132de6e3eef9c1940347d782136054
torus.out0.05835.h5	3b13ddecdf52a3f87247aef9ba94c908
torus.out0.05836.h5	6c763a7edd07f32e2e9f28d164d678da
torus.out0.05837.h5	101985cd7acdf7f43150c4cfc1f4030a
torus.out0.05838.h5	cb247538d982decc84d4ab9dedc812ff
torus.out0.05839.h5	6cf87caf2ea3b3bb133cb033106de9e5
torus.out0.05840.h5	d55370eb5ca35f01defc7348c3a5c649
torus.out0.05841.h5	c50688be8ddd47faabf1d21219f9b7a6
torus.out0.05842.h5	abedff2caf2236882226a8daca596bab
torus.out0.05843.h5	cae036215c9c78adf92abac30c489240
torus.out0.05844.h5	15b3e02c7f26cc92d454cc79b3b0d255
torus.out0.05845.h5	e0400c85d39021a0dabb09bd88b9ac01
torus.out0.05846.h5	f65d0772e747210c72ed1bbd8b84c0d7
torus.out0.05847.h5	b06a6bcb07ab4c67367ba7d47735cf6d
torus.out0.05848.h5	693e77fb7996bf156b8b270773939337
torus.out0.05849.h5	d307fb7f2f3c45be8a9d573453bdc8e7
torus.out0.05850.h5	159ab48cac0805ec329afbe390357c5d
torus.out0.05851.h5	85c1e14c085f1204d27e980a2b71de49
torus.out0.05852.h5	e6489bcb81225962daa2a6435e0a0813
torus.out0.05853.h5	a531d86c6db9d0c995a84c4785871100
torus.out0.05854.h5	9ab724600d8315d5dee6b82c6bd85748
torus.out0.05855.h5	f9bc05169f6b4b8d712fd97600353853
torus.out0.05856.h5	ffec844ecc093fe3bf551c9169224166
torus.out0.05857.h5	c035ced751fbfe3a68e2b136af7aba07
torus.out0.05858.h5	a506101df78f022ed05a6b78d6d9aae7
torus.out0.05859.h5	7191977f6e915b77bafc540087a78a24
torus.out0.05860.h5	26a371d17f9008facc6420f1d063b165
torus.out0.05861.h5	336abda75c0849f117df70339472a994
torus.out0.05862.h5	c1f65f8c0e52be0c08e7ef389abf5528
torus.out0.05863.h5	431583e0cd9fe6b750b2fd5ac568d398
torus.out0.05864.h5	f8c6a18cd4b1ed94dff37d6d748324b8
torus.out0.05865.h5	562c60e5c301759531a678e73143cf5c
torus.out0.05866.h5	4a044a1763cd670fdcf50b64670e381b
torus.out0.05867.h5	b63a71766c6668e79d8b83808e2e02c6
torus.out0.05868.h5	475f99ad9000be4e0d588ce516d96e95
torus.out0.05869.h5	9d7b097d08a39eb50759ef7469099390
torus.out0.05870.h5	2ff9a20b4733cfc44a4c8a230b4ceaec
torus.out0.05871.h5	3266047a56ddcb80f610b342f34c7cb7
torus.out0.05872.h5	a86b2fb9b59ae0be206c0665e041e31d
torus.out0.05873.h5	d9ec89f12c897c308c3e1d1b3a3cee05
torus.out0.05874.h5	80b07279f741b7118f70dfb34de25f64
torus.out0.05875.h5	a5ea509dae398e7a7b7304f7d84c3395
torus.out0.05876.h5	3abcb3ddbb8d69f16f58c9930a4f617b
torus.out0.05877.h5	c82a8eed1dd2547572b3e27a93106a9e
torus.out0.05878.h5	0acee395bcc860f2f04f435a7c6a252e
torus.out0.05879.h5	30adc3f748394deeee34a37134c4f741
torus.out0.05880.h5	73999014c42c36d8a3c50e895ecd8205
torus.out0.05881.h5	eba29188f5e4e7b31aabf514d89d8291
torus.out0.05882.h5	4b294fbcdf0c31f9a7e2cce5f5d09411
torus.out0.05883.h5	d9fe84f840559d50b2f26d1af1458b11
torus.out0.05884.h5	8cfff68154d8c4ec7e550fb85ff4d632
torus.out0.05885.h5	35e503006224977c7bed0f4610f50598
torus.out0.05886.h5	4a2679530bf5e6b33921bf820d4178f7
torus.out0.05887.h5	9ec5ffd3b62ccc7336602981d20ba70f
torus.out0.05888.h5	836017d62ca43cdb91bc0398ed52be13
torus.out0.05889.h5	ccb68a7bcc983474d2a262a55e7fc08b
torus.out0.05890.h5	10de67f0393440a851c07d2ee362a86c
torus.out0.05891.h5	5dbc23ee4ac847ee2ea895d3fa57b232
torus.out0.05892.h5	4a0f6757da65670b99bd3a5ecb4e8f50
torus.out0.05893.h5	4369016b086af8de2dea388f04fc4862
torus.out0.05894.h5	16fa23b3f8ffd04b007caaacdf4a34fc
torus.out0.05895.h5	bcc472ab293bc4ade88cbb5b409baf67
torus.out0.05896.h5	2483b1ff46dcb7fa4048a54d7bb11008
torus.out0.05897.h5	ef3c4ce8d34d52a18c87ae45bf92e4b5
torus.out0.05898.h5	3ad76aa6e4e0bcf6732074c194c6181e
torus.out0.05899.h5	c1013165ac7a094144de1855ca5dcaa6
torus.out0.05900.h5	c8f632b2271c3d3bf11e1c7d6caf2c06
torus.out0.05901.h5	fc04ee4cedc42916fc35549b6504ffa6
torus.out0.05902.h5	105fb35320b40d7e543e2aa5e81bcf6c
torus.out0.05903.h5	8d7faf5620c06bc704ca0da8bb13093f
torus.out0.05904.h5	35418b953dc1558ec118024f59963886
torus.out0.05905.h5	900f68ffc3d292200303b7c64206dbdb
torus.out0.05906.h5	cf71b1693d103f0535fff939ed72ad7a
torus.out0.05907.h5	05706cf6dd5fa9ea0ac0e5c19148cccf
torus.out0.05908.h5	5f20169c35716394fbc33d61ede21121
torus.out0.05909.h5	d13146afd476ba2892097a39a5217594
torus.out0.05910.h5	e45b59edd36626d53c81fba88b46f8ec
torus.out0.05911.h5	dbb46226f5f44b1446c579e58ff4a81a
torus.out0.05912.h5	b5df517def4e60a24b817aba5998004b
torus.out0.05913.h5	f47ad3437536dcce43f467d8dde3bb15
torus.out0.05914.h5	59292d4ec0575230a30bf061fb1e09f7
torus.out0.05915.h5	c6c2af8e3f150d70884f12df6007ca28
torus.out0.05916.h5	05257237d55515e4e4b35b989d29dee6
torus.out0.05917.h5	965fc6ab8fae32b5b9517d877e351cb1
torus.out0.05918.h5	267835ef8d7f65a9ae20881aa8bb075b
torus.out0.05919.h5	9fb06474c4ca52a51541c0b99ddec7ab
torus.out0.05920.h5	58dd2ac5182ba7e6578ce58c688f9f62
torus.out0.05921.h5	15f9c1be97cd9ad675f0dd73131c69ae
torus.out0.05922.h5	a80d597d58487d912891bb1bb07befc5
torus.out0.05923.h5	f872d915ac4f26b12412546598f6ed89
torus.out0.05924.h5	bda6e723b95638f0cd1427df02540090
torus.out0.05925.h5	57fa34e3f3822609019279896c23b67d
torus.out0.05926.h5	278234fe8643452fa8a57459decfa5df
torus.out0.05927.h5	87de785187bf5aca9985ffb6d60d305a
torus.out0.05928.h5	be6cb13842eaec197b83b3a23e413e96
torus.out0.05929.h5	9e241bfca1a2124252811f1229c42c32
torus.out0.05930.h5	52d9a427084f63e3b2a8c958b8c9d029
torus.out0.05931.h5	40104a945c006fd0f6fdb03c36bf23ae
torus.out0.05932.h5	af5680c3dd41edbf3bca675bb558077e
torus.out0.05933.h5	af8b4197a272b0c72816c5a912c60adf
torus.out0.05934.h5	407b3e40fc030cbca1a25f76ccd42a37
torus.out0.05935.h5	4a0e398072d9a438d4366e57f574348b
torus.out0.05936.h5	cd2b785a537de5114c63a586fde17841
torus.out0.05937.h5	1192cad1465b795f4d65f5847b227dc5
torus.out0.05938.h5	18a7b46d853df4a2fbb7ab8ccfe1f703
torus.out0.05939.h5	a62c259afddc3b71c8c21f1eec1ea639
torus.out0.05940.h5	ed1fb2412b3539241b03ff3b4c69a178
torus.out0.05941.h5	8199ad91c500dc8b62a603dd32970658
torus.out0.05942.h5	739018c8c4b89f01094b532e97547bb6
torus.out0.05943.h5	ccfaceed868d08e79cf1f2afa3f3c1ce
torus.out0.05944.h5	6d0ff8426892e78bba132fd04773ecf8
torus.out0.05945.h5	086c4cf36d297560b0d15f11818c1667
torus.out0.05946.h5	d33e70ae5b599ad2828af82bc045fa03
torus.out0.05947.h5	3493c56083a43d574cc8211f0c93f581
torus.out0.05948.h5	ba0e9c1a548930cf2b27f6f679805cb1
torus.out0.05949.h5	5b19318842d0f6e50208065e92c15a72
torus.out0.05950.h5	740b7506e48a737ef599b038c0b3e8bb
torus.out0.05951.h5	4ba5433b9e33a964820f0cfc82342d02
torus.out0.05952.h5	b108a1a5320f8e820890ea77863d3e8b
torus.out0.05953.h5	90f989b51d5e01ff8ead54ffca942a5d
torus.out0.05954.h5	a0149c5d6a106667be1fee406a6e37f5
torus.out0.05955.h5	ba2cd12521de2b54ab41bcf5992587fd
torus.out0.05956.h5	918b92e8715d8da129c9fbc3c72ce78f
torus.out0.05957.h5	23babc2f04179a8e1878812dae15eaab
torus.out0.05958.h5	b6af1dcfb9d1faf4caf5985bd4040319
torus.out0.05959.h5	6cf9aa8f18eea4fc99e4e377f644bc7a
torus.out0.05960.h5	4ced04406db024a5e77d350f4e00d4c0
torus.out0.05961.h5	fef9f091ae391b0724221debd453131d
torus.out0.05962.h5	53099e238507a7179367627cce29df9f
torus.out0.05963.h5	1acc41d2f9e9f7a8898522116c91b59f
torus.out0.05964.h5	e35228303676af61af0ebf1884ae2064
torus.out0.05965.h5	9178708d2ad7ea1d0f1c37f837090160
torus.out0.05966.h5	b02825ee46fa797b3133ce9964f129a2
torus.out0.05967.h5	a5acbcf474786eb0d6d7cdf3c5186119
torus.out0.05968.h5	3be1feab7303c199a67ffce629376a1d
torus.out0.05969.h5	3cc51adab90d67f129bd2628adc045e3
torus.out0.05970.h5	db59a89156388a290099115399f85535
torus.out0.05971.h5	60efb3d571883f5bd1164bed3eb7e30e
torus.out0.05972.h5	f8ea7ba01807890c8571541a3ff84bc2
torus.out0.05973.h5	2f37b0d849cc21bb158b7295c4824631
torus.out0.05974.h5	756d11f71b4f90b75e7af9e957f875d0
torus.out0.05975.h5	38b19c0fae0b0da7fdc97c5d76122716
torus.out0.05976.h5	e7ef56a1144a0a2c7046c6542d331093
torus.out0.05977.h5	97e3f56a63e1e8708ee733e6867f990c
torus.out0.05978.h5	7d93ffc0ca5cd1fbc2839a5d39092fff
torus.out0.05979.h5	402fd333821a12247c3208f39d002c4c
torus.out0.05980.h5	8c42625687a07b52c72e96105089e0a0
torus.out0.05981.h5	65030d2bad6e48bd5fefeba4c46bf672
torus.out0.05982.h5	d29e2a81d6b3e45b26e43f573db2ee5c
torus.out0.05983.h5	c95ccbf86b7e6900301be1a0e512eac3
torus.out0.05984.h5	b13d2202df1609bf3021fe5690520fc4
torus.out0.05985.h5	e8e816c91b7257b45a953cb07be842f8
torus.out0.05986.h5	47de6e08fa8a0246775c91b1ec0ab49f
torus.out0.05987.h5	a1a82ac83799f8d99e60de8f7811d101
torus.out0.05988.h5	3354be2853486c9494cdf971dcec2719
torus.out0.05989.h5	d6cc5e0b0272bbad500e602c955f9f56
torus.out0.05990.h5	f5c48d686723faf3eb441874384743d0
torus.out0.05991.h5	1913f94cdd38384f14049784f051822a
torus.out0.05992.h5	199b37e6eb1b3e0ddcf177d48ae8bf97
torus.out0.05993.h5	c8e9382de1af133f9ae18d2a962b93d6
torus.out0.05994.h5	b971f007fae9b1a7aaa86db608503558
torus.out0.05995.h5	ca19a363082992f401021d8ed6d81a92
torus.out0.05996.h5	8cae9351e284498fdbcc5dc127471972
torus.out0.05997.h5	f692b9c08b8a98310d0920dc8db604c2
torus.out0.05998.h5	d9c85f28295f443d47519313b329f16d
torus.out0.05999.h5	6b2f109304c3059444f5fe9c178d0096
