torus.out0.05000.h5	e5c8c93b1053c4089ea91149374e1857
torus.out0.05001.h5	bf34819999974eec184dc058c0a17c69
torus.out0.05002.h5	efc1597f8f3db50d9199ec447019a4cf
torus.out0.05003.h5	a122ea0b76fc1dbcf18db7cbb6164f96
torus.out0.05004.h5	6da834349703becb1c94d77c91e0188a
torus.out0.05005.h5	95550dab73933269534582058a3c3848
torus.out0.05006.h5	8585f648d3d750f6a8fefdb5bf2638bc
torus.out0.05007.h5	5764bbfbef89760ff24b1b9e44cdca35
torus.out0.05008.h5	fd6f0b1f9c01b8b8b2a6e8bb4f13a86d
torus.out0.05009.h5	d5e48f87f6619be4830beab6f6dd19a5
torus.out0.05010.h5	0a5dc2afab39aca70e200e520b19117c
torus.out0.05011.h5	bc843003c2314c19305e42637dbd75f6
torus.out0.05012.h5	e212f563ec491766109dc26a2492ba7d
torus.out0.05013.h5	3e717b02d1dde31bcbe6df7e4c0c7c72
torus.out0.05014.h5	33b247fa26769e0657df226ef060dbc6
torus.out0.05015.h5	8404500467c7a970965039b9037278bd
torus.out0.05016.h5	0b49e16d68b46e91fa522195d6a1172c
torus.out0.05017.h5	28129c98519d6094fc0fc73095632207
torus.out0.05018.h5	a3a6ee054467619badf645b8dfd66526
torus.out0.05019.h5	5ec669c7bd3661feeb019e33123f8aca
torus.out0.05020.h5	a4eb1ed89df30e74ce56e9d68b2d93c7
torus.out0.05021.h5	281d86307b173eef355eb3f11101fd8d
torus.out0.05022.h5	17534f6ba716425978c658a4df07f860
torus.out0.05023.h5	e70b8a48b4a02d150ed12501b6015fbc
torus.out0.05024.h5	c524e2c36377a536ad3d71568666b0c7
torus.out0.05025.h5	70ce68280721ae920ff9ce285260446a
torus.out0.05026.h5	6895cc614cac2710d9f03d18578039c4
torus.out0.05027.h5	7b6fa68838f1d9c5bb6a0a3d71a22727
torus.out0.05028.h5	f90e8c6719f71bf3ae10c2b72d41e129
torus.out0.05029.h5	9a458cada48f9cd69fb4d3b5ff88e916
torus.out0.05030.h5	89eefc9438036b8b1f3e1eaa4b3aa85e
torus.out0.05031.h5	7a55d99bc1888cde1eb27287a7337eda
torus.out0.05032.h5	3d8d1b01c96cc56bd7ba7cb519209439
torus.out0.05033.h5	9d1fc9da9204f9a8283c9d05eb37d695
torus.out0.05034.h5	8629bd0eb698140caad3ed5acfea4a96
torus.out0.05035.h5	c1dce8e1d1ffe0325d426699cdf4b5f4
torus.out0.05036.h5	e9374971aad02293b7a2cbca4de0e9a2
torus.out0.05037.h5	10e8e8725ec2b2fdb9035087cd669a3b
torus.out0.05038.h5	6cf81bcdb91020175223b75e3a852a35
torus.out0.05039.h5	eb2642086970fb65081ddf8616c47369
torus.out0.05040.h5	1faec2e5515504ffb26573e37ba3c779
torus.out0.05041.h5	561e1208bd2b5f00e885343fa309d6ba
torus.out0.05042.h5	36f8fd827a5211196a2fdcb5db23b8a4
torus.out0.05043.h5	d7ea1736a79c2a409d4f24d7550ef4ef
torus.out0.05044.h5	7089cd5233f14801754f77620d2ff8db
torus.out0.05045.h5	65cd1b00e3ebb70daab764b87229bdaa
torus.out0.05046.h5	ce67a04b50795e4ef5d1b521bf7215ca
torus.out0.05047.h5	6779d72950e7c7cae06fe132dc5f9919
torus.out0.05048.h5	065edde688cbcfa1ba0df7627828df83
torus.out0.05049.h5	b9dc705363cb95b821a5368c1b548407
torus.out0.05050.h5	28007783e8cd29a574100b8b3fee5563
torus.out0.05051.h5	ecc29663b53cfb4d5d30564dbc177048
torus.out0.05052.h5	d0817c30e1c8abb11c2411f710a96b50
torus.out0.05053.h5	219a55322c60347231364bf570ba5617
torus.out0.05054.h5	9fa62aa9de59fa19075fcb1b1ab9a2a5
torus.out0.05055.h5	3c569f03ae047be06209c00f9e68edba
torus.out0.05056.h5	45cdd91cbf776f49f08f5440b7203f30
torus.out0.05057.h5	22a70ece6a48e607e9045c422c411bf8
torus.out0.05058.h5	fc0b775b0a9a655a53391d075fe3e3be
torus.out0.05059.h5	d3268cf379db66c951a06f45df8c8b0c
torus.out0.05060.h5	3d9f2b56ab27a852c7924eba162fbcfc
torus.out0.05061.h5	fb725fe7cd2aaac05d3ac8de522c2073
torus.out0.05062.h5	b60e54644f165065319839b5a21e1304
torus.out0.05063.h5	c174156a9ec8b344165e2d0f307ade5f
torus.out0.05064.h5	197308df702d44bc880d59f6e5339795
torus.out0.05065.h5	029216e633b69f2599aaf99931c30956
torus.out0.05066.h5	ebf49ef71196a3feae265f745dc8321e
torus.out0.05067.h5	5d2bdad017c9b9857afc0b0678b7c9af
torus.out0.05068.h5	af785844521af4543ce35c42359406f5
torus.out0.05069.h5	20e0f279a6d1a2c5a27c299e83f8b46a
torus.out0.05070.h5	c8a34383c084edd8f0107381dd9a3db6
torus.out0.05071.h5	b76081ff3a6c6946e6b4e142af6c6ed0
torus.out0.05072.h5	a17de24f3a9a93148a124846c1a5fe8d
torus.out0.05073.h5	49dae915682d772f5385cf37c2ebda7b
torus.out0.05074.h5	e9856399f83d1abe07235bf1f65077a9
torus.out0.05075.h5	15eaa35691dfc553a93ce88015b5dd32
torus.out0.05076.h5	da494c107011ac22c053e15bf1d81c46
torus.out0.05077.h5	8c61f50d417efbe0567c5673082128f0
torus.out0.05078.h5	11ac68b731aeb289c1694fb1a1b6c0fb
torus.out0.05079.h5	c8d24ac8e47bc4b8c340b34e75e667a6
torus.out0.05080.h5	174d4009d646eab9b0c7bd405480fae7
torus.out0.05081.h5	6b47e07946fb10d66b423edbe178dcd0
torus.out0.05082.h5	e77b2d8bf75a11c7f4c76c617f506279
torus.out0.05083.h5	4dbed5b28dcef40dbf28a856c8c24144
torus.out0.05084.h5	747d29312954e09a1f51e3dfc89c6119
torus.out0.05085.h5	4103af5635cde80e520e09b06a6eb946
torus.out0.05086.h5	feedabde9841448b76c575566fbac544
torus.out0.05087.h5	51af3ffc7ef31845a8ba4edbb2b8ab90
torus.out0.05088.h5	ef01c4b8b4cdffcbea7289536bdf0fd0
torus.out0.05089.h5	8c5a732df93d42e255bf3d3ec85441df
torus.out0.05090.h5	2a903668ba58250c4834058897fa699a
torus.out0.05091.h5	89b531de16749ffda33912d44438e45e
torus.out0.05092.h5	52095f297c86931dde55101580eb71f0
torus.out0.05093.h5	b3015cf120c6bc9b22c8c7901b2f099c
torus.out0.05094.h5	c009fc65ddb77974a7cdd5994bfcbdac
torus.out0.05095.h5	f536381b5a6a5a1f82bc74e15499c72c
torus.out0.05096.h5	a6dd7c0b3a1751d556bd7dd68bb9c2e5
torus.out0.05097.h5	22d0a0a5731e3dd4f15aeb25f865d6ce
torus.out0.05098.h5	160dee434cad7aa2b20ee88e599bb45d
torus.out0.05099.h5	7890f17ad6bceafd9967d30bc3f3e179
torus.out0.05100.h5	e8c79431b04320319c9cfd62bbed949b
torus.out0.05101.h5	2f68e507dc8ff3b106f3f850341bb515
torus.out0.05102.h5	ab34c6d0ea831128834dc188c4c424a5
torus.out0.05103.h5	304dda2b66f8b7e8aa385317a188166e
torus.out0.05104.h5	62883c6d7cb0392a26949a2a7d9a0565
torus.out0.05105.h5	4e640776bdcfb16c5ae6fa07a71ad9a7
torus.out0.05106.h5	22a34aa85ac7906fdafa48da3be963cc
torus.out0.05107.h5	d6cd6d656641785928bdf5956aecb86e
torus.out0.05108.h5	15909e8ccecbc4fcb80e2ab9661ed1a6
torus.out0.05109.h5	4d0448a85fb1d4f27ff200d0ed4702a6
torus.out0.05110.h5	a25ad0ed95dcea2719bb9dd7737b52c7
torus.out0.05111.h5	a33d0345cd0a9ec3e7fe251bb0677cb1
torus.out0.05112.h5	11c86e64b7f4352b5882b8512bacd947
torus.out0.05113.h5	4a5b8178ecab80affb82d248403c1554
torus.out0.05114.h5	3e3a6a1b336461b0350099c7d7334079
torus.out0.05115.h5	939e496de4af1819f4d85d8686218745
torus.out0.05116.h5	d79a1393ce64456c73a2c9ee1daedf2c
torus.out0.05117.h5	b7d38bc2aec3e4698878ad40616ac0ca
torus.out0.05118.h5	39eecad2f5d3d429c721aced8f71d78f
torus.out0.05119.h5	a384be3e973d3101a033a33e675b51ba
torus.out0.05120.h5	e25a4356972319c183aae6b053c69c23
torus.out0.05121.h5	7062cd3f6241d1a3b2040125b6d887c6
torus.out0.05122.h5	b18ff274389d4dd662a4c8f21c9d50b6
torus.out0.05123.h5	a5c9194305a896eaeafe98398323f16c
torus.out0.05124.h5	ef96358e4c126e87870cb40e57e4500c
torus.out0.05125.h5	706a06d5e056ed23514c0dfca40ff0ab
torus.out0.05126.h5	821bfea21e5b5b31cf112bf8628f60f6
torus.out0.05127.h5	bb244c9e9bfb4c3821e586d391707803
torus.out0.05128.h5	e3d311e897c599e0ff8300e244caf10a
torus.out0.05129.h5	b3e7fbc4495dbe39d24e5225c70c5cd8
torus.out0.05130.h5	01b2a9a96091bbc6e3175ad95fe1a48a
torus.out0.05131.h5	3906b1ff6da3a7b46445d940dfa27248
torus.out0.05132.h5	c15df6833ed889648ff7389e38d6ba8a
torus.out0.05133.h5	b9067006a8e9477d10eaf6382f2b78c3
torus.out0.05134.h5	56033676293f4b5558816e15cc2c0a50
torus.out0.05135.h5	05fd9ff8737981f5f05cd220a5c03f40
torus.out0.05136.h5	25dd9b5f4a538f093d7c013d938be801
torus.out0.05137.h5	4b045d956cbdf1078a4ac4c984d51377
torus.out0.05138.h5	cbbcc161bb631dbd447875b8feaf524d
torus.out0.05139.h5	f49f53e78785c65af2b34985297cbf5e
torus.out0.05140.h5	d155d358a1e3d24ef2bf2a87855b2c23
torus.out0.05141.h5	c538e189908d697e3920a41ad07e9743
torus.out0.05142.h5	79af47a8ad8adeb4a0cebf1f4f3c780d
torus.out0.05143.h5	07eabc56e81ddcb568a91c5046afd162
torus.out0.05144.h5	09fdbee49bb17ea5ce0f38570aaef422
torus.out0.05145.h5	7ab760560b5a5d121378cb7eb30fd726
torus.out0.05146.h5	fdcbddb83620d1fdf472965a847ed0dc
torus.out0.05147.h5	c91dae8fb77c11325ebe8902c6ffa6c1
torus.out0.05148.h5	d196281f761028fe61d0b423d0584008
torus.out0.05149.h5	962fa0445adc7a5cd11774c3220052a0
torus.out0.05150.h5	2abd32ea5fce2a7475487f55dcfa8fae
torus.out0.05151.h5	4cb9248073f58895a9ec35874ab13439
torus.out0.05152.h5	e3a51c351664d10d8172f7223b770299
torus.out0.05153.h5	02f49ede291a10ec1089cbc5a98f1859
torus.out0.05154.h5	41828aaec27b005643c4a30557105dec
torus.out0.05155.h5	bf44871c68bdc1fb0e828ee076b83d53
torus.out0.05156.h5	4f2dab1482fd8048f8ef7c27fcbc9b5c
torus.out0.05157.h5	912ef3b6380ffc53f1e71d2629ea3911
torus.out0.05158.h5	f5cd93ad080ddda63506b4d37e847944
torus.out0.05159.h5	e02983a41402785045a2f86eb6afdf86
torus.out0.05160.h5	88baa572be61d8cf9126651cda017dde
torus.out0.05161.h5	7fcbb9128b5b0c7e22153ba6c6255f2e
torus.out0.05162.h5	1c0395e08dbabb099b7b6ad05b443e19
torus.out0.05163.h5	62fd0629fdcaa2ce11dbf2496c2dca8b
torus.out0.05164.h5	03939ce3ed19e3f154fa60c87481f3f9
torus.out0.05165.h5	46e24813739ef94b2f10b706035c32f1
torus.out0.05166.h5	a698d6305c985e5c973522bd43f5ba9e
torus.out0.05167.h5	103912ef0a194eb070a4b46d8a0b61dd
torus.out0.05168.h5	553c66e1cda00d4ab0a93a3e2036b0d6
torus.out0.05169.h5	4f4ee2d3f2e4e04fae5b0d328216c601
torus.out0.05170.h5	3096ee2de669b6395960ed2407c6c531
torus.out0.05171.h5	63c20a9bf0c01a4f1bd3602a5db5b1d6
torus.out0.05172.h5	073d9e36ba7220b9aeb6ba872b499d93
torus.out0.05173.h5	be2afff8c72c6b0d51ab6a456442fcf4
torus.out0.05174.h5	2e6b3ac42b8d4bf18f8744e903ecb8e7
torus.out0.05175.h5	17469046ae745c2b82660313a6cbcc38
torus.out0.05176.h5	10ce7ab04de206d324705a7f4a27046e
torus.out0.05177.h5	4adda68c542fcc44b9580263bf7bdd84
torus.out0.05178.h5	cb2997b47deb7aa1069bf91c5584f123
torus.out0.05179.h5	57e82de21f833727da3f1fcacde73f0d
torus.out0.05180.h5	dc67e52b76b4af585bb881d6c3522a2e
torus.out0.05181.h5	06cd71a1b63f098b12a39b5c2b7f7350
torus.out0.05182.h5	e54b874fe0681779ab52ac1730b12c4e
torus.out0.05183.h5	02b82ac85dd49d0f15d4467550272fd2
torus.out0.05184.h5	08abe7fbb8cbf1f771540d93926e1783
torus.out0.05185.h5	9bb5b6d5661b7acb6abfa12a7f4e46af
torus.out0.05186.h5	2aa3d881949f77cfd4786aa915cb723c
torus.out0.05187.h5	c57927deb7cab8c40c850fd06946af7c
torus.out0.05188.h5	b95319131fd48a4b46df2259603896df
torus.out0.05189.h5	9b573dd1fd047ddb6ea5eb60e9f051d6
torus.out0.05190.h5	e9e9a7649ddb2d9ec6a7448c44fd8b09
torus.out0.05191.h5	ca8ded78c31cb848411a8d97c99e9746
torus.out0.05192.h5	17f67b2304076954293fde4989d949b8
torus.out0.05193.h5	190a60eba0daedbf7aeced0a767280a9
torus.out0.05194.h5	92026ef08244196e0ebdc45419bbcb0f
torus.out0.05195.h5	719fa76237aca2bf56afba4b1ebcff55
torus.out0.05196.h5	80f0feca27ce865b7022cf6629a92fe7
torus.out0.05197.h5	156cfe16a91008debc18a9587c8b340e
torus.out0.05198.h5	9a44d4bb37a880d2423b3ce3ce3baed6
torus.out0.05199.h5	728c20838a93b8b2209ed9478b1e7022
torus.out0.05200.h5	63a7e68d7da944d8871bc7c8de9cdd74
torus.out0.05201.h5	38e2439eefc0d048c162f00f49724f63
torus.out0.05202.h5	5fa0a2670b3c860e7a1c696075e1345d
torus.out0.05203.h5	49dc1906f53132a4d25df1f17c42dfc4
torus.out0.05204.h5	2e1b0eb26143548ece8899a0b6c2cef9
torus.out0.05205.h5	5b0eb780b56e89187d13e81b4ec5c965
torus.out0.05206.h5	09866f5668ff6cf602ce2cf898468704
torus.out0.05207.h5	def29538b82a4868c40b4367221968d8
torus.out0.05208.h5	d55eb3702e0e4d4be680622b96bb8afb
torus.out0.05209.h5	8665f2efc87d524d79384d6c481b4a3f
torus.out0.05210.h5	158ac90ae445ae736b6728f905577014
torus.out0.05211.h5	353310424da798bad1ef4d9534add5da
torus.out0.05212.h5	1f532e2073f7d3fda0e2fedcb6adde54
torus.out0.05213.h5	64940a42366e026697854614eabd8a55
torus.out0.05214.h5	2495aa4358a6569a42da27f8475fe2bc
torus.out0.05215.h5	0f600da36bad7c00b0ee957fe589173d
torus.out0.05216.h5	ef22c53f4a011d0e73a389b94bee2866
torus.out0.05217.h5	38c7b1aa1162b0160880556f77553261
torus.out0.05218.h5	022f01057ea84e3b67c55f5194a89171
torus.out0.05219.h5	6b00cca5a818f7df689646607a9693b4
torus.out0.05220.h5	68678a19c07252e19d1a111c2fd4986c
torus.out0.05221.h5	95d0f28f25d8b81ff0e28480886466b3
torus.out0.05222.h5	529c66d808c11f130dafabd4df7735c2
torus.out0.05223.h5	d58edaabdc1d4a3003ac8e5e747e98ab
torus.out0.05224.h5	2a73f1554d07032eacd8b777ed150760
torus.out0.05225.h5	978474a12010f2165875c5d42bf9a5a1
torus.out0.05226.h5	21f849aaad32244635e1bf88020ffca2
torus.out0.05227.h5	fe38ee81afafeb2b1bc4d9b177dfe766
torus.out0.05228.h5	999a7ae30fd350a509b5f2e46f27a16b
torus.out0.05229.h5	3b9d45a90e30bc23cbddc0b1b79a6ea6
torus.out0.05230.h5	7fff9a37c3d1805c2e5ab6d8479620b4
torus.out0.05231.h5	26e0086f710c56c7e6a3621038971eef
torus.out0.05232.h5	b5e9f0cef3bb6ac2b54f28ac816915d7
torus.out0.05233.h5	29e71ae6bcb9db902ef82cc68c6a0fac
torus.out0.05234.h5	b9333fe0305c0e74d92d53855f300133
torus.out0.05235.h5	6204d2d694355657ae467323bcfd4457
torus.out0.05236.h5	9919567c913ee450356469fa4c963902
torus.out0.05237.h5	0de344a5abeb8ffb4c47390d9db89458
torus.out0.05238.h5	4c636432d50e36949920d2e245d9dd38
torus.out0.05239.h5	1133abc2ea85f17a83cf97bda3838b27
torus.out0.05240.h5	f75564609c1b05e6f1e41ea7d4a777e6
torus.out0.05241.h5	df08e69f33e12702888fed4856ada64e
torus.out0.05242.h5	e0feb309119bb76babe957124fcca064
torus.out0.05243.h5	9beac9486a548b376cfeadb30669ad48
torus.out0.05244.h5	2229cb7f741f0b75f495df2ff889e9cd
torus.out0.05245.h5	442e91851555c311fdace6ccc3188017
torus.out0.05246.h5	05266c8bcf94c7e93eb9db8a48536d4b
torus.out0.05247.h5	df8d8e8c2017b6fb549aa7e99d3d1ae7
torus.out0.05248.h5	96b1810409def8f16ff3d57ce51257a5
torus.out0.05249.h5	6124b96ef7eb0cb66af6aeb3d05e73dc
torus.out0.05250.h5	da439b2079d66b6e8f1e10e6670aef11
torus.out0.05251.h5	5781a9095ef0e7c854a6012d3976e1b4
torus.out0.05252.h5	3d1340155bd32f3d13c26c286056f0f1
torus.out0.05253.h5	b98c5242caba909e892c9e813ecdd6b5
torus.out0.05254.h5	c7d24fedb5380031bc14a8ec1b2f5416
torus.out0.05255.h5	fdae026371d42495b89dacf4dc9165f1
torus.out0.05256.h5	88226ab618d8a00a7ce9b7ab941e3c6d
torus.out0.05257.h5	74e913e739fd0a9a039fbc71876ce6de
torus.out0.05258.h5	b96d108886e199ff852f91af296310bf
torus.out0.05259.h5	ff811624f6e19263e5eb46032fba46bf
torus.out0.05260.h5	58eed2f473de82926b77c3f8e970a440
torus.out0.05261.h5	fc6faee7f758fd50df737cd0a3bf9584
torus.out0.05262.h5	cbcae245f44b113c6e9efa698604aa90
torus.out0.05263.h5	90ceed9c3325a6c2e7a19fb82ec2ef72
torus.out0.05264.h5	eaa6aad1042fc0bc0dd1ec3117d6d9cb
torus.out0.05265.h5	6aae33b224756079991a627a73924a6d
torus.out0.05266.h5	fa59220b8e3b07c19130c71d898d8f82
torus.out0.05267.h5	ff0d42fce83f045c123b8f677b85b907
torus.out0.05268.h5	3775099a0f4a8b39ba6c35a9a1d55fc7
torus.out0.05269.h5	4b7f0015c8bd60e1bf478d2a418b7349
torus.out0.05270.h5	532b41f358fee56807b6c536723d8c16
torus.out0.05271.h5	e9776083cd9f3b0e7b2ec7e438f1dca1
torus.out0.05272.h5	bca0ed3d2fc1d0d8702cc2f807d841a3
torus.out0.05273.h5	48b7a543a019873f092f9c0647d8af27
torus.out0.05274.h5	5a289376c55b54ce3fbe2a7b4985f19a
torus.out0.05275.h5	bcbe901bb9177bdbf5559cbba0afe274
torus.out0.05276.h5	692943edbe7cd5c41f6ed83ed1b5bd3f
torus.out0.05277.h5	9edb452743aa3f4915a92d3d4d712da3
torus.out0.05278.h5	7533e5f95958972171743f518d9712a5
torus.out0.05279.h5	5ca9dae1a33c14f646ed450fd0597631
torus.out0.05280.h5	67ca79f502d8aa922135790ab65bde71
torus.out0.05281.h5	a45c78f74b1d189265b9409cbbd1c883
torus.out0.05282.h5	49114d545e714a16aeee779026103560
torus.out0.05283.h5	4a85f88462d5561bda0e3071042bc263
torus.out0.05284.h5	46a955086f73b896acf36f4cec55e844
torus.out0.05285.h5	61c9d7026b269b0b517d45e5e5963e38
torus.out0.05286.h5	4dc7d2a9b8d11cca4929fa37b44143eb
torus.out0.05287.h5	df85b4d8a5689f695c1154243433d187
torus.out0.05288.h5	e588e70d5543188e07dc2507db2013db
torus.out0.05289.h5	3bc2605a8b2551abf329862396bc98a6
torus.out0.05290.h5	b0873ba5a14335ed69a7b58b15bae5d8
torus.out0.05291.h5	8d1da8ade6277dd60ca26782c33eddfa
torus.out0.05292.h5	fdac4da712ec3ce27122577022073012
torus.out0.05293.h5	73a869061253f1702053e923bdb0dd89
torus.out0.05294.h5	c96ea879a54d9181fb1157daff4fb78d
torus.out0.05295.h5	49a2c387dd01fc8d50037816bc8d9a95
torus.out0.05296.h5	e8d6a82c0ae4a5a1f9b92e0f824032a7
torus.out0.05297.h5	3ed7f0271932c8252e550dda8479222b
torus.out0.05298.h5	6809d5a290a5b8a0ad55003fa8199191
torus.out0.05299.h5	67c33f4442b415b1076538cf91958a75
torus.out0.05300.h5	c81d7aa91b2185f4fe771d901a54dafb
torus.out0.05301.h5	33a7b32822c4ae84b604603b4592e385
torus.out0.05302.h5	71633a01954a3aef3b5f4b82fc60a2f8
torus.out0.05303.h5	d14916633bbc76bce8379df7f5cf9293
torus.out0.05304.h5	5c08b0c5b8db200e4ba090f7e9918c9c
torus.out0.05305.h5	1a2d89ecd549f81fb3b10e4e2a0b18a5
torus.out0.05306.h5	6954fa202f8eef558dcb782bb420ee50
torus.out0.05307.h5	5f3fc562a516e5a06fdaeaaeae026dac
torus.out0.05308.h5	9861f5f4eb4d046ab57fed333bbe7d55
torus.out0.05309.h5	fd24b100b1a3dde7e3eec8016a944d81
torus.out0.05310.h5	45a195952a581fe4c181849a8a2724d3
torus.out0.05311.h5	59a97cf73b33955b222f9437f51c783a
torus.out0.05312.h5	6ec7ffa79adb6dc947acd512b67370cd
torus.out0.05313.h5	45f9067d5898d0902582c00d919a653d
torus.out0.05314.h5	63479df67bfeeb69529d283953169a90
torus.out0.05315.h5	058bc6b75cdadd0b53f8ee96b5aad2dd
torus.out0.05316.h5	64452f872a92b16e02f097bb15c50cf5
torus.out0.05317.h5	eceab9ae42916e605c9662814c07c897
torus.out0.05318.h5	e6676acc6cc4af4e61e32afd3defbd1c
torus.out0.05319.h5	baf20aa148f85b1ff19982c9de00e2a2
torus.out0.05320.h5	6d3f6c8edbf62ef267fda8410c7ea415
torus.out0.05321.h5	611f1e7bfe998c806f3cd102f6a145a5
torus.out0.05322.h5	b47a73887b893e1620e6458b675828f3
torus.out0.05323.h5	c32ed55037b7ca1be8023ae4c331825e
torus.out0.05324.h5	04b006c6c5b923f9dda0626ff0046daa
torus.out0.05325.h5	1fd78dc64fbbfe19453f13dd4a96143e
torus.out0.05326.h5	0fe9ca5364b5168e7e674dc93a6a3b77
torus.out0.05327.h5	b247ba71f218bee07d0a4f7c61c2f4c8
torus.out0.05328.h5	82bf7a4ad461b6c0ef401165a3acd6c9
torus.out0.05329.h5	712d07f26bb1116728cdc79d096a554e
torus.out0.05330.h5	585ee7fb8c4dd9283f26b7c3658b00db
torus.out0.05331.h5	6e8f49d9bf40f13041b21a7c8df0e4f3
torus.out0.05332.h5	aba251dec5b7bde26b3cd018ee284256
torus.out0.05333.h5	363622897b5e1b03195fbc74b5f8efdc
torus.out0.05334.h5	09c331ac88235a55f13d2c8eb30d5dfd
torus.out0.05335.h5	c4de6cb5a19202572fe2738a017b842d
torus.out0.05336.h5	9715b1125a1644916cdaad7a897333f0
torus.out0.05337.h5	0295191f15eca47882be7dd7649c8d9e
torus.out0.05338.h5	53d9d27b3bfc22a3628a3eb479c1ad81
torus.out0.05339.h5	ed36114ede8a7252a8091fac2ca83fe7
torus.out0.05340.h5	c1aff1b1bf2df2771b1cdfbbd553fc5f
torus.out0.05341.h5	20d8fc52540a4f87220a39d7970f7270
torus.out0.05342.h5	b15369baf8fd7de8f668e341a048cc84
torus.out0.05343.h5	2960de2200858b2ac0ee483ddaf7d885
torus.out0.05344.h5	0a1be2a703e821962abfe7b233bb8c0d
torus.out0.05345.h5	54631a86d8106054e3b4901f86ff0eb9
torus.out0.05346.h5	bca33b38b73d7bd528681d6f88de1e1f
torus.out0.05347.h5	477edbf96a68753811f2c3c8e23fe1ac
torus.out0.05348.h5	3f281b396c8a4e73b156da7826508c34
torus.out0.05349.h5	a0e08cd48329b512b468bd4da6531846
torus.out0.05350.h5	9f7b1c9f67405fe60b1ae3eae221c121
torus.out0.05351.h5	f2dd207554d713061e83a8108aebdb6b
torus.out0.05352.h5	c3cc78fa45d5788fcabbc82ebc74ddbb
torus.out0.05353.h5	2b317da7d1cb2bb040017ca4b765b284
torus.out0.05354.h5	cbab4472c4e4f6f5a813b4652c0dd579
torus.out0.05355.h5	a8fe08686c5ea7c534a4cc2f12d3a6d6
torus.out0.05356.h5	7694d9567259a912ee203db87c9959a6
torus.out0.05357.h5	8b35f165f978d2a9d3018097b6697319
torus.out0.05358.h5	3e968f4081b4c1177a194b06a3581eb5
torus.out0.05359.h5	caeddde09fea531d93d519b7f0bb03ae
torus.out0.05360.h5	8972c0c486a82c998efa2bbc83b07df0
torus.out0.05361.h5	fdffbb0b75f4bd416e6937f975991595
torus.out0.05362.h5	11f42cf9fe042f7a7ef4371ad76b862e
torus.out0.05363.h5	ffa0763615536e218b7e8aea94a4a52d
torus.out0.05364.h5	7dcb2af0bc3899c5a28ada23eb03eb29
torus.out0.05365.h5	e336eb7ad75741038381bf68973aa530
torus.out0.05366.h5	1661a94db2faf7361b1dbb515080041d
torus.out0.05367.h5	39a9ac250c8ff31c27130819b9bd7501
torus.out0.05368.h5	1bb9b8cf025d38fe789394c2e26a9680
torus.out0.05369.h5	e8245d4be16416de821f86c80514cbef
torus.out0.05370.h5	f38f2c3e57c9fcebb625174fdcba7e72
torus.out0.05371.h5	6647657f5786323a51de45acb9cc4c55
torus.out0.05372.h5	500b0286beb0bc8512931def4f550e7a
torus.out0.05373.h5	73cbd911677656494a0fa81e293ed95a
torus.out0.05374.h5	e371673161857620f18e9adf3f7980d5
torus.out0.05375.h5	1e0e6879612dde408ea9e72b07ad60b7
torus.out0.05376.h5	97d912ef77949e97144043b955439091
torus.out0.05377.h5	4a8857afe44723c5b2e343338eaa2f48
torus.out0.05378.h5	70c8941de96c4ddad386f5bc6303d03b
torus.out0.05379.h5	bb3df682bcd89404f37a83f1d294cee6
torus.out0.05380.h5	590aa60428e093cf26e9cdfc1d68493f
torus.out0.05381.h5	5c45509e98644d80a7ef9f460cb87e0b
torus.out0.05382.h5	01a540c7313e1322a3e57ffb362e8869
torus.out0.05383.h5	af076b124b160991903ededb208fdbe3
torus.out0.05384.h5	d3fb738618449bcd91ca0b6a1cacb797
torus.out0.05385.h5	bdc3e5f3ae006d39498eab3f1e463ac9
torus.out0.05386.h5	6fe82f8007267a6a5af2152e4d552814
torus.out0.05387.h5	a9286d8060def6ab510a805ffa62cad5
torus.out0.05388.h5	054d7ad28a8a0b54ed17ad2cf05a61b8
torus.out0.05389.h5	707c1eba6d4512a0f421adc8075eb43b
torus.out0.05390.h5	3d54069c7312d8503b9386fa4c473905
torus.out0.05391.h5	ded1e175b081b3497e7a17e38b746f84
torus.out0.05392.h5	44d17e8edcbbbb2d32c9bc7492f88153
torus.out0.05393.h5	c6bcaa5482bd0c8476b0ee8357676f55
torus.out0.05394.h5	fe01bf77d622a8fc91c4b1d531e389a0
torus.out0.05395.h5	b6cd0cd34a8ee878d7f81c9b1e5e44b0
torus.out0.05396.h5	6e7a94a09243b56397e2a9f9cceec358
torus.out0.05397.h5	69428df5216a736ca52349a71235f94b
torus.out0.05398.h5	e448b0e50d34b28190406be8a6101df4
torus.out0.05399.h5	2c7acae85d59153316f930c17cc4dd42
torus.out0.05400.h5	224e4cd9f2ba531233a7e8e9f16be7c2
torus.out0.05401.h5	512e6e725d58b201ccb5798db7dbee34
torus.out0.05402.h5	80597349dc1bca033bfcc412b9191cca
torus.out0.05403.h5	01bdb3b043c99ad345de54b12460e6f7
torus.out0.05404.h5	6ecda1dd5b130eb27527315d5a6bc7af
torus.out0.05405.h5	0593f062a11dab80d789ae7fb51baede
torus.out0.05406.h5	4ace571582f9c90ef9f1d34dee165559
torus.out0.05407.h5	a3c917538a41e0dc466f9aa8351749fe
torus.out0.05408.h5	e3d44aa70156ded9c66af7314255428b
torus.out0.05409.h5	dc4931d5ad35a58269b59a258e31d0ba
torus.out0.05410.h5	af74d5422b0629075085223e9055828b
torus.out0.05411.h5	6716f3d1514374e683a05dd0ca334038
torus.out0.05412.h5	4bd7376b45263d3adda9015755dbe2f3
torus.out0.05413.h5	83ab9b54abf686535df86ade306597a4
torus.out0.05414.h5	533d3c05bfd557c7495fd42a85ffcc5a
torus.out0.05415.h5	00486e6d217ff6564749fa33a5955fb0
torus.out0.05416.h5	cf6f344ff599e0397e8060fc18d7e742
torus.out0.05417.h5	a074f74bdbc779aac3332bc0f54b0ecf
torus.out0.05418.h5	ed86e8c22595b837342a4160c37b1048
torus.out0.05419.h5	04a1d04af876cb192d5ae48f7e0cfed2
torus.out0.05420.h5	d348669b699ba56d8d0a4ff4d509cc78
torus.out0.05421.h5	4fa66d6a6471072a93edc056361c3407
torus.out0.05422.h5	a34628be7c2d7b6e2c61d80e83fe5aa9
torus.out0.05423.h5	3d2f6772026dc00ef60113a77a68ccc6
torus.out0.05424.h5	5882a1118d4b5310b2073c9f5dd97307
torus.out0.05425.h5	a40eac7d5a8ac62791216b7d1363eed6
torus.out0.05426.h5	7ccb8998f199921e3386e96b5354654c
torus.out0.05427.h5	fc1b46e74053a4aa7bf92b3ac8015f04
torus.out0.05428.h5	e005abd2392461facca865537d0e797b
torus.out0.05429.h5	a3b4fbd767d1cf4bcb4f0680311a01d9
torus.out0.05430.h5	ec550ea95de9e68a9ca0f0a0caa453c7
torus.out0.05431.h5	958372e3ff535582c23c13e3c8bf8c64
torus.out0.05432.h5	4d19812fb1bddcbcd104a2053de22013
torus.out0.05433.h5	fcd7ef0dfa6ee88f888b86abe565b11b
torus.out0.05434.h5	d34717f9d86992d5fed6185aba44a19c
torus.out0.05435.h5	145f7331c82b8e557c587c7a60c8e289
torus.out0.05436.h5	3bff772cbeb05d04fecf40a885633bef
torus.out0.05437.h5	c519e224ebd4afd6fb28df376c16e621
torus.out0.05438.h5	cb51b7d6214fdc5b18facc9fcf7c3065
torus.out0.05439.h5	9fecd504c7168468196ecaedd048f6d7
torus.out0.05440.h5	9bf04c24d226bc03aef777411891e404
torus.out0.05441.h5	ecd839fa13613ab6f1f891093732c4cf
torus.out0.05442.h5	bd37c1ba746bd93c10551b8c01f7c60c
torus.out0.05443.h5	1a895497e7e4c3118be43e2f817d6bee
torus.out0.05444.h5	33c6a1d8f9097504eacbd2c90342fa2f
torus.out0.05445.h5	556aeb0b4019da85ccf2910ee79933f6
torus.out0.05446.h5	6dcc4fea8e0ebe08d27005821196b9d8
torus.out0.05447.h5	c8608acf47e9483e44810c9a0dc289f0
torus.out0.05448.h5	7e19749411abef017542402c11598d27
torus.out0.05449.h5	4f164ee838f74b942624b9abb2d1e693
torus.out0.05450.h5	bfaa67100ea26143518ad0f3ae084393
torus.out0.05451.h5	1bc2a2f3712b6a62999a99ae1df0f05f
torus.out0.05452.h5	8786f4360c661e2a4de48d592ad027b7
torus.out0.05453.h5	3b9459609c4647d1daafb996960961fe
torus.out0.05454.h5	9e8c1d4aa26d9b5b5b91ea935ca5ffa9
torus.out0.05455.h5	a80cb36c508610ab66d073ca7b15145b
torus.out0.05456.h5	15682b540a03d1d25e60700949edd63e
torus.out0.05457.h5	4b0858fb03f12d2b587fb843140ebfa6
torus.out0.05458.h5	f5e0d63519490d686cb7e8b95884246a
torus.out0.05459.h5	9893086757bb1b805943405ae02437bb
torus.out0.05460.h5	001ebae7033b1fcd3516a41292e53421
torus.out0.05461.h5	cf35e2f111bf9bb1a60cddca0ce7300f
torus.out0.05462.h5	2fb58c9b6b9a48be4b76af3d85577569
torus.out0.05463.h5	02787ca2bcf41aaea063a9b3a0a8d4c8
torus.out0.05464.h5	d12c53919780620fe6d68fdb4c8899ed
torus.out0.05465.h5	b9c115e0248ba3ec0d52b6d303003e59
torus.out0.05466.h5	389d3ed72df4ed002221b9dc587bb50b
torus.out0.05467.h5	48eef19793a6c12e71338587bcaa8c3d
torus.out0.05468.h5	23379638c8d6d2eb927be5808fa40abf
torus.out0.05469.h5	6892b87570e23f29aee6f34c97d7357e
torus.out0.05470.h5	4dd14ffaec1f94dad315c2af8e258d63
torus.out0.05471.h5	e96f6262cf150ea781a41925d3f7f81b
torus.out0.05472.h5	6a4cf5a304ab506e599b71b1c0c7c9bf
torus.out0.05473.h5	b2eaf59ee6270e8f232d09e56cef282c
torus.out0.05474.h5	0d30d2d25e4dd54785c2eee00cf8d288
torus.out0.05475.h5	c42fdc028a775ccc3a07a31280363281
torus.out0.05476.h5	589f678ddf387283020bcdae45f2cda7
torus.out0.05477.h5	da15c171cce86e836abe00e640d0f4d5
torus.out0.05478.h5	f2e97d7e7f9bbe053147f75b49316d6a
torus.out0.05479.h5	e6d1888d9c55671f53785b70b09c5dbe
torus.out0.05480.h5	13d8f8e06ae8823df49291ab105570bb
torus.out0.05481.h5	289002c30221966401f6ac7e93299d2c
torus.out0.05482.h5	d091027995615f837636a9961fd7f4bf
torus.out0.05483.h5	426faffec597870cd1b0d751ab5f4389
torus.out0.05484.h5	d39c6f57d38bf7540058ab4f0cc07f8f
torus.out0.05485.h5	bde2a82acb4db5ebc93d1ae708659a9e
torus.out0.05486.h5	3cd84d268a54d7fb15e5b109f4961c51
torus.out0.05487.h5	5261ee08fc38477192d5562582f586bb
torus.out0.05488.h5	b029608919c68d594074613c24e2ae01
torus.out0.05489.h5	8e45ef2d9cacd0badb80d5e4edf3880a
torus.out0.05490.h5	422969a4debf12f9b50fdcae72bd1f24
torus.out0.05491.h5	23dafbff6a84723a07caf21b81cc04ff
torus.out0.05492.h5	f6cbaebaecd7bcb45d247cd41e920084
torus.out0.05493.h5	bdf84bb253ddc774ff8515584126f913
torus.out0.05494.h5	b7c5e0675fd5a4aafda9645b320d7dbe
torus.out0.05495.h5	7359638357f5f8abba0ee29f03274220
torus.out0.05496.h5	c40bdfd09a82e8ab59e78b52c5c6c882
torus.out0.05497.h5	c3140e725b5778b5a23bea303cb38789
torus.out0.05498.h5	06b142f5f1d1b6828e7b8bf3058dbd03
torus.out0.05499.h5	e6690e448a781370d6ec2cddc9fa40b4
torus.out0.05500.h5	ef0b17b5e16cc305a6c48ea74b17daca
torus.out0.05501.h5	9fd5730dff2ebdcb94939b2c2be9d35f
torus.out0.05502.h5	945b3e6e78b05db438ae823e4842f17e
torus.out0.05503.h5	b1940e5ecf58d9d9cfb7591d173a60b8
torus.out0.05504.h5	9028d79dad8313105b3313003875c456
torus.out0.05505.h5	94d9da9fe6c33ff621b0c901fb81a837
torus.out0.05506.h5	268dd17dcf761539b292f99603cf0c64
torus.out0.05507.h5	60e62543bcd4222f62e63ca0c5fc65f2
torus.out0.05508.h5	6758cf0f9904fe3631d4f1be7371e5e9
torus.out0.05509.h5	0abc83561a8156d5b4d58ab93b2991e2
torus.out0.05510.h5	696a00a697fbcca8f360cc31c2e4e76c
torus.out0.05511.h5	2f7e5df8dcb106969bb2c5086416eb43
torus.out0.05512.h5	ade9dab96ea7f4b77a36c4e5e4a860f9
torus.out0.05513.h5	bd2e208b8c009fb7ce6916a924c12480
torus.out0.05514.h5	6e8ee68ab55dc31bfc1b882b1b85b28f
torus.out0.05515.h5	6208129c9df70b4f2de9d5abea54bd74
torus.out0.05516.h5	5bd6fe5dc08648964763196a613db2f5
torus.out0.05517.h5	c6dfea7b286b5bb9c33bd52b15d3508f
torus.out0.05518.h5	e5fa39c944988f5668f8070eab7d8c7d
torus.out0.05519.h5	76d0cc949481cc2f23009ab52be057d2
torus.out0.05520.h5	6c949daacefadcc8cc19a312197c1ab8
torus.out0.05521.h5	378b93d91f8a98973e72a13d3aee7bab
torus.out0.05522.h5	7676714b1481605de61cc50411c7c721
torus.out0.05523.h5	8d772d79b11a73a9242bc2357ff63b17
torus.out0.05524.h5	63e23a3bfcecc54a43d707243dfa5bc8
torus.out0.05525.h5	7ece906a2127070bb3d04dba65b19ffd
torus.out0.05526.h5	1d36d1d39215986b0f2ad67c0e76a679
torus.out0.05527.h5	b0cf0a87bc158f13612156880859a766
torus.out0.05528.h5	c133e92aaf88eccabb05f5c58dbe12ae
torus.out0.05529.h5	28e716e81d147253c9271528915afdc6
torus.out0.05530.h5	d1e002fa21cc7e9d43fe60e4c33b57b6
torus.out0.05531.h5	00eb46155aa7b31c6f38ba4c390a3fa9
torus.out0.05532.h5	10bb76270872a5a4b1413300b602f0a6
torus.out0.05533.h5	a7701bc88249a57e92a2a36692cdc5d9
torus.out0.05534.h5	b8f3c0bc2c6f31e6e75a3f15232ed2b0
torus.out0.05535.h5	e87c0397cab03b6fca9744bb4f0683e6
torus.out0.05536.h5	b6244b89f40dad6db1cc916246de7631
torus.out0.05537.h5	f5f275d28ca7875a2df9cf919a2cdb14
torus.out0.05538.h5	5729b7a70b193f1a2563db07b5048031
torus.out0.05539.h5	2b6957ab5e136fb88fac014f9f054960
torus.out0.05540.h5	a1ac8e64ff0cdc68e402061bad0858b9
torus.out0.05541.h5	0dd20b5d214dfe082c00d45f69923820
torus.out0.05542.h5	cb549654186904d30c7079dd099be4f6
torus.out0.05543.h5	8b779a6c364ed8ff09ea1f82fa1ffc41
torus.out0.05544.h5	80c039e5b3353e2181dd86ce4f133f76
torus.out0.05545.h5	fd98bb3f5ad49ce2fea9c9755c8a90a5
torus.out0.05546.h5	3f63d8d3df9128e9875f36bf85ea15d9
torus.out0.05547.h5	f0aaed4cdc64f962ddc24bb23c25d2bd
torus.out0.05548.h5	2074d3f3f5409a9f2b5baf8ee0f426ff
torus.out0.05549.h5	8d9959562ae0867dcde091fb023fb0d5
torus.out0.05550.h5	84ddd8eabcc9b01b05b01e5d04177158
torus.out0.05551.h5	ae32d173a3479fe778cf2f4bc323d589
torus.out0.05552.h5	ddd03bf0426ba641550a706b173040d3
torus.out0.05553.h5	68fcdf5390708fffd84c5dea476ab40f
torus.out0.05554.h5	9354e8c65786d1ee637dfb91bc564afc
torus.out0.05555.h5	14215bed93a21db964993e4ef5cc667f
torus.out0.05556.h5	fa82c8db36d1c2200b642e0be9710978
torus.out0.05557.h5	0bbf1b800ac976dc5a592e6869f305c1
torus.out0.05558.h5	fa4a47308912383e7a2933817f008e3f
torus.out0.05559.h5	1e7924e99d9e417752e80292d9aa667e
torus.out0.05560.h5	ce2686d6ccb235481f0d9ff3ebcb68e6
torus.out0.05561.h5	7671f3d6dc4fb24933831ca550fec53d
torus.out0.05562.h5	a4ce5015614382fe3f15a8de42d72ac8
torus.out0.05563.h5	f4c4a0ad46a37262704822457b20f165
torus.out0.05564.h5	20ba9e6e097a8cb0e748bc72f0219335
torus.out0.05565.h5	acf963a447ccd58c45c04e3173657f21
torus.out0.05566.h5	7b84cb6af5a38fc2b58571d50bfe998d
torus.out0.05567.h5	f74dccaa3065a8716dd15bb9abebcf68
torus.out0.05568.h5	07c30fa90bbfff877281f42bdd540447
torus.out0.05569.h5	143e60e587662f3ee7f2fc0c4b95da78
torus.out0.05570.h5	db8d2ea138cd7a18f367e7bc003072de
torus.out0.05571.h5	dc55e8bbfbb83c16426dc3e95cddcfa2
torus.out0.05572.h5	fcd189bf25868b6c1d82e817cd240d65
torus.out0.05573.h5	4b9ff364c8666c87d4ab91c5728cffe2
torus.out0.05574.h5	f1d3eec3f427613a05dd113b5fdd8119
torus.out0.05575.h5	d2887101c169d9831d0e03d1938bcbb5
torus.out0.05576.h5	304d2bf228484ceb456e8c627fc6d808
torus.out0.05577.h5	29f21ce2d43e481a5b1b7534427a70fe
torus.out0.05578.h5	3b6a809f4c84c8471ce7124c5782e4c7
torus.out0.05579.h5	1788a2c63964ba503a0ec266b95cdb37
torus.out0.05580.h5	a7446044f199f87fa77d7dbcfae97cf2
torus.out0.05581.h5	1f5e3cc922f9fb521a749180b979ac81
torus.out0.05582.h5	4606261740de79b1d3306249bfdd9144
torus.out0.05583.h5	5c8a36ec1ed7446226bef2961a39ffd2
torus.out0.05584.h5	2ff988d1ec93fd9f96c44f73457584e5
torus.out0.05585.h5	ec6696cd4d90422fcf445b341929554a
torus.out0.05586.h5	8ec66330d4fcbc9c819ab8b3a30c82aa
torus.out0.05587.h5	90ac7cf87dc96f1d9fa133848a670306
torus.out0.05588.h5	6bba3b5af13ac2baf918ac0c0fa0516d
torus.out0.05589.h5	a250d30f24088a35fadfc55f02164fbe
torus.out0.05590.h5	66e865bb9b231db978f771feb53190ff
torus.out0.05591.h5	fb8ed77bd4e81b3588e793fda9a57429
torus.out0.05592.h5	d652ddd112134b8ca101ffea9b909455
torus.out0.05593.h5	de725cec4115eb891b57138827c1bd0a
torus.out0.05594.h5	f5c2ab7b0b35b00ab414bf43d5348f82
torus.out0.05595.h5	c4d30416b9e3d9b167edad048da0369f
torus.out0.05596.h5	bf77b168012d3ac579d07d9602cf3aad
torus.out0.05597.h5	dc44c0b7856db7260998b6ca6fe3faa2
torus.out0.05598.h5	6dfc35aa7e2037a88bba6c9f42959a7d
torus.out0.05599.h5	aa8933b29bbbf224997f2343c764ab09
torus.out0.05600.h5	fac0f274765e3a1e55304e4953e58616
torus.out0.05601.h5	00e2bed2763bb3c00993b2bdd3c5cd09
torus.out0.05602.h5	a88886822c35430ceb90b3b4b8e5e72d
torus.out0.05603.h5	b12aefa99a7ea2be6679096b4eec61e0
torus.out0.05604.h5	5fc823fa99e2be041dc9602afa020ce5
torus.out0.05605.h5	8dbae6eba29631cbf7eb88c02c761b8b
torus.out0.05606.h5	5b1115ff0dfb861a993d3b6fe0da0da2
torus.out0.05607.h5	b6b213c04040367a93819fd264f7c56f
torus.out0.05608.h5	8b26c0802c2632fce076000a1553dffe
torus.out0.05609.h5	c96d9915c11e3cb0beea5db22d1cfd3c
torus.out0.05610.h5	9df75c54bc271a6926e7d012bb0bb57e
torus.out0.05611.h5	8f598392cd4ac111165addd1d3ccd1b8
torus.out0.05612.h5	741b362387aa6d21c8cf3c4f47276801
torus.out0.05613.h5	e95de5ad4830db569addcad2e1d73b16
torus.out0.05614.h5	c33e048673de26a7d23f550d78e6669f
torus.out0.05615.h5	7c52e6555b65d643058fe6e253d86dba
torus.out0.05616.h5	ffe385f6affef24f86dc00202d22231f
torus.out0.05617.h5	0346de1f84f7f3d2a65283f752fd9c6b
torus.out0.05618.h5	22f0aef249cd63c8a3b56e2c140d2789
torus.out0.05619.h5	1e01746990e6883f2d24caece4c71906
torus.out0.05620.h5	5e50587fccecaf5cf34cda75fa76425b
torus.out0.05621.h5	942b148ca5b19660ed334e70da6f7142
torus.out0.05622.h5	630ac840be030d166bf359f628a25cff
torus.out0.05623.h5	0828e57cdf03becf3a52ae68e558d5db
torus.out0.05624.h5	c2124d4f84d5c34c661b08be0942035f
torus.out0.05625.h5	5af574abdd607d13f171510d529792fe
torus.out0.05626.h5	4456065e8c70ac32a584b4746d184696
torus.out0.05627.h5	7505321d998f96dde97acc9a7f7b229a
torus.out0.05628.h5	57ba5ea17ad58fee533ecd2c1063bfc2
torus.out0.05629.h5	747c1d590c9ba2d261e430b72c7a6ab2
torus.out0.05630.h5	7a3ea4b656b109e984ceff5706a4a285
torus.out0.05631.h5	4db2a1e37effbb62c0616a2d711ce684
torus.out0.05632.h5	1461ba0a56b6791d226575ef03b42c1d
torus.out0.05633.h5	f86b7d0b29fbe03dc380b83e95c15e5d
torus.out0.05634.h5	596f334256133dd9e65b8f154c7b842b
torus.out0.05635.h5	04be6e80642b01ac61755411459c305b
torus.out0.05636.h5	285049c1da2d5fa5d3b4b041d28f4bef
torus.out0.05637.h5	138e4a4f1ed574bc348d8e80ce49f3b6
torus.out0.05638.h5	a030fa936274fd9ee2ef96a629e2fbf5
torus.out0.05639.h5	ddbc11a044d4348bf4f09893f9d606ef
torus.out0.05640.h5	f0297d6a1ed548a4c33303a856e4bdd0
torus.out0.05641.h5	cfdfe56e878112f6c3fe1baf7f9f7a01
torus.out0.05642.h5	afc8c9aa1d624a7eb3f628c2f63c3591
torus.out0.05643.h5	3f822f53e1775fac67a9cf94def1c667
torus.out0.05644.h5	e935661fccafeccd81265a5e91d87aab
torus.out0.05645.h5	c652c4530cf075c2e4a5cfaa954aa3f6
torus.out0.05646.h5	72afb1383467023864f4d762acf3c951
torus.out0.05647.h5	2999aff3b3b7001f6cac62b473a3cef9
torus.out0.05648.h5	8e4bc4ec868238e9d8314c1971af4e0d
torus.out0.05649.h5	d54685bafd9820dcb98f8cf8b51645b0
torus.out0.05650.h5	8632ba931b4f693533e92adbb76bb9be
torus.out0.05651.h5	fce19c869aa9da93c41bf0a2477c281e
torus.out0.05652.h5	4507ce487661f23d148ba62b7a75a39c
torus.out0.05653.h5	11295f91e77e221c144975c82231ce4b
torus.out0.05654.h5	48698c2a7bf0028359595609ab04f0b2
torus.out0.05655.h5	730e423b48737067410c2d4759834489
torus.out0.05656.h5	2c46a332ceb0d59d9e6f4d5fe5b82d3b
torus.out0.05657.h5	500ffaba2c8938d6a793693f8385b24e
torus.out0.05658.h5	02d2b99feeb9ec97a1c5bca4da0bf3de
torus.out0.05659.h5	429d1da8dbf8d5496935b9f527170886
torus.out0.05660.h5	b037d6304b672bd52d4461d7d7135abf
torus.out0.05661.h5	76b2b86b1f3293572489411d16f2f733
torus.out0.05662.h5	87cc00a14d058bbf2020279bd8f092b4
torus.out0.05663.h5	9102e11de25dc50a880b2efaa4d627ff
torus.out0.05664.h5	fc12bce0de0490ac37124d8561832923
torus.out0.05665.h5	0a2d59c2dd79dda33acd72dc6a5f0b01
torus.out0.05666.h5	1a9ba8af4df47241afc20d6faba63216
torus.out0.05667.h5	be7d83347546c2101dc8a0cdfd5c9bc8
torus.out0.05668.h5	b285c12166af22a066b12f051f136cab
torus.out0.05669.h5	1c4420f46f760929fe1343b0c442795c
torus.out0.05670.h5	3d58c8012a4b02b68ee163d8c58002c0
torus.out0.05671.h5	6913b571b76592e253e12032a7a76dcd
torus.out0.05672.h5	b0efab314bc568d7e3ba18d747d9ec77
torus.out0.05673.h5	6b030ad037579ca05d353ebc865cb219
torus.out0.05674.h5	27a9bb655614bdcb76355124f9989939
torus.out0.05675.h5	6294d72eec7f51b0318c7c130422e449
torus.out0.05676.h5	943de69b5aafa96ff32d3dfeb211338f
torus.out0.05677.h5	3f581b01189d78f8c83825b9fe357533
torus.out0.05678.h5	09db1ad82e5201643911a1a0d30dde6b
torus.out0.05679.h5	9aac61c13ab9cf19b0b5f8528979828c
torus.out0.05680.h5	014a3c8fe60955e1cb05b2c79d5be804
torus.out0.05681.h5	d3ff9a841afda96eff96a3ea67a90a1c
torus.out0.05682.h5	ce394efa2f2e6c398727409bb4597519
torus.out0.05683.h5	21a89b236fbd48c4dc53fd7574f779bb
torus.out0.05684.h5	f64fe033396b1e44bf75793481db85d0
torus.out0.05685.h5	7375ea74878a330f0b7a7d635c6a5776
torus.out0.05686.h5	97f9cf706621521c1dee9224464f326c
torus.out0.05687.h5	aac92c276fa6d71dd5bd6a3dbeb4b325
torus.out0.05688.h5	2f11e55a0fee757005be850e61fde8cd
torus.out0.05689.h5	4658af6a98f9888e345aa6729bdf10e0
torus.out0.05690.h5	36f7e0f0a79729e2f8884e9cfbd5d726
torus.out0.05691.h5	e875f4c90af843c93e03210307e1e0ed
torus.out0.05692.h5	c58680cc6eba3ecea15835a6da7d2708
torus.out0.05693.h5	e63880b490f46fc2f7c671b55081a6ba
torus.out0.05694.h5	a795a1480e55fdd7428064078ac95520
torus.out0.05695.h5	c5c8d36f5d53a916ce1148a68b747ca9
torus.out0.05696.h5	545699eadeafb6fcc91d736f4af6083f
torus.out0.05697.h5	b32ce6ff421443b6f6d6c192e2a62985
torus.out0.05698.h5	9b32561f39f8dcb41f0b6680961f3617
torus.out0.05699.h5	e0467fcaaae5e124d33accecc18e53ee
torus.out0.05700.h5	7234fa8957fd281f619ce874ffa1a03f
torus.out0.05701.h5	ceb19b96ccdc4c54daedc98c96d0f7dd
torus.out0.05702.h5	90e47993ab281511312973678483aceb
torus.out0.05703.h5	57ffc2e7434e01ea382222ea0f42d2c7
torus.out0.05704.h5	dfe459b5f7e260daf0f4a53a6e6e0f83
torus.out0.05705.h5	71c335dc9b30579b5fb73ff0c4c24a07
torus.out0.05706.h5	3407053cc18554d64630f6716010dde7
torus.out0.05707.h5	eec567811839dffb2bfb6e9fa943fa6c
torus.out0.05708.h5	c6e2b488df93d24c79501f840621d784
torus.out0.05709.h5	668849821091f91f2b7974e23f77e557
torus.out0.05710.h5	9d39571becb46f8819b6d5862fa0c060
torus.out0.05711.h5	e006b444ffcbb12a2bb6ba70551468a4
torus.out0.05712.h5	dbbb5a99797e28f09537f6f1c18650b5
torus.out0.05713.h5	41a68b93f7270386c33cd91c7682142c
torus.out0.05714.h5	add6f277786b658624175d0bcbb7d186
torus.out0.05715.h5	c25964646e8910f80b8f5e40de16fd87
torus.out0.05716.h5	17a3b8a6ca92cd0100ad2753f091c240
torus.out0.05717.h5	9f8e5c3170e1bec1320ff47da150511e
torus.out0.05718.h5	fced98c22104ac619f521cf7049969d8
torus.out0.05719.h5	91ace945ebb90f08a0bb08c81ceb6216
torus.out0.05720.h5	93cccdb3c320eb9df9d63c0506728e5e
torus.out0.05721.h5	87d682a7b6efab4423c3248a4c2a96c4
torus.out0.05722.h5	21202c0041a6050a4f060d2149c56cf8
torus.out0.05723.h5	aea87e62e2e65fd567c85beb4546bd42
torus.out0.05724.h5	c11ad221f53b8159fee2ca6dc15c6e17
torus.out0.05725.h5	5984525382dba1797bac1a453fbd713c
torus.out0.05726.h5	fc80d051e8703d5e7f4be48b93011853
torus.out0.05727.h5	9f6a4d37077c87961c1acfbfee39575e
torus.out0.05728.h5	dafb6725c34b1c3840a3e83f396743d6
torus.out0.05729.h5	7bf1a72ad264b3b641744ed8458b6bb7
torus.out0.05730.h5	e7017eeddc3117fd6339d1d18e8b14df
torus.out0.05731.h5	7aa20945b2321d845424133a2591989d
torus.out0.05732.h5	076b997f31c95c60d665fdf72414cb2e
torus.out0.05733.h5	1b9dc5bbbab77d8510dec2864b939147
torus.out0.05734.h5	f1fc470023b957de3ddf6ec9caba66a0
torus.out0.05735.h5	923c03da8ca734ed00759b8f265630b4
torus.out0.05736.h5	e058d786d5db71aa78d991788f2cc2de
torus.out0.05737.h5	49257fed40807bc129fbd0a99fc83fef
torus.out0.05738.h5	8fce184f0d3b80dbff81823e0a3880c3
torus.out0.05739.h5	bf7808f1e82eeb2071c59863ce8f797e
torus.out0.05740.h5	02b3ddd8a9da5ed399022cca303cba4a
torus.out0.05741.h5	c5c2e0193c22fd2021ffcc41f64668b4
torus.out0.05742.h5	289b4a32c76436830edc98def19f20b8
torus.out0.05743.h5	b51b8cc94777642d4688945fcef5ca88
torus.out0.05744.h5	3ee8f337ac6bcdf4ac2621c43bc74262
torus.out0.05745.h5	3b4c8d81f962ee489bff55e80a9b27de
torus.out0.05746.h5	0a35fdbcba277f36e3ef1be59d3a8a10
torus.out0.05747.h5	7fc2a1e991cc9f583246b3ec2e3c8b8b
torus.out0.05748.h5	0b69f3bcf45f5e44b13e4ecaeda3cc9c
torus.out0.05749.h5	bfe90dd6a01bde54f9828fc651956dbd
torus.out0.05750.h5	bbc80f30d3b777cd35b9a03316828e28
torus.out0.05751.h5	d15bf9815616ea5721fa04e0b4fabb37
torus.out0.05752.h5	a31e1944c5be06481910384961c39e6b
torus.out0.05753.h5	ca60812fe190a6108adff7fd53295fe2
torus.out0.05754.h5	6adc962125b440cbf42a9f313f1c6b27
torus.out0.05755.h5	542f4f476059b287bb455197b10772d6
torus.out0.05756.h5	667b9449ddeb2ee462e56eec4f5d559f
torus.out0.05757.h5	8fc42e3e9a2275593f6cda31f89d0900
torus.out0.05758.h5	e14b729177d1bedcf3f0fd7241523978
torus.out0.05759.h5	cd7e0ae58553d93e17cce0dcbb2e1813
torus.out0.05760.h5	8f7f5d3772ebcf29d50569e10baff496
torus.out0.05761.h5	5b220099cbc7f11064ced226fb6be097
torus.out0.05762.h5	9a6b4823c0bcf2cf4491099fc7fdebd8
torus.out0.05763.h5	a3f142cae1fd15c686af53d46de57f68
torus.out0.05764.h5	7da90f4b8668e8e82719c0195af092ce
torus.out0.05765.h5	de4ac6c65345b50c1c245fe7a45de043
torus.out0.05766.h5	bfb9c092dc0a7c15b3fef83b5a2fac6b
torus.out0.05767.h5	a1f1c1665b589202f84b2996547996d8
torus.out0.05768.h5	1116b8976a6c5bc0b4828a36ade3a585
torus.out0.05769.h5	46d8fd9533b3c28d0484b1ad31668eea
torus.out0.05770.h5	1e08b38d234bdef9b81b822820616648
torus.out0.05771.h5	60011412892cc7d71ae8e0dc0e8249c2
torus.out0.05772.h5	f729b8f34e8f45f1469ef9c0af747fac
torus.out0.05773.h5	95e048815b36cc538e8eb404642895c7
torus.out0.05774.h5	bdbd5fa97483f0b717aeda02042c41fb
torus.out0.05775.h5	d0e2589f87e62be2cef1fefdf932c6f2
torus.out0.05776.h5	dcf9b683103a6b40c621c8cd0acd80ce
torus.out0.05777.h5	c83f8b004c8e2fc8329921c5ed9236a2
torus.out0.05778.h5	78ad1d6cc6385c86d5e79c40a9362e38
torus.out0.05779.h5	38696b078e9edffb17a2e301a3e337b1
torus.out0.05780.h5	392cae3a7988e1d94188656d98fb82f8
torus.out0.05781.h5	6a6a4fa4a494d0e3d49cb3ed6195d5ae
torus.out0.05782.h5	8e178ea133b00d1500f06e6961034491
torus.out0.05783.h5	f6306785b01bc9980bd7d28fe71c383d
torus.out0.05784.h5	4a77f63335e502cbae76b7dceffdb0e6
torus.out0.05785.h5	72859e8181b426bd554d3ef0f9711583
torus.out0.05786.h5	24885a73d8690e60c3b2140bd7930ea1
torus.out0.05787.h5	5681ce7e23972b517d7ec58cac738e2f
torus.out0.05788.h5	2731a3d921c97d6a8ea8a760832a60db
torus.out0.05789.h5	1f150450a967a136384f3c6d6597e554
torus.out0.05790.h5	723f22f572dca314faafe98b3ec68b8d
torus.out0.05791.h5	cdf950a2508d276706a12ed514b438a9
torus.out0.05792.h5	5602b58ed9a9f17dc9e60d3f3eb860b2
torus.out0.05793.h5	0cdc70103ccb97b7c6566cf4e8263e8e
torus.out0.05794.h5	38c64999f28966d3eb7e84a2fcc150e5
torus.out0.05795.h5	71f42d7c527eae14e8102b9d122ddde2
torus.out0.05796.h5	08cfde67c8d1710dc902c63e5a536862
torus.out0.05797.h5	a368e58b88ec9a72cfb54ae78e9f93bb
torus.out0.05798.h5	45c220ac296eddf7767248c011c886e0
torus.out0.05799.h5	c321d52d2e069728bb1373376a479c89
torus.out0.05800.h5	9316180d6446184f95a794fcbedeef86
torus.out0.05801.h5	9ed067b10ade17f26f421d1647422c72
torus.out0.05802.h5	2f406488bf9fd0db7a7e7e7393f56be2
torus.out0.05803.h5	17858dd34690e3ffec62a8b8c1d13b63
torus.out0.05804.h5	51f77f5c8752ec6ea2a451fab2deb3b7
torus.out0.05805.h5	bbba8a3108ff7086a88bc28ee63c8d27
torus.out0.05806.h5	6ab61ee6036dd1eec52a91139a02f0c7
torus.out0.05807.h5	bb4e6b0176f91dec02793803c1de4f9d
torus.out0.05808.h5	ff0aa37c8f11c2113491fb39770c8c17
torus.out0.05809.h5	1682b10baa5722688c95a95cb0877668
torus.out0.05810.h5	e780922ca41cee7527ef40f96ea32154
torus.out0.05811.h5	49f550990ae18e0d239003f0cc1264a5
torus.out0.05812.h5	1db277bffe278bf0164d30925e3666bf
torus.out0.05813.h5	e93a101b4aec1b86afd9de3aa61d2351
torus.out0.05814.h5	444ea167b0a9ab262b53ccbc57138883
torus.out0.05815.h5	5c0c3a3b2f55f3c28366878a9f73e62f
torus.out0.05816.h5	704e8027b40771cad29f5c5b30b74687
torus.out0.05817.h5	75543127cd9f01537a56588021245a7f
torus.out0.05818.h5	c05f847d39d13e10e0828179fe3da87b
torus.out0.05819.h5	3477c0df22a90356088d453844089e14
torus.out0.05820.h5	a9f6667ce81388ad27ed179e5f2e3c64
torus.out0.05821.h5	1b16e2a46e02397182f663be9a958c8e
torus.out0.05822.h5	f6b24d284079fc462f82e6749bf612de
torus.out0.05823.h5	56dcd629061541a0a46069df8d29d735
torus.out0.05824.h5	661edd96cc34653c2f0c44fd6fd08998
torus.out0.05825.h5	3f4868594099e08e33e0bd26c1012d1a
torus.out0.05826.h5	db410451afeb3b56a13ae3a2f53f759b
torus.out0.05827.h5	24ccc0daebae1378732a11e48ed8ebba
torus.out0.05828.h5	120f876f3b7ef41ad6b0fe3297c4852a
torus.out0.05829.h5	95ec52b1146eb983789f970b053d8fef
torus.out0.05830.h5	0c41f4a7566298b0188d2cc75508041d
torus.out0.05831.h5	c2d9ec5521574af5e6569ed57ba697be
torus.out0.05832.h5	45744f1b34266335b10d21d6e9dfddd0
torus.out0.05833.h5	16910c0f12a839bf4ea0656663ce1701
torus.out0.05834.h5	14f8ac24712eb3174bf47a7678561266
torus.out0.05835.h5	0eab755dcbd8296a7f4fa4b6c11676b8
torus.out0.05836.h5	8d7df88773c089663ee7986d9d159eaf
torus.out0.05837.h5	69971c9f48f1f08ade855053d8184940
torus.out0.05838.h5	f576d545fcf6dfb861aa769eac1f81bf
torus.out0.05839.h5	6b78bdefe9b3a537810626695fa6d44f
torus.out0.05840.h5	82db8765a0026f2a8a8f2d47d54faecb
torus.out0.05841.h5	3a90def4fad2c637648e5f88d59f8247
torus.out0.05842.h5	4dcbd6081bcd7de017d8ebb9a23b8c1b
torus.out0.05843.h5	67f47b5d8b8b68e021ddde38d169dd07
torus.out0.05844.h5	f9d1c785d0a80938c86b128751b45175
torus.out0.05845.h5	9cbc626436c5750d3c4a3d3ce76ae177
torus.out0.05846.h5	06fe4a91183c839debc8a0a1d55921e7
torus.out0.05847.h5	3badaee8b87aad4aaba802e03b02c9ef
torus.out0.05848.h5	6d9d6693016691a904bd74b7d23eb535
torus.out0.05849.h5	2d530a678a9df4787929b47091690ab1
torus.out0.05850.h5	4090a574103dffd8c9dea5885743c04d
torus.out0.05851.h5	ac8d4539edd407ccdea0767a3d570837
torus.out0.05852.h5	c9092aa1b56540b23a8ec6894c9e86cf
torus.out0.05853.h5	a8ecb4463e87e6b7f114d0a9d2e748b7
torus.out0.05854.h5	664f6d4ec0330587c8fbe48fa13dcad2
torus.out0.05855.h5	23e43eee59752aa57ee43ff274160bda
torus.out0.05856.h5	081ec3708f2928bfed3e9a271176ae19
torus.out0.05857.h5	cf6bd6a81ce9ae404ac7d4493906b509
torus.out0.05858.h5	4c0a76ba8af09eafd34a291b743d8d1d
torus.out0.05859.h5	6272c455d463e872105719f8c23d869f
torus.out0.05860.h5	ac3e8196fbb5110d32ec38998410f276
torus.out0.05861.h5	69c469602d184630a5ffb018a9fa4810
torus.out0.05862.h5	de23478e47b259dde0400883ba61e2bf
torus.out0.05863.h5	d398e64a9e24108be7614b6bac7326a5
torus.out0.05864.h5	c331f25b457109972978c35d211e3466
torus.out0.05865.h5	e220db5f128a8652a70674ced55831ce
torus.out0.05866.h5	4c540dd485fcbe5d1c1f1363942ce5d1
torus.out0.05867.h5	0644cf5da5aca86d182c09010ceca8e5
torus.out0.05868.h5	ccc8fbed91ce30bf545ac746ed825e5e
torus.out0.05869.h5	6c97b1727bf305c8006c5771e5f61fa8
torus.out0.05870.h5	b98be7385922aa629219dde8a1bf9498
torus.out0.05871.h5	ecebec8fdf99edc6cfe1762727c5d93d
torus.out0.05872.h5	3778ff2982d7d72a4e3dff069a981265
torus.out0.05873.h5	ef55787e99c1edcbc1a1413d856db04e
torus.out0.05874.h5	8cce5ccc42fb8ff5da900da45183c62c
torus.out0.05875.h5	451e655a49776fff7aeb4361fdd8be56
torus.out0.05876.h5	69c70155dbdfc14cf23949aca9b4390c
torus.out0.05877.h5	4155b528cd8f656f0dd106552ca58385
torus.out0.05878.h5	e8943b1e3f1359e8cda3a79ce3366bf4
torus.out0.05879.h5	5230459c2a66aebae4c563de7156f7ee
torus.out0.05880.h5	18f22f95aadd984426213abab406c95d
torus.out0.05881.h5	6a892d1180adcbeeabb998663d37f779
torus.out0.05882.h5	a59ace80e4510ed99d78455ca07fb1df
torus.out0.05883.h5	2a4056c2591bc7c090879d414f5462bf
torus.out0.05884.h5	accbf9de0845c8bd4566a48dc3f34136
torus.out0.05885.h5	58b848add1f91aee6d5f302f80a7203b
torus.out0.05886.h5	2f592d5bb2efcd411e6ac7cd095aaed9
torus.out0.05887.h5	72fa18609aebe063837de79c9fd19d3c
torus.out0.05888.h5	f5fc5a6aa361491415e78b21240e2c73
torus.out0.05889.h5	302a39fcb4ec6fc422e294129428c92c
torus.out0.05890.h5	7aaa662c5364ad8a089e56be4057f10c
torus.out0.05891.h5	b11993e3f8875490f3a2407a53090804
torus.out0.05892.h5	40400377e9eeee7ff9240b483e9d0f0f
torus.out0.05893.h5	1b757a1fb44a8c0227c56f086bc29121
torus.out0.05894.h5	08aa1d8ba9c3712c656b807a1a8fa0eb
torus.out0.05895.h5	65f94ebc54033d8d635bfe13ffb9ed79
torus.out0.05896.h5	83f7d3ad3ca3deeca4b3aa15438e844f
torus.out0.05897.h5	42b705e95a71680da3ec2df134e960aa
torus.out0.05898.h5	0ec3c92b9e5e85e8a84f380322ba747a
torus.out0.05899.h5	f79176650a42a65eea54996a894829d8
torus.out0.05900.h5	4f7178377bf05efdd7cbf1f5ee32fa04
torus.out0.05901.h5	c5ee01de7997d7178f996b5bbdbd09b4
torus.out0.05902.h5	2eadf80fc6f0ed72105c75f8394aecdb
torus.out0.05903.h5	ff40043917b7fba9df1824c1efb536de
torus.out0.05904.h5	682576ea9b32f22e66eefd1ce0f339ef
torus.out0.05905.h5	28e19b93a016c11a2cd22584fa29c2c9
torus.out0.05906.h5	d447a91fb72016b0b759425f9d2e25d0
torus.out0.05907.h5	9acced6b8a8cb2463b1c1d2e1afe175c
torus.out0.05908.h5	31ed707bde376f63a00d7d0938509e28
torus.out0.05909.h5	f6b7183581b72fcf87ffcf7bb69bbf49
torus.out0.05910.h5	080327a124a314687aef629bb120d883
torus.out0.05911.h5	222e3cc415bf4307fc839e23c49143a3
torus.out0.05912.h5	c622f9c87200ed564b88f9db76ef162a
torus.out0.05913.h5	5a0676d29a192b2dc486beefc60f70c7
torus.out0.05914.h5	466fdb49c8088f8bd45f04b07500f72c
torus.out0.05915.h5	78acdfbae85e3e6d216337f24f4daebb
torus.out0.05916.h5	9c994dea126724d3c01a8eb04cd5a940
torus.out0.05917.h5	4b4b9281c03d639294197984f7f9d237
torus.out0.05918.h5	fa71469a9fa7dc2ee2608eea0ef5ccc5
torus.out0.05919.h5	fa06596e9ee8c706072b5c061773e2c4
torus.out0.05920.h5	665468f5eab5427d61ecf53c7b776bd0
torus.out0.05921.h5	e60ce20188a1067541124f4505c84ae0
torus.out0.05922.h5	abe8dff5894585d448c6d1d0c381be7c
torus.out0.05923.h5	10610ec3c0166f8d6a9de989e4eb05e9
torus.out0.05924.h5	0e823c12e0133f8a82b5fd83b87ad265
torus.out0.05925.h5	ff193a52344c5fb92603d3634c3ea9ba
torus.out0.05926.h5	a1391edb6edc089079ee6e176d445681
torus.out0.05927.h5	9b3f8a6d83a40e89001ff6827a9c2dd4
torus.out0.05928.h5	5f548afef8c9716b8d16b684e4173b64
torus.out0.05929.h5	de5f844c4c1c402b1ff6f147968aa4f0
torus.out0.05930.h5	d30e4565b2e2b57db66627b656c1754b
torus.out0.05931.h5	a4e44cb05d038216e7111905dbfd2c60
torus.out0.05932.h5	1ad4cc16dfbfc942016525168e1b3dd9
torus.out0.05933.h5	807caa24ab46e6283e6eb6ea3f821fd0
torus.out0.05934.h5	7df7a833794a93c926988062be6b8c35
torus.out0.05935.h5	f1338d2dac73de766a29093f09be88b6
torus.out0.05936.h5	5f987d176a50a6ead7cf718dcae5cffb
torus.out0.05937.h5	e946403ba34846aec13fb87dc3c148c3
torus.out0.05938.h5	5e41a6b56b7cb62c77aa459109303c6a
torus.out0.05939.h5	de7ffd4ecbbd3f6ebbe8da82fac3c510
torus.out0.05940.h5	631e208a059b9e55d125e448f3ace8db
torus.out0.05941.h5	0ae776426fd33bfa5dd41b1b6e8f116c
torus.out0.05942.h5	e90dfa505827cc2281ce0dd5fce98bd9
torus.out0.05943.h5	a0e99558d7028cfafe1ed54dcdb16ff3
torus.out0.05944.h5	c39ef7ef7dd458b354e55399a7b33600
torus.out0.05945.h5	9aee7587c2337121c22fbe7ada9982ba
torus.out0.05946.h5	b164c6919e96dfa5c6ac4a4af8b44170
torus.out0.05947.h5	02508d1d266fdb6ac14b39d6d5d3b714
torus.out0.05948.h5	643dcbba76b21dd85e8b65e77bfbcc62
torus.out0.05949.h5	3eec26a38ece9798b80c4b816a2b57b4
torus.out0.05950.h5	89c8e44477f90ba36daa4b3369a28b29
torus.out0.05951.h5	9e7e19f7b16e80c00b618fee01327436
torus.out0.05952.h5	fd769b35002c8c65551632fa0fa657eb
torus.out0.05953.h5	76c18ee590cc4114092d049c2fb6e942
torus.out0.05954.h5	e5254eabde57a58ceb42fb0e8b10d25d
torus.out0.05955.h5	33a0d8601786e40ae49e4a39dab18025
torus.out0.05956.h5	290b04795e81c6ee262ba7e675eb0b9a
torus.out0.05957.h5	258499e22329017a447c7bbcc8873809
torus.out0.05958.h5	4cb25aa584a9bd31496a3e6d59a48ab3
torus.out0.05959.h5	0ca0cc20bbda5a5609fd639489759b56
torus.out0.05960.h5	1440d94c2f7ff892874289365ae2191b
torus.out0.05961.h5	19bbf9de09659ebcad483594f9f5d6af
torus.out0.05962.h5	46ce75345cda2bab20597519dcba8529
torus.out0.05963.h5	5349d7d13fc8a8f22571f53c3ccd86df
torus.out0.05964.h5	01b23840810372763aba1b2c940ab1ab
torus.out0.05965.h5	31c9877d0d598205fa513387d9524ce0
torus.out0.05966.h5	e995745fc12e183d0abc8e4980c70c31
torus.out0.05967.h5	a985e2ab132d7ae07315f9e113f7e556
torus.out0.05968.h5	ba826774c9d69163ba63bc9d31c67cf6
torus.out0.05969.h5	475e449c47fd962ca682c31a20571cbe
torus.out0.05970.h5	767e2473173382d203d18c74077a2251
torus.out0.05971.h5	b1d721a9d0b7434b205f771f40373fa6
torus.out0.05972.h5	36e47b1588211cd0beef9e6d32399343
torus.out0.05973.h5	51857ee85600e2092560a250713a8eca
torus.out0.05974.h5	cd5526482d3ad65302e0b55398a56324
torus.out0.05975.h5	8a2b2a54517fdd0ecaaf5c8e101fd383
torus.out0.05976.h5	9b224ef629bf3b4155f9fd84eb2cf9bd
torus.out0.05977.h5	3e03e21e8c1ad5953433aa3eab3425c8
torus.out0.05978.h5	2be3e6b1c6298ffb57d17a9895f3f21c
torus.out0.05979.h5	aa11c5ba172c88e2ef11ac032c5b4af5
torus.out0.05980.h5	6627e264bbc59643c85cc02fc224b36a
torus.out0.05981.h5	07660f82023bfe43d51cb3c922020e80
torus.out0.05982.h5	ad06e1cd4b3913591a846c623a7e05d4
torus.out0.05983.h5	00537598ce405888fc84dbf0ea64a926
torus.out0.05984.h5	62aec2e155eb1a80d69d0351964b0869
torus.out0.05985.h5	03a2be9572b69fd1553016fcd513ada8
torus.out0.05986.h5	f9c95c50d90de22144df6489350dda88
torus.out0.05987.h5	f34638f2d43e51470fe7f9679599ae84
torus.out0.05988.h5	0fc6cd2d7680503d03ac81e74c349f3e
torus.out0.05989.h5	08ec64b7f6e0d27b190efe86874731be
torus.out0.05990.h5	9ccfdb66c6bcf3a38dbf4073c3c13096
torus.out0.05991.h5	e4ff8ed34b0514ecd195ea31f476a9b0
torus.out0.05992.h5	bf0165ce1dad42be79d1c9651c4dac24
torus.out0.05993.h5	87580d213dfcdd65f088f8593a07fa8c
torus.out0.05994.h5	aa2b2d9b2182d78f379ef19c6a029c3c
torus.out0.05995.h5	08a95f6ff209814321c7f7289d5bc385
torus.out0.05996.h5	1de032d8159bdee710e2d586b2fe79bb
torus.out0.05997.h5	0723b92a6a8d150f6f2b777224343007
torus.out0.05998.h5	8e7edda0e297f2b6654a413e42699a78
torus.out0.05999.h5	dc3631a96d9882768ca6eaed8a319fb1
