torus.out0.04000.h5	3565d17306e956978d7174b07c7e0590
torus.out0.04001.h5	ca1c8d782bccf4e52727a30397c96ccc
torus.out0.04002.h5	ce4f30edc36a90fccb6b77908b0f424f
torus.out0.04003.h5	51238cd0e1812f6981aee7b41d95f2f7
torus.out0.04004.h5	53d6e9967f29d36ad2bc52613087cb1e
torus.out0.04005.h5	821bddf2ff6b967595a4979f1736be81
torus.out0.04006.h5	4d4c9da0208dee7bbfe74049f1b98eba
torus.out0.04007.h5	d594edf57a6fb785716663468941ad7e
torus.out0.04008.h5	e2fb924ab52debec3ea89909f1171af8
torus.out0.04009.h5	0bbef88350e1ea1487613c252018a711
torus.out0.04010.h5	02ae1274039a186b7798259bb6b55437
torus.out0.04011.h5	7f283e457a6d15ca5ef3b5f03e62ba4b
torus.out0.04012.h5	87443d9ca43b9fbbd92f97cb75be310b
torus.out0.04013.h5	ceabf497131d55d445049f8c31675102
torus.out0.04014.h5	48eb7e8faa2dd056106ed27e2303961e
torus.out0.04015.h5	d362c42687e38d1531a99ca73ed75ba9
torus.out0.04016.h5	eaa75f36c2cb9a4c3ae114340d39d991
torus.out0.04017.h5	ce116f40c753c2d580e127962d885f92
torus.out0.04018.h5	af304be342193f22a3915d8ae160f11b
torus.out0.04019.h5	17e869ba775e3edd2430e8f9a584f7d6
torus.out0.04020.h5	37371694b29a0f15a4f470c1651791cd
torus.out0.04021.h5	3bc3abfbcf8650ceedb9e126d4a8d262
torus.out0.04022.h5	f7de46473bd66fec48c94a5ca399493d
torus.out0.04023.h5	1de7f3a22daf1af27e6f970e8f6f9a6f
torus.out0.04024.h5	32414cd29c7963fb499ebfd76b8b636e
torus.out0.04025.h5	efe31bfd56158f3118b3bc4efe80f706
torus.out0.04026.h5	46c28c8ec16a1ce8dba44c1d942c1f49
torus.out0.04027.h5	01c51f3d98e9910537edf28895ea8c56
torus.out0.04028.h5	cd4f60f87b2c5028238b62d4acf2906a
torus.out0.04029.h5	cd4f1d929e65a69ca239b03d263dcd96
torus.out0.04030.h5	591cb0f787269c5c3fdf7cf844cd4df8
torus.out0.04031.h5	f9539411f72810ff48f84ba3cf1caf96
torus.out0.04032.h5	5e92c20b0be2b51a2d5de8ae8797e97f
torus.out0.04033.h5	bce12b2e39d15b3f679457ab4edf63c3
torus.out0.04034.h5	f7946cd25d3a5649ae49cdc8361adf1b
torus.out0.04035.h5	980a3996e7d3918ced2203ace7e043c0
torus.out0.04036.h5	58c077fd633c50fde125df4bdf217567
torus.out0.04037.h5	6ce3ba8011190c8233b4ab1ce5dacbd3
torus.out0.04038.h5	5e246ef7eefbcb6781dae298c83d2379
torus.out0.04039.h5	40c033d2438e84cab9a31b232718cd40
torus.out0.04040.h5	16f62624dfcbf6ca73fbcb515e013ca0
torus.out0.04041.h5	1758692389cf55795db640302351aead
torus.out0.04042.h5	bb2895d3bda4c127ff8b9588c07929e5
torus.out0.04043.h5	3e4507629622521d115d4c38c4df0ada
torus.out0.04044.h5	50e330d4c3a87ac36c4bc460e3af0e0e
torus.out0.04045.h5	01ceb67d1719f5ddaa5cefb6a423663f
torus.out0.04046.h5	81a2aeb407722701622103615eff83b5
torus.out0.04047.h5	01e1ff4bfd16b48ca4a732338b8b7fc3
torus.out0.04048.h5	8e0fe49f42b6aac5cfa58e8a5273ff7d
torus.out0.04049.h5	e2d6d95aa91a8b4512d32edf8f694a9a
torus.out0.04050.h5	436b7e9180a2f0e33ae70afc4e6f4f4b
torus.out0.04051.h5	712ef16179933bcf1cd9d183dddc5c46
torus.out0.04052.h5	87ed98d3eb9a71727e28250937e95e6e
torus.out0.04053.h5	a59e47ee70792b84620851d63d0a089a
torus.out0.04054.h5	731ad058ef46f3f365692a9ddd0f56bb
torus.out0.04055.h5	d2b25ead801965b7fcda65c0a0441cbf
torus.out0.04056.h5	663a1961631282a58c35f04669e0526f
torus.out0.04057.h5	c3b5a16def4f61ac4faf2c133599693d
torus.out0.04058.h5	95b7b6acaa043357820023a0b0ac8310
torus.out0.04059.h5	74eebf99a664604f309364a135dda03b
torus.out0.04060.h5	210ee93683c5ad95c907fb0ca6850229
torus.out0.04061.h5	765f2c598f5d33ac9d14f852943d5a05
torus.out0.04062.h5	a47cdda46818f38aa23026525190263e
torus.out0.04063.h5	571023eb28767e409f92dc3d55835663
torus.out0.04064.h5	243766f58e34407df15bde3457129e3b
torus.out0.04065.h5	6e6595913fff63e53e2f8ba26b57fef7
torus.out0.04066.h5	d4631c653a7caad81824519a7cb8d57e
torus.out0.04067.h5	009ab5c798fb51e682fd927719efd202
torus.out0.04068.h5	36a0094a19062b8c0da59d034336dca3
torus.out0.04069.h5	fe64d9ea95a0d44ceda21d29884644a6
torus.out0.04070.h5	791f5bc8263ab2e0b2c75ce180f0e3fc
torus.out0.04071.h5	433cfc218e7d9acbbd299e526f24a8a7
torus.out0.04072.h5	ae23096acd7480970856f7a1fa58ad93
torus.out0.04073.h5	9976b3202d2e73a1e4fb68baf5c2012d
torus.out0.04074.h5	44948e756bc31a99c797c1f7b16169de
torus.out0.04075.h5	584aee2937182339530a20c1b16ddcf9
torus.out0.04076.h5	7359c1c6dba1044125561254deb18c06
torus.out0.04077.h5	78d91e13d39bfdc41ecabc820e710aa4
torus.out0.04078.h5	4b637df69aa2fd0f56964aacff1aff55
torus.out0.04079.h5	2703ace96f83c644f388b5bd467f842a
torus.out0.04080.h5	a99030bbc74aecbbec7b9ca7524a94e3
torus.out0.04081.h5	505dbb23818ce8ffa7287da1ccd55541
torus.out0.04082.h5	8a0c11fecff0aeeccd852b20c387f0da
torus.out0.04083.h5	817c9bc59faaf9d6820e4ed0daee3e79
torus.out0.04084.h5	d2c765a26fe339844a70297990264268
torus.out0.04085.h5	513ffd986d232127fda313901404dc40
torus.out0.04086.h5	b4141c7bed42cc265abe33b1b2208c1e
torus.out0.04087.h5	dc621c11ab335709612235c3a91eff34
torus.out0.04088.h5	aa5beaaa3895a619cd4d571003bc1d03
torus.out0.04089.h5	1fb8cfe471a7b1df14b3513ec5dfe695
torus.out0.04090.h5	d26c22ad28569c4d90a8835b42977d1e
torus.out0.04091.h5	601bd338b521e3569e500ffa4099c732
torus.out0.04092.h5	ceb84a4d7168b67a3e70d3af3bebc257
torus.out0.04093.h5	e05bb3539baca8ef43e555ed0d3763f5
torus.out0.04094.h5	ad0a94de8b4822c95d46942995673cc5
torus.out0.04095.h5	9101088af27f1f42f97ffc678697b8e1
torus.out0.04096.h5	652b62d9bcc1448dc56a01fa36d5d7d1
torus.out0.04097.h5	87f72f58878bfd4d4ab1aba53493bcdc
torus.out0.04098.h5	df24494842a39205ffa5072ad7a8295b
torus.out0.04099.h5	5e82198c1bfdb334ffb13b6b334889fa
torus.out0.04100.h5	099cad9cd296f8d5f81b724811fb028e
torus.out0.04101.h5	0c62abad2c6a31981328798d75f4fda5
torus.out0.04102.h5	683b2c9a47b83f1795a8a1823b2c5f99
torus.out0.04103.h5	e39af6f8c92c0ca5506d37bb1d56eca3
torus.out0.04104.h5	9bd34b96d1c1bac1f925e2d762e5f2d5
torus.out0.04105.h5	8ea1d554097e8074d0b147b1e86ec1b8
torus.out0.04106.h5	60992700a65877c93640d20c1856c5ec
torus.out0.04107.h5	cdf0948d177562bb0724a5e8fc729132
torus.out0.04108.h5	52cda9dac812667e737e3287f142d6a0
torus.out0.04109.h5	d61cf187a5611f7b88d381f7b2269f55
torus.out0.04110.h5	73f3eb9542125cbb7e7301563be63754
torus.out0.04111.h5	340e86d20436524c8fee6cf77b5ad8d9
torus.out0.04112.h5	3ea688c86a54a0a5bd2d96c4f31e062c
torus.out0.04113.h5	e136997c9079445785653909cb30f0f0
torus.out0.04114.h5	08dd6dafc78f7af2716afe3364e4eb3c
torus.out0.04115.h5	8299afe48351eefe114ef4b9a6105fb8
torus.out0.04116.h5	2a834bb299ba6aa134c9d67d44052ae2
torus.out0.04117.h5	b1507095b2f1bb6607bd5d5fcaab8b42
torus.out0.04118.h5	9ec79b6a59c5ef2d0841772da3040e1a
torus.out0.04119.h5	c92724754287d1f8e91b947ce534191f
torus.out0.04120.h5	18f1884945b642a0d8191a0baa6102ed
torus.out0.04121.h5	10cd71518102a28ae7a32085e5e4f224
torus.out0.04122.h5	cea1c594338a9860a10020a6ef4de817
torus.out0.04123.h5	84e59ab64261f9a252cc7987b6267643
torus.out0.04124.h5	ad7462dc9f322c68ef30e537e9e1e2f0
torus.out0.04125.h5	a4d3017440f88fb6db4e94e2838bd5ce
torus.out0.04126.h5	a0c6151a3e390cf3d2aed420cfb28506
torus.out0.04127.h5	59466ca9bb3abad19db8fbc4dcb75a9f
torus.out0.04128.h5	431e6e958cdb47e92cc1dd4e98cbe3e5
torus.out0.04129.h5	a59d660ebabe1ba8670d3357c2461540
torus.out0.04130.h5	66b1e19adcbc853c0baed43a26499139
torus.out0.04131.h5	a21d07d04563c553684750c8ad4e1194
torus.out0.04132.h5	3eebbf2dac32c4a12ffce9656e7d17d9
torus.out0.04133.h5	2bbaf0273ac19cf41048aed4a0603fd7
torus.out0.04134.h5	7e9aa6197adc41f4c31275caefa0b25c
torus.out0.04135.h5	8774565f7f334cb201b2e8269315e0db
torus.out0.04136.h5	dce65f71ccc2cec1de4e474fc1017bf6
torus.out0.04137.h5	83d646cef878dbfb7221b080561c88f9
torus.out0.04138.h5	f421e71274c09733c43c1713d0b960ae
torus.out0.04139.h5	55ab03f5b031a928c63f65c92456a2e1
torus.out0.04140.h5	7d64a0c540f7858bdd4e12111aea7928
torus.out0.04141.h5	4b946f8a4372a1ec63d74e441603c889
torus.out0.04142.h5	197d5dd11fe8ad9c826e79ab5b76adab
torus.out0.04143.h5	8773bcc1bc3544dffb7ac23608b4214e
torus.out0.04144.h5	0960da39bc7d8a3dc136ecff538449fc
torus.out0.04145.h5	20fcd6ad93e83ec469f9d22a8057aeba
torus.out0.04146.h5	5e4488d9748199c42db0964093748862
torus.out0.04147.h5	59c74e84377bec7487ed06c47049eaea
torus.out0.04148.h5	4ec9c252de39d4f68332e122a698d550
torus.out0.04149.h5	5a698a22d51dd41c2575b81652aa4047
torus.out0.04150.h5	08a15afdd1960ea1c7e19dcc4d50294e
torus.out0.04151.h5	b496021937228c4baa797c493f768984
torus.out0.04152.h5	ad59041ca84548aa6c17f06c9c23dd2b
torus.out0.04153.h5	75a1c8c39ef7fd6eeddfbcbc12447554
torus.out0.04154.h5	bb72f0e09ff5279234a9a105771aad3f
torus.out0.04155.h5	3cdfa1b7a887412b179dd736bbb02fdf
torus.out0.04156.h5	e43c8a76a05451d7379905316f6f6d70
torus.out0.04157.h5	6b8ef740e648cb197d368ddeef3bde9b
torus.out0.04158.h5	afbfa2e9bee3ee72091d1da1e0a8beb9
torus.out0.04159.h5	5b283250424b28b80eced62f4d0dedb0
torus.out0.04160.h5	22e7ffcf28fea9aa90e4eaef9b5a7f37
torus.out0.04161.h5	baa4bad31cc32de22884cd9be7ca6a70
torus.out0.04162.h5	46ca30dbc5e297ea59f8e9f15ee0b09e
torus.out0.04163.h5	5bd627f587bfaef5e0cabe619649c209
torus.out0.04164.h5	661cff9948580d693a425f4700af25f8
torus.out0.04165.h5	83cd36bc4af7b94774dde789629cfcc0
torus.out0.04166.h5	0b32af0b3a887f273dd336134c4ba404
torus.out0.04167.h5	9d58cf802dbf92823f512dfc744dd30d
torus.out0.04168.h5	a04e542e4de62481f1eba2394addb781
torus.out0.04169.h5	86b7a154d0baf8c3fa4068e01ff0fd42
torus.out0.04170.h5	2cf05f2b685a5a416e2f7daf61eeb026
torus.out0.04171.h5	a37ac07879422d5ee69139495aab0db6
torus.out0.04172.h5	4bd600e7227b9d76da1a92a646c95b0a
torus.out0.04173.h5	a055df288bd0a8f3d66e89e78b77e612
torus.out0.04174.h5	00f971bc7e0845c6660a80e565bebde4
torus.out0.04175.h5	19ad8f358cefd3ea61c1fbec28d351a2
torus.out0.04176.h5	3798e0435eee52f7b09c993153656364
torus.out0.04177.h5	0e019808570e7e76b935e0b74dd0cdfa
torus.out0.04178.h5	5030e2af98a9e04ad29afb0516f58e3e
torus.out0.04179.h5	dd3561e44860de9e757528e8a55a6f46
torus.out0.04180.h5	b7644bfcebab286c579be60b4f0337c3
torus.out0.04181.h5	1de1a74f88401a2720b4c037b899d155
torus.out0.04182.h5	2e4905a5a6a9c13cdb91ab2ede1693fd
torus.out0.04183.h5	7b9c04f87d5ced4bd0f7130698cd1c99
torus.out0.04184.h5	0f8ec1c1501fd1c7a4f6e864f02de5c4
torus.out0.04185.h5	c2bf7e866cab2ed2e40dc4734be24c0a
torus.out0.04186.h5	9d8fcffd92a3aef0d193efef225f181c
torus.out0.04187.h5	67d4d772da89fda98ab6db7540385990
torus.out0.04188.h5	2896f41ff29882a941314a75db86153b
torus.out0.04189.h5	676ce6bb2d08f68e0f74954e4dc8bd1d
torus.out0.04190.h5	bcb7cad721a1856316bfa2adc17a0204
torus.out0.04191.h5	630ce0bb5bb2f6b1bc7d811c3d9d3376
torus.out0.04192.h5	35898a8290888efc0ee1a352be9b5f12
torus.out0.04193.h5	b13bfb0b3799c04fd755f50a7d741013
torus.out0.04194.h5	e503f43b5bff0885ef2c2397ffc6202f
torus.out0.04195.h5	c9e5c85096a82dc729fc5997eaa9b938
torus.out0.04196.h5	dbcd64b6d7e469f86f84a95132959c63
torus.out0.04197.h5	b597866b33fe3615ae1d084f11f06190
torus.out0.04198.h5	f4371bbbde0251cd3e8623a812121aae
torus.out0.04199.h5	2330967ae36f16660fb0595471bda40a
torus.out0.04200.h5	be74900746e598550bc56735f1e4467d
torus.out0.04201.h5	b6037b6dfdf4cf9b5397fea163168b68
torus.out0.04202.h5	8fe175e3fbc8f0fbb5a67c3b5004057d
torus.out0.04203.h5	0823a7cbf64b235f381feed588f8a1bc
torus.out0.04204.h5	c7c1b5db13fb9769a5df7e412a634e47
torus.out0.04205.h5	b86a025606dcac1f28a5e06243fa96a7
torus.out0.04206.h5	430a35d9c8dc7f627cb0214515d232ad
torus.out0.04207.h5	4fa6a746c3e20d59d6cbeae6e4674d8d
torus.out0.04208.h5	dd1e8c920296efaf0b3cfad7bf0fb427
torus.out0.04209.h5	177c10bff93f8a0fe70b663978e6af3d
torus.out0.04210.h5	acb878b5cf54ce0b9f503a08a01fc4fc
torus.out0.04211.h5	340accf5df72b835a3ea39027d209f3a
torus.out0.04212.h5	edab39143a9d4bbae242d8089f045cc8
torus.out0.04213.h5	393e35afac863e18be940abcd836625d
torus.out0.04214.h5	9c9c88e3bb2ef74ca0730a8e917802f4
torus.out0.04215.h5	67106ec42f0d9113cf173d732319cbe1
torus.out0.04216.h5	60485ace855dd7becc48b0aaf70dfbb7
torus.out0.04217.h5	32f2b97613167ce20311b848dc31a829
torus.out0.04218.h5	d02aa19c0de2d5cf269bdf095cdf7afa
torus.out0.04219.h5	fe58aa6a1b9afb933de2d88b28e2651c
torus.out0.04220.h5	2f9f4073261dbceb3a26ed1d43f4a63d
torus.out0.04221.h5	105e0f294321c91740800fa240d69399
torus.out0.04222.h5	864bbb622fa3060922c788218138df5e
torus.out0.04223.h5	5593a030b972a84c9779b2f1804d1e70
torus.out0.04224.h5	2085a9daaa45d5ef22d102eb06c51afb
torus.out0.04225.h5	e2d5948896a0b11a42716b030c8a66f8
torus.out0.04226.h5	34c287b66ff9b4306350392214f83026
torus.out0.04227.h5	796bb8f67f353691f7087c07bf1bff33
torus.out0.04228.h5	f30322e23c5ecfab03dbcf07810a9a56
torus.out0.04229.h5	39630d366ccc146e91f9d3f3bbc62686
torus.out0.04230.h5	14f0c6f60e91208f6ad0997dd37a01ec
torus.out0.04231.h5	0aaa24dcf5aa30a292b053c82b25325a
torus.out0.04232.h5	a70ab21ae4d1a572433c063c13d57904
torus.out0.04233.h5	ea76fc24b6018f67a0e64ded16f3464b
torus.out0.04234.h5	6ee007e36b042c7f8e9ab38923f637ba
torus.out0.04235.h5	3922507143b7cb983422f88478f23448
torus.out0.04236.h5	654f6734903c48bcc9203df7e7cd40c9
torus.out0.04237.h5	3ca35cd792e1310ab3a192c30278c3b3
torus.out0.04238.h5	0cb3ccdf6f9e927ade6f9ac85419861c
torus.out0.04239.h5	285db461518244947963616e987d6579
torus.out0.04240.h5	43237d99f254073540b35314cd2d8040
torus.out0.04241.h5	0d1c6e8bec4a3642a36b32bdd6035b02
torus.out0.04242.h5	35bbf1d753fdcc2c2a5688e4cb24a0a0
torus.out0.04243.h5	ac604990439e18bbcd8fa28826e92528
torus.out0.04244.h5	e81859b4b7709866bf0e9be61fc345e3
torus.out0.04245.h5	845cb01da86ef7bad3b3a519984a4e97
torus.out0.04246.h5	dd36974b9ff998b021ef069454cf1eee
torus.out0.04247.h5	fd91ce4a995b4a1f5a0cadd63f154f64
torus.out0.04248.h5	c54bc1a54c8987a05d70caddf6a013f0
torus.out0.04249.h5	47e766bd35eb4d99e9f2fedaf4832b61
torus.out0.04250.h5	9be987d472516567a2a96549bc7f86fa
torus.out0.04251.h5	0da110a0f49cddf5cb7d8dc617ebbb56
torus.out0.04252.h5	8a32386366e8341b49e60cb1e1685bd8
torus.out0.04253.h5	2af4fa9513ce0fd77ee075e8713c1b1b
torus.out0.04254.h5	4719b150c827f4cf7427b704c5650957
torus.out0.04255.h5	6bbe063a0170e647b4e83c9f3c28c8bc
torus.out0.04256.h5	706a4ce20c658cc02b69c2d3f01f2441
torus.out0.04257.h5	57f9bccf457d552eec0dba23e0be5a0f
torus.out0.04258.h5	4d865b628ed06cbf7544ebd3105cf819
torus.out0.04259.h5	8c8a0dcdf1d1ac381d2a5bfcff390f08
torus.out0.04260.h5	e7fa927085dbe9c5fb68442a69293e38
torus.out0.04261.h5	a0ac3bffbbecd25ea0d2de97c0094046
torus.out0.04262.h5	fce23f7f6486610f82f1d3a1712b87b0
torus.out0.04263.h5	cc2654bcf092dc19945a93e8a04d058d
torus.out0.04264.h5	a15bd8ba7e89fde1701b779cf74bdb2b
torus.out0.04265.h5	bdaa500551368b9ad6dbacdf9a2e6ea4
torus.out0.04266.h5	b9da1b92ccefc142a1e109ec5b2bc7b5
torus.out0.04267.h5	7eb9f44acdfdf3654dbd77cfcdd7dd44
torus.out0.04268.h5	96663e87df5c616a206200eb913309cd
torus.out0.04269.h5	6a71525043e636c5b908cd4d1e126fbe
torus.out0.04270.h5	41730c75f58b1907702f639d389fc686
torus.out0.04271.h5	51c2708aa1a5e2504b91d45467a4fc02
torus.out0.04272.h5	b275a381f9bbdd56960d72e47c8e5595
torus.out0.04273.h5	44b114e9f250c85b0b5da4c2d3ec1aad
torus.out0.04274.h5	2a5740cd80f42ff8a430e76401dd32c9
torus.out0.04275.h5	082084c7a56b4bc9c11b1e40f17d15f0
torus.out0.04276.h5	8ce35e2c6c81db220ee749f4e760da20
torus.out0.04277.h5	2919233cc3475abd86cb8f450ae1d387
torus.out0.04278.h5	b8884991e285cc958ccaf4d00a9b57d0
torus.out0.04279.h5	25938c9a2b79e2cd70708b0dc27913b0
torus.out0.04280.h5	accd0742dadcce41eca79300dfed1c29
torus.out0.04281.h5	038a4740dee33963908bf2dbf9474222
torus.out0.04282.h5	aa5dfb9aa0090bd8fb6402970180a432
torus.out0.04283.h5	00b08ee63c08df0a7966ccac76266d97
torus.out0.04284.h5	0077f29e67f65f1f9578b4c36318f602
torus.out0.04285.h5	d959a6e9b47acac1bfe568a5f9c1b1ed
torus.out0.04286.h5	cc96fae8471803252b04a34365413c86
torus.out0.04287.h5	ff31af0b54f27ff00f89da0f9d03c954
torus.out0.04288.h5	edaad5f15c5c6f3495ca6dcb080d52aa
torus.out0.04289.h5	89777f0c2bc9a02603ca17f92b819c25
torus.out0.04290.h5	3283efcd7737eb1b5b2c1569c29d11ff
torus.out0.04291.h5	651dd921c4d317833f70c319007a5a0d
torus.out0.04292.h5	5d95a7773dbbfe37f2000d239935c9dd
torus.out0.04293.h5	e275a5ec39da34c22cfd55e433551b4d
torus.out0.04294.h5	b3f90c5780a12e31129127645878002a
torus.out0.04295.h5	719f5c7eabbb05d6a3d85d912de9a6b0
torus.out0.04296.h5	a6c3157556b928faa71aeb0c0543116a
torus.out0.04297.h5	7649095271d889791ed5f44ec64baccb
torus.out0.04298.h5	53637f1eeb268125bfd1e099f02c0f5b
torus.out0.04299.h5	bdf691074d28cd0cfb635dbabb55b812
torus.out0.04300.h5	e04920eb75f0ba0721e2816e3219bbd6
torus.out0.04301.h5	001625af986f54172a355c83510c587f
torus.out0.04302.h5	d4f3e5e4aeb06714b0ebf19aee568e80
torus.out0.04303.h5	5927e13d0e244f8ec7452c5885c7e188
torus.out0.04304.h5	5b903017a23fb581c4e123fffd335235
torus.out0.04305.h5	e045ee4427910ccdff9f380fcb48c792
torus.out0.04306.h5	c45348ad233398dd695f140af9dc8aa7
torus.out0.04307.h5	c961241e8e9f68aa1736c0055e32eeb5
torus.out0.04308.h5	a969d5ffde36b552b5a9e81d2f56f407
torus.out0.04309.h5	cf0aa0595d6954fcc4573f58554647bf
torus.out0.04310.h5	3667a9efd4ec9366bcb3d454fbb965e4
torus.out0.04311.h5	76a4fd2a3e55218996e6b77e8c37a29e
torus.out0.04312.h5	3ac3e58b63920fbeefc1ac7297674bfe
torus.out0.04313.h5	f2c94290f8ec308d2b931b5c04cc23f6
torus.out0.04314.h5	15ecf313145c5e9d53d1a747f6fff19b
torus.out0.04315.h5	a1381b297eeb5f2b7ec54cc18caa967b
torus.out0.04316.h5	795160cbf50349f8fa8dadc43f6cc656
torus.out0.04317.h5	33522550bdb2dfa13a3dba03733298fb
torus.out0.04318.h5	bdf77b4ca0e174ce8203f68e3706700e
torus.out0.04319.h5	79eac0295fef76fc2c30479ffb884311
torus.out0.04320.h5	bf0613c3473647e6e654c706a166162b
torus.out0.04321.h5	042f10a495790ec589d1ef32ba7ca3e2
torus.out0.04322.h5	e9274b054e7cfc5e495f27822bf54cad
torus.out0.04323.h5	59cb2e8a07c67c87965cd47548b1eb26
torus.out0.04324.h5	2b9f281e723f90a2c0b7d1655a755a27
torus.out0.04325.h5	117b09753d4f6bfa55445790aff5effd
torus.out0.04326.h5	277fe46e661ee1c420f0b123dd59d6d2
torus.out0.04327.h5	749e6d001dcc211b186ee7017e0ba79b
torus.out0.04328.h5	ddfe8cf87fafea961ba39d8459b42cb7
torus.out0.04329.h5	5c688cc1b2e36bee6dff591491db545f
torus.out0.04330.h5	286e5c6d5e5e367d35e41a604fa7acb2
torus.out0.04331.h5	3d05dd51ba77bee55504318a355d91ce
torus.out0.04332.h5	661c053f6daa54af5ad72abce081a830
torus.out0.04333.h5	5e7ca250086add36896b3e3d59ef9a9a
torus.out0.04334.h5	d9a0a675fae2f0f655dd68c8f1759e5b
torus.out0.04335.h5	34aff0e87819394e63eabca7a7949a5c
torus.out0.04336.h5	bb8be886d0db3b0f26d2be16347f9b6d
torus.out0.04337.h5	32b213077820288c929222f53fa78db2
torus.out0.04338.h5	fa935ee73c7e59fbf5e1d780f8e7ca62
torus.out0.04339.h5	ffb810330a8975ac126c2d22a221e3ea
torus.out0.04340.h5	d864276466b615d76c64b25085530a62
torus.out0.04341.h5	52a2a85009f29868150c6a29afb3c48d
torus.out0.04342.h5	e49310970bf2268ee7b182e52837da02
torus.out0.04343.h5	5778cf8fb6ce67ffb6639b45b0fc76c2
torus.out0.04344.h5	b17d862195af5311fa0e169fb43c4076
torus.out0.04345.h5	31053a3732c1f21f03679624d9d38d65
torus.out0.04346.h5	02c53d54be98c57b3371de3bbcaa06eb
torus.out0.04347.h5	99aafe00095954ec030d29c965035ddb
torus.out0.04348.h5	c2d72f2a21fe9437a5a972a6a6adaec7
torus.out0.04349.h5	13bf1a5aaab6403dc86c1bcb2728c2d1
torus.out0.04350.h5	047e5ee546a60df09969bf7bead859bb
torus.out0.04351.h5	d053dca9f8d854879d157a114b0ab5a0
torus.out0.04352.h5	1fd2490165b6e9ce6fe8ac54d1977e8e
torus.out0.04353.h5	96b1e5246aefbdc04ed093805cc79343
torus.out0.04354.h5	4fb70dad46fe7dce3756afcdd1998582
torus.out0.04355.h5	9e2ec7f3cd0333f48ecf6384f0a3fd20
torus.out0.04356.h5	c0e457967934a9e2381db64c64aa5a41
torus.out0.04357.h5	96d6ee1f3e5494d546bfe2ea85cdecd4
torus.out0.04358.h5	fd3af0bc032b37b29c06f95023acd9fe
torus.out0.04359.h5	9e56ab1772b1098442bb6ee274dbac2e
torus.out0.04360.h5	b099931316ad8522121f41c4a7a9b07d
torus.out0.04361.h5	b5b242c573277a8121f767d09ff0c6f6
torus.out0.04362.h5	0f8291d54f6bc9ea8958bd85c1b75e7d
torus.out0.04363.h5	b7fac295e8344922a584b4edf3fee701
torus.out0.04364.h5	fc95e16cdd2b9b9deab74eff7a1dcb44
torus.out0.04365.h5	fad59c09316cccadda3bcd7977162003
torus.out0.04366.h5	29dff5f65b96b281ef5e022414287be6
torus.out0.04367.h5	3dabd45c7f6a54b5e2538b649b56749c
torus.out0.04368.h5	bc0d43884bea8947f9fccf41231a65da
torus.out0.04369.h5	46193d271dfe1307cc413219078cdc8a
torus.out0.04370.h5	7b8454459177dd8f8e6095c02032e9a5
torus.out0.04371.h5	f2936c3341728cbe05eeba2332fec72c
torus.out0.04372.h5	51096c2690f8a7defe65f7901a8c368f
torus.out0.04373.h5	6dd080392cffaac425e5688103415fb8
torus.out0.04374.h5	f3cdc5b30d7fbee7084219ab557ae530
torus.out0.04375.h5	f6ec278f9393de5a2cff63ea303893f8
torus.out0.04376.h5	8fbe307606846ca32d1fae1c6999564c
torus.out0.04377.h5	d5e0498086242f5dd782179aaad76c39
torus.out0.04378.h5	936f14396e40701bc53d564dd7fd0be2
torus.out0.04379.h5	48f985af394316718619f21507466c75
torus.out0.04380.h5	4f48b63653b7bb8470c10c2063fe6722
torus.out0.04381.h5	6da8d929051730f4356e7ae0fb5e58cc
torus.out0.04382.h5	54fbc4bb406b12dacc1ba87a3a4067a0
torus.out0.04383.h5	16d790ecd501f0f63b77aa3c47f1e31a
torus.out0.04384.h5	6ed74a2041c1f59900032c500edaab2b
torus.out0.04385.h5	9a603e14c10094da1459486b7099a144
torus.out0.04386.h5	97621919d94155647457411eb90389f7
torus.out0.04387.h5	73de1662308b35f34215be6fd3ccdd46
torus.out0.04388.h5	d63f650b9c46cc4914a0cafdc0fa163b
torus.out0.04389.h5	6027f566089c4e998b551f0c67c996aa
torus.out0.04390.h5	38c9b3b10506d786b753d1a8b97ca2db
torus.out0.04391.h5	93ceb163aa12821537f00db8aeea2c02
torus.out0.04392.h5	26a7f6a64975c941abd4d1bf86ace6e5
torus.out0.04393.h5	2a2cfbd80558719083e41ca8f4905525
torus.out0.04394.h5	4abe356b3b5b8168976d110a2aba99c9
torus.out0.04395.h5	06748039d10c9a827f5cb609eff1628c
torus.out0.04396.h5	434d6ee8730c273eb738f73d4b032de3
torus.out0.04397.h5	e11dd5a3d10a27a1ada99c3a335e96c1
torus.out0.04398.h5	638fc6040d9ae4c882b408df260854bd
torus.out0.04399.h5	4974495b4fb42366b0202047cb6b9071
torus.out0.04400.h5	eaaaa1b69a8ef79b568ef69a0ddb1a81
torus.out0.04401.h5	36dadc730861c5693115f1b521000d6f
torus.out0.04402.h5	a447a32d07e9225f2f65195308743b46
torus.out0.04403.h5	6e4559b3c58b1c6ab19afbad20ddcff1
torus.out0.04404.h5	e4bf2c0b06dfb06628ae98282861c43b
torus.out0.04405.h5	7d23c330c84860886f41ec8e067c705a
torus.out0.04406.h5	11f5a7aab7eeb84afe860072cc651938
torus.out0.04407.h5	4ef62598acb5098d77af1261fd18c9e4
torus.out0.04408.h5	4ed5a7442f47030e1276d75dc87a89f5
torus.out0.04409.h5	0e2f5663040100f1adf19418fc7251a4
torus.out0.04410.h5	60e734c8b99a5db410a9f5c4df1d1632
torus.out0.04411.h5	55d0f6f746edb46ab5cb4ee1067055be
torus.out0.04412.h5	c88658b08be7f7351102e39df0989335
torus.out0.04413.h5	f6566a8f82604e9e2329d56ab0bae6b7
torus.out0.04414.h5	6429653f9fca8a0412bee16222d72b9f
torus.out0.04415.h5	484044085b2f313998b0ded2b52576f1
torus.out0.04416.h5	2a571c5cdb1047afdf8549aca4d83074
torus.out0.04417.h5	a7b6b82e10f302caf33874bfd03e9127
torus.out0.04418.h5	8f2a5ff07d44dfd3a90875bc1ec22f14
torus.out0.04419.h5	4974a76268f89a7ed39695285745a5e8
torus.out0.04420.h5	8c8fa9a254ee441c09bcacb8d58cc016
torus.out0.04421.h5	404737c54258cb67784582f7d37cee23
torus.out0.04422.h5	38188564837c278d7ac56d93bd692ec5
torus.out0.04423.h5	4f0fbd9ce09108386fd227d769511b61
torus.out0.04424.h5	239dba8d9f99e6bd567b310cc29a11f1
torus.out0.04425.h5	f0b34b7ba96a6402167de5ccaba04f7c
torus.out0.04426.h5	48cfe643fe5c59272180f5c69b0ddea6
torus.out0.04427.h5	8568d5e74679cea4db6c485bac2530d3
torus.out0.04428.h5	739532098237b9455205323a92e71a88
torus.out0.04429.h5	88c06f44b26dfa9418adab19a4c322ef
torus.out0.04430.h5	3d104bcb51e7bfdc6763df899d29ce4c
torus.out0.04431.h5	fac0882d0832137794fee6e0c39019d0
torus.out0.04432.h5	5cc15035282657e6a365c33381760f55
torus.out0.04433.h5	ed772420f10109944f38047ab64cfb14
torus.out0.04434.h5	520459aa0bc78836c9d85efbf2a58467
torus.out0.04435.h5	a4d28c1622673cac49a62bd6747b2f0f
torus.out0.04436.h5	ad45a5323330a9501ee4895ff3918d45
torus.out0.04437.h5	695d4906fdaafa54df43b1d669d579a5
torus.out0.04438.h5	0c75ed0cf8d8d5ce25e1138b2406db89
torus.out0.04439.h5	63baee927dbd16bc2318687ad3cd2af2
torus.out0.04440.h5	48b0d531978adc4580d8192bd137cf6a
torus.out0.04441.h5	f28992304905b5a46b9d1a6895c550d6
torus.out0.04442.h5	c702af3529a3c6385ef3ead35d4120fa
torus.out0.04443.h5	a3c79ebaa987150b92d972bf86d88b25
torus.out0.04444.h5	273e6a87606ab9546a84e630c2825e28
torus.out0.04445.h5	7b76a92cb7bd2d1a9b7b445a83758e87
torus.out0.04446.h5	4ede88f33972dbce8b1d4857a4792fcd
torus.out0.04447.h5	c2514c01573cda1b8eed4e6c70eead26
torus.out0.04448.h5	6ef40b853f849856ebd4ac8b65009547
torus.out0.04449.h5	78b76b72d80ff5e55927d2c4d5ef3921
torus.out0.04450.h5	fc7310791d9ed8602b855a90ddec0a79
torus.out0.04451.h5	d2c0396e08c284fef8573bd6177b4c72
torus.out0.04452.h5	56b8dbdc709338580bf686bb852954af
torus.out0.04453.h5	00166508cd4dd39d69f3ecc317ad99f6
torus.out0.04454.h5	47171a5a6f945bcba8a7d2216ecb4d9d
torus.out0.04455.h5	8067a640d717803f5344aa7d13f78b15
torus.out0.04456.h5	cf0d3b3b48d3769f08528f577bef2f77
torus.out0.04457.h5	cf3d33a55c441248c0a150e535df9962
torus.out0.04458.h5	4073502d5820c160aad9d8844ffdfb86
torus.out0.04459.h5	99fa3b6592b59a061862dd1c9cc8c37f
torus.out0.04460.h5	78c4866adae276f83d97022def0b9303
torus.out0.04461.h5	fb9d38e89865a949810d531f4491cc05
torus.out0.04462.h5	765cbd1a7557414469d2848ade786ceb
torus.out0.04463.h5	e721d28e8cea4308b0f439b352035a09
torus.out0.04464.h5	4239b7dcec2dc8afcf9c90446de58f54
torus.out0.04465.h5	0e409a4ba03d1581ed46da1035e5d767
torus.out0.04466.h5	3461d7f189f8a4b63af1b879974291e2
torus.out0.04467.h5	66fc2a3c39ce02b65125f12bf1503e57
torus.out0.04468.h5	8a6b7e8d6e664718e78a691a7976a990
torus.out0.04469.h5	923b3db065a57062e15431a5e5276b82
torus.out0.04470.h5	a3ab2fb06b51ab66eea3dbfdff861526
torus.out0.04471.h5	e114bfd47ad6211df4939171a472413e
torus.out0.04472.h5	6dd853b7ab3110dfb6d503886b82b1b9
torus.out0.04473.h5	e8a6dc666fd498315157154521a9665f
torus.out0.04474.h5	f4a9bf48c2a029dfcbd9115140085ed7
torus.out0.04475.h5	0801a61a9a94a601b87960a49b545d05
torus.out0.04476.h5	15e0b56196f9d61e057c9f94e24b4f6b
torus.out0.04477.h5	f54795c97c3c88524d4dc5d891774bda
torus.out0.04478.h5	e3a145290b5c694eac525eabf42263ec
torus.out0.04479.h5	bdd1880dbf997ff77c1b16e08301b617
torus.out0.04480.h5	5ca2ddbe77fad19a8da9c364196480ee
torus.out0.04481.h5	472ae8e55eecd7fb56c38c08498ce287
torus.out0.04482.h5	cbc3f5e3c20876f12aa7385977688356
torus.out0.04483.h5	8c7a143ae6f43081295b0bbeafaf9552
torus.out0.04484.h5	02dc3149a3683ea53b6fed894ead1e72
torus.out0.04485.h5	7bd054dfcc1cfc95c5b51de643ec9625
torus.out0.04486.h5	8540535dfc0997a42797da8e3fa68631
torus.out0.04487.h5	31537b2f5520e93771339242674b0069
torus.out0.04488.h5	dbe4d9045487220d52afd776b2881053
torus.out0.04489.h5	adeaefc8c2974c45c780815eb6ecb782
torus.out0.04490.h5	feb84dcfdd06d6c16494de5f6a4c40ff
torus.out0.04491.h5	61c87f67b8a0796c441f641601d08d3e
torus.out0.04492.h5	11b83dc9e10db56d066e95f890da736e
torus.out0.04493.h5	8ccb94417c067004588529a73432085b
torus.out0.04494.h5	05391692d1c0cede552cd0902b994ce2
torus.out0.04495.h5	e38b717f0a2b6a4d168b0ee494b0a791
torus.out0.04496.h5	2a634a8692f2ccd455fb8226a9240f0c
torus.out0.04497.h5	117a566bc9122c180593fa89e336d013
torus.out0.04498.h5	60f5efc5ed4696a700298e1faed62dc8
torus.out0.04499.h5	8702e02a0d59b3921b535a01f0e57c9e
torus.out0.04500.h5	45733963141f10f31a18ce3d504fce03
torus.out0.04501.h5	67ff8a945d772dbc9c87be66482ce57b
torus.out0.04502.h5	c2645d41679f91b5312cb5f6d47a7756
torus.out0.04503.h5	e130cd25a49c62e5c467ad6fbeb0ada8
torus.out0.04504.h5	4f41629019279e72be95675a431e8829
torus.out0.04505.h5	8753ca10cbfab3df4a2e1757fb3569ac
torus.out0.04506.h5	614c91f22057b58beec84bd252c8fc80
torus.out0.04507.h5	efa8a4fd5187a6f17577139d40a2c86e
torus.out0.04508.h5	0b41f5558d5d0a3a7a8dfd2d0f6db2ea
torus.out0.04509.h5	071e20fba998151d106b965f038b0376
torus.out0.04510.h5	f881826978afa0b98a23d4c3dd8d675c
torus.out0.04511.h5	c8569eea9f0daf0dbaa9ab3f48a63dde
torus.out0.04512.h5	a60cca79abeccde7a418e632cd85ce3a
torus.out0.04513.h5	ec94db6ff75290d0b166854858e77181
torus.out0.04514.h5	d80be7abb746946520a6b25279cfd0cb
torus.out0.04515.h5	ca545ac5c9586277c080b4bff82e11d1
torus.out0.04516.h5	90e88fdfd1fc476f386e5211c46a7b45
torus.out0.04517.h5	01571c008116f24de03334dfec592fff
torus.out0.04518.h5	2e430279c3ee488e446210f2558cbb65
torus.out0.04519.h5	c82396dad32a441c81c45ea1cb765441
torus.out0.04520.h5	e9610afbf363d677a4d019bdfe0ffe39
torus.out0.04521.h5	57b3e05aa80377ed82faf2a57187a2a6
torus.out0.04522.h5	2f53b34faadbcdb39a005d6c5c62e9c2
torus.out0.04523.h5	feb96c7e9b1b45b3e076295c7e869521
torus.out0.04524.h5	e49d49960c18fb14d8d444c7e057c275
torus.out0.04525.h5	dd13bcea9b55a5adeb8190472155142e
torus.out0.04526.h5	cd47e506cc8df37f4db52bad5aa150ba
torus.out0.04527.h5	e6361bf72d43d4559d716b51fe5f6059
torus.out0.04528.h5	50d6664170476e6fa6c86029c55c0de5
torus.out0.04529.h5	4eadb53325bc7ff6dd7bd1f4c873deea
torus.out0.04530.h5	376f6ee337ba11c24614dbd4c4f14c1a
torus.out0.04531.h5	0a2bb8514b9bf9419579f73d8ba58767
torus.out0.04532.h5	079e25bd3ab423002abb58ab0b83d1ce
torus.out0.04533.h5	98da27b6eff1ca5a583250df30bba7d8
torus.out0.04534.h5	828a08f55664ae68cc5d1f2b9079e239
torus.out0.04535.h5	5a8cc2b84e09822f0db61fe78f7599ca
torus.out0.04536.h5	54cf4bab74d100eed68c20351948202a
torus.out0.04537.h5	dee97e99828b46e4afd5aab3c9fe05ac
torus.out0.04538.h5	d6ba9d920a65d9e63ab0d61823fa7c88
torus.out0.04539.h5	9e88b571420ed7d479f89b82fa9cebd9
torus.out0.04540.h5	03ad5d47961ce38393b56ecac92a2976
torus.out0.04541.h5	7cf97add5aa3ce073767d851e6c28136
torus.out0.04542.h5	ae0c4e3f6d811a7b6f8df723192520ba
torus.out0.04543.h5	56ab23eb64884bd36f518d9499e74ee3
torus.out0.04544.h5	2f52f15d83a06a0142e417b4884e89f8
torus.out0.04545.h5	9ccde9adb02248c202fc90fceb370673
torus.out0.04546.h5	07ba0a1445cfd89494f729dbbc95d6b6
torus.out0.04547.h5	ce780c95f55d11fa80f14dd522c6cc71
torus.out0.04548.h5	653752b86853a6d07fd42239511c3a41
torus.out0.04549.h5	417bbcc42a7f54879bde9c72c1f1f17a
torus.out0.04550.h5	917af89d26f38cdbd815cf45c3d3e978
torus.out0.04551.h5	89743e48678cf8822e846dec5a9e0020
torus.out0.04552.h5	6a04becd475882b55f28b13ceffae00b
torus.out0.04553.h5	947a4699963cfa3e6fe6acb5df76eb36
torus.out0.04554.h5	6f7b0b67ebfde720f25c91afe52907be
torus.out0.04555.h5	136b70fcf0588ddd5fb461325c8b05fc
torus.out0.04556.h5	5387afc289aefd95857a61d6827f50a3
torus.out0.04557.h5	95752560857a1ec368462bfd9b8ec7ad
torus.out0.04558.h5	b0036e9a018756699bff6d1e9b5f0ef2
torus.out0.04559.h5	4f908a47f8ac497ea576559835cd1ab1
torus.out0.04560.h5	e150f4f1fac8db6ce49c18530f6fba0e
torus.out0.04561.h5	775db98286e6ece443d8bfedb549d418
torus.out0.04562.h5	8763557db703b05b534d42bb2d6856e9
torus.out0.04563.h5	f29ba3bb8b9cdf57277b463bac2ec4b0
torus.out0.04564.h5	5f4ae6744f937c9845bc5c3567862afe
torus.out0.04565.h5	71d232f9f782d00ee6f53fac72831725
torus.out0.04566.h5	2465c94d5f9868d34a5442cf0708ac40
torus.out0.04567.h5	c7e4a1f3a62570b86be73dce3b6f0f1b
torus.out0.04568.h5	ef80b2dcad017db6adc49a5732a46a5d
torus.out0.04569.h5	fa2a84700526d48a373bd7a086ae2d06
torus.out0.04570.h5	941a2511621db78927ded8e4ddf3eb24
torus.out0.04571.h5	baa5702665d04e9efb9df4c37ae88f85
torus.out0.04572.h5	e41c826563773ba604a2327f5fa85921
torus.out0.04573.h5	085a1005b6346ab9b2351a8cf18955b0
torus.out0.04574.h5	e11768cec96add56053a8123061393b2
torus.out0.04575.h5	9b6de18d25ace81a004b454b82759138
torus.out0.04576.h5	9b58c7d4fef78f0c1432427609bdc935
torus.out0.04577.h5	31c391c282d8b628ae0be175a96158fb
torus.out0.04578.h5	8e26431f2811c0997032a4f52fe22868
torus.out0.04579.h5	c8a085122e676ca5c483bd0eeb191b58
torus.out0.04580.h5	1d9c789324de89a15e1a366406835848
torus.out0.04581.h5	14bec93d7f5d6c4a75e56c24e396a360
torus.out0.04582.h5	0b285f8b362a6618f058d46d9c93109a
torus.out0.04583.h5	abcece0ae163808aa4b8433a7d85662a
torus.out0.04584.h5	02249b93a19b2f48a9dab27c7f5f7624
torus.out0.04585.h5	0f8502e9daff064cdf7617c58e2fe38c
torus.out0.04586.h5	fde16e28f2f60ad6e75dc8be9b54d0d0
torus.out0.04587.h5	4ec4af1f9a299b97d6db058f3ae86663
torus.out0.04588.h5	328cb4f7053612b0d3af01bc328ed044
torus.out0.04589.h5	5287c5335b298463809b27673e826436
torus.out0.04590.h5	72bff69f3e6b6b42a2147298a465ef5c
torus.out0.04591.h5	5aef685a09709cdd9068158f381c133d
torus.out0.04592.h5	581946fe3e69dc821afece793708d0ee
torus.out0.04593.h5	b31aa6057efc950a769cc428d8933a0e
torus.out0.04594.h5	5dad3bf0087ff57e4fd91d6d4ee02855
torus.out0.04595.h5	58862c317cb532ff153297d53ab9fad4
torus.out0.04596.h5	4e080d50bf947656b64c020150718ff1
torus.out0.04597.h5	47b52afd5e744b301d51ee75220edb46
torus.out0.04598.h5	b74b392cc6a56631525ed8b5ee180403
torus.out0.04599.h5	7fe1f887a823b1744adbc3a68cd4ab8d
torus.out0.04600.h5	a61d983ed09c606c41edc2f4903ac800
torus.out0.04601.h5	6c87f77c72b27780e3811bc9a52241c4
torus.out0.04602.h5	1e972316a0e42b478b397e082bb4fe56
torus.out0.04603.h5	a6135c1a4b015445ef51c463a56fc0de
torus.out0.04604.h5	762fa85c36949ce5ee2395ce50f0b369
torus.out0.04605.h5	f07d8ac510668dc047f59f50ab24ab89
torus.out0.04606.h5	1906ae57f36e1ee4dfccba305a3e3a76
torus.out0.04607.h5	3e3020cb941d40bba0b8dc01f91ad765
torus.out0.04608.h5	36a78904cb07710d796d6fd3e61a2fe7
torus.out0.04609.h5	0f5f2d8dd1c6df6b52c4539a51db561d
torus.out0.04610.h5	eaa8fc1a71963a0a1302987d5b3b2b00
torus.out0.04611.h5	f4c73dde83d80cee24037b04196f54e9
torus.out0.04612.h5	654d1d58ee543b8a96901441a7f679b4
torus.out0.04613.h5	1557c828860723bad18a74de09a4864f
torus.out0.04614.h5	2f8412476c372a7c7cef7bf33a32e64e
torus.out0.04615.h5	921a39acb32ba7c0de936ad1b0168d61
torus.out0.04616.h5	c3f9618eea7266a8c5ce11a3c1c6d238
torus.out0.04617.h5	458d92e264b0a2df23bdabc84773ee2b
torus.out0.04618.h5	c7d970a694ead58104e8eaa91665f6b9
torus.out0.04619.h5	dfa397f30df67ce800583721bd9909f4
torus.out0.04620.h5	74b696b63bb05ba04d2d65c1eb08314f
torus.out0.04621.h5	6abcb8f6e57fd9f1caaee50f1cff9fcc
torus.out0.04622.h5	b8d36367e5e9109a3e0b28d791bd40dc
torus.out0.04623.h5	afa5c826ff231a5481d2da5cb2f04216
torus.out0.04624.h5	5cfea98aa0648cc6e24a451b73d1f579
torus.out0.04625.h5	f70455fd0e171f186b176bb62b52ad04
torus.out0.04626.h5	fd5405e67c45587472752419cdcfcd20
torus.out0.04627.h5	d9d6941651fd8ccdb7bec95d3af1d7f3
torus.out0.04628.h5	fac1ed38442da63330e120119438a5be
torus.out0.04629.h5	72ceb50659940ca6fc900c5f91fcfa25
torus.out0.04630.h5	35e5b4c22d68a0df1a7a278dad187645
torus.out0.04631.h5	2239d4148865e14f7b22afca13749748
torus.out0.04632.h5	d84dadd4860c79f2c6c1780b9fcec6f3
torus.out0.04633.h5	f0865bf0fa3f9348c62fe88ac0512896
torus.out0.04634.h5	4a77868b4476d47eda19b31b57f507e4
torus.out0.04635.h5	a87d36a1025ebffa53fbe2febf2cad18
torus.out0.04636.h5	8113f0cb4cb01a62abacc715086436f5
torus.out0.04637.h5	0807208039d183de9f1cdb61de928069
torus.out0.04638.h5	9537334a80d606b7412bbffa30493a4e
torus.out0.04639.h5	7b6b9fab8140cefd55f49eb1d6adc3fc
torus.out0.04640.h5	06dc2e1d88e8d5c91bb273bcb4f04641
torus.out0.04641.h5	5b023ab661263d9a53b5a1d0a4e353f6
torus.out0.04642.h5	7670c50ffb3c88cb5b0cf9d7a6ace4cc
torus.out0.04643.h5	7338fbc4d6b4c1b58e8a79adcb4b9154
torus.out0.04644.h5	0de5b7f691b36b5c2d012e32d9946e3d
torus.out0.04645.h5	24a8fe98be68701a2bc663c0cdd9528f
torus.out0.04646.h5	547477749c49eafb6c0cbe590a3040be
torus.out0.04647.h5	97fc927d969a1e2f4f3c21416711c3c4
torus.out0.04648.h5	4f2de0f2ea7c05d07855c21e52be1557
torus.out0.04649.h5	8bab0a0bb121bd2b2919f0c9cb67b93c
torus.out0.04650.h5	01ad26baa4007f71b585369da2bc3c28
torus.out0.04651.h5	e082a8b2ce76fac5f33bafdc4132dc61
torus.out0.04652.h5	eb892528cb830702bcf66a81929da4ef
torus.out0.04653.h5	0c6d4aeea83a72d3f91164b3cbbbca79
torus.out0.04654.h5	35e4982a88a12456144bcfa64b5a440f
torus.out0.04655.h5	75779cf0dc13c3c31aabd78de7d86243
torus.out0.04656.h5	94634c9b9f1ba1042fdf5dcd5dc4f49e
torus.out0.04657.h5	600e6d543d8f5ee88d228da7de1c35e6
torus.out0.04658.h5	846b0458a29d443f155c5d4b339018d1
torus.out0.04659.h5	28d3fc39e54dd84dc573e4148d7e0038
torus.out0.04660.h5	12a37fc0a5f9904e920b6bd5877a5dfb
torus.out0.04661.h5	092d367b2f287fce0a17f6db39c94c72
torus.out0.04662.h5	ea4b9bf979871461105b7ced172e189d
torus.out0.04663.h5	e1f57fc69de1627a48be3e38e1bc2bcb
torus.out0.04664.h5	c118d7c980e3264cd5c81c88adf6ecbf
torus.out0.04665.h5	8c7507404412f3d4d4eacd81823a8091
torus.out0.04666.h5	1c78e047506ea8ada192dfe46c341595
torus.out0.04667.h5	b261e112a20495e7778a85eb535696a8
torus.out0.04668.h5	31511b1c4745ceeb77d40bb10a594af2
torus.out0.04669.h5	91758a9953be768b501eac7779805a9d
torus.out0.04670.h5	21df028e03e7bd8eb05642505e325980
torus.out0.04671.h5	e7e4a7a24632454919e1caf984e727c1
torus.out0.04672.h5	223b1aa6bc1f6e0836fd400b114c3b13
torus.out0.04673.h5	358411021357f5b043179fa258a75a6e
torus.out0.04674.h5	e0019cb0b3ea07aa060e84014f9615ea
torus.out0.04675.h5	3ae6d95b24f87f00e52845b3f5a7946c
torus.out0.04676.h5	a3bffe657bcc5181c22b7dca7293fad8
torus.out0.04677.h5	7b8df6390a9e7eaa9807dcaee2ce17ee
torus.out0.04678.h5	a4cebc161c40d070b08d0e6f49f35aa0
torus.out0.04679.h5	90aa0a83da6ad13ec96707fde4c6d0bf
torus.out0.04680.h5	6b5eb5f9a38d9177e8cdb3b471c9fa88
torus.out0.04681.h5	d0166b3822bd8ba34c5f0750436c4d54
torus.out0.04682.h5	a6c76d1ac64dfeffb39b2fa3f5869f58
torus.out0.04683.h5	b2728b84c64f158f57ecea351ca5c547
torus.out0.04684.h5	9273862b39586cba4b71754133c301bd
torus.out0.04685.h5	5348d8f29b5a6b222af0595a9d9ba7eb
torus.out0.04686.h5	d8d3ca1f2b68dffd1417b0bcb59eba98
torus.out0.04687.h5	06452042a3afc0f2e924b48efc82db04
torus.out0.04688.h5	b5048b944d827d7bd08441114570d066
torus.out0.04689.h5	ff9cea804cfda188d8617b9c066ac7bb
torus.out0.04690.h5	e017804dcbfa30c5d0f60fbeb84b5111
torus.out0.04691.h5	0468c5fd9dbbc53ecd794fb4b5ba91b4
torus.out0.04692.h5	764edd31780bd34eb7c868b53c1f2471
torus.out0.04693.h5	f79a71fba5ad790aeff17274f8750dc7
torus.out0.04694.h5	b21a8c19e380fecd6a58b195d6fb9d04
torus.out0.04695.h5	52108f57a44f5b18d1e699703a53a0b3
torus.out0.04696.h5	b6a3b1a2ce9af9ac84c04d59f924f79d
torus.out0.04697.h5	d11f48f1bee034aaf0586a98523c7271
torus.out0.04698.h5	7c47e4500b0dcd54a36e6bc1ab95d5c5
torus.out0.04699.h5	fe82d47b046ec56fbe6d7434457c48bd
torus.out0.04700.h5	28ea0830346e5f1c0f2133a93b34f0f8
torus.out0.04701.h5	e1e63fed0ead97ca64a05707fa0c3fc3
torus.out0.04702.h5	8bc4293c212b1321161be084f8497fb8
torus.out0.04703.h5	cb4e4fca3fa4035d9b4603d0605322a9
torus.out0.04704.h5	ed43dbda3fc6fc3faa619cf8fbf924aa
torus.out0.04705.h5	6a21066c77d7953f22a3cc07c1b1cfe5
torus.out0.04706.h5	8e9cb1a2b19b70b66d4f5540665096db
torus.out0.04707.h5	83b9d0c7fe1cc0db31772c1cc118b818
torus.out0.04708.h5	06ed5f1849b24f3f838aa538fff696c0
torus.out0.04709.h5	26efe7434723814bcaba0894f66ab8f4
torus.out0.04710.h5	38b8a416c2125717e94451e68f12de01
torus.out0.04711.h5	2de78108f15475d2f5875fb4e7a3067d
torus.out0.04712.h5	325e5db32b63bcef554a2cfca4fa9f6d
torus.out0.04713.h5	49addcc2c12186f6859a744378077d43
torus.out0.04714.h5	d72af5db021ae5cd07ba68883258968e
torus.out0.04715.h5	46c5b83ea422e29d28e796f3bca46352
torus.out0.04716.h5	438ab67d0c7e09118e8db4df250ff857
torus.out0.04717.h5	5b7d6f137a7ddef564d95162dfd1a10b
torus.out0.04718.h5	b0ca5ae1674e40e66913c148efc748e3
torus.out0.04719.h5	382cb8b2918da3810e21a9ff50b820f3
torus.out0.04720.h5	3c284e20706fb2825dcbdc4f7dd8bb6f
torus.out0.04721.h5	4a8831d5d1264fdc930b951c6fa5db09
torus.out0.04722.h5	9cc36e9ec2542289e607a0a420403991
torus.out0.04723.h5	8b94b0ff413a8b3ebfb4e212a51036b3
torus.out0.04724.h5	385ac3661048daad3961b2131b70f52b
torus.out0.04725.h5	b60d5ec68b4b0ff8e8825e767112102e
torus.out0.04726.h5	094d901fa8997ba5542c1e5288f39025
torus.out0.04727.h5	01ba5fc1564cb81532f20fd106e55c6d
torus.out0.04728.h5	9c5dec1d1118f62c52aef67df2d9daab
torus.out0.04729.h5	af2322a63d9d74057e628dd7f4bf346b
torus.out0.04730.h5	9b15d306b641c0289b04cff7a53490e6
torus.out0.04731.h5	f4add6b90a687f3c1d2d882cf217ca33
torus.out0.04732.h5	e0d7e347ea70bf5711aa01aa1e315f0e
torus.out0.04733.h5	62f0c459e43f2104030ac3cf0bdc6bb5
torus.out0.04734.h5	0290b9032dc768330d01798e9f4fc849
torus.out0.04735.h5	8c17d5306231c7fb8aadf909a5576bd2
torus.out0.04736.h5	c7020df9f089484fd690e4fba76551f6
torus.out0.04737.h5	80b2e5b570ed2c0674240567422fd238
torus.out0.04738.h5	dd61b9ae07262578fced356287c51b72
torus.out0.04739.h5	ab4d7d09cb9d665fa2a8c6e3d3398f6c
torus.out0.04740.h5	2c187474c2864fd597727285128f4ab3
torus.out0.04741.h5	448275fc1e5c88dd112c413d74984bfa
torus.out0.04742.h5	5894e88bfa9feb28e7d31aa800ae6c0c
torus.out0.04743.h5	48ef4dc4f34e20daf59499c578657592
torus.out0.04744.h5	768bd514493df01035c07c1249358275
torus.out0.04745.h5	87f314463308e8454a2ea208ee3ae3b7
torus.out0.04746.h5	4da287c323a7952ceac1086aab9c5c52
torus.out0.04747.h5	c545e4e47e65d97c0df69e9bc7f42ce7
torus.out0.04748.h5	c96a5f453dacebaf44e5704c7bdd2c85
torus.out0.04749.h5	f3e9673e56026b5e3a38c5dd4621381a
torus.out0.04750.h5	6b420c22c4a6afe062c7c642a29ac12a
torus.out0.04751.h5	df3b7eb44772a7ca835076259134a26b
torus.out0.04752.h5	358738562f67024698e9c176ca6afef0
torus.out0.04753.h5	75c394eb34ab4e9c24d13e1fc367e14f
torus.out0.04754.h5	ae051bb50db6cb4c8e18b366922196a8
torus.out0.04755.h5	2649285c31fd0c3e8d6993676b52163d
torus.out0.04756.h5	a03f00a025b7af1d781f7f2b8443c5d8
torus.out0.04757.h5	564a48a100decf7f780d5e3444c12a40
torus.out0.04758.h5	3c7d0a8c38067dcdb6ba2547c0b3f438
torus.out0.04759.h5	24f3bb3e56bb0a2fa0666265b14c55b5
torus.out0.04760.h5	d864d4b6935065e7e1d77e4e8d2b4995
torus.out0.04761.h5	1044ff8084392ce12e3d76dfa952d06b
torus.out0.04762.h5	1953211d288e7d0c8a0b71d48a277814
torus.out0.04763.h5	82c7436ac4a4d76e58d79d5990192cda
torus.out0.04764.h5	944d21b18c7328f9f83d248c5735df63
torus.out0.04765.h5	920554112d2d1a0090bb36b2e69c01da
torus.out0.04766.h5	df05b4a7726fba1143fd41cc9e53248b
torus.out0.04767.h5	ad7e6d4db000bdcb0675e409341d6057
torus.out0.04768.h5	1a51b18a2b728eb78794ebf15de356ec
torus.out0.04769.h5	99affcd956665bf7576d01ca18870b4a
torus.out0.04770.h5	168fc82ad83dafaaa6a2c39f12fc8c92
torus.out0.04771.h5	1a49a7500ed590fac6c912193f351b1a
torus.out0.04772.h5	9817f17346926895d230bc532ca6d870
torus.out0.04773.h5	a82c25f38165aa6b2a8523ed4fa6a585
torus.out0.04774.h5	1544ff62948b25f629eca7cc025faf0e
torus.out0.04775.h5	4fd850f7ee54e69d5680db39ca45a070
torus.out0.04776.h5	e870b55cefc092721dd8ba5665c377e2
torus.out0.04777.h5	0f6887764bd562b7137501029eb1ae6e
torus.out0.04778.h5	b3a3e64874d24cecdcc70ad3bea3a252
torus.out0.04779.h5	c008bbf5397dc77c719d56df04786b30
torus.out0.04780.h5	839a881561d36bb63fda27e359cf779e
torus.out0.04781.h5	9e596590294014655c0c8256a1a66d82
torus.out0.04782.h5	641912d2f8e0dc127fc285dca77d71ab
torus.out0.04783.h5	5b1445ed75306e3a2041accab59425d9
torus.out0.04784.h5	9032967878da5e1f58860d32e88e4f5b
torus.out0.04785.h5	3892b0c27532b93ad2a73f92fad45b24
torus.out0.04786.h5	e260573583ba533ca9b568455f57b35e
torus.out0.04787.h5	a9bd72983306cf4b80b5221b9b668219
torus.out0.04788.h5	c8a58f57a58cfd8edf7154ba3ace4b26
torus.out0.04789.h5	9d697859420e6627b16c0e693f45ebc7
torus.out0.04790.h5	24053b5cb87176e812180a2358aae7a9
torus.out0.04791.h5	306060b7d0454df968820037419a9a6b
torus.out0.04792.h5	4f02c638d8e9ffef18a62993462ed12c
torus.out0.04793.h5	0a6436b6fa408ed7b9e18f27868ec900
torus.out0.04794.h5	f7fe448badae68026d91797d824ce4c8
torus.out0.04795.h5	701561608db70e55e7b1238e1232109e
torus.out0.04796.h5	c7ceaa71464e907f5106860b11c153c0
torus.out0.04797.h5	d1a46c251e725387fd1e77d7f973c317
torus.out0.04798.h5	6a953f6ff8ee52c4e78afd197028684e
torus.out0.04799.h5	26b054398824e351cacaa23dc1beb95c
torus.out0.04800.h5	4c9e363c90f1bec2ff394278f078e08f
torus.out0.04801.h5	581d8c7da6bb39dbfea398dd1ef806cc
torus.out0.04802.h5	4ab50f4af14fa5757905c3e0bf7b9194
torus.out0.04803.h5	02646b492a9ebf53a80ed22b3dda3c69
torus.out0.04804.h5	9f0c2f0811ad7aa40bd7665eff44b007
torus.out0.04805.h5	6814a4ef09557e34d087c5c9519e0ea1
torus.out0.04806.h5	be6f5d946eb6318b4214adc443a3605d
torus.out0.04807.h5	9ca6874171fa28115ad2d7637e857a98
torus.out0.04808.h5	f2d1bc684ed7fc3887354c6c9acc5af9
torus.out0.04809.h5	bddb9ebb8c7dbc1d33f47395c579b4ff
torus.out0.04810.h5	2759622b319ba10316a74a210887b309
torus.out0.04811.h5	c57978ca51cf031851caac5e8192fe20
torus.out0.04812.h5	56cb000d0cf2944a71843c9fff6b454e
torus.out0.04813.h5	6861024899eb3fa07c02891015083fa1
torus.out0.04814.h5	16f8e23734cdfe369e7efab239befb99
torus.out0.04815.h5	74fe2ef2a21ab9401c269de74244cb98
torus.out0.04816.h5	d097199127c989d6de4073cbe7112645
torus.out0.04817.h5	55a26b5cbd2b506e6c73d544a7ffc131
torus.out0.04818.h5	16fc57bf95ac6d073ae50278ab39832d
torus.out0.04819.h5	a0c98b179b06a3a2fb00962770528604
torus.out0.04820.h5	e0f835310c1fed10128a69f34267174e
torus.out0.04821.h5	1cb93ed16622c7605dadc34ea43bd570
torus.out0.04822.h5	10a7e834b76d02f82c3efd787f88852d
torus.out0.04823.h5	a99525f42046efa315a19945f4a3130c
torus.out0.04824.h5	e49afca472bf27c124382342940cd25a
torus.out0.04825.h5	378a6347d03155a8e53bd8d5dcc262c9
torus.out0.04826.h5	5cfa0d16d56fa82d2a8aa7dffc7ab304
torus.out0.04827.h5	6fe620e12b48878e7cf78d7f9ab1873e
torus.out0.04828.h5	8f572cd44885092eb947ef48ff328ffa
torus.out0.04829.h5	6442411ded8ef5f70ff0ffc3767c2116
torus.out0.04830.h5	ad16f563c3f85e0eedb4624bce9f313e
torus.out0.04831.h5	39a7e9ef371411026373a77851f418f6
torus.out0.04832.h5	4a3724cbbcf81d9d69be0efadaea0d9a
torus.out0.04833.h5	fb5a597f2f19a41e0cd23e3a9517de72
torus.out0.04834.h5	931dab343d86d881b1c7c3e550bfcbd4
torus.out0.04835.h5	2457d0ea9ad425e97bb18c3e0a5c9c77
torus.out0.04836.h5	d8c17d7ff32b13732634bec34efd724c
torus.out0.04837.h5	678c8b1ad66af52f978a9a252596c4f1
torus.out0.04838.h5	0d847c7a2911de1cc3f66572208c5f66
torus.out0.04839.h5	1374b71dcac53a475f20781f2e87d2e0
torus.out0.04840.h5	efc848ffac360d1d2470bfde9dcb4c65
torus.out0.04841.h5	474bbc4e43474c96a030885a93089fb3
torus.out0.04842.h5	f18fbe1e76c574688cc9b3453de47165
torus.out0.04843.h5	8da88a88f87c3deb878329fd423b938c
torus.out0.04844.h5	46c36f467d72a78afe8fe0c0e40f31a7
torus.out0.04845.h5	dec9141966777feba3009da0f1255ee5
torus.out0.04846.h5	11b3b2ca2f7b11308fe738e97ccc6b13
torus.out0.04847.h5	b3d2060a897a42801032acd2277ea91b
torus.out0.04848.h5	5432521507d17e2c72ce1ad18c6bcaf0
torus.out0.04849.h5	1701473174fa2e87dd14dceb9ad1757e
torus.out0.04850.h5	1ced2fc95899a201015192a9af9f87df
torus.out0.04851.h5	2c9cb1260b6ad42d10752f71a62f52aa
torus.out0.04852.h5	c7344865e695b397dc57fbbd45b9d7f7
torus.out0.04853.h5	1f9d5f4e4bb9e6cdc5fa3dfb837da5d7
torus.out0.04854.h5	8194a1ec43f5394480914eae7da9e6ad
torus.out0.04855.h5	96842c9daa939f428b52e64a855105a8
torus.out0.04856.h5	de3f8902f92f672af63a088d01833a17
torus.out0.04857.h5	5e8d9429ab6d7f372a21ebb48c96b1d5
torus.out0.04858.h5	423653777c279a595d59ea9af7123952
torus.out0.04859.h5	53756b12cc19954d31bcb62fdd9b7d9c
torus.out0.04860.h5	b7936de3930c91612b56e54f640b6f63
torus.out0.04861.h5	dd16c99563b7d92e6f3c9e350fc8aa4e
torus.out0.04862.h5	c59ca2db708e3d8bb126034d13b8e39c
torus.out0.04863.h5	da9d566d38685f080ca25ec88592729d
torus.out0.04864.h5	c650ba010136af15fd13b8b453782dfc
torus.out0.04865.h5	6ded89ed39893d1360716955ff1da6e9
torus.out0.04866.h5	f3de7f10f352f36a7579d8c311cb8192
torus.out0.04867.h5	9a7bad84062e08455696e979784f7923
torus.out0.04868.h5	f0c1ef0410740064992cb7effe1c8d68
torus.out0.04869.h5	1653a07b2b776c8ce223bd374a422450
torus.out0.04870.h5	52efd470cf8e77f06d71cab873991a20
torus.out0.04871.h5	84f594df617833b4ac8fb1d87e4945ce
torus.out0.04872.h5	4c983292eaa336155a723dcbea9eaf53
torus.out0.04873.h5	88c71ae51c7169f6d45d16e5a8de15d6
torus.out0.04874.h5	ded91f053a0606f3b33e5a6dc6e91079
torus.out0.04875.h5	9af34c2895e37c108270c6298709055e
torus.out0.04876.h5	ac0e8421a3d5b1e56a6f4db81cb5de5a
torus.out0.04877.h5	0c24f26de4f9d36ef2316d68370f57cd
torus.out0.04878.h5	d796719dbaf2070cc8b7f24d9a4431de
torus.out0.04879.h5	82eedfa10d179ceb307716ba81543190
torus.out0.04880.h5	038986a0a7e1f11a2f71ab1ab12c75c8
torus.out0.04881.h5	3570c07a1afafccb7c68dc5d4b552d51
torus.out0.04882.h5	e06ed7386ff8a231cde54a7a5cac50df
torus.out0.04883.h5	d5497ae898a5546ef000f7fa789bb03e
torus.out0.04884.h5	4b232ab05505bb154c2b3b416cea3c6c
torus.out0.04885.h5	d55be921fc80c02291b777ae82545784
torus.out0.04886.h5	f59c60168af38f3e9fc11100c6ff1fd2
torus.out0.04887.h5	fd00b6b2ae7121f84829d15a79875646
torus.out0.04888.h5	9bc7cde3d9fca21edccfd735c8bf7c65
torus.out0.04889.h5	ff8ee24833612676096d3bb1d04d941c
torus.out0.04890.h5	96abf693f4434f74cc00581cde1d39cc
torus.out0.04891.h5	8623c1225cfadb54bbc760e38a69989f
torus.out0.04892.h5	4d6eba4e6a20155d30561d5d7f9eb947
torus.out0.04893.h5	157d69dffb4c441e69b8ec22d9b27184
torus.out0.04894.h5	db2e6269f015b26eb2dec61ffed3a2a8
torus.out0.04895.h5	d129cb63056f58df45514cf541c0ebe3
torus.out0.04896.h5	67a30d750fa09a10f55b812179ff2c7b
torus.out0.04897.h5	0965c21a2a2070852b21c8467fa8f248
torus.out0.04898.h5	004e281719b695df844ee50d7b30bdf0
torus.out0.04899.h5	75fcbf1d8ba49beb3635a0db0a3b5289
torus.out0.04900.h5	e8473c2ee2d1c827a907adc6523e39c2
torus.out0.04901.h5	7188bc9d7d54f84c00d240b801cefbbe
torus.out0.04902.h5	7d1c5e88ce3a0db6cf03077a94cc54a8
torus.out0.04903.h5	8430b83f1a814494e887568cbc332061
torus.out0.04904.h5	c2a5751cb7d6c4089c641a71ed1980e4
torus.out0.04905.h5	27de3c7d8a9fd3b2abf6b9e44043476b
torus.out0.04906.h5	e84f6f33e7bdc1b1839b1114d658f458
torus.out0.04907.h5	fe2617dc79f17497ac72ff79aba86ac0
torus.out0.04908.h5	12dab81233202ad93d1f3f2f944e58dd
torus.out0.04909.h5	e8b8be9b2262eea6e0ae0da6378da214
torus.out0.04910.h5	cfcd07271e8d2f15afb573ad34ed2ee1
torus.out0.04911.h5	7fbec10aad1952bf24d33714b3b46d08
torus.out0.04912.h5	d2e1b8e302a56b91e8b971f7288b7aeb
torus.out0.04913.h5	133d191f0768f15098a1de9bdcb9034d
torus.out0.04914.h5	293e1d7b6fcf1190f3860affddedb506
torus.out0.04915.h5	2b8ca2ebe1f0b3c7c06f2db0ee3dfecb
torus.out0.04916.h5	4b16b1baa8a32357b052fa13ae46e094
torus.out0.04917.h5	8793bb386246505a2f5053b49b7a3128
torus.out0.04918.h5	fde0dad5c99fa0a1a7d38d578c4daaae
torus.out0.04919.h5	7ce68ed8ec54011a6d35162a3c9071db
torus.out0.04920.h5	34f8c64045db73431f56ae942532b7a4
torus.out0.04921.h5	207760e71cb2d71b5a0e692a29eb596e
torus.out0.04922.h5	f427750945b5eb39545c6b8c28ac13f3
torus.out0.04923.h5	b75697c0099f75c4246d6e05abec8628
torus.out0.04924.h5	95fb6ad532d8c1df3172ef30352a7047
torus.out0.04925.h5	114c710ff5c71e11a93e6d79672ca028
torus.out0.04926.h5	a26412c1e7295a32f4319aeb89925e9d
torus.out0.04927.h5	eced28d7be636167e73da7bd66489d36
torus.out0.04928.h5	121f94dcb5e03fae24b5048d972e11c1
torus.out0.04929.h5	d781f997ebbea16b1e02e373efd49e81
torus.out0.04930.h5	de6d773699efef934f2df0ee1a470188
torus.out0.04931.h5	5f66fd90dcfe7c3bd45c09732b3eedf7
torus.out0.04932.h5	e547ceef2f964f7eceb09e043708761f
torus.out0.04933.h5	3f26691422cd0b28b425e89254940321
torus.out0.04934.h5	c3cf8b5f4ef6a27bb2ad9de3189f2e2e
torus.out0.04935.h5	184b3f05051b1dedf78e959f18c00b42
torus.out0.04936.h5	d57cc75a5b353e0c4013a2f3d8014fc1
torus.out0.04937.h5	be47b29067e6aa3eaf3feca2b743f091
torus.out0.04938.h5	9e549959594bd2491e31673e59a43557
torus.out0.04939.h5	6c8e1689cc5a9a5fb69bd20060d5809e
torus.out0.04940.h5	b38f4a26acb8938223fbe80616cb9884
torus.out0.04941.h5	95cdb927af58041583a76ae891b76379
torus.out0.04942.h5	f22c0aa5abe84c51399afdabddba7abf
torus.out0.04943.h5	c995e193299da63a3fa3b852397bebf9
torus.out0.04944.h5	a1ee5af07ec29cdb2a13a9fc78dd07bd
torus.out0.04945.h5	7cbd7da340cbfcf9e840636fa49db7ad
torus.out0.04946.h5	a937c36aa27d2923a0fabee10457927a
torus.out0.04947.h5	bd745da04f1d766fbf3cb25819435999
torus.out0.04948.h5	2bc073613116b4efcc937f1046c8cd56
torus.out0.04949.h5	edb7ed68ebff4bf4154b47cbd0eaa3ff
torus.out0.04950.h5	34264674f8cb6774cea8b770325fd97b
torus.out0.04951.h5	1344920f24a6edb8f2833c9b8813ac2e
torus.out0.04952.h5	3bbc919973da3db1939e7729c03de33b
torus.out0.04953.h5	a941c18c4ef882d8182e3d8b800c9855
torus.out0.04954.h5	26c3fc14e76cedd4b1b4f1ee5708c880
torus.out0.04955.h5	3293afbab7bd3f4ccbcc39191e4ba7c7
torus.out0.04956.h5	21cc034140fea8331faeca2197da1ef2
torus.out0.04957.h5	e8b58e2fd639fd2cd9f67f7b1c76307c
torus.out0.04958.h5	2dd244916f63344d9b2a98c73dd71581
torus.out0.04959.h5	4b07d816cf93e00196fd5deb657d6cfc
torus.out0.04960.h5	f2011ee0c1791ba040938cad5e39cf59
torus.out0.04961.h5	1f7f9b1978e458576022a64e324a7503
torus.out0.04962.h5	8cc52b30d475a6a28290803db0138420
torus.out0.04963.h5	3b5f76a22720fe950cbddee3ad9fac70
torus.out0.04964.h5	a99dce4f4a9b734a8958c9ce09b77ce7
torus.out0.04965.h5	ecb3bae415c9c1056c0d64b28d588816
torus.out0.04966.h5	bde1aec8f772b77b28d7d04a90426a68
torus.out0.04967.h5	2dd87db2c3e27c4e4266cde5ea21e6c4
torus.out0.04968.h5	80a719dfc9dac33d64c93d0c952a856c
torus.out0.04969.h5	8402fe19ee05554d662822477d0cb76a
torus.out0.04970.h5	aa32bff4e903f78e9af8b9aca302714d
torus.out0.04971.h5	c336cee40ddda40c55425ba29fc051f6
torus.out0.04972.h5	d7bce155652ad057a9e6d371a7f0ed47
torus.out0.04973.h5	a207e4c44f27e640166334b4ef6cd421
torus.out0.04974.h5	13c8f1d5811985d79c27e157a02d86d6
torus.out0.04975.h5	b77bd9cd7fb244f741840011284c5955
torus.out0.04976.h5	f53845a21b0eac503eb5e1a853c889ac
torus.out0.04977.h5	2586bdf7a04e6552a6b00b84388f50b9
torus.out0.04978.h5	ba6a58f20f8722a852ff91a607ca3c3b
torus.out0.04979.h5	56083a825e284308abe67846a9a125aa
torus.out0.04980.h5	e5a41c265add0e56760a4c0a04c25595
torus.out0.04981.h5	ea7e79a371f1bfedd7b3edca0b8e49b7
torus.out0.04982.h5	87e7c0859400bb73510df0dc76e17e8c
torus.out0.04983.h5	b8812fa18ba1b5c2fa966247d7905263
torus.out0.04984.h5	e2cb9dd68b68300951e76655c9ed6a9d
torus.out0.04985.h5	af576859b4d419c4f1e1e6519a62e338
torus.out0.04986.h5	de823ea8d8c6c382165b0df0f315962c
torus.out0.04987.h5	6035d2109190e036aa47284236dbdcc4
torus.out0.04988.h5	904b981c6d2fd399206557e80c5c84e6
torus.out0.04989.h5	f7c5f94532b50b34bb4ebe1d1102435d
torus.out0.04990.h5	6d5188ebfb1a0d8d82a712f961ab53a0
torus.out0.04991.h5	cb35c32f95ac005ae67c07f3caaf70ea
torus.out0.04992.h5	ce6d2d353eb681e38983f31f9e254fa6
torus.out0.04993.h5	cf6daf0140e347efa10453aa868f8ab7
torus.out0.04994.h5	a741e55d62035a714d9952b9cf98d8f5
torus.out0.04995.h5	69c6689518d9ca9a3145a2568a8af279
torus.out0.04996.h5	55112b6f58dd1e30484aca5a8ee355aa
torus.out0.04997.h5	9755aadffd24a378a96341bd379fd033
torus.out0.04998.h5	55040a46d6efe2553101ca8fe6e1b502
torus.out0.04999.h5	7c07489b9f1e18ae84a4a97851871116
