torus.out0.03000.h5	840ac5244fe342a85267e6dd20f68f3a
torus.out0.03001.h5	19768f7acd1b47f346eca44b97be0bf2
torus.out0.03002.h5	3f7e7a9bf682ee9bf669baee50a354f2
torus.out0.03003.h5	477a3e6b76ae85957365b3aa98bb8a73
torus.out0.03004.h5	ce67315427380754035504d26addd6f1
torus.out0.03005.h5	f59cdf67d8914027b8941f2e28be7de1
torus.out0.03006.h5	fb6496b795e15e73d8356fd1c43ca932
torus.out0.03007.h5	32900c010dd8ac1876ec6588542e50e8
torus.out0.03008.h5	d40062e6c2a9c7043171cd7f49d2a2ef
torus.out0.03009.h5	ee00a3323bb22e9f7d69eb6f75b0c0e4
torus.out0.03010.h5	60755f2490ad81bd49dcb6370292893a
torus.out0.03011.h5	3f95613694d46975f93d7e098865b26c
torus.out0.03012.h5	557ca84ce303743f81faedd0e1a375e5
torus.out0.03013.h5	163dc1e9948370d4289f783366cba0be
torus.out0.03014.h5	f0d31c8e40746edcc7608da36f24844b
torus.out0.03015.h5	d03c7874b1efc6c98da9530f4f96c476
torus.out0.03016.h5	a797c0bfcabc3559e8059da5426424ef
torus.out0.03017.h5	6cad6717f9ed614f6ef46cd3591a6e02
torus.out0.03018.h5	255d1672be14c087c215a68e2deff895
torus.out0.03019.h5	10d9550b343ea060e7dbdccf2d4fd4b4
torus.out0.03020.h5	f4778fbc64e87a98298ba46ba5ca7649
torus.out0.03021.h5	99017e00cf4d477b6ba1b13f55fee94e
torus.out0.03022.h5	5a0d2899879bc8999760d17ede174aee
torus.out0.03023.h5	88a64b368c2bb59543633f8d893d6ce1
torus.out0.03024.h5	3422374471b7e9b4cf779d054d06b5a7
torus.out0.03025.h5	27ba2c1c57de98ee27a6a40dd8f9ed96
torus.out0.03026.h5	9bd008ac1df15ddb5dea95539872460b
torus.out0.03027.h5	09352fe4f55bad4d289b997a34a752e5
torus.out0.03028.h5	83a85e006c57229e3ec31de30658c9d1
torus.out0.03029.h5	dcb1abfb6f3b77afb64e6560743a2175
torus.out0.03030.h5	abd226078f586e91cc0c1ec78dd9bf2a
torus.out0.03031.h5	8f72c930c0bb915fe96cde829dced9a8
torus.out0.03032.h5	24e4c7db2e2d1fa80663de27264064bf
torus.out0.03033.h5	cf7f71dbff852b9f48fe2bf03b8487a2
torus.out0.03034.h5	89772ec71d964a6f74dbebb57be911b5
torus.out0.03035.h5	67774592c2762784032b1d41c474786f
torus.out0.03036.h5	1de0aa7c45e99521955e384081705e28
torus.out0.03037.h5	055ec69563f446ed058adff1d986e6c6
torus.out0.03038.h5	5d9ba1d4b8b4d01478de4c1d0552a9d1
torus.out0.03039.h5	88e155a5526cc4c8cd360d5c15112a19
torus.out0.03040.h5	a440ff9be89df41ce382e164629534c8
torus.out0.03041.h5	1c4ba166b8762f328dd46c37bf5d1839
torus.out0.03042.h5	9fa7b2e0496b4b6bb8b238fd7e6f71ec
torus.out0.03043.h5	3760a36b58d53605ebaf05f3521ec4d6
torus.out0.03044.h5	74892a99b4b75701cabbc1577bd472fe
torus.out0.03045.h5	494236f3d930e3a53d110040734fcb04
torus.out0.03046.h5	01ae5f1c87d3dde1fc2cb905b825cb13
torus.out0.03047.h5	ccddb67f1f4226127ad12e5145ad0ebf
torus.out0.03048.h5	86d6482a30799081abd3b1bde8cc9eca
torus.out0.03049.h5	109f394a406e8bfc6631116a0ddf85a3
torus.out0.03050.h5	1c98c71bab9d5c13b79dcb5268517499
torus.out0.03051.h5	7fe4ad0a88809bcc27569fab0dbb61bd
torus.out0.03052.h5	ba98b322143e11f393a94aea9383c4ae
torus.out0.03053.h5	4dcab6cfc55375759f8fb7bce9c9cd7e
torus.out0.03054.h5	58ea835bfa020974cb158a44aa1b83f4
torus.out0.03055.h5	39399cc4de4b889cf327163a3c10f9bc
torus.out0.03056.h5	e312fb7d33947d7e474cd112804e586b
torus.out0.03057.h5	a32d9fbcbd8a2f8db5e43f6571aa152e
torus.out0.03058.h5	690555f45eeeb4bacb6cd947b815dec7
torus.out0.03059.h5	5f043cd6ed010c556742be2bf0f44f85
torus.out0.03060.h5	0ee2f4248c51ab3ce8c33524bb6c3914
torus.out0.03061.h5	687a4ade138f5f593bfaf4f97e62c8d8
torus.out0.03062.h5	378ebb1b62d56f093f1af19b504b72c3
torus.out0.03063.h5	5a77de94e42bae472118b4aaaba46743
torus.out0.03064.h5	3909ab8d9e12ad846037bd337c990750
torus.out0.03065.h5	cb514d042894d9266cf5c4cea6a05231
torus.out0.03066.h5	b77d2ecdac130831c05227cfac15c5e8
torus.out0.03067.h5	717c4a379308fb295af4cbf3044d17d2
torus.out0.03068.h5	d92fe146c82c681667397ad64e0b9605
torus.out0.03069.h5	a58686e3b4509b9d567c3102bd858a00
torus.out0.03070.h5	dabd8d5f199477180a50215d3d2b3af2
torus.out0.03071.h5	97d8f355345f9587e3f9c9ce6ecd7378
torus.out0.03072.h5	892b58001989d63c94347ca05f5b5df7
torus.out0.03073.h5	8914694524f35d562c1d56bd323a0331
torus.out0.03074.h5	1ff08cea3de49f249f4c1a916956c9f8
torus.out0.03075.h5	cf79f9f6362b8d8cbaa93b136a12d9e5
torus.out0.03076.h5	7d19f5d3a53bdc4c1f0d6a08733240c5
torus.out0.03077.h5	3b0158c1db637ba978b781eb4d3d1373
torus.out0.03078.h5	363b01413ff7c926f9b8089564d6ea1d
torus.out0.03079.h5	5d318ede8dbe4ca50e1a78aee2d00c52
torus.out0.03080.h5	d1091c467c2f11058e2265a5c3e9e850
torus.out0.03081.h5	4bc0862eabaad6621656620708e4c2f9
torus.out0.03082.h5	50ecef1b9b7cad486189e6963493018a
torus.out0.03083.h5	29d12400e9d129a2e09f56594f21448b
torus.out0.03084.h5	70a0645f853c6f6905796b3db878f9cb
torus.out0.03085.h5	b88a7a48da064dafbea5eb24ed3a0356
torus.out0.03086.h5	bb0c169704a4f0d62738c4f605779555
torus.out0.03087.h5	804acecfacca1ab307b494cd34b399a8
torus.out0.03088.h5	62d8c44e33adcf24103d56378a385967
torus.out0.03089.h5	f3bdcfbfd7314d2591dfae89f142a127
torus.out0.03090.h5	0765c41a36050ace8f9784459fe4e5b7
torus.out0.03091.h5	aab65c311bdc697d4b9919ea006c10a7
torus.out0.03092.h5	f780ddc6273404e167b2f0cc7b33b352
torus.out0.03093.h5	280d7ae86903c90cc0fbc700a538f4ad
torus.out0.03094.h5	a68aa2c2278d3732b6e3806331235e23
torus.out0.03095.h5	c46d6756cbbf162affa104eb8aa57354
torus.out0.03096.h5	acd36fb8fb652e7f9bcd67d14e31d297
torus.out0.03097.h5	5af00cf608c69fcf4ab22efe43f6b3c0
torus.out0.03098.h5	fb15c8f0235e9a0b76be7a0b79f287b3
torus.out0.03099.h5	71f4419dbf5c26190db9a44de1248ca3
torus.out0.03100.h5	fffb047715d50717b4e458efbd0c4190
torus.out0.03101.h5	e2dd60bfe80c82d1e42a0cc8e6440b24
torus.out0.03102.h5	872ee5ba9c01f873a63d8a678b5cb213
torus.out0.03103.h5	8e6ce3c0ede84145d5ca918603d342a3
torus.out0.03104.h5	f693caebc5d9007a50c0cf52487f1847
torus.out0.03105.h5	2aab1525af58f22ce596f603f1177ec1
torus.out0.03106.h5	5fe42688e4f542852f4a84a7d7bb6de1
torus.out0.03107.h5	57d6d091c66c3f07061ff6a41311a7f1
torus.out0.03108.h5	03edc76b7f99150dc5e09191f99b0e3d
torus.out0.03109.h5	a8158a4c2076ecda2eee5d63394cb24f
torus.out0.03110.h5	b616b4fd9f672d7eceafd5dc057a1691
torus.out0.03111.h5	a192f00d9570c5555ec6db077b1ce546
torus.out0.03112.h5	4d769c65f04677f9d43b18b2603cbceb
torus.out0.03113.h5	a07c4c5b42e49f9035e7a62ab833d772
torus.out0.03114.h5	178da912da793bbadcb2f4d967f02df3
torus.out0.03115.h5	6fb042d0615acdd876ad569a8c63d6a8
torus.out0.03116.h5	97817792796e23d4491c5da98b238c01
torus.out0.03117.h5	ed0efad5f5c45478431e5c19f3bd61a2
torus.out0.03118.h5	28f05352eb44c67a4554f42acd1e983a
torus.out0.03119.h5	a33954e916582922940edef7ca000214
torus.out0.03120.h5	97a17e3b6d74b9f1b7cabcd8fbbe9dc5
torus.out0.03121.h5	3bf85f6639906d80c705f9064121ecaa
torus.out0.03122.h5	5c320a268007a10514390914a3ee131f
torus.out0.03123.h5	a0277557fc178d8cfaa987cb27cec87d
torus.out0.03124.h5	5a30a857bca45097ed17852104d8717c
torus.out0.03125.h5	b2adc4bf4fa131a8cc6589d54f8c9f9d
torus.out0.03126.h5	a45880a4b36527a18a523acdafc90628
torus.out0.03127.h5	aa9fb3d5e8823372fe18da998d0cfc2b
torus.out0.03128.h5	6370fdb9cf404c9d3bdf2eeea087fcad
torus.out0.03129.h5	adef96e409372df3c8f69fff1effbb29
torus.out0.03130.h5	7327de044771f9a856ed422b40db0cd0
torus.out0.03131.h5	6d1f5bc2723ff90b3d843ebd65c0f521
torus.out0.03132.h5	1d0658e176e26d4cee32b63b40d69cee
torus.out0.03133.h5	18bcf35a26d6009958249de1f7e26979
torus.out0.03134.h5	8ef76c52fdfe42e63a4bb9769c72ecf4
torus.out0.03135.h5	173fc58c37b93a20c9a5749b7dc5ce08
torus.out0.03136.h5	2333b740fb19ac700d9a3739b9d4eb6e
torus.out0.03137.h5	9eb7beda18b9f64d0fab588b1bdb65b0
torus.out0.03138.h5	ad015664d8e8a1bde636bf4bfdac990d
torus.out0.03139.h5	c969b9f653931082feb513b666bbb62d
torus.out0.03140.h5	d0b9129ff7ede7753ac75bbf77f55539
torus.out0.03141.h5	cec8a65f3d0b30a8e59ed6b2f8b76a5b
torus.out0.03142.h5	e1e25d84733529111c7b2e550b4152ab
torus.out0.03143.h5	300d1f100f06a3e75cbe3f0a48ee1a1a
torus.out0.03144.h5	801f73e6108fbb3865ded71f39746d7a
torus.out0.03145.h5	13ef7d2d13f52bae809c354f2f15b212
torus.out0.03146.h5	101759c4d2200ba3ec0102e43c266988
torus.out0.03147.h5	d997c6da80bfc501c90e087bd2a4e823
torus.out0.03148.h5	4daf36cce7061cebeb5471d8aad24b46
torus.out0.03149.h5	8414ea8de41e338e62a225adfd534693
torus.out0.03150.h5	f53ca9e59b1982acbc01c9d0ed7cc393
torus.out0.03151.h5	e62161545bcd0436fdfaeeaa9a76a1a5
torus.out0.03152.h5	971efcee9364ff28dd9c6ab1b085c1ad
torus.out0.03153.h5	d6e89db038a3c69f99d585d793a7b2c7
torus.out0.03154.h5	91e48d08f40773444ef71ac26dff9f97
torus.out0.03155.h5	97e590034c4bd6ef59cf73882af28ca6
torus.out0.03156.h5	1685376f0a3e78ab8ce054277a10e12a
torus.out0.03157.h5	4cdf136596c423cd503f260ad99195d2
torus.out0.03158.h5	0f9d1a4ce369772447f2102f3ca4e758
torus.out0.03159.h5	3b9b2e430579a5fceee8fdd4aa00b125
torus.out0.03160.h5	f46633bb2ba704d2c18cd74ea8764156
torus.out0.03161.h5	a85f994888f331c7e9f50eaa7aca0c81
torus.out0.03162.h5	4a3f69199f9cd335a58f68b0be15907c
torus.out0.03163.h5	5d80900c3f2676647386fdad763ebfbb
torus.out0.03164.h5	fd75a2451a1fe3c780c01b943974f0b1
torus.out0.03165.h5	5408edcab5febd4262b9c7967d7a1bac
torus.out0.03166.h5	565a8ee16bd5e7839b3c85f277ab20be
torus.out0.03167.h5	c4638d0630a57736181260952c976e33
torus.out0.03168.h5	e24b774d039bbadf5c9177a2aced10f0
torus.out0.03169.h5	a3a73a5f5a5a791f72931b4b2d8b40f0
torus.out0.03170.h5	c43d4387b68fd650ff399c6655594773
torus.out0.03171.h5	2b2e4bfd10fdd1db4bda06cb1fa9144a
torus.out0.03172.h5	a073e110d44c41585f2430393b82814a
torus.out0.03173.h5	c428ad5b3f4486091a256e349336160a
torus.out0.03174.h5	5cbc84a2783331c1d8ad2db4b34e5b08
torus.out0.03175.h5	6c2498719d923cbc5585af72af9b59ea
torus.out0.03176.h5	6ea831d2e0924bff10a24ffc46ca36c2
torus.out0.03177.h5	704cc8c7904b1ddb6ac2af8faafa12e3
torus.out0.03178.h5	43fdc9150fc17e2a3a4d8f76ea570de9
torus.out0.03179.h5	bcbbd4eacbc8142dced0d7f3c4345159
torus.out0.03180.h5	a5b3030207f2a1e452de24d74f9e4d56
torus.out0.03181.h5	a93cc80307a53064c3d82934cadd779a
torus.out0.03182.h5	1a78aae7b786f91a4da523716c6cd754
torus.out0.03183.h5	d907ef65e00b465adb59bdedf4a6e796
torus.out0.03184.h5	b4c7173e5795a6e79230c803136f8f8e
torus.out0.03185.h5	ad5d20a33f6aac0e9cdd11625e2eea55
torus.out0.03186.h5	6aac59f69e1e5e3b31fbd90c832a8006
torus.out0.03187.h5	508919fe265c5a6a529a7922e8a06d1b
torus.out0.03188.h5	9a1164733bd359e0d872fa6c04aee38b
torus.out0.03189.h5	85f9e7e70e2d92c0f80a8146ab6c321a
torus.out0.03190.h5	446567f52b63259fa5741620496522b1
torus.out0.03191.h5	41911d4dc1b54a85a56baca063a3212c
torus.out0.03192.h5	c20c973b718040927a1b810ef2cf3b0f
torus.out0.03193.h5	18476a5bbbb31ffbf3faa4fc671c7502
torus.out0.03194.h5	943ac59ba2d121dbb3923e0065c522ce
torus.out0.03195.h5	44bd0f7b445a001faa8056b22c3899fe
torus.out0.03196.h5	8b2de23520ca0b9334d3c5c94e975aa7
torus.out0.03197.h5	d7e82e1471218624a52d2b80a6f3f604
torus.out0.03198.h5	1b752c7268414763c7d28c2d18db9237
torus.out0.03199.h5	ccb4590e4789bbf43f2b634e85416281
torus.out0.03200.h5	e85e36981247476cf901c86bfa8d8e05
torus.out0.03201.h5	d1f56485e73859d6f8df5dd0eccc0897
torus.out0.03202.h5	136e47a6ae74afa8d5ddba2a2ecba4cf
torus.out0.03203.h5	ba72cfce6c0923cf78dd61119ac2274c
torus.out0.03204.h5	c7c5ab5ef6cef3f1d13bc6ee3d5a7069
torus.out0.03205.h5	c754940baa83ac93ab185a0c1e095514
torus.out0.03206.h5	d9817754733d3c57ccc69e2a69a27bee
torus.out0.03207.h5	6bd778a3d4f9a4dfe593ae1bb9648d65
torus.out0.03208.h5	938ffcb6b44cf7d5f11f7a4260c195fe
torus.out0.03209.h5	c0b22fb51def520f5c79c01bef723b14
torus.out0.03210.h5	4c42e6d8a3deffffa4a060c09709bd2a
torus.out0.03211.h5	25152e800cad08978ca10ee968170b0b
torus.out0.03212.h5	a7df13303f24a45d5863a6283d7061cd
torus.out0.03213.h5	f772fa72f96714a5961359c9f66927dd
torus.out0.03214.h5	4e02dad0c693066485dce4bc87f2088b
torus.out0.03215.h5	29a2e43c321a94a92d3752745bb4a7e6
torus.out0.03216.h5	491dd305ba442e47f8211489cb03ef66
torus.out0.03217.h5	e2acb46379576719fdc95b424789932e
torus.out0.03218.h5	f16d9e18efe4fc07ed244dc34dd411ea
torus.out0.03219.h5	9b1ddb63aa8b809cf64fcb83bd766d37
torus.out0.03220.h5	8b9dc07c7a37b98cf046f1edc131cb40
torus.out0.03221.h5	f74a38d57e7a27d84d465f10632ef403
torus.out0.03222.h5	8f735f6de781fe2aa3e0030e4a98cfe7
torus.out0.03223.h5	e0b071b6abc1ce70e0b5622a97e14b58
torus.out0.03224.h5	730813be32876bd3ba9488e09f285d43
torus.out0.03225.h5	30856cad2f84490ebd6b5d830a256f58
torus.out0.03226.h5	e152034f2f33b02c7500af2ac45dbade
torus.out0.03227.h5	7df81582e975e9dc2a134264e34a5756
torus.out0.03228.h5	16d320faeab5e1b3744840c89fe42d84
torus.out0.03229.h5	bf2ec0f572d80f06976d20d8f10e6190
torus.out0.03230.h5	c13a3fcf95f0ca13f27c6ccbd6d6aa40
torus.out0.03231.h5	6081e167f797ecff3c2eeaf8d4b1c2af
torus.out0.03232.h5	1251f1c55ecd9c59c2ae8c13d168ea57
torus.out0.03233.h5	950360f8b9d93faa2662edeeb4675457
torus.out0.03234.h5	023aedb2d6eb464670034c6441bca4f2
torus.out0.03235.h5	2b7ddcccc282a222a721ac1aec261bc1
torus.out0.03236.h5	7fba80fd21d6ffc2b245d9ed8dab97f7
torus.out0.03237.h5	48a71985af5ed005e9bd38685cf729af
torus.out0.03238.h5	8278cc1b2aae0cb26589805360423db1
torus.out0.03239.h5	7137cd719b22cd79bc159695d86d0fb1
torus.out0.03240.h5	a0755a31f8d2f7986f27403321bfd644
torus.out0.03241.h5	d0191df6742269e99e43ff33c0dd0f25
torus.out0.03242.h5	1dd678addfa0eefedccb792015d1e0bf
torus.out0.03243.h5	81270ee04f988600fbe9987628153fb9
torus.out0.03244.h5	4dd2efbd07fd25d1361138a639809d45
torus.out0.03245.h5	93f745e99942120be56fa242ec0c2619
torus.out0.03246.h5	96451ac7c64f43b8a42bc0ae8a47a68a
torus.out0.03247.h5	c035d189abdf01e0a926a856675b66d1
torus.out0.03248.h5	d42bdf88510880a897049f867ff415c0
torus.out0.03249.h5	fbe154d81884faaad93713f42a5dddc2
torus.out0.03250.h5	9da8e7051cbfca46a9e8f59393fd49f2
torus.out0.03251.h5	0b65c50080b7ec7b6c66db3114c82983
torus.out0.03252.h5	b39ed4bbfe0d304d93b679ddcac2f436
torus.out0.03253.h5	4b4b27a9907024730612f6709b27d506
torus.out0.03254.h5	150389415534dd352a63654d0aee6cb1
torus.out0.03255.h5	bf9c532f86a831f40829c874d77966d9
torus.out0.03256.h5	d47332a161881af67663cdd2ae55d544
torus.out0.03257.h5	9a6c821bb517b924c32ee651508c0cbd
torus.out0.03258.h5	064d068f211de404a20f97660e8bcc31
torus.out0.03259.h5	e19ee021da68cbce4c6f31b0d114da94
torus.out0.03260.h5	ba5721c5ff243b472567cfcdbc934241
torus.out0.03261.h5	017e0d51721f46ababf65bcc221dfb1e
torus.out0.03262.h5	7a59884e1d3da8def04bcdd9fb640a9f
torus.out0.03263.h5	7320a667a2a9a753bfd0e9b4f68cd2fb
torus.out0.03264.h5	804211293be1217ec5fd359421b58e86
torus.out0.03265.h5	3b667885a234d5457f439a94a8c7a08b
torus.out0.03266.h5	5a69610788151fb24371f1689fd95a5e
torus.out0.03267.h5	254e8ceceb8662224e05c3417668487d
torus.out0.03268.h5	f56d2d54042eb83ea8e66fae93da5d8c
torus.out0.03269.h5	33d3300d8a20f9393d21d94fee10dcf7
torus.out0.03270.h5	bd29ec7aaec3d9d639b9e64384764299
torus.out0.03271.h5	e99d2ee13e7d2b0bfced6a59f5fe7d20
torus.out0.03272.h5	c6c0c5907d51fc0abd06334968ca3336
torus.out0.03273.h5	45c91fbe061487eab95848c314b355d6
torus.out0.03274.h5	fca7fa3574a299e593205a8f20c97f88
torus.out0.03275.h5	2d633856057c6821d24e271f49431224
torus.out0.03276.h5	f04ec98646134c6734a09706391ce127
torus.out0.03277.h5	2f2c766987494de2c59a235b03f50484
torus.out0.03278.h5	e91d1acee772ed7f0e06c7e399d11c86
torus.out0.03279.h5	8ed68d17e3929cb342218be7acee05c4
torus.out0.03280.h5	58804e0f86a45e8281d29a1148d24c5a
torus.out0.03281.h5	800210d157e4a866790e2a1d6b77b275
torus.out0.03282.h5	15c6bf5b8121befef73a30886c22b4d9
torus.out0.03283.h5	737bfcb02250758975198ce3497dafea
torus.out0.03284.h5	4aa34de0029352d8c6b229d4fc19fc53
torus.out0.03285.h5	b9287fcdf2fcf8ed9162bfd8ee51a696
torus.out0.03286.h5	28b27c107c97cac590ae056b516a3054
torus.out0.03287.h5	56c52286d917150869dbd0bcba8fed25
torus.out0.03288.h5	dce65be061870c7e1ad39b9d3371905d
torus.out0.03289.h5	b1aa42ae4e89faedb766ed6416e63b87
torus.out0.03290.h5	d0d196c26e185cc6bb2c88314158727e
torus.out0.03291.h5	bece31ea3b5c0d47762eb49e141c836d
torus.out0.03292.h5	607a64f55f3b38fb93442486c6f69957
torus.out0.03293.h5	c9167a56b0f1396c64800fe9173054b2
torus.out0.03294.h5	e4b326c3ccbb5f2065dbdbd34008b46d
torus.out0.03295.h5	976bba6b9d12b152a51aa6e2f51b1bcb
torus.out0.03296.h5	20c5a7d966647beab5c0021b2b220115
torus.out0.03297.h5	eb41fe618b434a6c6469fb6aea544a34
torus.out0.03298.h5	f681607ec15e9e70267574911f9508a9
torus.out0.03299.h5	44f6ce645bcd837865842d5c73e48e31
torus.out0.03300.h5	58f8f6f94c5d8ba8d4ea4b18e8dc5f46
torus.out0.03301.h5	893e546f356b5a7f62109a3bc3aa2ebf
torus.out0.03302.h5	507460dde870fab6e8b3e0154bb29fc3
torus.out0.03303.h5	863227443306cc0a273c6988096040c9
torus.out0.03304.h5	19f4b2e82d5f91f03b51e22c25b614ac
torus.out0.03305.h5	d6ea139b4b6ada5efb2e72a90ac6dc36
torus.out0.03306.h5	19192d61153dd33b40e98593d9fe544a
torus.out0.03307.h5	893dd6827de1f55ae26804519babd677
torus.out0.03308.h5	088970e5eaca51dfe165e524311fde69
torus.out0.03309.h5	29cb2e43edbd68c29c2c17d2d90d0544
torus.out0.03310.h5	9f72861772bdb2d96c2dd86784c908af
torus.out0.03311.h5	7b1ba7d86db9e6e7e82c3b8a07c66d86
torus.out0.03312.h5	16fe72a086d71a8eafa28f63c659288a
torus.out0.03313.h5	c53054ca5f2beb0714694df758c97c2f
torus.out0.03314.h5	cac54e8bd0d3354d59e4358289df260b
torus.out0.03315.h5	3129f3d0b5519f596e7c01a816de32b0
torus.out0.03316.h5	ac8ff282c51afe0707c11df448852545
torus.out0.03317.h5	79324277291478127908b8ec6c06f903
torus.out0.03318.h5	e987f8100087ed135f2cda975ef3fa39
torus.out0.03319.h5	1f9fec76a08e502b0c70b7180e88cf6e
torus.out0.03320.h5	4ee5f7874592a02b2888d113a5a8f179
torus.out0.03321.h5	c87e73437c0b78b89a363fdcbd0f8b30
torus.out0.03322.h5	e9db8f4569cce1b3f5970701942b177f
torus.out0.03323.h5	abb91d30f727d6a7b742ddeb93225808
torus.out0.03324.h5	f4ea41268be0cf10d1bf3b03ec47aca8
torus.out0.03325.h5	22d9b46c5fb67ea25db20a389d189085
torus.out0.03326.h5	35d82eec5d11cef9573eece87036920a
torus.out0.03327.h5	4bdd2f57674d73d98b1cfc2c79193684
torus.out0.03328.h5	ddc72cad8d673fd39e181fed58d972b6
torus.out0.03329.h5	859a3453226af3206e433c935f2201a0
torus.out0.03330.h5	afc1f54bc0f95110cd5fe11a6b123ae5
torus.out0.03331.h5	a229cf52e900d26a5dbb68ed73d818a2
torus.out0.03332.h5	68b037139673f35fa4dc37d81eb2fe70
torus.out0.03333.h5	7a4ce58562a6cefb9bc1aa50845b1963
torus.out0.03334.h5	f0965d0459ac266fddb5ed30db998b1d
torus.out0.03335.h5	6b219763dface8c92bda4e7ba7bacc70
torus.out0.03336.h5	92e43c841ee7c896b35db414dfcc793a
torus.out0.03337.h5	16461519ecd1b37b22f9488222cec7cc
torus.out0.03338.h5	dc27f65f1e32b7b0b6ff6c03dfa1827c
torus.out0.03339.h5	7057da8a6bc938631295c9e60460403e
torus.out0.03340.h5	641e360c8c86d8e9068574bfeaac36b9
torus.out0.03341.h5	d1b01af585dc7d36654b1b5a628be2ff
torus.out0.03342.h5	65fb305890f18972ff1d216ba1f50bd1
torus.out0.03343.h5	7e5718abdf947134bab431632ddf07a5
torus.out0.03344.h5	3400e87d1af4daf67d23fb2e44e170cb
torus.out0.03345.h5	43f44ac29ef89ca19f46200a9a695c27
torus.out0.03346.h5	2cc93ccfb103bf0b4e0e24d4463f018f
torus.out0.03347.h5	1d6197752d08e877e28699e5c1040a47
torus.out0.03348.h5	4bf2b4af6e03f74bb45f18593b9eed40
torus.out0.03349.h5	df95cab614f71fe6b3d7d89dd45b6167
torus.out0.03350.h5	325b161c334fc0bc29b4c4ffab251511
torus.out0.03351.h5	2b6f0f18b05f5cbe0510c1b5684b3e51
torus.out0.03352.h5	2431df573aa235fe8cb40f9a194f4e93
torus.out0.03353.h5	909c67f49dd770e174a130e3cadce278
torus.out0.03354.h5	67bbe91f6da7cfbedc283013d32d1d5a
torus.out0.03355.h5	8da49f5901f73c1cd1360a3f7267f044
torus.out0.03356.h5	2ea9397b7dac01403cfd696663fa3f6e
torus.out0.03357.h5	7e44a4c5d2e3d0f7f711106cbaaeb4a3
torus.out0.03358.h5	b094682d9298c640771690bb0da98b88
torus.out0.03359.h5	206309ff628c560ba4f5a514a2d7dd6c
torus.out0.03360.h5	6cf16cb362b617a637e5621c92d475dd
torus.out0.03361.h5	62f3fa761bb141f952634b7bdb2f627d
torus.out0.03362.h5	bfad54bcbf70d281d1b501d6bea5bbce
torus.out0.03363.h5	eaeed06d9dca1f336ca2453155035d8b
torus.out0.03364.h5	127fc9f512b91a13283c51caa931ecf4
torus.out0.03365.h5	e8be28b89d9a7b62afdc1adcca3153af
torus.out0.03366.h5	56df196beeec114210cd5a81ff6dae1f
torus.out0.03367.h5	b3ec5650db06402a933ea22fe1ca51e1
torus.out0.03368.h5	ce32c0e68cd35cd38afc121f076ea111
torus.out0.03369.h5	89e30ef4d54ddd989d9d50cd188e1dcc
torus.out0.03370.h5	d8312f37520c5db7e84181f44d113b9c
torus.out0.03371.h5	38604b38a8b5798e8d147686bd73a69e
torus.out0.03372.h5	bfc6f6acbc7a33b203f29ebbc5ccb8ef
torus.out0.03373.h5	b12f7e8a4ad918388b4906dab549cc6f
torus.out0.03374.h5	db111f98f6fb9831f32c553fed12468e
torus.out0.03375.h5	9472b06ecc7a345aa93a37205253d87b
torus.out0.03376.h5	cdc28a4f836dc7f1c5d4c9a4f5bbf893
torus.out0.03377.h5	43cc3d81c9d56323c5026633944679e4
torus.out0.03378.h5	2c67073b2d2c2b8dce35e926304ba1cf
torus.out0.03379.h5	07fd7821c921858370b6e78fb4014062
torus.out0.03380.h5	c396e46ca464ed40cabeb4077c47d168
torus.out0.03381.h5	29785ab3f3e87d6e99fcd86a1083f08a
torus.out0.03382.h5	a75144edadafd017dee7962363fa34d2
torus.out0.03383.h5	cff11a7c2f86441d37321908b85b5d95
torus.out0.03384.h5	66c520cc4ef37d9b4478968101d65642
torus.out0.03385.h5	74ebec4fff002134e021c742de1d36b7
torus.out0.03386.h5	94440960e550ff63a4cde3afca80a2bc
torus.out0.03387.h5	6fb7175d70942a985fccaba87ba9b8e8
torus.out0.03388.h5	e2385dff80fe741d1066918743f78ef5
torus.out0.03389.h5	1a38bbad4c3aa5e9fb823f0e79989b8b
torus.out0.03390.h5	c718a20a8286ccc45941f696ce937b35
torus.out0.03391.h5	8112acdefc5948cc52b04196b3ae53d1
torus.out0.03392.h5	950d1da4b5c5df0f1180372ed013fa8c
torus.out0.03393.h5	f0d44cc7c336bcee88c437e8b8628fc7
torus.out0.03394.h5	2abdd45dfc63ca603125a323a384128c
torus.out0.03395.h5	5f84099df43586f011a9faa01eb2a8ce
torus.out0.03396.h5	447b8b2de98d6774578ffd6110237ac2
torus.out0.03397.h5	b947089773eb20c318b13ce7ff639d16
torus.out0.03398.h5	0b66fab4724203275d1e13594c1a91a6
torus.out0.03399.h5	14c5c9f7cf2ea5c542c5acc7202b9a38
torus.out0.03400.h5	13da1a7c72f35604f8fcd8cf48c35a29
torus.out0.03401.h5	b6a42982a30773994e8b6af09bae730f
torus.out0.03402.h5	411a2c1ed17284687eef041d262b4b4c
torus.out0.03403.h5	e8d48f30187de4d19760474c8049e135
torus.out0.03404.h5	e430dcd69b494d24f2ba1d493deb39a5
torus.out0.03405.h5	ab7c08a7dcf5c838f2f7ab1451d9c1d4
torus.out0.03406.h5	136230a86ddca6d38c0da33957f18473
torus.out0.03407.h5	fa16ebf741d5ad2db022b754435be389
torus.out0.03408.h5	4acb636e20ca331bdd89b81b8ef12572
torus.out0.03409.h5	feee098c1fedd586fa2d39b86a1c6b1f
torus.out0.03410.h5	6741a89ee99e262e5eaf5e3786aa88d8
torus.out0.03411.h5	96039cdbb842e3c65f6c5e5929c702ec
torus.out0.03412.h5	35a7e3101fa41efa7ef9e423e5a7b851
torus.out0.03413.h5	8c2740b53e8fabe4c75187c214e2e802
torus.out0.03414.h5	d2911a3a9c09f9543b547eb0fbf5e53c
torus.out0.03415.h5	d86e263cc5a66a4f846a2a1bf0da20e2
torus.out0.03416.h5	3a253cf75baf9d6654c86cf9de04895b
torus.out0.03417.h5	53f530d81e9e77934ba4afb5cac80dc6
torus.out0.03418.h5	8c27525b0690d957d36ce335cd216b1a
torus.out0.03419.h5	d1db10ca4f5d3d8b1966a0c93ce8ab28
torus.out0.03420.h5	29e13bb0a56b564bea6b84ecffb7ab73
torus.out0.03421.h5	df627431d768bd0e2cf3777028d6d777
torus.out0.03422.h5	2d8992683e93efa9c13e81440182310a
torus.out0.03423.h5	c3076ab51df55d9383455ea7f0f3ff3c
torus.out0.03424.h5	2349dfa2e1e1113e1abc2511dff2e2ba
torus.out0.03425.h5	996fd08dc54990d222a22c9412678cb0
torus.out0.03426.h5	c67861dae3228f3045dc1fceb845deaf
torus.out0.03427.h5	23051224d8a690ab4d2e1e1beaa49cd5
torus.out0.03428.h5	e65cb2ab7b549c3ae455192fa9141ef7
torus.out0.03429.h5	540cea803da60f35d3e6e6f52fe4856a
torus.out0.03430.h5	40eb62db787da275569705ef944cc041
torus.out0.03431.h5	e6940332b0a8707c69b98664169d7799
torus.out0.03432.h5	2b781c471612a6729a3ed9e775a8c8d4
torus.out0.03433.h5	9d5c0b63b175c6ca2a8f2609fae3195b
torus.out0.03434.h5	068114f560e5d378ec2750214be37ef0
torus.out0.03435.h5	5c62c67a38627618ef989251c87d9e6d
torus.out0.03436.h5	d354f6fdee337c78e3575b1f8e0be7e6
torus.out0.03437.h5	ad00133c5390db67e675cd63d2a490be
torus.out0.03438.h5	77c3b872e8c68a524d423a4d8af46100
torus.out0.03439.h5	1d6bb9419d3b913f0f85a164adbe2c85
torus.out0.03440.h5	58ba209a6ce9b179bec7c009daf9ab93
torus.out0.03441.h5	6d6970e05536d8412fc0923898e11d54
torus.out0.03442.h5	94f146b71617c82736fb78a98fe59b5d
torus.out0.03443.h5	e4ff6b53e831c4a531142819bd3a0757
torus.out0.03444.h5	bb25d1f7622796f8d1b2b79ad4aa8eb5
torus.out0.03445.h5	73bdb06f486e3f9b89eb655eb856fefa
torus.out0.03446.h5	f00fe5c2bb639d60f9ffac3dd87c79d0
torus.out0.03447.h5	f9238b30910bdd609593b70137ee4cbc
torus.out0.03448.h5	b0bf915f01ac03ff6318fd2e686d2201
torus.out0.03449.h5	8218d9103892f182e3cbdc12a8412d06
torus.out0.03450.h5	47739afbd59c6ff4d024952d2a4741a8
torus.out0.03451.h5	4f89985229d5adbd50ae79bce92306b1
torus.out0.03452.h5	bfe9cee74630a2dffab560ea31c97454
torus.out0.03453.h5	ddacf59a5187ec432b75078745a44315
torus.out0.03454.h5	8a089867bfc8d404b50d111306bab351
torus.out0.03455.h5	73e94c2ab88d4800145a002825cad3e8
torus.out0.03456.h5	e236ac3c8dbb33701b2f54941a523cf3
torus.out0.03457.h5	a54a9f138d9fa5cee937d0a8189ef1bb
torus.out0.03458.h5	8b0a4b6891a943887a13a6d57a720ff8
torus.out0.03459.h5	941b57c3d3ca57b1314f03dcc4a8de6f
torus.out0.03460.h5	73535b2065cd27d54eee960551b6838f
torus.out0.03461.h5	f3f0a37ed230c80b75d39ef87e3d978b
torus.out0.03462.h5	5d37a49fb8b9d40f89a5f25473ef07ec
torus.out0.03463.h5	d1424fe0711d38348601fea6dd508572
torus.out0.03464.h5	2bf2ad33cef82e425aec83359f5fa89b
torus.out0.03465.h5	cc175923e0cb04dfdd46197a6154bb45
torus.out0.03466.h5	e0bf1d2f1f25eef99f476f9cac3658aa
torus.out0.03467.h5	9e32c979178e5619688f2ef05c753ff5
torus.out0.03468.h5	0858a913f01b036d15f8d38f1de3b246
torus.out0.03469.h5	1aaecc2013b1114050e80e3214c60e9d
torus.out0.03470.h5	3ec00ba448fa65a36ed022c462f7e796
torus.out0.03471.h5	701b7a3953ba2a779f860f5d2ca4e62c
torus.out0.03472.h5	5039fc6ff3b2d67546dbbc3349df1801
torus.out0.03473.h5	fea542f46eb9e43669019fe3cd223230
torus.out0.03474.h5	93d0c42baff82adcb25e39cf0a141280
torus.out0.03475.h5	5bb29745bbafd8399bdd566a25942e2b
torus.out0.03476.h5	cc9bdae04466e67c07497ab08fc9e711
torus.out0.03477.h5	538013a8a0edfd38fb51452788711896
torus.out0.03478.h5	98bd839952547d394ad6ce8d852a33af
torus.out0.03479.h5	d712fd2e4286a36a1fbd329a1acd0065
torus.out0.03480.h5	9331892806ac68dcf895bb20bd81ab7f
torus.out0.03481.h5	c1a1bc214641f9fe15442593520ce3a1
torus.out0.03482.h5	07b66565086d9e4800b35c7015b82fc0
torus.out0.03483.h5	820c45eeb2206d0ed850b67ea9fd5e93
torus.out0.03484.h5	fb3000c40761bb4361622c1ab06b8058
torus.out0.03485.h5	81108ef152cce062a75d14a3d8ccd9cc
torus.out0.03486.h5	9d39de2525d12d0d30351b23f589f22a
torus.out0.03487.h5	d5c759e7690612adefe612cb33526f48
torus.out0.03488.h5	0150b8b7ee87093ca73321b20316bb39
torus.out0.03489.h5	46e0303af0354c9502c94aaeae61d8ef
torus.out0.03490.h5	326040ba2063c1b07024f57507e76cea
torus.out0.03491.h5	0455c911d673435734992caae09fe370
torus.out0.03492.h5	2dead4a45c833f3ad6101d2ecb60dff9
torus.out0.03493.h5	53843dc860d597ea858074583483f4c4
torus.out0.03494.h5	cfb1a5691b631f72427420ee40677308
torus.out0.03495.h5	016eb2632ecdbf985b240e6dc3412bf2
torus.out0.03496.h5	8945ac039ad671cf20b5f36c6320d4f0
torus.out0.03497.h5	7aca2268f5d380d7d08c8f61f9c61ea3
torus.out0.03498.h5	928777d32d9dc6e3d663cfcbf27d1016
torus.out0.03499.h5	7e51b66f277717e1b0a3f398613bb2e9
torus.out0.03500.h5	2a0f6922749cbfd69c84b7e8398e5f05
torus.out0.03501.h5	ea17fd43670166268e4d6fa89fce84fe
torus.out0.03502.h5	011e26c586b757407291a54eb9c4d69d
torus.out0.03503.h5	5c0e07dfce0cfb371eb37d809bd5f519
torus.out0.03504.h5	c405f5026c7094a4d0c9342fe3fd474f
torus.out0.03505.h5	c73da0ecdd47a4f71ce148dcae3d401d
torus.out0.03506.h5	0dcff06c4349e3283846db0d8ef725d6
torus.out0.03507.h5	ce1dc1102c69557cd86063654483135f
torus.out0.03508.h5	e19e9ccdc1b2bb3cb67fe25456a33b26
torus.out0.03509.h5	b49b9837bcf6ed470be6edd351f52bec
torus.out0.03510.h5	91a72d2eb00fb2d483d3658e0cbb715b
torus.out0.03511.h5	7b84d82352dce157c83e933256a97212
torus.out0.03512.h5	9918659e6e6fcf1808674008f2e10765
torus.out0.03513.h5	013b8ed5624d0b3efb2f7ab508d413e2
torus.out0.03514.h5	407b4886f81a9ee884a68fed690c336e
torus.out0.03515.h5	a354d546a86c8278b0920c8959d74ade
torus.out0.03516.h5	fe9ebdddb0e278aae08478051a984093
torus.out0.03517.h5	25f12ab503b7e12d3b6ceca1ba2ddb8c
torus.out0.03518.h5	8361324bc0f8c77177f1a91b39e6244a
torus.out0.03519.h5	0b6626009cd6233076d7d09bb961a284
torus.out0.03520.h5	1f2ef3b97c9f3fdb286c3a0fc3d5af14
torus.out0.03521.h5	f89cb69735cb1345e13310fa107d6ab2
torus.out0.03522.h5	e674e586a2703c4d1c3ff22f50aeaafa
torus.out0.03523.h5	815325571bebfaab05e04eb57703da78
torus.out0.03524.h5	6358714ab3754070159232ad59513aaa
torus.out0.03525.h5	bd3d8b9c7363a708b894908cdaf7b342
torus.out0.03526.h5	909e4164c87ee33ae5f9348042664d69
torus.out0.03527.h5	65475ead9dc1bdf7e2ffdcb86469cb6a
torus.out0.03528.h5	31c9c8e203fd80e93fb2d170829ab38b
torus.out0.03529.h5	c5cbe46f2220b97a9f7884466dd31788
torus.out0.03530.h5	b8e3e62ce43c74427c876785d7db5977
torus.out0.03531.h5	9be7bedb42077aff045782963b94b496
torus.out0.03532.h5	1854a989e9a36fb91024f2fa29e78859
torus.out0.03533.h5	6ac5a47020c44f61705624e4e76201e9
torus.out0.03534.h5	eebd8fbd7f718a984c3493d0befde139
torus.out0.03535.h5	bb05de09d3b084a559d572d9a746f8f1
torus.out0.03536.h5	6f5c7a45b6342bf214877176b0319055
torus.out0.03537.h5	9d59ddff2d13e9560dc3cdfbdcdf1f4d
torus.out0.03538.h5	4bac2e14bfc2bf5a5530ce217001615e
torus.out0.03539.h5	2b9605bdb7b41dfa00ac996d728a9ddd
torus.out0.03540.h5	68a17cf1f9cb21870657f5b452479038
torus.out0.03541.h5	9fc69f02cce6b7dd6902ba5a29238921
torus.out0.03542.h5	08ed846592d48fc4ba2982aa947ba462
torus.out0.03543.h5	82d73e85c345de9dbe4b4898ed1b72f8
torus.out0.03544.h5	6c3be08ceb05e1c63e6e3fc642daf020
torus.out0.03545.h5	dd82214a18c28f8ce0d7fe3a9328fc3d
torus.out0.03546.h5	90ed46598b580f2f803b559867e3875b
torus.out0.03547.h5	518b28f6fd3519f9c4d69c73c3e95f38
torus.out0.03548.h5	d2c1ccc393bb59e367d7816f78f8cdb4
torus.out0.03549.h5	66a1ca2298799894f4573fc80e58800f
torus.out0.03550.h5	165bac35946c91955d5e5d14d431f74a
torus.out0.03551.h5	9945a31715b8059ebc41550490ca075a
torus.out0.03552.h5	40ab2906094444ad7cf70d3b455e04fc
torus.out0.03553.h5	b4929c0a22cedc489358f581f66a6110
torus.out0.03554.h5	d7a0f63707e8b42ecc5991b27cdcd856
torus.out0.03555.h5	07ecf86ca39bdebee25505792547b2aa
torus.out0.03556.h5	e96d348954965aeb38898b874c5bf6cf
torus.out0.03557.h5	8db412ceeec49c9ad3e611062ad3c525
torus.out0.03558.h5	f9536de5477b7ef3d3fef565690fb116
torus.out0.03559.h5	3296b1a74fa4b4f11b9b36c1f48764c3
torus.out0.03560.h5	993ff966783d58bf0583bbf228756d67
torus.out0.03561.h5	8674058f40fd2dfb1c427400099d2e91
torus.out0.03562.h5	5a85c4c433669cdc73cbbf66517bc129
torus.out0.03563.h5	aca0b353dfc097238da3859af240232d
torus.out0.03564.h5	875b226b2fee8bd4b617fc207dcc28a6
torus.out0.03565.h5	78264914708871e5e281efab33476b50
torus.out0.03566.h5	5bf540d23eb9fb1d3fede7789ada9163
torus.out0.03567.h5	2d871ed1fa6e7233c27d820a961dd61b
torus.out0.03568.h5	4d78ea027fc5e4ab34b31a819093bb1b
torus.out0.03569.h5	159ce7dcd0042057f2933efb25ca6d31
torus.out0.03570.h5	8dc5b574d655034bbb50177276019e18
torus.out0.03571.h5	049cbe519bde88ffc39e69a3e84c5aed
torus.out0.03572.h5	d6df7c331e203a2d1a776363d1ff5945
torus.out0.03573.h5	497f45780f1e00737b47f37a4c1bc468
torus.out0.03574.h5	a6813113ef232c50bed8cd2a687259eb
torus.out0.03575.h5	91f4054c58d127cae8a278d1a9429c91
torus.out0.03576.h5	6785cb326154f608ff79c4eb09905533
torus.out0.03577.h5	0009d034d0313f559287d11c074b0021
torus.out0.03578.h5	cbbda52a5ac693fb215649c07a12deea
torus.out0.03579.h5	3bddd4b793bf779bc7b398b4cb26a083
torus.out0.03580.h5	abdf3782d5427ecd4b8d9960139d4d51
torus.out0.03581.h5	ec7247f426b439df392dd185b77ddb84
torus.out0.03582.h5	44f3ba37062c236af637ec739f197ada
torus.out0.03583.h5	46072d3b197c2b7da3c0b1e6752ff669
torus.out0.03584.h5	05c96b0a7a166f900b0054679640c5ae
torus.out0.03585.h5	40d0d8aa4b865a34561182442333444d
torus.out0.03586.h5	a35f4619b97c50e378dd488884bffed8
torus.out0.03587.h5	6ee502ec7874e8b35936910be21931b6
torus.out0.03588.h5	74aef388c736ff599635d1a5ed57bcbb
torus.out0.03589.h5	0ce02edf8d58799739a75fe36fc51f02
torus.out0.03590.h5	4994975e173e528c6a08df70d3b19c93
torus.out0.03591.h5	0dd9cd09826eb4030c790994ad0a4d1d
torus.out0.03592.h5	0694a66da57804a9cd2f50f8d36fd727
torus.out0.03593.h5	1ed2e46796283abc4fad46b47226a490
torus.out0.03594.h5	d707ba0684cac22362780c0c6430dccc
torus.out0.03595.h5	60fb3026f7f914b1aabfd3e042fdb25b
torus.out0.03596.h5	ca90bfc8c6881a4c8eb37d0a34be7a48
torus.out0.03597.h5	a4837e62d69d3cb8f06ed987bc48b42a
torus.out0.03598.h5	a085d40560b6299be60e053981764289
torus.out0.03599.h5	72567a3efcb61dc8b920815e9821118a
torus.out0.03600.h5	a652556bf1c220ecb11a0b026267032a
torus.out0.03601.h5	d5e10d7e4a7f2e594d0390344c30b492
torus.out0.03602.h5	a180f24da22f037d004eecdb9ae9cc26
torus.out0.03603.h5	7dcf25ad308eb8763b61c19912c655fe
torus.out0.03604.h5	d968565dfddd5918052ff2448d9636d9
torus.out0.03605.h5	ad13a9b85e85f52ece6e2826fc8825cc
torus.out0.03606.h5	292e051dc2b0f746d56fecc29ea32c69
torus.out0.03607.h5	ff779d8958ff52dacdb7a420e9978326
torus.out0.03608.h5	ed455283e2ee5366232c65fb3feaacf7
torus.out0.03609.h5	69f71f1cd99254cf7c9f90770ea5a76a
torus.out0.03610.h5	8a305755e6abfc330b72381f1ac96050
torus.out0.03611.h5	d88ca7edb80c0346974dfa7214929475
torus.out0.03612.h5	2fea9234efc04119406c535b0dc666a5
torus.out0.03613.h5	bcd16cef1dd6a8be1af5b1bfa3592fab
torus.out0.03614.h5	98208bd3d785653115995a0d4d6db90f
torus.out0.03615.h5	488813b4072670c1638f8ab144015c98
torus.out0.03616.h5	2699f33e109d2eb85dad119bae8d673d
torus.out0.03617.h5	a5337e220b3fe2a10ce0610ebe58f375
torus.out0.03618.h5	82a90c09256cba19d2d7883373e1a100
torus.out0.03619.h5	c078f4e1347f45b5ed95245a6e586822
torus.out0.03620.h5	c204275ed8ad08243112ed8f4a250e1f
torus.out0.03621.h5	24b40792ec47ed247e3aebc22dfe304d
torus.out0.03622.h5	85ceeed11103a4281355c0cdb17afe0d
torus.out0.03623.h5	c1d46b1318185d2a518537cfdd8416b7
torus.out0.03624.h5	8c47d6efb4b5c3bb7d9eecac15d8e7c9
torus.out0.03625.h5	f560f3af2c35825e136594ba0cfaed27
torus.out0.03626.h5	b655d164a08715bdae08e4a49f172f7a
torus.out0.03627.h5	9445819c5e488c35a1a3f8ec953f8c33
torus.out0.03628.h5	cf48d0cc6f9638be22d329d1c0faf77a
torus.out0.03629.h5	d6e0ea4c3049e398996a725e723662da
torus.out0.03630.h5	060f0ce3416270e6b7fce3b0a8fc43fe
torus.out0.03631.h5	20dd81c22910c679555748f04dd47c49
torus.out0.03632.h5	1259b30e9675d7880f0c7949159563db
torus.out0.03633.h5	043b5223db9facad9e396aed078125b1
torus.out0.03634.h5	e6a601dbc676d62afb0495e0db432c30
torus.out0.03635.h5	207c4404991c7839d65ec352ff36bb18
torus.out0.03636.h5	ead3929ee300ed3e07bdf70121f2705b
torus.out0.03637.h5	4bec21d4fa82600f8caa420c6ddf8be5
torus.out0.03638.h5	36ab2c9757838ccdf9a1ed17f6931134
torus.out0.03639.h5	368049c2c1126caa01801cd1b51885ef
torus.out0.03640.h5	a2bf1152b3b242be8a8370c81cb6a4ae
torus.out0.03641.h5	b06ddffc12884bd79d4ef2615848a183
torus.out0.03642.h5	657a789b582f39072aa1e581cc79abe4
torus.out0.03643.h5	13f262b1d3cbd61746db420e7ab67479
torus.out0.03644.h5	da2d8acb02a067b87da31d4b43911f63
torus.out0.03645.h5	12fea3053768a99969e1063601ac8b67
torus.out0.03646.h5	5781558f67096708bcfb38bc59d2d1c4
torus.out0.03647.h5	8819a5547ac8523007fa536bc534e5ec
torus.out0.03648.h5	bebb8edafe47a372e320298ab2e50119
torus.out0.03649.h5	bf8d1e245262af8d713692a07d9f0d94
torus.out0.03650.h5	4eaaf800fa22dd725e1fa89003cc92df
torus.out0.03651.h5	180d3b7d424b12ebc46ea6d0477a4fd8
torus.out0.03652.h5	6198bdf7d35490d7536de7051065ef54
torus.out0.03653.h5	2b52660be9840744a8f020c1585a208f
torus.out0.03654.h5	037f47101cca9025ffc5963f309aab72
torus.out0.03655.h5	84f45bbd9c55c920778897ec15ed68a7
torus.out0.03656.h5	34809945f2cbc2670199233830757d9f
torus.out0.03657.h5	a6477b77c694946c4bed39936f5bbee5
torus.out0.03658.h5	382d17fe2cee78c2b36bf5a767c67b11
torus.out0.03659.h5	6a1f83f428e19faebca719345ea4987c
torus.out0.03660.h5	51a82309987688b187cf1950199dcd0a
torus.out0.03661.h5	f98a6aef7b43e44989b7f1336e30555a
torus.out0.03662.h5	243be1ce725f9ad1cf26b2afe871e560
torus.out0.03663.h5	206c7be4e3a377abe963decf60e0ecc9
torus.out0.03664.h5	f73abf4f842195c65e5f5de5f721015d
torus.out0.03665.h5	ccd56a684a1b3ab32993fb637e02f340
torus.out0.03666.h5	2ab9202dcf6f14122bb589dd8f51aa59
torus.out0.03667.h5	76f43421b74044ed3b5cd15a8bb26665
torus.out0.03668.h5	53b76216c9ab31490e73086459868954
torus.out0.03669.h5	8df7b20a0a6c0c47e072bee6f0038832
torus.out0.03670.h5	f3122d3e16a6ec8c43bd8b01a6ab3e1e
torus.out0.03671.h5	cf8a4d5ca5939243c919e3c0ceaa2414
torus.out0.03672.h5	6e2c1afebf36acecb00eef5d362d1a5b
torus.out0.03673.h5	e4edbdf1f541ed39913dc93ae3d5d0d0
torus.out0.03674.h5	3f1aead9a53e789b9abcfc00b1d41630
torus.out0.03675.h5	3d92a7232f8d0a453df30e47552ac344
torus.out0.03676.h5	c2100fc761f1b120337b252586924ccc
torus.out0.03677.h5	6b5720c07e7e42c9d578d1d440314e37
torus.out0.03678.h5	1c328919ab23dd0dfb03b2c985f756fe
torus.out0.03679.h5	4f7d46735ef44ef24039d4f11033d0e2
torus.out0.03680.h5	9fb6bd1b009b2b1f6a570c47216529a6
torus.out0.03681.h5	9be2adfd90989033441e470c847aa372
torus.out0.03682.h5	50020778f20b2e5c116cba9bc6c114d7
torus.out0.03683.h5	3eff7562f48c4e1650e30c0253c9c5a8
torus.out0.03684.h5	fab7a95d624f09aa908d2e5452213915
torus.out0.03685.h5	bca6d7d53f88cb160d0d8e23aa840d3d
torus.out0.03686.h5	c1b34cead6b1a599a9f34747c6b40217
torus.out0.03687.h5	f99ecd398befc4df4a674ae4cedb4968
torus.out0.03688.h5	120d94a5cf9fddd4f5800ab313ef0948
torus.out0.03689.h5	8b033d230bb0fd68dae38ca42141a446
torus.out0.03690.h5	5ec7a7b2cd9d67007e3f1b21b2ab7bf0
torus.out0.03691.h5	69cbcec66e68a6349de02af195fbf908
torus.out0.03692.h5	88121bf49bae9f38eee281d584724681
torus.out0.03693.h5	5a0fb121e19002de903f40396e1d1af6
torus.out0.03694.h5	eee262fc620f442004d3a4790553743b
torus.out0.03695.h5	5a54f9d988cfe1e739545a7defa5aab1
torus.out0.03696.h5	45a73c465b6c1fb5234fec537c7df426
torus.out0.03697.h5	8f85c31875c2c77cbf8320df536e7833
torus.out0.03698.h5	4742a7c91f22b76cc04a4919dd5a94f4
torus.out0.03699.h5	044c84c24e58e6b7e05f83eb572b53ff
torus.out0.03700.h5	cf818ca35007425ddda10f02cebd8baa
torus.out0.03701.h5	f601adf4afcdd22e62b6edfeff584c53
torus.out0.03702.h5	12523525720205bf86a57f0d84fc2c6f
torus.out0.03703.h5	43349a4dd210a5bf70a058659220490f
torus.out0.03704.h5	f9f0698d59846d8bfc2fc5415b3bbd9a
torus.out0.03705.h5	666e77c28977c78cbd0e672c974fa107
torus.out0.03706.h5	9dfc49effefa9d0a8dc8f7b2d6d85497
torus.out0.03707.h5	42e4fd8e0426b37c0fb8d21914417fce
torus.out0.03708.h5	7a1442aca409216dc15fa8cd1336d67d
torus.out0.03709.h5	cf2a4549c5e790d81fc3c0f3b866231b
torus.out0.03710.h5	f000a2e6e778ecb51a1dd138b8f0315c
torus.out0.03711.h5	4c848ce8d6348d2480b730568d577e9a
torus.out0.03712.h5	7d8119e8a6586af512d990929db6d28c
torus.out0.03713.h5	5f5d9cce625ecca25ba4a0dacd35467e
torus.out0.03714.h5	8cca0f7bcd05850beebe1232b8fb6199
torus.out0.03715.h5	5f95841362e44219105af00d0c5965ce
torus.out0.03716.h5	001552c5c12a3237f39f525477cf7d2d
torus.out0.03717.h5	7e4dbdf2abab53bd9ce4fdf2d7bcd504
torus.out0.03718.h5	04b4bef30156ccf9df42f2e45cd3d6b0
torus.out0.03719.h5	09d3dbbfda96c029e09d455618090f58
torus.out0.03720.h5	4e242e983b6e61cec126024a2bec1d61
torus.out0.03721.h5	64d399e22d702e582863a039e36f897c
torus.out0.03722.h5	0865ce1c29e190a474f7572d3cfd10cd
torus.out0.03723.h5	bad493328192c866e561c3021f588dd7
torus.out0.03724.h5	a06f2fa431cc1980f67f8577f516de28
torus.out0.03725.h5	fe76ebb44a6e5d89f48e8c51773f37cf
torus.out0.03726.h5	a63f2006b6e7220d9d5da8b051b44610
torus.out0.03727.h5	76a0e2cacac66437132d46cd23737132
torus.out0.03728.h5	c17d2bf624528bd42f7dd1a7ea346771
torus.out0.03729.h5	18ea297daaaf695c211d4c2b407047ce
torus.out0.03730.h5	ad632c031c0de1b4339ceaeff3218623
torus.out0.03731.h5	537ef229ebdf4a2a2f1d773971c07c64
torus.out0.03732.h5	e9357b6d760502e2427484138692033a
torus.out0.03733.h5	ce25247b5f29c066233f9cb7e3fd8990
torus.out0.03734.h5	eaf38f6ad616111f12ad52bc50cca744
torus.out0.03735.h5	36078a1ce86cf76be1e1ca00a376a12c
torus.out0.03736.h5	1a52ae8ab122182853c0ab59a49cc0ff
torus.out0.03737.h5	f28905bca07439e48e9f1119adb3e4ac
torus.out0.03738.h5	39e7ddade40d0c43d719b2415ab9a4c4
torus.out0.03739.h5	00541178ac2df4618a054ae6950eadb3
torus.out0.03740.h5	b26023bbf4120e4d27f13e65218ffc90
torus.out0.03741.h5	78cfb840b6ec16f4f2aeb6eeec28ece5
torus.out0.03742.h5	122a2f4616eb99b69835a86bfedff8ce
torus.out0.03743.h5	586a52f6049fec258134fbf359bde69f
torus.out0.03744.h5	db3f71df4f09f0fe4981f15335516b81
torus.out0.03745.h5	1fb8d93ff1674ed1ef86cfb63761ae62
torus.out0.03746.h5	9c60c1f9f2dc721a42927a84059582f7
torus.out0.03747.h5	aabc646176f6d2e31cc334b9f2cad764
torus.out0.03748.h5	32ca199b79773e95d6da89e286afd11d
torus.out0.03749.h5	5582323a348b81f4729e2351eb7772d8
torus.out0.03750.h5	0b938439da59908606243fddb8f3a975
torus.out0.03751.h5	5b772ec32f93d3d312ae29adfb1e288e
torus.out0.03752.h5	7e9b165d7db33768b1b115a040c9929f
torus.out0.03753.h5	1e553c66b596cad8c49a87f30112e571
torus.out0.03754.h5	5c4bee12eaee5ace86bccc7a1e39c774
torus.out0.03755.h5	16c6979b881bfe6679bbb712940aee4b
torus.out0.03756.h5	ea79c1391f7321756214228bb6d936f2
torus.out0.03757.h5	18a86bd59e4102e1f39f268b63cc4e33
torus.out0.03758.h5	64c267276e28eee8cdcca18928742283
torus.out0.03759.h5	435153bef3b30fb5dfdc3b23cf4eb825
torus.out0.03760.h5	ad4537926bf4205eb7bae4e7f3dfa905
torus.out0.03761.h5	d0c35b7ff58267c494b31c431d7800c8
torus.out0.03762.h5	c6bb40aedd6e0806b475f87c4f9fc0a1
torus.out0.03763.h5	a16688a75a222d43f89113f43c5d627c
torus.out0.03764.h5	09a815f234ed9801baa1038c3e7c6456
torus.out0.03765.h5	f2c8d6933929ee7b504f3c5d7f574873
torus.out0.03766.h5	92bae625769aeec7579de22ce54c827b
torus.out0.03767.h5	da5c13073148cee25caae421577bc85d
torus.out0.03768.h5	202ad2aba46764420e0c53ef5faa82c0
torus.out0.03769.h5	6c516dd9ddfd45af503e01db61557c91
torus.out0.03770.h5	2e995aafb1d47ebd4d3e9feca88f19f1
torus.out0.03771.h5	bff8d36af463f42c6f2383bc2a7c8dff
torus.out0.03772.h5	c263230e459f518f8781411a691a2c94
torus.out0.03773.h5	afc93a4e1cf675ebaa3af508c7d51382
torus.out0.03774.h5	4f8fc25fe505be86a76c9dcae3fcd9ca
torus.out0.03775.h5	4b252e83ca6419f7c4e65efab33e9e0a
torus.out0.03776.h5	778d03f488885604b4f5b1e5cb29d925
torus.out0.03777.h5	247fd26ceb01da0466f174cb85eca437
torus.out0.03778.h5	d4d5bd0f5c440559493cef168cd10db9
torus.out0.03779.h5	2e98ea0eeb30cbecec7caed216673710
torus.out0.03780.h5	0913ba5f4ceba321b56db2531672c3da
torus.out0.03781.h5	6de3407ceb7bd362ab7341e2f0693611
torus.out0.03782.h5	e54e05944703f462785d97c475ecd6f5
torus.out0.03783.h5	cc146f0024d9985c461cd7b405238a22
torus.out0.03784.h5	def292185251befb6a33cdf3f15a1257
torus.out0.03785.h5	bf17ed5c1fc09df5e68792480053efe8
torus.out0.03786.h5	bfb778eb21007c2ec401bc9f83751e4e
torus.out0.03787.h5	1d77a191bba0819f8ecabdcf6f904a74
torus.out0.03788.h5	e023b5d3e220e78876dbdf5ff1bfdfc0
torus.out0.03789.h5	a4026e4791503ab40bae51fb4a9421d8
torus.out0.03790.h5	efc7a57f0f233989e80501bd39132693
torus.out0.03791.h5	9b8f657d25e7570e43ceb5bf10707aca
torus.out0.03792.h5	9538b8c206fcdf006a7d7648c6593492
torus.out0.03793.h5	7b5b6ed0530e03c5a90b3f0666b9538f
torus.out0.03794.h5	4ade4127ed32905e0c134fdc1620446d
torus.out0.03795.h5	029388a578afab71926631db0b219101
torus.out0.03796.h5	193feca0bdee670a11f31492b359f219
torus.out0.03797.h5	772272d6bfbbd05d2161040202e3b9f8
torus.out0.03798.h5	ade688aa8668873ae1204445ac6e392a
torus.out0.03799.h5	a02119bafaea9559e81d6e10f61601db
torus.out0.03800.h5	5a1f8b9d4b4f617a74d401a793438c77
torus.out0.03801.h5	66bdfdb44ea5dc4a737d9c1195f81117
torus.out0.03802.h5	25e8b5bf74f3aedd9e6789f83baff467
torus.out0.03803.h5	0bddfb00d7b883f305693a9c8b7ec82c
torus.out0.03804.h5	a7bd178dccb2c0af806931e92b6d6600
torus.out0.03805.h5	d9c57fa168cda0011ed17aa4ba8f5a60
torus.out0.03806.h5	71be37975ea5f6941e27c20fb8693a52
torus.out0.03807.h5	eb99b4d35c5259863ab537af86eb59d9
torus.out0.03808.h5	0d90c23c9fa379da26bd6fef890d4e70
torus.out0.03809.h5	a3b824170defdf1b02930b157b22d940
torus.out0.03810.h5	6b00ca0e2f6f3078fa6b828785c545bb
torus.out0.03811.h5	01d06edced9741722c87177220ad7637
torus.out0.03812.h5	c71527dc676e211a35ff3f4b0f95f602
torus.out0.03813.h5	7c7e5d270cb806330cf7c3c494ac4060
torus.out0.03814.h5	7be70bf67db80a4a39b5eb9aa117e6a2
torus.out0.03815.h5	479fb4703f00b50432ba6d80ba6bad68
torus.out0.03816.h5	839f9daff21f330e26ce1365b4b1bbdd
torus.out0.03817.h5	0971f0daf48ed29c86d0844d8fad8887
torus.out0.03818.h5	fb221941a78201cb6fe148a3920d0196
torus.out0.03819.h5	fd0ec8cbc1024c2da54b05c04a0b5210
torus.out0.03820.h5	953a66c9a82d702d25d9872d5eaf75ff
torus.out0.03821.h5	8c279be12539068528e012ec2ea4c1c8
torus.out0.03822.h5	4b6d162499a3a57bb299084039dad342
torus.out0.03823.h5	f7b39c5c98681500bf2fba209462075f
torus.out0.03824.h5	93e53d583b66cbab772c673d5feae6b9
torus.out0.03825.h5	2ca33bf83e10ca4bd140681d208fbe27
torus.out0.03826.h5	d17fcf56274e91bc3fec3a85b33eccc8
torus.out0.03827.h5	b6c13d0e01ba5d2ea6f52b4e13b9c8b1
torus.out0.03828.h5	3138ca98e3955411cd78bdc902370227
torus.out0.03829.h5	5653b1007f0411d873b1d777a063ecc9
torus.out0.03830.h5	67f2d023f3606393af62333d5bf6b520
torus.out0.03831.h5	aefa23e50ad41126ccd1d11b80da6b5a
torus.out0.03832.h5	ef35dcb800fc163bd94ad6f0a6d378c1
torus.out0.03833.h5	709f75a1fe70cf0bf26fa933a442cae7
torus.out0.03834.h5	eaaedf828f817e8cb2c921e2497d70f6
torus.out0.03835.h5	146e8743696f395357828534c4572b0c
torus.out0.03836.h5	0ebc3dc546952636eff145d05b086ca1
torus.out0.03837.h5	552bb9a35f0a727d240d02cc4b1b9098
torus.out0.03838.h5	7aa14742df67de350e7611bb22b9ef08
torus.out0.03839.h5	2b0872360ab1d838d3a07b64fbdd40b4
torus.out0.03840.h5	c7a2015c9c5607b4a3a76c47a718b4ff
torus.out0.03841.h5	e00d56a42ba320c5a1702c57d764245a
torus.out0.03842.h5	784b74e3125f5dddc36e8b00ad28c974
torus.out0.03843.h5	5562c9807b526320851cc068c675ed65
torus.out0.03844.h5	5a55669d8f395ad8c5645fd403823231
torus.out0.03845.h5	30b907f816db436b54f7168586046ebe
torus.out0.03846.h5	ce100060da91c13ef13de31a3e868366
torus.out0.03847.h5	8acbfd37c9bf072ee0c32ed9747263bf
torus.out0.03848.h5	c6a64dca19440fb51da45fefa697ab2f
torus.out0.03849.h5	a0a5dc8978b436a1462181d957d38650
torus.out0.03850.h5	c4b3f8045bbdd88e879b8d3353c4fc5f
torus.out0.03851.h5	ad0882160b778a10f81a46052d1aa629
torus.out0.03852.h5	2da5abfc9123a57b975ce2b7657d9df8
torus.out0.03853.h5	8102c23d0a7d42cee0fb825ee5623251
torus.out0.03854.h5	3adbe114767d627a01778264c63a54d8
torus.out0.03855.h5	c7e6fb53d1a2aa30596abc8928c5a059
torus.out0.03856.h5	878034e5c8180813241bc74207941bf4
torus.out0.03857.h5	569468b3487bcdc6b9463be6fc337050
torus.out0.03858.h5	f9efb2cd1787ae146254cbd107e8abe1
torus.out0.03859.h5	c98b0fa4912cbe4484758dcde65b5255
torus.out0.03860.h5	e1a955093bc3b03b0bc6cb2be7d83298
torus.out0.03861.h5	fa9cc78a9b16fcd9884bd241df4ce1c8
torus.out0.03862.h5	669a0a7ea9348c068153e1a46b9baed7
torus.out0.03863.h5	571611a3fcc4c01b433ebc6e1d4d2bcb
torus.out0.03864.h5	4ebb8c85ad8c15913912a3b2d7bd1462
torus.out0.03865.h5	4185c52b0edd10ffd0310be26aef6d1d
torus.out0.03866.h5	e27a887e3b8d985bdddf585ab8458483
torus.out0.03867.h5	f703f05f386655b9a9b2997919fd46a0
torus.out0.03868.h5	9046a204418ed2c96148bb9ad7c78712
torus.out0.03869.h5	c93362fa169bb81d59e08cd9385fd534
torus.out0.03870.h5	6dc2fa4f7bac34dc3dc731c5f51753bb
torus.out0.03871.h5	2711c37f4545891972b2b75ed020a5f9
torus.out0.03872.h5	497bbf9ed346084de53fdebed653cc1c
torus.out0.03873.h5	9ae62f309b429877913842ff2b5155e8
torus.out0.03874.h5	fd60157480bb96859434634bdce8b63c
torus.out0.03875.h5	9322536ad86f84046f25b6087b15eae3
torus.out0.03876.h5	bac4c8a581f809117c8a830f85f4be4f
torus.out0.03877.h5	b850fa3dc1c642c5892517358cd135f1
torus.out0.03878.h5	a70579ef07089617a5500615ad37df18
torus.out0.03879.h5	2495c60ed26bed224b38ddbbf6b7dd0a
torus.out0.03880.h5	70ac2c2e2206aaf5018845b4d479f964
torus.out0.03881.h5	618e4c42317094b7fa49c0195bc921ff
torus.out0.03882.h5	bbb59018507266df1283cc344e1fe976
torus.out0.03883.h5	064bc3ea11cac8fbd5b6a6a9fbc1d874
torus.out0.03884.h5	545b1e264a70b629af11cd84edc24945
torus.out0.03885.h5	4afbd087d1760890b08bf7d1fd56a6f9
torus.out0.03886.h5	84f442eee920b921bb6262c6c1d3cbd7
torus.out0.03887.h5	d2cccedb96eba93f3e46e05645b3396b
torus.out0.03888.h5	c29d6de8f6136bcb7cec80ae7c52d7e4
torus.out0.03889.h5	f12a3cdc56da31f2c43d547b2cc868f6
torus.out0.03890.h5	72dda8d3ae370f2a8e9950d6160635b9
torus.out0.03891.h5	aa5906d47c3988522ff85f0755879fa7
torus.out0.03892.h5	3bebf8a3f79f15f50847d9525181add7
torus.out0.03893.h5	2c6eabf40d309b924434eb64246c65cf
torus.out0.03894.h5	657465fbf0b0481bba730fe69d2ece96
torus.out0.03895.h5	098fb2db891804c8507bb951a6ea043b
torus.out0.03896.h5	39b003eb4c1977a65ef43dbaab5c7667
torus.out0.03897.h5	988a25b788480e1b0eda036f92e8a1f1
torus.out0.03898.h5	bcb9a715e1e3494871e4d023c6a58266
torus.out0.03899.h5	d8834eca220b379a256b7f0791e8fc31
torus.out0.03900.h5	14c914a54e329e58d148c7ee006492c2
torus.out0.03901.h5	98f4827ab54112529116f2a34b2ec36c
torus.out0.03902.h5	e6a5c754b931c848a39fe3d2c1d20fc5
torus.out0.03903.h5	9fd9bcc22b5819a424bb3478e907ff3b
torus.out0.03904.h5	e2bf4c464f3e698709190f3ae1a4936a
torus.out0.03905.h5	c26f21214a27fb75b1cc7a198477f1c1
torus.out0.03906.h5	d2f034de7c113257466d0598492b67f6
torus.out0.03907.h5	405d1be4b7b472f113e1d9074cf705ca
torus.out0.03908.h5	dfb144748e87967343894412609c9668
torus.out0.03909.h5	0efecfb93fe5fbee5dcb8a489290b7ef
torus.out0.03910.h5	cd625846f02e99bb28f428bc308d1890
torus.out0.03911.h5	f77686c0287265b9c9dbbbf75fb267d9
torus.out0.03912.h5	e599c27e0032ad7c005a1c8009905651
torus.out0.03913.h5	b8612d320e650e376b8f74516ff2f09b
torus.out0.03914.h5	75b6ee7e30691136d29ff3cb6b9237f9
torus.out0.03915.h5	5fe567e1c3bbefae2b3a85714be6478e
torus.out0.03916.h5	255446b918b758c3015ddb9affe36c30
torus.out0.03917.h5	9eb5205657784fc826c7ed44392ea579
torus.out0.03918.h5	13e5e9c1d8feca87d010eed87d5e0bb5
torus.out0.03919.h5	6c2b7923537ebe6b0f87e5b5aeda3ed5
torus.out0.03920.h5	e01899ee087fe09f193a09306746cc0c
torus.out0.03921.h5	2da1eaffb52c6706639b6e27b23be37a
torus.out0.03922.h5	3cd5f367d5d837f51174eded1861f3a5
torus.out0.03923.h5	71e2c84f43dac0dfc1372817e088888a
torus.out0.03924.h5	9199331da233b281066884488045cffa
torus.out0.03925.h5	b2987dd6a8fddd12295679d530e826a5
torus.out0.03926.h5	95de877e697ce6f7aa5fbb76e668c34a
torus.out0.03927.h5	f11e4f2a1becb7efe7fda923d3a7f91f
torus.out0.03928.h5	e0909715e9e950303598f81949e28f23
torus.out0.03929.h5	e08e40fdbd170f4cdc55c869689f4543
torus.out0.03930.h5	601fe4bd0362bc841bb3454867c9891d
torus.out0.03931.h5	452398e40fdf1d25e64d7598c0f73bc4
torus.out0.03932.h5	df2a2db8576bb1aca8ffd785c10450e9
torus.out0.03933.h5	3b38b68b871418e7011391cabafa9ba7
torus.out0.03934.h5	3d0e24eb578e3dc33e248fe153d1c8c7
torus.out0.03935.h5	edb7b073043129a9f910302c2c6fb400
torus.out0.03936.h5	c7798f6c00a156a5a835d1d6bfcfac08
torus.out0.03937.h5	5a749f1d1cff17a92c1e5b325ac08636
torus.out0.03938.h5	506037fd21f7de09bf3db1778b1c2017
torus.out0.03939.h5	7e1b0baf8f7c1a6b7325eac89891b727
torus.out0.03940.h5	b3e44028976add7ed7edab7521703aa5
torus.out0.03941.h5	54391aeb129852b9f71be8014275d1c8
torus.out0.03942.h5	5f60aef781ccda2cc3ea667060d5cd66
torus.out0.03943.h5	26a3be6b5e4a666c0889556880eea48d
torus.out0.03944.h5	ec766058cca47dee75d24dbd78b4bec9
torus.out0.03945.h5	54dda7e97127b239050e2908102173cc
torus.out0.03946.h5	61e7fa5ace952b88751fb02f3cc86bc1
torus.out0.03947.h5	9b85e49730c18f99a07fc108412d569c
torus.out0.03948.h5	cd6f0075f5b000a33d661f345f41d12f
torus.out0.03949.h5	8d19cfe0330c19d61385c961a1a2b9b4
torus.out0.03950.h5	d0e5731d38ddea6077c0e8de2350c846
torus.out0.03951.h5	fbc54ce78b2dc2f0fede48310a48db09
torus.out0.03952.h5	d43ba1a43f1ad0805b3724aa36549748
torus.out0.03953.h5	a2c4b7d02ca42e7480291e9eac085638
torus.out0.03954.h5	b1f98fbdc742656e52fbd0149ba84f9d
torus.out0.03955.h5	22649ee74242670152ce861417d32424
torus.out0.03956.h5	f870f5865ea20782eb39ef9fb118f1c8
torus.out0.03957.h5	c9c46b3544dfadb9fa56d36b4e70b964
torus.out0.03958.h5	0c875bd82467deda22612db8af217875
torus.out0.03959.h5	549b5d8f4994ecee3e0c6587c478b033
torus.out0.03960.h5	497da9cdcd931db1b4f52bcd32369427
torus.out0.03961.h5	70feba01b6efd0beb3c0a80f7caea575
torus.out0.03962.h5	9d865d1faef676c99145226db6c1aeed
torus.out0.03963.h5	2e3f20f43a0bdce1230eb072114a34e9
torus.out0.03964.h5	88ca763b2e1ce7f863bde99940c2e098
torus.out0.03965.h5	1aa3ebef8bddb58a5683459aa7517708
torus.out0.03966.h5	da301408bb13b94f98a8322c73b210c4
torus.out0.03967.h5	705f26a85d7befe31d5b8fbd1159a199
torus.out0.03968.h5	b6a85505085b78fd0ef6aaaa3583214f
torus.out0.03969.h5	a6dec2fd36bf84f8381fe4da5bda4c68
torus.out0.03970.h5	6ec60b1fd04f811760766496a71d39e7
torus.out0.03971.h5	655af9038b9b7fb64aa9d7260b8888e3
torus.out0.03972.h5	7315666a484c0040ce4c54693860d35c
torus.out0.03973.h5	8b27882f849175b5ffb4ad0e7d6d4c80
torus.out0.03974.h5	ab3eed5427760b4614dfa33f48561936
torus.out0.03975.h5	cb8a65f22af278fae328821ccfe62143
torus.out0.03976.h5	b46bf9a4a94a6a0fdd020096d1af4c2a
torus.out0.03977.h5	70a8ab6ce8fe168be2e58c7e273f10e2
torus.out0.03978.h5	a84308cda94522c98dab75fdaa641d33
torus.out0.03979.h5	3043c32bcff518e0cda53eaf977ecf70
torus.out0.03980.h5	36de4b3e060f544e70c0ce5d0046fd46
torus.out0.03981.h5	47227cd66c33d7be707d1cb59ab85bdc
torus.out0.03982.h5	41e2ad8ba3100bc69a2e34a995cee0fe
torus.out0.03983.h5	d185e711e3448f6e0a765591249c18c3
torus.out0.03984.h5	83bf929898b76cce8ce2a1863283bb81
torus.out0.03985.h5	ebb0e812441995d995098e909bbaca7a
torus.out0.03986.h5	ffec1dcb0db76b5dfe58d0f9a3ad8e73
torus.out0.03987.h5	4261facbc4ea9957996155f4029b9726
torus.out0.03988.h5	ae01a213ba9b1528083fff277f2847d9
torus.out0.03989.h5	643dc9016be6e38a206a89a307527884
torus.out0.03990.h5	e824236aaba91eacaf37f77acc27e31f
torus.out0.03991.h5	9f18d824615aaaf56f9d82b72aea6917
torus.out0.03992.h5	2eb094596019ae0c239ba0d1deb3adf9
torus.out0.03993.h5	d660648b54ea825c4a7f6dfca1413ed5
torus.out0.03994.h5	ce6eacdbac38ad105984563c831fb878
torus.out0.03995.h5	cafaf3ea20066572fbaab34345563d71
torus.out0.03996.h5	c29792cfa62c55fac4cdcac1b391f2a2
torus.out0.03997.h5	a6a882518f83c934351b16a51a002bd9
torus.out0.03998.h5	88cfb862a4a2da085975a8708a6f8980
torus.out0.03999.h5	842c5297bb8e552ef2b2db1d2ef932ef
