torus.out0.04000.h5	d833f6a4835d56edb429a30f82f8e7d5
torus.out0.04001.h5	db362ffc15abf60b30603ba4fb30bc45
torus.out0.04002.h5	7c52326a9b935e7c213ceb4f82d445f1
torus.out0.04003.h5	9736e39b0c87ae4d774ab899bd422065
torus.out0.04004.h5	4ecd6b05fcc248bf06b7ab89bff73456
torus.out0.04005.h5	ae732c7b3616326b73d223de0e373446
torus.out0.04006.h5	20781ecf2b014688d028a98f3ef23a09
torus.out0.04007.h5	8dc435a02a892d3e026a15bf1e1304a2
torus.out0.04008.h5	e946eeb414d0a99937a2a229dfe8f3df
torus.out0.04009.h5	12bf63ba6afa5aa950745aab296bade2
torus.out0.04010.h5	135102f13321e4b2479a91d7432f1c7b
torus.out0.04011.h5	cbfefdb3ec5e762a2b1b102552e42958
torus.out0.04012.h5	30b7a9601ab8df06849e9013f483336b
torus.out0.04013.h5	aa3bf34029b8f54ec36a7cb58ba28451
torus.out0.04014.h5	933a461e23a90024781e9ff1b9f3f99d
torus.out0.04015.h5	3427d8fc0341942d14c6d89d197b8758
torus.out0.04016.h5	724363d62bcd6ef5618d4799e5088ef7
torus.out0.04017.h5	2b166c606382f1b82d6b4f2c9e6a7c4c
torus.out0.04018.h5	0bafa1bf7358acdbe8006102ec0aeca9
torus.out0.04019.h5	8f484fb40100714c9c8f5fd153aaf154
torus.out0.04020.h5	49604873d8804f0441a3337e913bcd12
torus.out0.04021.h5	486d1d2b93b270d9c8b91ae3934f4511
torus.out0.04022.h5	1e2e7367fccb08a3db829e4b102eb707
torus.out0.04023.h5	254f26650295fa3cda1796ff05fbcd1d
torus.out0.04024.h5	c627d3f1ba0de3a3788a2e45e49358e6
torus.out0.04025.h5	9c00d664b40abc12ec76bfd131d1fd96
torus.out0.04026.h5	2f563749f17ff0a9f7cb641a42cc94dc
torus.out0.04027.h5	de668891c33dd1986ef54bf0c6ea4d78
torus.out0.04028.h5	b94cbdd78b64dcc5f647b2d848bf6897
torus.out0.04029.h5	48c19db89aa9c17320b888e2d4cc6c34
torus.out0.04030.h5	5fa827f836f2c59ddaf62ed891ca4b57
torus.out0.04031.h5	80f817f64628533354177d32b64ab754
torus.out0.04032.h5	6b9f1683dbb4276b81a5c7ce9dbbb822
torus.out0.04033.h5	d52fc10d29e458cb79f76ba32b0e1754
torus.out0.04034.h5	e3c6880bbf1358179a0d2fd5a823cf32
torus.out0.04035.h5	747bb8d338b6b584c08641aa6a2e7ce7
torus.out0.04036.h5	d9cdd7f082843d3ea9edc2f9655b5a2c
torus.out0.04037.h5	503602fff1337de200b95197a789e51f
torus.out0.04038.h5	73e359a16a794a572bea968e0b4dd906
torus.out0.04039.h5	8bca46e5667e938a9e3be376665a54fb
torus.out0.04040.h5	61939b389980a66f9ee267793255e3ed
torus.out0.04041.h5	1b6230eb16113bb7cec8df9a81916731
torus.out0.04042.h5	d14e8ad86f991b1882ae046d18ffaf85
torus.out0.04043.h5	6d08865387a8a3fec2345c5c6eccbbd2
torus.out0.04044.h5	1a3363e5402f7c59c6d5ed931c95a8f7
torus.out0.04045.h5	49311b520d8ff9bdcd27245376205fb3
torus.out0.04046.h5	3fdefba8d892ff84d074a808dcc0513a
torus.out0.04047.h5	5d5ff93504095534184d6a1e4f04b5a3
torus.out0.04048.h5	baf0d6fb824d883824f087bad77b93a1
torus.out0.04049.h5	e522e47a21793f297293211bf213e20e
torus.out0.04050.h5	03fe0df818af3d9fadc10ebfe012ad93
torus.out0.04051.h5	a49afb2fb4fb553df89c0530f48d9b41
torus.out0.04052.h5	20ea26c112340d24e93480cd0278a3b6
torus.out0.04053.h5	97de124accaa3c81ebb61ba6afc30345
torus.out0.04054.h5	e9128bdc40e5a871e50b2b226e961c67
torus.out0.04055.h5	7a9842e6e7cd16ba0f51677558bfe9e9
torus.out0.04056.h5	ebb1bd2491dd1d7ff4104356aa14153c
torus.out0.04057.h5	4f6b3469b3c41ec9a1bd875d3be6f2a2
torus.out0.04058.h5	ab6389afc61ccbc2aabad4b8120159b2
torus.out0.04059.h5	06c902ae6988b4e9a586763b780d0f28
torus.out0.04060.h5	0bf7229311175fd2fc0e252fc53d7ef8
torus.out0.04061.h5	b4f1ffd43eade3141f1cdf973dc620d3
torus.out0.04062.h5	76338240224cb9c1d5026e2020273129
torus.out0.04063.h5	66224e54917faf4df8c56faf25394be5
torus.out0.04064.h5	d774434e5b7bfca197222d9ecbf15d22
torus.out0.04065.h5	9713b2bad8c5862eedc2def1c4297ba7
torus.out0.04066.h5	40c84146a56d3f727079f700844ffbc5
torus.out0.04067.h5	271d68c4d8371582644ee3e0ca0e4880
torus.out0.04068.h5	e458c1d506bae2e734905c3f7e981e98
torus.out0.04069.h5	182118fa1d696c3b2bb5d9a91d18d32c
torus.out0.04070.h5	229bd967ac22394c70f001d875f90736
torus.out0.04071.h5	f74f2912f4917deca15bba36e599aa08
torus.out0.04072.h5	4629c0ed4ccea0ae6216b6d7a951de4b
torus.out0.04073.h5	8e4b415b6a3a3ebd83780763a33dac82
torus.out0.04074.h5	43d3d90858f732ce5165a87fb44f1b01
torus.out0.04075.h5	9c23c3f2744e9a65efd5f0c3abf23b44
torus.out0.04076.h5	66faf4d8e763a3afbae8b7e67d057c60
torus.out0.04077.h5	dc7e39342ed22c59aa63637027f70348
torus.out0.04078.h5	7c5681ac3d4200c1d3dc1f2d11ab02a8
torus.out0.04079.h5	5a5cc27a877ecadf12aa1d78d51efb1b
torus.out0.04080.h5	ff81ba8cd596575a678a3a7235a27a5c
torus.out0.04081.h5	e014477ca9af8c09211724082b6a37ff
torus.out0.04082.h5	854cfc9f948e6d0f5e157794e17f2f21
torus.out0.04083.h5	aec90bc032f93aa186af85741f313437
torus.out0.04084.h5	c31c8f99a38037ef3221f5bbf22c0e95
torus.out0.04085.h5	065a7d52b91c417d12532116db96606e
torus.out0.04086.h5	306f1b2b3e6b4f19de3d98f38c1fdcf8
torus.out0.04087.h5	e600a35ca1dae6e4b257ec7dbe2dac47
torus.out0.04088.h5	c56166e966132b2b199769541ebc78f8
torus.out0.04089.h5	ece9958b1e81e54fc6200132706db19b
torus.out0.04090.h5	2f1a2d6fd469a993b7bde2aeca27766f
torus.out0.04091.h5	bae19bd0f580629aa5a7186c5ee94994
torus.out0.04092.h5	4ba443aa7de92768fd1fc8eddddb25ac
torus.out0.04093.h5	66fd5ca7fb2129c1dd3cc1fd9203fe68
torus.out0.04094.h5	4e19bb449c09fb9d846cece4115c2882
torus.out0.04095.h5	b2fb47ce6f3a83e56d2befa9baf60e1a
torus.out0.04096.h5	77c8731bd36ed4e84cd797abf0980edb
torus.out0.04097.h5	846c9631ba18050cb1c1bf89688ee1e6
torus.out0.04098.h5	f03aa15c81df56159b3078afb731d44b
torus.out0.04099.h5	13150ac3b3a96555a9cdec59e110b9c0
torus.out0.04100.h5	99c656dd57e4b3ece72df6925c322c09
torus.out0.04101.h5	7a9cd3f13fbb8a67b823f347cb2170f1
torus.out0.04102.h5	df67f23434937f5af9a160e90551bd14
torus.out0.04103.h5	d3ab24d3c9c291f8e0d2a17999eb4e5e
torus.out0.04104.h5	ed15da255805417bbafac912028f002e
torus.out0.04105.h5	dc8e6e9f416283da24032608880b2534
torus.out0.04106.h5	2bd5c93362afa2ac63fcbde8be78e309
torus.out0.04107.h5	9339a103b9b298ec5cff79182f997f01
torus.out0.04108.h5	ebced79ee124c4a00a9b66daf2d8b9fb
torus.out0.04109.h5	ea1b6328404b47984a6e3a481eb7bd1d
torus.out0.04110.h5	05937c3e869ecceb18ced8c2d76fd087
torus.out0.04111.h5	b7166d23d3e64ed510847f6b8b5c3ae2
torus.out0.04112.h5	b9b942095b1c4abdb5b0a85a107c29e5
torus.out0.04113.h5	e1b96a54d73c91fdc2237893d5e05345
torus.out0.04114.h5	bc63c7dce1d0c6727d969825d09260aa
torus.out0.04115.h5	9283346d2407ba333cd42a224b846100
torus.out0.04116.h5	f77d29c06fdd60a142b502cd94d8adde
torus.out0.04117.h5	550881608256bdb85263b5b673a6daaa
torus.out0.04118.h5	bb2d5b4a2b4292cc6b94609e4f7835bd
torus.out0.04119.h5	08f11e248ff8add500438db1eb5d344b
torus.out0.04120.h5	101fa018288ba9b93941ebc52b96737c
torus.out0.04121.h5	075b17d3d1032e4e3c52a64a8be36bcc
torus.out0.04122.h5	798ae62d1501d3c3e452ce05c607161d
torus.out0.04123.h5	728edcd4f98e7de82a788a954dc3602e
torus.out0.04124.h5	0b4cc80c7c9c67f4fd613ef8152737be
torus.out0.04125.h5	424e51b0ec1743bd885080259d643c47
torus.out0.04126.h5	f770a418cc22363fbf9ae02d1f59f11d
torus.out0.04127.h5	7d61d9b6e13484fa155a542980d4a1e9
torus.out0.04128.h5	fe21f4b43736b884fcb5f8429b226f83
torus.out0.04129.h5	541c821330e0e7ce635105c91a7ac440
torus.out0.04130.h5	e1c76ac37199a018dce08e85521f122a
torus.out0.04131.h5	195678796ad214aafec455204781eea5
torus.out0.04132.h5	3dd9491f60ef764530573e9b7ceaf3c7
torus.out0.04133.h5	b9b3369bf6d4768662679acf0def2a89
torus.out0.04134.h5	63a71913feb5882f7ca3c9970db1c4b1
torus.out0.04135.h5	340439009be650c54c851abb4b2711a2
torus.out0.04136.h5	8de3d5afed66ce295b743656d6a5cd0d
torus.out0.04137.h5	c176428885fdf19ba58c1cb46d4672ce
torus.out0.04138.h5	97b4abbb41f17ad20dc977268bbaae06
torus.out0.04139.h5	062a86f7133f15a1e4012f9e9b3ef26e
torus.out0.04140.h5	a2a1b7a408a41481417c257470a628e1
torus.out0.04141.h5	2c3aecb1ff259dbc2c8b2616bceacd26
torus.out0.04142.h5	d4667025c00086f5e08d807c76eabcd5
torus.out0.04143.h5	b9bb9ccb9c853abbda4f34992b0059b2
torus.out0.04144.h5	e65f5d25a18efc9c2510a0366863b066
torus.out0.04145.h5	a87aec3d94d9093ba6ac2291f0a0c391
torus.out0.04146.h5	488810f92c6daefab2afaccdf12db477
torus.out0.04147.h5	994ccd7f7741b63f406c802ccf36e8ce
torus.out0.04148.h5	55af45fe4fa20c298f3cafe4a6339c50
torus.out0.04149.h5	064cc3975b8b0330860e5d48ddbd24ff
torus.out0.04150.h5	412b7a5f855741cbc8294b9b60d5c02f
torus.out0.04151.h5	6c3c1445ce5215794be7eb376a95c464
torus.out0.04152.h5	26b2e0d24271b244bf34a053c2f265fd
torus.out0.04153.h5	badf9affaa54b3022903bab9516282e6
torus.out0.04154.h5	ce5d6d6e2538400ff6c3040eb349f2bc
torus.out0.04155.h5	13275ea852f1c6ef2189d712096ce88d
torus.out0.04156.h5	6395a4fca4800b1ed8d1755f4ac4c1f3
torus.out0.04157.h5	56752b93702289d9110ff41ef4caafae
torus.out0.04158.h5	a21092e2a15cab665cc0d51a276da1dd
torus.out0.04159.h5	308c5089217476eda489297a04d76c1b
torus.out0.04160.h5	988d40596d31c22745d01da39fa9c855
torus.out0.04161.h5	5cd658bff16a1ffdef9624cb956f5676
torus.out0.04162.h5	673134a1ab64524b02ed24eb6f3e836e
torus.out0.04163.h5	771eef6f507228634a9a1205354c15eb
torus.out0.04164.h5	489d4177e807f56365e3cbe03a303521
torus.out0.04165.h5	863ca4453845b4d5156600c0262dbe82
torus.out0.04166.h5	643602d13f1de7dcc4f4d401f91e7a1b
torus.out0.04167.h5	074d96139c81dcb52ea359c8990babfe
torus.out0.04168.h5	d86392da960771980083d961d5aa79df
torus.out0.04169.h5	5ea095f1256b046c2fe914b32d24854f
torus.out0.04170.h5	a7a18b6d2777905722ef023418f55c3e
torus.out0.04171.h5	21f487dc150296999e7bb70f99d84ed6
torus.out0.04172.h5	e43f81dba33f3f5dcce4b469c02215b3
torus.out0.04173.h5	3bfefa5c09f9d3e9a9d80af5244e0d12
torus.out0.04174.h5	9398b5b9bfd0798027f3243cf18eeeed
torus.out0.04175.h5	86d4fca2d39d40a542845b8ca89438ec
torus.out0.04176.h5	e4a8ce81406afa64ba9a5aec815e5365
torus.out0.04177.h5	7cd4a7238d64a225cf61bf1278f08167
torus.out0.04178.h5	7dd2188c9042994fab662dd300ab510d
torus.out0.04179.h5	483f96d14b6c49450581b9d2da4992b3
torus.out0.04180.h5	6c66b63fa04fec0dc140c5e36d458f95
torus.out0.04181.h5	1c8de52cc4ed2a950de338ea6a5a7c8d
torus.out0.04182.h5	59835443b4ae4a214cfde523001711cf
torus.out0.04183.h5	e6d52534399a41e212865460696e051d
torus.out0.04184.h5	401aa322067130cdc9b45281f3cf9a84
torus.out0.04185.h5	2bc3f73690deacc1f8d3ff91466f4d8a
torus.out0.04186.h5	f4810a7c184119e1955bda1e885cdc81
torus.out0.04187.h5	af87108817c76c335c05ec5b9a5e284e
torus.out0.04188.h5	513ded1f01b2fd66c83704492ad53994
torus.out0.04189.h5	97ba13a3085325cd4d869d5f11660e84
torus.out0.04190.h5	81e09964670918ca48fddd10958b7284
torus.out0.04191.h5	2021ccf2de09c6db8742a4e87111e067
torus.out0.04192.h5	8ac5f6d9c91c8bcd19dfb753c460373e
torus.out0.04193.h5	b19fe8197b2bf279446a8a497474cc8e
torus.out0.04194.h5	3e9b16486b87e3e63bcbb5c325b05034
torus.out0.04195.h5	1dc6865f0d4363a55a4158a24d4c70b0
torus.out0.04196.h5	8e217410b6baeace580c0141c776518d
torus.out0.04197.h5	51fb754b3cbe1243a7b741724a15a6f6
torus.out0.04198.h5	97994692790a822630edb2f214fa88f4
torus.out0.04199.h5	17677dc37bb5ca533e37f51a72e13a7e
torus.out0.04200.h5	901d364700ae9a75d28ad6322cf08f6f
torus.out0.04201.h5	aaf2995dfac02d26de7810c83bce5c1d
torus.out0.04202.h5	725d3d3b5347043fcee5fc73e2c55c9d
torus.out0.04203.h5	2b80b8ac048401b67391b94e0dfca63f
torus.out0.04204.h5	9ce7c0d7e8b7f2fd78451595a7c2a8fa
torus.out0.04205.h5	2686e3b5f0b55de909471caff73293f0
torus.out0.04206.h5	ba4eb2b0565e0daa53acee805bba4768
torus.out0.04207.h5	e0a7b70f86bae1e926c70aa17c5c5828
torus.out0.04208.h5	66c93f44fb5f7cd43932c218852cb6f9
torus.out0.04209.h5	7f9084e955c65ba67d21ef21c69d2802
torus.out0.04210.h5	30a700569abd6e99afe32b4b61e7ef20
torus.out0.04211.h5	deee9b0f802f6a3674232f036f3f82a4
torus.out0.04212.h5	a2b0c5af8d445af716faa98d0de34a9b
torus.out0.04213.h5	d80b2e0c8630a3ecf37dd33e2a17bc38
torus.out0.04214.h5	4096839afe573c0652fdfa83ea9330e9
torus.out0.04215.h5	9cfc1625a62b99cc9ace7de01962428f
torus.out0.04216.h5	f6a7c6f7205ba514e2ab639435205ae2
torus.out0.04217.h5	7bd2481136d14d1d9a546afcd200481e
torus.out0.04218.h5	83cdebaccde3f5afc90fe3c48e7a58f1
torus.out0.04219.h5	a71b304087bbeb3ce0f7817b67319d3e
torus.out0.04220.h5	f6dc10035db053f90e67ce6bea9faeee
torus.out0.04221.h5	0743979313f7e7ec82e8d57cc2a3df20
torus.out0.04222.h5	9982545f635be0afcb55cc66428a7702
torus.out0.04223.h5	d0085129208f15eb732142e3fa0b1aeb
torus.out0.04224.h5	08e30626db51f22d5e3d0436a26641b1
torus.out0.04225.h5	378c5157d9cc7f3db32269aa4d486bcf
torus.out0.04226.h5	c95d7f21ca3b916fa8b26a4ad245fc6a
torus.out0.04227.h5	4c251ff3367e19c8f36fb65aa433448b
torus.out0.04228.h5	4decf296028a9c4c7582fc7133737e88
torus.out0.04229.h5	8d520dcdd91e1ff5128753d9b6bbb010
torus.out0.04230.h5	b32f4f45120b4a48d90436dc9f129a45
torus.out0.04231.h5	155289218381305c30f63b72c40c5740
torus.out0.04232.h5	fbfb43cd69045e6db221f06117aff8d8
torus.out0.04233.h5	b8f533505821761d7f7e53dbcab80096
torus.out0.04234.h5	8cb2bcccd9894895c0b16fd4737467e8
torus.out0.04235.h5	4473ff9896ad4e12f4c274ca86e4a050
torus.out0.04236.h5	63c616097a42415c933144a39172a0d4
torus.out0.04237.h5	885e88ce59273d0cc4a12cee7fcd39dd
torus.out0.04238.h5	01dfee3b532f5669754b275dec3babc1
torus.out0.04239.h5	bde866cb2ba63378b8ddafcebd0ce5d4
torus.out0.04240.h5	429fb4975f42e23b45ce45bb2091b406
torus.out0.04241.h5	d29c4eb6f5ec5a87bfbd48a46e2b947e
torus.out0.04242.h5	ed3dc4d524633d7d3fb052fd8698ba72
torus.out0.04243.h5	16c11f952b0a4f74bd3ba918ed6b6487
torus.out0.04244.h5	2b36204fe73e84df3eff8c71e57c5c0b
torus.out0.04245.h5	a9253662148cb0eef9477e45e9af9d9e
torus.out0.04246.h5	6a95d3853417f77641e04559232a8f38
torus.out0.04247.h5	ef4fb991e3f3edee544d7d992941d448
torus.out0.04248.h5	50d25b60fa2abc795f44142e44aa62f0
torus.out0.04249.h5	71f8c00798e65a512b61a0affe6d6125
torus.out0.04250.h5	43305395c050dd3c74668ecbc17f5b8b
torus.out0.04251.h5	4d0a6e1eabab28a485703efbcadd60fc
torus.out0.04252.h5	c338225ead4f88364cec45bb13b7430a
torus.out0.04253.h5	ae2350b43ebc65b7928e407211b8b16b
torus.out0.04254.h5	6272e80abcee0a95458409cf22035713
torus.out0.04255.h5	d3ba0d4c807a55d87077583d11bf488c
torus.out0.04256.h5	d2249768c6bf65b3e9c2a0d28a6c4590
torus.out0.04257.h5	649143fb29dc6c25221d54029cf3278d
torus.out0.04258.h5	cace12fac86ad30f7462be61b0f67ebe
torus.out0.04259.h5	67170053328b660bbc9ee5e84e2241ba
torus.out0.04260.h5	dc577ac6b72f333f3664d0d36821553f
torus.out0.04261.h5	0544252a0d5839be34772ef4991274de
torus.out0.04262.h5	1b2c44ae43c15d5495fcc1cef5cb60d7
torus.out0.04263.h5	032ee1a0fd342956eb2d2f43276006e8
torus.out0.04264.h5	7bd7adbe029948db13749db13559b342
torus.out0.04265.h5	6cf34ff81834392894ab5e4016fcac39
torus.out0.04266.h5	c8ee822af1b06fff8f2baaaebb67ae63
torus.out0.04267.h5	eefd247b486520e8c5a61866e243eb13
torus.out0.04268.h5	8e0bda55c519080d07b5b4874456166f
torus.out0.04269.h5	6190d23a5cf9a265f41e8276fd715f3d
torus.out0.04270.h5	650e104f41e080bdb3bce33671167264
torus.out0.04271.h5	d7b53207c8062cdac50834db9e3e5ebd
torus.out0.04272.h5	668234827deed455d6849b15425a8c87
torus.out0.04273.h5	f0199ac52b8598d17862beac604767ef
torus.out0.04274.h5	f2473b669ff3719b9f7ada51b27c5ba2
torus.out0.04275.h5	9ada9e4b004a8cf8f099e977cb4a7440
torus.out0.04276.h5	164b29cc1bffd2eb9efbeb0fcdbb29f2
torus.out0.04277.h5	49f1f47a03817b298713b3ec66216565
torus.out0.04278.h5	909b31993612de03ead63e8951b85694
torus.out0.04279.h5	04aa50af11965c8fb3752899a2581424
torus.out0.04280.h5	8f62666025ec6d1e806706e88cdb924a
torus.out0.04281.h5	846eee2331f7e71733b80461f23fcd36
torus.out0.04282.h5	aad0bedb31863d3490d417e5d018d9e1
torus.out0.04283.h5	0f0de1fb03212d5f2df5c91160fa7def
torus.out0.04284.h5	22575049c249c43cd49c3e11f628499a
torus.out0.04285.h5	74bebcca473b6721da4f22f3c2f62e01
torus.out0.04286.h5	7fc2bc88c22f5691de2ce9358f3a527f
torus.out0.04287.h5	c12f6ec813e021da7ffc42304ecd8ee6
torus.out0.04288.h5	37e511c534f1fa1586192ad1c54739fa
torus.out0.04289.h5	577d9eecba9eb37ae44e15553574a4ae
torus.out0.04290.h5	ad5ebea8595c5b492bcbd50f7051d7b7
torus.out0.04291.h5	f4e54f1ba64958e68073258bf3f430e1
torus.out0.04292.h5	0108ef0596f2fa0fa12855212b403a4d
torus.out0.04293.h5	c25d4edac6e11761aa6ecd27c075b461
torus.out0.04294.h5	c8a704042f0232dfb9a3d86177d14b60
torus.out0.04295.h5	46b8e2af86f3786607978850be336951
torus.out0.04296.h5	bdc6b3f17fdcbd88b0824140ce42a510
torus.out0.04297.h5	78ad7e6afcdb851a6dd426fcd152e470
torus.out0.04298.h5	669de8c8d7dc1df11a845632f3e285a8
torus.out0.04299.h5	a8a56289b00afdfb24c28021ee423292
torus.out0.04300.h5	395f05f7abb5ca436660608c7f24fc19
torus.out0.04301.h5	2aa78f006d3875317ff25fa30383a9be
torus.out0.04302.h5	e4c9ac86a55264237b84cf0cd8382f1e
torus.out0.04303.h5	c946b4dd5f7692b57af908fe3b2e972b
torus.out0.04304.h5	26f4728326b8604b04a730ef7b58ce86
torus.out0.04305.h5	2cd6ff01504535435e21777a30edd5b8
torus.out0.04306.h5	0d10d913f5a4f545d4576f70b4f90a0a
torus.out0.04307.h5	bf07c2ecc8afca8f12071c240c80ce08
torus.out0.04308.h5	485f23184f8f239ccdcb8d4e6aeaddf1
torus.out0.04309.h5	217345ff6662b801d52054d5bff97c55
torus.out0.04310.h5	c197cfac4b2508d791f7f45cb4ff7411
torus.out0.04311.h5	9a7a9428b162b854d24cae8ec77f8896
torus.out0.04312.h5	c37c43cfc39a17dcd29adcb1dcf1fd43
torus.out0.04313.h5	2a388081eac517237102129e21d9b795
torus.out0.04314.h5	8897949840e17dccb0117c029f707876
torus.out0.04315.h5	39d244c681430cb2f532cf66fcd79207
torus.out0.04316.h5	1dfcbdc2687249382b9e5b9a95184107
torus.out0.04317.h5	8114b04dc5446f1b991bd71f51a4ab5c
torus.out0.04318.h5	2ea4460439d70bb99e8a57f6fd5e8bab
torus.out0.04319.h5	ef39a460dd805aa1e8993b44c5b700d8
torus.out0.04320.h5	ebb888f3cb954f6fc9296352a3aa02cf
torus.out0.04321.h5	29f9533d6b0fe854413b09027caed421
torus.out0.04322.h5	b5f6c223f1bc5d06f55d3d6fe696c8bf
torus.out0.04323.h5	41c7da862d1c11593e70186a443c229c
torus.out0.04324.h5	78c76f895c78173246e99d4fdc6e34e9
torus.out0.04325.h5	79fdeeccb48af9a689b79ea64cae7140
torus.out0.04326.h5	27a59d3e3d67162aab1004e6052822e9
torus.out0.04327.h5	4d61233dd1e3419fb582dc584ee4c948
torus.out0.04328.h5	470f6a98cfaf530e67f9e91f7b78216d
torus.out0.04329.h5	8aa782fb0d203373dc21ad32e2d52adc
torus.out0.04330.h5	ed1c852e25ab019d9eda74f0797705b8
torus.out0.04331.h5	2c1c578ca22dde0e48add1e06c3a2a5d
torus.out0.04332.h5	c5c1fc4e7b69ac4af5f352c7f7b44a74
torus.out0.04333.h5	40972c0c1c065600a2909a8938efa44f
torus.out0.04334.h5	822f626692de19c82e48b47bd4c13965
torus.out0.04335.h5	818399b50d633f75fe28baf1ecec622e
torus.out0.04336.h5	78bec3d3a62358918b77ac695ff3e858
torus.out0.04337.h5	64010257f56c1cdb9de3e81cafef155f
torus.out0.04338.h5	93385da3434f13a723b99e56abbc08b8
torus.out0.04339.h5	cedc004f887d6e8132f061c5e78cd432
torus.out0.04340.h5	ef4eaec1abdab508778babc663e0ca40
torus.out0.04341.h5	800d0df7546253e258c1976cfea98310
torus.out0.04342.h5	64dc505022bf820729f7b0610f01c7e6
torus.out0.04343.h5	147f2955d59a22b8da606c48a41e0d8a
torus.out0.04344.h5	dcab64de3232db4da595d4f8c2b3c01a
torus.out0.04345.h5	e2ec1063dfab4c30ba3375392a069d7e
torus.out0.04346.h5	226b04e22f10fa7cff070cd6dea49e9a
torus.out0.04347.h5	b93b11d04e19953a8275a62c40403455
torus.out0.04348.h5	32ee4a874fcfffb4b2bc2a179870ae78
torus.out0.04349.h5	77f1c327cf8466b2d0f61e9b7275bbf0
torus.out0.04350.h5	b30aa7651f18124ca38b24b0c622937d
torus.out0.04351.h5	6701b189a06f7c33d1f59059842cad4c
torus.out0.04352.h5	ff452b23ae52356fcc36d1a35923ca29
torus.out0.04353.h5	5d937db7b3095b1d6a6736f934a06370
torus.out0.04354.h5	0558e3068e77b8ce9bd39a90583ff736
torus.out0.04355.h5	b0222ed425b24449650e99199bc40cd0
torus.out0.04356.h5	9e304975d3f79de1403a34c02f240d62
torus.out0.04357.h5	3d3fae8747ad7b00c3a5572bf6ce4f51
torus.out0.04358.h5	218c56f26d20b5bff0ee385c9a8974e7
torus.out0.04359.h5	f7fab05713ca935910759cb453f42a45
torus.out0.04360.h5	8209aab7bf9f4fa91dec495268d0069f
torus.out0.04361.h5	9ddfd85b88b0252a8d1134523cc67c46
torus.out0.04362.h5	29878d4f4da44e4beed58df2bb4cabc1
torus.out0.04363.h5	53c82798e4a32fe6ba5b578f75258d69
torus.out0.04364.h5	845c3f715736423eef1048c32c68e86e
torus.out0.04365.h5	a3a2982a9b905a8b38d373bea830d433
torus.out0.04366.h5	0f788cf2623e0eb73ede85c815177fce
torus.out0.04367.h5	abbd7bc0e4078734e6d9c9b70690185f
torus.out0.04368.h5	334cd3176dd207ed2d574eb519f22073
torus.out0.04369.h5	5278862fd79c5b13f9e4ac43c5114818
torus.out0.04370.h5	735928755740086ce163f2b8a4091c00
torus.out0.04371.h5	4a295a4f42b0ed323d6d38e4de6fc28c
torus.out0.04372.h5	6e383268420423dd675473c974cab478
torus.out0.04373.h5	e32a8dcdbaf8dd490c59fb3c7125b3f9
torus.out0.04374.h5	f3577a2747a829068921404c53d78323
torus.out0.04375.h5	1a2933245017b440f17e0fab5580e6aa
torus.out0.04376.h5	520048b8b50a7b02e033099e631151aa
torus.out0.04377.h5	39510d7c1ae04e12f76abfc6ea87222b
torus.out0.04378.h5	b0cd958ae30efc61ef937fa699772b2f
torus.out0.04379.h5	111a7b6a480416b6a356a6f766135dde
torus.out0.04380.h5	4fe308abb2c8db091ea1f89562e1e626
torus.out0.04381.h5	3f38df03333225bf8befc7984ec802a7
torus.out0.04382.h5	ebd44e84e836885924e62a6aba6c3a4f
torus.out0.04383.h5	1e14648e37d53ed058cab101a5b6a817
torus.out0.04384.h5	cbfbbc3288525580ed5f11d28b708d5e
torus.out0.04385.h5	8e784d9c4adb5faeeea5904c95ff0055
torus.out0.04386.h5	340a9b4a86d25910c8ec556f2a53e5fa
torus.out0.04387.h5	1e594fba441e5576108e7fc41c278110
torus.out0.04388.h5	c1f2909b8af981d7480d33b05e69b1f3
torus.out0.04389.h5	128c003fe7efa590d7ea1945783b5444
torus.out0.04390.h5	54dd9cf669a580a110671c4b755c75be
torus.out0.04391.h5	6469461af19b374f95974863d549bfce
torus.out0.04392.h5	1da6d50d8aefe22eeb05e8d7e081450e
torus.out0.04393.h5	9935519eb3557f2fa8af4b357d5e24e6
torus.out0.04394.h5	3d110da2cf90628aab3f38f6ce411799
torus.out0.04395.h5	5d9710e4e3088c84158a8f812a030e67
torus.out0.04396.h5	81ca0c9ab4be74df84e62bd2fea5cc86
torus.out0.04397.h5	a48aba5b581165c0f8ba5b19f41c3b52
torus.out0.04398.h5	600e39de97f856f40d1b44e439fe8710
torus.out0.04399.h5	91b802a47c70ae0aa932d746641bfe6b
torus.out0.04400.h5	0300956148082d4bdd4938d02ab15210
torus.out0.04401.h5	56fcdd640431acde22c52a83e24b2685
torus.out0.04402.h5	f2be446840933917543b0e1115c26cfe
torus.out0.04403.h5	f96360a39226d7720a931ce2a985cdfb
torus.out0.04404.h5	f2adcd23c7a6f00e1a84955a0ffec1f0
torus.out0.04405.h5	c2ffec71622a13a3a1a933e47844e539
torus.out0.04406.h5	091e382b9f1af6f50cd1a2c1f567eba5
torus.out0.04407.h5	852055e88c23c9eb87f7ee0770411c8b
torus.out0.04408.h5	55897955c101432d765a57180468f9da
torus.out0.04409.h5	4cbb1b0ce3e47fef3b8eb2ceb742b06b
torus.out0.04410.h5	d0c8bd94b63f558f33f90afe34c17e68
torus.out0.04411.h5	350d4fcb4f622a4bd2a428e7f68c2d3e
torus.out0.04412.h5	4636e634a4360a59b4574aca40df0683
torus.out0.04413.h5	6a587d5af9001bfd9cc445a30e3ae58e
torus.out0.04414.h5	ae5984b3b20ae089e0c5c1114070b827
torus.out0.04415.h5	2d4ce7f76cbd123e84591b0f4bb439e3
torus.out0.04416.h5	afc3cac9e11cf38a3f63ed805629ec88
torus.out0.04417.h5	249b4d76d957cd65efd726f47d79db3b
torus.out0.04418.h5	26c7962e488fc7c646f88c411211d864
torus.out0.04419.h5	c4e2fbe8156c02f237a4331311bb2cc7
torus.out0.04420.h5	a96e112d2dc9c74992c73c2f1c08c44a
torus.out0.04421.h5	439c56aac115787c6865e2eb461c79b3
torus.out0.04422.h5	c3ce8c6cd16809c15903bdce951fa045
torus.out0.04423.h5	c0eac864038788bd700fffbced0f729c
torus.out0.04424.h5	e0fca3264fb6e144ea967d22bfce1b6b
torus.out0.04425.h5	940e8a3c77defc6d1f0daf6eae49ffbb
torus.out0.04426.h5	3aed1a6cfdec94cb46d057d905f29e3d
torus.out0.04427.h5	aeadd462b2967ea46b7dda399b43bd71
torus.out0.04428.h5	680496f73957eca62563f3dbf272e0ef
torus.out0.04429.h5	4b65d193d46fc0945168ee5f81da04f3
torus.out0.04430.h5	586550eafd78a2b0ac3a982d6c312dd2
torus.out0.04431.h5	a4515afa04252a51cdcafa7ffbfcaaf2
torus.out0.04432.h5	049a99a45889e85be2b7cdc15bbaebc5
torus.out0.04433.h5	1caf6794191611ee7c2640c3bc72c67f
torus.out0.04434.h5	c763102813cc59d60236b3215c3f3670
torus.out0.04435.h5	f17775a23138fed892db41a8613a38c5
torus.out0.04436.h5	119a3a383dc84ba3386780289c3882f1
torus.out0.04437.h5	0c048f227951199b5fb6717cdf89e7e8
torus.out0.04438.h5	0ee44efdb74b7431abb701b23378280d
torus.out0.04439.h5	5d8027738c8818608a6e46e7d0e14e96
torus.out0.04440.h5	bd7606939c82de84c233dcd5f0d688f0
torus.out0.04441.h5	e8ff3a11b3935344e6262462d84018f1
torus.out0.04442.h5	886869518ab1b0d1c4874eae84471ea5
torus.out0.04443.h5	bb0c1729602c698a6b78f956dc6097a8
torus.out0.04444.h5	4fabbfb209d790c85c83d8fe89002210
torus.out0.04445.h5	72983fd7784e9453f3a571c07b91dacd
torus.out0.04446.h5	69a044a1aa7e1e0c36ebe62462beeee4
torus.out0.04447.h5	58b8fa6cb7e794cfdc00dc85d5fdbdf1
torus.out0.04448.h5	50444a7f6eb1b7e5621ec85b62312ae3
torus.out0.04449.h5	c2fd7ea15e333d93747852b698756d17
torus.out0.04450.h5	378dcd657a60a3a991b8de8d63045c7f
torus.out0.04451.h5	2d3815a00d673bdc8fadf043372b3737
torus.out0.04452.h5	4ec771c9b74870c2986e320a30723fad
torus.out0.04453.h5	3e636d98ff3cbf0751ddffbf5f9be5bd
torus.out0.04454.h5	21d2136fc5d68a67b88e745379cc7457
torus.out0.04455.h5	ae91e5232fa105a9a6c90d1228b39fc9
torus.out0.04456.h5	b46e3e05db335248559ffcb2728d84e9
torus.out0.04457.h5	3a1e5140af48567025d91d9aa0f1b57f
torus.out0.04458.h5	a2069d25c9276f33cca0692f593e2c52
torus.out0.04459.h5	8eb02106fe78685ccf46c3616b3e133b
torus.out0.04460.h5	3406f6234f75fb68faedaf927859652d
torus.out0.04461.h5	91378e59dddfd8cffc2ce6db165a81e9
torus.out0.04462.h5	9b2e9cbb6a6412a8b448eeac5384ad07
torus.out0.04463.h5	86bc302606b144fcd6987869d88393cb
torus.out0.04464.h5	5d28a402d51eb9b4008e23ccb61e0d4f
torus.out0.04465.h5	3653e582898ca6ad3891e1ecd11c32b0
torus.out0.04466.h5	463c10801d60abbafdfb79b86220623c
torus.out0.04467.h5	bad584c400be90e1b1b7b3da6f162e8b
torus.out0.04468.h5	b183077f031dab03da5cade8c36970e0
torus.out0.04469.h5	d9e7c1b65627cfff8935f4f4d9bd28d2
torus.out0.04470.h5	16a0fd65094820db0bb6fe38c54396ad
torus.out0.04471.h5	1171a580372965e78660c22bd3bec965
torus.out0.04472.h5	3402e605731b6bed86f269d42bca1da0
torus.out0.04473.h5	89cd85bbefdc46f777d7e1f75714831c
torus.out0.04474.h5	449112717cb860887888cd527ada8a2e
torus.out0.04475.h5	ec917420766d29b578f2f7475c29bc66
torus.out0.04476.h5	e06f2d367fafb56ac5a7d8c3f1482a77
torus.out0.04477.h5	f7d1e6f9bdd2f99c2267db22eda4660b
torus.out0.04478.h5	3f2af1cabad2ef5168ce2baf815c0199
torus.out0.04479.h5	b25cf127118fa5826ac4442fdc81b2c3
torus.out0.04480.h5	b631e63bed9e21a3dba3f3fef7d4ca3a
torus.out0.04481.h5	347f9a46006b51648ebbe3a2c4c9c8d3
torus.out0.04482.h5	295cb7d9f03d4531ba982686f5128f04
torus.out0.04483.h5	ff2291a4a681bcf8ea072f3451c75767
torus.out0.04484.h5	c161a1fb790669a79c816e8df77f499d
torus.out0.04485.h5	710786fd61bd596fa7d4c94206176be4
torus.out0.04486.h5	b4592b6cb07b7dd8b6e3ffdbc962be1a
torus.out0.04487.h5	02588bff2e7a09dc8b33ace5f6daffec
torus.out0.04488.h5	f22ef0d4fb4c301b640765520fa580a3
torus.out0.04489.h5	d92558aa0dad33bce2265a1d9a3b42e4
torus.out0.04490.h5	948ca734dd32dee2d929224be6fde4ae
torus.out0.04491.h5	3f2e0447bdd36bd34c708f003deb6d2a
torus.out0.04492.h5	1d333e8103ae84aa9f8fb3e658f2e948
torus.out0.04493.h5	8f6f1ec3c9cfc56deab1e8125bcdbc46
torus.out0.04494.h5	56403a72501b4d6b9202a477f23ca758
torus.out0.04495.h5	3505157c02f078fe341bb3f2246a0299
torus.out0.04496.h5	3444b8e9ec5e3c910a380f9aaf03b072
torus.out0.04497.h5	0ce787419af67041090ed8534115545a
torus.out0.04498.h5	bfa883657bf70a18d178a2b6673a1926
torus.out0.04499.h5	83c760d69600e9e0dfe0b2bbc981ed4d
torus.out0.04500.h5	77523c518efd852c6be9ca386b8dcab9
torus.out0.04501.h5	dabbc5afe5d74a7599b970f8d49bae5c
torus.out0.04502.h5	ab9ef1ac5391fb1294780be031508e8f
torus.out0.04503.h5	3ea767876da6389bd76ad03b151adf16
torus.out0.04504.h5	dae3b5f2ab44776f9a0a0311311d8d8a
torus.out0.04505.h5	96acfcddb89e73a5b3b82f8e1407c3d7
torus.out0.04506.h5	79281e20b038e34c5384b7bd011aaf67
torus.out0.04507.h5	ba9d4da46e07148b671bf0c8c19701dd
torus.out0.04508.h5	81aafd055d7505707e007caf2467cacb
torus.out0.04509.h5	985776a24402e84977dbe32482717b60
torus.out0.04510.h5	3b91e6f0a502a948b27a9ec2c4f6ff52
torus.out0.04511.h5	b84b367cb5e83710cc74d9aef4f2fc7f
torus.out0.04512.h5	374e20f549155ee65375ac2f3133d0a7
torus.out0.04513.h5	53f892120d6bc8bd2b20d72236b3f6c1
torus.out0.04514.h5	dc0f60e3960d1ff0bdce80cb66deb3c5
torus.out0.04515.h5	80eb0c06cfaaa349e28c99d8791f787b
torus.out0.04516.h5	5ac462e19fbc7b8c2313dc0e8b2c3586
torus.out0.04517.h5	55e940a6700f3a7264b904541bffcf59
torus.out0.04518.h5	d286147e4c281b788805ac5caefc7b73
torus.out0.04519.h5	ba68433354011cc7d514c7da2d6cfe2c
torus.out0.04520.h5	95586b999aa1cf0f74778071d9ca9493
torus.out0.04521.h5	49d220ce8b86785a63af15ccfb506a53
torus.out0.04522.h5	9bb16a10af74c8a0cedc83ae43073fba
torus.out0.04523.h5	b69a1e94b3ba49df5166287ba637515c
torus.out0.04524.h5	9d45bea005e8d466ee1c3ae0cb046b62
torus.out0.04525.h5	49bb753f4009ebb44569fbafebd22a52
torus.out0.04526.h5	c111c8e40b98cadb0f49b1c4d5ecae37
torus.out0.04527.h5	02552130fbb3cbe3d61d2a74b2fafd16
torus.out0.04528.h5	77fee42a978240bb45cf1d91281fa03d
torus.out0.04529.h5	93532ab1574ac23f54ee92768ca229ce
torus.out0.04530.h5	05eb52e5352ce16456891570dd2ef7a0
torus.out0.04531.h5	8978862a7acaaaa628a716c16249f461
torus.out0.04532.h5	3676da335454e12a6a022b5bc26bddb4
torus.out0.04533.h5	f15fa9a28cf2647e097c43a01d37e251
torus.out0.04534.h5	817b4db24b74f062a33444190eadeb50
torus.out0.04535.h5	1c83f9a8e04dbfe566e84aaf622598f0
torus.out0.04536.h5	46c0e03e15a3c302591eb2af40feea4f
torus.out0.04537.h5	89a6f936674be785a117b9e7788effba
torus.out0.04538.h5	bac53b85528de41456d693bd861e1db5
torus.out0.04539.h5	92585e32026b3c354592beb5aeedd19f
torus.out0.04540.h5	1ac1c7e3297130b5162cfa1222a6e818
torus.out0.04541.h5	e41de580ed2136ae71d61d490ae94654
torus.out0.04542.h5	8e3d5626eb0049732ea5904ac8033db4
torus.out0.04543.h5	5b59aece903c33e59a7a521989f15bce
torus.out0.04544.h5	694f249abbc0810a5847f56b777314af
torus.out0.04545.h5	6f729c51110f047c88f3cea3e5aece06
torus.out0.04546.h5	a6b007677ea9d68519d096c423fd6378
torus.out0.04547.h5	f2e59c70cabe6e1c0056b26152ea1f9a
torus.out0.04548.h5	7bde70196436c78f672866cf74cc27eb
torus.out0.04549.h5	5827902fdd17295cd3cff6a3100f70b5
torus.out0.04550.h5	f35f9668fa3343ab9ef37f85e576eea9
torus.out0.04551.h5	1be3bafb96b620d394885460d51c108e
torus.out0.04552.h5	febe2afce08c19a9323160e96adda88f
torus.out0.04553.h5	66a001249c7f0a00c3ed7d5dce97b9a7
torus.out0.04554.h5	b846fd99d243ef0b390f8e67a45307d5
torus.out0.04555.h5	39c0638963082d195d737086e7bb9a19
torus.out0.04556.h5	db38ed0a506f8990a852b124f822f972
torus.out0.04557.h5	9d95cef024ba9a345133293a9d003877
torus.out0.04558.h5	51f050eeace415632dda1b49e9e1e829
torus.out0.04559.h5	cfbb570a1293e0c132635069ddac67c0
torus.out0.04560.h5	919540e9969f2aaa8eaad580b5d680d3
torus.out0.04561.h5	28d939b9ecd27f41b0bd510e146e9302
torus.out0.04562.h5	b37bdf304f889c2ab1557dcef088e79a
torus.out0.04563.h5	72e4e8470fe13ea815ed7b4a86495c22
torus.out0.04564.h5	1f57a4436cecf4cc2d60b002efcee3ba
torus.out0.04565.h5	98aa7cd797977e1f085b485d960038ad
torus.out0.04566.h5	4c73b3cbbb5f8cf469255f146fb1e38d
torus.out0.04567.h5	7b65551e09aaae6eee6a21216f838e58
torus.out0.04568.h5	483a0026247c77fced0c09913fbd3a66
torus.out0.04569.h5	c86fa2b662822ef9d4e1ba133cdfc535
torus.out0.04570.h5	e841a350eafcd67e59636e19f8e5b685
torus.out0.04571.h5	e3c60d2eb28527693014ea3482bf2f5e
torus.out0.04572.h5	e82ef9e0fe9092587976358d75d7c5ec
torus.out0.04573.h5	bbb0f4f903fdcb9abc5855046e953682
torus.out0.04574.h5	e3a02012220cbd17153e41e8fdafe67a
torus.out0.04575.h5	ee56b20e7bad29ac4ddb75cbf6704841
torus.out0.04576.h5	25105e35775cdfedc11a072b12dc45fc
torus.out0.04577.h5	b74d9c69b102b1d14ec1dfbafa22b70f
torus.out0.04578.h5	1e0e5841d7e708279b3e9dbf91ba687a
torus.out0.04579.h5	4ad21a57ea9bcfc3e61429ddccc002d2
torus.out0.04580.h5	272853ce6a0dc554034537ac471c00b7
torus.out0.04581.h5	6fb912ab85069a7365012d9ac4eece53
torus.out0.04582.h5	60277988b8057920ddca23b00025ad30
torus.out0.04583.h5	92be4034eec8c9c43a88f9e5aeed79f2
torus.out0.04584.h5	b0caef7d0d3ef223d35615a9514400bb
torus.out0.04585.h5	87be64e1b98d1c73ba1f40649fa0bc5b
torus.out0.04586.h5	23bd53c07e5bfd3f6d0de71771ccb66b
torus.out0.04587.h5	58703a6e5f08aed8d5bda8ae50ff5dad
torus.out0.04588.h5	5766fa8c60414f27c3b4dbef6e0a2de7
torus.out0.04589.h5	498753ac35e8379e1d9434f8a2ec0128
torus.out0.04590.h5	0831550bd6f3a6280aaec90e60d99cb4
torus.out0.04591.h5	ef81ba106c60e7b86a541e209f6fe5f5
torus.out0.04592.h5	7e7de889fb0c82b4f80a5ac268179548
torus.out0.04593.h5	d35767604dd5ae9636ac6c8f6f68f467
torus.out0.04594.h5	608207414e4571a68c8f7553deb0e76b
torus.out0.04595.h5	ea65d30656154edd8ab7a46deb758678
torus.out0.04596.h5	7dbf96ae1b241f4d1678a383ecad6317
torus.out0.04597.h5	8df48e2bea76d3b75eda01922a4ae434
torus.out0.04598.h5	0a353bf0763a14661bf7e344d7d04a03
torus.out0.04599.h5	ed47825deacc94742347981128b256df
torus.out0.04600.h5	f186c0058777bd9295a6fa16b9a9c72c
torus.out0.04601.h5	effe2b5b722a24ccdeea9d582adb8792
torus.out0.04602.h5	ca06be77fc0cefbdc00e4824a76310b6
torus.out0.04603.h5	f887c7bf7a243827837911b0bb666317
torus.out0.04604.h5	5fd7a32591bc58411de0886bcbc184fc
torus.out0.04605.h5	0870980e6e2b4f92d642e6742499a5c3
torus.out0.04606.h5	151e36b815b07e5a38153c3132d69931
torus.out0.04607.h5	c81916de27904070453ddeb72982b59d
torus.out0.04608.h5	79a33f0067aec43af6a99c393fcd0b84
torus.out0.04609.h5	b2d6951b87b1c793eac01c70d0adc54c
torus.out0.04610.h5	369bfe925eec71f872bf76a039dc86f7
torus.out0.04611.h5	5869bce07422eab189f54abf35175743
torus.out0.04612.h5	85f4241d04bfd0b6470883a0ba9e03f0
torus.out0.04613.h5	a73e7304ea444aa76e987c48cc575300
torus.out0.04614.h5	20e6214a722630d51424ff5cc37b0347
torus.out0.04615.h5	b6a264cb1861a25ebf9ed7abb13d4e90
torus.out0.04616.h5	f36c412bd6f52a155a27b672af5bf92d
torus.out0.04617.h5	d975ba7f9c2527960196d8e625afb805
torus.out0.04618.h5	ee97df9dfa56bc0aaedd595ec93e6cac
torus.out0.04619.h5	3e9f6c81177f23b26469b956311bbf34
torus.out0.04620.h5	fa3fcc3070757a6ed369b170c195d793
torus.out0.04621.h5	1b962cd4eea9c5d9a60efb98b6fba33e
torus.out0.04622.h5	5981a9217b969e6a692365438be1dff7
torus.out0.04623.h5	22ed75872086a61fbcea43c0ff2832af
torus.out0.04624.h5	d52196cd5092dd95f78285c10fe7bcc3
torus.out0.04625.h5	7927bf0ba7474b57898ca3808a8b73ac
torus.out0.04626.h5	12bac245ce76af3224dc3c754698b6b2
torus.out0.04627.h5	4fc9655ee9afe1469fc1bf72270fa400
torus.out0.04628.h5	2929d0ca71ebc27e28ffcffe202b40bc
torus.out0.04629.h5	3d258734f002c577223bf586aaaaa113
torus.out0.04630.h5	3a223476d9ffdfaf872c976b506d7d70
torus.out0.04631.h5	352fbadff0d797aae6a49640e521847a
torus.out0.04632.h5	5843e84bb250a056b8b7d13cd4381fca
torus.out0.04633.h5	f1856518c2270ac04ccf8dd94a8ecad2
torus.out0.04634.h5	396efbc524b3d829a1eda45b5e34b591
torus.out0.04635.h5	ac3ff67d1f2e1a5844de50808f21fc3f
torus.out0.04636.h5	cb9d3c9764eb359a4529d612d07e2232
torus.out0.04637.h5	8cab82c1675d7d3f1abb465033bf3e65
torus.out0.04638.h5	2a43b53ee7a294c87f485222becf1833
torus.out0.04639.h5	43eb1ab6266a6e45ad0423bf63f0fb29
torus.out0.04640.h5	b9ed9ad56fce9e4321f25282f0d37dc9
torus.out0.04641.h5	09f01899a695878f7f9415fffa16e446
torus.out0.04642.h5	81b40362db5c65f61a7ed7bf2007323d
torus.out0.04643.h5	f1c798851c2d6b4d32307bd2e22704c2
torus.out0.04644.h5	99c04abffdaf5396aacdf311476a458a
torus.out0.04645.h5	7bc5237a5d6620c6028687fd386d6b3f
torus.out0.04646.h5	9a4825ffe60aa1aca62dac9a5ca79c7b
torus.out0.04647.h5	296ea8fb4b9bd16234fb93e4ed8df3d5
torus.out0.04648.h5	fa0ae3651adf5e99897d67f0dd07c4d9
torus.out0.04649.h5	2e9c042746ccf6e3e11184508a21f509
torus.out0.04650.h5	739185456deec5d1581da83c9a7bda23
torus.out0.04651.h5	450204cca51e6e127e4fe127c8962d57
torus.out0.04652.h5	8cc2da0f97e07555e1b8bcce330bee91
torus.out0.04653.h5	edb0f013ba462be1e14bf1bce223a5d1
torus.out0.04654.h5	cd79fbf66c2343e543f04ec5485f8e1d
torus.out0.04655.h5	36c5645a59610ed9c448d5f9723d1899
torus.out0.04656.h5	c441f473e42681b5fc768dd8ce405a8e
torus.out0.04657.h5	b0dc0cc909d6671a93a63862758187e6
torus.out0.04658.h5	89cf7539165227f5254d569938f74504
torus.out0.04659.h5	c306be5e73010db8ba089835afa48eb6
torus.out0.04660.h5	fd340bbf3bff698b1fb7439464595b0b
torus.out0.04661.h5	1872f5e2d3d72007d73679bd4bcca054
torus.out0.04662.h5	6be480eeac058cf361a8b176a56d8119
torus.out0.04663.h5	3a252ebacc8bdd5b58376b53069ecd68
torus.out0.04664.h5	c661e3e8b2a548d449f3a58d0d1ae2a6
torus.out0.04665.h5	1f6feecbde75b74746ed06eda9792f58
torus.out0.04666.h5	9cf96f8b10aeb56e0bcb7c4c61b8ecc5
torus.out0.04667.h5	902e6df31ee3780ab35df8094a71fe02
torus.out0.04668.h5	e3ae17cb4f185c6d79be083174be6904
torus.out0.04669.h5	aad42549ffd1ae2d39bdd39f842d98fd
torus.out0.04670.h5	c557f0266a1beb4e08a97e83e35a3436
torus.out0.04671.h5	e23f75c7011d311f2385c7171d0d118d
torus.out0.04672.h5	10f7fcdd941e33d53002e4b7eb0c76d0
torus.out0.04673.h5	7d0038055641a679701006d029545c5f
torus.out0.04674.h5	51bad8e8a161dfa3a5895b6a459155c5
torus.out0.04675.h5	06ac776a40c24a84758c9455aeac8661
torus.out0.04676.h5	348e512d6b453a411addaaeb80ebb101
torus.out0.04677.h5	eb4c04ccf53dee88d6bd8285aecbb9c5
torus.out0.04678.h5	61c215c5dbf32dbc897e20cd2905f93c
torus.out0.04679.h5	f8429b694793fe913125c4ca51109034
torus.out0.04680.h5	bf6887457282f47bfbb71a1dbaa3fead
torus.out0.04681.h5	f33e5c558f0a4ed6eb468fb6c448ae73
torus.out0.04682.h5	f71560bbb7616bc43f96a3eb0121b679
torus.out0.04683.h5	67b1f37818cac2e76ea888e81dbe3478
torus.out0.04684.h5	4f7dc8600d580d6d0ee9b0904bdb02bb
torus.out0.04685.h5	345e5f40e2637f8b3e9a5956f010a337
torus.out0.04686.h5	e28d9c2b3d7b9a23a9fde3db73e815f2
torus.out0.04687.h5	fea076ac42fe984bee4c43906248f65f
torus.out0.04688.h5	e6ee2a078e5db185f9aba32ee98de178
torus.out0.04689.h5	412b60ad8bd7aff095c346ef5a7f9f3d
torus.out0.04690.h5	7f15a4aa6c42dc401852dd32c1f2b911
torus.out0.04691.h5	b31fbe58adbac696efbae911f43cf552
torus.out0.04692.h5	cfdacabb6eba0f0f2711793b0e27d375
torus.out0.04693.h5	fafc1be6c6f0f55e784e30ec328bf8a9
torus.out0.04694.h5	94d342368913c02276d5211c8a562507
torus.out0.04695.h5	0fcd938b575f1f18fe46662a41bc2312
torus.out0.04696.h5	b8deebd61cfefa1c04faf893e87dc195
torus.out0.04697.h5	33b70a0037c700ef42393d43f5e04fa1
torus.out0.04698.h5	8ce0ceac3fa11990f62e3d96fd58d8bf
torus.out0.04699.h5	d03a4b969e26e3ab0bc385e458525add
torus.out0.04700.h5	56a808a14c11bde8042a8fcc7e81dce7
torus.out0.04701.h5	ea18b41298b1de51a5df3233fc054cf5
torus.out0.04702.h5	aa5bf8e885e4d5c7b2450610e6b9fbc3
torus.out0.04703.h5	6ca79358e466161e7835bf45dd0dc2e0
torus.out0.04704.h5	90f3938de28e2727e5a86bba91056c56
torus.out0.04705.h5	a7c01a9f4a1dcb4a59c177ded37ff4f7
torus.out0.04706.h5	17c2c0bf52ef00d382aa6504330f2640
torus.out0.04707.h5	b466695d983019ff0dbbb3f822de05e4
torus.out0.04708.h5	e13cf4edcaa0da7b87463bc702b327d6
torus.out0.04709.h5	4effd82627740b68a1fa8556eb0ac9c3
torus.out0.04710.h5	24d03b79a2dba9f35d7ac4b2b4a70a3f
torus.out0.04711.h5	37632a9b8c8551eef841063a97c24f29
torus.out0.04712.h5	6ccf1eb904a0794e0c8eed9995b4211f
torus.out0.04713.h5	85e3d0751c62c69aadc93f1421240c05
torus.out0.04714.h5	bada3e08518fda25f4c013b49ada2e97
torus.out0.04715.h5	c9bc4fd8f43459f0529ebd0e3a75cfad
torus.out0.04716.h5	e82c560c2a67f2a9d5d46d489068ecc0
torus.out0.04717.h5	69c8a54e29ce643c24fc64af4950b611
torus.out0.04718.h5	54c7898a6dce0307e862414c96e946b0
torus.out0.04719.h5	81032f0a9a85dbe516dfc29d70cf33e6
torus.out0.04720.h5	72507326954d06eb83b00b1146a1385b
torus.out0.04721.h5	fa88b95cbe279d4be2015bdbef3e7b7d
torus.out0.04722.h5	080549129e5e708d1ec1f640c9273a7d
torus.out0.04723.h5	e7bc3cf5f317fb975fe2ac380b0228ea
torus.out0.04724.h5	8bdb35d1d5fa177979d29693c70fbee1
torus.out0.04725.h5	27d87eb066e2d6aa91998fda21ca5517
torus.out0.04726.h5	d18ffdaadb088ed362028bcd09cc0943
torus.out0.04727.h5	2994ca77515df0e3e51cf07ec4248693
torus.out0.04728.h5	ed5bdd1f85c0f8e130923986c52a56ed
torus.out0.04729.h5	ca604888cc7c3a0e1d4d0ab12c8c427d
torus.out0.04730.h5	0e0a69fb0f1783812e2f2a555f6400a3
torus.out0.04731.h5	696e8d343bf0cf8b46a06150666ff5ad
torus.out0.04732.h5	147f34d95e882faf2174dc0ddbb6072b
torus.out0.04733.h5	ba6e62ed655ca4cd606153772a034178
torus.out0.04734.h5	46f2d82cb6f344a27fee263801e9fae2
torus.out0.04735.h5	b4dc464bcd351f7655b70dfdecf02b9a
torus.out0.04736.h5	95e8f455f81d9f01119d3a562156c2b8
torus.out0.04737.h5	306edc7903d7d53c44d72473d29cb1cb
torus.out0.04738.h5	487ca2111fb81c6c2dcb56659f70d45f
torus.out0.04739.h5	e9bcea7ec6a9785c258ad61b192d10ec
torus.out0.04740.h5	ab10c337075c0a8a1723f662069da087
torus.out0.04741.h5	7792f8709fc680279820438acd4fad58
torus.out0.04742.h5	9f4b9fd442cbeb554b50e1c8b09be196
torus.out0.04743.h5	817a9d36b878281e160cbd32394c36fc
torus.out0.04744.h5	c1c83b2518a4178701dd3b273484759c
torus.out0.04745.h5	9ad8693cab654f83cc8bb81682f2a2f5
torus.out0.04746.h5	5e5052017f20a51764ebb2bf8386779c
torus.out0.04747.h5	abf80bc20f58ac2500398d5f3ed5e2d2
torus.out0.04748.h5	d236de7bd0e0fde13e34c0e8bd48a250
torus.out0.04749.h5	b543abf523013b2a590541c244a3f5dd
torus.out0.04750.h5	6d4e1b3d919b93aa08abb237fb229091
torus.out0.04751.h5	062e57374ec90c9d86d7b19b4f8e8098
torus.out0.04752.h5	f61fd25574141fb49a79300fde582439
torus.out0.04753.h5	a21f25c07645e88ea6d17de4c6831455
torus.out0.04754.h5	08e81a53059c7f0d818447de9d9365f4
torus.out0.04755.h5	ca25ce68f79e1cc639dfe6a90feb8ad3
torus.out0.04756.h5	c64fc17e1dbe9d02ff017359938e5c03
torus.out0.04757.h5	4ce6d6fd41e6581f57a99886c398293b
torus.out0.04758.h5	a58ebd8a5d13d45d5ee41d8f248f7156
torus.out0.04759.h5	106317492c6c51138d89d52371308ec7
torus.out0.04760.h5	91a198fa7b5163dccd7d56d14d303f5b
torus.out0.04761.h5	48c5768acbea305034cfa015620b2651
torus.out0.04762.h5	e4c7dfaa294c26b7cf5ecd76a9506205
torus.out0.04763.h5	eda0f4044a03c6a9a32d50e0db285a4c
torus.out0.04764.h5	828abe7b2f19ee04bfb0649d9a82fd64
torus.out0.04765.h5	3479b6e9135b1f1464867ec2e82ea168
torus.out0.04766.h5	07b6666df564bbf847247eb57fbff9a9
torus.out0.04767.h5	6d2a7ad64c3decf231ebd8fbab714e1b
torus.out0.04768.h5	cdf291a369335cd95291b3f99a14db16
torus.out0.04769.h5	61472d39a195e90baeda02bb501707c5
torus.out0.04770.h5	1c17d7fbf37f23cf7c3fff9a4fb48c8e
torus.out0.04771.h5	3fca7280b8a919ca7f82cdff99f3fe9a
torus.out0.04772.h5	1cc9414755c8d6818927af8c329c94ae
torus.out0.04773.h5	6235b4b031120fe88c7397224bae7f36
torus.out0.04774.h5	623a892d693ac7451f465b288a08fbe8
torus.out0.04775.h5	393f1ad1a3beec7c15c75a7ee10f52ac
torus.out0.04776.h5	aaa78f613cda2fd48c3ab3bee617a0c3
torus.out0.04777.h5	afe43d4eec47b8322c64f1b3bdacafa4
torus.out0.04778.h5	4a827abe092c79d646d9bb358b4b81be
torus.out0.04779.h5	86c6b4e8c84d43dbd4e8ade92415bb98
torus.out0.04780.h5	a28b29cb8484d4b0edad77626c10cdff
torus.out0.04781.h5	ce5c746eb5f0dcef5d6bee3df6fed2ba
torus.out0.04782.h5	8f1b35fbce3c4cbd6f839a825b70ad2d
torus.out0.04783.h5	e781f8333571a850cfca5424d506dc53
torus.out0.04784.h5	e5637816e360350c401c4f65764bd0e9
torus.out0.04785.h5	3685903c04d407ded73a6a73437005cc
torus.out0.04786.h5	f17bf225b943099eb61ddc23a8caf8f4
torus.out0.04787.h5	375827db46e804f8f0ac54a79e705710
torus.out0.04788.h5	9c445fae32b851a6e0000144aa93bd0d
torus.out0.04789.h5	36350be2fe03cf26371c9b5ce933f6dd
torus.out0.04790.h5	701cb3486b1deb81c4e12113c6230691
torus.out0.04791.h5	ed21d51587977dc52bc27ee6f9b3438a
torus.out0.04792.h5	6b9274c5233e1f94968e2773cd13b4fe
torus.out0.04793.h5	29bf9e4cee3afa8f599f6757bac454aa
torus.out0.04794.h5	c1d28f938719685f2a0ad7f5cffbe24e
torus.out0.04795.h5	51c168eeca9d9aa6eb34839aa5ff7c78
torus.out0.04796.h5	948d316ec891408471a617f2366c634a
torus.out0.04797.h5	424afc1dbdbd8232243a126d6bfb64ca
torus.out0.04798.h5	fd04bb2fa4f6e6cd10bc0d04d04957b0
torus.out0.04799.h5	39a549192931f5475810b7f3af102c71
torus.out0.04800.h5	6845f9e267fe81614abaad08aae34031
torus.out0.04801.h5	24bc34ce1997495d05ca394b4fbebeb3
torus.out0.04802.h5	5dc6622cdfd12b2ac047b4c9f9a56112
torus.out0.04803.h5	7bdc5620dc412db30b905fa79cfbf840
torus.out0.04804.h5	ab8876b224b25c355f45962709b22a77
torus.out0.04805.h5	db77c94c9be425de1b868545f0e66bef
torus.out0.04806.h5	6e70314dce5f355b183724314199a188
torus.out0.04807.h5	9129f97e76d8a8507532dc5a2762efb6
torus.out0.04808.h5	99c4b6ebc59d23dc227d952f32ecfb2f
torus.out0.04809.h5	31381d310ca3e0ed735113e90a3703d1
torus.out0.04810.h5	29144bcabea0ff98affcf7d0ac8a9c10
torus.out0.04811.h5	fa52f92188b938d0fc08a43ff9691300
torus.out0.04812.h5	1f56a9521a3557511b903ef491c27dd9
torus.out0.04813.h5	4308b84c468d99857d0faadaa76e4d62
torus.out0.04814.h5	afa5c140f3f8e46381e75eabed009ead
torus.out0.04815.h5	ccb58982b98b3379deddd0e663394828
torus.out0.04816.h5	1fb5c3bbe9511626cc4ac74823b7a6d3
torus.out0.04817.h5	589b0a348796e40acc5aabaf64c6dad8
torus.out0.04818.h5	e7246e19a298c841692e2d34d1968c87
torus.out0.04819.h5	7b4ed07362b82aad44c01f704ab7fb32
torus.out0.04820.h5	a4c9ee4659945be5ee4dab3724bd8350
torus.out0.04821.h5	490dc9d0a7b2e1e87b9ed2094f146b20
torus.out0.04822.h5	49a1792d89cf491685c1e41d3df376c2
torus.out0.04823.h5	c5359e5a32b873a3e9e48f93ab02788c
torus.out0.04824.h5	1baf8849bf31e539ba64f2ab4cd9ea6e
torus.out0.04825.h5	8a5f82293028332aaca824da809b6e56
torus.out0.04826.h5	e1ba9e6ca9550f27cd7805d7e1fd5165
torus.out0.04827.h5	cb5cfa73edb347f91176deab22824409
torus.out0.04828.h5	cfce61c75797d090a036e4848319b00e
torus.out0.04829.h5	9d3120b97e108fcb3ebcfb9185423465
torus.out0.04830.h5	1338340d57af849d7632c87795a11390
torus.out0.04831.h5	2a580cb02b545bb0cbeb1dd91e023d2e
torus.out0.04832.h5	c60167951631b9f1cae2f90d2737d5e0
torus.out0.04833.h5	ff320d82fc25c8aa4d74c9a84cce0a51
torus.out0.04834.h5	4d3409edac900ab830971c94b811d304
torus.out0.04835.h5	c35157046a9cff9ad026f8eb76e99af0
torus.out0.04836.h5	8f67bbdc645ddbff0fb92e5ac301444e
torus.out0.04837.h5	c589f7f22a25a2d20fa765f733b967b4
torus.out0.04838.h5	75260edbd94ca3dff755297ff23b8b6d
torus.out0.04839.h5	63810c2e06442231d7ce3c5388e21a67
torus.out0.04840.h5	fdd09409ec0001314d59e1700dd3838b
torus.out0.04841.h5	7d584dd058f8035797018155796658fa
torus.out0.04842.h5	b8f1a7942a42eca7a5a34e2d64eed18e
torus.out0.04843.h5	e90c4d1aa535bb20fe9bd030d3bb12d7
torus.out0.04844.h5	2b85e89508601dcb8eb60497c34a4f7a
torus.out0.04845.h5	4bb46615434c6e787188d5d94b728d10
torus.out0.04846.h5	1f3a4ed4354f4349e0afe642f8bdab27
torus.out0.04847.h5	65c0ca17567492e985fd841ad030f415
torus.out0.04848.h5	4362dd886bce759f197c331b85b5cc5e
torus.out0.04849.h5	dd38187662de16a7e6130fe0d4648eab
torus.out0.04850.h5	57836a26e188d0620b4e19c3b6e94054
torus.out0.04851.h5	04e7a4af96dce951b2c691a96fdbf0c0
torus.out0.04852.h5	c8773ba63e74301f371e6ce3043e6b34
torus.out0.04853.h5	bb54b4f3c542f93bf8aeef267d44472b
torus.out0.04854.h5	5e7c3136ee27a5eab501a31107af0e06
torus.out0.04855.h5	e1f24ecddc7766cbe06eed57f54b1078
torus.out0.04856.h5	6f95ab1cfe8460e7bf4a687c4326046c
torus.out0.04857.h5	44a7f1cf5cfab0101364897ec1973e72
torus.out0.04858.h5	ca381958dad7b0af37f25e4a53856f6c
torus.out0.04859.h5	1390e2c60484400a162043388f1b7470
torus.out0.04860.h5	a070d848307a9d7e85d014c5d01e3130
torus.out0.04861.h5	5a0a89531f11fb4b7dbc2437893fefaa
torus.out0.04862.h5	72d614526ebd8fa6b9004f45a5c53c86
torus.out0.04863.h5	50acd6f61b6aef532a131ef824782b0e
torus.out0.04864.h5	04c6c134120e6aeb286f199d5d7fd582
torus.out0.04865.h5	7f7f318aee3c4bb90ce21ddd75906cd7
torus.out0.04866.h5	66fc5cdb7e059922aea29f46ae567b1f
torus.out0.04867.h5	298b9186f464019a0e04daf69f1c9db3
torus.out0.04868.h5	69535a6e77d98f24fac7788e63f8ae99
torus.out0.04869.h5	5d84ece2bf527abc1d7393e873edeb83
torus.out0.04870.h5	0279273cc74c0a9d18189eb1a7952af8
torus.out0.04871.h5	1c93f83af6f40358d38959800e106154
torus.out0.04872.h5	2beb91bb2082cbd3f1df19a90864fb75
torus.out0.04873.h5	78054dd0dce8e8b946839f75b4e06eeb
torus.out0.04874.h5	14062615698e54d7d4d414b79cfda53e
torus.out0.04875.h5	ae14c18405ec4d5e3b5f92b09679db3b
torus.out0.04876.h5	6c98804eec0365e70eac2ce2be87e76e
torus.out0.04877.h5	d965a4ddd87d9bf035c9258bd7b8623c
torus.out0.04878.h5	39aeea965133adad87f8ea09a8a00164
torus.out0.04879.h5	5601bcf3eeb970d222192f892783e436
torus.out0.04880.h5	288f549bfcf467ebff58b4b5b4b2981e
torus.out0.04881.h5	25a4eb0b218a9b007cd88f8834d161f6
torus.out0.04882.h5	01975ea34776ec2d013719f0d1a3c4fa
torus.out0.04883.h5	a74760419bbb158b00ab2ae1a9674865
torus.out0.04884.h5	00b779ff455712dccbca56f860d4666c
torus.out0.04885.h5	f5b00f529d7a608ae70e322e952d4aff
torus.out0.04886.h5	7ce13385397069754343b44c3912733a
torus.out0.04887.h5	c3bb831014174f1c386eace159164fa5
torus.out0.04888.h5	22fc8ef8faa505328550a42eee3456bc
torus.out0.04889.h5	6b00b3bc461880d85d8dfed2a1966518
torus.out0.04890.h5	4d49ced50d1bb201d9f6849350fae158
torus.out0.04891.h5	dc65206cbb65e9a8d31f6afe6b189d9e
torus.out0.04892.h5	a9baeeb37fc36c79b70ef64917775f07
torus.out0.04893.h5	9c2400c1f5018b735697b31877169dea
torus.out0.04894.h5	1552959431a4a0a16b7eda199a36816b
torus.out0.04895.h5	38128422f27bb7b346ad4d70e0142b95
torus.out0.04896.h5	d0c9333308439faecb1118fcdcd9927e
torus.out0.04897.h5	4e4f3a314109b04b78f970b55eea6b12
torus.out0.04898.h5	46783ecc881a00d668f600a586df8cbc
torus.out0.04899.h5	7cf1416201093c958f4a22aff2f2e511
torus.out0.04900.h5	4fae5eef51a2f01588ee2f28e6c8bb2a
torus.out0.04901.h5	b7b092c50457f3a8f6b1934b5eac638d
torus.out0.04902.h5	940f594d8d235e1e1fdf4dd28463d8c3
torus.out0.04903.h5	13f23cf953efac77b94f305c586f3b71
torus.out0.04904.h5	f0a37bd01c5770714932eb8ae671da6c
torus.out0.04905.h5	027e602a254c143c0d0e844d5c58f8c4
torus.out0.04906.h5	c2aab8b5e558f266de2ba24c3a69ff23
torus.out0.04907.h5	d7b5479aa992f81841d9db41954b681f
torus.out0.04908.h5	b09f1408dae8f4fe7bf09f35d5df6c77
torus.out0.04909.h5	ff5a4904a2c7763b5f910609fa71459e
torus.out0.04910.h5	c4da2fd451c1dd5352f07da2d6764537
torus.out0.04911.h5	ec1bf54b17b060837be580022ad225a1
torus.out0.04912.h5	2f1adabacd0d8d909134ba99489dfb8f
torus.out0.04913.h5	18936d8b2dc9eec3266b4157a7db8610
torus.out0.04914.h5	887b66eff52e869eaf6106a5d3943b57
torus.out0.04915.h5	2a86c8249a99775faf687602646d0721
torus.out0.04916.h5	30a3d10b457edf385f047e4112011f47
torus.out0.04917.h5	c61a6d493afeaaf5064fae13c884cf0b
torus.out0.04918.h5	d8e7fbff831b2d29bab2666f74f2ea14
torus.out0.04919.h5	f6a5c5c6623263bb74a32b3a1d149d87
torus.out0.04920.h5	a46e3c7a0393012cb8b1fc88c0382bc1
torus.out0.04921.h5	266641f0343397b77ae09f4250674ad8
torus.out0.04922.h5	2332ec3d66bdedd5e6f624c5c03d205c
torus.out0.04923.h5	57b547975317306a1c57378a33c5d632
torus.out0.04924.h5	5fb9e75fa3e2c91852ee48b9574d1616
torus.out0.04925.h5	d7d40303a7cd8fe1336c4928f22a167f
torus.out0.04926.h5	c7a9dadff585e5159f7f39bdf8c6fa50
torus.out0.04927.h5	b2c576305105dc7fcde7a5d631a1e6f6
torus.out0.04928.h5	8530fb866b44787442906ec10d9ff2cd
torus.out0.04929.h5	476e4de6a57e06a5424eef24bb5e0f23
torus.out0.04930.h5	fc024f0f80977b05dce273c02b100d2c
torus.out0.04931.h5	32dbbe8d6136f7b209340e5ffcad2297
torus.out0.04932.h5	afa110f071b38ab46a7b1be0b6e91371
torus.out0.04933.h5	0a05287bcff8989fe676f6b7a2b2ad4a
torus.out0.04934.h5	25300dfd54cfff09de7eccd40cedf2bb
torus.out0.04935.h5	108fbfb1dc7af3d7b13bf7460ddc3b9c
torus.out0.04936.h5	5d29247e2ac3f8230c7bcf80f5645336
torus.out0.04937.h5	d821890c0210ea95e41edd1424b2d3b8
torus.out0.04938.h5	4f29e347c32e8b3b76c4adc44edd06f4
torus.out0.04939.h5	0467fa80b5d45eb5869e82e7456a6f38
torus.out0.04940.h5	54b2c5c6e6a54684cbc57f36e5c60fa9
torus.out0.04941.h5	1a8e8f2354e7acd9adbde15583943195
torus.out0.04942.h5	8054a16d834ae0eebb875ce22b4baf82
torus.out0.04943.h5	f5fc5844db9824321e61afe43edacacd
torus.out0.04944.h5	2c2ca35ef9ff6bb33ec7237b7113d4ff
torus.out0.04945.h5	78d7d40b4550b26856604557a34979c1
torus.out0.04946.h5	c2650d6cc2ec07c29006145d453d9015
torus.out0.04947.h5	e0f30274586407d6f965aae46894d0de
torus.out0.04948.h5	1cf8090278e9b4f5d8ed5c8ef291efb8
torus.out0.04949.h5	cab54dd6dabc401f440d38737e395b03
torus.out0.04950.h5	e40c34178dd633607c50e559f9e05193
torus.out0.04951.h5	30b5827902f436cdcc49ed6a1b2813f6
torus.out0.04952.h5	0377fbde95bf98927a5ab533499905a6
torus.out0.04953.h5	cf1bc68fc9badb442b25f75bd8a474db
torus.out0.04954.h5	e50620f7165b86ca6e4969c42ea70e1d
torus.out0.04955.h5	f8a13ba9355f1ef77a72edf39e232f0f
torus.out0.04956.h5	34d02b283e13a9fbb1c4548995766cb6
torus.out0.04957.h5	0b10a1391e92c585653a5bec1314da80
torus.out0.04958.h5	663b0442525e435ca87a340b3284e17c
torus.out0.04959.h5	6f7344d80465730bd43da83335cad4ff
torus.out0.04960.h5	fc39fa38548d2a9f5270f5ec62fd198b
torus.out0.04961.h5	76106419628f527afee0900b4f303411
torus.out0.04962.h5	c43740a98fde03d9409a9bb81b1e3306
torus.out0.04963.h5	41819f386ed1ad827ec518b2ab7583fb
torus.out0.04964.h5	c339604f7e9ce26d96eb1c3c1eea2a50
torus.out0.04965.h5	0b4547081c0010a0464d58f38a888e6a
torus.out0.04966.h5	413d96f0cbd574afa94bc112f2c44105
torus.out0.04967.h5	01c551f036eaa49e07db409f1770d1f0
torus.out0.04968.h5	da5515136bbf3ad70dc099968982c93a
torus.out0.04969.h5	1309240e34e7d780e37285cd2215208c
torus.out0.04970.h5	92776a82adba374dda476440dba88150
torus.out0.04971.h5	2783acb91befd1336a997915a4ed7ca8
torus.out0.04972.h5	c932474cd9456bd808fff616f3b07174
torus.out0.04973.h5	feeda2ae489b3b1c5ffcc9124da88f8b
torus.out0.04974.h5	c2dac409626996abd52983714e889828
torus.out0.04975.h5	f232aca113b1ece7ccfc26bd4e6b905f
torus.out0.04976.h5	951f527df792c0d39cefe3b4c046c7a1
torus.out0.04977.h5	0099930b06a06ca653da385323a6d1db
torus.out0.04978.h5	707ceeba06e82a81af5cbd8b3792db92
torus.out0.04979.h5	afa598ef5ee6479397c6a08318fd26c7
torus.out0.04980.h5	ca9b02fd256d5bcf6047a1f04ad385a8
torus.out0.04981.h5	762715f35a1c3534e1a87dd37a944ee4
torus.out0.04982.h5	f22ed66be831d92b31c5b710660f2910
torus.out0.04983.h5	6e26fce4b1115f885caf77c10503343d
torus.out0.04984.h5	4e6f6efcae406a4c642640ccc16fb313
torus.out0.04985.h5	f103a820a52c60a69cdc5887bb08adba
torus.out0.04986.h5	8ac82dd0ae04b373f2871558ec9fba0e
torus.out0.04987.h5	0bb8e1f336eff0b64b6f14b784c20624
torus.out0.04988.h5	4b12b388ad24249e305322918c592d4d
torus.out0.04989.h5	cc8ec7e2718db16a1109c8efd057f2f2
torus.out0.04990.h5	09e4c86c7b11c4151118448063fd1d79
torus.out0.04991.h5	36a6d8c53b4bd666df4785a070d6bf48
torus.out0.04992.h5	e8364674a6faa287a603251f1568966c
torus.out0.04993.h5	c13c1b1814d18c9dd05fb2e0b479d048
torus.out0.04994.h5	d99e8124f4f6d406a9a263d4371b6f73
torus.out0.04995.h5	8b7bbe5c7d9e1207ef9b4772b8726e43
torus.out0.04996.h5	131a73b0b76370159fbe08b8f4a4b11b
torus.out0.04997.h5	6a41eba537b9b76ea2e9050e33565ed8
torus.out0.04998.h5	87aa61e4ed92f3d9616d688112da19fd
torus.out0.04999.h5	a31592717b804003c3b03570d3979a4b
