torus.out0.02000.h5	ab418a0059ea3daa4ebabe175b5ba3b7
torus.out0.02001.h5	36d24f222cef2988cb7f96e6dd9f6065
torus.out0.02002.h5	b19e12a13a169044d503a116a34e8fd2
torus.out0.02003.h5	2a0db67b15e1fc4a71d99fcc2b9191aa
torus.out0.02004.h5	42e03b35c679d10928d1a61ea39169d6
torus.out0.02005.h5	7d80aad087bbd925f13c1be1a5769f0d
torus.out0.02006.h5	432a18868a3f271db7af9f46c43a17ad
torus.out0.02007.h5	b99a86af4ffa324356ecb8d614a8ebd8
torus.out0.02008.h5	8e6f4228b1abd19578dc8d206e75d456
torus.out0.02009.h5	37fc05337b16b85bdbd4c17e2933df94
torus.out0.02010.h5	919e115eda938978c27d3e692093ba69
torus.out0.02011.h5	87b1e7f7ccec5705df9b91201ba2a090
torus.out0.02012.h5	d0d288262f879a76faf6f1571ed27a81
torus.out0.02013.h5	a6d1029ddb32fbf713caf42766006e9f
torus.out0.02014.h5	52f78ea6624153a0ff14a2bead10606b
torus.out0.02015.h5	eea73cddbd8a2e8a3a55f9b80244c42e
torus.out0.02016.h5	5523ddbfcdb95f001f00fb8757fbe449
torus.out0.02017.h5	a4428e2de7c5d30ee59757139239718b
torus.out0.02018.h5	c3ba0a291e21bf7d9bd7d82061ca09fb
torus.out0.02019.h5	a7ce93aa6a4ad7a1f55ab19f10ba57aa
torus.out0.02020.h5	2d840102fb5559dde019be1846e8c76a
torus.out0.02021.h5	32b3d918a20dcf2c9b32ba1f247fd451
torus.out0.02022.h5	f8feb47825d51cfb5745d96fdef83f75
torus.out0.02023.h5	3c0e36d8614c2c4b52bd85474d78e7c0
torus.out0.02024.h5	86de58ed527b6042c4d865c3596c34a3
torus.out0.02025.h5	d2a43c84138cc7914e26516a10a7abc9
torus.out0.02026.h5	d7ed8a2bfffa40ed762cc82b5664b7a2
torus.out0.02027.h5	1a6fefd124c04b6f79a6741a8549f5b6
torus.out0.02028.h5	1ec088a7663c20d44439c95ec881e03a
torus.out0.02029.h5	5a26c9c59790056be823b2a8135b3391
torus.out0.02030.h5	06ce4d515b16dee91579698f7fa44f6c
torus.out0.02031.h5	743b7dc13b9406d6fe6650fde5e796c9
torus.out0.02032.h5	e58725f9c51ba71fac12632bf6bd502c
torus.out0.02033.h5	5d565c08119104bba16c6caa6bcb0c9c
torus.out0.02034.h5	e11190215b9afe152ffad14ef18d949e
torus.out0.02035.h5	535c2a2082efbd2ad3307d94ab1aba9b
torus.out0.02036.h5	da7614da08356eef904db8909af16666
torus.out0.02037.h5	e16d41e9fec7d76cd311df7f28c03367
torus.out0.02038.h5	2fad4234843e36ac52aa739ecf65724b
torus.out0.02039.h5	e9b7a62880e41c1e6342889f96de7b03
torus.out0.02040.h5	9942b5ece3001b6439adc063c93e0465
torus.out0.02041.h5	e0dd64fde86f7ad42a82d8c113a9d27e
torus.out0.02042.h5	53dd779c375fcd71c8ef9406427b5afe
torus.out0.02043.h5	58027983844a4587ddcb9e3159e1cd48
torus.out0.02044.h5	30074fc159a41ccb5372cb5963bcfa9f
torus.out0.02045.h5	4d8483b844eff9e986deb7193eb72ace
torus.out0.02046.h5	1d4cbe2c7b9ff76dd0aeaa006b6c81a7
torus.out0.02047.h5	0839443c6f934b6ec19387b751078708
torus.out0.02048.h5	8c2f58e384690d2944b7db3809bbd6a9
torus.out0.02049.h5	f81fb614ba2d088a196315dda35187d9
torus.out0.02050.h5	957db3c2e97bf3d144ca8874deb7a639
torus.out0.02051.h5	160354118afc4940289452723c344426
torus.out0.02052.h5	924c38b5cbade8635ed5a12ca91877f3
torus.out0.02053.h5	0e7194c6debb626e3bb7dacb64989506
torus.out0.02054.h5	b7d32d9247d7114e45c282345798485e
torus.out0.02055.h5	1e7707c62e1ea5b6d00354d4f4c22583
torus.out0.02056.h5	1c705a37a1e7a02bcf261d14c477a7c7
torus.out0.02057.h5	96e7fe04c978288adaf892af1bd17090
torus.out0.02058.h5	772506748c8074292c29f01a5d1a3f89
torus.out0.02059.h5	bd37cdb4d54dc49a2f74e542930dcccf
torus.out0.02060.h5	8ee35a4c320936463067332336a770ce
torus.out0.02061.h5	861d82ccc3df0494d8419f2b0ac619d3
torus.out0.02062.h5	919376945ce34f5fa1f19b93efcff3e5
torus.out0.02063.h5	0dcabe4e68c480eeb8821f885f49e9fd
torus.out0.02064.h5	a801519e364696ee1065a64522fc29d0
torus.out0.02065.h5	0553dedf1c2c5cb8defcb4d44afce217
torus.out0.02066.h5	e4f2895f2bb4085f91af8bc97c0d21c3
torus.out0.02067.h5	ddd031f91652b46b7edd38c9542c3fbd
torus.out0.02068.h5	fb5c49c35f4c9959cb0648051280fe57
torus.out0.02069.h5	545790160e54a0a2926cc1bb93722a57
torus.out0.02070.h5	4834f194dcdb2e19a7a5ef30b71c10a3
torus.out0.02071.h5	a6833b1f91f00b4b25ce30f67221e529
torus.out0.02072.h5	6401eff7c17eb8de4eb3114f7ee52f22
torus.out0.02073.h5	7ea00d42400111217b6c55affa6256c6
torus.out0.02074.h5	bde7dd88e709292c04157a37ff3b13a3
torus.out0.02075.h5	00e2afc8ba76f757b20165b221600d34
torus.out0.02076.h5	35df1b7baab638d08e598aed3abde8a6
torus.out0.02077.h5	b0047fb917878f40aea3327a13e4486f
torus.out0.02078.h5	d4b78b199120b4d2ce5b8472a7694f1c
torus.out0.02079.h5	4db97d75e3223a8933073afa500e6343
torus.out0.02080.h5	3d70a7dec5acd147f5d5b1415aba81f5
torus.out0.02081.h5	60262af68e4a12df7cf373f98e7cbbf7
torus.out0.02082.h5	6dc80550efef17f966bb2c813dc6f1af
torus.out0.02083.h5	1af141c477dd643572cb907f476b42e7
torus.out0.02084.h5	7d3890201585fc9e3a3c071bb65263e6
torus.out0.02085.h5	0c5b265b3042cfe7df9680dd0638b221
torus.out0.02086.h5	20f9e68068535b35f5e2db81660ff812
torus.out0.02087.h5	31b09cf2d0441507742d7052f2ae849e
torus.out0.02088.h5	be0bf295c06e89b5ed114ac21def6ab6
torus.out0.02089.h5	d9762390b34e40454a052332cdbbdfe8
torus.out0.02090.h5	d332c8ac50bf0c06c456772c43690344
torus.out0.02091.h5	6b2fcc918245523a148caef331b4204d
torus.out0.02092.h5	f0e319004906c830bb0cd4c56cd227b2
torus.out0.02093.h5	0bdd1f34f57494d692516f0cbc385331
torus.out0.02094.h5	2d9ed7cb8f38c7f57d16d638b17a903d
torus.out0.02095.h5	62b94c48c691c00d6ba44885371bee44
torus.out0.02096.h5	198da22c21179ffba2ac94ebbb6a80ff
torus.out0.02097.h5	fd8e8472149f4d1782ed9b79f42921ad
torus.out0.02098.h5	5f6f3d5c18de767e24e54406c62123b8
torus.out0.02099.h5	793d17ca2d753dbf4d737956464c20c7
torus.out0.02100.h5	42429e9c825e14cc497bbd405e041e50
torus.out0.02101.h5	bed15e50b93808b738474b975146b6cf
torus.out0.02102.h5	6c1a813efab3cc28768fc4ce6fb4a8e6
torus.out0.02103.h5	2fcd8fa5e47f2d346bbbb88f6ce094b5
torus.out0.02104.h5	a5d67c262093b115d3731de279db271e
torus.out0.02105.h5	7681df0bd9857c99235574d93fb8d5bd
torus.out0.02106.h5	c61a841e01ffc6f28c125c9186ef00e6
torus.out0.02107.h5	346ddd816c12e8bd1b575c56a1d9ffcb
torus.out0.02108.h5	1bbd2c8729a0d0033a5406c8896ab171
torus.out0.02109.h5	532644999c8e58d8d02df03990693459
torus.out0.02110.h5	4a74dab5ebe279e60cc89af9ae61e9a3
torus.out0.02111.h5	d2f6e15877b6fcd03e8e61398e9f9e94
torus.out0.02112.h5	29e401b7bc8063cd617d7cc01e805a2b
torus.out0.02113.h5	e78fb52e381759d0be6736f575f3abb6
torus.out0.02114.h5	93cfc1dc13347dda52ecc513ca689d78
torus.out0.02115.h5	0bddc59a6d7718369d3b723c0145228c
torus.out0.02116.h5	e7f3e56a35d3e9e0cfe86250628bf9b3
torus.out0.02117.h5	c6671fce5a0fd68fd502d0d41ec9a5ab
torus.out0.02118.h5	586927716fd255949988a0f4cbbecb3e
torus.out0.02119.h5	2d90359a6b32672fe261177f7ee221a6
torus.out0.02120.h5	345ad305888554470cad7fe6321f5c58
torus.out0.02121.h5	49c1f24599964ea13360ca050e44cc44
torus.out0.02122.h5	017a6ec5b3295481fef92bb49170e6cb
torus.out0.02123.h5	aee895ef4bc1dc25d5ca8d5c9b27616f
torus.out0.02124.h5	c09a84531eaacc9899e7fba7b178495a
torus.out0.02125.h5	ac81be0081facc78b897f19caefa317e
torus.out0.02126.h5	bdd981535e8fba90bbdfd160332ce290
torus.out0.02127.h5	3081d0823a9d4a42e1a3d195155b8a8c
torus.out0.02128.h5	e89714eff2673de43693272e2469de4c
torus.out0.02129.h5	a6f1cf36b476e34746028a088117d145
torus.out0.02130.h5	563d43e0bc5f290120d5806cb4495d07
torus.out0.02131.h5	52ad4621122a9407c07e282bbe849194
torus.out0.02132.h5	e2c08b736d4eefaf4f8f114dae25a21f
torus.out0.02133.h5	808198fda31c683ec1a84a1a20e00e92
torus.out0.02134.h5	c97d78c122a4fd651eafcfb479815a97
torus.out0.02135.h5	d85f9d244461ddf77873aa29aded6734
torus.out0.02136.h5	6fbbc6cd88130d78589f5d686df7e231
torus.out0.02137.h5	2a7f818188fbe0b8827ff7730722efd3
torus.out0.02138.h5	1ba8212b3538eb9885909628eecf5b92
torus.out0.02139.h5	a68db272a388b07169dcaf64e949773f
torus.out0.02140.h5	d9939d85e3cde2f6d7eee61f27010c9e
torus.out0.02141.h5	79e57e4acade427838ec745d50887d5b
torus.out0.02142.h5	3429e1400a0e34da65da462699a4d598
torus.out0.02143.h5	e1d3eba1f6bc96a30a2a4fcf83e28aad
torus.out0.02144.h5	1d080204b16790575034713f12af673d
torus.out0.02145.h5	a1b47dc4eb11e488936509e4bfa9e941
torus.out0.02146.h5	e5543a08db181a0eb12c76cb2fdfe873
torus.out0.02147.h5	48856e5ad04bcc7d3d2a6fc4a4f834a1
torus.out0.02148.h5	c8da3af959c49e4ecbf6a63a8d739433
torus.out0.02149.h5	b7ce53607779686c4d3b03fc2bbbae84
torus.out0.02150.h5	01fb6b8fa080da71e6d68f2030613b71
torus.out0.02151.h5	309a2d0486cf041a673fad7b992272f1
torus.out0.02152.h5	c78e12bead48e2f42cc4cc101af9ee1e
torus.out0.02153.h5	1e0fc7d59d45d8e1252fa19e8937e0ec
torus.out0.02154.h5	93984d53fae24e6b6624103784691eb4
torus.out0.02155.h5	9251057f7a4f64572e2dbedee114689e
torus.out0.02156.h5	b577a5a85c7279ac2cbfb0059e40e7f9
torus.out0.02157.h5	63c00759e319522fe0f4e455e630b565
torus.out0.02158.h5	970d4cd1fb5b9dce0b36b1e8a01a4a98
torus.out0.02159.h5	e522d3cbc30784a389b72fba7d307a79
torus.out0.02160.h5	ece143ccfbc249bcd7582aec4db2e6dc
torus.out0.02161.h5	c44cba6616d236b5798926136e2c8dcc
torus.out0.02162.h5	49f9615d2f28e3058012b17862983959
torus.out0.02163.h5	35db03eb990c4a1a2f3f2a228d0ccd5e
torus.out0.02164.h5	b522a08f8b1e136d210a1755772ca993
torus.out0.02165.h5	f1be88d18b87db411f64d4072fb70d5d
torus.out0.02166.h5	8f3b6da765868cb8a836e835cab6b147
torus.out0.02167.h5	4791cbdd440bf9f913d1bea019d1818c
torus.out0.02168.h5	b7022f35b5123905163fb321fdaceb89
torus.out0.02169.h5	d0380bae837c6a9fbbc0829885dc4fcd
torus.out0.02170.h5	d4c0dd67971eaba54e496919a607af23
torus.out0.02171.h5	3fda8a5193a60ffc7cc13d582ae92e84
torus.out0.02172.h5	50a2611c7e5ab200ec408b9a360100bc
torus.out0.02173.h5	2c2252a1a0376a876393b15b27637879
torus.out0.02174.h5	49630e66737a58c257d4c513e8970903
torus.out0.02175.h5	6ecbb9995067c4383eb1234f2649b5c5
torus.out0.02176.h5	e835bb2d231f69972a804586da0b87b4
torus.out0.02177.h5	a854f3aa2490cde4b0dc66eef063be55
torus.out0.02178.h5	b7122fe0ed002ec03a5adc803f5923ac
torus.out0.02179.h5	86c7caee88c225eec8455c5f7f5b8ff2
torus.out0.02180.h5	5e7ed657542bf0f56e5df82da9f427a5
torus.out0.02181.h5	a9d23f54d21da7da1cbf826145839b63
torus.out0.02182.h5	d45867bdb349c71b7c62408f958829ef
torus.out0.02183.h5	6dd8002f3b7bf6904f45b52c0b66e829
torus.out0.02184.h5	5d0eccf1d619f0961b8cef49604df4c9
torus.out0.02185.h5	b9e55245b940c76fb7cac41cdffc5e06
torus.out0.02186.h5	bce3854d6d46aea0110e45fa53103320
torus.out0.02187.h5	1f8145fcb7ddae1ca24d0171de843a68
torus.out0.02188.h5	b1a2e820e3950efbdb9f0ec24d8b53aa
torus.out0.02189.h5	6dcc866d0b8ce5743d6e5e530315ef93
torus.out0.02190.h5	463c9f83c7674fa524f10bf490fc74f3
torus.out0.02191.h5	c93401addb2a9eaeac0909b0cca6cc3d
torus.out0.02192.h5	92e6c9bbb03439146b73eb79b4ee0072
torus.out0.02193.h5	8e50c7c19890e71d4ffdf19dc14e2464
torus.out0.02194.h5	5339d0fb3fd54ba04e6e7edbb7809b24
torus.out0.02195.h5	504a6cb4b5be49a4255c349e6469cd4e
torus.out0.02196.h5	848624f3b9e04709b4a66ba2b8c52177
torus.out0.02197.h5	47ed808f25fb543505444f81465b349f
torus.out0.02198.h5	ecd7d8fdac7ec112397a984f5c77b900
torus.out0.02199.h5	11348a25fd90150f57d4d29458bfeaad
torus.out0.02200.h5	e8a4f03fb08f67e2f19a5fa65dcb3c23
torus.out0.02201.h5	172589ca005cb3d9f01ba1bbaa94057d
torus.out0.02202.h5	d0093221abc26454d7fa654ba50dab19
torus.out0.02203.h5	76b8227b550d73ec1d3d34a3fd082ad9
torus.out0.02204.h5	a3dfc4b07361a51148dc47e4e3e198a9
torus.out0.02205.h5	60a1a24a2b57a3a3612074f9f8a6cab3
torus.out0.02206.h5	165b04387a1c011190c99cd8b8612c03
torus.out0.02207.h5	269ca889a858d818bf039416200d8c6c
torus.out0.02208.h5	4ba066d4a43484190c08855fb4026f2f
torus.out0.02209.h5	c9492dcab679cacf2b51c081cdeca5ce
torus.out0.02210.h5	f57713c94eb83e4e0fe2273bacc5eda4
torus.out0.02211.h5	010e2e5c13220f415352058d0a3112f6
torus.out0.02212.h5	e6b3838783507495b0d0a7ab1cddf28c
torus.out0.02213.h5	0c8b0b9adf5c3f1f0f50d20b62e60c78
torus.out0.02214.h5	da05aad942409965d3e5f5bce380cd1c
torus.out0.02215.h5	63f3dd160b667f8aa7517c0862e76c5d
torus.out0.02216.h5	aa8a1ad7e2ef1f38e86a6e8ecef97691
torus.out0.02217.h5	bf9b23368efb2ae3412cd9da46b047d0
torus.out0.02218.h5	8f915a9c066f1580895e385096ee721f
torus.out0.02219.h5	5f96ca3c2c105ad2368aaf950d8606a4
torus.out0.02220.h5	7ced6abc259bde6afef31a30d05c3760
torus.out0.02221.h5	cdcb36ca798599b18c477495675eefe3
torus.out0.02222.h5	c571f947bf7c21a7daefd19843ec7a7b
torus.out0.02223.h5	86e2205ef6c3ebc94e85eab0b32326f2
torus.out0.02224.h5	8fefc4f5030f62530633e8cfa38de1f5
torus.out0.02225.h5	0cf024b34c030170ece74fc94c62ab72
torus.out0.02226.h5	e3fb091f75f1922403f823bf1166b7dd
torus.out0.02227.h5	d47bf9c20526733efaf9e723ee4b83bc
torus.out0.02228.h5	4fc92133a07fa2d596daf9c9f47f63a0
torus.out0.02229.h5	69ec46b0b632d7df959d47e08767e116
torus.out0.02230.h5	ccc4e79f35fa5c2b1d1fe6b74b23d10c
torus.out0.02231.h5	b4f72fe84f0e28bb140bdcc40640e1c7
torus.out0.02232.h5	fc1e672b8d240a1c7b404c3b27f5e094
torus.out0.02233.h5	f949a23d27a8d8bee3508e9b10274faa
torus.out0.02234.h5	53980726201707f99ae397f032ca6668
torus.out0.02235.h5	8841d2578cf9c09a8fd314a9e3c77cdb
torus.out0.02236.h5	95c773f2f906225aaedc7d5eb6c98cb8
torus.out0.02237.h5	41aac841a23ecdcb3715c6349b21a5db
torus.out0.02238.h5	253117e766d8d0c23d62dac83efea00f
torus.out0.02239.h5	0eadc40b83f5b5a19c1cbee8e7a7cd1b
torus.out0.02240.h5	0ec09ab0aa9ca3e18f81e0b12c625aa0
torus.out0.02241.h5	944ee28aa205c08e970e3cfa05ec328d
torus.out0.02242.h5	e2459a9aef73184f7e254f9f12f54c1d
torus.out0.02243.h5	48d2866cdcf3ab99af252a68fdb5da60
torus.out0.02244.h5	42179ef54d5c0fb027dc76d6deb753aa
torus.out0.02245.h5	99dd99ed69b16a19b14854c858ffd28f
torus.out0.02246.h5	0e413c3229af3d17749a02231eb0b908
torus.out0.02247.h5	854c4cb6386d156e1c73141afd938b67
torus.out0.02248.h5	46e024f2fb2ade775e57249884940f67
torus.out0.02249.h5	d3b3924bef92d72736c602bcd5ad48f4
torus.out0.02250.h5	b8eca278b3c6d6cc66d8c6736fd6bd14
torus.out0.02251.h5	3c370fe2d50c1b841726f64ece29ee1a
torus.out0.02252.h5	5637990f5765e23c1249fada6ca55fcf
torus.out0.02253.h5	f3ea47c6d375d922db0dcd6fa96c44bb
torus.out0.02254.h5	ae8a57e8adb15b53461183bc01e2ed13
torus.out0.02255.h5	36c12a07adca23a51fc6638089af62c7
torus.out0.02256.h5	dc8411189d1bbcd9c763fbf8a37f454c
torus.out0.02257.h5	b53f08d9f7dd53a6331277f6fe156f2a
torus.out0.02258.h5	131d0ef5ac30524887c3eea073777edc
torus.out0.02259.h5	ed3f7441b92e6b37a143e062575172a0
torus.out0.02260.h5	d873d63bd41ef6bea14300b6435229d7
torus.out0.02261.h5	f5701817d2daa2c0ab52e9eca871c121
torus.out0.02262.h5	42fce588fe8e366a6a60249f45c2db65
torus.out0.02263.h5	fc5a7063eea2aaa275f7f0ce79eb095e
torus.out0.02264.h5	169cf8f8f6a6b2f8a5bb22c8f6ea98a4
torus.out0.02265.h5	98e1293e83b57a332c14475edb5ecf57
torus.out0.02266.h5	96456bfe0c3fa4320e1f2bb962c0789c
torus.out0.02267.h5	aff9a111de7c132c819c14c6e27daa56
torus.out0.02268.h5	46e50dd064005a7ba75ceea10ccdb709
torus.out0.02269.h5	83fbe615c3eee8cf7a23acd5bb7289de
torus.out0.02270.h5	7f6ce11000bd8e605f0072c9d30d9ae1
torus.out0.02271.h5	eb918718e5b6575515f47b04481729bc
torus.out0.02272.h5	7fd407d768f4b619404c4143fb3fe0db
torus.out0.02273.h5	7183b57f614ab6cccead431cab301234
torus.out0.02274.h5	ac90533226c63b1a13f2765f61b7d59b
torus.out0.02275.h5	d65f99ce1de604723e7d98f4284431f6
torus.out0.02276.h5	d3bfe3fc753531abb7ccc7f836b66698
torus.out0.02277.h5	05a34f679d7a2ed65bf676b05b466b4c
torus.out0.02278.h5	6c03deef619860da20ac602055272fd9
torus.out0.02279.h5	c3243ff56bb309bfb9be75d765058506
torus.out0.02280.h5	89b689efaedc2cf5687b711f23ca8b02
torus.out0.02281.h5	4d24ab19c6707638a14899f2ae0548e6
torus.out0.02282.h5	c4d7a0f4ab5f941e59a43cb10852c3e4
torus.out0.02283.h5	40a84e800b32b4bae9588e43b6f3de86
torus.out0.02284.h5	829bccba555813d093d847d78c604da6
torus.out0.02285.h5	ead6816749a2800229b99fa33249a569
torus.out0.02286.h5	1163d6364c4c9bfc5d05893488d2d887
torus.out0.02287.h5	79888c741e71b603b55c02c401462f1c
torus.out0.02288.h5	9f96a045415f4756b2d775076502507f
torus.out0.02289.h5	42d72b0911157c4a980c34432363cd3e
torus.out0.02290.h5	d256fe87680c06fa4f76222a5a9d0f8c
torus.out0.02291.h5	3279bb1b8a72ceb3c77c176b545352b4
torus.out0.02292.h5	8254ad822d2146217f07952eefd02d9c
torus.out0.02293.h5	87fe8521584cdb08292bc4baa4b115a7
torus.out0.02294.h5	cfc6ab380d4859ee54f1c1684feff65d
torus.out0.02295.h5	a5b8d6a5a0b24f4078d10f8a27cc40bd
torus.out0.02296.h5	4a2b1e623aa33be35da76d4f8c4f8259
torus.out0.02297.h5	df653249c26b6203b38fcb98ceedc224
torus.out0.02298.h5	e8d7253d2bbc6a9dfe8233edf7bb3493
torus.out0.02299.h5	88d92d5e42b512da92d6a898fed16546
torus.out0.02300.h5	de39cef9e5b64375c12bbd0088f3450b
torus.out0.02301.h5	8fb40eaab246b587a7290bb2a0c78c40
torus.out0.02302.h5	6ad3542e46b32c15513feb178fa15806
torus.out0.02303.h5	a423dd141d54d89837a0fd60168288f4
torus.out0.02304.h5	3125327847882a8f5135f007d07f3ab1
torus.out0.02305.h5	9df3b71cc9ddd20c0060f86b37ed9d48
torus.out0.02306.h5	f81f65046aa9336be454b96e92595017
torus.out0.02307.h5	718464279c20c8ec93aceeac8ec79ec7
torus.out0.02308.h5	ffde49de2867b36f7d7579367d89b264
torus.out0.02309.h5	6278e2646a064a1b47e2b5103866caae
torus.out0.02310.h5	dae30ab83441fa0e228f779e2a6d8e4a
torus.out0.02311.h5	ba4f85babff0dfe4daaaeac9cdb12d05
torus.out0.02312.h5	da5eed9577b5108b2a6ee9e9aec2fcc8
torus.out0.02313.h5	5be4e45df39d084f978bee7f7cc2c397
torus.out0.02314.h5	a6a928fcdb83ab1002a6a19def12e660
torus.out0.02315.h5	116748b00628f0430090d425dba36916
torus.out0.02316.h5	85b154537fe29b4a8bf9e91ee1108b81
torus.out0.02317.h5	dee767f8fbf8427829309673d0653faf
torus.out0.02318.h5	34ab6d5f4c14f904d11df75cc64132fa
torus.out0.02319.h5	d714600c8f38fd34547f5cc0b2810593
torus.out0.02320.h5	90ef3933030c2ae0dcb60f97d892295c
torus.out0.02321.h5	ba1c1000564f584280a095702df09015
torus.out0.02322.h5	fe096dc131c1a1a2bf854e76c4c34cf6
torus.out0.02323.h5	6285749b822a90e63d0240703dd1a7ee
torus.out0.02324.h5	88d846f7755c4d83ffc41d9204f981ab
torus.out0.02325.h5	ea379e6a25bf1a7536ab92d7bd3086c9
torus.out0.02326.h5	72d2e1890f092f957cb39b5565c77ea4
torus.out0.02327.h5	1df3340d882918cc3feb6cb2d8229121
torus.out0.02328.h5	01821027c298b2340eb1eaa2201ec2f7
torus.out0.02329.h5	4039511b548b8c083b457770fe3427ed
torus.out0.02330.h5	1776e9176adeb6e299cdd1fade8fb9d5
torus.out0.02331.h5	f5590b9c49933db88899bfce23003d95
torus.out0.02332.h5	2de267909393a949ae841f62e982693f
torus.out0.02333.h5	0ab5c26d09751981080f66825526cc66
torus.out0.02334.h5	59fc400f9e068b9a312667a0bbeeb9f0
torus.out0.02335.h5	35e497fa1196d900cb1adfb50162470b
torus.out0.02336.h5	85f1d2afa237e64cf0d1b4921f3f29e4
torus.out0.02337.h5	4ca83f67260b4f121576cf26e0cb63ee
torus.out0.02338.h5	bd9a6d368a60df7fb93fff59d6cecc49
torus.out0.02339.h5	da8f8fa32454fb683031e256656805e1
torus.out0.02340.h5	ff19d889b11fc1ff2f1404b2be1e0f8f
torus.out0.02341.h5	0fe0aaf9e10036a259b1790bfb7d26bf
torus.out0.02342.h5	eb6cdc9534c11d70138d9a32ec809802
torus.out0.02343.h5	5950d4b1eb973f095be0f99b37663da7
torus.out0.02344.h5	b6caf2c9fb0df7f6b7349a2f2195caaf
torus.out0.02345.h5	4165d278ee5516ab4322449b1e66b7c2
torus.out0.02346.h5	9ea95d70f00ad84feafb60452cbf3550
torus.out0.02347.h5	66077994d6bbcb63353ce4690d45ec3a
torus.out0.02348.h5	0f63006391afc83d9412630bbf5a2bdb
torus.out0.02349.h5	ec8b4a8e35addfe1218259b4c18d42ba
torus.out0.02350.h5	e2dce341c8193dd387798ab37e012e44
torus.out0.02351.h5	2b63bfa959e7a7f7c17e37975a4673bc
torus.out0.02352.h5	74b4a2464b6aa3c9c4015ae8f9df1609
torus.out0.02353.h5	5f35ac14e4587051d985b6f6e245003d
torus.out0.02354.h5	ddcd2e3e26d7dfd04702d3b37f58073c
torus.out0.02355.h5	3c29db7532445935779086aa6f7d781b
torus.out0.02356.h5	f0287d68d8675c941fc7f7c91fd09a23
torus.out0.02357.h5	ce59b2c8d03d8e088398b16f8fc1433b
torus.out0.02358.h5	81d487ddb382654fac250c967b8073f1
torus.out0.02359.h5	3d6abaa9e58338af9891c9baceca0447
torus.out0.02360.h5	f198098137215cfe6f9e196dc67098ea
torus.out0.02361.h5	e613aa4f1f2167f0de9e6cf0ff4e36ef
torus.out0.02362.h5	f8f7d1b33c18514c3e4658545bcb09e1
torus.out0.02363.h5	dd6b1ba651e27c6590f2ad7e2bae9af3
torus.out0.02364.h5	0ce606b34905bcba42adde062ea4fa31
torus.out0.02365.h5	895eebc91e6200feaa06dfcf1db487a4
torus.out0.02366.h5	a6fe096bfcbdf0c02760f0fdf536ebb3
torus.out0.02367.h5	7dff287477e1e64ab33ac619401552c1
torus.out0.02368.h5	00207e1a586c0b594378e5bbeef3e66a
torus.out0.02369.h5	3eafc048e499aa8a0f1e44054a647626
torus.out0.02370.h5	7fd00af1fb50a0651213984677f01275
torus.out0.02371.h5	08083e24d43199acda589cdffc277646
torus.out0.02372.h5	44b3efc635422535854b197c9599bdbd
torus.out0.02373.h5	4da4dc14e6488d3aad34b2d1f2a2c321
torus.out0.02374.h5	619a1f41ebe696e543ed312dc0f0ee81
torus.out0.02375.h5	654a6f2827c7e1724c028868e4a53848
torus.out0.02376.h5	a9520c52c77f33f371a06db07ed690e5
torus.out0.02377.h5	9c994a678ed1bac29bad33dfeed4837a
torus.out0.02378.h5	3d71f24399f623c238bb71b2e798a969
torus.out0.02379.h5	b87ea52e1af1d85afc7a1f6b185ec69e
torus.out0.02380.h5	83130b152a3e3f80497b6d00c3707377
torus.out0.02381.h5	da2fc36705a57beb6fbabf236015cce8
torus.out0.02382.h5	e4cd1b8a599498ddd96fdbbbe0c55dd3
torus.out0.02383.h5	92e76a10a285ac559c4c38216fad491d
torus.out0.02384.h5	68570c822bc1998755ca0771633d077a
torus.out0.02385.h5	e6b3e3fc43e1ba710b0745bcc1e4f21d
torus.out0.02386.h5	e10340069f8b415d2f4eb1c0f4542ec2
torus.out0.02387.h5	10c8f0016eae5491c678e5f76a5a4778
torus.out0.02388.h5	ed86da10440d5ef7ecb66228fb26c67e
torus.out0.02389.h5	535681e1c35d68d0fdd6f0fba9c1c8b5
torus.out0.02390.h5	2cd92e6623f6686a829c657246bd0bdd
torus.out0.02391.h5	fca4647308657db6c3a06a3b03877653
torus.out0.02392.h5	dbb30b6424a7883c1b749b62c5244016
torus.out0.02393.h5	c6bd30eb5be7047d991ab1625f815104
torus.out0.02394.h5	c4aef2f116a088d250a99ab23ee06de2
torus.out0.02395.h5	10bfad6f5ee5b0201b07ce8ebcd74cc3
torus.out0.02396.h5	e85936d3a6cd0f29499ecddc85c8c4c4
torus.out0.02397.h5	5ae498419e937774da7f33ddd17b7786
torus.out0.02398.h5	9cae70fda8a5fefd116e9da53c7cd732
torus.out0.02399.h5	41d38849833c3db6d635a9695f826abd
torus.out0.02400.h5	e97a1dec69fb0da55ac84c3ca41ea715
torus.out0.02401.h5	0161408f505f56f2d0c613c5fe05d087
torus.out0.02402.h5	2e1ca120e84b74023a7032b770eb37c1
torus.out0.02403.h5	9edf8ba779bb5ffccbe0ce02d3a3d42a
torus.out0.02404.h5	a92a1db604ef929d670cd502bd19832d
torus.out0.02405.h5	96f92fd327f6e7f62fdc1b4582501c23
torus.out0.02406.h5	ad7736cfb6e356c2f230d025d6a17327
torus.out0.02407.h5	eaa05c64efd6dbaea8fc6b79fe37bf63
torus.out0.02408.h5	1fbbcd71cf3a8efaa4e4bab309e21900
torus.out0.02409.h5	1f5403d8ca25b06aa87f82d3600a1fa6
torus.out0.02410.h5	942c62db0a684d7a38709a93c3c03502
torus.out0.02411.h5	2a0e2e93395809cfa7813eea391e19a2
torus.out0.02412.h5	20139eb239b1ba2d99184af6015f0a2e
torus.out0.02413.h5	e530bbc1bf7faef53812f448f475ed28
torus.out0.02414.h5	764d4e9ff9f712681836ffdf50da7d1f
torus.out0.02415.h5	016a71027626fde8a8446b6c658622bb
torus.out0.02416.h5	0321ef67323550176b6fa68f272372e7
torus.out0.02417.h5	19e2ff16a33dc90772d736a660338660
torus.out0.02418.h5	3330bddd4549f00b07eff60feb504be7
torus.out0.02419.h5	5a23fad2f07db39ec99c5c046d0b5832
torus.out0.02420.h5	efe93758909cf8cb8c53d19d7b09affb
torus.out0.02421.h5	234a9b130e4301cdd11374ecf7ae6f36
torus.out0.02422.h5	a25c017dc5a5d842b6e12ff2f15ccd86
torus.out0.02423.h5	199f6d2dda67c740ae35f924b3002755
torus.out0.02424.h5	e46a90d71fe14309a354277716348751
torus.out0.02425.h5	33925970744753eb6656d15d4d53a5ca
torus.out0.02426.h5	851c5e75d4f2b2eec55d42f4ad40e16f
torus.out0.02427.h5	e165d8730e7ad6b43db04e7de899dd96
torus.out0.02428.h5	6bb39fdd853223a2f04ceaa46a7a88d9
torus.out0.02429.h5	c2c329db92e7b902fbc2e11641cfa61c
torus.out0.02430.h5	35be823f203afebe229bb5d7222f9f40
torus.out0.02431.h5	a8b331a4f73fdc3bcdde7397d2ec4d8f
torus.out0.02432.h5	b733f08e6a963f0524843beccdc44f52
torus.out0.02433.h5	d4c3613c98c37334e7c42dbdb50b05fb
torus.out0.02434.h5	8b3097b7a19f7d3abda46df24c04d478
torus.out0.02435.h5	8403b8a71ce5a5d360d110c31f4f141c
torus.out0.02436.h5	a2677e03fd9ad86b31f6e3f44b4373b8
torus.out0.02437.h5	fe00092a7278e58848193f934795f333
torus.out0.02438.h5	282cd6ccbabff6ece6fef7ec160ae5f6
torus.out0.02439.h5	2dc7ed5e6a4af7633cbeb85338f817a1
torus.out0.02440.h5	de6eedd64f01ebc37e1eb8edbe11b013
torus.out0.02441.h5	7c02981e0354c2c20ee7228731706fa3
torus.out0.02442.h5	8f6355f777ca576fbb3496b52664d6bf
torus.out0.02443.h5	06412ea0d0ba95fc80138a42f9bb0158
torus.out0.02444.h5	0ce9f6fc99404f3953a284e49272608b
torus.out0.02445.h5	bcb34db7b18cc8566e5235dfcd30fefc
torus.out0.02446.h5	df1e85f1c5414d622f3755a4ac154929
torus.out0.02447.h5	8e5c95ac32e8e6119e9f2ff47c670df3
torus.out0.02448.h5	456ff3940d360ee5259349c57f32565c
torus.out0.02449.h5	765162391688e5e16fabd7ee5e1c884f
torus.out0.02450.h5	04963cfb6cfc5780f985bebd7a54c9a9
torus.out0.02451.h5	267badcb0621494d5501353f091d4eb0
torus.out0.02452.h5	08030fd408f81c26d242a53b79141d7f
torus.out0.02453.h5	5cec43066041be611aee61a76c9c93f1
torus.out0.02454.h5	19af8258f7d8633352fdfff8b3490c20
torus.out0.02455.h5	1cb3fd22e270cecf61ce0826aab7007a
torus.out0.02456.h5	0c264c37b789324132fe334c3d770ce5
torus.out0.02457.h5	e910dee309e911e3957966941b00eee0
torus.out0.02458.h5	d3c1a8af568691eaed098567ad9267a6
torus.out0.02459.h5	d015cc2f1e855da7fff54ec60c6945f2
torus.out0.02460.h5	5ce639bea0de033ac88f69829bb7b187
torus.out0.02461.h5	2592c731c6d3ad522a14afa2b3d15f8b
torus.out0.02462.h5	925ba81f55d51971e45bbe5ef6398a64
torus.out0.02463.h5	942f31576f02263cced73953ccaad64c
torus.out0.02464.h5	a8f32b2375cc8ecb1395a2c0a3130628
torus.out0.02465.h5	c1903a1005ab8fa1d9c5384852f183a1
torus.out0.02466.h5	f3572a0062ffc8bb1d1cca1117e71bcf
torus.out0.02467.h5	035bd8a2b5ea52501ffb426b9319c5de
torus.out0.02468.h5	938435cfbe25cc34e932b6e06d03d9de
torus.out0.02469.h5	3a6bde3414d1d0af67d1a938a0c1b3ea
torus.out0.02470.h5	f6b0b67cea85101b01b4221aa8094fa9
torus.out0.02471.h5	ac812eeb701769873546c738ca421775
torus.out0.02472.h5	f8d9117837603bc97e901f3fcf44e0d7
torus.out0.02473.h5	566243e6af3ab8107133e09db857e4d9
torus.out0.02474.h5	7adfce7b6dac944d515f9da6ed751641
torus.out0.02475.h5	07e44414c208b3adeb3ca6eba96ed8d1
torus.out0.02476.h5	c1fcd4a3d6670263c0af62fc1199ee9f
torus.out0.02477.h5	1202540ecb064bc9431de78ac6ece181
torus.out0.02478.h5	50fcad62b3275a92e42abce06cf944d1
torus.out0.02479.h5	99bf83bf83224511f42735343b4ac4f5
torus.out0.02480.h5	0c09003f927f3f583e772d4758487500
torus.out0.02481.h5	a85fa306fe47d4825e8a4c2665e190b7
torus.out0.02482.h5	57d55d6a01e22b219956267bca5c10a8
torus.out0.02483.h5	41de3628b44557abe3d27948f8fbcf3d
torus.out0.02484.h5	341911cad3e37473f4ea36c7721a1ae2
torus.out0.02485.h5	4c4228b5c2293c8774c1e8bc2bfd5a0c
torus.out0.02486.h5	86875c0236c8accdad0f8745e82ddbf2
torus.out0.02487.h5	5419e2a90bbe80c484187a94d3b5339b
torus.out0.02488.h5	b258a7856371d1148c76fcc4824e1153
torus.out0.02489.h5	6016d8146afd067e7b6156d0113feea7
torus.out0.02490.h5	d6df5303e3c3c7eed0affe4034839886
torus.out0.02491.h5	4581c5c5a75e8a73c9412d8499436b17
torus.out0.02492.h5	28fec1736aad10040f05f893b215d100
torus.out0.02493.h5	0afd1056766ff5d4282b4a1d7ac69ff7
torus.out0.02494.h5	0ca993bc23be192f52ebabcc880c539a
torus.out0.02495.h5	23706259decb5a9fb7f69df8bbe8da2a
torus.out0.02496.h5	daeb02d72e05c9737698e43f2bd8c844
torus.out0.02497.h5	fd03bd44fa54363b39cab23822d1fa07
torus.out0.02498.h5	22559520245656e6843f8857aec0a735
torus.out0.02499.h5	210933933ba79c99d5380162e31b13d6
torus.out0.02500.h5	e74645063c10682f4f95c0b4ab42d5a0
torus.out0.02501.h5	047ba5eeabe86c2bbc3693aea6d975d5
torus.out0.02502.h5	ca6f2f34b9baea9b8f26b5500226c756
torus.out0.02503.h5	614620d8178b9a584cb343df1c87864a
torus.out0.02504.h5	fe36fceefdff02b4f9f8913f39ca6ec8
torus.out0.02505.h5	ce997c877b956a19e629bf7bd4cb388a
torus.out0.02506.h5	2054d9b2a8d0d28309f11838a2734b0c
torus.out0.02507.h5	4e92a41272400500aff1fc8c32dba758
torus.out0.02508.h5	d01cd2daf497d18a8c18cf085b6e46de
torus.out0.02509.h5	1381e7958a022ba7b17dd99d29053ce7
torus.out0.02510.h5	59adf2a4363121a2c8df9ed6ed6f4a45
torus.out0.02511.h5	e90f9a186940f82529fe1407ba4415fa
torus.out0.02512.h5	40a1c35958489763ebebb8da66036420
torus.out0.02513.h5	41815b66e6f30d615ea49ceed15cd7d7
torus.out0.02514.h5	ef6390597f06da5f103705487636d069
torus.out0.02515.h5	7ecabd1ac0770cf59fc753b6898f7f01
torus.out0.02516.h5	48d12aa200cf5101d31c33c9f3797937
torus.out0.02517.h5	8d72d28235b554fe3ac7fd0a1907eb1a
torus.out0.02518.h5	cac8b8002988795774c21b63c3c2a49a
torus.out0.02519.h5	ed7fa455fdf1b4f3e672ca98072d742b
torus.out0.02520.h5	7b07855d6d9e9e5be8f3a632a9f26db9
torus.out0.02521.h5	777a12be2dbf8a099257cb34b7395df1
torus.out0.02522.h5	a92ceb8be0aa817c2bb1d87d5fc456e7
torus.out0.02523.h5	b3f75019e027fb4052326cb42badb0f6
torus.out0.02524.h5	a062ca8423dbfa278aec491c842252fd
torus.out0.02525.h5	97b86553c55e74ad14d6c665f7aec707
torus.out0.02526.h5	3d96137859d659a795f4dec003910edb
torus.out0.02527.h5	f117c4d910ac73c24a3c5056a1c8ea73
torus.out0.02528.h5	d969338bc002ac5f5de2372a29471881
torus.out0.02529.h5	946bcb9a7f30472cddda46b172164f20
torus.out0.02530.h5	5cf336089929ff4c23818e057d743573
torus.out0.02531.h5	a237d777a6c44e007b799af6e8434930
torus.out0.02532.h5	c7463d6029e9129f066cf1c4fba85d2f
torus.out0.02533.h5	7fbd24969377c1e5cd2785cb92592b9c
torus.out0.02534.h5	1e1a59efb124b1c48c2a55fa2ec3382e
torus.out0.02535.h5	68f1a063cbb12b612d83e9c010d00805
torus.out0.02536.h5	8830cbd6cf9a22794a4cf5b231e63fde
torus.out0.02537.h5	7d474cf18254e38aed1765017bcd62a9
torus.out0.02538.h5	00910dd3d0fb6870af3a862e629f08e7
torus.out0.02539.h5	0b8e770dfd853e528937d192743cfffd
torus.out0.02540.h5	a7342e0a00b01df4d1aeba2adeea82d3
torus.out0.02541.h5	de6cab288d1bd6bb00ba497b191f8be4
torus.out0.02542.h5	b7a85a070bcb0470b7dd6538bec229d5
torus.out0.02543.h5	7ffd3dba580e83893a3d3d8ef9dc243f
torus.out0.02544.h5	49ab6331cf7b17ac1d4b473502af8bc9
torus.out0.02545.h5	2ac480275ea53f8a72476df0ee9c0775
torus.out0.02546.h5	0a4a7cb9124887cd54a19f816d64f94e
torus.out0.02547.h5	27ecdf46ffac1ef0a7a1226835eb36ce
torus.out0.02548.h5	fa59f3e4ba438e7c65c918acace3ba20
torus.out0.02549.h5	e2d9b6bad67ed2e161a1fff5627e5eb8
torus.out0.02550.h5	26b97ac17dd49d46516f994cbea6c32d
torus.out0.02551.h5	ee9074d71e1fb6f2dfd776840fcb09c6
torus.out0.02552.h5	c55a62cc289541fce3aa7804ddcc1ec1
torus.out0.02553.h5	171f394c3414a940f9de32996391b129
torus.out0.02554.h5	8b30a68759da53efca35200b4c70ba35
torus.out0.02555.h5	20e26dafa371133be09bd72592e79316
torus.out0.02556.h5	6c2a5936753cde8c4648a94bbb3a7e72
torus.out0.02557.h5	18a765aa2c1bfb92ff35ffe853a8bf20
torus.out0.02558.h5	ac64f582d93bbe409742601f75a09b0f
torus.out0.02559.h5	648ee8f0300f9f3ed5c8871aaf96ffad
torus.out0.02560.h5	57dddf9572a93bf7a9d8144bab256786
torus.out0.02561.h5	39d5519dcf74dea42e0f754fe22af4c1
torus.out0.02562.h5	9eddad8fcd8fb007e9ef0f4eff93059e
torus.out0.02563.h5	eab3e7ba1019d14d7518a3476c0c8a05
torus.out0.02564.h5	84ca093817005902b0c7650810e3ed6d
torus.out0.02565.h5	475836f5493a62c6ab1367272c19e19a
torus.out0.02566.h5	b32503309614e60f96c0188a462a79bc
torus.out0.02567.h5	7e01f6b835eabce3036cb5788ac444b9
torus.out0.02568.h5	9127d025166020f99626ab684e780756
torus.out0.02569.h5	65c60af1fba5363029c06220f25fadad
torus.out0.02570.h5	6838ed85cc362fd0e0e1285dc03d72dd
torus.out0.02571.h5	14c5329583f78cd80f17c0ed58b8ce7e
torus.out0.02572.h5	476b9c573b5c563e798f0a495e3190fd
torus.out0.02573.h5	7e40a72407d267118040afaf97bd29fe
torus.out0.02574.h5	0ca2d6f6d29f88440b681a3b98866cfa
torus.out0.02575.h5	5dd9ed8b8e7cb569244987fdc2fcda90
torus.out0.02576.h5	54d1c00c1548aa35bdddaa2fa339a81a
torus.out0.02577.h5	dd5952929e7ec5dcd75113f3a8f9ef72
torus.out0.02578.h5	2e46f7ae60639d86f1e2ae2df802db63
torus.out0.02579.h5	fdb137003bbe844242aad486949732dd
torus.out0.02580.h5	e96cbacc38703fd97208c5526128ae75
torus.out0.02581.h5	5363cdacec581d2b7f67a1e88a52be2a
torus.out0.02582.h5	2bfc1a940ca06930bc391b1a0350a03e
torus.out0.02583.h5	a6eceb966997ee36412ce784120d4ec9
torus.out0.02584.h5	4d0a83a18ffe51585af5e71127be4fbb
torus.out0.02585.h5	d901c1b26e4ffe73ba9f15acdd313c88
torus.out0.02586.h5	d4c5717eed25a4db6df486477ae44b34
torus.out0.02587.h5	9ea569ed70a0b9e77ff5d406d8dff1ca
torus.out0.02588.h5	9729b39aea951906b4adb5116d0ff8b9
torus.out0.02589.h5	d0c124f59bc0ad6cf4d05c9603b39dbf
torus.out0.02590.h5	b18e8d6a22203d3ed4d99644e3eedbac
torus.out0.02591.h5	c2504a70dd3701910ba3a5ee16f53d0e
torus.out0.02592.h5	28c9d0fe6f3abce60140f83d50ec4c42
torus.out0.02593.h5	cbaeee868663191e04bff527adb5558d
torus.out0.02594.h5	590a1c34397a102a9c7d47f001116fbe
torus.out0.02595.h5	45183545da64891f48075e6dedd26108
torus.out0.02596.h5	6c247e21fac0dbdc6e55f1c1c5197f23
torus.out0.02597.h5	3284a3a9d19054c1cacf8da648a735af
torus.out0.02598.h5	c6810593d1f37fad0e2c821a1bac8b11
torus.out0.02599.h5	a7e1679a573edacfb5bb70d37a2ffb50
torus.out0.02600.h5	ea86003a02dfee0583a8fb11a6a31ce6
torus.out0.02601.h5	ae2cc9fe9884c163d4205664f0536807
torus.out0.02602.h5	14739491cc6360d745facde9fd7fbf3c
torus.out0.02603.h5	015e6f024cf30ef9a710f24cea7590b2
torus.out0.02604.h5	db2ef4a38ded99095bbe4db17abbd981
torus.out0.02605.h5	4795e760d3ea8a0c4af81258a6840b0c
torus.out0.02606.h5	c7e343f8cfeca7c7a98316341cab1552
torus.out0.02607.h5	bc3c3093e10a2f83e7ade0276c2af4ec
torus.out0.02608.h5	e3f3f3d75f71ec55be5f2624e3631716
torus.out0.02609.h5	c0e31c1eabe82eacde9169d1d01673ee
torus.out0.02610.h5	7304c01d8866945964a6aa220eed9166
torus.out0.02611.h5	33cfc0615277e7eec165c816229c44d4
torus.out0.02612.h5	87044e3eb74a307875408a42ff2e9216
torus.out0.02613.h5	737e6826f1c2f09bf6b823f985de640f
torus.out0.02614.h5	f451faa57cca0acd85c0c77f1e54edd1
torus.out0.02615.h5	e7f2038ff508e83c4bc5ed767a0e98f2
torus.out0.02616.h5	aaa1a9c458823ff00db1b17bc6d13b2c
torus.out0.02617.h5	7e714ae4efb7cf7d8e16961775baf98a
torus.out0.02618.h5	215f7ac50ce5786e0096aefc3da0772f
torus.out0.02619.h5	92a9ad0f705a68c3a34166079f6b6339
torus.out0.02620.h5	2ee6bcd8d418807d0ae35ab58f8d24e0
torus.out0.02621.h5	17e799612646da32223b4793d6355bc9
torus.out0.02622.h5	97f8d65c7a330cbb90a372c5747b95cd
torus.out0.02623.h5	5615918f36279029beaf6c55b8cd47f1
torus.out0.02624.h5	75024aff30d7ca51f711d6f06c8015b5
torus.out0.02625.h5	0f64420b1cfbf77d2e21319c78ef5dae
torus.out0.02626.h5	9fa8f4f85f29a74c84cd55a18f5f5154
torus.out0.02627.h5	a6711ea1cae507f1ff29fe8ff279e7fb
torus.out0.02628.h5	2b315972d4eea1bb44ee0b18391535b5
torus.out0.02629.h5	b92b1537c901eedf79b490f9a60e5738
torus.out0.02630.h5	8cbcada2882cf05b0d845cfd739772f4
torus.out0.02631.h5	602f59744c09516ab012d588e8a19825
torus.out0.02632.h5	b2dc3748674db27d6f13e5b6079c8252
torus.out0.02633.h5	6894eb7cdc305a999d35a103cb6bb9bc
torus.out0.02634.h5	ee9440e86db7fc1f63149fa5fe3bf6f6
torus.out0.02635.h5	63550d33ddc8c88a2f5e898aea4273cd
torus.out0.02636.h5	ea5ed0a44266df1fb1bfa82c264fa54b
torus.out0.02637.h5	5af03d357b1fa26a2c8ab084d5301de2
torus.out0.02638.h5	56c32481ae21d548b87a2b4ea271c4cd
torus.out0.02639.h5	b5a836a659867803abf34e8df230f79d
torus.out0.02640.h5	ec7c078fe2e1dbe4c4a45c13cbce0a55
torus.out0.02641.h5	37227ba2ef34c047d329ceac56c4498e
torus.out0.02642.h5	2e18d8e68a7a65ae00eae2d40d64f267
torus.out0.02643.h5	237f1fbac7a087d818d76300f89c4381
torus.out0.02644.h5	8c98040a67a5aaacb1f74507632fca00
torus.out0.02645.h5	1722c2317dbc9d9dc664d6ca7deaef75
torus.out0.02646.h5	4b64953c08ff062828606625339159f4
torus.out0.02647.h5	4f8f60eeaca8e0ac6094eb7f8cf07a71
torus.out0.02648.h5	28d80e6eb88d234cee0174a3b9ef2cf3
torus.out0.02649.h5	ecb3b1301237a3a3a75806c185145f04
torus.out0.02650.h5	9ca0d0658d18ce305018ff90bd057147
torus.out0.02651.h5	6754e106fa36ad27196c9818f6137636
torus.out0.02652.h5	c96a4f6e4fdf2e93d592c5ed6752aa5b
torus.out0.02653.h5	1dcbb19af62c3ff9fc4aa2d38c1a4982
torus.out0.02654.h5	e4e03dd7687d400431a80acd002e7461
torus.out0.02655.h5	5902163de019e475d0fd3342fe82befc
torus.out0.02656.h5	8a87541eba9b6946d3959e7378081614
torus.out0.02657.h5	dfa7aa64e2daa5ce97fbf4be901a6c18
torus.out0.02658.h5	185c4c9e54389fac72f12217d71b2e56
torus.out0.02659.h5	c6f0665c3254f6e80ffa376266550f12
torus.out0.02660.h5	8546d5263c5c6079fa56404d391762ad
torus.out0.02661.h5	938b5fe58b7c88d5060a0973016dca68
torus.out0.02662.h5	91b4f11b06a048261f0f30417160d5fb
torus.out0.02663.h5	4076df56106eed76c25eb55fe0329a58
torus.out0.02664.h5	632289fd983d3013ac4f6926719dee7d
torus.out0.02665.h5	f9f912655dd69521a2c358c6815cadb6
torus.out0.02666.h5	9797df94c25e5c6c87142c2d7ff6f1cf
torus.out0.02667.h5	705a34beb4b98b1311824fb167d6c104
torus.out0.02668.h5	53a26ecfd8d25a0dd397d80848c43b72
torus.out0.02669.h5	f8eac6ff888a5d448f4c90beae52fe81
torus.out0.02670.h5	b005fd306680f9131f71e0d594fe4b81
torus.out0.02671.h5	a476ca3635e871fe6f73577ec50a5d49
torus.out0.02672.h5	28ee8630a0b1250b5abe4d5b63c358b7
torus.out0.02673.h5	6fab52fa587a3855999cec2ad4a0879c
torus.out0.02674.h5	7041a0295b9d9253551898802fa518fb
torus.out0.02675.h5	efac91632bce046081b1c27736bb1b30
torus.out0.02676.h5	3ae9d4ff0b0f917406e5081701889b57
torus.out0.02677.h5	115b908d9c058fb257402873e4514593
torus.out0.02678.h5	72373da5c47c061ef9890de87856f0c5
torus.out0.02679.h5	573823d7f4ef6b354f3d64c649e2d768
torus.out0.02680.h5	ff4293d3e3fa040f647c25da8abc23c8
torus.out0.02681.h5	324ee1898eb429db276c8fb8b71e2f4e
torus.out0.02682.h5	8f1751ad17f2da7eda7877f66253e5c1
torus.out0.02683.h5	f9c5cfb80be044508c1e4c989bb66030
torus.out0.02684.h5	606a5a13dd2ab7137f7c64348ea205fb
torus.out0.02685.h5	7ea61ca285f1e50ab731d54b586a3b3d
torus.out0.02686.h5	25a3e17fd2c3d5ec2c2688c4efe25df9
torus.out0.02687.h5	68b407a8907b7b277c6f00c98c7233ad
torus.out0.02688.h5	fdaec1072cc774ce6e156c3a7408cd2e
torus.out0.02689.h5	2e831afd57ff2a493880f6fbe6c8936d
torus.out0.02690.h5	a671155bd629939531246ff15f1ee0a8
torus.out0.02691.h5	ef10f824b5ca88f7c1eac9ed56ed39b1
torus.out0.02692.h5	6b3ea5f1e27fbab86a011a4d634c0808
torus.out0.02693.h5	53452cf8a83111b4be9f1321592dab06
torus.out0.02694.h5	48e345092bd728d9c9458f25099ae58b
torus.out0.02695.h5	22a5e8c6ee9e88870534f48e56620dcc
torus.out0.02696.h5	9d978bd26c0ebedbdcc6d6839e58e4fa
torus.out0.02697.h5	5d86e235eef02b8090491e7cbbbb8280
torus.out0.02698.h5	b8153ebb21fb5ccdc431cb0e0e33ee5a
torus.out0.02699.h5	679d1b73916630b90ce2dc886e87e5d8
torus.out0.02700.h5	1004369338f903cfc964559e22ac1ffb
torus.out0.02701.h5	53e2b12b5111b99d884f67c874c1eb0c
torus.out0.02702.h5	f73c49464e8dd42344857a4134f7c657
torus.out0.02703.h5	cb422289bcbe7f9231453202a7b4a169
torus.out0.02704.h5	b7932076788d7e12936636ba75289614
torus.out0.02705.h5	e95f9cabc80e4a75ceafdea31159b42b
torus.out0.02706.h5	c4b3e59132133ec71992b377fb1af1d4
torus.out0.02707.h5	65d6545b7db5617e5d7ecc3bc9bf0224
torus.out0.02708.h5	cc497797d4f8368ecc7fe1595db7474f
torus.out0.02709.h5	76e5b99b0976ff65429c5e25c247a73e
torus.out0.02710.h5	fc32ed6353088b9f47ecfe155d3bb24c
torus.out0.02711.h5	8a26a58facca6e83b17fdcc9b30e610a
torus.out0.02712.h5	6ae610414b071dcef7449227c123785d
torus.out0.02713.h5	13167929867e8ba57aa3a44948701fde
torus.out0.02714.h5	285eff85a19f4e193848818c7cd6b877
torus.out0.02715.h5	1ab33cf43af7c703e132bdf3ea1c7c44
torus.out0.02716.h5	baaea060eeda183e4e6b27b6e88d4a1d
torus.out0.02717.h5	41250d91380c2f20df224d32d83ade15
torus.out0.02718.h5	102719ec01d297f872bb1b005cbc8f5f
torus.out0.02719.h5	31e8e2f2f4a682fe8e50d00c32cec6b4
torus.out0.02720.h5	194a095634f41894cd7a009f0435620f
torus.out0.02721.h5	02e00683206535855e8fdb851f1de65e
torus.out0.02722.h5	94aa2699823772d0971a678ec0478f4f
torus.out0.02723.h5	12034b44ddbb603351423af4f6e34cbd
torus.out0.02724.h5	432f00e97657ea807896facfdc35591d
torus.out0.02725.h5	0147f4e7373b02286250ee5c21b80107
torus.out0.02726.h5	a7afd2200555d836ae3d3d57a5336b8c
torus.out0.02727.h5	8c40508dadb26a72566849a6715d22ce
torus.out0.02728.h5	870472959e0f0a790e47c88764adbf8a
torus.out0.02729.h5	91fc427da736c13c0ed218ef44009233
torus.out0.02730.h5	6a1f3b055d5de7396f1836384c9a6dbb
torus.out0.02731.h5	72a70e6cb7dc66a0b93e1d8e3417c75f
torus.out0.02732.h5	db21563adb47c98d99dd69c77d986e0c
torus.out0.02733.h5	f9dffc34b0736c6ea39a008de0b6b139
torus.out0.02734.h5	475b308a4dc6e5583b1ac1dc6de97c2b
torus.out0.02735.h5	fe0ba82dbe36592d66420bd062c587e3
torus.out0.02736.h5	c664c594146ec67af3d5fc7241650fd6
torus.out0.02737.h5	5c6673c7b1f621630c811acdd0eb9be7
torus.out0.02738.h5	90e0af8535eb6af14a007107a9c9e033
torus.out0.02739.h5	3cde517e46f5be3295df48d2a5580b2b
torus.out0.02740.h5	a95565141174b9fbed6db50e2a8000be
torus.out0.02741.h5	7a1c67985a09d22b3c3c1b50764e9926
torus.out0.02742.h5	ae26bb027bfe189fb6be16a60f27f42b
torus.out0.02743.h5	41d59b7a3025240739409895b337f676
torus.out0.02744.h5	da82063f12bb690f0e33cca33b8aaf7e
torus.out0.02745.h5	8f1a5ad72f7d40daf965ea20b2f0e0bc
torus.out0.02746.h5	6781bb400395d7fd2c8bee9b582c51cf
torus.out0.02747.h5	d21e6f632c1f5c2995ecb99ae50f9fa2
torus.out0.02748.h5	80fdc4703131fd9076385bf5dbddd067
torus.out0.02749.h5	6ac700b44e4efd9b6953e9bf03fe6c24
torus.out0.02750.h5	706f673fc163c6a4b8be3c7f836d769e
torus.out0.02751.h5	78ca82087a4dd47c7b0d81a5dfbfcb5c
torus.out0.02752.h5	74331a204e2ff75765c4482ce34d0c80
torus.out0.02753.h5	5d35b0b6b1c8f329aa7be3acdbc9473a
torus.out0.02754.h5	c63af719a26c11ce8ce0f9a02409ac98
torus.out0.02755.h5	6e400918e0ddf6e586b66472e0f2e16f
torus.out0.02756.h5	63658b943de891abf39a8d5752e4353c
torus.out0.02757.h5	a61b5c8eab75022fc9021b7e59961e6d
torus.out0.02758.h5	c0297da00e00b77627b10be88bccd34b
torus.out0.02759.h5	d3c6ea9b2b51326ca44bd8eb73fb3dff
torus.out0.02760.h5	ef811dfbd8e403d7a638aaef85736bd9
torus.out0.02761.h5	88e8c12a86152adf4091690ec21ca697
torus.out0.02762.h5	04084012d93bd31cd913a56435649080
torus.out0.02763.h5	367dad9ebecc43cf2c83c20532fc261f
torus.out0.02764.h5	7a4fefc022365af91056c494e68ca18e
torus.out0.02765.h5	e3a7caaaf2f99394732d5ac28f106902
torus.out0.02766.h5	297e44af641e506fb332b7c36d242dd6
torus.out0.02767.h5	c0dfa954d28ae4f651b321b8c2a4bd3f
torus.out0.02768.h5	973ba6943b59efe3ace69dc8f1fef516
torus.out0.02769.h5	6fffcf3ca1c99a64e495f966ad510136
torus.out0.02770.h5	04bbd48fd7891291ed8b760429261d92
torus.out0.02771.h5	f7e16cdbcc90d2651a5bebc56ad6a0f8
torus.out0.02772.h5	e6bbd37e0e6b565f6944bc4a0620d160
torus.out0.02773.h5	77cff879fd985731b5830696b684c370
torus.out0.02774.h5	5f9ea15a0024328a7d935bd5de52429d
torus.out0.02775.h5	4df86a94cef72fbfc69a7ffcebe45fe2
torus.out0.02776.h5	d0ce2cea51a257c72638549e97dddec3
torus.out0.02777.h5	fe8e1c791f2b7bf99d23034fbefdfbc7
torus.out0.02778.h5	6d30600482b6dc62d461c1f0b9a8429b
torus.out0.02779.h5	49575b8711a325721c99a30cf93ee6a1
torus.out0.02780.h5	f1b203ae02a7b06f9625d2bf7bcd9f5e
torus.out0.02781.h5	0e63701736b088ab814afd21bba34c62
torus.out0.02782.h5	f5a6902f7958de956f7696d53d2b3b21
torus.out0.02783.h5	23566dbb3ce8989b997bd04c777e9b4f
torus.out0.02784.h5	e55c67d72fd9d6d01351c9acfb64a30b
torus.out0.02785.h5	76f9bd52709ab10cebbfdbb7a395ccbe
torus.out0.02786.h5	c597bb6ebeba36b599ff185d7669380c
torus.out0.02787.h5	6dda1d2b95473c7913e1b9a781556657
torus.out0.02788.h5	91a3ae5b26bb20f0357daeb42f57ab2e
torus.out0.02789.h5	3c4330fc3d472dab63dfe67809a47c58
torus.out0.02790.h5	f67345ffc1e43481e5b883f9af2b4261
torus.out0.02791.h5	a1aefea02b42574d7972afb595d754ed
torus.out0.02792.h5	9da3b0f72a768c839e59e00bf4797e09
torus.out0.02793.h5	28d5336a4c707c9d2ee54c904ca4df9c
torus.out0.02794.h5	82682837614a2676641faf5a47d7c1e9
torus.out0.02795.h5	864ee681a3df4d52d4731e591226c31e
torus.out0.02796.h5	55332cb6e7e9524517cfe0e9ba942fab
torus.out0.02797.h5	5239f1d74800582e032d1bb36b20056d
torus.out0.02798.h5	6852223ccad7a6b98c80596abaa16026
torus.out0.02799.h5	0965be29694fb5e8eece50d431e08e96
torus.out0.02800.h5	54dd7fee5898735c3d3441d01e5d1105
torus.out0.02801.h5	c751df7eac169ce0af3168c17c633081
torus.out0.02802.h5	7963b0d7fa51fe992067c1379ac2335f
torus.out0.02803.h5	bf3c15c5b0b56cfa1e958de3b487de73
torus.out0.02804.h5	6a115b2844f35c0962118d6dcc0c2489
torus.out0.02805.h5	890ccbad916fd016d150b73e13ec656d
torus.out0.02806.h5	827256a02ec9cd1467d0a6ceab56482e
torus.out0.02807.h5	5b6d26df632632685ba30636573ffa34
torus.out0.02808.h5	0edb3d1d80332db2337a588dfd353846
torus.out0.02809.h5	1eee39016c46ca5eb3325309d6331a9f
torus.out0.02810.h5	d97c5c581ea0afcda25a80eb3708977a
torus.out0.02811.h5	d303c831cf153b9cd8a2103b753c7e6f
torus.out0.02812.h5	b9316af15cf15850753440ed1b24f1dc
torus.out0.02813.h5	c43b2036a865b95180d4aeede24d910d
torus.out0.02814.h5	c1937f297d70d6041065c86d6429e230
torus.out0.02815.h5	66e11ff942e7e2027cf8f51585df4386
torus.out0.02816.h5	86ca78f3df63e9d24afcaf18e3a198cf
torus.out0.02817.h5	e327000d34343980909bdf7c87cbfd93
torus.out0.02818.h5	c8c6e854f9a3ab4ad3cde8e482d2135f
torus.out0.02819.h5	b4ea0ea1b5285fe4dd42bf3e923a09c9
torus.out0.02820.h5	08e1024fe757f3606a3e2cda76a1e4f8
torus.out0.02821.h5	855a8e039d15a9bce5a2d4ca66f43da4
torus.out0.02822.h5	60214f50a0ea107c941bb698aab54c8d
torus.out0.02823.h5	095f9aca9599dcf361afb1cde38aa63a
torus.out0.02824.h5	e2cd86047fbf19efee43d5a8f525fd26
torus.out0.02825.h5	b9ab2b41d04aecbf8a4cb45131822058
torus.out0.02826.h5	0bf4e1a2c2c69118bc23928461d1b285
torus.out0.02827.h5	2c5d83e098c44e501b134099704f710b
torus.out0.02828.h5	5ca4982cd50d97076930995103d553ff
torus.out0.02829.h5	28ca9a9c27d454b7d7683dc6e4b87f97
torus.out0.02830.h5	cd9e43b155e21e628eed6a77de3d78e3
torus.out0.02831.h5	62c639d6fcce19754e0929d9d250f5d8
torus.out0.02832.h5	84ac8baae930c62d55afedf86ac13745
torus.out0.02833.h5	829cba9f091bb95f3647463d5dacba93
torus.out0.02834.h5	3b1f4c2293d461550afaf12f0b492af9
torus.out0.02835.h5	53098581046522d4825f19042317d639
torus.out0.02836.h5	8203535869b13151db4b205a966dbf54
torus.out0.02837.h5	dd5bfadb355db6c1f03183060083e1ce
torus.out0.02838.h5	72fb7079ea22028f7ebf6b405bae32d2
torus.out0.02839.h5	c6362b7fe8ec606127b21c1e8321bc61
torus.out0.02840.h5	be1fc04b5cacdedd5562233d4a76d814
torus.out0.02841.h5	ab38f690212d0e5c5e2934e8a544ce9e
torus.out0.02842.h5	037ad24fe627e50416b94ec064cdf6d6
torus.out0.02843.h5	e32db7b4937c97bfe733d25c1e03a072
torus.out0.02844.h5	bc2468fd828f0254e7a441c416003255
torus.out0.02845.h5	5b77ed4050a832e080d6660df854584c
torus.out0.02846.h5	e63edac3c99eb0ca4fd26c9597603858
torus.out0.02847.h5	6ab1c4b997bc4365881b3a30d0f003b7
torus.out0.02848.h5	9a766ed45f25f225b2a6889a490e12e4
torus.out0.02849.h5	4742d60f529e2cb45f81c550a8a2afb9
torus.out0.02850.h5	788003f7c09d3d5eb260a06961d02f68
torus.out0.02851.h5	0ceaa4ca866bc8d88b2edd765f085603
torus.out0.02852.h5	d01cc8b454c76dc046aea511454824fc
torus.out0.02853.h5	7f7685b741830969985eec1ab174b66d
torus.out0.02854.h5	cb3946d195df0279b60d7590e34b7540
torus.out0.02855.h5	54fd3e20344da657098cfed6d2f3e003
torus.out0.02856.h5	1bc12332241a4f2ef6ebabeafc355037
torus.out0.02857.h5	cdaea498e998e417b7bfb2411e5e77ca
torus.out0.02858.h5	a86a8c1609aa2ce4d169f0ac23b2c2f6
torus.out0.02859.h5	c5bbb444cf6e5d732713923c2e41516b
torus.out0.02860.h5	475cd1e4559ff86c88ba7b88b4766ee6
torus.out0.02861.h5	8317b562d30c9c2124e1eb73a9667ad2
torus.out0.02862.h5	a5271782cc7ce8711182b67358dbe018
torus.out0.02863.h5	c46c83b691bd4f1dd6aa9f9ccbb4da21
torus.out0.02864.h5	5b077e12d31da10abe28a1b760436a09
torus.out0.02865.h5	98f3449b0dd2cd8dcd1b887884cedfce
torus.out0.02866.h5	05c6ea7f3c5970a3c57f82d960bd7769
torus.out0.02867.h5	1986c8fc42b93eea5ae21480a0a5da8b
torus.out0.02868.h5	e8c79da107703439bc939d960b96cebe
torus.out0.02869.h5	a21a8c77c85340568e38c0815a00b60c
torus.out0.02870.h5	1b2c9d5da659a8e030ce4350aa9bf80b
torus.out0.02871.h5	f540831e532f453d27de2c0eba65a87f
torus.out0.02872.h5	3df958a32d6d4983c48571b21f1e10a9
torus.out0.02873.h5	88f4f72c039f02d8558d9df1103c17bc
torus.out0.02874.h5	3d305758cb8b6720158acb1e8e43bda8
torus.out0.02875.h5	6924b0ae9940effb234f0b0ae85ae6d4
torus.out0.02876.h5	80ec5ca340da9f835d9125dc5a961f0b
torus.out0.02877.h5	a5334006fbf80f22d309ecca36c8b2ff
torus.out0.02878.h5	582d1e2b6f4f78e1ee74f1dadb84079a
torus.out0.02879.h5	0c673056b571ce6a89d7f4a98674d17a
torus.out0.02880.h5	080108c5a1510dead1fd3507a0093dc8
torus.out0.02881.h5	27176060ae654f2cdd1dda56c619f8cd
torus.out0.02882.h5	bd2f286df51547ca7c1dbd99c2596305
torus.out0.02883.h5	d2446bf71943f307b295f2e198674633
torus.out0.02884.h5	f0893294153d3694a72f8dda18970c8b
torus.out0.02885.h5	e4f05e55dd5f825acd93697b557b985e
torus.out0.02886.h5	54c73e4e99c9e4184a7a73db218e56ab
torus.out0.02887.h5	8dce5eb22bb239f07b497a099bfe32f3
torus.out0.02888.h5	2cd5ab40fbd7b73307e18bf3f33cee36
torus.out0.02889.h5	c3484c6bea0e054fde519b48056f0057
torus.out0.02890.h5	c31a206259c932d8967dfb693ef1aa91
torus.out0.02891.h5	370d1003348e36ad53d0797f679b1550
torus.out0.02892.h5	68715cea723fb842ab29cca49446e139
torus.out0.02893.h5	1cc62f4c60e24e0a8852cb006ac103ed
torus.out0.02894.h5	b67a239010e44238d4c768feea65f8dd
torus.out0.02895.h5	9fa4ced790691ac112254c3a4628f5af
torus.out0.02896.h5	441e2e578fa5bbfd1ab97e55d85e0610
torus.out0.02897.h5	bf518f216e488a0ae72af6f1ed4810d2
torus.out0.02898.h5	e45daf6e479f11156340d3feb0aa4bc7
torus.out0.02899.h5	55f9b8d962fbd3498ee103a196af6a65
torus.out0.02900.h5	6f77058d7e1a225c2ae12c11bf32b5ba
torus.out0.02901.h5	0c38a1b8b21d8653b83833bbc89524a9
torus.out0.02902.h5	5df2af738230a5f675adbf79ca5cb16e
torus.out0.02903.h5	bd5350e55390eb1555e298cf240178af
torus.out0.02904.h5	aecb9ad456133757722bbe361be6f0ce
torus.out0.02905.h5	2c6f16128fb7d84475b8eb2d101d829e
torus.out0.02906.h5	3b65d1e21045bddbc48874d228407814
torus.out0.02907.h5	e5104854445cdd3a916a7114935c4af6
torus.out0.02908.h5	273427a0990466a16e3612658c4d1be2
torus.out0.02909.h5	a40bd50dde2bb9fbb21a532f093fc3e4
torus.out0.02910.h5	8d7caab57247d67a21f580812be68165
torus.out0.02911.h5	6c43b6417f264757e3fb26d5a284f7f7
torus.out0.02912.h5	8cb234275d430fc872fbf08f179037f7
torus.out0.02913.h5	2e3c2d012de6ac8d903a0b84118a3353
torus.out0.02914.h5	af5c0674edc54449dc992ab4fc6c9f43
torus.out0.02915.h5	6ffffcb4e3878d0561dec56ce7667d3d
torus.out0.02916.h5	858a48405e2e67a54eded84818257695
torus.out0.02917.h5	b086bd6484e696f0f6239287c47a63df
torus.out0.02918.h5	bc43f441897a54a534c7cfeb772d40a7
torus.out0.02919.h5	b80ffad509daf298858e6ec55aa05343
torus.out0.02920.h5	31da92aff297a73aab8f7c3ecb7ee495
torus.out0.02921.h5	a517a086fed0de9a289a95af8f3cabcf
torus.out0.02922.h5	ff3a73c7d1466164bf95238fb3e34ef0
torus.out0.02923.h5	d5c5b86dd645d4cc1470f2041a656243
torus.out0.02924.h5	b568032e6ef9b7308644aeba8986ad0e
torus.out0.02925.h5	a9932afa8b7b624868e215db530d5316
torus.out0.02926.h5	eb7d9c4026935c157687134e0a26e455
torus.out0.02927.h5	b932f0a56ef8e50eef49864029e004d4
torus.out0.02928.h5	5769caf70176b58e1b2bcc9144339938
torus.out0.02929.h5	be55e627a0a989d830fc13a42df807a9
torus.out0.02930.h5	f5c70c77443e4534cc578e2126bb3987
torus.out0.02931.h5	55a479103e07f6839253c7c46d98bc14
torus.out0.02932.h5	c380eb31fa00c92c11d1d261e2976b17
torus.out0.02933.h5	f109ef0196bad6cece33d3d589155e2d
torus.out0.02934.h5	c0a4baa2c54dc90069aa8d5745ae330a
torus.out0.02935.h5	166937996e5f3034fd32bc639e0c7ee0
torus.out0.02936.h5	0c3c6ba31301ff4b022ae9b8799b7465
torus.out0.02937.h5	10233e01af5459329f20e31d0fa765a8
torus.out0.02938.h5	9d3d9bd26d40d4435a5e0e0879118d9a
torus.out0.02939.h5	9eb7567f9d844920369fd875fbd0084d
torus.out0.02940.h5	d4bcee2089d784399bd19539fc566739
torus.out0.02941.h5	1e9ce35003135f4cb7b925c2cde7faee
torus.out0.02942.h5	229b56971504908aa1919a908382dc3d
torus.out0.02943.h5	59b5239d006c42ca1ac5546e5c35611c
torus.out0.02944.h5	e657eea192035518955be2023000815c
torus.out0.02945.h5	547161c6c940dbe7a3d2b063ce8d3732
torus.out0.02946.h5	79c53bb958ebecbf5d3816b170992806
torus.out0.02947.h5	c0d9bf4e8d7033763fd5f8fe5b590e67
torus.out0.02948.h5	3bc8fb4e3bd96ab2a902b1d49a30968b
torus.out0.02949.h5	249f86aff50c9c88f9e968e5b33f9f8b
torus.out0.02950.h5	2f5b0248ebcee397a8594c382247563f
torus.out0.02951.h5	c529ad416a9d8c1bc129292330053589
torus.out0.02952.h5	e462af7b070375c5c613204c83d6e0bb
torus.out0.02953.h5	a4ea2bc35543cbff1617229650c06154
torus.out0.02954.h5	b87dcc0ae991d96c4d1b786d9cd2dfa5
torus.out0.02955.h5	f99b353384e3694f5ce3e2c8e23b6827
torus.out0.02956.h5	68e695ae33bbd567777b265d228adfd3
torus.out0.02957.h5	a77c0c0c48e042c867ebfe744994894a
torus.out0.02958.h5	b4ce2a765136b6edfb4d0e05de1d4cc9
torus.out0.02959.h5	f50930657639854b733dab2d23830116
torus.out0.02960.h5	4072ed3f09dd1fc547d63d513c8bad69
torus.out0.02961.h5	04a227bb110343a8fbbfd8a71366fa74
torus.out0.02962.h5	19cabd2adac18dca850bd7c89d43be83
torus.out0.02963.h5	ee4a6bb27deb2d74626729cfbb26e2c7
torus.out0.02964.h5	0b208489851750d12e1754d3c0dfb968
torus.out0.02965.h5	9257dacf9b5beb3557cb21b553e61826
torus.out0.02966.h5	92c632a04c0ab597c1aeaea37292fa87
torus.out0.02967.h5	81c69aceed3f16cbfb8c0ba8d2c17dbf
torus.out0.02968.h5	468883809097ad4f932fbdc0b5400cec
torus.out0.02969.h5	e2bb0bf5082c094f13a91872404fc5be
torus.out0.02970.h5	4cb5ce089998e6db7e2679ed4504882d
torus.out0.02971.h5	40bb89390f04a412ade9eb2e8725146a
torus.out0.02972.h5	a1ceffc95491ca83741c01c86519e745
torus.out0.02973.h5	534e5f6cd38fffaed38b5bb8492ac072
torus.out0.02974.h5	2c0673380b6958381bb418a66c894c23
torus.out0.02975.h5	e01850319cc6bffdab5228dc5cdf605a
torus.out0.02976.h5	2aa4f4afbd4a755f39ab478f1a7532ff
torus.out0.02977.h5	f6ff6e933b2a3eedbba708468a6144f2
torus.out0.02978.h5	f860b0f809054d5015226b55702f5a02
torus.out0.02979.h5	d3cb7558f16691df6754c165e0ac5224
torus.out0.02980.h5	8b447cd421b6df6c693fbf391411b00e
torus.out0.02981.h5	549665d37a7fbfabfb2a62abb57bfb20
torus.out0.02982.h5	ea1394ca080a5b8c122ce0dca658e018
torus.out0.02983.h5	3bdef3e9598ba05de86c92d7948ed07b
torus.out0.02984.h5	c2f77f2dcafb635fe4d468568be24db9
torus.out0.02985.h5	de02f97aae0f84d22c9de3cca9e0efb9
torus.out0.02986.h5	087703c24f0b9243cd04b8a1c9685677
torus.out0.02987.h5	561fffda8c98c28da882c3893003c4ab
torus.out0.02988.h5	fdf9fd57f934e744be13628e416851c7
torus.out0.02989.h5	d809ed5b700017253c3d1c62300050eb
torus.out0.02990.h5	6d96856a23aadad44795b4d5463286de
torus.out0.02991.h5	fdb7684462b92d3f7bf2e13507cf18da
torus.out0.02992.h5	66797afd0a0d2633aac465c60c72ae61
torus.out0.02993.h5	d6546ed07671c74dc49d23d86a3a3710
torus.out0.02994.h5	59a36b460c1f6145066d890bc7246392
torus.out0.02995.h5	4f7c48d68910d40c0b1d3aedb56c1379
torus.out0.02996.h5	cab2be1ad9eace1248cc5fc0c07d4c2f
torus.out0.02997.h5	78c044b9c148e33062ec4e4dd01a992f
torus.out0.02998.h5	bb60f038a6a1a9690bf78fe2599c38bf
torus.out0.02999.h5	a0bfac2839d8b81c20d95192f03c7586
