torus.out0.04000.h5	80d4a78544ee6a5c2e0df5d36ba5aa44
torus.out0.04001.h5	4a4aafd41304144380734b04b2002568
torus.out0.04002.h5	97d47031eee167b44d098b7618678ee7
torus.out0.04003.h5	1aab42735bd2ffb75afe4ccbed7599d9
torus.out0.04004.h5	fee1922b9784616db1871ba9f827fd6f
torus.out0.04005.h5	9766d63029ec66c082e4286fa95db177
torus.out0.04006.h5	65b6d169beeae41131ce6aa9028adb55
torus.out0.04007.h5	7409ceeceb11e160799e6e39a7d46283
torus.out0.04008.h5	7f0d4dfab2d4692a1cc5c0ef76e2f38c
torus.out0.04009.h5	4d0e2ff4adf309d49a612851e57061bf
torus.out0.04010.h5	e9add734d7034842cabedccc4de25a50
torus.out0.04011.h5	e378f4adf9d2a1b6da9aead57f758dc2
torus.out0.04012.h5	9f2e8e74fd180ecf5e1e299af61659cf
torus.out0.04013.h5	f38d73fffa696f98f117a56e48f6cf37
torus.out0.04014.h5	6f6b7420cefda55a83c4f6509fc1dfea
torus.out0.04015.h5	4f7c568b19961f27c8e340ca269d87e0
torus.out0.04016.h5	04fee46b8e92ed2809acf26965200174
torus.out0.04017.h5	c59d17c0871c78ffe570333f2d27b620
torus.out0.04018.h5	e923c0569dc1f6680fcab073eb867656
torus.out0.04019.h5	fdbc78526ade2ea8cc88ad1c35ecc90c
torus.out0.04020.h5	15418301e49ae38d8e7b531e5681e0f4
torus.out0.04021.h5	d287fb993f928239a7ccf31689a60e6b
torus.out0.04022.h5	364eb2e674af7464a846cd5de9c9fe1a
torus.out0.04023.h5	3dacafbfb490e938eaa600ba3715af88
torus.out0.04024.h5	eb37d3e96a068d7bd117a98e3902b72e
torus.out0.04025.h5	df2508bd09d168a9eb33d427817200ab
torus.out0.04026.h5	b8f18c018639c0a8eebadbc687dee223
torus.out0.04027.h5	e29947737a7cafef958b586ffd2ee392
torus.out0.04028.h5	bd481e9464fff3e341ad409894e8e8b8
torus.out0.04029.h5	bab9721f86d8326b55842b59c2e58e89
torus.out0.04030.h5	091a100c6725bb7d27a5ec62c2f74040
torus.out0.04031.h5	b1b1d033c9a31dc25bce1eb447d47acc
torus.out0.04032.h5	7faf7bdd782e85fc9a309b1d382ec6a4
torus.out0.04033.h5	e304e626260f173501bdbd1baa5a08bd
torus.out0.04034.h5	8f23d43eaca19f422a47566be311de98
torus.out0.04035.h5	c71082bbe97c6e46eb98d6398973c7bc
torus.out0.04036.h5	fe05ab57cf65725940e5fd1891360bcc
torus.out0.04037.h5	030db7498a292e2ca7a495b2386e024d
torus.out0.04038.h5	d8477373323930281183266816ebd843
torus.out0.04039.h5	7c1c4b8499529ec9e46faa30db10edba
torus.out0.04040.h5	b0f6f4a6ec3718994a54ed4c7bffce02
torus.out0.04041.h5	493998138ad1125d4c3b78ac89665d36
torus.out0.04042.h5	6385b0793e2b1e5fa73ab2ac15a8ecb3
torus.out0.04043.h5	7265e257c77400a5e52f36ab8cfb973c
torus.out0.04044.h5	33019d2e8fb70ef4c9a5a1b64f217b8f
torus.out0.04045.h5	26a0cc4a0d0af48d5803a113454675b8
torus.out0.04046.h5	22a6243d9a338b4e365067c99382f548
torus.out0.04047.h5	ea747b50a6d27530f0ed76a7841b055e
torus.out0.04048.h5	c4663f327371012113735641b100779f
torus.out0.04049.h5	040c1bbced38f8695901728dc762cbf4
torus.out0.04050.h5	2d4592bb19338d2f86aa54cee5d65b81
torus.out0.04051.h5	183ee907ed872ca5b07503d914455209
torus.out0.04052.h5	9b7c3d6e8380843dae60fa305bba894b
torus.out0.04053.h5	5e28bf38d9df7b97138f6149c4b7eca7
torus.out0.04054.h5	506b5917e3b6dea543f83d5b98d9262d
torus.out0.04055.h5	2abb6303b6154a06398a39ccdf6716b5
torus.out0.04056.h5	f26f2ac337558effe9c69eb13d1416df
torus.out0.04057.h5	5eb2e6b020b13bde86b3b1728c49e827
torus.out0.04058.h5	d2e18a2e566ab8cb302629578c3d3622
torus.out0.04059.h5	41b4c7291deeef2703569df2aaea3728
torus.out0.04060.h5	9ba9edf7148f30fa170b695c56174ea8
torus.out0.04061.h5	a92ac517ce3e47b5dcfcef7c2c849452
torus.out0.04062.h5	4c81925029577a9451a540af41e67029
torus.out0.04063.h5	bfc1c4eb6970be4be479aa65ca30042b
torus.out0.04064.h5	ae7f9131209648b491287304791b5803
torus.out0.04065.h5	7b3f1a7aed87a3186f0accd69572d926
torus.out0.04066.h5	45ab2e28a746beaade833216bf3831f0
torus.out0.04067.h5	196e69e970c95df715b67f53c7d19b19
torus.out0.04068.h5	c12800f8b14a115dc744461954c9d8e6
torus.out0.04069.h5	581e70cc07b651b449326547a3722d57
torus.out0.04070.h5	98da3e2786af707c50310793d952f8c5
torus.out0.04071.h5	4fcb1bf607876864b9d7bb97d66aade0
torus.out0.04072.h5	74a8c8d1806ffc3840440a0539362256
torus.out0.04073.h5	cd6c9a04e27e187a2e4bf0398809b69d
torus.out0.04074.h5	41f9ae3bae1db213c0b48d627678661e
torus.out0.04075.h5	f1072d29b7e86b5b612bc5804a14b3e8
torus.out0.04076.h5	b840c0336e67a887db276cb0ce67edb0
torus.out0.04077.h5	e38c5642fba02013bfc4e4202561f3a9
torus.out0.04078.h5	53114c5bf29c91b6214013042a0498ec
torus.out0.04079.h5	4842afeb3331af445f03dfa2dffa608f
torus.out0.04080.h5	4b5c7192336494ca526f768ba5e4a961
torus.out0.04081.h5	d954f0c510814493b4fa077fd306cd35
torus.out0.04082.h5	c1e97f585952171f4d8ccc0f683cc6c4
torus.out0.04083.h5	f4fd4d198b5ae22d3db705b356ab2a19
torus.out0.04084.h5	3362dbddb59cfba7689bb91410fd6aa2
torus.out0.04085.h5	55d63124a8a5440982f7e2dc2bb793db
torus.out0.04086.h5	ba8c8481cd0fce77fb1a179e10e9f8ec
torus.out0.04087.h5	b8c3e3c6d932be3c6bc86fff0993ffe0
torus.out0.04088.h5	8eff5a4fb7a395ebd1a6b6b72415c778
torus.out0.04089.h5	9e2544aca522ebcbf41b444cf05f659c
torus.out0.04090.h5	6ebda008d7fa04ff43c7dcf446a81413
torus.out0.04091.h5	079cd423bc8d8b6721cccde139fc155a
torus.out0.04092.h5	1a1d3844f29c6fe8e13b1e6992f8e590
torus.out0.04093.h5	df0f491b8f45f4d0ce8f629a9d5324c1
torus.out0.04094.h5	c0f666df0456c40784986a0af18acc01
torus.out0.04095.h5	c904852507bf5f6b538da5f912dba8ed
torus.out0.04096.h5	f834c45551491e17a9e558e2262c9818
torus.out0.04097.h5	cd16d236cdd9d042eee1b8e39852a78d
torus.out0.04098.h5	6f8bdf4ecbac74631e2aeb4991ea09e3
torus.out0.04099.h5	2c080bacb546a0bd9319b53522816d6d
torus.out0.04100.h5	c82609bc08749761314feed786100372
torus.out0.04101.h5	690449017b510849fc1dd9bd3548b583
torus.out0.04102.h5	7d649bdf5958906c4410addc69e6a0db
torus.out0.04103.h5	81b157b3ab0cc90fac377969a3eff1be
torus.out0.04104.h5	2ad0aebc632b59aa9859a58a1ab0bac3
torus.out0.04105.h5	4132a0fba8331a02d85dc176e21b2976
torus.out0.04106.h5	c92b7d9a4d50f402df156498eda35666
torus.out0.04107.h5	9b3b88774baf73a7488d4e902d3f64d7
torus.out0.04108.h5	928e1bd1bce972fa07cc88bf9019cc30
torus.out0.04109.h5	8af6dd51bb960e88c76c0a65ceca8dd3
torus.out0.04110.h5	bcb9e1e682f422282b0eeeed5d1bc168
torus.out0.04111.h5	1695028bef8c0c874659e172e4606a17
torus.out0.04112.h5	aeddf710dff598c6d6c32af5879577fd
torus.out0.04113.h5	3818ac63519d5ff6e324dbb5de455262
torus.out0.04114.h5	20f7c444420af3cbfb4cfab76771b9fd
torus.out0.04115.h5	a4feb0d9d9977b9bb1f71fd56e6c3400
torus.out0.04116.h5	d1b55e0f96997589f7db94baaaea2d54
torus.out0.04117.h5	6c2f81b1efcbd32f251adcd724429fa4
torus.out0.04118.h5	5c45f29c8a48b74d98bc899c9e10ffc5
torus.out0.04119.h5	df5ab59cf468ba6691c4eeab7192179c
torus.out0.04120.h5	2e792ff8436572b2701d961d4f37d809
torus.out0.04121.h5	830ea4e2b7cdf6a6d4dcafee1f21f887
torus.out0.04122.h5	e84209aa8ba5238b7db66b646bbcda25
torus.out0.04123.h5	e6f924d1eb126790972a4becaa9c7bd4
torus.out0.04124.h5	bfabb2e3d4afc9d5e75e6fdbe2ffd4e1
torus.out0.04125.h5	875f7b936d4465e384c91000af026916
torus.out0.04126.h5	e48236a994b0610ff12ec478cea2df3a
torus.out0.04127.h5	0251a81e6a1d501237e26e214fec8b66
torus.out0.04128.h5	26fcf7eecaeff4b2856fe2ef3d65c93f
torus.out0.04129.h5	c6e4b319ed6e091276f71d5ca2dd932d
torus.out0.04130.h5	9adb2000f626f54072e7ac8c3d8700c3
torus.out0.04131.h5	da7b61e7251469ded4353bf1545945d0
torus.out0.04132.h5	25f250789661d12873cfd7d7ef0833f7
torus.out0.04133.h5	4e8d81a7e6abc2019582d36401e60611
torus.out0.04134.h5	62a4c691664576919ab90b460dde45ee
torus.out0.04135.h5	edd215cba3aa268c73e098c2c24b31b6
torus.out0.04136.h5	35a13e74e7251623aeb224c943d992d8
torus.out0.04137.h5	2bcd8d2c8a26360ee5ce590a3cd1ee72
torus.out0.04138.h5	78a7c4610098d1b4a6ef774bbbaba05f
torus.out0.04139.h5	70ca601e7844108e2f054f0be77b42b0
torus.out0.04140.h5	8131980571b700ac405c90732df1baea
torus.out0.04141.h5	fd121c2621a44f4ca8ba11362dad23bf
torus.out0.04142.h5	7fd55a838b8e399ff788916c9a610a15
torus.out0.04143.h5	6f9705a222d7ec99673b3a035e90e59b
torus.out0.04144.h5	5615a34c4762a468448641c74d30c4cc
torus.out0.04145.h5	c353a3b5eb8b1a4e5f60ccfd24087419
torus.out0.04146.h5	f04204935f03493a3bfaf2ba73b9f31c
torus.out0.04147.h5	c8b1336f6658e4eff0acfc3665a58041
torus.out0.04148.h5	cd7410e8460b12193acb6dc282699506
torus.out0.04149.h5	105e3831904a8688e87d9696648fc599
torus.out0.04150.h5	9e03e77275fd3d85bf5d6ad456a965d7
torus.out0.04151.h5	a3a2ffc8d149cdd940fa1a6af36be59d
torus.out0.04152.h5	6410e6505d01dfc37bf97fec53211e70
torus.out0.04153.h5	bc136ba6f0377f345b9353ac68ec2d26
torus.out0.04154.h5	de0f831b57ad4ea536283677943f67b2
torus.out0.04155.h5	2a4c2e6614607ad993e76f8f26d94723
torus.out0.04156.h5	732be6aebc35f50dc172b142f08e9fdc
torus.out0.04157.h5	418850bdc3117763eeceb39c666c87f1
torus.out0.04158.h5	2eb3346148ece2b0139d76d848430163
torus.out0.04159.h5	8fe70e1fa0706e49e9842b396abdf0c2
torus.out0.04160.h5	6e4f148726b1027f852a88e1e1b07d2f
torus.out0.04161.h5	c5241dba41c93b27963dd94a3332766e
torus.out0.04162.h5	dc61986dc0bc83e57cd72af4deff0be4
torus.out0.04163.h5	a9497146d9df868ce8fdea6d34ac8d53
torus.out0.04164.h5	d17094b286c0ef54e515cdc4b1f34963
torus.out0.04165.h5	831e2656cdb7fd23b6aa1db4c832e242
torus.out0.04166.h5	f0d19597663c0633f45b0ee6989b1911
torus.out0.04167.h5	dfaa293f01df2556e93e0bd214b6dec9
torus.out0.04168.h5	ffd4131a359cb9830294bf9a1262ffdb
torus.out0.04169.h5	920ef8e9ed78c68a735c52953f3bd31f
torus.out0.04170.h5	647ad11952dcf345126cd4178e39d643
torus.out0.04171.h5	90de6ca44801941db82effb08fb1afd6
torus.out0.04172.h5	24bb0b7bfb4f100a37775bc2c7a2f564
torus.out0.04173.h5	2126469270923a1150a93070bef4986c
torus.out0.04174.h5	a7b538114c3d7fc5d04ba88506d71e08
torus.out0.04175.h5	b48852655d40a5ffe2ca5c9b14eafd29
torus.out0.04176.h5	7428dfc4dc7ce50bc1da00bdd8768ab9
torus.out0.04177.h5	03129d2bf54714ae67d27ecfd7f8db44
torus.out0.04178.h5	d6278f6feaf52e9e3e3b0873bfacdeaa
torus.out0.04179.h5	59cbb0719fc6d3b604d19707debda8be
torus.out0.04180.h5	b4a4dc3b3edf617f7061d5e1daf6f48d
torus.out0.04181.h5	c7915f5ce8c5869accb4feb1bde1afc3
torus.out0.04182.h5	88a1969316a56b0d45ad353415961b64
torus.out0.04183.h5	2893f4249b3a4f08b44df9dc091f031b
torus.out0.04184.h5	fa20038abd38ae51fa72d530697197ab
torus.out0.04185.h5	36186cac2cfa2e3b6affa181772b798c
torus.out0.04186.h5	24fbb465c6637cfa0e4f75a2737657be
torus.out0.04187.h5	60f117d58f6d8519138191a7287a283f
torus.out0.04188.h5	e31f1d4d8cbaac706beb3a9d6e71800b
torus.out0.04189.h5	12d8ace888cdcbe900f423b2d608c4ee
torus.out0.04190.h5	a6ba7ae561f35055d81e8311aec02dd7
torus.out0.04191.h5	4e15fceda0fd65c0b91e8023e6f9bbeb
torus.out0.04192.h5	9580c0dba23e0048ae1531cb3d3b6680
torus.out0.04193.h5	c5c175fcfaaba1e1f8e1f8f4ed599b27
torus.out0.04194.h5	74d47cbfa7fb94e25879197fd88778ab
torus.out0.04195.h5	b6d45975f5f4efab9cda5e815356e0d8
torus.out0.04196.h5	83b6b7a8f1aff6d6c7cbf4c50107721d
torus.out0.04197.h5	04717b3d2c3ce1384106f5019f5ffcc7
torus.out0.04198.h5	bb96c74e741affe1ae3fede411027fec
torus.out0.04199.h5	245d279e570b744b182eb2565c4eb43e
torus.out0.04200.h5	c8b2214ee956317a626ee07135290425
torus.out0.04201.h5	6c4c39a5a0b8638705d314883e885a7c
torus.out0.04202.h5	657b14749ad37b5299f1644dd2a1dd7e
torus.out0.04203.h5	64e9a9935fb5f63871c770a93b3fbee6
torus.out0.04204.h5	d0eda54db8db7d0193cee8419097c9f9
torus.out0.04205.h5	1b84178d94953a7d094a37a24dd6088e
torus.out0.04206.h5	4440d03338669e55f7f1ec5ea9aed0b1
torus.out0.04207.h5	46dbe7719d0f80e11cc66bc0b297cdbe
torus.out0.04208.h5	cee620e05e1b03efb5e05d107b90363e
torus.out0.04209.h5	5128926c7a11a675e5f330aa5d449181
torus.out0.04210.h5	5b49e991a39c2e4ea7b320be09a7d7de
torus.out0.04211.h5	428a874c3cf2d1d838e6a0a5fefdf59d
torus.out0.04212.h5	8649a63fbc0e89fca2bf0a6231ff5655
torus.out0.04213.h5	5ebc25aeb54214e542fecd8afcfc65ef
torus.out0.04214.h5	3112a8e994e817d5293c20fb51d30256
torus.out0.04215.h5	d68e44a2f36c57042dd79fe90644e32e
torus.out0.04216.h5	407cd5d902599cdae17927f23120cc9e
torus.out0.04217.h5	0a4ce7e2a0135c43c1519b979a2279a1
torus.out0.04218.h5	fd2ba5f998e8b8c6bed1f42989761491
torus.out0.04219.h5	5a0c6269c3c4f2295ae600eb1fd0e965
torus.out0.04220.h5	9f29d8e0b60637a2a6df03658db7c73c
torus.out0.04221.h5	ce29897b0c309c00641963fb94b67a9c
torus.out0.04222.h5	04012036ede26dd661836bf332709899
torus.out0.04223.h5	bec01b3a24836d3f9bdcfce2f4edeabe
torus.out0.04224.h5	a6803d3ad8db40b90f7c3b1bb1916f7e
torus.out0.04225.h5	7bbe849d8422cc7c78a1f3465318eef6
torus.out0.04226.h5	4b40041a462c06e91c181e6b9b1fe00d
torus.out0.04227.h5	57f014560d13e52b7e1c31e2e1b10f58
torus.out0.04228.h5	407239b5802435858a30ba90b7e36a45
torus.out0.04229.h5	bbeaa79dfc5a4df7f28fb08395837628
torus.out0.04230.h5	603c3796d95b305ecc22e892db3e12f2
torus.out0.04231.h5	0594bafb10376d210fda10826cf3b94b
torus.out0.04232.h5	6db64e2caa125890184fbb49087712eb
torus.out0.04233.h5	c94b0d0d5c5ea053559040694efcc836
torus.out0.04234.h5	d51516e52bdff1bdd081fa2051815f90
torus.out0.04235.h5	a268f2803c5905ad48a679157cd9723e
torus.out0.04236.h5	f5f17d4c3533189d5e57b29e05c8b35b
torus.out0.04237.h5	407ee993ade9af63e8c328cbb3a4693e
torus.out0.04238.h5	1377f43e791704b5f5b0878b263db43f
torus.out0.04239.h5	196fe245f00ca3779204ee7354f268d9
torus.out0.04240.h5	a7055b93e684343d13fcf0ae972cfc8f
torus.out0.04241.h5	87118d58da5da4e57b136ad7e984ff4e
torus.out0.04242.h5	635757a01b65691ca9b8277c0e34d1ed
torus.out0.04243.h5	29ca81af549e9914dd1fe57337a76780
torus.out0.04244.h5	54da446b29e24cdb6a044139872932ed
torus.out0.04245.h5	0d2576e83663b26733f7885edca1907b
torus.out0.04246.h5	81b078c4e296bfecb9c2b17b9e3d35b1
torus.out0.04247.h5	3d5ebf291932c5852f04712b341ca327
torus.out0.04248.h5	d48d4e2cd9110f98a5542ca0ebedd584
torus.out0.04249.h5	4c0a808c0f42991c29e659ddb560bdf7
torus.out0.04250.h5	d643a72ab06dca3e48151c94856609a5
torus.out0.04251.h5	39418217dc6ca822ef7c0e334214ef10
torus.out0.04252.h5	fdf35ca2c91211a71f63c1060453ae19
torus.out0.04253.h5	2c2a7fca09846980d535d3c2c8b05d77
torus.out0.04254.h5	8a6f3e0000e2c9ca10056989d74b8a1e
torus.out0.04255.h5	5b22105c80f00c02d8c68f4028a7b7d2
torus.out0.04256.h5	4a1ae6e8d69a8b6f29e637c0ebf4bbc0
torus.out0.04257.h5	2634d0750756c24650d6f2d03db1ec4e
torus.out0.04258.h5	3bc040febfbbb8d990038cc70b7ba27d
torus.out0.04259.h5	be40c312fbcf8d4c5a88f34a22ee9882
torus.out0.04260.h5	296a73482c29178bd47dcdeb3d4c7d09
torus.out0.04261.h5	5d2fc52433b51660df0c0d5511d7de7c
torus.out0.04262.h5	c24ea7c97cb0480e175e40224129b574
torus.out0.04263.h5	3f4116e2fb5e6bf917f91a23e640459a
torus.out0.04264.h5	fb613c59db14c8e67a43e08f066a46aa
torus.out0.04265.h5	0aed1820b49932e84dffe2900561269e
torus.out0.04266.h5	902201509fc33a1b97bef341605e6e4b
torus.out0.04267.h5	af894b1a01e3adaba827c7c4d758a79d
torus.out0.04268.h5	fe72b9114d341d8d81994c3a3f4bfd4a
torus.out0.04269.h5	6a06ea1158ed37ad031dcd198d512f91
torus.out0.04270.h5	35fead29c966f04867d5bb9e6b747b16
torus.out0.04271.h5	e1c897c7acd2b7dbd7b4d886e403a2e2
torus.out0.04272.h5	78e08f73953285ce5d0f294eaf937526
torus.out0.04273.h5	8e48738302de7710db502c0e8aa53e5e
torus.out0.04274.h5	31ddc85df73fabef585a66d669a00648
torus.out0.04275.h5	6f0d9fc2545dd6d0113a891fd538802c
torus.out0.04276.h5	5e5dc222c805a94c4e66844072ebe7d4
torus.out0.04277.h5	51f3eb520c90bcc7306db087f0c431dd
torus.out0.04278.h5	02946b64faf5e4acbb100bd8840e4db7
torus.out0.04279.h5	b161ee0991d972aa21daee9c0edcc253
torus.out0.04280.h5	aa4027a479c0e68fbcb32be240c71013
torus.out0.04281.h5	1e083e4f3a7baa8da43e43d26a921cf3
torus.out0.04282.h5	6741ec1b3e21a8f2ce3e4a952fdb2f1c
torus.out0.04283.h5	08238fa7db5965e12e8c684d5c705948
torus.out0.04284.h5	c031e5aa404c65ad66ee26130e079917
torus.out0.04285.h5	f716c4a5054dccc076436dfc431ddfa1
torus.out0.04286.h5	f1c1ee015ba319ba5df03b66cfc4e3ba
torus.out0.04287.h5	c4499f302c0de26cfc49fe216cd73bb3
torus.out0.04288.h5	945b26d7d91a9cc04e51bb6acfb049d0
torus.out0.04289.h5	6a4f824a884288b3604b6ce3b3796c78
torus.out0.04290.h5	a980acfc67c06608cc01567f25cc3ccb
torus.out0.04291.h5	4af9be2deb08e699aad136fc2ffe2070
torus.out0.04292.h5	d5d7d46c029e8b4053d2e680e2698419
torus.out0.04293.h5	2a0385b76d0371f566cb883ab3580eaa
torus.out0.04294.h5	932283961ce0be9cf7a5af2c292b60b2
torus.out0.04295.h5	d528066ea5ac12bcf75c323b08bf6515
torus.out0.04296.h5	ac1f21593d917594f3d3d7be748eef47
torus.out0.04297.h5	e3b44af8b0af318feee191f74d4a9ae5
torus.out0.04298.h5	f4e2b1012b74dd742ab4842258fcddd6
torus.out0.04299.h5	4c3a443c57e50d9f779a89710fc1d3ed
torus.out0.04300.h5	5c03d3820a6bff23fecdea3588083c8c
torus.out0.04301.h5	85ee2284f304ae92c6eaccfc509a1b01
torus.out0.04302.h5	0961e669be93a2f7f0b4d0c8e60cb95e
torus.out0.04303.h5	0332936aba28cb0a0ba165a58ed3c7a0
torus.out0.04304.h5	1de29ab010442d19774687b10e59866a
torus.out0.04305.h5	f312dade8c21e0b86a7ad1c96e5dd95d
torus.out0.04306.h5	29ae38ec3f1bd4ccfdc51e667a584a96
torus.out0.04307.h5	e06a7e6e14fb1b666540a4979b6a00ec
torus.out0.04308.h5	689447506d7c637923fdad0aa6dc3511
torus.out0.04309.h5	e17f3a05d25c6762a133af8efba0d5ee
torus.out0.04310.h5	f37288e071e713f48b5d5261c149b4a6
torus.out0.04311.h5	903f54e87c171bf7bb4841de32b0fca8
torus.out0.04312.h5	6111b92969232ba4592d35b7f77fcf80
torus.out0.04313.h5	6a016aa9917d24add212b5af263e5d1c
torus.out0.04314.h5	0c6f81863f6a4a7366fd8e029e8d2c3e
torus.out0.04315.h5	b8afb4e28dfd8ac09ffea77378e1b790
torus.out0.04316.h5	99974c1570f6e306b22546c93fcb7618
torus.out0.04317.h5	1e1483fc760fbcce5fbc3f675667d54f
torus.out0.04318.h5	f0449cf7ba88aea9855ad84848804346
torus.out0.04319.h5	c7e2fde31db07c193d3f3ab70129e200
torus.out0.04320.h5	b523474f19121d8a7636951dc275128f
torus.out0.04321.h5	a1f15c3f2565e8de375b238e38f1cd06
torus.out0.04322.h5	52884d93a95ef9e3f8280a136eb80c72
torus.out0.04323.h5	017d7bcdabae3fc2d1c4dda4b3c7de3d
torus.out0.04324.h5	2ef5acacb6d5778658ac17be9f398318
torus.out0.04325.h5	ffdda36f6b46f733f8c2fbe270140e41
torus.out0.04326.h5	834f929b9e35c1f1df9f7513bfe25735
torus.out0.04327.h5	fd2eb1e92318aee94c00bbf179a44f87
torus.out0.04328.h5	4860b0533224b51bc61490c634ddd95e
torus.out0.04329.h5	628384806dbe045b47472b3bd9ece1e2
torus.out0.04330.h5	a9b6cc473f2bc3b99b214d8c0eb5fcc6
torus.out0.04331.h5	f53379e9244d1ce84d4abd859db23e38
torus.out0.04332.h5	642a783e9756e274e4bc9ea97bf19353
torus.out0.04333.h5	c70692e63f032f498421218fbc208d0d
torus.out0.04334.h5	5488d1cc298340a133acabcfe8011219
torus.out0.04335.h5	a3a2017a6c5f374c23c548af892071f3
torus.out0.04336.h5	37862d88a6cefbaaeafb7f17c878059f
torus.out0.04337.h5	31264ecc86d4e8848e8ecf66f1fad590
torus.out0.04338.h5	2a1bbbb6f5a3d83c58ba35b4ac3b41f4
torus.out0.04339.h5	1d0c8bfb8a336d5184140446696784bb
torus.out0.04340.h5	b7042a35b8fbfed9a940585c851c8b67
torus.out0.04341.h5	335855ca2c3ae692e805bf184156ece9
torus.out0.04342.h5	836f2478f42a8de3533523bb57245bf7
torus.out0.04343.h5	7877ee29c496f7c86d82a3e7b8d2a4e4
torus.out0.04344.h5	bf9c67beeb4995e90a5453384b0b6652
torus.out0.04345.h5	18a9959b5721952f9369ec69440f4d18
torus.out0.04346.h5	a8bc69e3742962717fc5b74c83322dc0
torus.out0.04347.h5	b93bb3628aafcab84a18641de35dab01
torus.out0.04348.h5	732efc69eb704a86a3b4848aad655edc
torus.out0.04349.h5	65fed8947eb50a8dbbd423c8bce2d154
torus.out0.04350.h5	2cb70b022de605ae95f7edc9c78abb80
torus.out0.04351.h5	a043a94343b290b14f262c559f0f8390
torus.out0.04352.h5	683ea645b1480fc82375f42bfb4ade89
torus.out0.04353.h5	29df171e6a3de8b87842c14fdfa21ae4
torus.out0.04354.h5	4aa5648fb8b9ef70248711303e79d062
torus.out0.04355.h5	08717b867c9ee3a87b006bb1126c635d
torus.out0.04356.h5	06a3217451f9ef6dd84315c24ae51250
torus.out0.04357.h5	615ff28f65f795e718c73d3c617b5b24
torus.out0.04358.h5	1f66dbaffc837b141b1dd9d597c438a0
torus.out0.04359.h5	5eac3cc0425c0cb06ee1bd60b007ca9b
torus.out0.04360.h5	e4c44836c76a25da9b159aaa24e3f711
torus.out0.04361.h5	d1db815322ef2a2810f8208c37a0740e
torus.out0.04362.h5	6c932802c169aa349448fc710e4244a4
torus.out0.04363.h5	5da2d51267037ba570f9bd3234d1bdf8
torus.out0.04364.h5	3285eae750059f031c55124009f7dc77
torus.out0.04365.h5	5961c10e1613386e3c103822a56f7fbb
torus.out0.04366.h5	112887b73d41e4a62975e3ed1632fea5
torus.out0.04367.h5	4cfd39ba765df46a3216b34ca4aa5935
torus.out0.04368.h5	feccadfc016d33b219dcce82c457a1d7
torus.out0.04369.h5	e6a40aa919e1d77e89d84786892bff3c
torus.out0.04370.h5	b0aefcd5eb9c3c5a1874089fd8101ac8
torus.out0.04371.h5	f1ab8372790f89a499b9fb587e2e662f
torus.out0.04372.h5	17880373555c0175703b3edaa1a778a7
torus.out0.04373.h5	5f0e2b12fc15ea003dff9b44b41c12fc
torus.out0.04374.h5	1b4ea9bfc773209f749cb6db7d694943
torus.out0.04375.h5	f92bebffa1f1eb86c75f85ff3443eb83
torus.out0.04376.h5	ade1bb2700e9850b61a9ee72eaba569b
torus.out0.04377.h5	8356fde01ba35e614965797576df66f4
torus.out0.04378.h5	c8d25b7e56952b4e28dfdabfc3dc7815
torus.out0.04379.h5	319fa96f49e442968aaf4e4f13701531
torus.out0.04380.h5	a1c040005ec940f61c1c0c212ceb2f6d
torus.out0.04381.h5	585a91e5f209fcb55c65eac1ba7ef0f6
torus.out0.04382.h5	3fb4b3078685717fe2c20c087cf3fd04
torus.out0.04383.h5	2f006f8288d2966413c5edab45bbf5e6
torus.out0.04384.h5	b19f96d54d28575fc9b6718076dbbeb2
torus.out0.04385.h5	8c3899e40236487d2505926491134898
torus.out0.04386.h5	b0c8218610b34d4d21e12f0230bb3bce
torus.out0.04387.h5	3dafd6f1ff96d5cf3cfd3a5a0c0f829b
torus.out0.04388.h5	cdab7eea9c6a864bae5cc088b264444d
torus.out0.04389.h5	693f4720255065cf487c3e0f9427b02d
torus.out0.04390.h5	c89c60bcfbc85896fac649e1b2534f76
torus.out0.04391.h5	98729241faed0c3753bfbee6f219d3af
torus.out0.04392.h5	09eb490f4d7f9ac121038d721863cccf
torus.out0.04393.h5	8fece8d9e10a21a3f40dbf7381061d8d
torus.out0.04394.h5	bc55b4d44aa4d81d8f4d4aee8ace633f
torus.out0.04395.h5	d304ca9eb2cefcaa15f6937680e57e41
torus.out0.04396.h5	90c8d847e28c7fdffe8f42c44a4e6810
torus.out0.04397.h5	8d33898ba0a07dac7d289ba5d6093ca7
torus.out0.04398.h5	4a5888da461338fac55ef9a640fc6738
torus.out0.04399.h5	84c5fbaf5b4a103a314767c87497cb52
torus.out0.04400.h5	0c955a0afea019b7063db4f03eb4fcae
torus.out0.04401.h5	51d5d5bdb922ac81d3d5433bd6609991
torus.out0.04402.h5	5debbe57aa523bf6c9c95de7bebff8c9
torus.out0.04403.h5	329d3450ecade57eee93b51fac7ff771
torus.out0.04404.h5	87213c659a8a5f23ca12b9e775453a10
torus.out0.04405.h5	6304fa694c75d57795cbd9616da503f3
torus.out0.04406.h5	1fdeb66f38245dc6024c10ad0615b7dd
torus.out0.04407.h5	db0d21ddc87ab7492f66356fd95da0a4
torus.out0.04408.h5	98f83351508da581846a66377272ab6c
torus.out0.04409.h5	8373ef17d2ef00da5d5bc82b2716089a
torus.out0.04410.h5	63acea1947533dada6dfebc9b255a856
torus.out0.04411.h5	60eee178eda889d6827c694c90f6c2b0
torus.out0.04412.h5	ed1943b5c85feb637acf33194cf233d1
torus.out0.04413.h5	eb2424453fbc4485d2d644d034ea4f8b
torus.out0.04414.h5	5e7d0cc2d8158f0eea058906dc393fa6
torus.out0.04415.h5	fb1e40cf091ac827916e0a1ca74dd425
torus.out0.04416.h5	aa7f8e8f31333c9ff7c96a4e31dbfcec
torus.out0.04417.h5	6f3602b79c4b0ebab8d63bd553c1c949
torus.out0.04418.h5	b9d7b5d5b8a52373b04f270205a98749
torus.out0.04419.h5	514462729c301ac268fc66327f1c0eba
torus.out0.04420.h5	0867dee2e9c916f4936ffc27d8593d96
torus.out0.04421.h5	6f2335b116334bf9e6081e1f86b87ad7
torus.out0.04422.h5	38ac20ff642d6906e0c98e65a15babec
torus.out0.04423.h5	85693087ea968a1d4c694f63c9f41486
torus.out0.04424.h5	bed77cae965e645e42a5e99129713cad
torus.out0.04425.h5	012096d44495913df942dc989d3c898e
torus.out0.04426.h5	b00ede9978a0eaff666b3e65f275f1e6
torus.out0.04427.h5	80bfaa3f1f4b7d0fe20bb4494fbd0595
torus.out0.04428.h5	94e8d55a5605e00a5cae0bb68de0b291
torus.out0.04429.h5	c6429356214382f039ca47a26e35c6d2
torus.out0.04430.h5	d7274c648bdeb24854def923d25e3dcd
torus.out0.04431.h5	122da54a72e29ef77e987594a8c7517e
torus.out0.04432.h5	acf5151318489c7eeb964f636d56ab9b
torus.out0.04433.h5	cf495ebc3d0fab6ad83dc298cacab742
torus.out0.04434.h5	5f405ce94d993b16c1a1c0fbde19e933
torus.out0.04435.h5	1425dcc9b13c89f5421da3b4eca03b60
torus.out0.04436.h5	b2e0d5bbd5fc275ad9687cdf5ef8fae7
torus.out0.04437.h5	e86a1e44de116641e61ce9c923e5b95f
torus.out0.04438.h5	619b212adcf074a9c7ee5a5846b61caa
torus.out0.04439.h5	e29ef3fea714358d969800295618be94
torus.out0.04440.h5	7025ded67762b30bf53a111ede8aac7a
torus.out0.04441.h5	212088ca94b659130ef283a5e1112de8
torus.out0.04442.h5	d7d4ff3e9e984186e12f4188a7b813f6
torus.out0.04443.h5	d2c3cc9ff03c9baa2f741fe1a10f037b
torus.out0.04444.h5	d6d6a6cd8513161003e0db81a6f22c28
torus.out0.04445.h5	1dce3a8db0d6039376a4ee53f3c5e9f0
torus.out0.04446.h5	ccfe1f7a29733616402a16292b822883
torus.out0.04447.h5	253db7dd4f860ff34229f59372f24f90
torus.out0.04448.h5	03f9c8885a2b94f249a46708aa414859
torus.out0.04449.h5	6e5e75738a2e0093eff2e32dc897fcbd
torus.out0.04450.h5	0f67b0f5d582d8cbc0273e980d413e35
torus.out0.04451.h5	36f966b1a12bda3b5c49a7c3e7c3143f
torus.out0.04452.h5	cf65da114ee34d7391cf55ac2cfdf1b0
torus.out0.04453.h5	0fdfa19fd27489bbfbe0ed94f213a180
torus.out0.04454.h5	b6ec7cea935e619f5af2356e176614e9
torus.out0.04455.h5	310f8a14c40da15cfd62134dd1b15199
torus.out0.04456.h5	1f2b10d15bfe46dfdcd43c7b1c2a6560
torus.out0.04457.h5	4be7f3a94637063d6b993b7f3ea7ff9a
torus.out0.04458.h5	8046c13f93bbb42b841f9574435315ac
torus.out0.04459.h5	f80fd5160b63b543ad1a8e0084472114
torus.out0.04460.h5	453f6687726845638d47e7490c64d2f3
torus.out0.04461.h5	91629bb982bbb847d17c818a2ace76ba
torus.out0.04462.h5	2bafec1cf7392e21e2270ebdcc91be50
torus.out0.04463.h5	1d14803b4830f05876e8f31483d8fc45
torus.out0.04464.h5	8149d36e8e105ad07824bf4ee5f593bd
torus.out0.04465.h5	c081a4b44c8232f897487014cefaf109
torus.out0.04466.h5	e057e3ba6db76a8b7d1ace56fb1086f7
torus.out0.04467.h5	2ff61baeb734d5ccfa5e86b123e6defb
torus.out0.04468.h5	fd8ffb440ac93e1af266352f370397e7
torus.out0.04469.h5	34fe2e44a5d84c2120e9e74accadc1ee
torus.out0.04470.h5	125c444abca855079bad594423502e3d
torus.out0.04471.h5	34512be4c56fb7a8a34686e0f48181e4
torus.out0.04472.h5	e9b06d5b990efe13b076b6ce02ad2ffe
torus.out0.04473.h5	4db1873792cf6a9af846107f945677c7
torus.out0.04474.h5	c5f56e79806a9533094452e353405ded
torus.out0.04475.h5	a6d3a1db7066445858af323119e3852d
torus.out0.04476.h5	ae77711761b42d35ac710f2f62618c12
torus.out0.04477.h5	9872b39c2a61a63ca190a0fa7a0bce53
torus.out0.04478.h5	64412074b33a968a2aa743f820926c2d
torus.out0.04479.h5	8914089bcf577f999651dd599884a27d
torus.out0.04480.h5	5a7b8e2d5ff7545853fad4378553e210
torus.out0.04481.h5	bf08788602265c93cee26196ee217e16
torus.out0.04482.h5	aabc37f9e9cda06fe1796d7dd3f5ca2c
torus.out0.04483.h5	a3cf65f6454f70e21f835bba3c2741a3
torus.out0.04484.h5	9bdc188e0952ec721cec4da10c060b87
torus.out0.04485.h5	76bd34141f439ca5de6bf7b9cb91797a
torus.out0.04486.h5	3fcd00d8718ef2cd3aa4852e3062d8c7
torus.out0.04487.h5	28881ea7ce62864446a3f724bb2f28bc
torus.out0.04488.h5	8e69c4b0178396f8c67baa9d9736fcb5
torus.out0.04489.h5	d705f2ea90275b0bd8dd0aeedb41ef61
torus.out0.04490.h5	94442bf3c4ed1addc9d2bdc335466b21
torus.out0.04491.h5	daf07a66bdba83b08b0ffcaf3fd07280
torus.out0.04492.h5	3b64285f08a1167e059686109730f066
torus.out0.04493.h5	85474dbec37ffc76ec5e5046b6c0c46d
torus.out0.04494.h5	1d9c4619d947d386d68de9205a4c217f
torus.out0.04495.h5	b6ae9ad5ada89408009cbc9f18620998
torus.out0.04496.h5	254e013732842c088bab779c27a12970
torus.out0.04497.h5	b52318aa9f73a8b8f581f1561333d0e8
torus.out0.04498.h5	2ce30eb33149915302f1ea159e871b78
torus.out0.04499.h5	fd031bfa12bba908dc77c3e4865a8303
torus.out0.04500.h5	0d63ebbd2a83c66c2fc3cc90c8ce999a
torus.out0.04501.h5	249b4c44d05d60574f56df6f00f43fc0
torus.out0.04502.h5	20a7fe37bfd4cfe1cd05bb3f893b9115
torus.out0.04503.h5	bacc62d352eecfa7300ada454281c44b
torus.out0.04504.h5	951c7c021c664bce9011e403dcf98045
torus.out0.04505.h5	3fefc379413c4a0f7b042c5b5f4f5e86
torus.out0.04506.h5	e8369349db04531f992552c1df48d625
torus.out0.04507.h5	3d70a84769b1b5815bee0ac46650443a
torus.out0.04508.h5	0f51c34defda1b05b767059517ae919f
torus.out0.04509.h5	02bd83078cc1c75a6b259821eaf882f6
torus.out0.04510.h5	400d9ada874ca6997cad101f496f15d2
torus.out0.04511.h5	29cc32baf53c9eed2f8a70cedcada478
torus.out0.04512.h5	4c25e25067a2a3def26cb342bd9351c1
torus.out0.04513.h5	f981f5973ae8e9c05df5d31149567238
torus.out0.04514.h5	1d9513ee74a0b4c7d12a8975b4e2f8a9
torus.out0.04515.h5	37337fe91373553a89b12bb333c13a73
torus.out0.04516.h5	34a6ff439dc1e031db0dee9455cb096e
torus.out0.04517.h5	19213eec1def087177d63acc58481444
torus.out0.04518.h5	f8867b3f62cc2767ef3e77be33674c5c
torus.out0.04519.h5	d667af354c3493af17c633f24ecc4cc1
torus.out0.04520.h5	e0b5994c333ee4ee94d78fa957ffb99c
torus.out0.04521.h5	01f9c898c2964bad50fef07801afc3b1
torus.out0.04522.h5	33a7023c59bff9f431c2f2428b2e3465
torus.out0.04523.h5	0af3ad075d80566be57c393715fc444f
torus.out0.04524.h5	64db5f2f0e820db646127d1aef56adea
torus.out0.04525.h5	f81949658b104f268e47282a4417f66b
torus.out0.04526.h5	7ebe4287634ad5dfffc747b96b9995ed
torus.out0.04527.h5	3481e81d85c68d2e6954c7fdecbcfaaf
torus.out0.04528.h5	c8bf6e2d2fbf9cbf1dcbc3a2e013a0e7
torus.out0.04529.h5	f10205b6a98deec6b49ed36739bd20e7
torus.out0.04530.h5	8bc074dfd066fc39072110b1a5d428c1
torus.out0.04531.h5	52ac04db9415c0994e5cd1e3dd7a0a83
torus.out0.04532.h5	246a1aacdb4dc857910fdffd7afb050d
torus.out0.04533.h5	72abff06ce35dc860b87bd3a312d695d
torus.out0.04534.h5	d49b9f663d21563e6afbef86cdd2b976
torus.out0.04535.h5	fd9b83f57ebe8c6c59997bda000cd262
torus.out0.04536.h5	7294e09a86936d375827e9fd27686052
torus.out0.04537.h5	b138ff885fbe177a09de4cf090dbec2e
torus.out0.04538.h5	af7acf9d6905f4aa77b509455fcb9474
torus.out0.04539.h5	fe7c2a7cd10bfa67f1d4225ca07a58ce
torus.out0.04540.h5	ff0c3733a2a771a9d78d3b91d6d2bf7c
torus.out0.04541.h5	d0dc78a9ae54c1823108ac2680306185
torus.out0.04542.h5	2fceb3186b1978430f7f9a165d2fc244
torus.out0.04543.h5	f983800367dc5901a676fbf557567513
torus.out0.04544.h5	9508627d11e258fcb42f1379fdf21074
torus.out0.04545.h5	c746d66bdf504fd967e20ccc1919c9bc
torus.out0.04546.h5	8d31b3e281deaa5bf7c7b1df2d497ab4
torus.out0.04547.h5	82f4bb94b60ab793e83fe53b43a2423b
torus.out0.04548.h5	88f3eee8171509d4ff38e283c2f2260e
torus.out0.04549.h5	00932ea2d7d9da96f456adf0046f4a66
torus.out0.04550.h5	48b8cffa1d1ac57797304e0855d06f6c
torus.out0.04551.h5	f68eb6d816fb708a2e86edc65e2a342a
torus.out0.04552.h5	d786544c3c1a7782e27ed622e72c2063
torus.out0.04553.h5	de2c3b4aaa56b8e141723e83c037d903
torus.out0.04554.h5	07593a6c47482a2fc5eb6d500b140383
torus.out0.04555.h5	dc492fef5f0ac0eabaac9b06bdea5fa9
torus.out0.04556.h5	2646da1a9e58d6e2ff6212b85dfda018
torus.out0.04557.h5	006cbd7a74e35c20d750a0c8fd2b6713
torus.out0.04558.h5	ebdf4335efa218d24b94a82bb670531d
torus.out0.04559.h5	16f750b02204b9af4b91590e3d37a668
torus.out0.04560.h5	1045a23ca4810a2f8ed6f549c19a5d7e
torus.out0.04561.h5	1fe9937783516df32bf28a1d1fbb20ed
torus.out0.04562.h5	0cf8bb6c6ed9a7219090d571e7fbb978
torus.out0.04563.h5	ea18b4ccbb4af29f627affdd74dd2960
torus.out0.04564.h5	0352c3b731aecc0f844b57bf76e63c2a
torus.out0.04565.h5	ebc649bd33f8d0536dd1143fad09e188
torus.out0.04566.h5	7ebad265e99e02cf3db0a1e2da38db2c
torus.out0.04567.h5	0b3679a0812d9ac68a4f99a8bd9d9fc9
torus.out0.04568.h5	60a22aae4ef75489c4831ebb8ac9e940
torus.out0.04569.h5	6d9acef108bd14c0ca0d34f7171971e0
torus.out0.04570.h5	3ba142da4616d1c0f68b2861d052d778
torus.out0.04571.h5	3b706809c73c2dd0c871df2637cadb36
torus.out0.04572.h5	cadb191341dd99701527f1e73a12ccea
torus.out0.04573.h5	475967cb07841871c3a0d0a231062bae
torus.out0.04574.h5	905d6defa4d5c4059c62bf108f43aa52
torus.out0.04575.h5	54b6315223069d9dbec39bc55507c07f
torus.out0.04576.h5	4254d53673fe37f6a708cae2ec4eeff7
torus.out0.04577.h5	4b9df1e35662d42508fa64cd09248a09
torus.out0.04578.h5	a64536691de1bff16d8857f9c0fc80cf
torus.out0.04579.h5	82ece64dc92f80504d16bf77ab9bcb8a
torus.out0.04580.h5	ff39dcc6200e68ba675dbdd8b974cee0
torus.out0.04581.h5	3c09f288f9f5e39b44cd6620b0184cbe
torus.out0.04582.h5	9a09b8207aede41c82fedd56d914e782
torus.out0.04583.h5	8de070ac52eff7d6d3714e42be00da73
torus.out0.04584.h5	a6b7dafc10938822d72b7a41b617582b
torus.out0.04585.h5	a6c71c70895006d94507e677b9e5aa87
torus.out0.04586.h5	5cc249cc1a45420f1dea3a45343754ea
torus.out0.04587.h5	cc52b71e8f615959d6c6291b40a478ed
torus.out0.04588.h5	4bf33e2dee6353aaac4f8e8118be489b
torus.out0.04589.h5	b0b1bf3b6b34bf7622eebf67c7b6a519
torus.out0.04590.h5	2795e7db2f6afac4dad56a52c80c7519
torus.out0.04591.h5	330881b3c74e9e9144a798836ac3184e
torus.out0.04592.h5	0d89ba9e77d382467be0f034debb0357
torus.out0.04593.h5	28096c27c4e63ce556ff0adc1c2fca52
torus.out0.04594.h5	316596ab5f0aaa64e2e32f088960d503
torus.out0.04595.h5	1aed605d33642db79e6d58c3e2a97a26
torus.out0.04596.h5	5e66e9d05008a887c60bfa95f49050c7
torus.out0.04597.h5	097d7c9ed7092a59dea87ae694d86c7c
torus.out0.04598.h5	afaf3790b67d60dcfb58cfafbb48c059
torus.out0.04599.h5	7571d5f43cbeea2fe12c9b0d1ad7b244
torus.out0.04600.h5	ebd6058fed49224d8cfb7824efece511
torus.out0.04601.h5	b3f95a0b7b0035b5b23a432e472fcc75
torus.out0.04602.h5	406088b504d9910832c774c79d1115c4
torus.out0.04603.h5	a8082ef19094d83b98a4e7592f2281c8
torus.out0.04604.h5	0896d76263dbd0f55ccd5c7220fd058b
torus.out0.04605.h5	fe258df73b727fefc95a0a3a5dbe28ec
torus.out0.04606.h5	30d7e8bafb280f61dbbb1d38492837dd
torus.out0.04607.h5	f3f161d7e1cf60724654eba8dafd0a05
torus.out0.04608.h5	c537b05e1784bd4a6f50e7a76b87fc51
torus.out0.04609.h5	bd638c5d6076b92ba64531a233695a8d
torus.out0.04610.h5	dc505025955e25da66c9b65decf51be3
torus.out0.04611.h5	3ddf2d32267a0fb90320c2f68764a8e2
torus.out0.04612.h5	32ab62edbee77b0eea81910421d68d6d
torus.out0.04613.h5	622d8b4ff17cf28d5982f9128ae3f059
torus.out0.04614.h5	a9d1cf0aefe117cd76376da2591a925b
torus.out0.04615.h5	be80f159aaa7c9440a67b3149a4b6934
torus.out0.04616.h5	c5f3c05bf995a0cc44790999fc290225
torus.out0.04617.h5	feead730d6f3679bf59bd4bfdf26efa4
torus.out0.04618.h5	54094ac4efc3ae981666828f91fd34b5
torus.out0.04619.h5	b99430e86f6e3c1ac16f9f632239a560
torus.out0.04620.h5	1b41e85f34b99bbfdecd124286e96157
torus.out0.04621.h5	f49a77310beceb996bf0f069c1f53166
torus.out0.04622.h5	1a0af21d71b36965aedc4fdb3193e337
torus.out0.04623.h5	6d1af80ccb5eb28dedc32d6118b20ade
torus.out0.04624.h5	bb9bbaa59efaf21ce61c0cbe76258a1d
torus.out0.04625.h5	e327a08dd67e055e15e57b227f592974
torus.out0.04626.h5	337cb00cbba0fbc4a0c71516337cc073
torus.out0.04627.h5	3e4402b16af9d89d4bddb772f21e0f34
torus.out0.04628.h5	af540a42e6ffbf5dafb227e2bb07415b
torus.out0.04629.h5	e06538d4b6102762707804bf510b11cf
torus.out0.04630.h5	7fe8401a0afb60369085ab9bdaec4e3b
torus.out0.04631.h5	9f158eebbdede9ef8b8f8dd90dfe86a3
torus.out0.04632.h5	cf8acfdaca3b53ce4c010b5ead3a621e
torus.out0.04633.h5	8e15cff1c28d8d7de23f5e33053b9434
torus.out0.04634.h5	83c43a27b61658bb01db3a0b227255dc
torus.out0.04635.h5	980ca9e95a461d0794df89d5e9f45fed
torus.out0.04636.h5	add8c4370aaa86c38bee95cfe6d57530
torus.out0.04637.h5	513ff8be0c1262db2dcc185111ff6353
torus.out0.04638.h5	c26536c501da0a1aeaff3048b8c9dce7
torus.out0.04639.h5	cff1f54a57cceb026f3819d1ce2c4bb3
torus.out0.04640.h5	ed62a0aacad62c120c9b25b4e49fd559
torus.out0.04641.h5	145c07ca7a93e0c426f92a1f93f3907c
torus.out0.04642.h5	0d0d3861e5e5c16ecf56b7b0776edcd2
torus.out0.04643.h5	c85da2a7111022b9cfa9cc53b5d46f58
torus.out0.04644.h5	0aebccd57b4a884c8ca3468dd364878c
torus.out0.04645.h5	d94c303dc4d4f1656e0b0a3c79747e45
torus.out0.04646.h5	3707924ccfb88444fba4d000e6f67595
torus.out0.04647.h5	23bfb2617d9e59b234b850d1b1bc57c1
torus.out0.04648.h5	bd12e2756850f162bdbfd8ba0a82f6f5
torus.out0.04649.h5	ca5caa5e20b415bfa4a9d3f50b51f3f1
torus.out0.04650.h5	0a49a1963dae17531d4ac6703b864414
torus.out0.04651.h5	21e5c988501b7254280c78fd1d3b1d8e
torus.out0.04652.h5	8960b6d79f727ab3727f9add6b3da9cc
torus.out0.04653.h5	2ae9f2af4216121b41fe3f1477b85b4d
torus.out0.04654.h5	d1a855a9fced22badda3f1a5a02eb442
torus.out0.04655.h5	c5317841f51f56c0898906d191952c85
torus.out0.04656.h5	060c3fcad67edf8723a89c6d94037889
torus.out0.04657.h5	6c4fdf31f8e95228689858d442ce9a09
torus.out0.04658.h5	675de74d1d7d2d51eab48ad002e4b652
torus.out0.04659.h5	7b877ea6207b05cb44410d5f109519f2
torus.out0.04660.h5	6ef1af1bc86831d16437e92b7d2bbce2
torus.out0.04661.h5	777177e70f3b16f0e098d5968027d135
torus.out0.04662.h5	3f5d41753f846fa0f6fc25ddd7e91e74
torus.out0.04663.h5	d982f57cd8aefbad7d47ab1cf51a33a4
torus.out0.04664.h5	b6f86774fa9ff24f4acb6220126ceb8b
torus.out0.04665.h5	5b8d6fcfb4b7d3ab195f033962cd983f
torus.out0.04666.h5	873c2a326c5a5fb2d3601908e91dee4e
torus.out0.04667.h5	0233d63b222aa61f172c89a6674967b9
torus.out0.04668.h5	79833b755d54b0a001d18fe8af4abc11
torus.out0.04669.h5	db6dc39a157bb0aae69b444198e6c5a0
torus.out0.04670.h5	91be7392d36ed8c45f6c4044f6fb7016
torus.out0.04671.h5	351843bcda655867a59a02cb93a22daf
torus.out0.04672.h5	67b1a9de7a700aaea998cf7174681bbf
torus.out0.04673.h5	7de48c54c6ee6163e5263e8046b3277c
torus.out0.04674.h5	ce5fa368949a9eececc5261769b2d135
torus.out0.04675.h5	857ba09600b653f20395ea11874a5646
torus.out0.04676.h5	26c5935bb8c9c5d93a8be3936134097c
torus.out0.04677.h5	9a73f92576f4fc1ba23e31b7ada9fbc2
torus.out0.04678.h5	70e6612e7f835163b8961cc59c32c1a0
torus.out0.04679.h5	790f2e9cc6e2c7f7f4250cb90f063ffb
torus.out0.04680.h5	4e33575f5042afb09610fba3cfca29e4
torus.out0.04681.h5	5436b95a09946afeff937f2aa2bc6dae
torus.out0.04682.h5	62eac896322bf926684033341d76a7e0
torus.out0.04683.h5	4148bc00da18962b4eb45fd94e560ddd
torus.out0.04684.h5	01f547291b202599aa48bed26d659f5a
torus.out0.04685.h5	0a20ba853fb5f579c21712494e367387
torus.out0.04686.h5	842384da6f2d4b0e244c7cee92a8bc2f
torus.out0.04687.h5	c42c6a3f7fdcc4ce8ba3029781aedb11
torus.out0.04688.h5	0acea1c38223b14ee40b6da8e0fe5967
torus.out0.04689.h5	80fe957a8dce451877fe0e80e99efbbe
torus.out0.04690.h5	666afba967d147ca852cce5d68a89d32
torus.out0.04691.h5	e4b594078a6afbbbace231837f4f6b40
torus.out0.04692.h5	f115ff1f4d4bcf14874819e0cae5fbd2
torus.out0.04693.h5	dd70ceae13fa4a99cc64784ed07498ed
torus.out0.04694.h5	62ad3f48b4e37d92285779ec1248bbfc
torus.out0.04695.h5	ec84259f1903c0a1a151af159ff34513
torus.out0.04696.h5	2b30087c15991dde3a26d3531573dc2c
torus.out0.04697.h5	4f501e681a88e05f90cd19b08b1853ef
torus.out0.04698.h5	85aa9ff19d56528c1e0b85fc4096972a
torus.out0.04699.h5	1ad71873fb3105693be3e89e21618f5f
torus.out0.04700.h5	909bc891f1d7a1362b45bc6dc4f33a67
torus.out0.04701.h5	e8f6de2d3afb48f67f5471355e8a101f
torus.out0.04702.h5	d963a12051c2472ddd00bbc7fe9dfdc8
torus.out0.04703.h5	4a2129efb78dcb27f447289acd5918fc
torus.out0.04704.h5	834c5bd1d0b28d5233aa2a1d6802944f
torus.out0.04705.h5	909fc15227f495c06ecae3fb517806c5
torus.out0.04706.h5	1238be40df257e9276d5aae0bbdc9cfe
torus.out0.04707.h5	5eec7a5cae4a5a0bd073bede0f766ecd
torus.out0.04708.h5	01d953529ae63c26b2768cbeff37f95c
torus.out0.04709.h5	ea6cfc6ec577255d45a4740fc28f54e5
torus.out0.04710.h5	dbca698af98bd88d79f2f1877d8743cf
torus.out0.04711.h5	1b01eba8200acb2ce3c362212176f81a
torus.out0.04712.h5	8bba877df7f1d36300d878545108c568
torus.out0.04713.h5	ec6d4a6ea7b442901b4d51fc6646a611
torus.out0.04714.h5	a45a1727ad4fe3a40452f1c923d3d699
torus.out0.04715.h5	e9f1cff9d0f59049132448f8c900b6fe
torus.out0.04716.h5	ec59fe44d4e20f11ea40c56449126c79
torus.out0.04717.h5	aff6cb7fbd026de017772ab0ec61a8ec
torus.out0.04718.h5	462eca95d96566c0ee9e1b75241c36ac
torus.out0.04719.h5	1a124d500f583f8b8b464e60e1568bb1
torus.out0.04720.h5	9a483a936b1ae0da7151268ca4054948
torus.out0.04721.h5	993e902654a259f0d0e974bbf67eaee5
torus.out0.04722.h5	fa5418f93597f11c15d7d2b5f28089b1
torus.out0.04723.h5	eb1476cffcfd8e5d2ab408910ce05139
torus.out0.04724.h5	94cd1bd6eb337e38b983b1984eeb420c
torus.out0.04725.h5	0b0fa8f7e5ca78edcbd0b81eb64bb315
torus.out0.04726.h5	c0c35da754a46ae95b3ea7e145f1d52b
torus.out0.04727.h5	1617d16748ccfbb1b3b8199059ec9fe2
torus.out0.04728.h5	982e0a365bc5f1bc4c685cff1c61e1cd
torus.out0.04729.h5	ad38f93502ecb09458b74e80ab0b1a44
torus.out0.04730.h5	8651928597aa943176b3c8cb2ce46dd8
torus.out0.04731.h5	c2e06cd933bfdb1af341d7c9c1310fec
torus.out0.04732.h5	0a4cf47f198b5e8f96196fd360cf1176
torus.out0.04733.h5	829160f6a720dcfa75617113d7fe528b
torus.out0.04734.h5	a6ee7f68bd57bd8bf1539e5c7a469c4c
torus.out0.04735.h5	df9a23960bdcfbe6533a45c650098583
torus.out0.04736.h5	830bc227a8001c1220873572cfe16e04
torus.out0.04737.h5	8a6a4ed4bac2be2b23890eb2f6e3815b
torus.out0.04738.h5	eb11a8232f2fb9da2df02d9aaf929725
torus.out0.04739.h5	b3898eb8b914fdcc4cd604360fcd8555
torus.out0.04740.h5	3ef28ba6b92d3b55a81146cb30e8f96f
torus.out0.04741.h5	4e06afbdbd2b31720d62d88c8a1f7617
torus.out0.04742.h5	2964ac890f9250cda0f562f536325af4
torus.out0.04743.h5	73a32d7aae14b45ffc32c05f00e70b6a
torus.out0.04744.h5	7f00dc1d7d472d0536cfdc3f418c8860
torus.out0.04745.h5	7c2598252b876a749d7931b6258438eb
torus.out0.04746.h5	1c84d284c4454606e009aebb4b47a50d
torus.out0.04747.h5	2a54b1f9ef22586d65f07542bcf7331f
torus.out0.04748.h5	2019863392ef38b995df9f8ff4897da9
torus.out0.04749.h5	e64206c66239bc35b68662af02f992cc
torus.out0.04750.h5	a5ae1f32a7d03fb6ff64c7febe0fb2fb
torus.out0.04751.h5	3d86f047e3617ca8bd644f4a073d1514
torus.out0.04752.h5	86e8b9058841078086bee3f36105a462
torus.out0.04753.h5	0e13c8247248b51f00dfc908986f18d5
torus.out0.04754.h5	1ef0fecabccde2504ecadae87c526b6a
torus.out0.04755.h5	d488686e76c03d45c8115f7bf5d1cfdc
torus.out0.04756.h5	6bce9ebe01d74f2d2dbe7d510da3d59a
torus.out0.04757.h5	0f2e66c2c439a5013989216416c8fa72
torus.out0.04758.h5	768a9b7d8121bbc0d341ded2dd135f41
torus.out0.04759.h5	db07332a8087335ea57b3bb3d441f35c
torus.out0.04760.h5	f5c51807a8e5c1aa8f8c1769f37af443
torus.out0.04761.h5	611d7a006905c0f6a94904f39ebd3b0a
torus.out0.04762.h5	f76c5bc9ad23e474a375a560964853b4
torus.out0.04763.h5	068a80760b57f9c796301f091c1af58b
torus.out0.04764.h5	777ac1b8388de361f9141e928eb31883
torus.out0.04765.h5	b32d1535c969a7c7b3fca3777f1d2274
torus.out0.04766.h5	227553dd29127e988fbebb808fd66fe3
torus.out0.04767.h5	e9def69142a5a8159089207dcd52a5be
torus.out0.04768.h5	7f7cb7bc57de152fb7152eac3592110e
torus.out0.04769.h5	b6ad3584aa624edd4c7786929614b23e
torus.out0.04770.h5	9f01c7d70da7c31d098812c63acf6e93
torus.out0.04771.h5	95403b2d0dd797bc3fbe179faabf6281
torus.out0.04772.h5	b48787b3dff226adad92b3f133e7999e
torus.out0.04773.h5	22feba81a480b1a8816eb9ac3597dbf7
torus.out0.04774.h5	1dfd9504e17c5bd8539331fef12e3dc2
torus.out0.04775.h5	0d799c9320c1aa5720a0bb15db2b14f5
torus.out0.04776.h5	a4d3ccbe265914e7b739c127a1e11f4d
torus.out0.04777.h5	faa0d33431fa5c9f6c7f7caa8c7c8c15
torus.out0.04778.h5	a7ac051bfc97ec7ce802a88a62c215b5
torus.out0.04779.h5	e7b1ac3dd1944eb02513246a5d29c8c2
torus.out0.04780.h5	882710075213f412fc58e764adc5d990
torus.out0.04781.h5	0b147587c01b4c1bc8263997c3d2d822
torus.out0.04782.h5	a934c1a152b62da9d4b92632b42d43de
torus.out0.04783.h5	4fd4f22c194257cec7a962cc368f7bf2
torus.out0.04784.h5	f9f6b88b63b721a27ffce9527fa0b680
torus.out0.04785.h5	0cd19b9de85229978f165e5395e8e163
torus.out0.04786.h5	24815a9f089f2dabc9b7a2f65622be14
torus.out0.04787.h5	421c4bdd14f817e25a2dcbe3430a5a55
torus.out0.04788.h5	6d6c1c9d8f625cae34f561543db358bf
torus.out0.04789.h5	cf45cb049ed59b857c9b705c21009ccb
torus.out0.04790.h5	e539d113af21a171cfea0bca99389045
torus.out0.04791.h5	be4377fd1597f575f0e3373b8fc9d618
torus.out0.04792.h5	0f3ac1a3ba45506baa6337cd015018f3
torus.out0.04793.h5	4c97b0926e121bee52cb37f2e94cc4b7
torus.out0.04794.h5	b7cd9971bbbbcf3ae28922da617df305
torus.out0.04795.h5	dc2b7207a49870d09724632e79f933ca
torus.out0.04796.h5	d632d1ef529f33fe1e02b27f56844c51
torus.out0.04797.h5	d6950359aad5584086fee3f7991f7e11
torus.out0.04798.h5	2b31f18227df0bef5e8b018cc45f176b
torus.out0.04799.h5	7ad2e0e51d461f56e5e5a2e028ccf867
torus.out0.04800.h5	3fea6f75c2112ac2d8a8b6ff134b3bab
torus.out0.04801.h5	38eba5847cb62d50ec9f0d629546a0b3
torus.out0.04802.h5	6779ac3f558f4ac5ac813738a8b28292
torus.out0.04803.h5	ed1ab28014a6767b624f550da5984acb
torus.out0.04804.h5	55ccf90c8a0fce894b85c5f3b30d755c
torus.out0.04805.h5	29b68c6f18b1354079f04476674c0cf0
torus.out0.04806.h5	c4cb6761ef65a740dc3ecdcefbc91226
torus.out0.04807.h5	aa05522f6c55669b2c6a49baa2ca4c5b
torus.out0.04808.h5	b1e02a90dc52a7100f38da6f7a2c0b05
torus.out0.04809.h5	5f51724bdd47d07999a5cf20a466c19f
torus.out0.04810.h5	80eec4ab7b99afa16c2be775e8822a4e
torus.out0.04811.h5	36569dc95e6bbab983aee619cf6f4bdf
torus.out0.04812.h5	26b6dbe4b33ed7d54dbbf65980bdef70
torus.out0.04813.h5	7d99b6ceaff96698f2f306813d7cb95e
torus.out0.04814.h5	c86624068547b32427214eef9a2bc248
torus.out0.04815.h5	521368cdcb87398f536afdec26b79b40
torus.out0.04816.h5	ab4d4481b5eee403949d5cef36f9e4b4
torus.out0.04817.h5	13f81606204992e441c3bb0d6e1be87e
torus.out0.04818.h5	fb153e344cf83c5a827d42862147e55e
torus.out0.04819.h5	f396268fe6c15cb550896f1ba6021d6a
torus.out0.04820.h5	3b2d9b737807fb2da14f2b0b305596f1
torus.out0.04821.h5	3075b9f1470358a9848a070ce6008fe0
torus.out0.04822.h5	4e4da937ad436fb640ca24142aa06348
torus.out0.04823.h5	86ae0ef0aa2f75edefd41d4c9b5f0c61
torus.out0.04824.h5	8312df13ebf8c858cbcccfe78c2866ff
torus.out0.04825.h5	c3310211d7847acabb82b5acb7d4f3ff
torus.out0.04826.h5	310552069e8a0331bd35bd32ca641489
torus.out0.04827.h5	53dcc59baaac827db33938b554024986
torus.out0.04828.h5	a56135f0f70e3cc24955be93a09a4fd2
torus.out0.04829.h5	75b7d878917b828dbb1a315f618fef2f
torus.out0.04830.h5	b0c03f180cf2b1250c199115c28886ea
torus.out0.04831.h5	5ea2d3de97939bfbd8ad22b4250b8242
torus.out0.04832.h5	2a7681aa5581dafc6d3497d7ceb318d5
torus.out0.04833.h5	9750267c0e13df59c88d196e08aa39ce
torus.out0.04834.h5	38f540adc544ffdef34ea2e355b17fe6
torus.out0.04835.h5	8d8e758c2b97d63778ab9f76336ba176
torus.out0.04836.h5	aa97da8df4b051a7992060d3107d1e90
torus.out0.04837.h5	70771bcdceb5bf3cf9587150462bb8de
torus.out0.04838.h5	3cf8ea2a72fd2967c59a1e4fc7f4bacf
torus.out0.04839.h5	7e4720a43c7797f990027f56ed36640d
torus.out0.04840.h5	0309f297cc7ba7c06144dcddf622880e
torus.out0.04841.h5	0862a4774e46d5328885cc8adf16f2cd
torus.out0.04842.h5	b422085151ef23c27617f03df69a5665
torus.out0.04843.h5	566f705f468f34fe1023f9c1168d7542
torus.out0.04844.h5	f0c2fbcae59fafecea2882858d590121
torus.out0.04845.h5	ba2b44efcfd2500b3f1c48f90bc90547
torus.out0.04846.h5	e6ba3690a00588bbbbcf3ffb559f9ac4
torus.out0.04847.h5	291ec987bbad7bb93cfad1d845f5efd2
torus.out0.04848.h5	cd4f7ec7ff96b570aaedd4b9f8599e79
torus.out0.04849.h5	4469028a800efb2a78c1edbc8e312656
torus.out0.04850.h5	f12f3f71be6e82ef8dfceeacfa7ab22a
torus.out0.04851.h5	0ff78d6d6690d9e9365788c5f0eeb520
torus.out0.04852.h5	cdbfd2f03b45b53e7244eecc4f2b5fe3
torus.out0.04853.h5	afa12ff82d87c092ae3c619607bbc02b
torus.out0.04854.h5	c9ade54e0e198455e1abd67b4af756a5
torus.out0.04855.h5	39df7132aac4bff73d27681fb5d8e119
torus.out0.04856.h5	da7f7c55aedc0854b2cc3d715c3d2534
torus.out0.04857.h5	774ab22eff221bab147eeca9d6540744
torus.out0.04858.h5	fc8c19b444a3373ea05a275e28360f90
torus.out0.04859.h5	01d00a9e7e0200dc32ea3d32aac2ab8b
torus.out0.04860.h5	761ad10cd62754c8847c9c35006e1301
torus.out0.04861.h5	3ab89f5476dc89f77a8e187add27b15e
torus.out0.04862.h5	922e91eae1d9700cabb2a69b0f422516
torus.out0.04863.h5	6409f9d030086f26396f09e3fead0e8d
torus.out0.04864.h5	945ddb39363031f2de96c52da11a6893
torus.out0.04865.h5	4b06eb446a9ed6085b91e0853adb3a66
torus.out0.04866.h5	6323339b8ba33a8612873f98dafcbbeb
torus.out0.04867.h5	8ca69d70a74255d6b7cd0bc7a58e5fb0
torus.out0.04868.h5	0c3661d85e5178b6d68ef6b86fb812ce
torus.out0.04869.h5	afe3c0a066708bc7754fb780f5edb623
torus.out0.04870.h5	ca573a741035fb3237f5a46ec326f58c
torus.out0.04871.h5	e1fac2c93bae41ff60430bcf19e9e026
torus.out0.04872.h5	6b43fbe6aea023ac8f7f649a042a2ab9
torus.out0.04873.h5	f6ad7750ea72b8f068925d0900afb229
torus.out0.04874.h5	4a1719d396c4c49a1dd56fc38324d585
torus.out0.04875.h5	a501061e85fe4d6272908407d4cf6df5
torus.out0.04876.h5	b44d0eabb464ecd9b2f613910d4a0682
torus.out0.04877.h5	1a6edc51e21695860ce9e47681139583
torus.out0.04878.h5	baa1ce52af75f179d2f7e46af167da18
torus.out0.04879.h5	26fea9aea1cf5353c3cca783dd81e09a
torus.out0.04880.h5	4fcc1883335a0b518703166cdd117e60
torus.out0.04881.h5	926644bd074f28aacdcfd5463d943394
torus.out0.04882.h5	2979623329be107a578f774bebd1f7a9
torus.out0.04883.h5	375b943804964b232e269d22493ab5a1
torus.out0.04884.h5	27fedaeb02f0799987e9c567b775000e
torus.out0.04885.h5	817ec7e6991ff2edb77395fc6c559859
torus.out0.04886.h5	d8499c1bdec5ba51e3e8b2aaad88e51e
torus.out0.04887.h5	a0e86dde94be024df9e44c9d55720294
torus.out0.04888.h5	19750524ed8cba2a1ab66b9bad04b984
torus.out0.04889.h5	ba9dc7b620a6b4dfabdb6765563b4ff7
torus.out0.04890.h5	0bc72086023657d8ca870d41f188da09
torus.out0.04891.h5	b96f0edb3feb573882f356d0f77e001f
torus.out0.04892.h5	fa55efb93821b4d04df0f6f843503e50
torus.out0.04893.h5	af3a944850a7094f80bb8ae4c13f85e4
torus.out0.04894.h5	666f772ab0ba5b6e7b1d1b05b4aeb681
torus.out0.04895.h5	59ec2bdcdc9a6aa4ccb454d5eed1b4a3
torus.out0.04896.h5	63124261944cc3da3370a5f2b30597e3
torus.out0.04897.h5	16b1e9eaed6fb4f8e447367419bcfa94
torus.out0.04898.h5	9d2c3b7047ab62d37a55554974bac442
torus.out0.04899.h5	cf51105e56efa47d799375cbf1f2ba15
torus.out0.04900.h5	6bd93fe0c81fbacc84505c4f79133b0a
torus.out0.04901.h5	111e980e30e9dd902238f5d205458a7e
torus.out0.04902.h5	efbc9e5d23c726764b6c99a613d9a022
torus.out0.04903.h5	d1a683b25a11a9f8ddf46d0639d470c8
torus.out0.04904.h5	92023e9c1f97d749d44f2573de039c5c
torus.out0.04905.h5	06f3d26440048e755c0a48b018655bef
torus.out0.04906.h5	c575295bd72b19ac7cdd26a6f418c967
torus.out0.04907.h5	fda1b00d76c07090a6f61f5232447741
torus.out0.04908.h5	86df8ac3b578b6982a221615a95a6b2b
torus.out0.04909.h5	0306fa310b1c71840384ad7dbcc903e2
torus.out0.04910.h5	660e757724b9ea79e117158238ba88af
torus.out0.04911.h5	2d03c5087772f39a3133203ed807757c
torus.out0.04912.h5	7207a8ff77b2b22aa682da018bc8decb
torus.out0.04913.h5	26ce3ad943ad65818bcff32dd8ba1f4a
torus.out0.04914.h5	a243019250f17d4391ef663c1e3d6043
torus.out0.04915.h5	78163ad28a52147fe077f2d1b07f437e
torus.out0.04916.h5	c17ef29e6c666f033f003f10f73bf184
torus.out0.04917.h5	810de1b00fb983b90d4a1c3a0fb3f760
torus.out0.04918.h5	02e2acfe41459abf3348d7c566a41954
torus.out0.04919.h5	74caefce93c2b7da55cfa9dda8d23ad3
torus.out0.04920.h5	e551b9f4666ed42dddba6dd3525ee2f3
torus.out0.04921.h5	6a3bf6f740e137e8c5e43edc5cfca592
torus.out0.04922.h5	8439bfdc9d4573d1a1d684175fa76431
torus.out0.04923.h5	bffc9728b37e7f801995e2ed380a3b42
torus.out0.04924.h5	0fc37856f479b565f89bb16cbd50f148
torus.out0.04925.h5	6594a51b00daef061ec11880547fdd9b
torus.out0.04926.h5	1a77d2a4e8b674e019657c993dc97267
torus.out0.04927.h5	2c462bbceaf57981d9190925ce4dc839
torus.out0.04928.h5	2634ef75e919568ef1dc5940e1c2bd46
torus.out0.04929.h5	ec4a9e6419192a03a2ea2d53eab47f16
torus.out0.04930.h5	6e9f4c72ee6710fcab70c086c31d21c1
torus.out0.04931.h5	79b0097eba1b3cc3d0e0f27be43961f9
torus.out0.04932.h5	fc6810fd2ffd36feba15d74426e38734
torus.out0.04933.h5	8675ae0ba88902ed63736be1bb1b9663
torus.out0.04934.h5	61d0ffb7a819e626eafb922a03d113a8
torus.out0.04935.h5	4fe41ac35d1b471a83e322a86e765de3
torus.out0.04936.h5	b98f1c9404194642212e49693f996d9f
torus.out0.04937.h5	a992d572b756fdb88595c869ac6f8e2f
torus.out0.04938.h5	de82029048d9bb0625c42e40daacdcc7
torus.out0.04939.h5	42b6fcc82fc220981e37280712545fe1
torus.out0.04940.h5	4a6adbaa769921b30a0c77015b71b95e
torus.out0.04941.h5	f3fec202c60759f17f067a0578f2b912
torus.out0.04942.h5	d396203e09db1a2229dd0939b1cdec52
torus.out0.04943.h5	534b7568e90df66a6ae1d7cd5b794c24
torus.out0.04944.h5	e904f30c602347d42f81011937407792
torus.out0.04945.h5	28f31d984e57596e9f1e60832998f5f9
torus.out0.04946.h5	ef5097f93768b6d38bfbd7dc5b354e65
torus.out0.04947.h5	104bddb7fa46fe6589f684cd846a1ccc
torus.out0.04948.h5	c2c6c1971753e3871bc092ff6f32ae4e
torus.out0.04949.h5	d0ab2fe10d8e57094a1b751c1b6647a6
torus.out0.04950.h5	7f3d7aeb5d76f4275dc6a3dd9a4753bb
torus.out0.04951.h5	44b171ab4e997fbac5bdc1de8c864f35
torus.out0.04952.h5	7358dff1aa990dd245cb5d9f43d5d454
torus.out0.04953.h5	6f86a1dbb13576e129d25af060baefdd
torus.out0.04954.h5	5e64a10abf4a3229b687d49edc8d604b
torus.out0.04955.h5	a0e0582689205fcf68a4e8b96e1e5c22
torus.out0.04956.h5	76adc03d321a80c94a2836ed648839c1
torus.out0.04957.h5	1fcc56c1ac1c0768be15b8d9531d30f7
torus.out0.04958.h5	5c71815e6daf514007ffd94996fae175
torus.out0.04959.h5	1244dd7eb7c473d7d915624096dd4aae
torus.out0.04960.h5	47b0910dc82878f1ae97dc125a306332
torus.out0.04961.h5	fb021eaf1bfb02969aa289138f9398de
torus.out0.04962.h5	2b06705e90ac49539c6058e6f3f8bf16
torus.out0.04963.h5	8392300e83cee28bffc15d005be63535
torus.out0.04964.h5	5d9423fa26eef3743ec61d9aa2a801a9
torus.out0.04965.h5	deea6af59786e3d6eb9ac4f01c92d85a
torus.out0.04966.h5	8773dec08905d291536400cd0e465675
torus.out0.04967.h5	dd8e126814430a67f6823e6c8a9fd44d
torus.out0.04968.h5	3919160c04d2e26d26353f4efce3bf33
torus.out0.04969.h5	7c09038ce84bcace6ea50818ae4ed8ed
torus.out0.04970.h5	5bc929be6567246942c8732f9a46d400
torus.out0.04971.h5	e16088afa3b4df06bec0f9bb6c227c79
torus.out0.04972.h5	fc8ed34061916e9f7daebf05b58829b6
torus.out0.04973.h5	2a790b46e68f9c9fce0e0c245fcd9357
torus.out0.04974.h5	f0f6b048293ba135a6b6ae0c279b71d8
torus.out0.04975.h5	74454bfb157f0cacb529a89cd8bfd0b4
torus.out0.04976.h5	ad0bb2e8e8554d2eca3fa69d0465a059
torus.out0.04977.h5	d0e6c7edc32bfd2d6fa7056e65a1b42f
torus.out0.04978.h5	9fac0240ff44a9e42277f33a7ac8f60a
torus.out0.04979.h5	772223c0f4ce2f092b1cd2667b2349d9
torus.out0.04980.h5	d53aa57e681467f9700404b73abc2e03
torus.out0.04981.h5	235bd65d7bf423121f003b0a041ed4f9
torus.out0.04982.h5	761f0dc85ac19717164137ffa0ea0585
torus.out0.04983.h5	fb0b5f14ca4cc76787c98de0881e0326
torus.out0.04984.h5	6e28a319d9e67a1f135e638bdfd1ff82
torus.out0.04985.h5	372707c009998798295d11c6847f0058
torus.out0.04986.h5	ae581b784ebc00b57b44deecc3001265
torus.out0.04987.h5	21e2aa53598778a06ce2ef7f3f36b3fd
torus.out0.04988.h5	96745ea9bcc4076595dffe5ba26b4694
torus.out0.04989.h5	a957558a766bcf65f49ae5f77d1e3245
torus.out0.04990.h5	cebd7d0ad340a8dab7cb65a94de23e21
torus.out0.04991.h5	e5c503b27038f9c970bd4d72e829d355
torus.out0.04992.h5	99475e68d171ae7b89c8fa22ac4f8b6b
torus.out0.04993.h5	6f55fcf99243f4adcebde0afe3e24e8d
torus.out0.04994.h5	cc3778905efe77c9ea9866fb4b612893
torus.out0.04995.h5	16573d0869c9e02f65d2008adf6841e2
torus.out0.04996.h5	b8ee4c05fe180937580b506bdc042059
torus.out0.04997.h5	ac7c521f456962e2e4080a693bc3ba3f
torus.out0.04998.h5	31362439fd19ef431d3ce9357af67e71
torus.out0.04999.h5	0edf7b1927f2f44cda321a0830b512cc
