torus.out0.04000.h5	6377cfeb1032550a78fb57d613c38096
torus.out0.04001.h5	274f7b63a9abbce9ccff7e5e19c23391
torus.out0.04002.h5	af8c40e93cb3aebfd77f3efdc10a2417
torus.out0.04003.h5	662a7435daa4225727a33edfa13346d2
torus.out0.04004.h5	10186fbc7fe05f788e67c50a984a5bed
torus.out0.04005.h5	ff2325853bd7a2bebe362950f12dd0ee
torus.out0.04006.h5	6e53e6c9ea5642a97b92f06f36808e75
torus.out0.04007.h5	fdf590ec9b08c2bb966e9844def745e9
torus.out0.04008.h5	0de5a11051254c7818601a7287bbf658
torus.out0.04009.h5	c02488c6519634ff78e4f4aff85eff46
torus.out0.04010.h5	c423320bc666df498cb5eaa8142c8f13
torus.out0.04011.h5	a857a3715966f62c7a90131e6789ccb4
torus.out0.04012.h5	ccdfe1dc2b3f8ea4cfe95aa1bc7e21b9
torus.out0.04013.h5	fe3f0cb499d8c264e59c48325070b0a0
torus.out0.04014.h5	e4c9378b91503d2281b662fa98527752
torus.out0.04015.h5	6414c9a188858bca094910748e8085b9
torus.out0.04016.h5	8176afabc6ede191056bc15c7aa44354
torus.out0.04017.h5	9895d3852145062c93b119598903ccbb
torus.out0.04018.h5	02707c1b5c26d9e59ce76b671c63aaec
torus.out0.04019.h5	e8a203df03847b9431bae852dd871655
torus.out0.04020.h5	0bc97919054d3be7467e9a2c4bb93a29
torus.out0.04021.h5	62b99e192ebc9e4e6b0cd5b148dbc81d
torus.out0.04022.h5	ed4ddaad6684e4d277d01cdf4fa5768f
torus.out0.04023.h5	e21a8274cdc49dd53fcaca00345c98b1
torus.out0.04024.h5	f1980e3c4c7530afc51c91f498075b03
torus.out0.04025.h5	3ecd8037e6be3cd64f59c6f53d6f353c
torus.out0.04026.h5	3901d4fa5ca7e85317b1ea3d66e49d6b
torus.out0.04027.h5	babddff30c73a2fad4123b7ab7d83f1f
torus.out0.04028.h5	3a3d3bf71ece38bd7dc532a12c3eafa2
torus.out0.04029.h5	c754259bd53cbeb6680e2d08024c9770
torus.out0.04030.h5	aa79f9fc63e39f01b85207cca92b5f58
torus.out0.04031.h5	ab5cf72f45b87c32a1220d39e69be02d
torus.out0.04032.h5	e379607c688a8c161fed095e4581b7b8
torus.out0.04033.h5	0bf2255d68c18a37e216564ec257e62e
torus.out0.04034.h5	70f1fec676ec29b23582fa90f07d6a82
torus.out0.04035.h5	3e16bcc9e477824df4bd497d3c461967
torus.out0.04036.h5	9c7e47a2173133ef2b86f80824da023b
torus.out0.04037.h5	d3a385b8594d33d445bb08c4a1ca4794
torus.out0.04038.h5	abda8a0b5f1bb85c0ccfbf90702d4f73
torus.out0.04039.h5	073404ed5af4d8fdb8df1f663f5b32a5
torus.out0.04040.h5	b5f78008a4b67e1b38f1a17b63b8e3cf
torus.out0.04041.h5	121fcd338c2736b70ba3231e46fd5ade
torus.out0.04042.h5	589dcc46ead7d49c2da75aebe1750828
torus.out0.04043.h5	697437778d567ed316bf9a5b48ae79a4
torus.out0.04044.h5	923403226889295f60eb3ef995c513a9
torus.out0.04045.h5	02ec4e9bfb9de3d474753a67021cb7e2
torus.out0.04046.h5	d6ab339df239bb9c49fe89ff1b8da5f2
torus.out0.04047.h5	be300a6477712c0caed22975088d1090
torus.out0.04048.h5	5c493ddf0e6f164e5b2b43d69994a8e7
torus.out0.04049.h5	5f8315bd41f5e27b8160da662a7c4918
torus.out0.04050.h5	50f2f08a9519cde8338c30a6ab454c3e
torus.out0.04051.h5	50f740020e723fe76657e32694f0b121
torus.out0.04052.h5	54330baa169b21055eedad86b57f113a
torus.out0.04053.h5	1d786ad38f0a37f0025be6ceeb3b92d5
torus.out0.04054.h5	9ce8e9bf6eb358e5e6e89d319efb0fc8
torus.out0.04055.h5	81e7b89f060a706c6c4df8266f7f36af
torus.out0.04056.h5	10469d80b13e3cce6280898e1ea105b3
torus.out0.04057.h5	4ae41dbbf50e33e6b6b91e2132e760f9
torus.out0.04058.h5	8d63997e9c8a28015295120aada55890
torus.out0.04059.h5	5b563061602ce77180bfae58f64ef670
torus.out0.04060.h5	78531ec5bad875bf139bfa2cb073d6ec
torus.out0.04061.h5	68a5c2c5d979daad120e1a00d5d41752
torus.out0.04062.h5	bef7b21fb550e4a2da1eecf6026572b0
torus.out0.04063.h5	1a4a42c6862c50cc102af93534349aa7
torus.out0.04064.h5	f32699fd24c99b442ddcdf357927c4ad
torus.out0.04065.h5	1ba12d6e83ed09066c00b1d1fc636098
torus.out0.04066.h5	3e71a5eeabed7c5ea5902ad4f953d3e4
torus.out0.04067.h5	1ffd65e56a82689005acb103679a1861
torus.out0.04068.h5	a7f64adb0f52af02139943c76a9fa444
torus.out0.04069.h5	15458da877389ee6d5502236dfec08d5
torus.out0.04070.h5	13dad5c1a1db110c838a6771923c5694
torus.out0.04071.h5	c78afb1a61350021b456946c75d7037c
torus.out0.04072.h5	ddb445a52d255a8cd52a8ad4539e6cab
torus.out0.04073.h5	2a9f13c03667818f34c1599c0ade7b5c
torus.out0.04074.h5	35db54083947eb89bdb558b190d33b6e
torus.out0.04075.h5	a690488f1d0518d0d524ffae4e06059e
torus.out0.04076.h5	37dd6cf5aabc51e38ad7ebad242f6a71
torus.out0.04077.h5	22a7b7d738974965e6deed5ef8914a56
torus.out0.04078.h5	2fe048e88c98c61a51897ff4705a5cfa
torus.out0.04079.h5	d4ea8750e8b212b94de29cf21fa42dc9
torus.out0.04080.h5	827029e0c0188175f415e92e83327174
torus.out0.04081.h5	d786bee0c660aa363b34ed9e8ebd4f45
torus.out0.04082.h5	801af5ba996bddfd8bb7a1135912ac86
torus.out0.04083.h5	6c9be438bcac571b5ef3b8e940a567c3
torus.out0.04084.h5	d69c11ad0be64940af36f7e2fa0e6c7e
torus.out0.04085.h5	0ea3e3a8f7a21568f642540b4e9cd5af
torus.out0.04086.h5	49521a6652804ff76558205257ca3b54
torus.out0.04087.h5	a02367a805278629259d265545f2bad3
torus.out0.04088.h5	3d51f0ead95ede0f8ed2b8d23edec071
torus.out0.04089.h5	9e54bd72216718997ace8bd3ab5b05a7
torus.out0.04090.h5	71482cd51610a8cb4f32eb6265836808
torus.out0.04091.h5	990d4c2db535ec3042d8f98cf4243877
torus.out0.04092.h5	d2e7aef6f76b23339a07d1f13b42dd02
torus.out0.04093.h5	00ae9b0605f1d16be65892e46a05a958
torus.out0.04094.h5	7b44311207e168d55a6f5f2fc6ac32ce
torus.out0.04095.h5	5df225a59fc1adc3e97a8d6ab06f3923
torus.out0.04096.h5	4f140ac9822d12b1a1650cf9cc283b23
torus.out0.04097.h5	1544a9eaf60544a37c8ed1fd23d8eb43
torus.out0.04098.h5	96e82c58a69043c00e3380bc984c46bd
torus.out0.04099.h5	d01f774d437d2e24dc7e3d625f1a96b1
torus.out0.04100.h5	b883be7111add750c3e8c5128533388a
torus.out0.04101.h5	f81d5163542d8a71ef12f7e48c993961
torus.out0.04102.h5	703d3e699a3ccafda32f52e08f70e0ff
torus.out0.04103.h5	b1ac2e7ad0c5a8a8df3c84433c2286bb
torus.out0.04104.h5	31825a56a49afe68086e1ee606a6beb4
torus.out0.04105.h5	02524df3f750e1e90d6afdbec47c9a22
torus.out0.04106.h5	cf6f9a530af3ec747cfd0b6ab306e990
torus.out0.04107.h5	d765a000da108e56ea5259c622f4b69e
torus.out0.04108.h5	150ea8ff6008ae8ec015af65869ed144
torus.out0.04109.h5	dac1710a1e73a02dc4f4d606553a8cd3
torus.out0.04110.h5	ae1b9d35419cc0298d92a2f9abca6aa2
torus.out0.04111.h5	03eab54b018208906c8dd00e8da57cee
torus.out0.04112.h5	bc8271dff75b30293082fe6c63f3b1c4
torus.out0.04113.h5	7e3062032cee204bcf110a6e5b2276b5
torus.out0.04114.h5	271b055df8371ab744d3cdee39aed282
torus.out0.04115.h5	a2e97bf7e40fda006a8ed2098afff7f6
torus.out0.04116.h5	1b4575424a42c70565f075a319e04a55
torus.out0.04117.h5	07ae0f6818fcf9fa088c15628ae82961
torus.out0.04118.h5	2a7102d076e123101257ef2885aa9d45
torus.out0.04119.h5	b854a7798b52040820780490c2cd1db4
torus.out0.04120.h5	a32b0807386bb48ae11f58f76da77f64
torus.out0.04121.h5	78ab4c6a4402b2f6602d0a2cf1ec515a
torus.out0.04122.h5	01bae6a5d312195325971f1285978a30
torus.out0.04123.h5	fd232c031ad7a6f609e71ea44b37d0bd
torus.out0.04124.h5	3e594a882ac1c5293f66c6680a7d8ae9
torus.out0.04125.h5	6fd118dc917be19741f90108ef988e60
torus.out0.04126.h5	319de4847a20bd933949107c6dc885dc
torus.out0.04127.h5	069113311988749a8800a97afbfe049f
torus.out0.04128.h5	a871db0a07573b4045b8ae658519bd25
torus.out0.04129.h5	15da25c79f895cfbc1f1b4366d3f22e7
torus.out0.04130.h5	8015f897402b404d741520d00c937317
torus.out0.04131.h5	eae701858de5071279a9f8362e0bd70c
torus.out0.04132.h5	1a9824caecf07a68638807545475c370
torus.out0.04133.h5	3ed535a6d6fcce2f4722be8c31c62d7f
torus.out0.04134.h5	af59645f03838ab3ad30025d0eb28a36
torus.out0.04135.h5	536935ca9e22570b0322967db78ecdf4
torus.out0.04136.h5	56140a6f3da2bd0618441e7dde7b70d5
torus.out0.04137.h5	32457e6b1ecafdab95872c518df1a5c9
torus.out0.04138.h5	3a397bf38f2f5cd4f2ddd3acae4cc3e1
torus.out0.04139.h5	32f5ba7fe8da211b11f4945fde7b2fe1
torus.out0.04140.h5	374081199e17d168bb21a352dbfc8112
torus.out0.04141.h5	0333302715ef92b857680cf6116df353
torus.out0.04142.h5	c0edefdbf2fb476aab9646fc0aae951b
torus.out0.04143.h5	d7cdb7e539bf8dce8ceb1b4add5246bf
torus.out0.04144.h5	ca01d6529178fb6eda9f5cf2ca56906c
torus.out0.04145.h5	378634ba9d033380ae506923c8c962cb
torus.out0.04146.h5	cd893723cec7f4d1d44ba89f7948441b
torus.out0.04147.h5	caf1cf3e04c1b5d3da24f189d1952268
torus.out0.04148.h5	9c5b147f7708a479f88ae0ed80ca7555
torus.out0.04149.h5	f6d2a45de2c832c9e97b651e5ceaa3ef
torus.out0.04150.h5	06dacea13c59988000664962f95eee67
torus.out0.04151.h5	0b4b83f36897fb32d44b9eea3da2c57f
torus.out0.04152.h5	1f82eb1a23a6526c607960200526f73a
torus.out0.04153.h5	1f550264b3447b2262371dfbe9e22aa0
torus.out0.04154.h5	b2d5ddb2dd2a9fd3fa956a0ccf36bee2
torus.out0.04155.h5	6b6fe11091b0d95d0f75b90e0c8870dd
torus.out0.04156.h5	373f55019d766fa9e9b14b4353c3bbe8
torus.out0.04157.h5	2934fdf3565fe30ce255668a44d5541c
torus.out0.04158.h5	acb9706661174dbe05fff1d5831c7082
torus.out0.04159.h5	17680497df35c520d7b2eeab858f8200
torus.out0.04160.h5	3e26b3f3301c35f57da6549b45ce9781
torus.out0.04161.h5	863f9e3734e8fe8f0aff89e8f0ea2903
torus.out0.04162.h5	8a091d9b05c233fea806974489fc54a1
torus.out0.04163.h5	aad4c92a116b7f420502bff9cbec8ac2
torus.out0.04164.h5	d5d46d2fb0a6177a632ee3bd0465fdde
torus.out0.04165.h5	9a6783ef9b622f2513936e9a656f0d74
torus.out0.04166.h5	1608068f6def25e3ef4f2a1fae6c07d6
torus.out0.04167.h5	080b795333407f34024484af8ab4ad2c
torus.out0.04168.h5	086fb5d4fbba7ee55867211d2aec6b4b
torus.out0.04169.h5	5aedfd57b362fdeb2270044b96b0fdc0
torus.out0.04170.h5	4e0bfbec87187af25f4baa676a6819c4
torus.out0.04171.h5	7372842518dc892450cdbf7219929bfd
torus.out0.04172.h5	686b08797bd4a61b77bbbd6ec14a676d
torus.out0.04173.h5	1ab0ea4c49a219580fbc8c839021719e
torus.out0.04174.h5	42ff1aae1afafa90e4114868d2029f08
torus.out0.04175.h5	4a08b53ffaeb7c72ec84d37655e7fb67
torus.out0.04176.h5	a8e7e924b67defb76052dde80b949729
torus.out0.04177.h5	b4a69afe451f9189c3e32ffd7395a223
torus.out0.04178.h5	4db7f62f8933a3060f7c90c2b90cbe31
torus.out0.04179.h5	4f31edde97ea29e6a77836fe10273a0a
torus.out0.04180.h5	5682c429c19ac66a433081b5fcbc4364
torus.out0.04181.h5	a9da502446ad7595ee010f3776ac0c5b
torus.out0.04182.h5	e7b264b541a4ce9d2fb597e7cffb3a62
torus.out0.04183.h5	894b6b7e2e827ec3a9dbd95dcbf5f005
torus.out0.04184.h5	898baf2ce6b0f0c4fc0cb05d3c11fc89
torus.out0.04185.h5	ff72eb2128dccef7d7aad1fb0388658e
torus.out0.04186.h5	171dc4077674c0ff85f78a4ed53821f1
torus.out0.04187.h5	cbc5027a24369eed6207fb3bc77ca00f
torus.out0.04188.h5	a6b8fdcbc244ac13a24ee8c3c3a3f915
torus.out0.04189.h5	fa2557f4b994dbe4c1d9fdd06f645163
torus.out0.04190.h5	d4ec2b091291427a5d73391381595f90
torus.out0.04191.h5	2795f3225c3f30f254ebb5e79caeec2c
torus.out0.04192.h5	fa6530c6de219320b23c8cf24e6fa6c7
torus.out0.04193.h5	4f3c77a3098ae8ba306445086c7756e3
torus.out0.04194.h5	1f0f478e9a516c1f3aad8bf01c52fcdc
torus.out0.04195.h5	1f85073ea2308a497d7e5223f3d751eb
torus.out0.04196.h5	a0fd0477694c0279789f6f5e69dd77a1
torus.out0.04197.h5	c5b58b43efd3b6c99c0d43f4faf18edb
torus.out0.04198.h5	87511d4f27bba79a5fbc7a983f9d2316
torus.out0.04199.h5	dfb7ddb792c921d9843356f3aa9847b2
torus.out0.04200.h5	80523e908ee58da59b9b51eafffb52c6
torus.out0.04201.h5	7d25b1bc8f4d26c07424c50e6e310c72
torus.out0.04202.h5	ee50b8e00caf660a57ae2c496d9ca676
torus.out0.04203.h5	a0fcbc9954c80eec83dcbcd0a4a933e2
torus.out0.04204.h5	3af19a1e5036bb739d656a9b6a18e7ac
torus.out0.04205.h5	fd4d6e6bd8b184c88ff029502eac2c85
torus.out0.04206.h5	c5d1f6e5dedd9589a306c32c8d40f28e
torus.out0.04207.h5	9b92d7b56a6cc75ab893e3fe6ebc11cf
torus.out0.04208.h5	4ac8219d8eca495f0b99b6b7da2ff1e4
torus.out0.04209.h5	658ca06cc72f6983dd5814347bdbd140
torus.out0.04210.h5	06419f29c84a77499e60d6989b0473db
torus.out0.04211.h5	5bf3a8db8c0d6dfb6766cb0be2384372
torus.out0.04212.h5	082394d1e3dce6a98414cd2a3e4aa29e
torus.out0.04213.h5	de7f0104512a4c55881fcdc8d67e3669
torus.out0.04214.h5	e41c528f3e7d32cd60a8254fb8428714
torus.out0.04215.h5	a2094ca710b9ded6c115ca0a40d10df7
torus.out0.04216.h5	85d8e431467ce3d4e20617f7f8572f33
torus.out0.04217.h5	39a705664db915a9975295c6715883e9
torus.out0.04218.h5	34746980a5a952d3d0f3cbc217b4f6bd
torus.out0.04219.h5	d7a5226e534185e57e1b8323410b1298
torus.out0.04220.h5	c551bdeac38adb3e34f222dcaa37c5f7
torus.out0.04221.h5	f757e8b510829117fa399805ba3f08b0
torus.out0.04222.h5	52ec9c2936c9ef400f82e894546ebf09
torus.out0.04223.h5	0d9d1aa958f8bca1315b0e145058bf32
torus.out0.04224.h5	130b5b9477195adfb9d3a63160990fd3
torus.out0.04225.h5	3822e346573658c4a4419810ecaa45b3
torus.out0.04226.h5	bf9a2842cb3c78ea8c4dfe05ffd13465
torus.out0.04227.h5	d0efa500f531036af2250d82fc746d6c
torus.out0.04228.h5	cc638d84e6682958f2301277b747fe80
torus.out0.04229.h5	826447313e7a3873ddb3a5c4ac425b0e
torus.out0.04230.h5	be91d325ab355269b91b6fed6e5c732e
torus.out0.04231.h5	9d1d17061c5ac3c98302a0148fc9181a
torus.out0.04232.h5	b9150ace8418af381e5cc1d7316e3419
torus.out0.04233.h5	98aa4babbd9bf4fe479bfa002c22cef2
torus.out0.04234.h5	8ce8e9e13ca5305f56fdf8eafc7b58fd
torus.out0.04235.h5	bf2b6990c80bb8306963a885b252b891
torus.out0.04236.h5	5b4c204965f195697f1c6e85bd3a6cf3
torus.out0.04237.h5	7f3e6cdd8d8f78b2a96571ea15c089d1
torus.out0.04238.h5	ea9bc01e2642f3b822975cdf7aa174c8
torus.out0.04239.h5	88ecca47b128478b5d9b432ab780cf26
torus.out0.04240.h5	0921329a8ef5586a9f044346ad7a67d3
torus.out0.04241.h5	edeab0ce378f7657099fcc23311a0e0a
torus.out0.04242.h5	49bfe9e09ceadac9921be71e9e22c4b6
torus.out0.04243.h5	ac19dde3c1ef948cc410712e02c42aea
torus.out0.04244.h5	d08652084689874d8fa29fc7fec7fba8
torus.out0.04245.h5	7dc234d3aa062a72b7cfe41cafdec1f5
torus.out0.04246.h5	d20235e588090b74f7b7e46b9c41dfb3
torus.out0.04247.h5	03c481cd7086fc98647dff49344c4841
torus.out0.04248.h5	a274e24e5a82e15decd0db5d5c12fe6a
torus.out0.04249.h5	d957c3528c7d2a962cadc6210caf7fb6
torus.out0.04250.h5	9c77fc3381cf35a7bf50910d5192cde3
torus.out0.04251.h5	d9cf833c8869305ecd69fdac57bc3bc6
torus.out0.04252.h5	8e49cc7a68ade606e1a0c6d07dd65e08
torus.out0.04253.h5	c4db1c356887eff17f9f9a9c8943c35f
torus.out0.04254.h5	36db0f9a9a36efdaf29ff0592cf0e5d6
torus.out0.04255.h5	0befceaf39c14f4ce473f8cc4390b7e3
torus.out0.04256.h5	ffc33308068df99a72c5573001f82b57
torus.out0.04257.h5	ab3b89f82dab26037822637181a1ba6c
torus.out0.04258.h5	27d2043c118f0467eb0201701881e1f9
torus.out0.04259.h5	e747d8d4fceb7b967327953515b83d45
torus.out0.04260.h5	3d70197fcbe99d8d8df7e9bcc5889e72
torus.out0.04261.h5	b0fca6d1d47ac8bb5f582f263ee9d8ce
torus.out0.04262.h5	85300cd21b84489171ebd6c8fba0f1e7
torus.out0.04263.h5	710d1176d76d84ff625dfd7570a6e5c7
torus.out0.04264.h5	4054e9c899e19dc04120fde5342d8981
torus.out0.04265.h5	15ef2ca0dad92eadcebeb8f92f348025
torus.out0.04266.h5	58e4b1963b2d0920e9ce72d42f6d6030
torus.out0.04267.h5	d66a4bf48a614159fc8b8e2281fddef2
torus.out0.04268.h5	fbd34405ad6c4f79bde82bb1755b71e4
torus.out0.04269.h5	283380f0c602293123712fdde0936875
torus.out0.04270.h5	b15dd6224b4fecfa3b53d739af4126e2
torus.out0.04271.h5	c26c17a972d34023586ea1a8a6a2e35d
torus.out0.04272.h5	82cc4d95a0d591c93601797a315debab
torus.out0.04273.h5	43fedf95e66180d58c08feb7575afca4
torus.out0.04274.h5	326a7313a87e42c0118f80bdfdb4beef
torus.out0.04275.h5	f44880001d86d8a56704ad933aadb3ea
torus.out0.04276.h5	736a0940bc910b282656805f7225fe16
torus.out0.04277.h5	263395ec270312feba205c69fcbb00ef
torus.out0.04278.h5	c0adad54eefbb65c8b0823105f9c39f1
torus.out0.04279.h5	a2c750f01ecc2230b15d5ed532ddd62e
torus.out0.04280.h5	35ce891da46f64868af6b4e1e8f199b9
torus.out0.04281.h5	62a8d2ebcfde05420ef963b4bb72fb1a
torus.out0.04282.h5	2a87642153639300ff793c5a1bdcdbae
torus.out0.04283.h5	82e7bc9a701fa0aa7349754b2e9e0348
torus.out0.04284.h5	93731793f11647e4980fff3cf2931f31
torus.out0.04285.h5	ac8bee41bb3499719edfd305b3f31056
torus.out0.04286.h5	def4ea397473f7222ad4af9d2137592a
torus.out0.04287.h5	3cbb73f0863a5747361b74106379f212
torus.out0.04288.h5	a4b2807d3073c4f7e752fb32a95b6e02
torus.out0.04289.h5	5bf410942ca97bb4e18e093057c6cdd4
torus.out0.04290.h5	f9dca9434c8fa246febbe8215f579f53
torus.out0.04291.h5	d70c82e8be5cc2aacf56dbf6ba33a316
torus.out0.04292.h5	139110d1796537dfca53abee55e53f4a
torus.out0.04293.h5	0893683f74c1866e2a38314c1e8187a5
torus.out0.04294.h5	1a54107533dc6da84650b2a06f6ea0af
torus.out0.04295.h5	8f6bde90ccf7f7918de0206a3a510148
torus.out0.04296.h5	e6fa8f238346ab17cd6015f98f802e74
torus.out0.04297.h5	ed1e305b97ddbbc6c0aedc9e22e279a8
torus.out0.04298.h5	8de4e91ed78b23d85a9395222666c8eb
torus.out0.04299.h5	9101696513eb9a79abdf5c2423349b5d
torus.out0.04300.h5	fb227f6e6fbbc6376586aafba4d2e508
torus.out0.04301.h5	ed8377c8885b20048e73306c9b51f914
torus.out0.04302.h5	553219bb3e1b4e0cd9514681746b4bdd
torus.out0.04303.h5	c38cf7e36dd725fc2985e4d3f7286181
torus.out0.04304.h5	4864f71ca8b2e9a478ef5394261f7bd0
torus.out0.04305.h5	62e8e1e7981c4a7ac58cdccd49668647
torus.out0.04306.h5	96757603a9547623e0fca19c18345db5
torus.out0.04307.h5	83944af165704306eb91ec30ebd2379e
torus.out0.04308.h5	75e0b365a4e76bdef216fb823c58a046
torus.out0.04309.h5	67927a290c90711aa5b378cc8147440f
torus.out0.04310.h5	d4775c4ec1b5505ff5d58c9129589456
torus.out0.04311.h5	1c8851cd2e46cbf30b5d3c9b02682027
torus.out0.04312.h5	78ea2198c4c66477aeff4f6cd32cdf93
torus.out0.04313.h5	90b1c12e58641b31851c2726bb8bc8dd
torus.out0.04314.h5	ddc02652c5a80eb20f96c97bb7694791
torus.out0.04315.h5	296c88f46b01273a663aa09cc1df112f
torus.out0.04316.h5	acce6dd692787989caee9efd66415c12
torus.out0.04317.h5	b2672ecc1ddc7242444cb542b789d0d0
torus.out0.04318.h5	0ce908ae038e4551770c66d8eee56f1f
torus.out0.04319.h5	031e9c5f45f352d1a063a359123da236
torus.out0.04320.h5	96bdb87936dab5f65fecf67010cd7130
torus.out0.04321.h5	726e5941e7424e5d456dcbd6f6b49276
torus.out0.04322.h5	9fc3108611909382b19f4d675895a352
torus.out0.04323.h5	eaa624fe1a3f986dcf08a49e6fe3a465
torus.out0.04324.h5	dae9de021b13e1305a2ad82dada470ba
torus.out0.04325.h5	dfa59a1041729ddfda1c6d5335185934
torus.out0.04326.h5	719c885abda1a036e46563b6b557b17c
torus.out0.04327.h5	8f3adedf744936df21d452cd08b39a19
torus.out0.04328.h5	55565145c804dc76673298b56580fe4e
torus.out0.04329.h5	87afc2710ac6009219bde385136e795d
torus.out0.04330.h5	84bc58765b87fa2117f7860effd5dd43
torus.out0.04331.h5	96ee99b60f6eff1601cdb72fc458ab2d
torus.out0.04332.h5	4ee7a696f6989ed7a702e42d3c889ee9
torus.out0.04333.h5	9b3243d312a440ec586df81e6d061d39
torus.out0.04334.h5	74d605314998cc8f16872d66b0991059
torus.out0.04335.h5	1d3686d17098e03a545e7836faaabf9a
torus.out0.04336.h5	cb51b75683d37204d0ca90fcbdd5d979
torus.out0.04337.h5	11b8195154a42b5d2f4edbd4764b7de1
torus.out0.04338.h5	db288d4a452fb85868143ba1b23fbd23
torus.out0.04339.h5	35f1ac90ff7b971e479dfe31df90f6e3
torus.out0.04340.h5	9ba5815f5ec9b1b5a694ba599cbd693d
torus.out0.04341.h5	7beb7ca7764f1c6f654ba27f3ec7439c
torus.out0.04342.h5	3a0d4408bcd2434d92a4f5044de77967
torus.out0.04343.h5	c085cc38dd8e064c15dd77b002efb02b
torus.out0.04344.h5	577e15ba6d719d8b6937c927b6361eaa
torus.out0.04345.h5	4f60dd2cbeb9cdad5cf6699b270f3cdc
torus.out0.04346.h5	2ea2526cdec25d1a1bc47041a418d53e
torus.out0.04347.h5	b893383763ed04a41a7b9592102bb524
torus.out0.04348.h5	a8f7a6304b2fc05ed84c332533afed70
torus.out0.04349.h5	f86bfac01d0540882244fa6351f85778
torus.out0.04350.h5	7e3fb25a3d2149fa9926cea5cfe7f543
torus.out0.04351.h5	f96714b314ed5ce2abbd34753b0b8f45
torus.out0.04352.h5	4f30e55888fb8141628a42ef9ff48bf7
torus.out0.04353.h5	4daa3dc49c6de227f4a2f08bd90a918c
torus.out0.04354.h5	c0fe8eab1f2e81ae6989824736c044ef
torus.out0.04355.h5	da78cef3427403016d5a0fbc19f7cf82
torus.out0.04356.h5	e67cfba32bfcc29bc6f56a7eb56d701f
torus.out0.04357.h5	b49294c5debd18673c7b45924eb4e560
torus.out0.04358.h5	b1965c11c302e02f892d023d0b388bbf
torus.out0.04359.h5	df65bc01fc3d6badc3ea5d9f53d4767e
torus.out0.04360.h5	85ed875959aa88e6215c727c8dcda02c
torus.out0.04361.h5	e5d23c36fc2a017969e5f884a851197f
torus.out0.04362.h5	73a52ad7802593ce1ba9b94199f58e41
torus.out0.04363.h5	cbca3faf184541241939763a4a2fb615
torus.out0.04364.h5	360e7809768b62e804d323599936242f
torus.out0.04365.h5	c4eeb674b6819f8839f4a2d4c771d610
torus.out0.04366.h5	73640684e3129ad76fefffbcac17aa83
torus.out0.04367.h5	e70021a5b3732c422366283550be5259
torus.out0.04368.h5	8f0073c6889de5defe834172b0ea4bfd
torus.out0.04369.h5	618bfa972acd070d15dd90809843def7
torus.out0.04370.h5	2f2c6be435406c2fab1171f978dadf3e
torus.out0.04371.h5	b4d7e89fcbb059e5125f3ef9fffdec30
torus.out0.04372.h5	bf14fdfa9e6c36e440e5ee859719cf47
torus.out0.04373.h5	b9416fba74c60e9fce35b8f25f8ca31f
torus.out0.04374.h5	59aa3c02a6cc4519da349342bc33f3fa
torus.out0.04375.h5	3c891ac909d687ca1e6500ecb7b5a5a9
torus.out0.04376.h5	22a6bfd581dea78184641fdc830e3378
torus.out0.04377.h5	c6c096554b02baa62f4a95d42b88d4f9
torus.out0.04378.h5	76036eca4da502d8e3301884d4908d49
torus.out0.04379.h5	00e6f52cd374463bbc055e44e9f4ca65
torus.out0.04380.h5	c665df82a50308074c1146373cbab25c
torus.out0.04381.h5	4807faa7d44e6ceed7f4e80105ea455f
torus.out0.04382.h5	9493c035ee14c829b3ee608ed9d8e27e
torus.out0.04383.h5	7d9615f7b6f4247e3c8e02829220a4a0
torus.out0.04384.h5	25f7098c6b3d90cdf7e108264cfa63a2
torus.out0.04385.h5	8cc573854a7e179198526d0684fe9f7c
torus.out0.04386.h5	46dbc3766be2a98913f2ff176f65abec
torus.out0.04387.h5	cd19291387e47901cf09b108915aaded
torus.out0.04388.h5	632c430913aa374c3b629d0819f994b9
torus.out0.04389.h5	ee17f68b9f4808da47ec72a830bbdf73
torus.out0.04390.h5	6c70d260bd9c9621854d7447a7db62b6
torus.out0.04391.h5	6aa92b237da3c14dba96f8170a0e1baa
torus.out0.04392.h5	b94a5be66583e80c1f2f2b5945a56bd2
torus.out0.04393.h5	fab93c4511ff3d2a08bceecdf98547a3
torus.out0.04394.h5	5b2664bc9e829224b2b72a508a02f633
torus.out0.04395.h5	4379a9be5ca87d895bd359e6cbb52062
torus.out0.04396.h5	24e4b973a00cd6c794766769285969f2
torus.out0.04397.h5	4f83bf14a5850b28b81aa5924cfdae4a
torus.out0.04398.h5	c4fb8fb7f1e190aef8bf2813af9f60dc
torus.out0.04399.h5	bdb40f209b558d7a8fd8530944637e1b
torus.out0.04400.h5	06cb8cb0a26a36e30cc2f366a01a0def
torus.out0.04401.h5	51f3e8b9cf09fdb98836700b333a5096
torus.out0.04402.h5	4d2e891dd74b5129b09c6740eca7391d
torus.out0.04403.h5	5f8c951a95cc2d880c943dd767c14abf
torus.out0.04404.h5	efb9bf97f4bd9f3f325a2e35451ee470
torus.out0.04405.h5	757a75baeee4b442b9ee261b32e23c4c
torus.out0.04406.h5	91be88ff15c6b236fa5657da1d3adde2
torus.out0.04407.h5	b145cb22025b900868b5de52d775e526
torus.out0.04408.h5	7396fbbeb249905789b8ea51c2039c58
torus.out0.04409.h5	9debe75389a53105a5585a154b177ca9
torus.out0.04410.h5	a42c2efb8db407ae2f91550ddedcf29f
torus.out0.04411.h5	2c8ebf9c806cc3294e2e142623d2828a
torus.out0.04412.h5	808a891995e4b9f0058e6a2b48d44fae
torus.out0.04413.h5	1f23ffa668a87e6b3d8eacf12639eafa
torus.out0.04414.h5	3d429a2ea305c57cae11d4459cfd3247
torus.out0.04415.h5	8f93f8f72cd7301f405dabf68d07a3f0
torus.out0.04416.h5	38837402d4d08f237b5570c927bcce2c
torus.out0.04417.h5	5f780bda93a508651ee92f6a2ea2d732
torus.out0.04418.h5	9c48dde7623f5be8a902e0302a42710f
torus.out0.04419.h5	852ed398202ead9fbb87bde0149ab986
torus.out0.04420.h5	176896645b8b433e1ff3e9b28b2f7678
torus.out0.04421.h5	414c3ffbdd9d67b66d88f69ba199e678
torus.out0.04422.h5	1ef08989f4365b8b15e34879eb51ecbc
torus.out0.04423.h5	1ecc84d8af734cd3455c49aa9189fd0a
torus.out0.04424.h5	e49c88cd331de688601adf655116ecef
torus.out0.04425.h5	d3b553a02cb539cc13b4855a627268bf
torus.out0.04426.h5	c83a3625859f679a631792f72a68eb9b
torus.out0.04427.h5	045e6f0c7aa3745fc9c4f9e3cadcc8c9
torus.out0.04428.h5	4b8bd47659e02a1f66509bb760d31bfc
torus.out0.04429.h5	df5f56fa6a253798dc4525d2d1729d69
torus.out0.04430.h5	b0b146c30f3edd0e5b7256ea748f979a
torus.out0.04431.h5	286ea9af09ad629340c1bc6e36f9069a
torus.out0.04432.h5	a3d1350ed50f0f675cb743a7e3a0bc3c
torus.out0.04433.h5	7bbb5ad4a093d6b7ee6e074b5e8e011a
torus.out0.04434.h5	1fbca88d5f8f97fb65c3b9c2224d737f
torus.out0.04435.h5	15437b04b04b6faf2c018869f4ebc579
torus.out0.04436.h5	1dcd1d695bc21c7f10c12e410ed97050
torus.out0.04437.h5	2e404bb4da9ba436c86f591c9d1278db
torus.out0.04438.h5	7d45000326f9e04dccedc332aaf7b478
torus.out0.04439.h5	d584c355cb5935f872b9c2ca573348f7
torus.out0.04440.h5	d3a9a893a78538fd15b7ce9fc9a069ee
torus.out0.04441.h5	5eb33133240e4f04591aa92ce9905892
torus.out0.04442.h5	9aea50608aade083945617d259008465
torus.out0.04443.h5	6fb4a6e6034cd28caba9572b0182ba77
torus.out0.04444.h5	af3d4a0bf1d92c27eeb8456b6a778a71
torus.out0.04445.h5	240c5ca282fd99806b0042b5dad1c832
torus.out0.04446.h5	2d23dd63e35c3a053f1092c4354f1d74
torus.out0.04447.h5	86e28fd830679f9a8d563605660a14b0
torus.out0.04448.h5	f87efa32f7ca557fa195f9e42269910a
torus.out0.04449.h5	1ff7dc2f874747536907a0f730289554
torus.out0.04450.h5	761cc7e1c22b84faf386c71023f05886
torus.out0.04451.h5	e9b0b365ec77d4dcfd1a68dd98b934df
torus.out0.04452.h5	557620af87f637595e40b25cbadb1271
torus.out0.04453.h5	6dc754325e7e6d105080bc778083f009
torus.out0.04454.h5	a57cce8458f8cfd45b9c458129ea95b4
torus.out0.04455.h5	b9e4435d0f4f66c802ab12d099a47aaa
torus.out0.04456.h5	39ad46a9ee472ce9e372a2675392b705
torus.out0.04457.h5	d8d1f21ad5993805f912c8d87a776273
torus.out0.04458.h5	7076a09e446c9b9bbe3a9a93349081e1
torus.out0.04459.h5	fc9967e14d7fcf54931221b16907e34b
torus.out0.04460.h5	37052beaecb24376eb854d3094600888
torus.out0.04461.h5	8da437b037232f191c6ab97c19c29e39
torus.out0.04462.h5	bf7160930f8df9719317740eb067f9e0
torus.out0.04463.h5	86f1821d8519b38d1bf5889765dd19d0
torus.out0.04464.h5	b9492ee5877c1d5b8818eff6f6517db6
torus.out0.04465.h5	5608758d49243d129b4ca376f7671c49
torus.out0.04466.h5	1d5d00f29d8b8ee2769afbb50f79da56
torus.out0.04467.h5	ecb3e5b19411cad7063fbc4d28429c3c
torus.out0.04468.h5	60ec3bb9686da682152e33f75d5152d4
torus.out0.04469.h5	d3bfd10e048c178988ebe74fb2d90d17
torus.out0.04470.h5	3c9068ac5e7da671417165b12e8d6da8
torus.out0.04471.h5	30b2a87604ef8fb64a51e79fd2da7d83
torus.out0.04472.h5	8246fef6226bf3cfc89d338cf6963708
torus.out0.04473.h5	b0be8496e167dbd6de143851c7d927be
torus.out0.04474.h5	3ba68fbdd26f7722393cd007e6c587ee
torus.out0.04475.h5	083b2d7c5c1a63caeed2185a2a44da32
torus.out0.04476.h5	9b30fff35bf0e11b83f8ae37b8451cd4
torus.out0.04477.h5	a5a769e4c28253629eb4a16de14f116a
torus.out0.04478.h5	491bcbd38dd2ca7ce31f9dc5d45328e4
torus.out0.04479.h5	4a1c27f3e6d3b87cd0976af1a4de4e4c
torus.out0.04480.h5	e8baca7895ead8d78d774898988b3f91
torus.out0.04481.h5	2751b1bf843a44780027d3137ec671d9
torus.out0.04482.h5	9e8b662f1efe64ceb4a8a70e07030ef2
torus.out0.04483.h5	93b65c6ca0429c2b60c985d32ba91197
torus.out0.04484.h5	b9e78dc43c05d47cadccf1e45b95b4e8
torus.out0.04485.h5	bf334cd39c2fc6b9287dffc5fa28d643
torus.out0.04486.h5	f5b3585b12d87362dc88f2602afe90d0
torus.out0.04487.h5	0380acf0dce617ea867562e083deb174
torus.out0.04488.h5	4b3e27913bdbd47edf08b85dc69b5483
torus.out0.04489.h5	e161bb594642f9d6d1a0a928e092536d
torus.out0.04490.h5	a75ad102a41be9633d3447d72adaee32
torus.out0.04491.h5	b5679e3e237c38306a0bf350d3d8b34b
torus.out0.04492.h5	31c12c5bb1430a5937e2d7cb62e4b72a
torus.out0.04493.h5	dee1fb4f6d1fbbf2f0949753eafa5c25
torus.out0.04494.h5	78a85851fb374d96598484572fae7314
torus.out0.04495.h5	9013ecec06306a6901eae285321119c0
torus.out0.04496.h5	5f136cdaad4e7b5ae94ffffa8ea382c2
torus.out0.04497.h5	a6086c3646fc233014be8b19a545fc27
torus.out0.04498.h5	1bcfef974a8e6a181e4784efef1a41e5
torus.out0.04499.h5	276c670ece780e952ab756549cfb5b57
torus.out0.04500.h5	5c1e154d5620cd89c1ff505927ea7f09
torus.out0.04501.h5	bb8001769d9a7d3a77f1a8dd62c67796
torus.out0.04502.h5	b1aae7130851d90942f0d69377c7f2e9
torus.out0.04503.h5	e44133bf531f9c5214995937b922cf54
torus.out0.04504.h5	566eac69464a96cf28d0a2d0453f4948
torus.out0.04505.h5	276e221effae1c66bab5335582e8b87f
torus.out0.04506.h5	7f5024178d83ddb1e702ca3f5375c83e
torus.out0.04507.h5	8494f02ea61df5c14eecbf90e5641dbc
torus.out0.04508.h5	b5cdd7a574c59672805b496cbfd188f4
torus.out0.04509.h5	72bd039f3169f42deeeb81664490a0b2
torus.out0.04510.h5	148b12e28ef0803e0818d213ece4810a
torus.out0.04511.h5	e404c4fdf1628398de6f2e50578f1d1a
torus.out0.04512.h5	6b65c04d51133b973e75cfad81375a23
torus.out0.04513.h5	5aa7b5ab09f8ec6a4f71360d53c69e33
torus.out0.04514.h5	2c3b40900f5e129dda743f399a94377e
torus.out0.04515.h5	b48f4e23fe6e5cf716ad588954bc682e
torus.out0.04516.h5	916af9213531846f0ac617e148716456
torus.out0.04517.h5	cec5719d45041690ae5fa463254245be
torus.out0.04518.h5	d50f3d22a61b0233680076b053045e8b
torus.out0.04519.h5	75717b4bac51e11091b95e3e6cc74d12
torus.out0.04520.h5	eb59129d22e6f1fee2ff58a03a542802
torus.out0.04521.h5	5c5a5bbfaea16c7ddf70a0fa6dc07193
torus.out0.04522.h5	0d0024e43f0ebfa5459d400619b37c90
torus.out0.04523.h5	6344cb31c200592cbfdc98840f12f408
torus.out0.04524.h5	dade70031ab39f49abaafed80263e155
torus.out0.04525.h5	71fb64ac949eb0fd2d7d19771bb1f9d9
torus.out0.04526.h5	7d4cc8c07fd3da250bb426da1de61d2f
torus.out0.04527.h5	e900153a589d34f4bf415ed8cb3c0f59
torus.out0.04528.h5	57034e4420a82f8233f5c33a8e038c91
torus.out0.04529.h5	0674e9fdf6c505ce4b5fc8209972fa9b
torus.out0.04530.h5	532dc1c3fe67863779e164b01df0741f
torus.out0.04531.h5	212203338b397299a4e46b3c3b3bf21f
torus.out0.04532.h5	07e2cbc8f3f66698a44d7285bd44acd6
torus.out0.04533.h5	78638b91e6b298d1e5f2aecd2f83e8bb
torus.out0.04534.h5	8d2fff2297f2359eea308873b35a34d2
torus.out0.04535.h5	9163f545f1a3d16920d4650f43c03094
torus.out0.04536.h5	ffae3a5d0f1f75831f267eae75f6b84f
torus.out0.04537.h5	5a09d9ade7746be7f80f61fe6138d57e
torus.out0.04538.h5	3c9557dea9ec9542426f20da84bb7c01
torus.out0.04539.h5	4cc18b52bc7299ae0a44dc6babcbc75f
torus.out0.04540.h5	56ff561c719658b4a075872cc20af7cd
torus.out0.04541.h5	8e9e12c73721d8f8225928025b8eb2f3
torus.out0.04542.h5	b4ec9710b3b9b3cfed18f6114d4193fd
torus.out0.04543.h5	705bb8c89381fdcc30666716445b4ab0
torus.out0.04544.h5	c831af9631b6fa54fd0be1fb3afbad83
torus.out0.04545.h5	499617c4b3cd5880cb585c7787706cb0
torus.out0.04546.h5	87d18a32adc4cb9e443c16a052efe0b4
torus.out0.04547.h5	186f4a32a13122e8d7a867c977f34ad7
torus.out0.04548.h5	8a76f631fe534150fc2dbeb90f7b9ecb
torus.out0.04549.h5	f0e81ad6b2fa0081a5e144ae6cce0aee
torus.out0.04550.h5	755a797df5b79d8a6711ff3401840cd5
torus.out0.04551.h5	e69bb15b488a2a3bb78faaf8402e8af1
torus.out0.04552.h5	bd71a902594bf98b6bdddbfbe7544fc7
torus.out0.04553.h5	81f0f30e71301ecae1857f3250643665
torus.out0.04554.h5	6d705e289d4f6146a4118c7f99bcfb6e
torus.out0.04555.h5	9c2a3de3aa0b47fc22b825217163aa70
torus.out0.04556.h5	7511c651cc29c6573eec4d49191692ac
torus.out0.04557.h5	07dfae83e8c081dfdc057165a85f140c
torus.out0.04558.h5	198324e083b8df971b84009cdbd035f9
torus.out0.04559.h5	156115d8f36e6e593de4490a8bb21742
torus.out0.04560.h5	60aeb019b2b4f240fd3837467a69aa21
torus.out0.04561.h5	c0003a76ba941829d27f8966295bd289
torus.out0.04562.h5	26631236b72b6e0d713415989594a669
torus.out0.04563.h5	1bc739c7209577c91e404cae2de9a028
torus.out0.04564.h5	e7484bc26ddadc1de55d12604e14731a
torus.out0.04565.h5	5f44ef15e6fe81c5fad6775ee5805463
torus.out0.04566.h5	9baa0ce385558406af4a6fcd6a9d95f1
torus.out0.04567.h5	447dd449a87a3bceeafb44bbaaee7aa2
torus.out0.04568.h5	ba3f9698806b1cfc7a6b3e8c25631671
torus.out0.04569.h5	9837e0f6c507ede3d16fddac84231050
torus.out0.04570.h5	3c8c39eca52b477c2c5f3b63cec22964
torus.out0.04571.h5	405b2c232958c0492957f4a65296147b
torus.out0.04572.h5	0c688380ac3b45a66d82c02e36326441
torus.out0.04573.h5	283d649594ab91bd2d36398951589454
torus.out0.04574.h5	ab461a37c900f7814adc265387fd78ab
torus.out0.04575.h5	9cf529d95e9a857ac4b4781dea89cd16
torus.out0.04576.h5	6af022c0d1d1c4e260fb8a248c6cb72b
torus.out0.04577.h5	65298496e8a88ad04b87701d2bf614b1
torus.out0.04578.h5	67e2d8b8137b7d89b723902dbff9bceb
torus.out0.04579.h5	cac9a595998d960a419a0f49b348036e
torus.out0.04580.h5	671226153147c587fd934ef7f29f1d6a
torus.out0.04581.h5	6ebf62e42a3c7f318435816fb71d9bdf
torus.out0.04582.h5	9387081de45610e87f33e915b1ac3d71
torus.out0.04583.h5	1d1dde7ee6108dd46b75c531888fa403
torus.out0.04584.h5	b7e28c5ddc7028581a1419dc5c9dfccb
torus.out0.04585.h5	6b3771b5776315066ac91cf415c1bc86
torus.out0.04586.h5	2d5c40d98cbeb34358b2c984c01e4936
torus.out0.04587.h5	ae8b1a8f8e69471bca694b711adc19ac
torus.out0.04588.h5	e6865b424c9552daf84287d317b626c8
torus.out0.04589.h5	5b23c54795acf8c683bc6720557533ed
torus.out0.04590.h5	5f5097d4cc5170cd1858e895c5c4871d
torus.out0.04591.h5	856c0cc3aca4ff3bab84e9b1845d307d
torus.out0.04592.h5	76c8a5e1caa0b7061a1e752b9d7b7b86
torus.out0.04593.h5	38123ccaba0e762f22f2c35380f15c92
torus.out0.04594.h5	ad8a275d49d82fb9a7d91bf3b67cd393
torus.out0.04595.h5	be43734f65cc19eaf9791423fbd2cfa2
torus.out0.04596.h5	4eb39022d8c81674b0237275c6b6b1f9
torus.out0.04597.h5	d0abc7b31c3c547dc1142ae108f04841
torus.out0.04598.h5	fde814271bbe06d8aeb147082c0a1937
torus.out0.04599.h5	62e70c614a9dd78d9b27edf497a4f668
torus.out0.04600.h5	8444ab22e72cd77681bd14cb9f970bb9
torus.out0.04601.h5	6e71fbba902394c70e48eb8321277606
torus.out0.04602.h5	28a65f393ef7f458f6486f0b7a4f8aa8
torus.out0.04603.h5	dbee57732476d82a5ff1d37e7e8ef4d8
torus.out0.04604.h5	68a9fbb3c7337674a54e579559fe42d6
torus.out0.04605.h5	2ee10dc0faec123b10d2e633625cfb75
torus.out0.04606.h5	80a7ed3fc6ae2d11f45da4f831b9f66d
torus.out0.04607.h5	0cb007a753d85eca1948fd2cb1aab05f
torus.out0.04608.h5	1219d2a70089a1e6da97b486e0d7efb9
torus.out0.04609.h5	e1b60181af3653b54c9df89594272b43
torus.out0.04610.h5	6d7f1831cde050a8462b8bbc551a11e4
torus.out0.04611.h5	570b10bd72d681a85bb8529fdbc7431e
torus.out0.04612.h5	65fdcb8ea23ef54342875bfbb709bc4c
torus.out0.04613.h5	b583c59eacf0fbcaef6b2655b1094741
torus.out0.04614.h5	64efbc4dd915f9f69669544033080949
torus.out0.04615.h5	78ba850a6921ae8f7ba046a2dbb360bc
torus.out0.04616.h5	a241cd49c7f7c5408de9aaa5c1e37ac9
torus.out0.04617.h5	54b1b8fab927f5d30c56405640565e6a
torus.out0.04618.h5	2fc0b2da1ec1a50bb23e537238ea33c4
torus.out0.04619.h5	820d4688e6fb8a0ea909539c97ba7241
torus.out0.04620.h5	c46508a3fada38ca442463fc0071a45a
torus.out0.04621.h5	81b34f74b35f15f883f3a3088ad57995
torus.out0.04622.h5	7e303ebb5eec66c276c51881cd3c05cc
torus.out0.04623.h5	2980e7ad1266efce1b4322811ae4e002
torus.out0.04624.h5	81ba86a826f93c98a947f24348a7c12b
torus.out0.04625.h5	6a55d2955bf5125a8957952f8612681e
torus.out0.04626.h5	e1eaee2e4a0d7f0c655525ddacb014d5
torus.out0.04627.h5	60cfe7d93d5fbcf157a94c40cb6479b4
torus.out0.04628.h5	67e425fb8fbe8c2863a82f492ef8bced
torus.out0.04629.h5	2769b7fa3590b59f87b4ede0d8fcf17a
torus.out0.04630.h5	47925bc25dac5577293580497139bd76
torus.out0.04631.h5	fa756555c1fc194acf90b6166ccf4242
torus.out0.04632.h5	10d71d87e02239f5fea6f1fe40841961
torus.out0.04633.h5	bc52e2b690f59fe4e8de18b8aba669e4
torus.out0.04634.h5	343e186cd2459d8cffd8a975ff180ca1
torus.out0.04635.h5	b652e9b5b4fcdfaf46412cf51b97e296
torus.out0.04636.h5	e3822a6d9f155f208efc9a83fffa04be
torus.out0.04637.h5	a01c6f60ca7c2082d24c44e330e4be50
torus.out0.04638.h5	d9a60fd12c9ed3947d7608c1eb3d4833
torus.out0.04639.h5	cfa18c76c5ce81819f1f9571488b1c48
torus.out0.04640.h5	6ff15ab2b45b0ee0612ed663859b188c
torus.out0.04641.h5	d3806e0916a44560870b3b856e8b99e6
torus.out0.04642.h5	a9111e199b13ddac3607e7e08b61b20d
torus.out0.04643.h5	3cde6aeb8364c0fd0a2ae013ba42a429
torus.out0.04644.h5	67db3473de30d26312aa2a5802ca451f
torus.out0.04645.h5	63fb4b47dba3d95679a818e514929a48
torus.out0.04646.h5	2c47e1c7249248fcb1b8aaa4789f1a6a
torus.out0.04647.h5	ed104309737df3a771db2ccc2bbf1672
torus.out0.04648.h5	ee751ba462c6337dd0a18908d41e1294
torus.out0.04649.h5	7b7cd513c94d0722f6c568011bda6603
torus.out0.04650.h5	d214f67f129cfcc7d941a3d80392dea0
torus.out0.04651.h5	a3dc05cea5767af80988b724266450b1
torus.out0.04652.h5	0c828b8d86f48bd7c8de9cd95126bd55
torus.out0.04653.h5	0b8c3c7ce656f9d4fffa76bcfede15f8
torus.out0.04654.h5	5c5f031e71095a009cc9792d130a8549
torus.out0.04655.h5	a95d20910374bf30d0d84cdf4d7a3644
torus.out0.04656.h5	accba1241849873b3ad1db3c8cd1ebb3
torus.out0.04657.h5	02583d3933ce249a8b88cec64f7c1253
torus.out0.04658.h5	6d44be42dfbe528a85a7bf0e7bd22d4a
torus.out0.04659.h5	d182b32d32cee4c360c5e582a0a4b366
torus.out0.04660.h5	9543d43ac946911cc986a0e08bb329c6
torus.out0.04661.h5	c00551113b6f40810f1aa3be499a841e
torus.out0.04662.h5	f157272bf1d5c2a6fb6de45f316a64ce
torus.out0.04663.h5	7d9d227ae9ca883a42f3d06324da1f32
torus.out0.04664.h5	3821ca6384569ee40a403072c95a5056
torus.out0.04665.h5	bfb83b0c27c54de6c47e8bf8da2bbce3
torus.out0.04666.h5	2c56943fe09f5e9239da2feca5971dcd
torus.out0.04667.h5	1d05d06cad9971f3a4d23cffab8c7cb0
torus.out0.04668.h5	6a3f6e1c1ecfe6c18f32f520088119e7
torus.out0.04669.h5	cbbb853d629f58315a75b3ea2f2c16d0
torus.out0.04670.h5	a12b5eddd7047149fc7e7c990f82a051
torus.out0.04671.h5	986e6723e55ea0a08c98fc25b5d9bc92
torus.out0.04672.h5	b436af987e9cbd5c57788b4b8b4afcd1
torus.out0.04673.h5	c59ee6460a7f33272a07547a35d81608
torus.out0.04674.h5	af6b2c385f31ae5f810223769ba38be7
torus.out0.04675.h5	ea2c5d5ff99560f7ab9ff01a24d2b801
torus.out0.04676.h5	5273006d73ea2aa8dc019bb8ac6ecfa3
torus.out0.04677.h5	addec0490df6813c802cbac9a8c05e22
torus.out0.04678.h5	6f4c39b44e2271b933d03e894690ebcd
torus.out0.04679.h5	ec8457301217408ade6769ab98b2939b
torus.out0.04680.h5	41e88fbc3a97fb6ddd0947e8d88842ac
torus.out0.04681.h5	458f535f69a3059718182c4d05560fc1
torus.out0.04682.h5	e469ecbff9a21902da0d835349a7ee8a
torus.out0.04683.h5	79a001544a3fd3e9a4fe12d867c56918
torus.out0.04684.h5	75d95bcd0b6b6d6cb8e8f449dd2c5185
torus.out0.04685.h5	c84b315b311b05c52335bbf43b1d85f3
torus.out0.04686.h5	abe7f22ab535f001048f75f4fea5e6db
torus.out0.04687.h5	2cbca8c04f1a21dde5c9c852e0792fdf
torus.out0.04688.h5	7839ea913c00c600f3c6056ec8a3de5c
torus.out0.04689.h5	6db5f3e87e7706caaf5b1f11958802f7
torus.out0.04690.h5	cfe5b69f4f97af61e71d2a5e9a1f404b
torus.out0.04691.h5	5eb46c4c85bc21de2303f4abcde148a6
torus.out0.04692.h5	dd8d148cdc2ab065788db6badf31c746
torus.out0.04693.h5	095704fdd7edfbd1b2c258a69d4f3fa4
torus.out0.04694.h5	120347443078b9537f42614275d8810b
torus.out0.04695.h5	ff52b590ebef1e27700e871f6636a25f
torus.out0.04696.h5	b21027fceaed559ca3d666206b00bf49
torus.out0.04697.h5	98d7b57b1ffa1390d4b2c7bd310356f6
torus.out0.04698.h5	c353850306f5a5aa18044a8d17555082
torus.out0.04699.h5	db1c1e97f822f69d90e54400c9c1efe0
torus.out0.04700.h5	689e16edec2f9ca5286b9176ffd8c7cf
torus.out0.04701.h5	f4318b9a390593675a5df433de836639
torus.out0.04702.h5	6d42f5f3c12847355ae4475d4e5316fd
torus.out0.04703.h5	07bb4e5e127fb4b6c020f44d099b3181
torus.out0.04704.h5	9b33a467b69cfc7aede5b6870c404e46
torus.out0.04705.h5	03af90f303601766f31642635d888fea
torus.out0.04706.h5	3be8e8864c29afec6d572f30992da032
torus.out0.04707.h5	e55e0873e7257bf13b3a1fd447b808fd
torus.out0.04708.h5	dd9c86eb12417cee9a81a62fd7ab3e9f
torus.out0.04709.h5	28e687415984e8d2bd8dbd1948468c87
torus.out0.04710.h5	e1bbf2f43497b6e9a1a17f2c9a367091
torus.out0.04711.h5	8218bdbd9b68191aba9f3a7163758df4
torus.out0.04712.h5	e1e469af3b793662161c0e995f7112a5
torus.out0.04713.h5	1a930b790e5d8d05d4021f8e6ad620c8
torus.out0.04714.h5	9323a03b215effed9de2ac890e5e91ea
torus.out0.04715.h5	822dac59e3e813d75b7104a2611eaaef
torus.out0.04716.h5	eaf24cb47740e38a8b8b86c993825653
torus.out0.04717.h5	b7557e807a3c2fd0ef3e0c57d0190f2a
torus.out0.04718.h5	7b25062b96f5e4d1be39ca82e9fe9723
torus.out0.04719.h5	dbc7fc5ec23cdc3a00596b193b768ac1
torus.out0.04720.h5	9a1179fe0d86184823a2c39aed684921
torus.out0.04721.h5	952d1f34a1b3d6ac50b10f6cb9127da8
torus.out0.04722.h5	dd1ec5ec9503932d4843edd56c81b5e4
torus.out0.04723.h5	056006a3f9f23ca03c50a7fe7b9a266d
torus.out0.04724.h5	e30422993132fbbbc835ee984656cd64
torus.out0.04725.h5	df8300a8c12dc34a999d9f05cdf4e502
torus.out0.04726.h5	e69c4592a57e8fa212bdad05f3d74a8e
torus.out0.04727.h5	f284bfff7eea46428eba19f74e5e6b59
torus.out0.04728.h5	fa2aeac9bd316323dcd2849676dfa528
torus.out0.04729.h5	0ee64c1c383a1426677c4536275defec
torus.out0.04730.h5	b695f5a944d2c54e7146aaee501539a4
torus.out0.04731.h5	4c66dcb2c05c69099405970e7be3cf67
torus.out0.04732.h5	87c1922dc4036b672047c454f719dad1
torus.out0.04733.h5	a1c1f4468c60bcdc9b8cf743bfed7023
torus.out0.04734.h5	4232ff7c3ec5b0b10cd9727007155444
torus.out0.04735.h5	d74489fbc5c15258ee1964a2b5d40f46
torus.out0.04736.h5	58f48c7dd73189817ea07bca3fe8d269
torus.out0.04737.h5	6e0bc2989d209ecba8bbadde88de58be
torus.out0.04738.h5	8345b11d7ef40b615fd131cc623198c2
torus.out0.04739.h5	5b709f0d8c32ef1b1c01a77440fd0dc2
torus.out0.04740.h5	8746171dd61456b3e935a2645912a239
torus.out0.04741.h5	37d6b4bebdb2bb3b1f7e141c45bbd736
torus.out0.04742.h5	1ab2ff961ddfdfaf1d63cabc71c3d4e6
torus.out0.04743.h5	4181da5cb68de9d495ad6a589c9ab396
torus.out0.04744.h5	99d35a7d6d1f7c80cca92c8e5032cf75
torus.out0.04745.h5	ee7d0c8a29f05a155fa14edc134e498c
torus.out0.04746.h5	9ca7c8eb439b6bb34bd54fc0511ef193
torus.out0.04747.h5	e156ef918f4f779b75f62fe8a5ae8e29
torus.out0.04748.h5	198797950fe6e58274f0a3690dadcd3a
torus.out0.04749.h5	86bff7150dccd98e045d684e9fe032d2
torus.out0.04750.h5	122cca39a2e6c495729cab05e826aefc
torus.out0.04751.h5	52f5bb6149d7a9e18675cdc4c66d7ff0
torus.out0.04752.h5	f25dbca4652c797fc0bfcd625ec28e70
torus.out0.04753.h5	d5f028d38a1390e137353fac6e764aa1
torus.out0.04754.h5	2f5d493769c6f4dc81c213145b7c441f
torus.out0.04755.h5	05dd6120df82d526a08bde5c10eca29a
torus.out0.04756.h5	829b26a517e07476468c93ef22b0c1d9
torus.out0.04757.h5	9ec2163b8c9c5f5977f770b91fc7b096
torus.out0.04758.h5	b0f2590401e50af4a69502ca92182a85
torus.out0.04759.h5	351d318cc89a5b9463284345c09a4ff6
torus.out0.04760.h5	6ccb88d889ef156f1818e0b4a3db49d4
torus.out0.04761.h5	40359824da72ac039637d1410adc4b61
torus.out0.04762.h5	2c785efe4eeeebcc1577ca9eccc61c0e
torus.out0.04763.h5	dc6d3595b717a7aca561bad0862b7750
torus.out0.04764.h5	9ed0f863038f69f4a67772cc4053ed6c
torus.out0.04765.h5	aa9ebdc7a45ced432667b1c5cc80c6a9
torus.out0.04766.h5	cbef378d560f574b3f19ca290df78477
torus.out0.04767.h5	737aa1e0b7e0734edce3fe4b99efe512
torus.out0.04768.h5	3c0e9d6f27494acb2638c9d8ed371124
torus.out0.04769.h5	e445f6ef3b797c87b769581d289ca100
torus.out0.04770.h5	f7122edd032cc9ca2a01e542baf7c7fd
torus.out0.04771.h5	2613d0e8632ff66ff559af91cb51f576
torus.out0.04772.h5	4cf24a9907aac5a3a89e902e6b9c3450
torus.out0.04773.h5	0bb4043cc6eb7d14a9eea801fc0a0054
torus.out0.04774.h5	2777043c9ac4ca9c7a86c7e6fbaef209
torus.out0.04775.h5	c99a3a382c2e9a152d4216a564288bdb
torus.out0.04776.h5	2421340b0da509ca3de8a9df7f13af72
torus.out0.04777.h5	4b2f9c64bddd5b2c17b13a5f6c9eefe1
torus.out0.04778.h5	d64877c99decb90475a6d989ecae2a84
torus.out0.04779.h5	91f797d89a017522c270d2f840e2c8bb
torus.out0.04780.h5	85b2297d986c1f0965a25081cc57b501
torus.out0.04781.h5	3f6c4b051b39ac21a29dcc30f760f28c
torus.out0.04782.h5	a045d6788fd639ab6bf4fe410835dd0a
torus.out0.04783.h5	9bf374346f5841fd08f6187a0a7d82de
torus.out0.04784.h5	20b02b8ca0b76b9fca07aedb288a28b1
torus.out0.04785.h5	477d549a1cda07452245d81f33d02d23
torus.out0.04786.h5	12000b5afdb3fb3315d0490b346f2ec6
torus.out0.04787.h5	a616121999c626ce3616bce7a0ce77f8
torus.out0.04788.h5	09aabf4005c9c6d12a95836fe4a8a12d
torus.out0.04789.h5	cd36695bef4cc5f33fe8cd5cbd2b9907
torus.out0.04790.h5	bcb1a6d509fd4b44102674a34b21dd28
torus.out0.04791.h5	6186b3b6f61d7580654765601a0f9ffc
torus.out0.04792.h5	30dbc9057f658fa213c2e64b94450043
torus.out0.04793.h5	3798d5b27ba95fec6b42c46883c12170
torus.out0.04794.h5	153eda1eeaa1c29ce954c3405e88646e
torus.out0.04795.h5	0ccf9891188e36aa4e37a3d2b3237f26
torus.out0.04796.h5	d97439e7bf68833ac083f9dec08c0603
torus.out0.04797.h5	03d3ab4628b82222ae2393b30dd6aeb9
torus.out0.04798.h5	4d2eac4f4f07daf74f6c0de75f9b2639
torus.out0.04799.h5	2cff0499916078b0b90a0bc1ba618e42
torus.out0.04800.h5	59e6efabe15a149165d2743d16796f78
torus.out0.04801.h5	2d889ec0e648ef6ba9ba6282c2b2917e
torus.out0.04802.h5	adb797437658a7a96b63d538f8dae014
torus.out0.04803.h5	99b065fc82b9d569156f07ee7c8f6664
torus.out0.04804.h5	3a18b6d0017146bb1dcca70bab4ca731
torus.out0.04805.h5	2967109429f48d5bec576e7f743822a8
torus.out0.04806.h5	b10a9670cb188e89b158baad4bdcd8d9
torus.out0.04807.h5	c2b52dd076241ba6aa6a808e9718fa5b
torus.out0.04808.h5	06cd8003c9f3d50822e76b0b59098f38
torus.out0.04809.h5	27afe83a7c5d5f556b3d76f7dfbe006f
torus.out0.04810.h5	bfbfa84cce00837ae0ca409e07aada46
torus.out0.04811.h5	9a9826e80dbba08416ce662b63bdbda0
torus.out0.04812.h5	d5d98d256573ce6f85ad08bbb84f0b09
torus.out0.04813.h5	f3686770d7d1db86f3319a990db1d68a
torus.out0.04814.h5	0862f27d1711535df9d053f63bf45f87
torus.out0.04815.h5	a9c1802a28bb71353b2ea607ccc56eeb
torus.out0.04816.h5	eb787f639cff9813bb7b85831770ca38
torus.out0.04817.h5	4951bb60290a7985b5ae3513ea66b051
torus.out0.04818.h5	45f9d25a143db2c46f00f7a3f0836e6b
torus.out0.04819.h5	e49c14ddaca326aa618a3c15dd4cb616
torus.out0.04820.h5	57261043ef4d555a9fefb8f1efca9938
torus.out0.04821.h5	65d1173d3794e49593102b1a661e2883
torus.out0.04822.h5	43fe67effd07cb915896e42b9ee4575d
torus.out0.04823.h5	4585d78d6ba496bcc3fe4ecf085a64ec
torus.out0.04824.h5	4ea7ba7681f91d7e221a44ffdcb78f7f
torus.out0.04825.h5	f243f715bec19cd928fb313616ecb84a
torus.out0.04826.h5	aefef328a83b6f35f69fc35e63a64797
torus.out0.04827.h5	36f759f3e07e0f5a8e1dc6336a298b32
torus.out0.04828.h5	4ed31dbfd210114abcc35d9183fdc896
torus.out0.04829.h5	40dcff57cfa67cd49b20006358a39ed1
torus.out0.04830.h5	ff94594ea43d963238c518816385ad48
torus.out0.04831.h5	b4d253e191637f14c71bb7c7372eac7d
torus.out0.04832.h5	860738ae0228fb3fb7a9ab3bfbfc1d52
torus.out0.04833.h5	5d0f3bb87d75e3104e03e14cda5c70bc
torus.out0.04834.h5	244c99afc1d572c83d9b4b1a9eacfde6
torus.out0.04835.h5	411fb2be5d470c135b66d98a639916a5
torus.out0.04836.h5	0269b01443f03c29ccc7d0976b82d8a8
torus.out0.04837.h5	b448e15b9e5fde81b561cad9d3c7ec4a
torus.out0.04838.h5	2a338234681f97418c0ce81b34671ebe
torus.out0.04839.h5	7eb6733c3a49a69047b7cddb18789c85
torus.out0.04840.h5	b5120830ee177d88a16d22325530aec8
torus.out0.04841.h5	93d0d40bc5e8c37a6da482d3701b7bb2
torus.out0.04842.h5	41e63d84d81c26bedb8644e281c1ff89
torus.out0.04843.h5	f8ce41ce8778ef130a531020e598b67f
torus.out0.04844.h5	6c03f3338bbf8087b38f0eac24562824
torus.out0.04845.h5	86df75271aef3924e70df43824df4af7
torus.out0.04846.h5	fade233c60c842e78a5bfea00515549e
torus.out0.04847.h5	627275e9b649219d079c8d7b7e4022e5
torus.out0.04848.h5	a996ff8fde87fa74b059ed4d95a579aa
torus.out0.04849.h5	02671e8e71370b4415483e4041afc70c
torus.out0.04850.h5	938da562650f477b97bef0e9da200813
torus.out0.04851.h5	141659d4d35f1212ae47bf6c2394029d
torus.out0.04852.h5	9c61d6dc63d47651d97ba81829cd4281
torus.out0.04853.h5	28d3a87cefbc39fd9b3fddb616246547
torus.out0.04854.h5	f0b6c42de3c8d6700e04f0eb2bac6fa4
torus.out0.04855.h5	edc5cd9134ead3d5e3dde2459cdbf0ff
torus.out0.04856.h5	581a2a9d1ae7f40c14ec509f42dc60d3
torus.out0.04857.h5	74f4381b9e7a72f2663686bf53052af9
torus.out0.04858.h5	26bac9cbe3f7b157a18193347d6bb6a2
torus.out0.04859.h5	316b37217105487846b6d6fbc21e3319
torus.out0.04860.h5	1080134bb1ea99c3249ca5eb7f657793
torus.out0.04861.h5	9df1bc6a9ab3d88243c488f4333e2ae0
torus.out0.04862.h5	e7ab60e6802d0f53f1b609d6a81f4ebc
torus.out0.04863.h5	336d5eb70377085550351cbdcb47cf34
torus.out0.04864.h5	9a17e3caf69080973881ca77f9ad51e6
torus.out0.04865.h5	d593c983a11b11b87a287c23697790b4
torus.out0.04866.h5	27c8c2f79e8c0ff73f21cee05488f9b9
torus.out0.04867.h5	4c39a68fef4856447c4e89c962322296
torus.out0.04868.h5	34aaac871198367d9cfe6c0b0bf99f44
torus.out0.04869.h5	9b8c30e3dfc8dccf488f30d8095e6858
torus.out0.04870.h5	5e075afdf2e32afed13745668bd53145
torus.out0.04871.h5	461bf9bb8aa53b7e03402be1797a101d
torus.out0.04872.h5	ef858a7fdd443d3351990ecda0599e2f
torus.out0.04873.h5	9bb3fb217c33ee503aea53c3856ec142
torus.out0.04874.h5	aeb77680af273b4f626a4b219308b048
torus.out0.04875.h5	38e22214f6dbe566a391064f13098c9c
torus.out0.04876.h5	96a2e377d05a2495b122b6d7ce676039
torus.out0.04877.h5	6f586d6489783678d0c7de7e052a01b0
torus.out0.04878.h5	4d9ca90e7bf0135dc9fcd38c625001e5
torus.out0.04879.h5	ab6dbc4208838a3b16e57b2280869166
torus.out0.04880.h5	03b1c02fe405fafa6307640df011e041
torus.out0.04881.h5	080a2461ddc60f8dffd6fbb216c47052
torus.out0.04882.h5	e2399303adf5d231519136d706acacee
torus.out0.04883.h5	9d2e6700bb593d67c81e8ff96043b93a
torus.out0.04884.h5	91b9540bc21e70b056629a3554cdbd33
torus.out0.04885.h5	361fcef6523cf3e295120d1dfb8bbcc3
torus.out0.04886.h5	3a4c80e8164ead422ff679ef36b1a290
torus.out0.04887.h5	311f63b1121dc3ca7ee76d30717bd8f8
torus.out0.04888.h5	5a706ab6c01511335e692b5f6a0dba56
torus.out0.04889.h5	0ebb15f76c7ac6c14db5eb5512f7d455
torus.out0.04890.h5	7665707429ec472fba5b9ae28d5dea76
torus.out0.04891.h5	b3765c839768545194b73dfffcba91d0
torus.out0.04892.h5	12fd89db1f95f7d2a507bd126854ee8b
torus.out0.04893.h5	4e3a647b6ca351343b3d854192383cdb
torus.out0.04894.h5	0bccfe507c8a6b602588e527c429a985
torus.out0.04895.h5	5be6915c10ef61fe047606e3f228fafe
torus.out0.04896.h5	624c47f46b38416e625303b319fc70e5
torus.out0.04897.h5	c90048e1a6e4838c885be5d7d11aba50
torus.out0.04898.h5	e02e931e15941370fbf8eea1b2f24060
torus.out0.04899.h5	61aa6eb6011cfda2736ebcc04a8ab112
torus.out0.04900.h5	be5c60633fd9f21af2afdbcfbfb49a3d
torus.out0.04901.h5	06161984434e14e172fa3daa9e9645bd
torus.out0.04902.h5	d5387517a06457002235ea8de3570849
torus.out0.04903.h5	88d86a6f0699dc77486cef33bde26565
torus.out0.04904.h5	b4f72577132cf8b08ace323496192e94
torus.out0.04905.h5	646b8399e7d8393c4ce2872aead0874b
torus.out0.04906.h5	009792c5e5d0b0fc15c070b715a37996
torus.out0.04907.h5	cccd39db00ba4454059cbf7b7cbfacfc
torus.out0.04908.h5	bd45fddafb9cef54256792590a220cdb
torus.out0.04909.h5	d754b4e1d1208c5f6079c0ff435d1586
torus.out0.04910.h5	36b30effb3db4674746f9ca1ed01f141
torus.out0.04911.h5	17a007259f749cb4e95595fb5a0b5f8f
torus.out0.04912.h5	ffea2add6e1f3a67e19e07e5595431b4
torus.out0.04913.h5	c980c5ab283cf5303368e76b95fb2479
torus.out0.04914.h5	eed709c0babd78db20336c73f2c0bd2c
torus.out0.04915.h5	c1890142e41bd093af93b14244f167ca
torus.out0.04916.h5	e3bade31ed1f203e163b2665c2194af4
torus.out0.04917.h5	f251654a73d4778b074ac587af953031
torus.out0.04918.h5	dce38ce85bbe54f941ec42481be7360a
torus.out0.04919.h5	da3457c317311f3dec74dd9d49de24fd
torus.out0.04920.h5	e46045508206c5ec91d2d93773e646f9
torus.out0.04921.h5	0f73d3be402e148c126d140cfb26d318
torus.out0.04922.h5	2cba62c0cc8209ec3cb86fcee9c4d354
torus.out0.04923.h5	5acd2519ca72d0f3b6aaa14ae76c62bb
torus.out0.04924.h5	99529b3d972f3c1d3ac8601c35a3b2e5
torus.out0.04925.h5	2b1952af9f5ec4bf3f36323d480e86de
torus.out0.04926.h5	600d3b9324e16c3681d83aaf2e8bbf55
torus.out0.04927.h5	2900b97c6f97c454c1a0469ac3e13616
torus.out0.04928.h5	12d94ebf5935a492fb298495122c904c
torus.out0.04929.h5	92366ca76d6c63e5cdc319af47394c7d
torus.out0.04930.h5	5cbcb78910d6f5769be98743f4c480b5
torus.out0.04931.h5	3a5c717039ebba9a92708b94c15ae821
torus.out0.04932.h5	edc76c6861a622d20e92b040f1fd2cd0
torus.out0.04933.h5	0f20043a84955b10f91ec6aa834a5678
torus.out0.04934.h5	4dfba73ab1932bd2bfd75e8048a58315
torus.out0.04935.h5	e2347ff2731ae4adbe21a0e1da351104
torus.out0.04936.h5	48b662e86267600515af73186a9da2ba
torus.out0.04937.h5	14f84bad875c407a6fc469424f275176
torus.out0.04938.h5	1ebfc042c1d2d9d6e30c7bff1b315fdd
torus.out0.04939.h5	5cab9457ff30c81a3c2571da2f520f64
torus.out0.04940.h5	ee0b45ceb7fa1b36333058a0e049b3d4
torus.out0.04941.h5	b4865704a11c4e5ae7fba736e045c6cc
torus.out0.04942.h5	f17995d55cdb6159c01fbd1ef0ba4da5
torus.out0.04943.h5	826cd51fc7dfa707920cc94a9cfe5a96
torus.out0.04944.h5	5672f78703af9423e294ae1c302b9e5d
torus.out0.04945.h5	e2b9012a043ba1528b4b180dd62f75a7
torus.out0.04946.h5	981f377b1a1423dc7e92a9a422965192
torus.out0.04947.h5	7e4379f91615b03c99909b2da88e885f
torus.out0.04948.h5	2af5cf2121a95d1d58e6016185de660d
torus.out0.04949.h5	92d4be0e3e063ee273be0f28a76d4214
torus.out0.04950.h5	78b505b6df976efecc5407c9f8dc864b
torus.out0.04951.h5	ab4ba25c2d2a0d55a1ff88d898576524
torus.out0.04952.h5	9b43bf471ce60169c56eb84aa643f93f
torus.out0.04953.h5	77fe4a4d55cb3cc3940a16e9598a54ab
torus.out0.04954.h5	d72409b51ad804e65d3697231d3e71bb
torus.out0.04955.h5	646f8293561884d956682e93b658563e
torus.out0.04956.h5	b838d64f5b5302c952b15ddecd818f63
torus.out0.04957.h5	bfc2513b05df22c2ee7261c99c6f2dbf
torus.out0.04958.h5	fa96ac66b227d2d75720be7b18a7fe62
torus.out0.04959.h5	7697bda9a79c3ef2406c3f75c408a0ff
torus.out0.04960.h5	fd2ba52a89a79b65470d5295a3149735
torus.out0.04961.h5	8385300b3f463f7a06642f0f300223a0
torus.out0.04962.h5	fb97d7551d7a0bbdac02c4393f9d3f90
torus.out0.04963.h5	fb7450fa199c69ed973d484c9143660e
torus.out0.04964.h5	c22ccd7940d769920c96ba4ac1f7e34b
torus.out0.04965.h5	361475a34df07d6f1ad1939d763e60d8
torus.out0.04966.h5	e024b4dd90c595c6741ef86f510583aa
torus.out0.04967.h5	7c19e2014704208838b27b45be1e8752
torus.out0.04968.h5	5a22ff3972bd007245653e76c3ab5aec
torus.out0.04969.h5	07b583e537e08c23af4722d554ada247
torus.out0.04970.h5	d8acb362db1fa98e59d7d2e30fea7bff
torus.out0.04971.h5	47048b987ea4e3fd138ed3456012e116
torus.out0.04972.h5	f2f7818966ca4884570f3c2f6c58b919
torus.out0.04973.h5	b279cb4128bafd7ff48488a581dc93ae
torus.out0.04974.h5	3654fcf18567b97d77de3632da5165d1
torus.out0.04975.h5	0f4288bca62500945be46986c0ad1fa2
torus.out0.04976.h5	ee45ffd1677fcfc518c3f54ac482cf04
torus.out0.04977.h5	34ea296f646aa5a269d9d9e4419d182d
torus.out0.04978.h5	25e45e9aed4825693558a4b8068c29a9
torus.out0.04979.h5	3fe981d1a8b6596325dcab390b39c93e
torus.out0.04980.h5	3a92d6c64d0cdf72c68d336e0feedf70
torus.out0.04981.h5	55c10b2d792a5bf4075126148b49f96c
torus.out0.04982.h5	3d03b592688c42cf114330eba76c8db2
torus.out0.04983.h5	77f2c87b73d65c66f125f859ca8caf91
torus.out0.04984.h5	a4b12a263419457ba687196a0a1d87cd
torus.out0.04985.h5	0459f5e432672917476734ce45ea38da
torus.out0.04986.h5	96449cd931c15aa5417ad1db25e28073
torus.out0.04987.h5	8bb3c28669df4efead0277397eb2c7df
torus.out0.04988.h5	56f74405a9e3205b082e4203ed34b554
torus.out0.04989.h5	129b56fd1443313f99ef8f4c7892ce1d
torus.out0.04990.h5	94c99636ce86c091f6c06254e9104614
torus.out0.04991.h5	7fe65a68545102c61b5df1dedbef7161
torus.out0.04992.h5	2f8e44b7b4d3f1978179ae188fb43433
torus.out0.04993.h5	2280e4a3f348460b6ce34533dcbffa57
torus.out0.04994.h5	df5043d052e7fb602b8d91f6a673ffde
torus.out0.04995.h5	a0d78be83b86b0c1b4dfc10639604bc0
torus.out0.04996.h5	ff3b859c520af7018e5487cf2217c3ae
torus.out0.04997.h5	7e394856dc9d8197d7cfb5eace49fcbd
torus.out0.04998.h5	5294784e86855935738b9690314903f0
torus.out0.04999.h5	4ccccd368c1deaedc61dfdb6414e2533
