torus.out0.01000.h5	21a3431ca8c17c12238c2bd6eb226fbd
torus.out0.01001.h5	e57eea2c7cabab0e2dfb05b32900d4c5
torus.out0.01002.h5	afb9df768880e1bafc67e9d0cae7a0fe
torus.out0.01003.h5	65d304bb23cd26fb218ccfb503417682
torus.out0.01004.h5	a2c2490fc1f73d1de31841bb35b79e47
torus.out0.01005.h5	213c3e9caed5ea2993b79c3524e62afd
torus.out0.01006.h5	f1e36a1080f712c1fc5d9d64c4887d42
torus.out0.01007.h5	74b7e0bbe3594ae0967cd355132cd3c4
torus.out0.01008.h5	16d18dcbb111d6d38918a662c6865f77
torus.out0.01009.h5	edd7e126f4ae2cd91cd02a3c9c4eef77
torus.out0.01010.h5	a00e7708632f314c08bf84a5b8ffa960
torus.out0.01011.h5	0888e692823b9e27ec653eeeee43174e
torus.out0.01012.h5	88e48f63059f1dce6ab6853f8803bb1d
torus.out0.01013.h5	da02927653dd512154489b50573a12c9
torus.out0.01014.h5	37a82264c98deb0c97d75464a07dc8ce
torus.out0.01015.h5	38ff7bf769f60f2cba6ace7268db7997
torus.out0.01016.h5	ecd82f93ef72d173846b6777b412165b
torus.out0.01017.h5	f20067f4d602a47014176873e8f5c0bd
torus.out0.01018.h5	975da6ac763daececbef2e6050986b9f
torus.out0.01019.h5	d1ab1914ac57ae160e951a381078b123
torus.out0.01020.h5	cc55b2cf46975ad7cfa354f63b4a99ce
torus.out0.01021.h5	e056c0bfc6ae83a420b1322bb7e8ee65
torus.out0.01022.h5	a4f83d920f8db5b19446cdd679a020de
torus.out0.01023.h5	350acf59ceb78ab0175ff4bdb529eac0
torus.out0.01024.h5	2b950bc7e84a0d776a95fdf75880d417
torus.out0.01025.h5	d45c52358c6258e97c95e4539c4e1fac
torus.out0.01026.h5	d25a4ee3bdc92135c92bc9d8216664e3
torus.out0.01027.h5	0882e98be3dd77ce1c7f2e162882015c
torus.out0.01028.h5	3eea6405267e0cd5e39249dd2f782c8d
torus.out0.01029.h5	8011efea7ffbf46519538a93e9cc324a
torus.out0.01030.h5	b0d16535cf73b52a8146a369fddd7a5b
torus.out0.01031.h5	4a459c7aa4538038e4869922ad4113ed
torus.out0.01032.h5	a9fa24c4fad43c2da6d62b939eb302fd
torus.out0.01033.h5	ee5a75855e8da9f3ef410057df7ff0ec
torus.out0.01034.h5	ae784a21b40d16defeba76395519dbb9
torus.out0.01035.h5	10bd356b09252e70631674f3773d81fa
torus.out0.01036.h5	223ccf89e6b522c27c400baf360c0bd6
torus.out0.01037.h5	12ab93da3c0de0c1bd386631244607b1
torus.out0.01038.h5	c06483cf51818cf931a1a83f1c950082
torus.out0.01039.h5	772dff37bbd4862203676d271c64bc76
torus.out0.01040.h5	95f91ad651c5acdc7d71a255e790e3a2
torus.out0.01041.h5	3c9196de5b61bd853124daa5d98ef8f4
torus.out0.01042.h5	6bf5918f80088a58f11848710d070f93
torus.out0.01043.h5	ebcccc46fccc822f23ee5d80ffa096e7
torus.out0.01044.h5	3ad4e77d9c547a530a7a6b4d484f4f92
torus.out0.01045.h5	360171b0360739a1c57bc2cc96896f92
torus.out0.01046.h5	1a66693f992bdbd3f9546b5a8bd0238c
torus.out0.01047.h5	3008c8e84b7fb701dd9cf856910fe9dc
torus.out0.01048.h5	9e2c430067fcf366d113830cd8ecb9b9
torus.out0.01049.h5	c0538a760ca7b2624052735448f9cc3d
torus.out0.01050.h5	9973be51910f176c17b2558368921436
torus.out0.01051.h5	1dc2614c1041c18bc8eb19497e801b20
torus.out0.01052.h5	0c321be69897164c521be22ec11c182a
torus.out0.01053.h5	d732089cafc929fe0c73624bb4606095
torus.out0.01054.h5	73c16f221f1851cd99e386875945fe97
torus.out0.01055.h5	3b4869c9489c3cd81d2a32541845ff50
torus.out0.01056.h5	2264a584d2e58ffb9202350f2bd51c86
torus.out0.01057.h5	627c8977e66292c1a6e4b77ae9048327
torus.out0.01058.h5	183d7d227878eafe4a2fc81cbb82c4b8
torus.out0.01059.h5	1ba23e652a766506dbdbe6e7810979db
torus.out0.01060.h5	818f0c2e02694e2d15e76d7708c360cd
torus.out0.01061.h5	76100caccfd785327ba64915f17adc20
torus.out0.01062.h5	fe4dab761e6ede02b1323246dd5c0c2f
torus.out0.01063.h5	440856622cee1b00dcacf6b553d314bb
torus.out0.01064.h5	08a46100f978c78a9b0b196223d75632
torus.out0.01065.h5	c02fa301156a07fc305ffa6efb88d513
torus.out0.01066.h5	e8f085e6c4b5b63ca1151967b7b35ce9
torus.out0.01067.h5	efa097d2315f6906c19d51821e85a0d0
torus.out0.01068.h5	8b42fcdea50828e8c601a421eaddb5e0
torus.out0.01069.h5	87fc545f4e7fa47642519e0c5f92ed78
torus.out0.01070.h5	4d609bc7c59cf6b0f2b250dbb4cf32aa
torus.out0.01071.h5	db572e042f93f4804097f0c3edf2fddd
torus.out0.01072.h5	e21bab87e6e547c489821942328a9c7f
torus.out0.01073.h5	3bd781354cff84c529e22f01ff46b0a5
torus.out0.01074.h5	a8e0251b04f2f1fa040e7cd27d3990bf
torus.out0.01075.h5	2a3f9aaf80df3def7e14ad2ce498fcf5
torus.out0.01076.h5	8f3d12f6c0d31d691f02e11c18d8bf80
torus.out0.01077.h5	84a5b371a45937a6ef4781f1f998caba
torus.out0.01078.h5	56f63f58e953a593813b1f844dcfefeb
torus.out0.01079.h5	e79bb9e357eb74110fbed58d02feed13
torus.out0.01080.h5	151d8f19a592793eba9b46f0748d311c
torus.out0.01081.h5	d6e58888058024a013f2dfbddedf7ece
torus.out0.01082.h5	ab277617249847ba1de2b045bb01526c
torus.out0.01083.h5	25cbab9fb384ffaf1b9fce0fe7580249
torus.out0.01084.h5	e6cb586107d6753d13d52c25f6ad2d8a
torus.out0.01085.h5	ae9b677b5c5b3c409cbd8e7b0f98f6ba
torus.out0.01086.h5	4fd19ec56c215248c2efdbbcfb94982d
torus.out0.01087.h5	c8a2f5eb2fd428f81ff308eba5171ece
torus.out0.01088.h5	9f4aa5bb8b3da7db1545dcbb8f2911b4
torus.out0.01089.h5	2a444f6f715f4c0236c1392d26cffa08
torus.out0.01090.h5	fa37bee62848371e5f6223a064774556
torus.out0.01091.h5	a2e8cc6076f51f2ca9e82405ccdbe840
torus.out0.01092.h5	8c86bd669a8c49b0edac215b104bee02
torus.out0.01093.h5	54aee7fdddf7ea2fd49912df7743d0e8
torus.out0.01094.h5	c470d8d65efb0f9918129740968076e0
torus.out0.01095.h5	78be6e4e597ed5af0a7e586987161cf2
torus.out0.01096.h5	fe6ecfdd07c0d3e626834ccb4f7d65ab
torus.out0.01097.h5	c01f04418c957b427347e210891687c5
torus.out0.01098.h5	3b28110ef0a7eacfe2681aa75649d951
torus.out0.01099.h5	eef72f760915154a7dcd20a1999166e8
torus.out0.01100.h5	b751957420ac5115660b20ca26f50b6d
torus.out0.01101.h5	56ae128e91cd04faa64bd485d721bfc6
torus.out0.01102.h5	e3fdcd22ee79da57539f14c8a2843bb9
torus.out0.01103.h5	9d325387891345b7059b1fc58f757bf4
torus.out0.01104.h5	2c3a07fc743bbc212c4330f79ce80a48
torus.out0.01105.h5	8d478dd1087799c6e96d311fa3c5db07
torus.out0.01106.h5	e04c4d2accb007fb6f7bc9b4832005f4
torus.out0.01107.h5	acfba97c92210ecfaa912847ffeb5aa2
torus.out0.01108.h5	aec346267a1ba9b165c428f588446642
torus.out0.01109.h5	6c1fa942fd8871a5f5172b7dd96056c8
torus.out0.01110.h5	3014d7f41a0c9f8402040182a27ed918
torus.out0.01111.h5	87e35f46d552a4ca33539cbbf6288e3c
torus.out0.01112.h5	f466f70d05d706e9ba20f56420f22306
torus.out0.01113.h5	bbbcc99ff3aac3cc94c2da4d6b9df1b4
torus.out0.01114.h5	40d45f6681c3fce0c6f3f702b5df544c
torus.out0.01115.h5	9e86614f1912c068b79ca9590f0c1c13
torus.out0.01116.h5	973fba31df54ec3a23ebc6f5d274afbc
torus.out0.01117.h5	b2871194578b6e710938ba54517944b2
torus.out0.01118.h5	e87815fd2fe22671032151e07fae9a11
torus.out0.01119.h5	f1a7ab012ef9f470d1ab682281d908a1
torus.out0.01120.h5	e7b59564705c842a733a9ca109ce5c29
torus.out0.01121.h5	39d8b1c4fd5dda08fef30eae42c0e629
torus.out0.01122.h5	f9a28a78df6fd336fcaa2c5b593a0f37
torus.out0.01123.h5	637efba9f7cbbc04c9182452d7aa2456
torus.out0.01124.h5	19a5725b3745ae0939596531d95729b5
torus.out0.01125.h5	1fa172289ba212388883661350094d3c
torus.out0.01126.h5	c7bbbb71c3c74722aaebbc79540aa657
torus.out0.01127.h5	f059164b0da46ab45ed0e44e8a899f07
torus.out0.01128.h5	e1149b50649697189916522d32f83538
torus.out0.01129.h5	c24b411fc31f532f05eddca07daab0c3
torus.out0.01130.h5	13c733c2bfc9d4c711c9c55e5da46a83
torus.out0.01131.h5	a879ca31d572cd3ba7bf4b1149444799
torus.out0.01132.h5	99e622d8beda9111c089549c3092d93b
torus.out0.01133.h5	4a69ab032c1aab4e836d111ae9c958a4
torus.out0.01134.h5	46ccb83ae6269a702be71240b9d8bbe5
torus.out0.01135.h5	8d8d1ba000f6013af19e1cb004742016
torus.out0.01136.h5	d72366215288ad770c6f343ffe1601e2
torus.out0.01137.h5	39b900cd8a3ae194c61e38723c1db529
torus.out0.01138.h5	f4b301720d48a54e1ffd1bc08346dc35
torus.out0.01139.h5	4589ec6be2295552e7d813a0a673d601
torus.out0.01140.h5	da59861cf53f22385832e44ff11699be
torus.out0.01141.h5	a305fa2740c37cb63d4161d8c4bc3e8a
torus.out0.01142.h5	6c74eb74581d175b889dafe186b5b8e8
torus.out0.01143.h5	4deac51bc5b45b8d0b446cbd4ecee8f1
torus.out0.01144.h5	bb42fa85996fcbb844cbc051d13dc63a
torus.out0.01145.h5	0e6f5868a950922e5b4428f8d6ed6bed
torus.out0.01146.h5	0a63df4e735186fd40b7acc6007c34d1
torus.out0.01147.h5	d7111c8b313f93ab18c1beb20fe536f0
torus.out0.01148.h5	457da83787b64d29f472fbd6a1558361
torus.out0.01149.h5	af5f27aa8fd3aba9bb7d020b6331b390
torus.out0.01150.h5	f5b9c52f71731672f19f5d6cd031b1cf
torus.out0.01151.h5	9df00d53a080395eda508f1be6d32e88
torus.out0.01152.h5	2b10ac78b4d0cdcac128114a6a990691
torus.out0.01153.h5	69f9ccc78b1800e973baf5708cac940c
torus.out0.01154.h5	3ac32e672f38789274aab086c442ae76
torus.out0.01155.h5	901688c914fc39f9cb9b36baad255a1d
torus.out0.01156.h5	e3e14f901cc9978feb96d608653fbc44
torus.out0.01157.h5	f27e45d66d725dd0f887d8537fa78c8a
torus.out0.01158.h5	c3979b3bbf68e1d88d8fe33f64aba3fe
torus.out0.01159.h5	18074c218ae01201e856fa19875366da
torus.out0.01160.h5	c0d1086b53184ec71f792d06cc9d98c0
torus.out0.01161.h5	5c4e270b30895bfed6878c3c5ef01354
torus.out0.01162.h5	c15b05f5ad5e141117c04ef6437dae66
torus.out0.01163.h5	7d8c6ee5b168fc34a0423196a856f1bd
torus.out0.01164.h5	cbaeccece705e953869a70d8df83851f
torus.out0.01165.h5	48aea4dce6b45add20f1c339370aeea8
torus.out0.01166.h5	08c9bff68e79ea0dd75b2cdd323b3ef6
torus.out0.01167.h5	66450922fa59021f9c552094ff162e6c
torus.out0.01168.h5	a68d1bdfb50131a9e95a69403ef6b782
torus.out0.01169.h5	6fe6167dccbc7d698e10adad44289fa4
torus.out0.01170.h5	ae1799de7a2454ae32684d184ab6f5f4
torus.out0.01171.h5	daecaa2dcb7d799d37e636f0df47c058
torus.out0.01172.h5	8614e4dd042aa47c2dee1508943487ba
torus.out0.01173.h5	b07fc2724c5565c8422b1771393bf381
torus.out0.01174.h5	d2c1b466b9374902842e3c49ce9cc85d
torus.out0.01175.h5	9496a5e8addcc4df2bd4713d589b462c
torus.out0.01176.h5	7f765995730a5e1e4a6c249c7cba25a7
torus.out0.01177.h5	eb20a781692d40f25a830a1193295a0e
torus.out0.01178.h5	2ea50a2bea9a0e4ca0d02bcb61f5c002
torus.out0.01179.h5	266447b2c77d74ea31be27558d39f6ff
torus.out0.01180.h5	0f6dac39543aed98ca554ff9840b5444
torus.out0.01181.h5	e63c2c156214a3a607812b9ee8b82828
torus.out0.01182.h5	335372f2156de68cb9b48f14fff162d5
torus.out0.01183.h5	d4038ba007b132b5e77934e12b375c8a
torus.out0.01184.h5	afefd0245ed5573e8c3a5f976c158f18
torus.out0.01185.h5	c39587f02a2c78aae0b8c481e560af2e
torus.out0.01186.h5	3d49e030dca28613e3f7227566d1c6ad
torus.out0.01187.h5	3063836d6851d359b18230f1f1049de2
torus.out0.01188.h5	dd86342a9ce4440d5770454230efd2cd
torus.out0.01189.h5	7f6f08ceef969338b038e26ae73bd497
torus.out0.01190.h5	e2241255590b752fd0992085bde16239
torus.out0.01191.h5	f010b2e468139751344a607120e9dd7e
torus.out0.01192.h5	37fb36ddabec6f56a06642476b5aef85
torus.out0.01193.h5	f56952a057b9228dc8291d61c23dfccb
torus.out0.01194.h5	87cf547804992417c4f9200b0cc73e1f
torus.out0.01195.h5	ca4f77e84bf560d411f2bba85bd2ef08
torus.out0.01196.h5	cb85bb2f1e5195b2e7c2173ae79ecd58
torus.out0.01197.h5	f63e4e2340c5fdd585e89bb3e5f2164b
torus.out0.01198.h5	4173d31116d66c26235955e18a6eadda
torus.out0.01199.h5	20b48c8c49fec0bd1189d55b10307e48
torus.out0.01200.h5	45f43e433286c022ce5e0b672a44089a
torus.out0.01201.h5	446c623b5fdae57f073b4220329d1306
torus.out0.01202.h5	5c42c3c676a3c2ac1a217757e72cb509
torus.out0.01203.h5	cf57d1432d8e5669258e9ade3283c028
torus.out0.01204.h5	1866fc7df560a66bdb53cb80489ba9cc
torus.out0.01205.h5	89b2bbfdde07a6f0bc367c0d63bf6e27
torus.out0.01206.h5	2584eaf6f0e918ec6d6188ec7f9e0d09
torus.out0.01207.h5	81d520f27202202a83e2a82b4da8ce5c
torus.out0.01208.h5	fccc47e7711272f62a29055cc35267ca
torus.out0.01209.h5	d914abc9bb94d57014727a4140e20585
torus.out0.01210.h5	6b316238d8ca99b14e64d94f17315597
torus.out0.01211.h5	1db649dc81f1497d31ced740e4f4d6bf
torus.out0.01212.h5	ef8e33ba754e3246260c4f0bc6bfb0cb
torus.out0.01213.h5	33cdb29167866435f959c6cb55a4179f
torus.out0.01214.h5	47155635bb071976b3017933a908bd0e
torus.out0.01215.h5	f9258d3b1a281011e34ce9f5d43e4e47
torus.out0.01216.h5	ba16cd0cb454966948eaed8c5ab00bb7
torus.out0.01217.h5	c38da7f123c499c3cd716a88ce9e6f76
torus.out0.01218.h5	86274264f8af8257237a74fa3213ca13
torus.out0.01219.h5	43352da919076db3b58246437f072f52
torus.out0.01220.h5	796bd6bc9521b64a83c42b3db74cbdf1
torus.out0.01221.h5	4336f8707976947eed4e101017639f36
torus.out0.01222.h5	4a2fcef235bef605a6b0e04c2fcfbcac
torus.out0.01223.h5	294ae974cea2c501b2131311184cbcfa
torus.out0.01224.h5	d004720011bc8b9947bdcfb7ca414839
torus.out0.01225.h5	a1da8dce977efd4ab616ac5c664b65bb
torus.out0.01226.h5	3eba09b2ab444c3fa1f44b6c06e8affd
torus.out0.01227.h5	ad4bf04eb3c95ebf4bbf0a77a50066d9
torus.out0.01228.h5	a85aeb3d6bd990d2142c4d299225f259
torus.out0.01229.h5	93fbc9765edacd916747db480e7ba844
torus.out0.01230.h5	83ecb9925bfadfdf12c59f8307324af4
torus.out0.01231.h5	80cf732e87680b12e8f959aacf799ade
torus.out0.01232.h5	842c526f979bba7531311367777bd982
torus.out0.01233.h5	82d5c70148bc52c775e2d9437fa49d25
torus.out0.01234.h5	2d951ea181bba8067fe7ab1dda604da0
torus.out0.01235.h5	c48ad16e2e5c90c13ab782b0837be95e
torus.out0.01236.h5	fee11a54904fc232ffd310c88499a9d1
torus.out0.01237.h5	a3f98a19b31c9c9dfbc95db23069303b
torus.out0.01238.h5	090638f76cfd5ca89bd799aaae46b10e
torus.out0.01239.h5	0347be88dd626fc35cd6fa6926aae83e
torus.out0.01240.h5	45c387595f4d0f814a0114b720a85b23
torus.out0.01241.h5	680b860cb816534cdb7d5361ea8e66af
torus.out0.01242.h5	7a5b2cdf3a52380afbaeedf04ae5633c
torus.out0.01243.h5	a884fbc53196f6ef2f2473104065759a
torus.out0.01244.h5	1519c9999c5edf4892b7cb03da3aec92
torus.out0.01245.h5	56fd891f38d4868a0153d90fd26d2662
torus.out0.01246.h5	f2a47bd2ae6f93c89c5a3ff1bea3ada7
torus.out0.01247.h5	fcf445a486e2ab5da374c92940b4096a
torus.out0.01248.h5	6420d31e83e6ec11889b6560af76fcb5
torus.out0.01249.h5	3f780f4ddf0e457824555694cecd6f5a
torus.out0.01250.h5	305727eceb7141ddd094054a32de67ea
torus.out0.01251.h5	861435c0c7353fbb32cbaf420457f48b
torus.out0.01252.h5	4f7be8b7aadaaefbf627a17be460c5a5
torus.out0.01253.h5	a3d9b7ba76318d3f86ba8ea1e5537c3f
torus.out0.01254.h5	e5c422ce035bc4858c20d4516b47c4c1
torus.out0.01255.h5	83de63f5ef5c58950ee242c4f162bdbe
torus.out0.01256.h5	51330b0a5b342232ee06c74dddcc8234
torus.out0.01257.h5	2b051bd54018c68066de608018a0e645
torus.out0.01258.h5	0b45a43d08f802dfd007dd6fe707d46a
torus.out0.01259.h5	93ee18a4e5eabbe25fd3caa849674aa8
torus.out0.01260.h5	a0f4b7901dab8fe10afa8ad046fb8a19
torus.out0.01261.h5	fec4736e72011b5280d253b686103ac0
torus.out0.01262.h5	02649bcb1c9028142493b88d22773747
torus.out0.01263.h5	337a8bb5912df5a189ff915d5f2fab7e
torus.out0.01264.h5	e453f4f43b4937ad8ab38f6768017c1a
torus.out0.01265.h5	b64c7ffe141ecbf82d7a03e8d2471df7
torus.out0.01266.h5	3ad7daee4444ed8d1f1070ab223eaedf
torus.out0.01267.h5	d2eadd29c2b7c756c42735f17387f412
torus.out0.01268.h5	8d7b3a4e80381abd2efdd597bf320247
torus.out0.01269.h5	8f73f92fdb70e7f76786502cdce35add
torus.out0.01270.h5	31a27f7e51257debe06538d8a7c0db54
torus.out0.01271.h5	cd449d373cddec858b5f6a63f3bad03c
torus.out0.01272.h5	6cc24c60cc49b0d7e5a0f99a536aecd7
torus.out0.01273.h5	6e6c50bfae683a0de61b8e481470ef7c
torus.out0.01274.h5	ee2631b7618106765324e2aab6fabc54
torus.out0.01275.h5	9e0c15ae33e63b80661bbf71df55b082
torus.out0.01276.h5	05383b14028558cec30e7d59fa98670f
torus.out0.01277.h5	ef2edb14c3fde988745cf869b667aef2
torus.out0.01278.h5	ae5a3788bc03cd3de72a3f7ef862d624
torus.out0.01279.h5	7df4f0f0f5bc63bb98bfa9a02d336a90
torus.out0.01280.h5	9fc178a709bc57335d60754297cb2ccd
torus.out0.01281.h5	ba9f85756885d897a98e5a80855837b5
torus.out0.01282.h5	98c2f8d9f371c02005110b6c41e7e20e
torus.out0.01283.h5	06b7acdcd337ad96394db2d35bdbaf83
torus.out0.01284.h5	77ae0463226e67fa0b5581b9ef7edab9
torus.out0.01285.h5	746e509fbe351f4b891c03e844d649fc
torus.out0.01286.h5	3f080f5a517cdf00be32cfa7cbbff56e
torus.out0.01287.h5	503adcfd47e63481ae3858c10e6d7722
torus.out0.01288.h5	4ef44cfd2e583a7a3cf1c418c7641cbc
torus.out0.01289.h5	2656732b91610824eedb5bc06beb1fee
torus.out0.01290.h5	02b71cb7832db0d2dc9d2c7c27fd7cae
torus.out0.01291.h5	2ed48586af7955cbbda9ab2e582822fe
torus.out0.01292.h5	ac3bc73e502902af78016777bd65745c
torus.out0.01293.h5	db191d269dd4f329f478b9bab9a40729
torus.out0.01294.h5	465cc31140527531e194fb2fc5365da5
torus.out0.01295.h5	f8978997ddf414c79db427761b4a82d5
torus.out0.01296.h5	0c3cf4c20de0bfaaa4dc482ce02e24fc
torus.out0.01297.h5	2d3e7a7d5b232d0c65aae3587d1b9312
torus.out0.01298.h5	3b7060463cde0bad6d39171650523d44
torus.out0.01299.h5	30c114d1b4175bf56b7166f760f099e4
torus.out0.01300.h5	9453cfd50c8886c9a073080c679fa251
torus.out0.01301.h5	f60079759c448a51fa0297ae456fb994
torus.out0.01302.h5	7c1974342183781d74d74895ebbb87c3
torus.out0.01303.h5	da9e9ed05620a8fa5710a2f725f10894
torus.out0.01304.h5	6b338c86dd26278ab2172b54ea2ba8f8
torus.out0.01305.h5	6e55f11b75edf0dd401b51993fe3a46e
torus.out0.01306.h5	16f5fe6c90cef1ae7bcc95995c26193d
torus.out0.01307.h5	7a798e16d290159e0657c2b353a7e4b1
torus.out0.01308.h5	385dedc7f86176bc131aacb7ab10e7a6
torus.out0.01309.h5	ace9c183b51598bebb5cb42d56628c8d
torus.out0.01310.h5	72e7d1c2251f1f97cacba4ed0b41e6ac
torus.out0.01311.h5	d8a216581a877b94066672ed524be40e
torus.out0.01312.h5	9f7e74730883442c1329a92d8af0ad13
torus.out0.01313.h5	a57ea51a56abc8bd3a1da45ead7277ba
torus.out0.01314.h5	aa967cbdff52e10bd9c70e5b43302ab9
torus.out0.01315.h5	13f8273c80dd021b6a95e2b093479252
torus.out0.01316.h5	e3964c28d8fcb014206ef6a64c5e2449
torus.out0.01317.h5	caaeabc40aa626f09bb412ee8329e9cf
torus.out0.01318.h5	825de3c925f6d1e09ad5eab28b664674
torus.out0.01319.h5	72ecdaf9a6c0716d3dff234d9c0a723f
torus.out0.01320.h5	eb26a81748b74acd5ca23ecdf1b3dc9b
torus.out0.01321.h5	466ad391ed87b055e582a2362315b57b
torus.out0.01322.h5	3175d0c27fc52506c40afb7d3a362e2b
torus.out0.01323.h5	e551ab3343f8f22d90b7ca9b2aad27fc
torus.out0.01324.h5	bba3dd6dde15beaffae055f6ba846e45
torus.out0.01325.h5	cdeea307029d91ecb9c72d6aade05123
torus.out0.01326.h5	a47f96400ceb4348896811847bef2af4
torus.out0.01327.h5	683530b991a931ea59703a870cdf8229
torus.out0.01328.h5	05af35be1760bf60d902b26158b39821
torus.out0.01329.h5	e6528bcb274fc5dea3798778839405ef
torus.out0.01330.h5	7ef3b3f96d7fa4e8e2efe28c9ec9b443
torus.out0.01331.h5	bff6eb9f5405af47594aed92fa12f34f
torus.out0.01332.h5	8f19acc38cb62f109b27de387c8c080a
torus.out0.01333.h5	b5a08e70b5ff68d46712994081ebb17c
torus.out0.01334.h5	45a5c79de846539d67ea88f5f1016aa3
torus.out0.01335.h5	1c88675c1cc922ab453b093535b5411d
torus.out0.01336.h5	08d3bd1b9b99de305365988fe9531817
torus.out0.01337.h5	88c3b5837728f210303e0f2086e210c0
torus.out0.01338.h5	6436eafc2e196b797983aa995f7004b3
torus.out0.01339.h5	5580bc51929da11603ddb7e8277f1a00
torus.out0.01340.h5	c471f3dce9871a6bc5c48c2d5cc17522
torus.out0.01341.h5	9c84e017789e3d2f7948fa2d128db79d
torus.out0.01342.h5	e731b209d774940b276e9516ba98d302
torus.out0.01343.h5	218ada2eb7a06b27c62cde440e3f886c
torus.out0.01344.h5	8baf2b80254618c76d44af60e4f27d6b
torus.out0.01345.h5	ff9c304b5c0ae1d17f108eff3e0932bb
torus.out0.01346.h5	230f7b5938ea2dcd537d6a77a95a8227
torus.out0.01347.h5	b05f3b92c5bdae1378186a4629d4c7d5
torus.out0.01348.h5	215a59f36e5e5e111c4fc40e934d5068
torus.out0.01349.h5	a6a2efc2de273f49419d4dcf4873f57a
torus.out0.01350.h5	d01e8f3cb37a55b5cd979ac85284e3ea
torus.out0.01351.h5	dd0593f0fe1b9e0254f8b5782b29c6c6
torus.out0.01352.h5	8eec9e4ac202deba73fd709d5e19d2d8
torus.out0.01353.h5	080352cbde41626ee08ea9b14608f465
torus.out0.01354.h5	f20f7e31a400defab965e5416a968e20
torus.out0.01355.h5	e670d4cb66943b0c9ee2b5ca0375cbf6
torus.out0.01356.h5	cb2da6fa586262cb4b70d20fa210e08d
torus.out0.01357.h5	3d15e5e194a259139d9e342dd0618e4c
torus.out0.01358.h5	cec268da2f711c5dad0095b387c3a2de
torus.out0.01359.h5	a9868417b609ff3997f205ae769448dd
torus.out0.01360.h5	e810012d82c79df2b4fbe305cf99536a
torus.out0.01361.h5	e0c29c3e3da81ac753a387f693f78bd5
torus.out0.01362.h5	b4d60095775c83a376bf216f3dc6b739
torus.out0.01363.h5	2e612d8f15b33b6db755419f9afdd312
torus.out0.01364.h5	1d65189d185d4d385f9d860c6e068702
torus.out0.01365.h5	be0fe676eb372968ef959d1a6916d35d
torus.out0.01366.h5	23c20f0bebe1c8d928572c727e9c2986
torus.out0.01367.h5	b847d2b1f64c614246b3ed7c4e12e734
torus.out0.01368.h5	13a580db4d56e006585858dbc4481c2a
torus.out0.01369.h5	88306ec77c86eb280cffe12ffcf51b47
torus.out0.01370.h5	014f59c133b739a55b15f6f6211730f4
torus.out0.01371.h5	14d71cda95bdcbd2e0c35307ea4a8f50
torus.out0.01372.h5	de1a8be3f2c821caa8d47d5123e00939
torus.out0.01373.h5	718647bb55362ec937108a7ef6c63cac
torus.out0.01374.h5	aad6108b6aeaf38c2ef1dc17a3680150
torus.out0.01375.h5	530cca43e6411a689bc7831c29aed06e
torus.out0.01376.h5	94b2a08bb36ac836e95e2781fb660ab0
torus.out0.01377.h5	e1a0fabd4eae5178e003f829622187b9
torus.out0.01378.h5	09ec3594dd01d891f93941a2ced74308
torus.out0.01379.h5	4f4fc0ccc2721ff43265f59498e93ae5
torus.out0.01380.h5	bb21cc0492dbf97de79eae74fc4a27bd
torus.out0.01381.h5	cf14880387ab8fe69f4bea718bb4ece2
torus.out0.01382.h5	06753448f364f352bc2a39235c4cb047
torus.out0.01383.h5	a9910b60a1bc83ec3860843ed18f7dcd
torus.out0.01384.h5	18902aac9f29df4b057f748668de97b7
torus.out0.01385.h5	322c5915ca6e27bb5ad79bf5ef38bf30
torus.out0.01386.h5	7f395ebb4ce0fe1f833c3670da145b51
torus.out0.01387.h5	517b55315bee5576127347b27059364c
torus.out0.01388.h5	cb5faffde7f4fd66dd81f56c951fa8c6
torus.out0.01389.h5	8045c485f14210a85050c3ac8248baed
torus.out0.01390.h5	d737d7c84d00c5d336e1c6781c719cef
torus.out0.01391.h5	177e902a301dc21dd9e44a8da032a039
torus.out0.01392.h5	ed09bd7722aa8c00ac7991460d7d094a
torus.out0.01393.h5	85ef261d75a1f4686b5d9f11ea4d9f17
torus.out0.01394.h5	8e6d9903dc36abaedfcb4ee53080d4b1
torus.out0.01395.h5	18d7afb1637905cda8eb64356a84d5ce
torus.out0.01396.h5	74f68242896b93ee7f691073385d559d
torus.out0.01397.h5	2a6c01d47737607b1e8aabd004425c91
torus.out0.01398.h5	2f180f0a67b8bb5cc2d851c50d16474f
torus.out0.01399.h5	127ade1c4604125e3a3fe040628eda59
torus.out0.01400.h5	d1272f6830c3831f2107ed3b03018cbd
torus.out0.01401.h5	00939d864508f20830a714d1ff5ed377
torus.out0.01402.h5	7556a744326f879c98295ddba72f2ae3
torus.out0.01403.h5	87df8c46c5e36d4d1e9a597df8157ad1
torus.out0.01404.h5	7adc77e1a28cb69f8fc49d9ae32f1822
torus.out0.01405.h5	cfb38b4405dcacaaa38efc3e49bed4d3
torus.out0.01406.h5	604f9c508ef6d5575b111120eacc5fbd
torus.out0.01407.h5	40340e42001ad76a0d39118f98fd7f41
torus.out0.01408.h5	faafea396ebe3d255e585e77e1e2118e
torus.out0.01409.h5	2579b45699d694b499921bce3a87fb59
torus.out0.01410.h5	024c26e944544e1c4b8d80ebf765b5bf
torus.out0.01411.h5	b07b82de478dea2f757de45ef0188c56
torus.out0.01412.h5	bdcd7d956c2da655b95fc5876effbc6c
torus.out0.01413.h5	e3a08b9a4f8ccf7fbfb3e0540eaf6701
torus.out0.01414.h5	cad58a34595b43e9f8e09f1c7f9b6fe7
torus.out0.01415.h5	9d0aa0900e8f8e9e12d7436a20f91ad1
torus.out0.01416.h5	c90af3906f694517cc24092060e1fce1
torus.out0.01417.h5	09720bd6cb0c3cf8684421dee67a30e2
torus.out0.01418.h5	117321abd5e761cfa41a61a18fe2777f
torus.out0.01419.h5	3e1cb20561bebe3898e58b14ad74ed9f
torus.out0.01420.h5	92e863a5fbb377b4e009bfdbca0ec26a
torus.out0.01421.h5	162804d8eb0976bbe58851bfc8f73129
torus.out0.01422.h5	18b47a94f20f3d6ced6af3a45773c985
torus.out0.01423.h5	e7b1665c8ad962375695cebb774536c2
torus.out0.01424.h5	16f58907c99561f74ab391c2896b19a9
torus.out0.01425.h5	354ffcd458c8e0b1183a407f78b6842a
torus.out0.01426.h5	2ec0e12e2e37a68bb4954dc29676e57e
torus.out0.01427.h5	73ddae167757faac565d3547268b57eb
torus.out0.01428.h5	b51ec74ea2b8f2656467c8d21e0ee844
torus.out0.01429.h5	d02e3d3ee0aeb36c65007036aa5fec26
torus.out0.01430.h5	22a644fc6b95aca68878d7383efea855
torus.out0.01431.h5	9b37d0f9f74b07f1e2cc0691862a8815
torus.out0.01432.h5	8f814fccb13a8f7c3ea56b42144006eb
torus.out0.01433.h5	a9c699a53a3848fe6ca70382b21c6755
torus.out0.01434.h5	89eec67a92c3589e51c702161a817b0f
torus.out0.01435.h5	e7cbec496542d8b6572a94f229e2c9b7
torus.out0.01436.h5	0223bcb7b65a0fc58b44a09556c12ca1
torus.out0.01437.h5	ab13e7f20c0524f08ec3d43dde78f853
torus.out0.01438.h5	80fff485f7b81b59df0308ee5cd931cf
torus.out0.01439.h5	f9f22427927ea5ae9ab0ad6c733a6fc4
torus.out0.01440.h5	96139a0006c1ba4a15b8626736c6af4b
torus.out0.01441.h5	0c41445328a5a8a1fc2a067075a5f03e
torus.out0.01442.h5	34db1ec076a0dcc776cc987ba52bbbb3
torus.out0.01443.h5	b0bd9f2dd904349ed4b45d0786b20fa2
torus.out0.01444.h5	01375ef8f7b0877a77675a565a55e483
torus.out0.01445.h5	ee080f3fad6652c9738c7e0361056346
torus.out0.01446.h5	3b4793ea6fcc77fe02fbf056fe8e7d6d
torus.out0.01447.h5	165f0a02f5fd12e3e98ade24e1fa07d6
torus.out0.01448.h5	65bec864ba40c124082ab438a42d2a3f
torus.out0.01449.h5	e2cf086120b05f2f7b97085725deeb25
torus.out0.01450.h5	befa1151da246c421643f0f3acdd05f9
torus.out0.01451.h5	4a7c499af9f69324ea3f664fbe767bc2
torus.out0.01452.h5	636be1b40e5f72fadc1862e6a8fdf787
torus.out0.01453.h5	90164667c527d6cf952fc25d65296707
torus.out0.01454.h5	8cc85c656a155c1eb6b095025fac4d35
torus.out0.01455.h5	7ef8d9094263535521ee7003e0fe4c74
torus.out0.01456.h5	8940a6f5f3c1491a35761d85ccc91281
torus.out0.01457.h5	b3ae981bbbcf1f7d452157ce9fcd0bf0
torus.out0.01458.h5	14e50ee0d64a229dadd997185e429d15
torus.out0.01459.h5	2aad83ca45d42aa1ec07252d0ff3f65b
torus.out0.01460.h5	84e8f243d35d75c47b2c26541d428131
torus.out0.01461.h5	ca48a16e9781f8de067144399841da7a
torus.out0.01462.h5	e053d55c7c414b51a5ff13a2dff2da89
torus.out0.01463.h5	05d7ec2e8528e6d67a5f2d82179203fe
torus.out0.01464.h5	f96009be2d938ccd579b317d95f4561d
torus.out0.01465.h5	854af768a3edd5a709a7a845ac18dd44
torus.out0.01466.h5	856b7af2da8c7f791b2d47b8802d6092
torus.out0.01467.h5	321fb27002de38f45496a59aef751676
torus.out0.01468.h5	de30b25e72bc4b2c320e5ed153f9e42c
torus.out0.01469.h5	61a21759e4ec5c5b59e14f2e75112f62
torus.out0.01470.h5	8d77984156813eea89d877fd8bbbf3c3
torus.out0.01471.h5	83cda1830c4179e3c20c646f0d7308f8
torus.out0.01472.h5	73651e84e74e1552eb02ce539d4eb506
torus.out0.01473.h5	d2096efb6171cfccd1f8707169f39289
torus.out0.01474.h5	2a426dfeee52e077e0da2602f899a4cb
torus.out0.01475.h5	b1b8322732acb3ddd1ccfe10d1af9b08
torus.out0.01476.h5	ce5bf6bd1229d609d89ff56d7218765b
torus.out0.01477.h5	764afa4a908d84bec26916e876390aa9
torus.out0.01478.h5	e79a60078a58a3efabceed73a5176be4
torus.out0.01479.h5	054110c3081c842b1bb41b91dc869169
torus.out0.01480.h5	48169e163b58b4b5a8570c23baf161d9
torus.out0.01481.h5	ad5303eff58572f8f6ee1d6c96100476
torus.out0.01482.h5	6414261b2b9158f149e4da50fe94ff70
torus.out0.01483.h5	b2d77b104c6a385139a6aaccbaa90a1a
torus.out0.01484.h5	89678f587b13c12a37116f9e496c9618
torus.out0.01485.h5	65acbd8517a9435b268f1ee5bfe5536f
torus.out0.01486.h5	ad5cd4c803ebc0c0debe84037e876c7e
torus.out0.01487.h5	48061b892090be7cdd4e837f5a94d689
torus.out0.01488.h5	93486ea9aff6f62c0ff5f122daba1911
torus.out0.01489.h5	f4c12d02b9d0a5e313bf292fb56dcd0d
torus.out0.01490.h5	b03e04a5eaa68233e30740f41d7ec40a
torus.out0.01491.h5	18110582c7563cfe6bdbdd7891841710
torus.out0.01492.h5	7cc993e41bcd5885798030363c0e44ca
torus.out0.01493.h5	e18b71f7411d462d8e43927bfe8fdb88
torus.out0.01494.h5	5a9cdfe6be6a61bd08d19c1d3e87f7f6
torus.out0.01495.h5	d3ebcc58d8c2b128a35c44e74271295c
torus.out0.01496.h5	0577aa19e09dfc8a76c16c95fdbd71fa
torus.out0.01497.h5	3a69685ae1a3d14ea1955b579a824f53
torus.out0.01498.h5	e4aa06560197bee1fb1d06601118642f
torus.out0.01499.h5	b3203de86d8e980fdaf11bc77c0afb34
torus.out0.01500.h5	c70f36bb4e218bec948b473538e17821
torus.out0.01501.h5	b6d607f17879918d9504a24240af58d9
torus.out0.01502.h5	0e4fb2d7804ff36c1b6b09373fcb5a02
torus.out0.01503.h5	7b302d035fd68284ef4d7f96435e5567
torus.out0.01504.h5	025e51c36de2b2af8b2d03d9afba5971
torus.out0.01505.h5	8d7dbdf29cfd0a8e0e650ba96cb7fa77
torus.out0.01506.h5	c2d3e1d5d882b8305431931f3545ddf4
torus.out0.01507.h5	254af5240d806aae0e786aef93430ad4
torus.out0.01508.h5	eeac819d088e67bc31a6aa2b7cacbbbf
torus.out0.01509.h5	9694f2483fe4b91c58aa62871903135d
torus.out0.01510.h5	af4e378a3d5b2bb544867985ccb0968c
torus.out0.01511.h5	6df7bc00fbc709b022cf01ebdae6e823
torus.out0.01512.h5	219f74e69b9a9a8a8ca28160c69250d9
torus.out0.01513.h5	b35db2c2461b515cc8a397c8d656c77f
torus.out0.01514.h5	085392c0bf57ffaff868287b2d13d825
torus.out0.01515.h5	fc19ecc588020fec73462da6da73ea96
torus.out0.01516.h5	43af02179c57097057dfabf84d72a841
torus.out0.01517.h5	fed8cad8ccaf3881ca3b1d5464c3e73c
torus.out0.01518.h5	4d431eb6ca1587bed90a0314834f407a
torus.out0.01519.h5	69f89c3669c27337829cbe33b92d14a6
torus.out0.01520.h5	6447fdea9677923d74ec054c7cae0467
torus.out0.01521.h5	78a4c4721b18fd089e47778f962d5c9d
torus.out0.01522.h5	7265fd61c8524147a94fe709946ee002
torus.out0.01523.h5	d425e92a23805b534b135a8bdcb590d0
torus.out0.01524.h5	1a1762a8c45bc1f6e212accf30a75d63
torus.out0.01525.h5	d401ca7a7efe0b33f0f8368d189bb9a0
torus.out0.01526.h5	e64df461d2529612a7afb7205d5c36c7
torus.out0.01527.h5	17a9e013d3afdb4a4109be17226805bc
torus.out0.01528.h5	b0943c384ab416721a6eae1a511c38dc
torus.out0.01529.h5	d169de39e5442dd1b309873ecd0d8c28
torus.out0.01530.h5	3d391a1646ed30a49fbcace77d82f86e
torus.out0.01531.h5	3f4e6c09a134f68de3fbd9a4a0520f26
torus.out0.01532.h5	ba4205962b1c5d8b28d6f24ca08929a9
torus.out0.01533.h5	ff09c8245218c20a971ffa8c66599b99
torus.out0.01534.h5	adf4d62589f2711bbc2a161f54103f8e
torus.out0.01535.h5	909a514399e7991b684b877a1b643554
torus.out0.01536.h5	341dcbdfcf1dd132c5b03fc46ba7ca7f
torus.out0.01537.h5	9fbc38c91a17ed43510b55a982f96e6d
torus.out0.01538.h5	1042fbf446ba5241e19ce5d958ad51a5
torus.out0.01539.h5	8fa03ff02048ddeba23688397d504be5
torus.out0.01540.h5	f940d0a11dfe26640108dc3828d736f7
torus.out0.01541.h5	27639551bd93dbcf095386119df42865
torus.out0.01542.h5	fa297ee895a22ac7b1c385d512c6ea25
torus.out0.01543.h5	8dfcca75d428aaff2749b73dfcb2951c
torus.out0.01544.h5	e3d58176681d2d25468484de6579eb58
torus.out0.01545.h5	fe117ef6055c3ea451eee7d5c0be81ec
torus.out0.01546.h5	423c078529cb087b18b0147fcd1e00c2
torus.out0.01547.h5	fb6fec6a7bde025e843fd6d2e86c5dff
torus.out0.01548.h5	8de0081aacf9d884de514c69ff505c98
torus.out0.01549.h5	9a285f7b2239ad7698939d8daba5419b
torus.out0.01550.h5	7cf6dfaa8296443a5aef32caff8cc839
torus.out0.01551.h5	7adf107428e5c9c56ac8512be7d9bbb2
torus.out0.01552.h5	557df33371787880d2c021de4da08473
torus.out0.01553.h5	a16df0caf2bfab470735823f766ba265
torus.out0.01554.h5	275beae9610c7ccad9ce49347f784c31
torus.out0.01555.h5	ba73f0365a6a7d312d29a975583ecd12
torus.out0.01556.h5	d428b4b25d3536882cbd30c038d664f6
torus.out0.01557.h5	6103688543cc0170951e29bdb800bc4c
torus.out0.01558.h5	22c43928fd3ace2f32915c0f4705ea76
torus.out0.01559.h5	459a29cf3ffacd79db62e3fccf42a70d
torus.out0.01560.h5	6f333e567d33a01d32a7e62b38e61d73
torus.out0.01561.h5	90b645ddd1bf1c48e4d0a12b534b941e
torus.out0.01562.h5	6cc8e229ec1a376a1a34006f4b42a3b7
torus.out0.01563.h5	3c2cee7416ea9296b424e7f737ee1bc0
torus.out0.01564.h5	638a406a42d7c731615cfb785cc6543d
torus.out0.01565.h5	1d0efac2b9638550fc0bada6bc8b6699
torus.out0.01566.h5	7abeec875142419d1a2eb3c3449b4fff
torus.out0.01567.h5	124f9bf458cd960d505fada39bb81b91
torus.out0.01568.h5	a1b30cce9b08019a3b65b67aff7e3c34
torus.out0.01569.h5	c77f09c0bb80b951e1d5fb1aaa65c17f
torus.out0.01570.h5	a97039bd3415f2719101933e3749f607
torus.out0.01571.h5	47aa829d8aa3f3f80428ef1a649ff77e
torus.out0.01572.h5	b1370106aad5679fde650d5f69eb8754
torus.out0.01573.h5	9b1b4ca01daae48e8fbd5e3622f97d32
torus.out0.01574.h5	45aec3188ce95faf09f748e147374b11
torus.out0.01575.h5	ef897a895c929d70e52b420790a9c78e
torus.out0.01576.h5	3bee7e02a50bab165bbbc25c7d117592
torus.out0.01577.h5	c3f52279a42636efb394ad06a0e24d37
torus.out0.01578.h5	2d8fd12707df0a7535080c4ef55356dc
torus.out0.01579.h5	70fb5b16cfeea5b031395ad47591f42b
torus.out0.01580.h5	6b65064e8c58826c85696ac920839f90
torus.out0.01581.h5	d63e96f10aecb9e6290a4ee2512e0929
torus.out0.01582.h5	938ffb2a036b5d46e8ac218007719429
torus.out0.01583.h5	d63765867f0265d2e4afb2f9b53d4da6
torus.out0.01584.h5	880b1f3a2f724ae9175637897821357a
torus.out0.01585.h5	0216882bbb44514c79eb8fc3b4e3809e
torus.out0.01586.h5	86cf0a1b69a6e833cd60b3e672193de1
torus.out0.01587.h5	41c39257e06dd3e3ec4a2f85bd431c76
torus.out0.01588.h5	3731d27ac42db0765e528711685b3362
torus.out0.01589.h5	a04e8f4a52a19935b016acd6e4ecb01a
torus.out0.01590.h5	f8f58146a7ae70c0986a2a9e1cbfbe2e
torus.out0.01591.h5	3934f9e6b3c0002c4bb81b0688d5c8b8
torus.out0.01592.h5	59f161b3cecb9f66927cb05795bdaa7a
torus.out0.01593.h5	ab726abb8cf91480e60770db76883409
torus.out0.01594.h5	dd894c892d5cb737f9a834b92a5f2d34
torus.out0.01595.h5	d198282ef55bd3d9ce9efbb321241b6d
torus.out0.01596.h5	ce99aeab8796ce900894d830750eb294
torus.out0.01597.h5	ba692da506444847ecda6804676d6393
torus.out0.01598.h5	c2988d98d61eab5207ece60840a7b5fe
torus.out0.01599.h5	4b41fd68cb02ad8993f5b7103d02610d
torus.out0.01600.h5	32ca5c4c7a54a64ee45757fac49b2402
torus.out0.01601.h5	258ac1f70e4b849f403fabd2c6d380df
torus.out0.01602.h5	87433e6618e9850bdc92e362db83be3b
torus.out0.01603.h5	a97c9ac3d7d211d7778637395719e770
torus.out0.01604.h5	711b15307ac185c42de519e6bdee65de
torus.out0.01605.h5	1e9dd1123d1916da34cd8f648549b764
torus.out0.01606.h5	855e61e114a7f5de8e2e9887a77b35f9
torus.out0.01607.h5	59e2d40c0113e42337b875c8575b1001
torus.out0.01608.h5	2eb24b2dd21e9f1f6718264f1292162c
torus.out0.01609.h5	09c3c9781c4efb42afe24009526de82c
torus.out0.01610.h5	ed48b87dd54332e80b2ee970eaef8d67
torus.out0.01611.h5	02a7f269c862c696109e7bce2e93f54b
torus.out0.01612.h5	6bb0a0d3ec9fcc5faf474991f1c064c4
torus.out0.01613.h5	9d62694f2bcd4af20398a27b75673ff8
torus.out0.01614.h5	0bc7c95ccec9d0a86f1b498ee62a58a0
torus.out0.01615.h5	625b8155197cefde0debc337c025de17
torus.out0.01616.h5	250f3728163121426651edf676ea283e
torus.out0.01617.h5	5f0c131d6e864e667ce4d008307715e9
torus.out0.01618.h5	063682fc9d33df2cebe379ae072b9e67
torus.out0.01619.h5	a94768709e571be1e4dea50b1f4a19d3
torus.out0.01620.h5	cf0d67797518d5be4ec8a908d0a1a2f8
torus.out0.01621.h5	41597789c2efe50ffafbce3a6498b2ca
torus.out0.01622.h5	95e93706f50603e3256dae6b31eb2d24
torus.out0.01623.h5	ffe46fe473ea340e167313ae9b0e1c97
torus.out0.01624.h5	88a2e59a8a812f24de282eff44e4e846
torus.out0.01625.h5	39b33ad63cbd99e68fca2e407a090ca2
torus.out0.01626.h5	1bbe1f9204caa00f9d87dbdfb0c6c051
torus.out0.01627.h5	1c26b037d2fdd7b7fa6afd3cd6dcf3a4
torus.out0.01628.h5	6449628a064c1325bddae8e12d1cf203
torus.out0.01629.h5	a205d6f4c034a536fe91a9a74e815863
torus.out0.01630.h5	0c7fb536f16b3736c709aadacb79a8ae
torus.out0.01631.h5	4e8d0d9aa80fd9efda0649d4a1f7bf8a
torus.out0.01632.h5	e7706638f6ca36051c7bb6b84cb49d81
torus.out0.01633.h5	7a8e1395d087b34433ba231526a2052e
torus.out0.01634.h5	10456d5489a4b94b4f62e70f8244efc4
torus.out0.01635.h5	cc078b9ddf622c7fbd321c620310c5b1
torus.out0.01636.h5	e72ce975f6e81327ce9b5d37a4c63149
torus.out0.01637.h5	d201c8b6b9bbbb9b395fb08daad5a9ac
torus.out0.01638.h5	a0fc70212afbe4711e765b993c6abaee
torus.out0.01639.h5	c3a91067aed13932c311d8f2546916cf
torus.out0.01640.h5	6b7512f9a2b3de31cf49445ce35487df
torus.out0.01641.h5	20b9d943914b7defde9c092ed8d29484
torus.out0.01642.h5	6bf567cb748ddd908c9a88ef82b714a9
torus.out0.01643.h5	8a2c6a3d7d0b63fdbad82734a712b25a
torus.out0.01644.h5	94ce45da90bb3f750aa0cffc811dab24
torus.out0.01645.h5	527efe83f2fbf0a8f94407a28425e0aa
torus.out0.01646.h5	b8ec085d535f353856389bda2eca6b6a
torus.out0.01647.h5	6cbd922b995db75bbbf39c6842651fdf
torus.out0.01648.h5	c04fabfe297b0ea9f1a9a62f931de321
torus.out0.01649.h5	a68d2f55f78b5b29c4ff4d60e27d0375
torus.out0.01650.h5	311a89f0a5e4127f913d2f867f3dd293
torus.out0.01651.h5	ba436970aea6195f670d8b401e346c54
torus.out0.01652.h5	814d0b1cf5f49c52c64f09f0c4eb3f86
torus.out0.01653.h5	553c5b5b8df97d308d334c04441cc385
torus.out0.01654.h5	61052cfac3afcdf06b4f812763eb96e9
torus.out0.01655.h5	4ae11e04f4f1fc4bcd3ec198d970f382
torus.out0.01656.h5	d538b284f200f50317ecbb4e90b39057
torus.out0.01657.h5	0fa9796342358e45ad11cc9df5830e17
torus.out0.01658.h5	deb4d9854f9d8cb457c3e25dcfdc05bc
torus.out0.01659.h5	d1056ae1621f3bbf10d7ffb8cf8eb662
torus.out0.01660.h5	38676da326a0762690cf4a9577464005
torus.out0.01661.h5	463a4fb253431df4a696dd9d3e069398
torus.out0.01662.h5	b1196799698980187edbbd184a95dcfc
torus.out0.01663.h5	6fde993a89d0022973529efde0c19d56
torus.out0.01664.h5	dac7cb35d4eaeda244269930b3c95459
torus.out0.01665.h5	89f3928b06575805915b4640ef68dc56
torus.out0.01666.h5	5c70bffafa438b028dd7f4b6ae8f572d
torus.out0.01667.h5	c6fdf5f5af4152cf00809d4b4cf9c98e
torus.out0.01668.h5	7efa3676a498059004ea1eb98a02bba6
torus.out0.01669.h5	183efc546bd2caf2d51be2113c90f60a
torus.out0.01670.h5	5bc53c403a933afb3f7a02a99922de02
torus.out0.01671.h5	cb47ccaf4aea0f451fca58509f13e19b
torus.out0.01672.h5	30694562471f9a8a63f7727c04ff8682
torus.out0.01673.h5	0073ce3ccee331d0b783ea5ae66c0d2e
torus.out0.01674.h5	aea43ec88a86ac63acd09821b01c56d5
torus.out0.01675.h5	42072a412b66e32e7044cad5452729be
torus.out0.01676.h5	b91d789732f3f1bfcd83f8c6568a1a8e
torus.out0.01677.h5	d8902835edec70f03a7019ce2f3ea941
torus.out0.01678.h5	dec9a99e4c2666c18ffcb1f93ebd5857
torus.out0.01679.h5	6c10fc8881c5e681f716c070fa6c85b1
torus.out0.01680.h5	1ba90519d16e94ceb58ad85b9fe7131c
torus.out0.01681.h5	1ec1afa339fe4e0cfce571dde635a770
torus.out0.01682.h5	d15564c7e8f506a281e84bcd883739d4
torus.out0.01683.h5	1a0e2806f29ad42f8df9a503ac7a7fa0
torus.out0.01684.h5	0ea221c60fac11959bef397bd31b852a
torus.out0.01685.h5	00961db44b9a337b79583dec7602c2a8
torus.out0.01686.h5	e62a955472c992ac2bd9fd4117d832d4
torus.out0.01687.h5	914b66b2669ad00dcb8539c8aa7eff5d
torus.out0.01688.h5	a0c5534b04fcc9adbbb3b30cb8dab4e1
torus.out0.01689.h5	0149efa53215d8f66fa017b620e4a4c6
torus.out0.01690.h5	35ee1bfc8e4c832e9cf19db9ca0bbf26
torus.out0.01691.h5	69d82a8baf493e7cce3d0eb64e8db881
torus.out0.01692.h5	84ebd875338e557a1ef25991ac0c7745
torus.out0.01693.h5	d9f72f701bd1195b220a08cd9ce1e5c1
torus.out0.01694.h5	e2a646b03cbe42d519952a9d83dbcc93
torus.out0.01695.h5	64ca41074d474992f10b42cc7cb4b89a
torus.out0.01696.h5	5c6e931d442c597210d6c97817560537
torus.out0.01697.h5	7ac6e760e62d4592c21e803cea2b81b3
torus.out0.01698.h5	21fc6e9b7a926c159787643b4fa7bb18
torus.out0.01699.h5	e5ddb4b88a79d4addf8b269c61d26c0f
torus.out0.01700.h5	6b7404096cae7bcdd6bf832f316bb667
torus.out0.01701.h5	fa7695c68ab4cfafd7069f6df540cb28
torus.out0.01702.h5	8d1bba698b624055bcb91f2f5a84fa47
torus.out0.01703.h5	1bca93eb918b45505d2053812d267382
torus.out0.01704.h5	3300c017047e411d4d6140342444d016
torus.out0.01705.h5	399fc61cf2fead0bb5c5ac3afb91ae29
torus.out0.01706.h5	9a4d63433673e4415f36784bdc0fbf56
torus.out0.01707.h5	f98cc4f82b89ad57d4c3d4d5ccd591cb
torus.out0.01708.h5	ef13456493ff7fa7f0df1efbc5cc2e71
torus.out0.01709.h5	3627be3b52a5b455457437a2db66535a
torus.out0.01710.h5	dfb51ea5d59a770c654be8b148941c06
torus.out0.01711.h5	c43c7174c10d7e906e207d13574e71c0
torus.out0.01712.h5	7e0b21f04dc8bf55954d5801d60d603f
torus.out0.01713.h5	d1c3ceec92f10762e5aefe10c8d90e5e
torus.out0.01714.h5	69b581fcfe79e9461b4ff57b32543a50
torus.out0.01715.h5	04f774e223d3feee2cee9b51dbf585ea
torus.out0.01716.h5	4fc3c2cc461be23900052a29c4a869ce
torus.out0.01717.h5	482ee275595a93fb6f48d345e086733e
torus.out0.01718.h5	e448b1465a307e9bc77589818ef000cd
torus.out0.01719.h5	8e694da0ea9de174ed777e2439e6f85e
torus.out0.01720.h5	5ccb4ebc4ea3120f766d6dcf4c77edab
torus.out0.01721.h5	0f6b36aebd4de5314ad4e82e042ca3f7
torus.out0.01722.h5	d8fc2b345ff2939ffe8dcde518f5ad44
torus.out0.01723.h5	869131c4fb2eb14b3bc4eb6df1992055
torus.out0.01724.h5	fc01270347d54443040659c651aa0715
torus.out0.01725.h5	9076b09ed94642b212961ee7749d0bd5
torus.out0.01726.h5	d98748118fd49bc73e68df4000104e0c
torus.out0.01727.h5	9fd400a22dc14fac320553787af6da11
torus.out0.01728.h5	7001c684ff301d98074353b636b99a9c
torus.out0.01729.h5	77e38c32b8fadc178dcae32e18eb14d8
torus.out0.01730.h5	ef60407cd904b3bf59be3268bfc5e958
torus.out0.01731.h5	dd2dce5f12e7db42db76e0d92faeb3c7
torus.out0.01732.h5	0e59a62eb5a10fa188f015860c25155d
torus.out0.01733.h5	a0022c0c8b5bbb7739ca7de6d00d3b36
torus.out0.01734.h5	422944b5821843b3c86f7219ccdc8648
torus.out0.01735.h5	571735e4aced92b5cf0e7ea5c17fb632
torus.out0.01736.h5	015aef060eca40c43d4325bd8de6d6a1
torus.out0.01737.h5	a1db4d6a5c8e8cdfe1e3d150cecd90ab
torus.out0.01738.h5	698f2b484c8cad0c5666b042db44a214
torus.out0.01739.h5	5c62d629e802b9bc91b67b0361e6b1a6
torus.out0.01740.h5	c78d0a89cd05544252c496cdd4179b44
torus.out0.01741.h5	65a8c3d4e3e369c6dee899cd33189a72
torus.out0.01742.h5	a5190050398104df5a0db0eb37f33620
torus.out0.01743.h5	f3e57d9b24c2fe72130768201f32a469
torus.out0.01744.h5	6707e3c087114c165ed5d3a295422f8d
torus.out0.01745.h5	c1728980bcdc3947fd8b9e57d4c0f38f
torus.out0.01746.h5	06d031e01c788809afe053d65838e0b7
torus.out0.01747.h5	496893cedfe643548c7d2b973c2c9bad
torus.out0.01748.h5	a5b025a471a1fea537cb9e3b870382f6
torus.out0.01749.h5	c76babb9c59ea06b3e16ff81bdbe4a7d
torus.out0.01750.h5	49d285d4cdbcc5c3424dd709135f899c
torus.out0.01751.h5	39a48459aed8e6c8871fb240d507c605
torus.out0.01752.h5	d7107596ca008c526a116e405acb032f
torus.out0.01753.h5	75a3f60f1c359fce2aae86d7d655c263
torus.out0.01754.h5	982ccba0e8ef5aa8cec6385e811dee87
torus.out0.01755.h5	64940fe765bbedf0154b62f7bbe84739
torus.out0.01756.h5	8bd6d06dab8603556f47443a89e53c1c
torus.out0.01757.h5	9ac4549a1a4582cee17b8e171de0be53
torus.out0.01758.h5	e881ee3992fa61d90cf2e46b7277f2c0
torus.out0.01759.h5	e30379e5fea5af6f28b80679aa86bd93
torus.out0.01760.h5	d8bd74bc42ca5d4c75f9e0b1df238359
torus.out0.01761.h5	f994ba77c08c0b5c2176493795c3ddff
torus.out0.01762.h5	2089208ab4b5512f183db54651fd1e08
torus.out0.01763.h5	ea278161312764486e884b6ac8c98da3
torus.out0.01764.h5	32ae2761c4e0dccb1cb9684778620670
torus.out0.01765.h5	4fa57cb1da168882d5c9d7f1ebdc460b
torus.out0.01766.h5	a5dc534466ba485f2b56afc526dd4966
torus.out0.01767.h5	56de3e84b4a0c2dfbec66f3226a746a5
torus.out0.01768.h5	59ff560bf99cb5b192a6c97cf1e6e1e8
torus.out0.01769.h5	ae68db4367758b5c9c2000d2be291089
torus.out0.01770.h5	249dc679cee35daa04183f84259e0ea1
torus.out0.01771.h5	3c2afe39a9e279f11164a8db9fef1b41
torus.out0.01772.h5	e2c57151ba6c386330a5069c754d84df
torus.out0.01773.h5	357d6e1e37fd825c64b24a9835943bce
torus.out0.01774.h5	bfe061735064d2f869293d6bcd5cda86
torus.out0.01775.h5	bb75eab9f8e4ee72d00051e5f59fb05b
torus.out0.01776.h5	2150164d74f450ac923d135ff985bac9
torus.out0.01777.h5	b83aa4c47ce4ac1926dfa4c2dc99b612
torus.out0.01778.h5	24de7e97b479f58b995199cb43b87857
torus.out0.01779.h5	73f78042a5b3516db382d8c438cd3b4f
torus.out0.01780.h5	4f8b00b4f453c9b9793cbd5d55d6bf20
torus.out0.01781.h5	0c7f17e636b844a687471a7ff6022365
torus.out0.01782.h5	bb5ea6ea5e6f456ef730c027eb2cdc31
torus.out0.01783.h5	4e6829bac9a34ce536ba38a7100b8787
torus.out0.01784.h5	58bcdff680b95b215c81912a295f9c43
torus.out0.01785.h5	f874312a7f164ed577a2557b236c8cde
torus.out0.01786.h5	91865c531c8069c4d733148617a5d7dd
torus.out0.01787.h5	459cca044ab4279316d5c7fe7b952a45
torus.out0.01788.h5	8e15964054c8de0674cefa9bac3950b8
torus.out0.01789.h5	54843b32163bd918cc78e823d4c068b6
torus.out0.01790.h5	8ab015c58ddd323c7b8bcc622878eb86
torus.out0.01791.h5	90f6605f265a5399fd6a8c7a2710fab5
torus.out0.01792.h5	2058f192c402e31adfb7b35823395829
torus.out0.01793.h5	ef91534b76e4bbe876e75330c9608161
torus.out0.01794.h5	fc5c1db4e6b377b1ff85323465ac7064
torus.out0.01795.h5	7b6c1ae82c087692838f89b4efa4e2bf
torus.out0.01796.h5	febe0c53e7c55ff477000c6f7cf76b8c
torus.out0.01797.h5	1cb9fc7f7198b79818b4cbbb4ebfc15a
torus.out0.01798.h5	c83a7562e4f9fddb849c4f5aed72d827
torus.out0.01799.h5	808fbb19e8653abcc8e438824f071773
torus.out0.01800.h5	7508d136aca9bf290287bf69b8f40f66
torus.out0.01801.h5	cbe55330d1abe17b5aeffe144fc0ce41
torus.out0.01802.h5	a4b36785a2e225ca13a1458c76b02c35
torus.out0.01803.h5	cbc1c08dd983dcfceb8ab9b4c4b73799
torus.out0.01804.h5	83227ca0d9189f5e2c2cfe35e02af89a
torus.out0.01805.h5	882f0c7df33e0c9b8e0444949cd40e55
torus.out0.01806.h5	a6dccd37402e48a1430fc2e676ecd38b
torus.out0.01807.h5	9fd2a65697dcd9660c7a20a9daccb66f
torus.out0.01808.h5	1d6a4edc840ced477a6dc7c9bf413050
torus.out0.01809.h5	4c1606be6a0158d806d4737bfbb08378
torus.out0.01810.h5	7ca03aeaf2c500ad0fdccddfb0c845b9
torus.out0.01811.h5	72a8fcc797337db3eb22ed2978445d66
torus.out0.01812.h5	dcecd9494662b7d1216fa5606540e361
torus.out0.01813.h5	1fe8a2ea593613de500d66c04ef4f0ac
torus.out0.01814.h5	bf69349cd7a2b6a25c0dd4304d34e080
torus.out0.01815.h5	f0bf0c81edf442dca8a60ba5f627935a
torus.out0.01816.h5	cff83a3e497977442cfc95798c85adff
torus.out0.01817.h5	45edc03bfd0bb7fa788e6d8147b75671
torus.out0.01818.h5	0c92ee4df847ebcc8f3d808da5924e50
torus.out0.01819.h5	632ae21cd1c04ecafba58d57594d1585
torus.out0.01820.h5	a6ad4c874f154286b4f11f426836680d
torus.out0.01821.h5	1c6a6c904f161da0fcd00dcdeba424c7
torus.out0.01822.h5	73d5040cfa75153af037f35a55ed9335
torus.out0.01823.h5	1397884df8aa590829742e4945496593
torus.out0.01824.h5	b112ca34ad99648e00fbcf27e0ab7fd9
torus.out0.01825.h5	8eb8a0b75b1bb4cb96055db1bc516af4
torus.out0.01826.h5	5ee7ffe06c0d501d93c7d73fcb7e63dd
torus.out0.01827.h5	4576bfc073804ad5ff46c104c9e03953
torus.out0.01828.h5	a755ba0ba2599a3e13cb82f43562fe17
torus.out0.01829.h5	b391ee401cfab47e62cd25c0d91e988a
torus.out0.01830.h5	0d0472bc092198a95893e46a5eeb315b
torus.out0.01831.h5	d5aacea0b6236b2203495e24e14f6f7f
torus.out0.01832.h5	4072f52fbeee9a4d72073ad488839b56
torus.out0.01833.h5	cd2daecf1076dd76928dee5798b8229e
torus.out0.01834.h5	d3909346bf77b9deffa9e709201c14c0
torus.out0.01835.h5	fc2092396f7ee48de695bf36d0a725e1
torus.out0.01836.h5	22ea87caf09f592588291b03fee3c10a
torus.out0.01837.h5	98a892a44f19470b8f54eb99e0537c7c
torus.out0.01838.h5	34ae9fb025690a6cb9bbd43fc12b95b5
torus.out0.01839.h5	b3a88bcabe20e170a818120b720a2260
torus.out0.01840.h5	0542dd95c9c0205a2b17b429d2775907
torus.out0.01841.h5	19d4afe1359f1fe72c09f4a7f3045b7c
torus.out0.01842.h5	bcb019bb499b3fbef0000fe92a8752ef
torus.out0.01843.h5	e77ac942bc80c6e919aafe7cd7499df0
torus.out0.01844.h5	0eed2078ddbe52d86b7a39bcfd093648
torus.out0.01845.h5	cf51a5b76bf68825fffce61bc0ba8a03
torus.out0.01846.h5	6e26bdbccdfcb6ba0fe8f63a22d73bef
torus.out0.01847.h5	8170868e47d9d1589912ae6280df06c3
torus.out0.01848.h5	44d86f3f331cf154d73d02e4dcf50cc8
torus.out0.01849.h5	df6c275da00ea11cc1cdfc09173f411a
torus.out0.01850.h5	81139cebfa54f7ef8ed84e256a05448c
torus.out0.01851.h5	4b981275f1a4e2516129d8e680f4cfae
torus.out0.01852.h5	8ef848d6a79f9c1ebc50a1a3fe9cdc61
torus.out0.01853.h5	07bc4b071bfb84d5a1fe60159f696fcb
torus.out0.01854.h5	3bedc96f2a943f4f79fbdf4350605bcb
torus.out0.01855.h5	08965b81301385543e7370c3df4ef04c
torus.out0.01856.h5	c14a2c96f99445960f651b1956c0bd93
torus.out0.01857.h5	f37ea01d5cc9442a0fcb173cb065fae5
torus.out0.01858.h5	a5c28a4dc210a94da4b5e31bb574f085
torus.out0.01859.h5	115ed39e0f0f36bae49ea4e7cf54fa76
torus.out0.01860.h5	e7f42007a21002df1b034664906fcdc6
torus.out0.01861.h5	d0513b36bdbe8b2700c351db21a20341
torus.out0.01862.h5	91612146eec2200430ca08838bc4907a
torus.out0.01863.h5	64531e34e0767f31ebe8d982cb7faf11
torus.out0.01864.h5	446fdb2b96d0b50f4570ef2639fc2996
torus.out0.01865.h5	1c163de351f4cc72758304c717789ae9
torus.out0.01866.h5	effc1f6d5042ed384bc18844c6e35eb8
torus.out0.01867.h5	20b4b4d1e4527d53bc099d1c6fdc4988
torus.out0.01868.h5	7ba3b581a1d645864094103d6c6b10cc
torus.out0.01869.h5	c737254a18c9837a8c08cd59d5375ca6
torus.out0.01870.h5	f21c146f44d36aaac9f3da42e3588122
torus.out0.01871.h5	e5848953d6be5c4b7e2bf0cec8817f80
torus.out0.01872.h5	63cc3b25291cbe76a3fd0efe31413849
torus.out0.01873.h5	81b35ddbea811a04d65687e5a867ea63
torus.out0.01874.h5	b7e9a03f61ed98ecce40da631f1613e4
torus.out0.01875.h5	cf1912f442f6e6f9b87c5242cb710c60
torus.out0.01876.h5	5e68414b85940fa67da513b4f58b634e
torus.out0.01877.h5	ce6a5d1434025bf17eb21ce1afc5ebc7
torus.out0.01878.h5	f874d6062baab88cd9e76b4af167af45
torus.out0.01879.h5	d171a1ca6a4c6fa76d7b8e3726aadebc
torus.out0.01880.h5	5671f7dc8f99cb70b1c5112c17bc9b65
torus.out0.01881.h5	ba55aea8cdd4ef154b4dac531475c6ba
torus.out0.01882.h5	4056eecac87b51181f0aa5d1599ab0a9
torus.out0.01883.h5	0d64f17df71000577f97592e7d80c50a
torus.out0.01884.h5	d79cbc43095cf5e5d16821fa9ad00d9d
torus.out0.01885.h5	7ab3c5a176e478fb703e8cfc95d27346
torus.out0.01886.h5	9021807d0b1ccef37bdb2ee10917a3d4
torus.out0.01887.h5	531472f8a10b1bd88c14725829bf4b3c
torus.out0.01888.h5	4eab7a0ee191c6dfd4d9d80b7202cd17
torus.out0.01889.h5	99e1040451148342606a05ad5efa66b2
torus.out0.01890.h5	3988f41a88221eaf01a481b77ffa52a0
torus.out0.01891.h5	8da9b55968dfc98e5225f785212ec004
torus.out0.01892.h5	f2fe17b97f12758eb64632e5ef1c8dfd
torus.out0.01893.h5	89da5b1ef7bb46fb41b60bfaec247421
torus.out0.01894.h5	eeedf842a3861f8ac211df499336c1f3
torus.out0.01895.h5	6037edaf2d382532acc0ba26f8ac9ce6
torus.out0.01896.h5	980759cc1f081440f48527573eba1670
torus.out0.01897.h5	5533a4715e3653a2a71c73067c428388
torus.out0.01898.h5	cc75873639d6472958daa387efeb78f4
torus.out0.01899.h5	1ab9b66986795f9fcb79d7dd3c907d3c
torus.out0.01900.h5	d13b771c93695f518294d9a99747fc45
torus.out0.01901.h5	0f9889a5ac1794ad09e94c0877d4c257
torus.out0.01902.h5	8cebbe3b9b3c7275778d29e67a688c0a
torus.out0.01903.h5	a1f802b07c96e6f8416714cf613c30bc
torus.out0.01904.h5	43409d6cf347f8abf36ab54d2a65523d
torus.out0.01905.h5	7c775edad0c3b5c9335cd31f22b310da
torus.out0.01906.h5	72ed548368624b18acd7559f2d38d6fb
torus.out0.01907.h5	572996a42f4881ec2ab104c2f3aef6f5
torus.out0.01908.h5	0cf9f6d044a462db5ea0b635a4c38110
torus.out0.01909.h5	4040128ddf437092047aac814b2abebc
torus.out0.01910.h5	9717a1e89b5b48cf1a065fbf52197a05
torus.out0.01911.h5	271d5955438f7a3d0612c6dcb60a94b7
torus.out0.01912.h5	2bc2f5ef8cd6f9d9919654f008d2c868
torus.out0.01913.h5	557a42e5842c21f30d7b6af9f3227e83
torus.out0.01914.h5	e5c054d04acd590e8b2365842f668a49
torus.out0.01915.h5	772316dd2d18fa8be0ee247a68db4f89
torus.out0.01916.h5	606b9b470978d9c8ead6dc98530f770f
torus.out0.01917.h5	be58016f93db897dcfb914626054a24c
torus.out0.01918.h5	d82a5df541f7ad1ff83d9f3dba118756
torus.out0.01919.h5	5f66a4006513f650c49e34158c2975ff
torus.out0.01920.h5	5bdf2ea88340e2f98cc5db1b9de20507
torus.out0.01921.h5	174245eaad2c2423e42f7d77bdd869f6
torus.out0.01922.h5	33862dc12b00a866c42cbc7f551698f0
torus.out0.01923.h5	e3ad3737cf06ac1f103defc75cca3c0e
torus.out0.01924.h5	f249e164cb6819b9f4b2c50769c12b2a
torus.out0.01925.h5	88ab39ee4cb494e5a0fbe00c237bf5ec
torus.out0.01926.h5	284f247f9ae32e25101256c3b5a89662
torus.out0.01927.h5	440bc8207cc19cffe5563034c7af7a4b
torus.out0.01928.h5	689a8c3026b2687b275b8fa1881110ad
torus.out0.01929.h5	4194e276377361525331c7c8f53efefd
torus.out0.01930.h5	ccb0d11701f8c4b30dfab85e0527b76f
torus.out0.01931.h5	cadc47ed1eb5c9334cf300de4b6a5367
torus.out0.01932.h5	8769d8750f38d8171e5ec36f249ec946
torus.out0.01933.h5	9f53617c5e009bcaa4115136ccf44a25
torus.out0.01934.h5	026da80e02275c3d84a1ae39722f2fc8
torus.out0.01935.h5	9ace0fef65093b76e8ce29ef815e90c4
torus.out0.01936.h5	5cee03b478f6ac81785abac24173cb0f
torus.out0.01937.h5	b62e148e68421e4200c180250cdd5ca3
torus.out0.01938.h5	71befca4e535083b934efcb455884d1f
torus.out0.01939.h5	47889ddfd32ffeff5821d35ad01b4715
torus.out0.01940.h5	1133d3bdc7b69579379886aa66d224c1
torus.out0.01941.h5	3b26337bbfa1b2a20a43baa4a426bb62
torus.out0.01942.h5	c695ef8af9b68133c3b598dd7b8ba4f5
torus.out0.01943.h5	e2250454239b9175a6b5d50d0af63638
torus.out0.01944.h5	458caa3fdd3b5c76dadee6ad6759f5a6
torus.out0.01945.h5	c49d1f05597447bf705e299b02c9d92e
torus.out0.01946.h5	ea5714f1cc39c4a3f04bc4a5a9e43b12
torus.out0.01947.h5	4fa4034c1e29928b144bac32f715934f
torus.out0.01948.h5	43114faf95f6509e29e1e7d5e6a16b93
torus.out0.01949.h5	e1630b175989a27cf1586ac679deba04
torus.out0.01950.h5	15797f5c1ae17b06e7c88be5fcb5a21e
torus.out0.01951.h5	472831401c13dfe07e5725b2a2bf3792
torus.out0.01952.h5	d7f3de04a44b4f7108d7fff5bcc1ec9e
torus.out0.01953.h5	86b96c8ecc69d1e0fc47f9211e5489f1
torus.out0.01954.h5	a87ddd297ab576705a577f15519636f2
torus.out0.01955.h5	1abb1b6c4348d443fa87a28f0c5d5799
torus.out0.01956.h5	cbff258c826b0efda7b4b9dd38bb23cc
torus.out0.01957.h5	113efecb59c7011dc0e4e7cccc9189aa
torus.out0.01958.h5	1d7abd85973ee8fa7e05f495ca1eaada
torus.out0.01959.h5	10451e8c84e88a52ea830b1810610d70
torus.out0.01960.h5	02cf3e01b73b08035d9322d79906cc68
torus.out0.01961.h5	3e50484e4fb9206a8910313e679b16ec
torus.out0.01962.h5	3ba7e3b2a5a4c729d6c7c467aca23fbc
torus.out0.01963.h5	6aac3f0d45013f8ce810a9a563913686
torus.out0.01964.h5	34c050dd7fad325cf4d2446d575f1a0e
torus.out0.01965.h5	7064372ec9cc8b8b9aab69ce5c574459
torus.out0.01966.h5	291c9162ba66eae8e61dc16d1d730cab
torus.out0.01967.h5	452bbad3f2cc5f161c7a8d512931b8b8
torus.out0.01968.h5	f01b3f050554b0cc85e65e4c332a2ba2
torus.out0.01969.h5	babb19f346b63e25443d84fc9abcb73a
torus.out0.01970.h5	144f29b6463dda8d1f5092d8ca49ad0e
torus.out0.01971.h5	1ba6546851eaf023e7f9292101552195
torus.out0.01972.h5	9294ef7062dd231dac4f0bdb9d0e8308
torus.out0.01973.h5	c978b43e90a00f26233ce21221773ccc
torus.out0.01974.h5	9b72a595403329a9649d896ef44d6526
torus.out0.01975.h5	4ccb6fb9b22f25338cb5c17fc1b97877
torus.out0.01976.h5	280db65c92b5bcae7bb4bd3349bc3b97
torus.out0.01977.h5	1c283d24aada9879321f5e23b040751c
torus.out0.01978.h5	7f4f76a1b137cbef736fd398e27edf83
torus.out0.01979.h5	11601107705e72e348c7a0edab6ec3f3
torus.out0.01980.h5	d3c4719aedcec6674d1f653f55d72aab
torus.out0.01981.h5	dcd6e5b26640a475804742ef734aa5b1
torus.out0.01982.h5	b439e2b512d279a8e358cd0611a75d3e
torus.out0.01983.h5	a9f3e88b50109444c5b9b3715e7d597f
torus.out0.01984.h5	23268cec5470265caf0beedd415e62cb
torus.out0.01985.h5	10a28ff2b4d3a54a16c7c4f114b69f90
torus.out0.01986.h5	bd6d2814abad4e989e242cd91e01ff8f
torus.out0.01987.h5	bce2c990b622e518db579623adbf4622
torus.out0.01988.h5	d19158ae3d8400e23b7ffd937b368136
torus.out0.01989.h5	c177398df1abe03f0424ead9f097af34
torus.out0.01990.h5	52550de7f7de3a81523596657881ce67
torus.out0.01991.h5	4640857b6eef82435473ceb1cdb9440d
torus.out0.01992.h5	046124d0ac6b799a1676ec0835860919
torus.out0.01993.h5	219730a7c7da9e519a2dae09389529cb
torus.out0.01994.h5	6e522a4812d319bcc0b8a7a83900052f
torus.out0.01995.h5	fd4a255da115542ce0454e90b8f0e257
torus.out0.01996.h5	209faec13e15e03ef23e58a6c2c8473c
torus.out0.01997.h5	361a96780aef1135aba3231b85233f3e
torus.out0.01998.h5	1e1a75a3af38b01f098d60a8517a34e8
torus.out0.01999.h5	1cf26a355f64bf6c7efe96a3cf8025c4
