torus.out0.05000.h5	85f6ee264c532f73d8d43035e490a2c4
torus.out0.05001.h5	7e175abd7af08cfc8e24ab1517c92a8c
torus.out0.05002.h5	94b0fefe41667c6defd8d03e9e502ecd
torus.out0.05003.h5	71c3aa224111cc96efe0b1f9cec7e8f5
torus.out0.05004.h5	11e94c6f96daa5f915cade0ea0689381
torus.out0.05005.h5	c45307f41cbc667ef1bdfe96b060a1a8
torus.out0.05006.h5	26acedf19d3dd0a2d4c423bd62b996e0
torus.out0.05007.h5	fcf38297b1de0e9c42763fba06fef01a
torus.out0.05008.h5	1370b7bf6a91dc5f6a295485e3243f49
torus.out0.05009.h5	33e4a7a531914d6cd0daba0d07b2a4ce
torus.out0.05010.h5	8649ca9620148dcaebb455e2761b029f
torus.out0.05011.h5	a187e0020618e4fc55dbe59326567cf6
torus.out0.05012.h5	944ee40787f29b53ab33160475b9dae5
torus.out0.05013.h5	7f658162974a6886bfdb9da23d271b48
torus.out0.05014.h5	478c98d69bc43335f8795af482095090
torus.out0.05015.h5	c9c962e5f7ea19a679ee6f2476b13e11
torus.out0.05016.h5	df6c4000da24960933877329d0be7faf
torus.out0.05017.h5	de8db71a4bab15dd72aa9de0db6b7f75
torus.out0.05018.h5	b891976cd4ea6781694ba3a4dacb4d47
torus.out0.05019.h5	6fc8ff64a9391d98d347aabf30c9bcb0
torus.out0.05020.h5	9f8d1351b4bd5018639e5eed416936f5
torus.out0.05021.h5	375ca5f7a7420913b676a435399f8a45
torus.out0.05022.h5	ad3ce1f0cec5a41be7d9339ece46ccef
torus.out0.05023.h5	b9eaecf9855e1882676b61b61c6cd58c
torus.out0.05024.h5	c123843320480c52cb081b6053010597
torus.out0.05025.h5	bf3a98b1ca1357bd3ad01f4fe7c4b17b
torus.out0.05026.h5	014726530ce768d40aa93d3814679251
torus.out0.05027.h5	bb5edbfd51e4ee840983b701c4c20f28
torus.out0.05028.h5	2264623b1d04bee35da0d33fcdf26a7f
torus.out0.05029.h5	1c33a74467fb622b685692df23d2d299
torus.out0.05030.h5	1803577370a00ce23b12074f5c0bc0e2
torus.out0.05031.h5	9bc86ae688f354b63b3fb2d7fa2d402f
torus.out0.05032.h5	2be9f224be9fb197ecebaa7f76b34d7f
torus.out0.05033.h5	30ace873765d9e7fbc185344e1b82008
torus.out0.05034.h5	359b1292a494c31538d61f60b63d8d7b
torus.out0.05035.h5	3f2c281a4fdc7f23dae390e8d7d7e289
torus.out0.05036.h5	6c027fa8287c03c0002ab6359b5be3b0
torus.out0.05037.h5	a9c8a774c86a2756468880f2fb257074
torus.out0.05038.h5	8e5bb2a2949683c92637fd1be39c3c64
torus.out0.05039.h5	279b238aaef22b364ec0e63ff9178e0d
torus.out0.05040.h5	90a9c0079850115c4f5ba165634a0411
torus.out0.05041.h5	dca3f9b35d40109ef31787465c2e7ef7
torus.out0.05042.h5	e0f91739bf1a4051cc6bd9e0e2ba176c
torus.out0.05043.h5	9c45a97862fb0dba2bbd141403698f9d
torus.out0.05044.h5	aa6fc8926385e49e37cf3d8adacd60d2
torus.out0.05045.h5	0ac735bfa24176bf3948ebdad7088157
torus.out0.05046.h5	72f15d71cdd1337c248c8ce96d76faa3
torus.out0.05047.h5	81b9843519b51966d53fc519e05e73e3
torus.out0.05048.h5	db0327a96d80f4be52e2a660adc68eaa
torus.out0.05049.h5	020cb6d804c90eb886752ab6fea43091
torus.out0.05050.h5	1dc73dbff51cf2ef2e2256b9b10922bb
torus.out0.05051.h5	2c8d9ca54510abeaeeee5b581dbfce0e
torus.out0.05052.h5	043d4374f1f3fba49efe7788426dbaac
torus.out0.05053.h5	ccb5178c70c7ef92ce0d8c3a13d34c7f
torus.out0.05054.h5	1779502e2e6ac357ce1985bd46a89777
torus.out0.05055.h5	89a5270f46172e0a413931b6befe32f1
torus.out0.05056.h5	20dfbabebd5b8a5832a0c0e6823e8bf4
torus.out0.05057.h5	58b086f7de0a17cbe1bfbfe2d5e450e9
torus.out0.05058.h5	a2aa1a27aa9d4b24c7974981a2d83040
torus.out0.05059.h5	4f6cb750552b4c91e5589ed198697bc1
torus.out0.05060.h5	ebbe1765692122ad7ea442c53a0fb42a
torus.out0.05061.h5	b7a2bdacf5a823b8fe6714af89635eb0
torus.out0.05062.h5	4f5a2de31d7b5dacf50c4e32b5364b89
torus.out0.05063.h5	535064fb8ae829aa0de9f7deca1fe623
torus.out0.05064.h5	9591ba35b48d74aa0cac0576cf2e8a91
torus.out0.05065.h5	f00cbf72be31e060183b4c4cd4adc427
torus.out0.05066.h5	b363d10103537a9471c3241d54c21c50
torus.out0.05067.h5	8030bdbab13c4ca8999667c4c8942f41
torus.out0.05068.h5	4bb36cf181f30f8a39c4244f0466904e
torus.out0.05069.h5	ccc68acd9b3f33d92df85899ce91d88a
torus.out0.05070.h5	2ffe6fcbc335c634a2160e85e09f9e7a
torus.out0.05071.h5	95a590facc7461ac583426c7a34fb820
torus.out0.05072.h5	84526ed2c3875f1176febc7f853b7245
torus.out0.05073.h5	6dbe5f01525d82ff27b422ea9d85de59
torus.out0.05074.h5	8f2c29fea92c7a7e152a5bd210c1fa77
torus.out0.05075.h5	4198d6940864f66778260948764d3767
torus.out0.05076.h5	21ba1c681da5aa2adcdb693f6b174ad9
torus.out0.05077.h5	9d98327e99b6d0cfad485ece2078af8e
torus.out0.05078.h5	8ded163402eac6b98c5028e1badc30ff
torus.out0.05079.h5	0d7274a370ddc69e622504a87c05b3d8
torus.out0.05080.h5	3567403de1eaa3aab942f6df3227fc0d
torus.out0.05081.h5	1fe87bd3180c776935cb36b1abdedec1
torus.out0.05082.h5	853d61c9533c9f657439cdbf63ffcd21
torus.out0.05083.h5	79e1dc3a031956c12fbb30123ffe0bc0
torus.out0.05084.h5	3c941b301f9f97e4a34921714ddc4ce2
torus.out0.05085.h5	1feea714bbd81037d0c9f368e6f930d6
torus.out0.05086.h5	ac293bfc99b1b1feb84a7b4cd451bfd2
torus.out0.05087.h5	04ae1f793bc5dbc752ebe2397d3b5aa2
torus.out0.05088.h5	df48a0884f2a54640e53260ba4893be9
torus.out0.05089.h5	be73783ca0612ebe604a60bbb11f6079
torus.out0.05090.h5	e07335b605283c7c3171a5b38ea16a0d
torus.out0.05091.h5	f0f513f61e660dc8eb817449114c4ab7
torus.out0.05092.h5	fe5ee36275b92eb7d30975044c652320
torus.out0.05093.h5	b9fb361847ee94b80227a5a70b8bb6ca
torus.out0.05094.h5	1428cbbdbf1529771f5117b27cce9076
torus.out0.05095.h5	8ad3e8821eb38e96f2ef25041fb07e5a
torus.out0.05096.h5	26588cfde7fabbdc54f12d76f951c145
torus.out0.05097.h5	3fe461ad92e0f8521e116f5a4e805de8
torus.out0.05098.h5	affeddaf2d4be419a337fa0b1260f541
torus.out0.05099.h5	3bcb64f87b2e88ab32ace26cc1379939
torus.out0.05100.h5	8bdb8986ad11564c99cb9438e1fdcc5f
torus.out0.05101.h5	1dd106daba152c446bb6bbe6a88a3278
torus.out0.05102.h5	1a68ca939956ea7f56861af6c08793f4
torus.out0.05103.h5	7f9b9daaf0e6a251decd3b875eacddf0
torus.out0.05104.h5	91d6e10757c14226212c5bf986782b88
torus.out0.05105.h5	0f16fb434a3ad03ed9733ffe73d1cb40
torus.out0.05106.h5	25bddb9976a4116146466e0cd4249210
torus.out0.05107.h5	bb1977be1ce15fbe3b7280c011bbaff0
torus.out0.05108.h5	753ad147c2f4cfdb06e7b18efb444721
torus.out0.05109.h5	953159ee78f090a3c0ebd18a09dba8e0
torus.out0.05110.h5	429bab14ab1316329c0435128fb61072
torus.out0.05111.h5	fe720a700c870bb0dcb9e0d948a1d668
torus.out0.05112.h5	135911395269321d61ef8d0ab31d8adf
torus.out0.05113.h5	36ad1deaf03523d23fa436650d7dabd6
torus.out0.05114.h5	0206062853bb1ee6eb6148ec84fcb6ae
torus.out0.05115.h5	50f4d573b10bd0c400e95b6f509439ff
torus.out0.05116.h5	2ca5d408ecb4986b0821f7a45dac5ad3
torus.out0.05117.h5	6cb318104a9ea985e9ef27daeffa28af
torus.out0.05118.h5	9a7f750277c3dd67a40bf9123292d0ed
torus.out0.05119.h5	1b53ec6890ebf4f39465fc51e32bb2a7
torus.out0.05120.h5	d1b527867890d223938c086c13ee69f8
torus.out0.05121.h5	068db68683da39a5415b7cf674ba729e
torus.out0.05122.h5	17ad85aa7af2550e74bbdbc4e00b8ce0
torus.out0.05123.h5	5e72982de6650e3e3cc00570864d109c
torus.out0.05124.h5	7001587f397726f11b86607e84036f91
torus.out0.05125.h5	b8f91c8e9b38a49365cef9bd43685551
torus.out0.05126.h5	3cf37c23e869135fc03495f117473540
torus.out0.05127.h5	0a969982a6950674ca6417a1668f951c
torus.out0.05128.h5	0e65e07eff4af081a4f03c7e78746634
torus.out0.05129.h5	bbe9c9d8c6da7fa22c432bc834af65c4
torus.out0.05130.h5	b76867a8d37a8d3fbd7028cb99157499
torus.out0.05131.h5	bbc637d60ec3ae0469637198343ead47
torus.out0.05132.h5	3c83dfe15256e83be086cf35f683cc48
torus.out0.05133.h5	27d9205b930c889c87f19c3e8e34b069
torus.out0.05134.h5	a10e3f4f47c2241c93656daff4b2b378
torus.out0.05135.h5	f823ba004858401bf2efc362d703c9f9
torus.out0.05136.h5	f4c9324c1f0034529cc20f46320104f4
torus.out0.05137.h5	c9e398c92fad065ba3a8df86684541e5
torus.out0.05138.h5	3b0b6eebe1a68c60235335b3776525d2
torus.out0.05139.h5	3c91996596fd8b4059f189eb61559c76
torus.out0.05140.h5	bc52a20bd57b363ef288a7c880f94972
torus.out0.05141.h5	bb4d5195311714c4af76c6e322460dcf
torus.out0.05142.h5	cb7cbc58bca3c4f958c5530c14013f20
torus.out0.05143.h5	a5d7e1698cc4849552d1a2cef40d23ef
torus.out0.05144.h5	20b2a84167e6cf1fe3134ba34b1e611c
torus.out0.05145.h5	bc7e0f9e00523bca53415b03875a2d09
torus.out0.05146.h5	f6074b868be75b747d5c2e871290d101
torus.out0.05147.h5	0b0688686f87247dd45359b58ce77d3d
torus.out0.05148.h5	8ee9932968de885da6f3d8cf39710a28
torus.out0.05149.h5	7176d9c486f386afc5a4e4532fb4af7e
torus.out0.05150.h5	88eb490f1ba64b076bc5960f4a0ac48c
torus.out0.05151.h5	e48512f23110eaf31bb679890b9d8aee
torus.out0.05152.h5	7b937c1354e293251fdc6ace83e2c17b
torus.out0.05153.h5	3145a16ee85d4fb3bab6ad5d6397b4a9
torus.out0.05154.h5	eaa3a3ffba8cdbf7b1292bf97e485870
torus.out0.05155.h5	ae63c7d2c561ea0496b60dc49fe6340e
torus.out0.05156.h5	08afd69d26358ccf69c858b424674d15
torus.out0.05157.h5	4bff712153a07f66d722a4b3faa5ed35
torus.out0.05158.h5	663263ca32c3d8f608c0f407ad1c1904
torus.out0.05159.h5	a799f10d6318f80a501cb73d774b1771
torus.out0.05160.h5	c4f04fbd37490964da011c7d42e6999d
torus.out0.05161.h5	ba74d66509274fbe02c0572902b97e0a
torus.out0.05162.h5	0c0bd39387d4de094dff647c05411298
torus.out0.05163.h5	9562519b389ddc0681b827cf356ea85d
torus.out0.05164.h5	131ee6daf780c59a1698820d52e76f89
torus.out0.05165.h5	081f86b9e9d3bf6954f52556e8c43563
torus.out0.05166.h5	dae0e538e003e23418c252a50d81275d
torus.out0.05167.h5	00c906244798e30ffcf7b119a13278c6
torus.out0.05168.h5	8d2238f536c2738c55b6abfec80b6693
torus.out0.05169.h5	e582e58089507d61a391d5fc33794316
torus.out0.05170.h5	b9425b8e233de4e92cb183c887a5b792
torus.out0.05171.h5	e4644e84444555ae2d99144620d47ca7
torus.out0.05172.h5	f22dae16352612351f071d113f4e4712
torus.out0.05173.h5	e79ecc4479a0b3af903256c7627268fe
torus.out0.05174.h5	f796a9666c9900abcf930f61b2f997b3
torus.out0.05175.h5	5d68da55172b1a045cb773cd9baf2058
torus.out0.05176.h5	4ac7e1b3859f813f7d94c89c2a26a1f8
torus.out0.05177.h5	fdad0a7f9adcbbf44bfc5e2f902f0358
torus.out0.05178.h5	8044c1cf76ab8732a5afe1c16f3dbfc8
torus.out0.05179.h5	7742bb400c9e7a9b93aed787bf2c1c52
torus.out0.05180.h5	bd294add50b942c6258781740e63edee
torus.out0.05181.h5	6fc4b5665cfcc1b2cabf72dd3416fa66
torus.out0.05182.h5	396a984a59115b2aea28821fb0e135ed
torus.out0.05183.h5	837324b3b0ad02ad1c14f467eada2b74
torus.out0.05184.h5	be79dc49e419b411905207d081ce6328
torus.out0.05185.h5	37ad30304fca70fe80bd82f46cc8e2ff
torus.out0.05186.h5	7f26737fa81ec7f31d0a4018f85bc914
torus.out0.05187.h5	27a6a85381ea32dc9002d61d28e8c5bd
torus.out0.05188.h5	ee2238bbd7655dcdd5ed4988eca2b283
torus.out0.05189.h5	cc50fe6ebd057e64511748da573e4c18
torus.out0.05190.h5	500b541e1d32e6937953b5e2e5cc31a1
torus.out0.05191.h5	f7731998b3285ddc204ff92ebb595885
torus.out0.05192.h5	182a260b1df92ca0c678a7c21c899bc7
torus.out0.05193.h5	f28f7c0304900d3695de12381d55925a
torus.out0.05194.h5	d922ded69eb75a7d35c87d2acb368a5d
torus.out0.05195.h5	7d0cfe3f97439749376c895caeefeb67
torus.out0.05196.h5	b4b7077737fc1ad50740f3883e005607
torus.out0.05197.h5	3afe1b99c2793eed97e3cbfb7c80121e
torus.out0.05198.h5	c66edf85bd244ff0203b1816c3608243
torus.out0.05199.h5	9ec157eca08029cf1720aa1c6254f127
torus.out0.05200.h5	3403759da196822b92e2fe578bc3acef
torus.out0.05201.h5	afd5b707be9080a9d2b1157861de885c
torus.out0.05202.h5	e9b2f7fab95e8b04122a5c0cd1ad0230
torus.out0.05203.h5	74f7cb15dac4f130d88a490c1671d4c0
torus.out0.05204.h5	7fb165bd05841c57bab35a3872aa67d9
torus.out0.05205.h5	50b49d5839404b4f76bd5b056aa883de
torus.out0.05206.h5	226c0f593bd572ea959115a2758f394b
torus.out0.05207.h5	fb3fbf68167ad3af918cf719599be7d8
torus.out0.05208.h5	a5bb42fc387b04519c76f284251109a6
torus.out0.05209.h5	4292a40aa5ce3f49eca4fcaedd5bfeb5
torus.out0.05210.h5	4e62ee264f3c50ccce269bab472ae5d7
torus.out0.05211.h5	9711e52795021a32018128f3a721b031
torus.out0.05212.h5	bc7c293a6e265c41eccdf61a8a1ab5f6
torus.out0.05213.h5	e6a7ef869265429e6cda0fe267dd70be
torus.out0.05214.h5	a5c267cf8a6978201fc6611637dc0a83
torus.out0.05215.h5	1078fe8dc7886d54091896b2bab971d0
torus.out0.05216.h5	50040c08da9a84385f222eabe0583f23
torus.out0.05217.h5	a39a9d20b4d99f906a3436a5238c0584
torus.out0.05218.h5	0c076dcf41506f566cb87c0b1d1653f8
torus.out0.05219.h5	95f2a53e446a52648fc52e353a3d19f4
torus.out0.05220.h5	ffef6c73fde04415e969fcf4d649c3ba
torus.out0.05221.h5	5bdb0a24127df8562d35e10169663294
torus.out0.05222.h5	504492bd17a371d110d008abe67ad276
torus.out0.05223.h5	2aefd6d2cc298858d530fd55037a8f9c
torus.out0.05224.h5	29f9bfa17a7c943cdfc9bd8926407841
torus.out0.05225.h5	0586770e91f895c232075fb70e2bda18
torus.out0.05226.h5	342b741a5da635dc1b127c5fdfbdf1a4
torus.out0.05227.h5	c107c2f4faa2008883b1a1d25fc0e002
torus.out0.05228.h5	c63dd41173e4f63240fd2f9b96840efb
torus.out0.05229.h5	ef52ffab59ed8d3ee34a3b9a2eb349f1
torus.out0.05230.h5	94c3065177be9a72ce96832a5c811b07
torus.out0.05231.h5	1e1d75a05332463610643fb8d42a8dc0
torus.out0.05232.h5	a772c67675c20694a0c0ef0568898aae
torus.out0.05233.h5	03425852c48e350a087055882c6e1d1f
torus.out0.05234.h5	edfe9b9c9bf9e560f6669995fa708c7f
torus.out0.05235.h5	48316521f7ba795169cf542c0f930e2d
torus.out0.05236.h5	8ad9fd337eb6a0505c070b0a858f43cb
torus.out0.05237.h5	fb59afe01c41bdfc61ea2892e54adf18
torus.out0.05238.h5	9722f50d7dd0bfcb74f1aa8a256c7427
torus.out0.05239.h5	69fd53385adaaadcda3b1f5156cea67a
torus.out0.05240.h5	d1ff688d988a428eb2364825ad8739c1
torus.out0.05241.h5	af8fe23ae7e6bdbaba87faddb0cfa303
torus.out0.05242.h5	e4f3da92665e0a0e2cec70ba61065d44
torus.out0.05243.h5	6e6cd4def8444874c737cf69f581b2eb
torus.out0.05244.h5	ed2098461dca9da430fd45ea97d6d60f
torus.out0.05245.h5	65196aa09a1785dccc7074a3eaa92012
torus.out0.05246.h5	636ae2824e7b66899b40b78d9e6dd5a0
torus.out0.05247.h5	4ef02582ac27caa566441471c758549f
torus.out0.05248.h5	b8db7524162f0495c1f780d9a3dce510
torus.out0.05249.h5	49e6caf6f27a23c45f9abc5d992e3ed8
torus.out0.05250.h5	c59b3bf70ddf759afb7ddc3e87b810d5
torus.out0.05251.h5	697faf5b0bfc4c7ef62b9b2662017d0e
torus.out0.05252.h5	0c07b4aa03407df2585037b35654372f
torus.out0.05253.h5	ebd8fe28f20a50fa90577b80d10fc568
torus.out0.05254.h5	bb6da77f87b0746c1c057b1067d233d5
torus.out0.05255.h5	81069f6d9d9fd81751c895e2aecc7171
torus.out0.05256.h5	1b282187fa034a9877955b8f5fb9858e
torus.out0.05257.h5	899b958c56354102f48ad9ba609530a0
torus.out0.05258.h5	f7491e891c8abbaea67531df7a9d66aa
torus.out0.05259.h5	7b1c5419e530d389b4fe5a5e232d4a5c
torus.out0.05260.h5	6f52fa9e6802057563ca9a6b309e9371
torus.out0.05261.h5	b477b46f95b15ac01ddc454d34bb115d
torus.out0.05262.h5	bbe0251438712e82427582053de011f5
torus.out0.05263.h5	12151ec47330c20854ea4742670785b0
torus.out0.05264.h5	3e5ed9f5a5c24b558a2ba6a4050e3622
torus.out0.05265.h5	a59baf1c9455a320f4f03e01279990d8
torus.out0.05266.h5	0227774f092da0c556d9c56bcbabd4c3
torus.out0.05267.h5	a68a52cf51277db1f4c05fc6aaec172a
torus.out0.05268.h5	3d9072b01ad1b55dcbe09dfedeff0ec3
torus.out0.05269.h5	501310d2eb33b063d842ed2521d96412
torus.out0.05270.h5	cef2aa530ac5fec9c1f0376c43915c72
torus.out0.05271.h5	4b5597813b1579ad89269b760e8dc732
torus.out0.05272.h5	054469758ef6ac06e61efd939a5c3030
torus.out0.05273.h5	e1443bb9e6296dc4b58f2afc275915b0
torus.out0.05274.h5	2918032c7da61c83070c0bb3ca785e2d
torus.out0.05275.h5	13be0f181f2d312851474cbdcca095d2
torus.out0.05276.h5	849373e0cfd12b5896471c0a309b7715
torus.out0.05277.h5	5ea18b281e0aa76c4c8e2ffc2f066574
torus.out0.05278.h5	2dae8c60dba05052403ee2bb34e44b04
torus.out0.05279.h5	3d325e1bb3fdfc6c7ba20592c18e09f4
torus.out0.05280.h5	73db48228a611edd6e3e10f1da76c103
torus.out0.05281.h5	f143d3a9f6f2a71ccc3c3caa0d93f695
torus.out0.05282.h5	b81db05b00f6026881958e40e86f687e
torus.out0.05283.h5	667a31ae1ddced2e02b6d4586532813d
torus.out0.05284.h5	58e5f33c01a6ea7bfbf058adfb476541
torus.out0.05285.h5	d73fd6068d9871b44f01854a2bf02224
torus.out0.05286.h5	c03ced323a453f4c3d21b323451b7b0b
torus.out0.05287.h5	f10d7cfaac0b770695bbe78d7a757aef
torus.out0.05288.h5	db9e68509c941479628873ed3e0b2991
torus.out0.05289.h5	afaf53d0bf8f578420203aaf5610905d
torus.out0.05290.h5	f87b7f2b97f4384194e5b7174d6f7400
torus.out0.05291.h5	187eec44f2f542795347d08b0af82b34
torus.out0.05292.h5	3bb1af3665fd1f190a7184531d4aabb5
torus.out0.05293.h5	bd64820e81cc62c59babbe143383e497
torus.out0.05294.h5	647c8133e24588fb1996337b85acb73c
torus.out0.05295.h5	88541e39527f831d39786c2fd5d159d2
torus.out0.05296.h5	2cba0a1698f55c499b705d83d768b117
torus.out0.05297.h5	6a8203f038b6d2963ca45d6b18648a38
torus.out0.05298.h5	0eb9e8d0c4dbbba686980cbd5e88331c
torus.out0.05299.h5	7c7ca1bd667d398d999d17a03b7e2cf9
torus.out0.05300.h5	22295527518d134b0c69e1a774ff41ae
torus.out0.05301.h5	c427a5512dfc7fad3b6acc593e6fe12e
torus.out0.05302.h5	538ab864042c27c30e27d8f4347854d0
torus.out0.05303.h5	b3195772d8f8d0a5e42bdabb55eaa405
torus.out0.05304.h5	dcb0db7e77fc38414b6c62b9b0f372d4
torus.out0.05305.h5	b617c3a45ac681c61ff22b8b1c922218
torus.out0.05306.h5	b62a48969fd8826b76f36469720169dd
torus.out0.05307.h5	4498eb1e65d281ab1c33791ab79c4b3d
torus.out0.05308.h5	7c949d69143756c58120db5125983027
torus.out0.05309.h5	2e687d8ae81fb7873445b3e4bf6fa5f3
torus.out0.05310.h5	33b38a2fb668ce6588b7cb39ae61fb3d
torus.out0.05311.h5	d36b0fdc7011c6a017058cce2d379274
torus.out0.05312.h5	7452f5d8c9d0f04bf4901c5a06a59a63
torus.out0.05313.h5	09a1b766e8b090abb7bc17c45ab3c928
torus.out0.05314.h5	5a991bb3d1201096489721a640cade66
torus.out0.05315.h5	2fc9386d7cbd5eae6bc4ba8cf9c9aab4
torus.out0.05316.h5	f0b96d5c0da31fd7b0a607725036efee
torus.out0.05317.h5	d92a7817442f489ad69dbd2c5ab66a82
torus.out0.05318.h5	e751bcd6cc1eb6e69ce01d1a1d495a2a
torus.out0.05319.h5	ffbe919bd9eda8c5d923082226b1ffde
torus.out0.05320.h5	743f2afdd2d5964aa51a609eaa45b01f
torus.out0.05321.h5	04836b8b1ecf49cc0cdde0d61e281adf
torus.out0.05322.h5	d77ddf95812e4ae141b9f7c6731baf23
torus.out0.05323.h5	17a43f7a0523e0f5f305ac21ad3e75c5
torus.out0.05324.h5	aef24a3864e7e463dcb7204d2a927c09
torus.out0.05325.h5	a16459c8a9843b2c3f2b6701d29d5f10
torus.out0.05326.h5	97d912f3bdedefb213a12c400c7f146f
torus.out0.05327.h5	0a39306fbdad3d64003b988ee3f8acc3
torus.out0.05328.h5	a7e3be770eb801acff416bb9243a1bb1
torus.out0.05329.h5	fbad3afc7df7f3968dd613d37d352392
torus.out0.05330.h5	fbcbea8b63cbd40495840d76a6452628
torus.out0.05331.h5	eb5ae0b6f2073956946f0fe7391039c4
torus.out0.05332.h5	5a3a4429ee5a8583d975413eaa291710
torus.out0.05333.h5	c6c089b54e5b3a3e363803f6c189093f
torus.out0.05334.h5	557e5dbcfab850ef64b55cc846016e66
torus.out0.05335.h5	e5e6818a41684532b4c1769f05987630
torus.out0.05336.h5	facce00971ee719d84d2b1937a139c72
torus.out0.05337.h5	aa6be9270c39e8546729a464183b79b5
torus.out0.05338.h5	acb5a280fba0aaffe5476d76f662884a
torus.out0.05339.h5	60a54b777f4750632c8d123c59f90ae3
torus.out0.05340.h5	3fe5af0736c5b193c836cc4fd84eb1dc
torus.out0.05341.h5	69dc0e4308cf201e059f32a358de5d05
torus.out0.05342.h5	77ffb89fa0a3c85274b8a5eeb772e54a
torus.out0.05343.h5	75f9836c35e64399516886fc393cffd1
torus.out0.05344.h5	a92a335e95769ce9a1b82b949884fb07
torus.out0.05345.h5	8dcb3956596e2a448a84e8937f643cbf
torus.out0.05346.h5	c9e7581e8db351a682fd623e68ddce24
torus.out0.05347.h5	05a4e52f5b91c0ea91fa1bbacdb59469
torus.out0.05348.h5	7b3592a660d77efb3752b6cd694cc26f
torus.out0.05349.h5	1b30b639c378caae12a3df61e9aec559
torus.out0.05350.h5	2d92f6832c47226d2843c4a2434ef332
torus.out0.05351.h5	3a8e4197a8efa56905fe68dceb810531
torus.out0.05352.h5	48a1edb4b4a33719e856a6e9cc333e5b
torus.out0.05353.h5	8806ef0e84c564f8b17fcf44f4413992
torus.out0.05354.h5	954dc04a5060245e467292e9d329db25
torus.out0.05355.h5	69ab380db858932fc71734e29b0cb9c6
torus.out0.05356.h5	34d01c45aac1e150d737049fab0bf0e7
torus.out0.05357.h5	a55820c52b33250a5bc9d777c5400746
torus.out0.05358.h5	9c37b027c3eccda92f46e2af7140eece
torus.out0.05359.h5	a2221d7b05928a80845fe18e42b5c191
torus.out0.05360.h5	12edf25f9276ca6c49e1ede19a671279
torus.out0.05361.h5	c7fde3b4da4c1e848b68ddd26afe7039
torus.out0.05362.h5	d7682f7864baff5d0e698295827140ea
torus.out0.05363.h5	f1c3dd940b3f87ac845c527aca35425a
torus.out0.05364.h5	6599eab18409029bb17a33c5b4f7d157
torus.out0.05365.h5	93ef621b2575ecf9bdc41f824a278b54
torus.out0.05366.h5	bda85936d97f7c1135cf76a10c179264
torus.out0.05367.h5	bf254ac2cd9d481bce814d65585f6427
torus.out0.05368.h5	c642bac2994148367c1a32833728203f
torus.out0.05369.h5	1eb5bfae48ada95eb0763ea4635c8ee3
torus.out0.05370.h5	cfed0ed86cb06e1c05b7cfe2a77e83d5
torus.out0.05371.h5	ad279d6a57fbb77503ed8d215121158c
torus.out0.05372.h5	875d7c623ff861e080a1cbb4e05d3cac
torus.out0.05373.h5	5d421f7cded76d6b5e54168ae82ae6ef
torus.out0.05374.h5	4b0b09a26e4209ea373cfe83af843c52
torus.out0.05375.h5	a94046b6e5e4872b54696175d2fc6038
torus.out0.05376.h5	df8224d0779b9063f81c8a85435b455f
torus.out0.05377.h5	d7095a60c3a7d1694eda102cb4572e28
torus.out0.05378.h5	02c1ad141f365359aba2b4eb7843cebd
torus.out0.05379.h5	138895b762688ca5a6bfd7dd7c69f75e
torus.out0.05380.h5	d6c6a0ed4a908d6622163c291c6f0058
torus.out0.05381.h5	3401f3dc61a9bc089170aa40784804a5
torus.out0.05382.h5	8c749ecac2389e36036681f9afd7c79e
torus.out0.05383.h5	f0eca17b4070317040b18dbfb1e9c5aa
torus.out0.05384.h5	7e1b2eadf7c43a80c5224e8737dc3c50
torus.out0.05385.h5	24ba94e1de9e89ad7e162e48ec15402b
torus.out0.05386.h5	c5b6a50f23c4ad171e34049aa7d2f930
torus.out0.05387.h5	8c2b07dd0f4144dc4e81f81cc7ad8679
torus.out0.05388.h5	aefd586dd0fc0c6d358496c2736f4e17
torus.out0.05389.h5	90d4010869e27f6e60737c62d16f93f0
torus.out0.05390.h5	ebb58336cd52cdeed1d8317893d01bc5
torus.out0.05391.h5	7eaa6e8034b2b7e2642b40747f83c288
torus.out0.05392.h5	d4026ec654ec07c60385631cfae8e62d
torus.out0.05393.h5	922892c794147b01d1777cf7b7840547
torus.out0.05394.h5	8d6097ea8281bdd68b79ce3c0eaa5744
torus.out0.05395.h5	d6ac881d69c42034c3cd4a9a63417144
torus.out0.05396.h5	3189bb41a9a5bfa9243940fddc914c92
torus.out0.05397.h5	58e29661345e8787369de1a7e0ea0276
torus.out0.05398.h5	c1049ac47eda67db8a9c398a60b738bb
torus.out0.05399.h5	7c4ddbd2c4ead4b61c8a3d7a91d4acd0
torus.out0.05400.h5	0ad4ad7d80bdb9cfa962429e1c6786fd
torus.out0.05401.h5	4800d16c42a469b5b164797f996ef88d
torus.out0.05402.h5	4d70e0d1492d55643afc912e52f6105f
torus.out0.05403.h5	aaa2323cc4ba5633fbc503e7abc50b95
torus.out0.05404.h5	b7117e0378b66426d9af0e10822dd482
torus.out0.05405.h5	5ea748cfdee5e5322318cacbc9de73d9
torus.out0.05406.h5	f3ab5a70312191cc13f5139c4e38b745
torus.out0.05407.h5	7d54c268c9459c8a071f368166804e77
torus.out0.05408.h5	a9a1dd4812a9efaba704c809e4c0e54a
torus.out0.05409.h5	1663f5abf357a25126d93d6c3ab72a90
torus.out0.05410.h5	209373c42bbbcd142fecfd104cdfc2ca
torus.out0.05411.h5	33d9b319976ada665f1e4ed41bfe241e
torus.out0.05412.h5	8225aab6167340ea17cd6cca70b2cca0
torus.out0.05413.h5	ee6dd69a5e7e0cfae626db1047a624a3
torus.out0.05414.h5	cb315333dfb1ec274a87e8a4217e991d
torus.out0.05415.h5	44cf0816100b6d9789e6094690d6b346
torus.out0.05416.h5	86c51f300bbdf4d9795203ff9f48c9ce
torus.out0.05417.h5	cf579402b6b57c68427baf049d0b170d
torus.out0.05418.h5	ea7d5e637e7ac9ef4021e2df40d2c016
torus.out0.05419.h5	7df58de7092d67431e453b9558e2686e
torus.out0.05420.h5	066c5123b1a207d9ab789880b88a3cad
torus.out0.05421.h5	8d87cd67d8223a710e20515801b97273
torus.out0.05422.h5	34e107b25ca9267579443c6eb7345403
torus.out0.05423.h5	205ebdd8e9a6231918a3e06c9d7e7908
torus.out0.05424.h5	6c5cf407a5ba1194ba5e0b982b5cef20
torus.out0.05425.h5	af9a3da17c1d68f9bda9ee48d5733247
torus.out0.05426.h5	9e88d667d4a676d9616665c4382a85cd
torus.out0.05427.h5	27552b62da6e6f9e001c170fecaed240
torus.out0.05428.h5	6d2ef70e5b40f58dd13394ae08fe8d29
torus.out0.05429.h5	9879eb9d5feafad786aa3f370452cdbb
torus.out0.05430.h5	9c00ee1612be940be2daee6c08b30ec5
torus.out0.05431.h5	a13ed2e8b97c3b7db763b2a9060ee277
torus.out0.05432.h5	f6fd2026d93319d1b19d191bdcf06f91
torus.out0.05433.h5	630706881d1060d31c742dddf8fdf8e1
torus.out0.05434.h5	29fe8ba5ee998cc0feb9818b7d69df25
torus.out0.05435.h5	ce4e497c1ed2cf2100eb0ff893a71d9c
torus.out0.05436.h5	ad629a3fb38628a9debe8c2c065a4554
torus.out0.05437.h5	7492c6c0dad8b10121dd609a0b5c7a69
torus.out0.05438.h5	f6cd45976724ffc6c9e278f043d5579e
torus.out0.05439.h5	97e1597f98cbfe71cac7c7d8d8cb583f
torus.out0.05440.h5	8581d64b3621647014698b26991dbcc2
torus.out0.05441.h5	ee6abf55388729bf03fd580399f3d27c
torus.out0.05442.h5	b6b51602ea4a14240dcf542a28387c74
torus.out0.05443.h5	ab21894d7f253377137209621a88bdde
torus.out0.05444.h5	792254179865683a44e18525d10f11e9
torus.out0.05445.h5	9dfb157ceec20d5ebe0418df79d0fe2c
torus.out0.05446.h5	cc80bbd699181b2d56469d800ff88b6f
torus.out0.05447.h5	a4b93735598b562c9d8a6a27dae15eed
torus.out0.05448.h5	b67179c985d6a422be21640d59d7c1fa
torus.out0.05449.h5	048b84c1b9f03de6713be93a2697f7ae
torus.out0.05450.h5	1787862356b4143faa9ed602fb6c93a7
torus.out0.05451.h5	71fbf28a5cd8cdbfa27f280125a472ff
torus.out0.05452.h5	b90110cb76c078c52e6a8c97a77992d0
torus.out0.05453.h5	e7d106934f652c86bee2ff2f1c2ddfc8
torus.out0.05454.h5	f8d49cbe76494c5d702bf084dba183c4
torus.out0.05455.h5	02b001bea0c7accf72104f2c31f22b18
torus.out0.05456.h5	fbabdbdcca5f5b80683a3965d5a3ed5c
torus.out0.05457.h5	feb712d5f488af9a6fb0b53e9c4292c1
torus.out0.05458.h5	cee49529861b561393dc1d0fe506035f
torus.out0.05459.h5	f1934b799e66f981591ed794a759307e
torus.out0.05460.h5	fa22eb02eb805640b32d023a7e87bf8e
torus.out0.05461.h5	2216e7fcd1161fd821df9c16b1146859
torus.out0.05462.h5	49bf749d62f60f60850ec0070e4d9bd3
torus.out0.05463.h5	b50967ec2e36347fd3bed4dfc0d59aa3
torus.out0.05464.h5	d3fcb63dfb2bf40b6f5600071ebfd8f1
torus.out0.05465.h5	d84a63c92572b97bd260923c5582a435
torus.out0.05466.h5	2cfaa6fb1ba25ef9a9d3f7574eb33ed7
torus.out0.05467.h5	58d2a9c95a44d82c648fa472cba70d80
torus.out0.05468.h5	25d2716b7ed7a86f20a84a2f5debdf68
torus.out0.05469.h5	deac3b73a51bb9391caaf6ff13b06b90
torus.out0.05470.h5	3777ddab5776692d6c7f8d4ec5da4a1e
torus.out0.05471.h5	79ac2c9262b785bc595b95bc80a17298
torus.out0.05472.h5	6df10c2f4d37912e122a09805aa409c8
torus.out0.05473.h5	2bade85ff6ada43f1a865aa5123e2654
torus.out0.05474.h5	fdd7a8fe6d5b3c36d1df69341d7556c6
torus.out0.05475.h5	d950b878aeb29a87bc84fc06f192b44e
torus.out0.05476.h5	c412767f9a427ffde11b6ebe69278263
torus.out0.05477.h5	872ad21d61a9fa021523429283ab4b52
torus.out0.05478.h5	0f112b86715b405552b7a56957b19012
torus.out0.05479.h5	4b2ace15176270962dbe01ca944ab1f5
torus.out0.05480.h5	d944e260ca0ac119e4f720c57dbcf4aa
torus.out0.05481.h5	98ce12c513afeac776fe9da6b1248c69
torus.out0.05482.h5	02c5b2b1a35e95713cc1d5cfb9dedb8a
torus.out0.05483.h5	6fe1a733c5aa5ec79233738a750d281c
torus.out0.05484.h5	98215fef00b8b97c66a732d1bb243c3f
torus.out0.05485.h5	c43352e1d1463572b8b7a784841f22b5
torus.out0.05486.h5	d2d17b617cefea5c4d5cebc7e7014a04
torus.out0.05487.h5	8a3039fd5832379256fa7d8e46d38131
torus.out0.05488.h5	1716f67017c60d31862eb47f250716c3
torus.out0.05489.h5	ebe4dccfeac882b520d8ae0765e5d758
torus.out0.05490.h5	7edb3c30ed10e1cbe18911061791767c
torus.out0.05491.h5	58fbf067de038b93fce7a32344eb22d8
torus.out0.05492.h5	e67768d11467a0ea353fa1db5eb5ffa9
torus.out0.05493.h5	3c2a54b61f4a5c7f5f94d74fac01ffad
torus.out0.05494.h5	6760bc0f594e5b3ba8435e669e66b603
torus.out0.05495.h5	084ec0340b7aeeffd2b540b4b964dcab
torus.out0.05496.h5	32d4693d6cd1e38c99b9cd9dd0efa226
torus.out0.05497.h5	fa93326d35b6602fccf9728d437b2171
torus.out0.05498.h5	9e2d88f6f5694caa860105e11b6489fd
torus.out0.05499.h5	185c9dfaedf4275602133a48c7ea6932
torus.out0.05500.h5	1c2b5ec5bcf1ab383e6faf34d497630a
torus.out0.05501.h5	3c126fbff95fd056b8d9933496912842
torus.out0.05502.h5	e3fce61b614a634bd3135b1c64353de3
torus.out0.05503.h5	60c45d89f718670c43e8251bbe5b2a4b
torus.out0.05504.h5	b136f0aeefb44f5398afc1c1f2201cd8
torus.out0.05505.h5	10ec26d6ecebdf80b7b5430279b7c17a
torus.out0.05506.h5	84bb1e9d588fdc4d2df020cebc2b3ce8
torus.out0.05507.h5	430c628365e3627f1ffd6a07c47a3c1e
torus.out0.05508.h5	91f1e72fbef6d57a91ebf776f9e8e8f8
torus.out0.05509.h5	4f82107c39d125bc5ed8f217c7678556
torus.out0.05510.h5	2ac53fdacbd0b1638bb8863e2713e1da
torus.out0.05511.h5	45aac5b5528310b1420622039283d2e7
torus.out0.05512.h5	210719ef24129e090f8fdaee8e4fbd99
torus.out0.05513.h5	d14d92f503626639f38fe74f24ae2f11
torus.out0.05514.h5	ba72201ff37abe114aa1ffe771062519
torus.out0.05515.h5	8ea8036bb58605aee808f1b980066570
torus.out0.05516.h5	a4b66266c2a318d03217ad063089f7a8
torus.out0.05517.h5	c0379ec136ae251a447311926129fa82
torus.out0.05518.h5	0b390961e0f5b8dc190b3e8b82433b9f
torus.out0.05519.h5	b96249df77dd40c82d250ade2465b656
torus.out0.05520.h5	9f06b5d1a0e7184f1155827efe5079a8
torus.out0.05521.h5	afb717e828209e0d885cc56fc78c3c85
torus.out0.05522.h5	07b0b0e095d477043768f2ad1dcbfac7
torus.out0.05523.h5	2c2ab47533c82e960d5a8faf14284b1c
torus.out0.05524.h5	2a4686b05b7221ac52e4e26fbb21d14f
torus.out0.05525.h5	bd730c1b467a71c106ca530d2667b740
torus.out0.05526.h5	01987824fdebaf3de73be995e9686eb1
torus.out0.05527.h5	9fe5a895097c489cd2bd1bee5fecf2e5
torus.out0.05528.h5	5b87d4d8645701b6417a40cac050b6ef
torus.out0.05529.h5	fef6100bfa974a0f72cc275c647396d0
torus.out0.05530.h5	ebdcb4df71eb820d2b49cb8da3774a8d
torus.out0.05531.h5	f4ae94039b173c4dccf88bacdb769454
torus.out0.05532.h5	752efd75a671beb8f50364b57df6fe78
torus.out0.05533.h5	e478933552c514e06905120fcf2f60c6
torus.out0.05534.h5	b2dab9e775d5420efbeceb5c0fc7d0e8
torus.out0.05535.h5	70b35d91b6a8c2fa1a4e341e86b84dbe
torus.out0.05536.h5	3c3d63caa556e9c60c63a402741b4fc1
torus.out0.05537.h5	59394263fd66020a4488ba028968da69
torus.out0.05538.h5	3c4bb0b91048b4d1921432bbecbf7db3
torus.out0.05539.h5	61bd27154ea2572eb6d6e94051b40cf8
torus.out0.05540.h5	b0d428a1b3ea550b68992f79885e8e7d
torus.out0.05541.h5	2ada16350940c883845a3e179236f89d
torus.out0.05542.h5	c918d00aa356fb4922e3acd70c88ce68
torus.out0.05543.h5	9273143268a51fda13b5c7cc78988820
torus.out0.05544.h5	375ff908892115cbc0775ede91f99eee
torus.out0.05545.h5	1fd6d4627b1b1b292f0bbea861524b31
torus.out0.05546.h5	960ed22616b9181595cf9f5fc513b287
torus.out0.05547.h5	c4a7cfb10ed7c3c028f4379886ac32f1
torus.out0.05548.h5	d348514f85a7cb1d3f75dd138b8b4027
torus.out0.05549.h5	1ef93ba180751bb3b8282c43bfde718f
torus.out0.05550.h5	eee48c1112547a8683debc251b83724b
torus.out0.05551.h5	121df9b9d1761671aea169c42e236c65
torus.out0.05552.h5	0a97ccc313ea319f03cee25a9d992e53
torus.out0.05553.h5	1b01db58259f68c949100817dc3695e9
torus.out0.05554.h5	c9edb4f33ade35991ebe5f6c329f1a6b
torus.out0.05555.h5	64c479bf66e8a7356daa4ef3619d0ad5
torus.out0.05556.h5	e2dffd6e8662e48200a4eaeb7a34728b
torus.out0.05557.h5	8d9ec7e14cc495a76332c670962bac3b
torus.out0.05558.h5	4d305c811ecb1e36b594067679883121
torus.out0.05559.h5	9a103a5447791d74b5ce8927b4949ce4
torus.out0.05560.h5	8eed10eba73c4ad077ee16bd18fabd68
torus.out0.05561.h5	cc46ccd2a00e397b48ccefc3ed2c3014
torus.out0.05562.h5	92e952445390776198124e453880c312
torus.out0.05563.h5	dd7caa444b48eeeb92efcc0aad45ee88
torus.out0.05564.h5	6839c279cfaaa8a8e4f345eb169e8200
torus.out0.05565.h5	21ba11636f1ceefc66b755393e504b32
torus.out0.05566.h5	bdd26176e20b5c67c217594a7916b6d9
torus.out0.05567.h5	f284676377888489269a8662ead7fc79
torus.out0.05568.h5	da48a8a07409386a76e7821a4c4bce4b
torus.out0.05569.h5	055ad4c55d89c5fd5b348639c017265b
torus.out0.05570.h5	fa6b03200bba146dd76e58a0de44808d
torus.out0.05571.h5	4d910da3e2c1c452c32b61953e659a35
torus.out0.05572.h5	4e0730fc8261e248597dad8b17a3b5d6
torus.out0.05573.h5	e38cffb2ca109fac6aeb7f87b0191f90
torus.out0.05574.h5	feee34e8e425e955a950b9bd36843468
torus.out0.05575.h5	7c51b314cb674709cbd7aad2341b6ff9
torus.out0.05576.h5	5193bff15dd4c8833fc60f2ae15659a9
torus.out0.05577.h5	7f06dea6ba4f501fa3f9bbd8ca046cbf
torus.out0.05578.h5	56bccbb0e7632381a97d9f906ccc3cf1
torus.out0.05579.h5	1a8e3567c89b5e48b9368ec976b09f64
torus.out0.05580.h5	b1811b3aa5ac9f659cfe79bee6674e61
torus.out0.05581.h5	e071e5a0a817296b9ae2d4c55d00b31d
torus.out0.05582.h5	385d4c26505ceee4735f54829b97e233
torus.out0.05583.h5	dc7f351e11db28172c6a4e3252d1ba52
torus.out0.05584.h5	ef15a708d02b75c651190bea8a7aaab0
torus.out0.05585.h5	21af12df4cbff6a8c026f9c62dcb210e
torus.out0.05586.h5	738ae829b62c6a5c5318bd3010de5440
torus.out0.05587.h5	09ac2296d61ad2418b7fbc417d1a9dbe
torus.out0.05588.h5	b65dc8f14696a4ac1ce5abbfda284a7e
torus.out0.05589.h5	4814acbab8ccfa4c7f0b52f619aad715
torus.out0.05590.h5	de05d8c47347cfff536618251d5ef9d6
torus.out0.05591.h5	c7261a6ecbb63eef38c17a89461874c9
torus.out0.05592.h5	0740839f7fc7e6505f0e8b7821890824
torus.out0.05593.h5	09b299a207da80cf8e57b61b8d47ea5d
torus.out0.05594.h5	a0e94c46dd81830fb5963e27b3cebd80
torus.out0.05595.h5	c9491830cce1682db08651f5c8bbcca7
torus.out0.05596.h5	fbd99416f27bce6ba05d322bccd66e31
torus.out0.05597.h5	ce8554594d169d981cbabb2066ceea9a
torus.out0.05598.h5	55cc39e1686f1482d52f8d97707b63c2
torus.out0.05599.h5	4ee330bee84d4b5c88c7e2e5d1907b54
torus.out0.05600.h5	849864bd91f7cbec88454faa92fc0629
torus.out0.05601.h5	b34ae7990ad17608fe1f23b9f64fed3a
torus.out0.05602.h5	77a4b40ac119fa36f173c15ea4f498aa
torus.out0.05603.h5	64b91de9874b84bdec91f09ba3546c77
torus.out0.05604.h5	4bf85a0097e96074d12a5118c3680959
torus.out0.05605.h5	d88917c677f3e4d88ddea9d4d4c7a29f
torus.out0.05606.h5	5deda7ab85d4b6aa42a6a8144317f9bf
torus.out0.05607.h5	ec1636f06692c4b3f644b91b155815ca
torus.out0.05608.h5	d41e3af116cf255920ab14a778428293
torus.out0.05609.h5	2022183f9a027f9e45216ea4968f1e84
torus.out0.05610.h5	5caddb6c540f0c5c74b96b13a3deb67f
torus.out0.05611.h5	68dc29ca5bc7268935e308689ec32f94
torus.out0.05612.h5	f0c3415286f9db85fb90ad505a9baebd
torus.out0.05613.h5	56ccc10afc30e0fb557e9351bae78233
torus.out0.05614.h5	37cfcb7e132986b40429850199845b5e
torus.out0.05615.h5	ef3945745eb38a13a2bb5d5200335b96
torus.out0.05616.h5	6f899c27b4c182519fdef1f62c74e1c6
torus.out0.05617.h5	d0c9106cb2031e978d848ccbb1b12981
torus.out0.05618.h5	7471d6da2b04d220a901de63dce7bfe2
torus.out0.05619.h5	ee4bca7a11046dd597abce9a49811656
torus.out0.05620.h5	7726d3244f0752dcdd81e276d5b14821
torus.out0.05621.h5	7c369e0490785857bc975c0a163daf99
torus.out0.05622.h5	3262cd8b0b24692ffe53bf33944bd6ae
torus.out0.05623.h5	9cd6605f05636c93d05dd451b5111123
torus.out0.05624.h5	a17382a29a48d505ddd82f8565b3b764
torus.out0.05625.h5	6c5299e62ee5bd2b03ce9e107f456c09
torus.out0.05626.h5	9ed285a358452507095aeabc0b05f1a6
torus.out0.05627.h5	de9bb8ac80ce0910d78905dea912e5f1
torus.out0.05628.h5	558f3872f2495c0eb4458ec4c1d388a5
torus.out0.05629.h5	d98aa24397a3abe951e147db06253579
torus.out0.05630.h5	31b1323c26155fe3657302d501470020
torus.out0.05631.h5	7a3f33123b0235bc1a0894204961a73c
torus.out0.05632.h5	ccf4f4b712d29db89406e0470d8a0539
torus.out0.05633.h5	2e8b22d5ebf25e4bd4a73f0a5fe8267d
torus.out0.05634.h5	e5b26a1eb4ec9e72a23c8b440410d8eb
torus.out0.05635.h5	f3655de6036b132192ec87a5f92d57eb
torus.out0.05636.h5	7816672b5e0c05e7decdaffb4dc5d97f
torus.out0.05637.h5	dcc8f6194b4d579f7777fe4f89cbfecf
torus.out0.05638.h5	cb433ba51fa163cfe2d548a12e79dbd0
torus.out0.05639.h5	e41e6d579b7a3c8549aeb03271b3efcb
torus.out0.05640.h5	7d78ec59e81034b4a5193fa391c3b16c
torus.out0.05641.h5	ffc86560bb848f1338fc60506b1c3118
torus.out0.05642.h5	4c37a18ae66567b94ee0c85c4ad95cb9
torus.out0.05643.h5	24e4fbba8fa6c35567ec853ce3dbf5fa
torus.out0.05644.h5	87ca20cd22bdfae36146eac9aed80790
torus.out0.05645.h5	ab2b10b49ff3b8785fa1cda046db7dab
torus.out0.05646.h5	a678803e405dd9fdbf736cd5e1c5d733
torus.out0.05647.h5	e6560f50a2acf28ba04688cdfa2d2f05
torus.out0.05648.h5	fab08d633adadbd696a9428e023754ac
torus.out0.05649.h5	c0c74e1fcffddea8bc39bda0482a4aad
torus.out0.05650.h5	6b8300aaa36fe4efef7159477e13e74b
torus.out0.05651.h5	655e7dad40fea61641be71ae0120ca03
torus.out0.05652.h5	809914bdd1478155852b0b87bbc83619
torus.out0.05653.h5	442a0056cb973dd895a84d0b5dce60de
torus.out0.05654.h5	2c7377d2c68bb3b8386ff5abf16d4660
torus.out0.05655.h5	24b274f036506feb07bcf2a77c2c1f91
torus.out0.05656.h5	5f56db18a9b6a43ff7e296bce64962b9
torus.out0.05657.h5	a88804bce6f3347fe2100fccd89ab025
torus.out0.05658.h5	1125b4a2f191e203d884639c937c940e
torus.out0.05659.h5	ad322ae14b23d2e337cf1dfc41591847
torus.out0.05660.h5	288d5a58c2a61d91e57df047f7d1578b
torus.out0.05661.h5	88fb3a5842da9bdfb74bb806be30c5d2
torus.out0.05662.h5	4272ba5bc702d623d554363db2d31ff1
torus.out0.05663.h5	1925ee6550c1999c41860944022d2c1f
torus.out0.05664.h5	f94c96fc593c9ed7b237d6cbe83edfe3
torus.out0.05665.h5	56cbe65c7d165402851f07898da4ff33
torus.out0.05666.h5	81af877bfe1a63f2b8da8ad99de41725
torus.out0.05667.h5	5fa5af5aeae3f8ffafbffb84cbce0ccf
torus.out0.05668.h5	9a350e727fe7411f6ba98bc0e9406842
torus.out0.05669.h5	4a24aa0dd5eef5be20ad31e8ae790fd9
torus.out0.05670.h5	a7ea6a549f112f35bdc5d159dd6938f3
torus.out0.05671.h5	8a53b56c10c9292124a8615f2d08ac9b
torus.out0.05672.h5	fbd65570fac3cbee92c04d7440ba73e3
torus.out0.05673.h5	c0c27edf83b654e0735114c4328b1275
torus.out0.05674.h5	a4f44d0afe840db360a7c3e59e44f1ce
torus.out0.05675.h5	01a64022f2cce0ee38089a56984e0e79
torus.out0.05676.h5	7cd41b6cc955c463ca9d9b4ff64c8b80
torus.out0.05677.h5	edbf027f183016a0f420fadba970727e
torus.out0.05678.h5	c6922c07b431bbde4a754e81f2ba4bbf
torus.out0.05679.h5	0d7ea7b2062ca037bf93229e19c3fe44
torus.out0.05680.h5	89ca1209eecf6e70eb55345a6ab26316
torus.out0.05681.h5	bb3efbe480f4134ce3c7b6c9a7d1fe9c
torus.out0.05682.h5	0e29aaadfe2d3ce058ed88284324937b
torus.out0.05683.h5	dc4229ecf4509be5b15fde595a88de1b
torus.out0.05684.h5	852c86252b75870f7db9f158ac36d01b
torus.out0.05685.h5	6481dcecc80bfa4fe993cca2fdca2d95
torus.out0.05686.h5	3137379b5ea3f25c477b04c6f0478552
torus.out0.05687.h5	441afeaefd893ccc6e07a57e9b896462
torus.out0.05688.h5	5bace809327e20efcf483470e8c97522
torus.out0.05689.h5	58e4e4e5d0b8c4a9aaa630d154142d56
torus.out0.05690.h5	43437e09e9173ab26d3a751d91e615f8
torus.out0.05691.h5	37eed63c44c9daa9f788a58ee5d0a360
torus.out0.05692.h5	fd9fdca32c95a05a69d66304d80a32c5
torus.out0.05693.h5	70105683dff4ea8076bff4a527930553
torus.out0.05694.h5	e5d29e39bf7e15c7df0de9cd857802d5
torus.out0.05695.h5	52b1085b60b54e31e0f83f9176a48bf0
torus.out0.05696.h5	9ba3a6869ac72ca424eedf74cc4ba038
torus.out0.05697.h5	ebb4423a4214a3ebef3e18f884ed9070
torus.out0.05698.h5	fcda9bca7cfda504bf8f5c1ae3e9f5e7
torus.out0.05699.h5	e2c4541a7ea8d74b78291295498aae77
torus.out0.05700.h5	af6d6c53b72721639d4c94570ca6fe1c
torus.out0.05701.h5	4ff29f4cb3fca270649c6f240dc12ad6
torus.out0.05702.h5	75aa2cccfaca0af123d49297f318a369
torus.out0.05703.h5	47721f5c7c89a44c0f0af2a2ea19b1ba
torus.out0.05704.h5	acfade2ded85651758f037c002e80641
torus.out0.05705.h5	49296f31ee512ed17848676f231571a9
torus.out0.05706.h5	4297e0005c9a62b94513635aa873961b
torus.out0.05707.h5	fa71f4f6cf05501bbaa80154719ec7e9
torus.out0.05708.h5	127e4962d3b51a393bdbe8519f3a2691
torus.out0.05709.h5	60ee2f4589ca87647ae65b3647760cef
torus.out0.05710.h5	249fe806694f9c8bd308e144ee14a1af
torus.out0.05711.h5	c0d1502fc201b9e4c8e2f5289bc5355d
torus.out0.05712.h5	2e2ff1230d950eb938cd03a6d441a02f
torus.out0.05713.h5	85981167f963bfc71d1e407ff1fd8fa8
torus.out0.05714.h5	21e9cd10b92272df2a2cd180126c1e61
torus.out0.05715.h5	1dec8a08d7f2fcb33a1a147d17f7756c
torus.out0.05716.h5	90d42969c1d4edd3de4ee66e3b022f8e
torus.out0.05717.h5	755c015570213f99158fc2832c3f328a
torus.out0.05718.h5	001680593e54432fa5f7f48860976940
torus.out0.05719.h5	535b9d1efad06b08921182282e7a9665
torus.out0.05720.h5	3fdedea1c02e84678a7582637fbefaed
torus.out0.05721.h5	44c8c1c526771ccd61457fd6fc841714
torus.out0.05722.h5	704f1e07715b54fe17b582d36ca70833
torus.out0.05723.h5	b78133178c72845bb6dee8237c83199b
torus.out0.05724.h5	c743db0481a97c8e7bd0ccd97f463b78
torus.out0.05725.h5	dceb071bf594ba1e6fc17d783718766d
torus.out0.05726.h5	018566ca2336ef78692fd8c639fbacaa
torus.out0.05727.h5	8b08978dad510a95e875caab7564013c
torus.out0.05728.h5	775d64c0e5c81b052699072102652816
torus.out0.05729.h5	3eb2809de1bf84ded4cbe598f8ef36f7
torus.out0.05730.h5	c0d6adab9dcaef5bffe08189ff833bf4
torus.out0.05731.h5	dde1bd7d3da6cd6725bb2a65a0ec285f
torus.out0.05732.h5	faca7a725872e6e32820e0fedd23239a
torus.out0.05733.h5	92533d7d10fac1bf6966501b5156a42d
torus.out0.05734.h5	2185b47bc80bd02b81275846f651ab88
torus.out0.05735.h5	2f92ae52cc67f9e621336d6bb83f11e4
torus.out0.05736.h5	e75eaf0f717745d8486d23f31c03a45d
torus.out0.05737.h5	6e108106e91b49fa2e1030b09280567f
torus.out0.05738.h5	4bd27d72dff8edd350c3d0781dd6c680
torus.out0.05739.h5	ef68fa00bd65ce37bacd2c4abaea9b16
torus.out0.05740.h5	849dc02c63d8dc687bedcec7567231b1
torus.out0.05741.h5	7da45e07c1b49485341f889d98afc263
torus.out0.05742.h5	e5a5c5ecefeefa7e3dd4029243f51c22
torus.out0.05743.h5	dcbefa97ca0df3a48729c0fa0de38b7b
torus.out0.05744.h5	3567af6029d4acdb6f0193a15d778ff4
torus.out0.05745.h5	baf33825c449e7b61e7a2374ce0861b6
torus.out0.05746.h5	c247af7a62e8d0ff7cdc6a07e4f09fa4
torus.out0.05747.h5	b70a3f67487c904d1a0ff57cb84a5683
torus.out0.05748.h5	eedeb85136b16adf31f9e58fe3239c25
torus.out0.05749.h5	1ddc8faab5f7fc495dd95552bea8f330
torus.out0.05750.h5	1016715a80c3a396f77e89be64a48f99
torus.out0.05751.h5	8cd501167b0573145fe243e356846322
torus.out0.05752.h5	bbe2fe4820d5af1bce5c89dec410b2f8
torus.out0.05753.h5	fbfcac13b9f4666ecbf3746b4c422724
torus.out0.05754.h5	a02b64450b115d5f09d40e09bed5c95c
torus.out0.05755.h5	4e04af5b113ba97eefd24e426ac4c81c
torus.out0.05756.h5	a7c3b0ac396a20c1763eccf06c942686
torus.out0.05757.h5	698cdaa274dce0652b217abf47865bca
torus.out0.05758.h5	6505d5b41e7576dd1340b5d060d8b961
torus.out0.05759.h5	630dd6cc03940f5daded8f34620f6f82
torus.out0.05760.h5	182f0dbfd6a87ee2e222695df8832a02
torus.out0.05761.h5	ab7e827b641a30859d6cf6917c81eac9
torus.out0.05762.h5	cb3ec5bbc85bfb2d27d55213fef82344
torus.out0.05763.h5	80aaec1fdc02b24b4da7b8bc022099e0
torus.out0.05764.h5	664076a22b62cd2422ddbe9810a78361
torus.out0.05765.h5	4d3596b8140e4ea831c827dc6a6e56ac
torus.out0.05766.h5	a111f33811f9da2db00fca5b99653196
torus.out0.05767.h5	a9426ed4fca57fff00246688c1705c07
torus.out0.05768.h5	1a4e47bedd65f18927050319aa54190a
torus.out0.05769.h5	0cf5538a6159a4dc8ebd1ee6aa1b6a54
torus.out0.05770.h5	690c4992e0141c3ce178736b51acc17d
torus.out0.05771.h5	7ff87cc8565876923c66c5b9aaa9a7f3
torus.out0.05772.h5	2e841fb2640d3f2c4d9e31831be59d2e
torus.out0.05773.h5	ed05a73ee1cbdd8775b533a83295c41b
torus.out0.05774.h5	f8aa1650303f23d1ea8eb4e13e66e35e
torus.out0.05775.h5	aa72bde1526909b9c6847804964de814
torus.out0.05776.h5	5cf39bf9d8f38e0b3a826c2e8bad9f9b
torus.out0.05777.h5	b25d5b01bd1ffd7fd2ec998928fdc117
torus.out0.05778.h5	bf312b2b7d0f149253adb26db181aacb
torus.out0.05779.h5	21c05c2526c5278b83da025ce6fc869f
torus.out0.05780.h5	c38eb3140b9bb49a411d1cb8c57baf15
torus.out0.05781.h5	74053f329e0f5f378aea95206b7ffd26
torus.out0.05782.h5	b3199f691cfe752ab1ca178d5fa44738
torus.out0.05783.h5	03721fab1b920f58817fd63c9f575b55
torus.out0.05784.h5	44b5787b7c0264a1a7ef7153e0ecc334
torus.out0.05785.h5	5e535a989399c9a0d59b774838c41d6b
torus.out0.05786.h5	a15ab3d2d7610805118e487b52a3b9a4
torus.out0.05787.h5	9cdf5284553d90f99d146977d4818463
torus.out0.05788.h5	f84a5205a1fc65eaed08ffedad4a05e7
torus.out0.05789.h5	75c858786e099ce5d62380654fffca57
torus.out0.05790.h5	61a73a30cc1f82e058372c81db3c6342
torus.out0.05791.h5	7ac22f3de83964d1842ffc4434e12888
torus.out0.05792.h5	6c3f4c35a96dcadd0a485af1bad8fcd1
torus.out0.05793.h5	cb1379b757d70865bcb5f29792036dc5
torus.out0.05794.h5	c54bd1202adc7353cc57744e4500623b
torus.out0.05795.h5	28be0804e01eff2a7a60f9fcaafea97b
torus.out0.05796.h5	fd6b1faf9198eae26f52dbb0526dc1ab
torus.out0.05797.h5	51f34d8a1c6d3691a736410b6a78c21e
torus.out0.05798.h5	88cf26c85488acca23694663b16708c5
torus.out0.05799.h5	591512b5624ca3a0c66f361a41b0d415
torus.out0.05800.h5	9243371c200fd0918a07b0d47875de98
torus.out0.05801.h5	a2445e5c470b13681f3f94ed6c95daa7
torus.out0.05802.h5	a24efc3590eedbdf58f1ed7379232ded
torus.out0.05803.h5	1b4ab831f8098b4603c8e66f3abd04ad
torus.out0.05804.h5	3a4b624021c50524597e910c550cf229
torus.out0.05805.h5	ca01ee608849e7b33ea1bf540318261e
torus.out0.05806.h5	5e264350cbcfbfafbe48a34825a2074d
torus.out0.05807.h5	55e5ec067eaef255885a3efb35bbbb95
torus.out0.05808.h5	c96c59d53f7e5af951a6ea00e22715a6
torus.out0.05809.h5	ee1eaf4ef2246ed5752e0959a816103d
torus.out0.05810.h5	94d4fd375731e9205920247610f0888c
torus.out0.05811.h5	927c9906c798c28c0274f20f7e3c02aa
torus.out0.05812.h5	f7949cdb67b74f01081391c23fd3a95c
torus.out0.05813.h5	6efd9c322a7c13aba398bd7a679e1201
torus.out0.05814.h5	81b40f10b5c1c9dc74bda0bd262412ad
torus.out0.05815.h5	555bea95900bd66c8995761946c0ba8e
torus.out0.05816.h5	0af0aa15bad7c308754bf753f42666c7
torus.out0.05817.h5	272e05766c10c633d294172ebe29ae03
torus.out0.05818.h5	b5af7fd44566b36e0ede9158fc3f7c3c
torus.out0.05819.h5	2ead8ccacbea46bdb2aec8c1778db41c
torus.out0.05820.h5	db49fd8a1b6bb1b958ca20c3e56a2a4b
torus.out0.05821.h5	e456077c1dcf90d5acf91dac0a094c55
torus.out0.05822.h5	217b12db94947adb2f3738e835d812f1
torus.out0.05823.h5	d19b9dbca1fa01759c83b8d30ea0f1ac
torus.out0.05824.h5	3266a336d18cd84181f5ab8605573c4f
torus.out0.05825.h5	e28ab74ed9fb8701c2878d6cd92007fc
torus.out0.05826.h5	663de633fd49bc2f152aba9a739eb3d3
torus.out0.05827.h5	bf48669779836669d4a3bc18293ca7bd
torus.out0.05828.h5	deba9f03ebe8a9b4ab918de3c57ffaa7
torus.out0.05829.h5	c02c27ef1fa8327b010331d99f92b060
torus.out0.05830.h5	ccd156a1f0a34a136c20a175bf03ae7f
torus.out0.05831.h5	5ca112ef4c3ac6b822e54db2f55a736e
torus.out0.05832.h5	66ef62b349e9519e6c30e00001b34086
torus.out0.05833.h5	d3e6e8d6d282b3ca66d3c32008cd0753
torus.out0.05834.h5	201acf59df1542102498e377fc3a49d1
torus.out0.05835.h5	7a269d3ed45d840b591d3d8b2c7961ce
torus.out0.05836.h5	7056c5dda2c2713351abe0827d74dd3b
torus.out0.05837.h5	7cdc7f20694bc798d617d4d30bfbd735
torus.out0.05838.h5	5de60c431d1b149c370a7e221b1298ff
torus.out0.05839.h5	1b81f63b084b6df2513010d9c15e6a08
torus.out0.05840.h5	7a40910310f5188ecd9323175875b0b0
torus.out0.05841.h5	31f48db5660ce52564c4ee2f53ad5974
torus.out0.05842.h5	8088d65912c27ceff928beb2b9ac6adc
torus.out0.05843.h5	7061895c89f9db77c6cdc0c2a608cb23
torus.out0.05844.h5	3b484c9a12c95f46e95570302b1e4f46
torus.out0.05845.h5	9a16a71d2e90424b826efa8799d008b2
torus.out0.05846.h5	fcdae6b77ae1fa4d418111a58e516f48
torus.out0.05847.h5	3448649f213e4d27a406ffdddcefe377
torus.out0.05848.h5	c7bfa4428bc2e897a89aa5895538e176
torus.out0.05849.h5	1891dc8ea81a485bb94ac50ea7503653
torus.out0.05850.h5	fda6bf7a2c8cfc63a8b68ec36a1efd6d
torus.out0.05851.h5	e464d042cc51d6d3f88eda1a433c89ca
torus.out0.05852.h5	bd4b52f8458c125e810ea3566dd50301
torus.out0.05853.h5	9b64126f29a0af177c908a73dc9ca2d0
torus.out0.05854.h5	342b9056e6f009a95813dce7e91d03fd
torus.out0.05855.h5	a48a48a4bd7b981cc0f011988d33013b
torus.out0.05856.h5	67bfe81fc999ba9a63afc636338d8b95
torus.out0.05857.h5	eff4a6e340edd3788c736aff083f1c5f
torus.out0.05858.h5	87bc98fb0d656e5e03b9cfaa027fa5d5
torus.out0.05859.h5	618d6e14f326277e9ae563a453845c80
torus.out0.05860.h5	c735ca27f97c749241ae633742dd1daa
torus.out0.05861.h5	e51a48ca0f7dfc33f00074f54428513b
torus.out0.05862.h5	5df626ff083ba1c5c722ff5edf2fadbd
torus.out0.05863.h5	d1befd29a7f181d0358fbe25e3eaf387
torus.out0.05864.h5	a181ca708433a203cc3d07a7e993e60c
torus.out0.05865.h5	dd724124e2c54036e8eaf98d832f9690
torus.out0.05866.h5	1a0a516d5831a3066015e7e0860a8029
torus.out0.05867.h5	dc64bbb094dc71c3d741a334d2576de2
torus.out0.05868.h5	486f8bf13eeebd9e0288e465359a525a
torus.out0.05869.h5	c9681948c55685f0ff02d7fc71c9694f
torus.out0.05870.h5	c3c59eac12b5ce78f269f9623387afae
torus.out0.05871.h5	ac8200fc9270c2f9d8635ca2f6e2a1f8
torus.out0.05872.h5	032435d40b2f8e4dec57ce58af46187f
torus.out0.05873.h5	90d9e81f1cc3b491591e78003510914d
torus.out0.05874.h5	62b88b3ef2b950a1730cc30f388c5188
torus.out0.05875.h5	94f32bc3e0a89a28a1dec8b3eece1fdd
torus.out0.05876.h5	dbe6fcfa66b7688b5443902998de97d1
torus.out0.05877.h5	3648d2a2058d6b75b9c88e72eeb4bf7d
torus.out0.05878.h5	a62f160621d3527b48b5ea90511f3213
torus.out0.05879.h5	69422da0387bf775ea7f35e11765f2c6
torus.out0.05880.h5	17bfcead633e24515f9e09ef763d7162
torus.out0.05881.h5	1ceffe46d1d419e04e4ddf819c948f2c
torus.out0.05882.h5	75c7c18db86d751029d5ca3c8e38fcb2
torus.out0.05883.h5	013de782fe9c5fa91e0d047fd85cee7f
torus.out0.05884.h5	151603f89ae7ec6b0ce0132e969cf554
torus.out0.05885.h5	369cbdc22e5e7b2230695341c29f8568
torus.out0.05886.h5	cab48f186e8dd1f91b594fc1d754920d
torus.out0.05887.h5	e8454d14746dc174a0ac705eae8ada0b
torus.out0.05888.h5	1c331fb174c20fa757590b05e9e5f0e6
torus.out0.05889.h5	50a72a03ef637c1d80cc2cb56e4b02ff
torus.out0.05890.h5	4aa6e9745f95760c64e462ac98080ef1
torus.out0.05891.h5	029a64f9e9a0d906f392e2a9213df3a8
torus.out0.05892.h5	f558878b0d228d8c0169187c1f7f9c3f
torus.out0.05893.h5	3e65b90bb24b45613b365a2d6064fc8d
torus.out0.05894.h5	af46bcbc04859575d5e3cf2c627fa541
torus.out0.05895.h5	6eb7cf12ac52d4c0a4d641c041e8f91d
torus.out0.05896.h5	1e1ffc8645d22959f0eb6be3ee12e9ad
torus.out0.05897.h5	30b5e75d4be2a0184be9540fb5bcbc8b
torus.out0.05898.h5	5ae6170d0c55346d8f80fdeea0b52fee
torus.out0.05899.h5	1e64f7820cd070e7c61bd0c3b9ef78e1
torus.out0.05900.h5	ecbff54c1b50594a7a0c9051c0113d40
torus.out0.05901.h5	08edc497baa8d2953128a890b357035e
torus.out0.05902.h5	205275e192e446bfb35e1825214df27d
torus.out0.05903.h5	e75f76eb96d7af844fb95cf28ddff770
torus.out0.05904.h5	d108099fe2cca160d4c1aaaf1558db4c
torus.out0.05905.h5	bfb5ab8301d718d27e40009181a5a457
torus.out0.05906.h5	db909d24e7bb74a5e50545de44de32b7
torus.out0.05907.h5	2b0c97ca1f3cee72296c81ef591fb460
torus.out0.05908.h5	afa968ad365b4779117c4c253c697d92
torus.out0.05909.h5	dd3a0d7ebb9c17780336926439d1e149
torus.out0.05910.h5	ac6f3b7760b4b1e97f3f750079db7374
torus.out0.05911.h5	dd3cfe9c9d0b7530c0dbf9c739752d2c
torus.out0.05912.h5	e6903ec34a4c8df37070748d0a13c923
torus.out0.05913.h5	e05f72f7ac56c3286abb48dd1b78a43c
torus.out0.05914.h5	37a5fecd1d88866b0de9847f17cd6d54
torus.out0.05915.h5	2a900584d6dce5f9ace25b958307bff4
torus.out0.05916.h5	23e0c74499e0a0f0ed019b055aa6fe03
torus.out0.05917.h5	e8af7a74899106b73c6049a1cee39ac0
torus.out0.05918.h5	1a612028e0d7b5851cc513fb3e42396a
torus.out0.05919.h5	b3c8b15ae15b134a52f95aecc3229d06
torus.out0.05920.h5	cf387bdadaa107ec12151d7217bce741
torus.out0.05921.h5	657e68c4506fe5781eb8ce257af3383b
torus.out0.05922.h5	ce23a727d083f969eca23957d2212113
torus.out0.05923.h5	472f713fb1090c985552568f4d1a0e02
torus.out0.05924.h5	4905c776d0ac19d8a585de91fa0051d6
torus.out0.05925.h5	5e10df7c4e9225ba257fd84266045c1f
torus.out0.05926.h5	e634846ea278377a62ef2b4bafb30014
torus.out0.05927.h5	76991e820b276e5ec870f1d504a98e21
torus.out0.05928.h5	cc223a33ec6566d2ad9e9788c35c4e6b
torus.out0.05929.h5	ac0556ed114304a57f9f90a34c8887b6
torus.out0.05930.h5	a719c511d836927a7ab9358010a4aa2c
torus.out0.05931.h5	631a7930ae5e91360f6c4c0484f9e94e
torus.out0.05932.h5	ba81571d885866a3caac5da13a2a6303
torus.out0.05933.h5	0aa2e59a8f01581d325c5f99006564a1
torus.out0.05934.h5	b667638561a81ea4dd1a8382a8224a25
torus.out0.05935.h5	a810d7b92d8601dbbac45a7caa81c147
torus.out0.05936.h5	1cd3b905ef70855c8506703fb8cf0dff
torus.out0.05937.h5	99d100690632d34e661b9dcd8b954d22
torus.out0.05938.h5	b6acaf733fd7c47f93abf830fd6ec37c
torus.out0.05939.h5	63a3a6d780376880623c41eebde96a7e
torus.out0.05940.h5	2ee496df0096cdc1309fff8284db6ae2
torus.out0.05941.h5	5d69ed1ebe09eb2674ba3409ae67ae5e
torus.out0.05942.h5	7e74f7887d8fd20467966e3840635b7b
torus.out0.05943.h5	8941947e37d9eebcedba048496f6626d
torus.out0.05944.h5	06a05e76f6c624478a5acd6fbd4e5710
torus.out0.05945.h5	abd9c9b7eddd32273d392095abb195e8
torus.out0.05946.h5	f92ba5a392acb0fe8626689783b8afe1
torus.out0.05947.h5	cdafd37a3b676b0773b3605a3b6f5c55
torus.out0.05948.h5	1b83a1624e8f4fd817083d08540001e1
torus.out0.05949.h5	7a62e8038c628de7d270b451e8abb9cb
torus.out0.05950.h5	d31c5c9fc1ceee75601bc15280dc1fa8
torus.out0.05951.h5	e77d9fe95658fa49fb9d49e4dbb2ed73
torus.out0.05952.h5	7150cf9af2c92c56c61348a31a399912
torus.out0.05953.h5	348d9e9dbefc69a77ef4323661e0c6b0
torus.out0.05954.h5	eea65238770fe9be068584b099c39c43
torus.out0.05955.h5	2a424c335fa1f6bab866658939393184
torus.out0.05956.h5	270c5fde6394762f61aaf7c58bf821ab
torus.out0.05957.h5	8357f664542b02f0b95778c29bfc87a3
torus.out0.05958.h5	6c6b1142a8e293aeeaa6c68dd8b947ec
torus.out0.05959.h5	25c2fc9ec7fc2ff7807c8bb387450d8b
torus.out0.05960.h5	11ed0b09ad5ec73bf91c1b7629d9694d
torus.out0.05961.h5	9e73561f08e4e722ce079ac56739e515
torus.out0.05962.h5	ff10ff2d939d282baaa15c1303250298
torus.out0.05963.h5	4a3606edb9b6bafeba1fd1587e456aaf
torus.out0.05964.h5	55269eeb4b670af527e6f5c70080ff7d
torus.out0.05965.h5	a429dd42254c892b945e18adfe809116
torus.out0.05966.h5	e1e89e388453b6ba62f83b6294ff2b96
torus.out0.05967.h5	4e2ffc32f74b2cc7a1ebc1da1517c909
torus.out0.05968.h5	ad6560f855d4c73cf64334c97cdc4e4b
torus.out0.05969.h5	6c6f43e1eb327b28f7a01ef2fa636669
torus.out0.05970.h5	3babbcaa0a58a9c974db41c8755e955b
torus.out0.05971.h5	64a818bf20fb2917d83b85e7d9d38f15
torus.out0.05972.h5	109c259a77f116e0d1c1be2f120e557c
torus.out0.05973.h5	7dc6ce4f61028ffb1048d53bd8756a1d
torus.out0.05974.h5	34c11455c92bd5f44a4dc6908d42792d
torus.out0.05975.h5	66a8d08c4f947442520134b48ad62e21
torus.out0.05976.h5	0fa631f6ce8d6d20c151cfe30b5e3ba1
torus.out0.05977.h5	a3ff848146454155cb5ee0d2852eb190
torus.out0.05978.h5	9683f1f8c6a9452694608b8e43774fd8
torus.out0.05979.h5	19d3ea88a4c430193ab1cc720ebf9234
torus.out0.05980.h5	1f39fdd37095bed2f1b45204527a6cbb
torus.out0.05981.h5	644cd8cc9bfc306a78ba7c9c3609dc83
torus.out0.05982.h5	6454a6814446d92c7899edfbf9ebd322
torus.out0.05983.h5	d80068a7101b8c4f74325c2c1808b615
torus.out0.05984.h5	f8975c67b7c2c1bbc49076656b907d79
torus.out0.05985.h5	e3eb5a3e1408b18b280220097155bf0b
torus.out0.05986.h5	5dfbb07f5c3bf3ff2233ccfff21451ff
torus.out0.05987.h5	7b790f4468860c785f369c4b054d3f2a
torus.out0.05988.h5	afd42639d98bf40b2790415cdc42f41b
torus.out0.05989.h5	9af0af95c8d2186293603ae4912709dc
torus.out0.05990.h5	37ebfff4a7d36215fab0dfa5ec8eab1e
torus.out0.05991.h5	53a2f9dd6bb9e5b8548fed070be41c3f
torus.out0.05992.h5	226489f1dc0b4db223643d156d87673a
torus.out0.05993.h5	527a59938bc50288f5f3786918447a4a
torus.out0.05994.h5	aa2f62ed9cd570df4a306491d83c711e
torus.out0.05995.h5	29288f2c727836f0b41d7e91bdb44442
torus.out0.05996.h5	22577bd63b840b649f71430effee517b
torus.out0.05997.h5	6b71c75c19b03c4203404a4790e52f32
torus.out0.05998.h5	479196457dad22825371da2ada2e6a45
torus.out0.05999.h5	4402fda49f6d0d11818f71754cbc56c9
