torus.out0.01000.h5	8fdf394513201dee5c713824c5090967
torus.out0.01001.h5	2497fdb6b846233e0c0e6872e5de05a5
torus.out0.01002.h5	48627b5670d05c51524493bd70512844
torus.out0.01003.h5	494971d88c94a1ea4fdfea54ae2a47e4
torus.out0.01004.h5	75418ae3360bf8142fc96e8c943bab0d
torus.out0.01005.h5	970b2384ba13df55d667975f2e5f7b65
torus.out0.01006.h5	2efddf9ca542237398466a1e1f9897f9
torus.out0.01007.h5	ad0a061b0e8518739be73428407783d4
torus.out0.01008.h5	c8c783ca661ff9b7c11dd791e0e7d30f
torus.out0.01009.h5	1d28381092a21dfb9f9119513cd862f3
torus.out0.01010.h5	6a78cd30b6c2e6839b0642c583234bd1
torus.out0.01011.h5	ba29181509fa6f923605f2512b346272
torus.out0.01012.h5	a885c4ba5db4ed3c2d5e51c140c34ac1
torus.out0.01013.h5	3437f25ef66ffc37ea5678be99c61afa
torus.out0.01014.h5	71d8e25795b97b3ddb095d04a813abde
torus.out0.01015.h5	f38c39ec7150444d99c4628740ad2972
torus.out0.01016.h5	6476121ad2ab64d3bbc1508b37e9692a
torus.out0.01017.h5	78cc3eeedad3b5a6004a18e09969d64b
torus.out0.01018.h5	85bfbd20dcc4b62da16dcece94860e38
torus.out0.01019.h5	ab1a101202327fc4c554c1f6b09807af
torus.out0.01020.h5	1f8c4b2a46fdbe8d2ee426fd53590454
torus.out0.01021.h5	dc35ad420376ad45272946839b23f907
torus.out0.01022.h5	d1fac7b3e6cd44990104b35bef4a344f
torus.out0.01023.h5	453200797b2d2df84c7c6a2c9e0c4150
torus.out0.01024.h5	49c287be88206c67af84da8a76d7cbeb
torus.out0.01025.h5	68377cfc5b128471ba994f1ce2676b70
torus.out0.01026.h5	8e0a0cf169bdbed0d7c8efe2abc555b2
torus.out0.01027.h5	5012adb416a52bc901176482425f66f6
torus.out0.01028.h5	d8dd38b173c7f2892e29bd7348caac22
torus.out0.01029.h5	a24f2139c923d36c77d682e30b1417bd
torus.out0.01030.h5	b79f0a605bdf08a4ff9aa2e3b57fa351
torus.out0.01031.h5	c5cc7e2fbdca76cb7b9b5d576c243b45
torus.out0.01032.h5	a950ff804f3f470d48bf705c824de507
torus.out0.01033.h5	bb72d533f34ffbd3183dfe47e9b110d7
torus.out0.01034.h5	b18e41fe349c024bef86e2f38c76a2b7
torus.out0.01035.h5	cadca949b5af33a2fe7a9e13c26804fa
torus.out0.01036.h5	76fb753ea85829a44cba154b23837950
torus.out0.01037.h5	c9a33b719e39ff3f442754df4393799a
torus.out0.01038.h5	b0b3660248a0722ca1a255ce683dbd69
torus.out0.01039.h5	3d4f64daa4c094327359c9ef7ba5c266
torus.out0.01040.h5	0b8994def2af33cdeef44ed96a5f7ad3
torus.out0.01041.h5	4a938f0a6924796f9beae8904dc6ecf6
torus.out0.01042.h5	92ef18c67ebb0c9d457d4637cc802a8b
torus.out0.01043.h5	2073aa76fea7ff08c67ff2231f81448b
torus.out0.01044.h5	5d1f162bda11da38019ffc9932c28e40
torus.out0.01045.h5	8926685058e17c0c90530e0c09de8a28
torus.out0.01046.h5	804e88d934a97215e181e97dbf300f42
torus.out0.01047.h5	c0a75f9e40f07029f563c8ee43551046
torus.out0.01048.h5	db84560218b7f6ac978144460ba25058
torus.out0.01049.h5	6ec149a3986d37b9115c174cdee69721
torus.out0.01050.h5	152d9976d4862141dc8b99841bf73aa3
torus.out0.01051.h5	4952d323087414a47789ecabf8342359
torus.out0.01052.h5	58c692dc27c0977c7159bf4bd55cd1fa
torus.out0.01053.h5	d51a96ad0a090adcbbf7b35a4ac08ffe
torus.out0.01054.h5	24d558ffba82ce715220075bd25cba6c
torus.out0.01055.h5	7fe5ac05b94a1bf29c07854ea1fc6b2d
torus.out0.01056.h5	42e88927592d2e33a4d703624446f09e
torus.out0.01057.h5	58cdfe21c795a8b4587be9c95cf02693
torus.out0.01058.h5	3e35384c7e9f2d2002fb01371b2a7244
torus.out0.01059.h5	6f683c83f8692c052efb270dfec4087c
torus.out0.01060.h5	e4747ef35ebef93e6d7309728f6c6dba
torus.out0.01061.h5	85422694126f526d2abde88325459d17
torus.out0.01062.h5	00d48a8468daeeb974da23c728d392d4
torus.out0.01063.h5	1ffcb77a1a18c16f22b0e7cecc7d5734
torus.out0.01064.h5	c69e0a6f3c85855636f6218719ef0eb9
torus.out0.01065.h5	003121f16b077f4f0e97cb4cc7c719cd
torus.out0.01066.h5	a540aa98061598669c8bc9d7cf75c466
torus.out0.01067.h5	2308dedce0bb54992221ec8cf30cbe2e
torus.out0.01068.h5	0c84c79ba62d864be0a9c35445675dfb
torus.out0.01069.h5	2a75ea40f1b771dc7d9401b5bd0f2930
torus.out0.01070.h5	b9eaab4148f973f0f2cecfee23cfddeb
torus.out0.01071.h5	17ef051fd93894f5154e800076c99648
torus.out0.01072.h5	84930d281d6419a368ff90b52825ca5d
torus.out0.01073.h5	3d93f75a730de3e89b05b20b6c70dfad
torus.out0.01074.h5	8b818edaf5d1f7bf4772f4d0422084e0
torus.out0.01075.h5	27f56411e7e27842407d0a9a7570d3a8
torus.out0.01076.h5	3971b7595979eea664c391508c119f71
torus.out0.01077.h5	54e0e60d9471746c44d1df061e793d7d
torus.out0.01078.h5	5be9b4910f99fc46e60f6d22f030ade8
torus.out0.01079.h5	2c886fc96e762af350af95b01605e0d3
torus.out0.01080.h5	941d9c78f24845f26da24eee2af85fc1
torus.out0.01081.h5	d944bb3e8ec55b63aa97ba28ce623b87
torus.out0.01082.h5	e9a5c9b53dd83f4b73f75fa5202de518
torus.out0.01083.h5	f5922175157a72905be5c74b70a14349
torus.out0.01084.h5	0ea72b039fc8831b9c66699f1bace885
torus.out0.01085.h5	1c66bb049f1f4d15c89e2248f291b78f
torus.out0.01086.h5	61b287be4670535a16328f8c279a182e
torus.out0.01087.h5	404e9c5ec2c58ba7c3f8c939577446b4
torus.out0.01088.h5	05f01086b02f25bb805d3c4f773ab3e7
torus.out0.01089.h5	e7802ba4cdd7e0af5ebccf3516881b6b
torus.out0.01090.h5	d038bb1f79ad5ab234edb7ba7c8bcf84
torus.out0.01091.h5	e24d506fda572ac8ec8a764c980e319b
torus.out0.01092.h5	308b931bbe6101dce9030c7e2acbdb4c
torus.out0.01093.h5	fbc7e58fe7e37e20bd292b4013ab751d
torus.out0.01094.h5	2126e34480e216e5592081394d027c46
torus.out0.01095.h5	be1bdfe3c452f7b4b983f092a046f349
torus.out0.01096.h5	2a127f48938e7ab27925b031d311d39c
torus.out0.01097.h5	e51cf4da1e0972e2380d672a24ae5a80
torus.out0.01098.h5	a12c8815595e3036703d2a2999153d0f
torus.out0.01099.h5	b1a0779b8e7eb1e8da7b6f35e93e6158
torus.out0.01100.h5	59674f8006099e3bfca1c1c2b61f5d0c
torus.out0.01101.h5	7365fea664df8284b4a70159dd44b4b0
torus.out0.01102.h5	eaa54b6fe88044f82be05fb3b6885040
torus.out0.01103.h5	ecc8f717e8e080956fd824fe56068b11
torus.out0.01104.h5	ca57b83de0450159a9d77e5740b7ce4b
torus.out0.01105.h5	fca0070258d5c36a94b83cb24bd1b3b5
torus.out0.01106.h5	94938acd5d6deb64bf9e3f4ec4736613
torus.out0.01107.h5	b94cb6999d884d52af17f124888cedfc
torus.out0.01108.h5	6ff68171b96a63ace67446e1884a1952
torus.out0.01109.h5	1e156c2e3944b674b09418c4150077bb
torus.out0.01110.h5	b34f476df11004e2980e0ecf3831ecff
torus.out0.01111.h5	c69a81401afd3702cbd6261aae9ba65b
torus.out0.01112.h5	bbf15d4c8fb8e54a935edea5a8aadd58
torus.out0.01113.h5	22786f6cd0d8ef7111f981f63d47d415
torus.out0.01114.h5	af7e6dd80fc86006a35007a408605b68
torus.out0.01115.h5	30e805d75eb0587cb6ec369679759ca2
torus.out0.01116.h5	f500a2e37f6b4d5f8ad661e40c553a4a
torus.out0.01117.h5	12128f527d2afaa929bd449dc6eebf67
torus.out0.01118.h5	ac1422901675823e7d52be60854b9dfe
torus.out0.01119.h5	e0da01baf813470e5ce143a7cd3b2001
torus.out0.01120.h5	85cc6232beaef2af4ce2e1d58ad25cf3
torus.out0.01121.h5	a865b092b1a129148e3228fcca27e0d3
torus.out0.01122.h5	7575cb1a1bc770e77c326a4acc2e4586
torus.out0.01123.h5	d29ebd165de5c60bdaaed71e1b05f74b
torus.out0.01124.h5	c24a92c92cf053b15f83f2c8c5a383a0
torus.out0.01125.h5	553788ea532a8a5b58993bd689ad0be3
torus.out0.01126.h5	e018da193c780eb72036460154963a7e
torus.out0.01127.h5	97cc03169e31a20cc715e23100ffe9a7
torus.out0.01128.h5	da4c70a23ee95d6ecf3eed977f23e16b
torus.out0.01129.h5	8f4ef4a19b398d01c011da6530cb0d17
torus.out0.01130.h5	5ed6f9dddfdf76d19019195d7f1295da
torus.out0.01131.h5	61fea912e9ff8b301a6997f3877b08f4
torus.out0.01132.h5	b5bad42bec4c390734bd6bf8d27f6305
torus.out0.01133.h5	d76fae7be09f795588591e1be7dbd46c
torus.out0.01134.h5	5eb5e69611d473ea8854db4b2fb4c08c
torus.out0.01135.h5	fbbec145ef69223c026fca1470ea4444
torus.out0.01136.h5	70cdfbb9d2e5a8fb7e193aa105f592c8
torus.out0.01137.h5	92668aa99f2832d9efb368bbd8fe624e
torus.out0.01138.h5	17e10812af68d3ac70e771e09f7a8806
torus.out0.01139.h5	e011755094083e0a418b29176ea3576d
torus.out0.01140.h5	1f231ac959c0c03ba4c6b90679f96280
torus.out0.01141.h5	397ba3e88d75e9cc71ac6d1233c5ffa6
torus.out0.01142.h5	390a5693bf6c1e907f22603068d0e6c0
torus.out0.01143.h5	38bc9f27c4617645b5cf18b712ef8d63
torus.out0.01144.h5	a4bcc539a2cfef30f1cf1ba8d7ae689f
torus.out0.01145.h5	2a2a2f6a2348f51c632186b3f618f1a1
torus.out0.01146.h5	3ec95dccdfa408b5f35c1dbabf2ff126
torus.out0.01147.h5	8a0ec0c585156a810860b0070882fe34
torus.out0.01148.h5	d7062bcd3cf4affcce88f74950f44bd3
torus.out0.01149.h5	8219ad94f32c2071f7b70c8844c75c22
torus.out0.01150.h5	0eed86ae714d3451912108c546ae44ab
torus.out0.01151.h5	fb6c67aea9fd0eac1da3e9d8dc51393c
torus.out0.01152.h5	f52515e99627619dbc2f07e6742f723d
torus.out0.01153.h5	ab2ddfdb9e5c253e0a3026622f43ba5b
torus.out0.01154.h5	d9c337dc28e5f46f8c885ce6a5c4fd39
torus.out0.01155.h5	46518449a119ccdef1a6629f1f1b4e3b
torus.out0.01156.h5	73a0cb222f6ca0f33afe47222a85a32c
torus.out0.01157.h5	61769347a6759d58218a0668cc12ff9c
torus.out0.01158.h5	8c66e855743a957a8a0e1668f60fdc49
torus.out0.01159.h5	002ffcc62cf386b96cde9fba120465c5
torus.out0.01160.h5	76086a174731318e8e75ca08dd0c25d4
torus.out0.01161.h5	26d87a8509b0829bb1ff6605778ddbcf
torus.out0.01162.h5	590a848c0867870acfa83632e9c2dabd
torus.out0.01163.h5	62ed3af31dcb551f64d00c8fa5a75f2b
torus.out0.01164.h5	e905b36ed3bbea6f26e9f40ba5e204bf
torus.out0.01165.h5	2d4ed2c31cf4319722e67be57046733e
torus.out0.01166.h5	555583e33f7420b49b653ccb61c6f857
torus.out0.01167.h5	b07ab44b6a5a4705ef70d1dd8b5a9dab
torus.out0.01168.h5	7a3ffbd348ce86c1ee63f5a7b9f692be
torus.out0.01169.h5	21975953d08bace833d28ddd178f7739
torus.out0.01170.h5	723c62dd21f90079dfffaf5a3a841d1c
torus.out0.01171.h5	6dbecf4885124e6ce1a9563fe0e540c2
torus.out0.01172.h5	00f6e3be42206aee1eada62f4f6545d9
torus.out0.01173.h5	28ee3536e7caebff740345dbd4834a0a
torus.out0.01174.h5	847bb68b23d162f5ba301de7557badf9
torus.out0.01175.h5	b3f107018a90e1551c74ab6f832f659f
torus.out0.01176.h5	c9da3a44a1622e60ac61c69bf8f91d4f
torus.out0.01177.h5	314ea23fd4280a6b728da3c22015ebf0
torus.out0.01178.h5	170d69005cf36d14824c83fdb1443ecb
torus.out0.01179.h5	077e98abd140ee5d446d8392cbf97072
torus.out0.01180.h5	b0287c7badf566a03ef198c19827a83f
torus.out0.01181.h5	321d3db2f7e2439bd2044dee7f2d0fd9
torus.out0.01182.h5	b303e7880cd2ea5c51640800b7f6330a
torus.out0.01183.h5	75af0cc88248f4beda486ddff0b17e67
torus.out0.01184.h5	25c431c515cf837a9797359501e89272
torus.out0.01185.h5	9b70362ef9d49691f9faef46cf2041eb
torus.out0.01186.h5	bd483f4edcbc12f13045b64c237e7d29
torus.out0.01187.h5	e7affcbeb2d87e84d79a590a0dfc1950
torus.out0.01188.h5	2f265037edce1e1ed4d6dafc5273cf38
torus.out0.01189.h5	ca896c92ed228ea4304c9c8e7b4fddd3
torus.out0.01190.h5	2ba107f79365cd65482aef94256eb9fb
torus.out0.01191.h5	baa708b9fe37f2a22a1e20836ee07fa0
torus.out0.01192.h5	5f920e7b7c3dfa0d2f1579ef1740f538
torus.out0.01193.h5	8aa85e2decc3fd0eb1f1ed1e19c18c21
torus.out0.01194.h5	c0a0f8dba45ddeabc1a58f75ea68b31b
torus.out0.01195.h5	f2637eaafa59307526d3ad7042c52ae9
torus.out0.01196.h5	180313296ca663e60acae2ac8f996af5
torus.out0.01197.h5	3f4bfb86dec755fd0c38c5d97d600e4d
torus.out0.01198.h5	41f1ca9fce9c6b61e4c222942ba98030
torus.out0.01199.h5	702e65dfddc2363a950b98b5d61798d8
torus.out0.01200.h5	40449318d5afb77a7a19da0edd4cc74c
torus.out0.01201.h5	394c11f7ff6fffc843e634858a951b6f
torus.out0.01202.h5	ab1bf5a8945e544380fb51f93de887de
torus.out0.01203.h5	463e19a924d9b3c170ee25915a71a14c
torus.out0.01204.h5	6f367ced0e655186d15e779398030d7e
torus.out0.01205.h5	77a4c61dfa8365929e57fbbb1f4b1ee4
torus.out0.01206.h5	e81d169f1b459a18e709ea76cf659a6e
torus.out0.01207.h5	b808e6d7b95ecc1ccd10f3ab97c0f6bf
torus.out0.01208.h5	19beec65a9929b0a06ab320b7f0e70ca
torus.out0.01209.h5	93006532484fc1cc0020280a924c6dd5
torus.out0.01210.h5	d52a6be6be966b62d15b42f442381e69
torus.out0.01211.h5	834c64635c4814698419cbf0e2c0beb8
torus.out0.01212.h5	0655e4e78376cf8ff137fd1b9a136597
torus.out0.01213.h5	17e203c15f80937c68aba6103e30324a
torus.out0.01214.h5	03ee6454ba8b456617c0982689d65472
torus.out0.01215.h5	683a868e52447f05e84ecd3c7cdf44cf
torus.out0.01216.h5	7927b6b94203417c3be95ceaa2b9ecbb
torus.out0.01217.h5	39a9d6aa5833c76561012b79297dd1d0
torus.out0.01218.h5	4df42c5b601823cdc500cee3bd8e03c3
torus.out0.01219.h5	3601734021d9746d41617ccb17f16b04
torus.out0.01220.h5	3abb329aa75dcd73dec70900e6c808eb
torus.out0.01221.h5	e5136c01866aad2b5f3903d24a14b43f
torus.out0.01222.h5	80d891ca910223963f91cacf256c2600
torus.out0.01223.h5	c05aa8b413a735f6e8461fef53329c27
torus.out0.01224.h5	b46485773d42268aca4e42220d417725
torus.out0.01225.h5	47b5d21fcba54945aa0e03bcc988253c
torus.out0.01226.h5	daad35600ef1b525d9b119ea1a39f20b
torus.out0.01227.h5	ac050caaaae39ea30b729c8addf2bda2
torus.out0.01228.h5	5ea3541e4ef7ce12c294e5d446d09a09
torus.out0.01229.h5	49dacc92258d793d75ab5f2d6d9cdb18
torus.out0.01230.h5	23beb614fbad0e6b4c6fffe33652348e
torus.out0.01231.h5	752ab6c58b27ca99b15e548a7fa35195
torus.out0.01232.h5	d9e73b01545e005526d29ccf270b79c1
torus.out0.01233.h5	e32060195683d10a8bb21adf0600aec9
torus.out0.01234.h5	5c3ca482d919bc8b25663ef683f7af1e
torus.out0.01235.h5	717cdffffabe6543ab80700a208ef26a
torus.out0.01236.h5	082f80a7e0691ecd1e8ae810d8c61e5f
torus.out0.01237.h5	da23ca44569ce937cf4cdd666a8138ad
torus.out0.01238.h5	a4f30318ae3fece76d431f5558bffbba
torus.out0.01239.h5	381413cff9496f61f4e5b54a3f2056ee
torus.out0.01240.h5	bde6d161161d03cc8700d869fdd3eb6a
torus.out0.01241.h5	5b698c369b511c4ab71a3661bfbda226
torus.out0.01242.h5	05d3a4a1bbb1dc6cc8d17b31977e9d02
torus.out0.01243.h5	9d2d33d15dc14cb46f3619401c581b7f
torus.out0.01244.h5	20702b503d377fd609e782e99817ada4
torus.out0.01245.h5	07e5803548fd884cc826040127e7dc5b
torus.out0.01246.h5	2c02e5ab3d58f5c4319b626a68a9f8cc
torus.out0.01247.h5	19482a21e9f7b5b58d2e575212ee7b18
torus.out0.01248.h5	48944d1cc757c6142795fca81b1e5024
torus.out0.01249.h5	565948bd949d83e4e76807b6b38eca70
torus.out0.01250.h5	20312606bbe40462482407b691a2e461
torus.out0.01251.h5	b542743a4afa5c6617c484ba3c30e7c0
torus.out0.01252.h5	29598f3751c95d69b489d7ab3b90acae
torus.out0.01253.h5	09fb5a8d287f291e54c5ab450ef4ba11
torus.out0.01254.h5	88b36a973e1d6335a13128061ff9d482
torus.out0.01255.h5	a8cefb93f5f3435a1ff58b7fd3ac9d66
torus.out0.01256.h5	595ad5e379eaee530efe957816219fd6
torus.out0.01257.h5	5f4ddf4ec82d6ce3f2be54af47f51a6e
torus.out0.01258.h5	990a907da00a2d7fb0a01b0dac73ba0e
torus.out0.01259.h5	aad613f332ee5f53ca146c918c0e6ec3
torus.out0.01260.h5	c80fbf53cbab268a7aca6d7c2fdb7569
torus.out0.01261.h5	86ac268dc228c088142dbe2e62d9a870
torus.out0.01262.h5	90720c9b350ec369d3e3e0769d35f521
torus.out0.01263.h5	8de9a4ec7a634883250290c5c3e59716
torus.out0.01264.h5	96d7e363ddb4ae394b75a39639e4fc54
torus.out0.01265.h5	d7482b4cea905ed15cbbcae462155e6b
torus.out0.01266.h5	3d320a5ed05e50dbb860f7417881ad94
torus.out0.01267.h5	7e65ba084d5c7d246602618e7b689b1e
torus.out0.01268.h5	9086261e23b4c7f9c14c19f74a43a93f
torus.out0.01269.h5	d3802b6afb8d7869e67e3e5a1bbd2afc
torus.out0.01270.h5	d07283d6f5a048e93cfb8813110ee1ee
torus.out0.01271.h5	1678959b91e73661c6e91bc5342266e1
torus.out0.01272.h5	b8759ee84cabcd8e57b5136cec63afcf
torus.out0.01273.h5	387d78a421242d5b9f22e96dc99c80b7
torus.out0.01274.h5	4aa86e8e42beff081666b98a3cfffc89
torus.out0.01275.h5	65ecebf87128ed6a12ae8aec3cd7aa10
torus.out0.01276.h5	0944463c3c73b745311088c02f74b0dd
torus.out0.01277.h5	6f9700f460c550fdbeba270c3a2ff575
torus.out0.01278.h5	5f7bcf4b72a619258a9ebabc886ab2de
torus.out0.01279.h5	5325f7bda5c30db0700528f16f91f0e4
torus.out0.01280.h5	0fb37fbf2a3892bf0836157421480f43
torus.out0.01281.h5	5e41cfe76ad930131835697567c2132d
torus.out0.01282.h5	840d27b9d48fee09a7eb8251a60f0a3c
torus.out0.01283.h5	b2eb71041f39391dbd1ea5e975b62bc9
torus.out0.01284.h5	00768ebd79fc0ead478b4c6bf88cf6bb
torus.out0.01285.h5	c64bd67321f7815e8af863fd1556e300
torus.out0.01286.h5	b5ffcce3dd486221d80198dc220fd2ed
torus.out0.01287.h5	ea9d590c645fc192c3b4fdea52f435b6
torus.out0.01288.h5	b1ec6b89ca3ddaf0d53e3124bbf336e8
torus.out0.01289.h5	03058a4302ef0c4e8285db9cf151a481
torus.out0.01290.h5	c5cd7406ba9495b6c9bdd04703fb4cc9
torus.out0.01291.h5	64df1099d84929f7f40623730eec611d
torus.out0.01292.h5	a45625bcf9355fbb29cabab85ad00b5d
torus.out0.01293.h5	6001e47742700d9941a960ffd1a7b6bc
torus.out0.01294.h5	117f6cd20d7380d11eba8deabe2f7abb
torus.out0.01295.h5	2a83130c4b877eb7ae6e0f22df863948
torus.out0.01296.h5	c06206dc42c6f2e9bb826c5ce21c7c9c
torus.out0.01297.h5	8c2e35f1e5109b87572086448ef21a1d
torus.out0.01298.h5	efb6a685da0a0bb499618e500a829f42
torus.out0.01299.h5	d8bc7d98e0e24cc6325a8d5b24dd5ce0
torus.out0.01300.h5	02825ae5f711f8ef348bb45d4a1b4c31
torus.out0.01301.h5	200548dc453bb770a78a965005d6f886
torus.out0.01302.h5	69332e6574f0d5a33c5acb7b00ad2be4
torus.out0.01303.h5	a7ba79915182def9fb99249245721c83
torus.out0.01304.h5	3cccff1685cf2b710b58bfc8bbbfba13
torus.out0.01305.h5	0dea5118a14400a90c8d501c1e883c49
torus.out0.01306.h5	7b6851d335ebe35eddc9a61581f9f65f
torus.out0.01307.h5	a62bc59aac3b36910d436184fb05e9d8
torus.out0.01308.h5	80565ed1409d3f7ac84be221b4e2865a
torus.out0.01309.h5	d6556975f79037b61e79425701c6c0db
torus.out0.01310.h5	c89e3e6ef990a7ace6fbca69d277e074
torus.out0.01311.h5	905aeba5ec57d272c472e8e578fb8af3
torus.out0.01312.h5	a81bf6c8e7c02f49161b9fe8793ba624
torus.out0.01313.h5	d47770752bf4bbe2f61c7385c78a3b3a
torus.out0.01314.h5	1366bba7c5183f3ebe37e5fb079f4ddf
torus.out0.01315.h5	8f25c49eb85161c5485520e2ea919f71
torus.out0.01316.h5	b4878f3cc2e4d941f121348bdf26eb9b
torus.out0.01317.h5	71c778dd581fcc20cb2287d64fce4f8d
torus.out0.01318.h5	76f51ee4ac21ff2d9adbcdab58bd5b6d
torus.out0.01319.h5	0afe81e3c9250cefe172505a2d45daab
torus.out0.01320.h5	e38209b3b730df24b350162e1a5e1189
torus.out0.01321.h5	267243db9c7ccb3b786433de279dff77
torus.out0.01322.h5	56c00efce1fd828a2bfa962db2cf0222
torus.out0.01323.h5	71f485b33f4473a46d5df4785ad66cdf
torus.out0.01324.h5	18dfd1a45677f1a5ab1d0b6369152d20
torus.out0.01325.h5	e8ec1be3b9b2a2f6902ce066a2b13921
torus.out0.01326.h5	18d8a568457192d8896df696ecce7f1c
torus.out0.01327.h5	a793f77b4601123f670fbdb184be4ed3
torus.out0.01328.h5	72af8d8cd858d275acba0da7f3c845e5
torus.out0.01329.h5	73b73bc996c3de5a37d3836a37797e63
torus.out0.01330.h5	153ac5b28c0e04cca0137db5b09278ae
torus.out0.01331.h5	0bf5611ef27e8d422dd582f2c870c413
torus.out0.01332.h5	d6efe400267a4b375cf6224d2bd95ec5
torus.out0.01333.h5	21053292b4649f89c99a2f1494c067db
torus.out0.01334.h5	39db6285774c4e1134dc2ca8aaaeeb14
torus.out0.01335.h5	eb5925b03988150858c4fd8a63269d9d
torus.out0.01336.h5	1ca81bba00371b27536f504906608d4e
torus.out0.01337.h5	dc9d84b357d3d82f92a1811c016bb561
torus.out0.01338.h5	d85a5face27fc8d09677d6a52bd56f56
torus.out0.01339.h5	f453852567f459678b5ac58da3c67900
torus.out0.01340.h5	ebb37821be3de55faed3b9fb9d78603b
torus.out0.01341.h5	2f511b023011c34247d8c4710598e413
torus.out0.01342.h5	bafe2408d86dd5925db1b28fb2d3878f
torus.out0.01343.h5	117e9fd68c11c4d9760a17326be36b62
torus.out0.01344.h5	c1f13f73144b6c603688c9140749296b
torus.out0.01345.h5	6c31a92203cfa7ec8c6977ff745757f1
torus.out0.01346.h5	97bdb03503c27c61d121d5a1392f351f
torus.out0.01347.h5	9ebb40f0990a4d16bea65f4b65bfad18
torus.out0.01348.h5	1c5bcc8ec1e1ef1d179af84b00260e86
torus.out0.01349.h5	f6e6ab07f0a1b707600dd4ca47c64a15
torus.out0.01350.h5	93509e07053fb7fbe79646d43731feb0
torus.out0.01351.h5	cf3fa2e61d9cf0ae2afd66dccd50e110
torus.out0.01352.h5	541f4448293dcd3179859c0598287f08
torus.out0.01353.h5	0e8c399cb08270145bb8ff46e0978a68
torus.out0.01354.h5	463f9565e369d21328821815205a43c0
torus.out0.01355.h5	f0bd2d1a25066dd08a1baff1cadd4bba
torus.out0.01356.h5	ecf168c85f89dfc0e5b136e7e3247e17
torus.out0.01357.h5	9eaa16ad3ca08e5cb432b2373454732b
torus.out0.01358.h5	af5f7ec29c66a2e986f6af4c3ea35d74
torus.out0.01359.h5	8ab8878de8db3f0729619a2b699c8f5a
torus.out0.01360.h5	632fdcc0eb7504924f55177521a2844b
torus.out0.01361.h5	5ac42f11b41082987ffadf55b21037a2
torus.out0.01362.h5	772ba6f2e318a08844d2cb06bd85a37a
torus.out0.01363.h5	631fd28e0e3427a2620935bd1f7a4264
torus.out0.01364.h5	9178a33156b12f6ed3e78a17e2dbfdde
torus.out0.01365.h5	fad39c195900d50c09a82037193869e1
torus.out0.01366.h5	5091cd192cda7287ee5cade55c6c885c
torus.out0.01367.h5	f20827428cdf1d2c97d426dc5e12e056
torus.out0.01368.h5	91816a2fd12afbf61152b0441449f651
torus.out0.01369.h5	ac551722b3b2499e6c3766c71270bcbf
torus.out0.01370.h5	047a965da22a00b0b2d671ece2928a6a
torus.out0.01371.h5	f3d56461f0b0ecd52118ca9c1ccd3fe1
torus.out0.01372.h5	8cb79d8fab87a73620268360b31328e4
torus.out0.01373.h5	064eec948ff6de4c1b37dc7ab300a388
torus.out0.01374.h5	501f0abfb3a32ac02b4e144cd064e6db
torus.out0.01375.h5	f0c0847ab6e7dac801af97c7936c11e7
torus.out0.01376.h5	9380ac1d3906a91159c05932c3817866
torus.out0.01377.h5	4ca008118a5a77c6b1082f8d459592ce
torus.out0.01378.h5	4bb081a893e8bc23ffe5c86b76757e3c
torus.out0.01379.h5	5f3fd33200df4991a4da23060b48e359
torus.out0.01380.h5	7d747587b54ba492b8d403fd0c709f39
torus.out0.01381.h5	a1baa5b0332449a78a4c073c115a4bfc
torus.out0.01382.h5	90a9bf6bbffc41eaddbc6d4fb838fdf0
torus.out0.01383.h5	d94aaa29ba31f4acb2f8f824b4917bc1
torus.out0.01384.h5	ec2156f07c6dbcf0e7dbc939b613fb19
torus.out0.01385.h5	a4d60a971810a8afe354938fb380d668
torus.out0.01386.h5	4bfa38884dcdea86cabf2588ecd758df
torus.out0.01387.h5	ec5b0932869519ddee77417b469d887d
torus.out0.01388.h5	a7cd752262c70ddafa285f804a6a240b
torus.out0.01389.h5	92abc91aae86c3ddc23be37f3ef0f91c
torus.out0.01390.h5	7dad0d2950061ed364d0132fcaf4161c
torus.out0.01391.h5	ad64a4424e2e8c0fa84e0d62581e7218
torus.out0.01392.h5	b1f8e96a3c10d83cd32dea1aaaf9c70d
torus.out0.01393.h5	89b19acf4f60c261047fd37fc6fe7051
torus.out0.01394.h5	7795f4e09109142ef2ae8e9be726f8af
torus.out0.01395.h5	d3d0444baf7b4da8d59523f2ce141978
torus.out0.01396.h5	b63a6d970010a8dced56b56d31f7e96f
torus.out0.01397.h5	3dbece6a205465582da12d30b5abba9c
torus.out0.01398.h5	6675f5f6536718357b656bd6dffc47c1
torus.out0.01399.h5	e9b9cd75dcb36a4bbfc2a926ae0337f0
torus.out0.01400.h5	aa6ee3888984e2601bc938faf5089bc6
torus.out0.01401.h5	d8175d4c5e9de89d7560de062b22834e
torus.out0.01402.h5	28c32e1e45fe4c01ffdeec5257427cd5
torus.out0.01403.h5	439c43702656ca8ca0a5953ca6ca5d33
torus.out0.01404.h5	cfea90255af8984f2583b5dace62248a
torus.out0.01405.h5	aa204d3200a9801a64c296beb54f7e13
torus.out0.01406.h5	2efdf3fd5ecd132a5f0c14025edf5133
torus.out0.01407.h5	5cd819a8736520433052817c6aca8218
torus.out0.01408.h5	5348c43398556578994a439214b00cdc
torus.out0.01409.h5	f0ce87ebb66e292d96e584fa5658c7ab
torus.out0.01410.h5	e2aeaddead64466e3c2b4200b684e6c1
torus.out0.01411.h5	503cc50dbddda2651995dacbcb1d810c
torus.out0.01412.h5	965194a95f37373e8a343ddbe0041256
torus.out0.01413.h5	719ea3c4b44057d51736c873eae45ba9
torus.out0.01414.h5	7389dba1ed8c416f08bbfa8572d5b056
torus.out0.01415.h5	0f3d14763ebd3f701c1a0c755c924de5
torus.out0.01416.h5	e385c76cb5dfc92ad5685d8078aaeea2
torus.out0.01417.h5	e2fb11a7cd06d049daab11910b80a7d1
torus.out0.01418.h5	be13e3a624e143d20d8f376fb72107a8
torus.out0.01419.h5	78373d170f7b0592f3c03e8f837fd20c
torus.out0.01420.h5	a15868037d8e67fadec6406a64f849df
torus.out0.01421.h5	cff2b95bff1ed0a9df6c3818b0f8d1f3
torus.out0.01422.h5	0cd813db3a96dcb244ff108d2df08a3e
torus.out0.01423.h5	85b7b2f43d3b104f218ba2e9bb427061
torus.out0.01424.h5	839c251733bebde9a3181663c6494558
torus.out0.01425.h5	3a4c0bce8f165d8596d53267c19614fe
torus.out0.01426.h5	46af1eb7d7242da01c7e2a1c55efb302
torus.out0.01427.h5	6e9cc10f01ac384e8a35edc2f46b990a
torus.out0.01428.h5	2803da5c057af4f7eeab922d3b968e2a
torus.out0.01429.h5	3295ef0b8558c90253ff6aa15c97d527
torus.out0.01430.h5	63043cc28cff2e0db521606e15184253
torus.out0.01431.h5	8bbf90ec3df8f1f2b3a91cfad254fa68
torus.out0.01432.h5	2ae02a65dfb0bf64aaa682bcd43632ba
torus.out0.01433.h5	8dbe80c9a76ab6d29157a209f27b456d
torus.out0.01434.h5	95497094576c2d9651a064f1c616e136
torus.out0.01435.h5	f689bbd8ef6195cb07329478b95f140b
torus.out0.01436.h5	f3bed22da3825251b7699510c924a05f
torus.out0.01437.h5	a624b2cca90190df3a999c02ef5beca3
torus.out0.01438.h5	86d90ac6b45d1f77919c001ea8c2879e
torus.out0.01439.h5	75a995db3da672041a64e147096f7b15
torus.out0.01440.h5	d9060eb13412b56e4a7f2cb21d9a0312
torus.out0.01441.h5	e3e81a6ed7f625fd3beab2a7332e23f7
torus.out0.01442.h5	44b142ebb7ecad560afcba9171b9c46a
torus.out0.01443.h5	072da2a610a3a01bbe1ea885984e7cba
torus.out0.01444.h5	5313fd0beb048259aadca68a57338722
torus.out0.01445.h5	6806fe9143dc5989282cea54dc305c43
torus.out0.01446.h5	153a27d9b853d169d4487e6620c850eb
torus.out0.01447.h5	0fe9943f26f000cb8ef0a50c247386fe
torus.out0.01448.h5	0aade2c59681a83d8263287ec4431118
torus.out0.01449.h5	b9dbcf9c733bb7dd6b4b803442c07d7f
torus.out0.01450.h5	3edf3120630bc5e9639a57237d4a2bbc
torus.out0.01451.h5	62de0dfefe917500242906ab0098a154
torus.out0.01452.h5	0fa65f40489ba8f889fd1c276072ae73
torus.out0.01453.h5	37f6011ab620b48675354519a2770963
torus.out0.01454.h5	de93cb45d64435e7542c567cb0f3d4a3
torus.out0.01455.h5	49b9843fab3a69cbcefe8a552e9e5f34
torus.out0.01456.h5	8a9fd28220d41210d9650381ceae0bfb
torus.out0.01457.h5	8dc2e1e37d9a499355f5d210a4db5343
torus.out0.01458.h5	d3dc0351ae7b97b546d5bab991c0aabd
torus.out0.01459.h5	51c2f9057c5de1dd0913c2731f8c73d2
torus.out0.01460.h5	9d9591c7fbd1d89b34a50421d28fc218
torus.out0.01461.h5	ff2498b2f09890208f3ff40dd9060b71
torus.out0.01462.h5	407583e05a7f4eab1fdb04c2c524354d
torus.out0.01463.h5	4fb93765ced8fe457354718d5ec76d46
torus.out0.01464.h5	5049bda1a1a2fb3dc0d58e0827c64bcb
torus.out0.01465.h5	a3db541d5bf16120a00bb0e8b680b9ab
torus.out0.01466.h5	fb66067f342015d6e4d156fa455e13f8
torus.out0.01467.h5	32ecad51ca9dc4634e79908e9ae35d8a
torus.out0.01468.h5	467561d4edb77146a2010c67d665b4d6
torus.out0.01469.h5	87636d7349a3e87fbeb3cebb0b81f6e6
torus.out0.01470.h5	22c7aeaa755c3c8efa1271e0e4099cd1
torus.out0.01471.h5	059ffcfb1fdc4f45738afef4f8d6de3f
torus.out0.01472.h5	e94786f4a4c48468f3e3a4a3255cc944
torus.out0.01473.h5	8843df11a5cc3125e97e467aa8d756b2
torus.out0.01474.h5	8b9239f4b86eae8aa80683fa19f904cc
torus.out0.01475.h5	57603c033446ca2e3f746656e94ef27b
torus.out0.01476.h5	a51f2bba70ca31b28109663cc9fdc563
torus.out0.01477.h5	d9ded25e34beba67f08e5512d72e3adf
torus.out0.01478.h5	74b2c1448ca31aeb7c4eef4ba794d71e
torus.out0.01479.h5	ff20497e1386ec7d2fe8a18901a15bb4
torus.out0.01480.h5	c2eb6dc636c63c355d30f7df14b19fa6
torus.out0.01481.h5	f837ccfca11e773a954ba47807c39033
torus.out0.01482.h5	5de2f080c28f58559905540000be2147
torus.out0.01483.h5	482a91e85a6ddf5295688a05594abcee
torus.out0.01484.h5	4c3ac0544edee7bb3ccede6a24aef3b9
torus.out0.01485.h5	9af8558c4bf453052fd67475ec115f97
torus.out0.01486.h5	b86c7dc8bbbf9a865796b3c07a846b0e
torus.out0.01487.h5	8d963bed82257aa1c3a36f9af1b8eb86
torus.out0.01488.h5	ccf5cff7623f707e546f99b3fc2ab937
torus.out0.01489.h5	a60ec3afce4fcd6f3ead797e452d67ac
torus.out0.01490.h5	1ba3160fc966f33afebe7ceafa09a6e4
torus.out0.01491.h5	b7191f570ffcb481b81d4a4e2811b328
torus.out0.01492.h5	a37100bd00f597422411301fc85741f4
torus.out0.01493.h5	b9cfa145e7c80a996f0ad20ca0478831
torus.out0.01494.h5	db93ecc75916609366d587337782ad88
torus.out0.01495.h5	9ee27551ea075672d188fca6fad8301d
torus.out0.01496.h5	c1d068d83babb31a00f6e3cb8ae6576d
torus.out0.01497.h5	d986ef54636dcae1afbadeda9780894e
torus.out0.01498.h5	234e38759f9f6f058ea8fb5d0b079235
torus.out0.01499.h5	19e89fe86f5a7e82b674aa9bc18fdb80
torus.out0.01500.h5	bcf15e49e79ac7de0e1aea503d44ac9a
torus.out0.01501.h5	eb08a08ebfa8e7b4394c689f94f06c6b
torus.out0.01502.h5	fc1db750b7097e19f5b7c81965121686
torus.out0.01503.h5	b72b61ed3f0b1ca616d1f6401be43517
torus.out0.01504.h5	8c1f0e0655af372cf88d8aab64d58325
torus.out0.01505.h5	cb664ec182e1434f90374350f79a0acc
torus.out0.01506.h5	ae1336b2848b86df3b6034caaa2d3d9b
torus.out0.01507.h5	2fa49520cd235a7067c6d31f5c7713fd
torus.out0.01508.h5	6b8c67d24cb96cdd77d65b87250a69e9
torus.out0.01509.h5	15774be02c3e9c0e37f7f18aa2f18492
torus.out0.01510.h5	f3e3ae64a3f107694d02d70b3ed94d9a
torus.out0.01511.h5	95517739e5edc131d5b0fe93cb7a25f4
torus.out0.01512.h5	6dd0d9ade60e3a5346cedb8e86419c9a
torus.out0.01513.h5	6363c922fcd9aad1e370f647826a6b4c
torus.out0.01514.h5	f50b262ffc38a7c147bc308c7d59cdc2
torus.out0.01515.h5	d1340f425392cc098a75d725a1cdc63c
torus.out0.01516.h5	fa96f8b115e2ebf37f74fff4556a2ae0
torus.out0.01517.h5	7ed512d76766979239b6546b75d24e2b
torus.out0.01518.h5	3491180a211101c02ac104fabcdc91b8
torus.out0.01519.h5	cabd51783529a71c9a2cd11a4d63ad64
torus.out0.01520.h5	3b2eecddf262d0e8569963a161b2ae2c
torus.out0.01521.h5	2b81272c27e21cad922f4cd0382156b6
torus.out0.01522.h5	1cb3887097d490d183492bcb953dc6d2
torus.out0.01523.h5	40f4ddff6bfb6aca40007aad45ad3b8a
torus.out0.01524.h5	4583021eb6bd5920120c0193c0e816bb
torus.out0.01525.h5	e0d4f03a508ab36e22f7567ed4d92b98
torus.out0.01526.h5	45702bc8b0e6fdd088e4cd69e56471d4
torus.out0.01527.h5	5cf08574045fe6d0ca4f2212c82f7fff
torus.out0.01528.h5	6ba7277e4618b6acab19b8d153492125
torus.out0.01529.h5	c12a2b1460c0fc9fde8bce68dc820b73
torus.out0.01530.h5	c72e41dbe630bbe39e745de4ae0b413a
torus.out0.01531.h5	52fbee94bedd07cdaba0d62489134a0e
torus.out0.01532.h5	dcdddafa068eb0cfa737479155f4e6a2
torus.out0.01533.h5	87db6dbebb48cbf6d2cff5a0debea238
torus.out0.01534.h5	f46fd95d2d18a2e9471621c3e56d8eb2
torus.out0.01535.h5	7e526bac4ce6925212eb1a3063b9b6e8
torus.out0.01536.h5	bece845c08c27e5ce988634537309b72
torus.out0.01537.h5	85a3b787a885a2ff6402d11e164ea192
torus.out0.01538.h5	a80b7bb965c38ae5951e156774cd7d10
torus.out0.01539.h5	12fc6661b935bb0f007a848b92e36b79
torus.out0.01540.h5	aac2b6b61c64bdca551451b5d064ec8a
torus.out0.01541.h5	686343b3a98adf28be77b25397e6fb6e
torus.out0.01542.h5	29552f7c2d154d7ee6cc17ab4d8679ce
torus.out0.01543.h5	8f126299f04ec3d159c45589a46cae8f
torus.out0.01544.h5	a69d9a8b72f3e5126a6afcc4b9eb85c9
torus.out0.01545.h5	41c457ce1551ced8049e43acc3b56c5e
torus.out0.01546.h5	38a002667e34789788369731e4dfd02b
torus.out0.01547.h5	77b28c59d0cb781c7557111ac5c5b1ad
torus.out0.01548.h5	ef2384e66914e8bc68b93b8c1c8d6a1f
torus.out0.01549.h5	74a7368daae30f6b7a297fec819ef5dc
torus.out0.01550.h5	bd8ec28091691ea167a60a89b16d51b0
torus.out0.01551.h5	d0411501fd03d1af28da38de7df1cf68
torus.out0.01552.h5	dea7d10ed8a81990e1051a829b095ae7
torus.out0.01553.h5	ec1465e8a7d4a8a2b0cf6b7363ac8424
torus.out0.01554.h5	64f42dfb51b699db70ccfaa8797bc1f7
torus.out0.01555.h5	a3d53ac93e6502addc7cc2e41110da74
torus.out0.01556.h5	579d67569fa8e22ecca9c86712d5ecb4
torus.out0.01557.h5	e6e2efccc4f171fec0e624ee2b0b5099
torus.out0.01558.h5	073baa7dbd9678839ca3e202390e2ab0
torus.out0.01559.h5	bed8c4c73366c007680d84a714509935
torus.out0.01560.h5	123fe444009b6b74b0c5645241dcab7a
torus.out0.01561.h5	b07af7eab791ad6e51b13b7543448319
torus.out0.01562.h5	3cc388ac9477915aa06e0a4a49bcc5d7
torus.out0.01563.h5	b7e2da5c4920f359a05523ed34c3a3ef
torus.out0.01564.h5	47e45a0aba0b96ea974e9280ce53b940
torus.out0.01565.h5	c17f478bc121e74dcee0a4f2c2c4861c
torus.out0.01566.h5	9036ebe4b6469dfc590da44e8919e115
torus.out0.01567.h5	bb6e034ef4bd934a631af81e8acefeff
torus.out0.01568.h5	05dc0597cf82a6e17b8d1d690f3ff83e
torus.out0.01569.h5	ede35dbd32cfb449f05d6cac8cc1fc28
torus.out0.01570.h5	54cdb31b91a273f1d8648e473f222443
torus.out0.01571.h5	09962fb3901f0c99c1971c1a41e80c7e
torus.out0.01572.h5	c205a4b660c009ff3d975409c049c2f0
torus.out0.01573.h5	9048b544852de7a3c2efb4b61dfdb12c
torus.out0.01574.h5	b464b126ad5f4cc10201fb5859b43ecf
torus.out0.01575.h5	52ef9a794a0077cd844904ab167e5f17
torus.out0.01576.h5	d59f8cf08cba088c610a061875862bc9
torus.out0.01577.h5	6d7f55553cc3537dcccac8ef6848ac32
torus.out0.01578.h5	9b3d2a5e9f3c977e59bc7066b4ebce7a
torus.out0.01579.h5	aed5c7486876945729fcb01705ba4c17
torus.out0.01580.h5	dc1a2bd2d6eca32acbcd24d72aaf5bf5
torus.out0.01581.h5	0aaa222da039e2a654eccb27c0f50026
torus.out0.01582.h5	b620da375943990efa0926a950717474
torus.out0.01583.h5	c7b3a2e762e346551ed31ba640d3f801
torus.out0.01584.h5	0ebc2addf04ece44aa6203ca277bba1a
torus.out0.01585.h5	58d85a9204d32d735c840b84ea2b7f4f
torus.out0.01586.h5	68be5a7a61453e5148ee03df5e18d204
torus.out0.01587.h5	f9585d6bbcdb8fbff6da222c597491d9
torus.out0.01588.h5	774fced88785a8cd8e98fb8f5d712103
torus.out0.01589.h5	905d3bbcc21cad246834b81b2cea873f
torus.out0.01590.h5	5e39ae8d62c7c399af932d8309af3f2d
torus.out0.01591.h5	7d879446e66d75553ce40263e98a2058
torus.out0.01592.h5	bd0cf36dff0492bc60ede8d8c8bb6526
torus.out0.01593.h5	e1e4a3ac4324612087f3cd42d89ce11a
torus.out0.01594.h5	3f581d2b00a55fe4c0d2894a91ac1507
torus.out0.01595.h5	15de5c1cb2ba744bbced1604539d3f06
torus.out0.01596.h5	a00bba74769d92909b9e9adf6f452148
torus.out0.01597.h5	44946edcaf8a0bf1dcd064eb4fdf7320
torus.out0.01598.h5	bab09acf3fce2efed528676663055563
torus.out0.01599.h5	fbb1e92a742b17e3f84d24c5c05f556f
torus.out0.01600.h5	7568746e0be156a45ba6bd7e1486ec08
torus.out0.01601.h5	e668c5fca8126771c92af9f69f767456
torus.out0.01602.h5	64f06670677e055fb1299814a7c349ee
torus.out0.01603.h5	0269422de3324d015709df6d71c8e25a
torus.out0.01604.h5	44b96f14c9b03a3bb180b92f96572da3
torus.out0.01605.h5	06e522fe0d7e23501894b606250c0e47
torus.out0.01606.h5	154302d7e79ad7d0867df27bb0de6a7b
torus.out0.01607.h5	d0e4ebe2d9c9da55acd9915db56cc1d5
torus.out0.01608.h5	e6a8cdee8eb4a3a38cbcdbca97e65492
torus.out0.01609.h5	86e12a0a9953702e8970c45e65d08b46
torus.out0.01610.h5	cc3da15bf9fa4d2b2ff2e0faf72d82c6
torus.out0.01611.h5	0dd522626ec06b775fbc410faf744668
torus.out0.01612.h5	69ae5e762164112c3160c614530db125
torus.out0.01613.h5	26db8afe264b0aa63910fd335d960f59
torus.out0.01614.h5	e4706e3d34a2a2b890bf28efec7cfd62
torus.out0.01615.h5	41a500757cc696c79938b06354f08211
torus.out0.01616.h5	b685462fd83776f1f1eb07c3ab6df452
torus.out0.01617.h5	1fcb0969980fae1bb42366a73216fdbe
torus.out0.01618.h5	718de6c3e8a89f74cba0957327f9a141
torus.out0.01619.h5	1d50b364c4e0c9283da128bcd33bb1d9
torus.out0.01620.h5	9799cc31d97fd71ff6718e1287d17fc6
torus.out0.01621.h5	37dbb6a5e515f26abb6a86856478f056
torus.out0.01622.h5	9b59532f5468fb1fa37a888e34ffbac7
torus.out0.01623.h5	b76be60e8840dcb6023dcc87d174fc0b
torus.out0.01624.h5	be9de3b357332729d58d384f536e61fa
torus.out0.01625.h5	38d066e6575f5fa2e6d53b8f19d55e98
torus.out0.01626.h5	e79082f196e371501abb615dda8e4a2e
torus.out0.01627.h5	1dd87e80b5adda9a8357dab4871620d3
torus.out0.01628.h5	86700d82b34a633bf8966b235abf9eac
torus.out0.01629.h5	b26708b3c8001302314d3c77206c0cb7
torus.out0.01630.h5	b023fa1cccf793cbb7a41c0bc6d1d859
torus.out0.01631.h5	c573b2d4909172180487c8d699a5b0d1
torus.out0.01632.h5	5944c2b829f982067c63d843cc36ac48
torus.out0.01633.h5	54eb1ffa0eaab6356945daa28ff7c3ed
torus.out0.01634.h5	fd543b0a18f41d21ce500d2451a5916a
torus.out0.01635.h5	b4729961c6031cd12f7e00c8e6384758
torus.out0.01636.h5	9c3a381730519ec3322e9d5fe716c4e7
torus.out0.01637.h5	66511c770ffe608b2a0c628213e91570
torus.out0.01638.h5	ecbb03f90e91feeb2aa703f62fa17d5a
torus.out0.01639.h5	713aeaa5124391503755d86196fcff94
torus.out0.01640.h5	5bf1c5c98769b0d2db6028decb490ccc
torus.out0.01641.h5	4abefd82dbcea0a356b8598147156537
torus.out0.01642.h5	4cc6fe9165a77632fb37fb23ca9e160c
torus.out0.01643.h5	64d36449f61aaf563950e6e4216f8c51
torus.out0.01644.h5	ac88991a7245cd3a8111130d2e0cda1c
torus.out0.01645.h5	fd9c3604421ee8ec5c238e1e291a607e
torus.out0.01646.h5	8745d06a026bc2123395a8de4f3eb2fa
torus.out0.01647.h5	5a6b4302b9c59f07f9af7012bf0a2456
torus.out0.01648.h5	41194835878b72ffa27567aa8eb34c68
torus.out0.01649.h5	3cda533254268630a9949f2b03f03092
torus.out0.01650.h5	525487e97156fdc1a2c6cd9c8b774b34
torus.out0.01651.h5	3ed9067002d3e539f7b85401fe55d307
torus.out0.01652.h5	5166469d96934cd9a8f86654fcba6b9a
torus.out0.01653.h5	c338ee38e5546a47bb74571d7207fee2
torus.out0.01654.h5	e0272c9e471f858c2a9d31710359beb1
torus.out0.01655.h5	a698c13fa8d9bc616c47046fe2376f3d
torus.out0.01656.h5	81c9564daa753349e76c73c885b7102f
torus.out0.01657.h5	a05ad6792e3991cb78b1b8fcb09bc89b
torus.out0.01658.h5	aa04f490b6200e35c7c1fd04d3ed7bf6
torus.out0.01659.h5	fe34e01754d0ecd58aba40f62e0bdd49
torus.out0.01660.h5	c5cca385d097339ab514ebc991b91437
torus.out0.01661.h5	11cfa8b89f1aba5e60106db01e248fd5
torus.out0.01662.h5	27676a84106d031869c02e10516d7257
torus.out0.01663.h5	577ab0181ba01686a1b3702aea166f61
torus.out0.01664.h5	513e552ee209e37307c6bea061123bfa
torus.out0.01665.h5	a24bd2dcd575d6293f8d7fe485c8f0c6
torus.out0.01666.h5	81abf41f747ed253cf7dd2aac1dd62e6
torus.out0.01667.h5	432ae71c8d1d79e1fafd7ca4df84cee2
torus.out0.01668.h5	5439a77283f34264a9ada9d178187883
torus.out0.01669.h5	aba37712cef520fdec370fab5f417562
torus.out0.01670.h5	c3252ff596ba7618b453241914f42b24
torus.out0.01671.h5	23eaf00deeef7476fb7f1a873024cc75
torus.out0.01672.h5	28c3e0b2c290e3c6716c6177550672c4
torus.out0.01673.h5	3e05338a038900c9255d9f1d574ed803
torus.out0.01674.h5	2e3af01c5b031752579fad29358cb1c8
torus.out0.01675.h5	dfe2b270510fb7eaa5a1e4cfa4212669
torus.out0.01676.h5	d67fca700464a1457b756c95b7739082
torus.out0.01677.h5	ab6e757ccd06992d8906ed15c5db988b
torus.out0.01678.h5	c85555e7dcf2b433afd1950c7d74a336
torus.out0.01679.h5	4b14085b947d4a6f5373b9545205d835
torus.out0.01680.h5	785bd23ca35af1e2bd7fe98bc629efbd
torus.out0.01681.h5	0e73973d8db85ce3833cfd011d9872d3
torus.out0.01682.h5	d2350847430323e0e26013d32e9a7330
torus.out0.01683.h5	71eb72e1fda99eb7f97479c07b37de1e
torus.out0.01684.h5	e96babac0ea18867af9ebbf274aca431
torus.out0.01685.h5	26b2d7cd8f7fe9071d8ad533ba632c61
torus.out0.01686.h5	2e66f7354f17ebe5cc4902bb7712e423
torus.out0.01687.h5	d62667f21414108b715d2991740360f1
torus.out0.01688.h5	bd06e9bc4baf16f0b1ff033d8cbd05ec
torus.out0.01689.h5	cf7aaa936fc92eb770189a3e3f22d309
torus.out0.01690.h5	16be31817010282bc744b6b47e7384b1
torus.out0.01691.h5	d5893cb33328b081d6a62bb6f67d3079
torus.out0.01692.h5	058d0e97b7ffba5694d771322f7cddc3
torus.out0.01693.h5	37df004fa1e4ce95ceb5d25f7346ee99
torus.out0.01694.h5	6740a4b1a7ad23f091f64d09f3161b45
torus.out0.01695.h5	2c227e9f6b9c8a547d1a4fcc2776b745
torus.out0.01696.h5	2ab8716a59ca9135e96757de8027ad5b
torus.out0.01697.h5	ff9c29f3d3b8584f65e3b06d058c6af2
torus.out0.01698.h5	aca7809d9a10737d3b6392483456d90c
torus.out0.01699.h5	febe38e8bc3566abc35082446bb6d61a
torus.out0.01700.h5	f96cbeb3ffa6ce7663afcd88fb521d14
torus.out0.01701.h5	588542a5b5d58476afce323ff8522ac9
torus.out0.01702.h5	0eb7f95a35f5b99a8faf74c68a5c2c1f
torus.out0.01703.h5	b7dc7b1cedb1b8f888ca152250a4a71b
torus.out0.01704.h5	d93125c24e97ada727888d1e57c1b7c4
torus.out0.01705.h5	81b9a8402f7b2679ea9c69d887f5ebb5
torus.out0.01706.h5	309d67598143803b863ba8ff59c1a3ed
torus.out0.01707.h5	c6103bafcb16c8ebc1dab2c0f24e58f6
torus.out0.01708.h5	d3845f5d155177b7b99b10a119c1249a
torus.out0.01709.h5	28d5f42fd4679847d5f4dc59771dc1d0
torus.out0.01710.h5	8889afebaf65b188e65a59b7cbf866a8
torus.out0.01711.h5	eba613e1d3825ccd87f487f100ecac57
torus.out0.01712.h5	2e28134c134ba41f18b2c4841a369018
torus.out0.01713.h5	e29cfbd8fa0073e0ba12ee7013a12685
torus.out0.01714.h5	effeab39de7ca4b6c2679761c9075748
torus.out0.01715.h5	7ff2b207991965176d38248b75ef75e3
torus.out0.01716.h5	8cb16caa220840c6d523b938a3f13e16
torus.out0.01717.h5	0f099303d7c0e27ca6401f57ed697b95
torus.out0.01718.h5	d6b0a12a268b9cb793f115426f4823ad
torus.out0.01719.h5	ccc527bf1e3fe5cb88f4f3cb6384e279
torus.out0.01720.h5	fdb0295fa0c5faf5595443d1005ca0ce
torus.out0.01721.h5	85e0ef2d28a3b2a0d146d943ea220299
torus.out0.01722.h5	5aa67f8dc58e098518ac106a633ce341
torus.out0.01723.h5	b9113119040036126a4aecc8803d04bd
torus.out0.01724.h5	4cff43c404f70f22e4476a20542e1185
torus.out0.01725.h5	83c6b229a66616dc85e284f0d7a40a41
torus.out0.01726.h5	7fbc291a52f977d7afcc6d44eb34a794
torus.out0.01727.h5	e419f435423522f1afb4a0d6a8b4ab9a
torus.out0.01728.h5	8e3c1bce4fdc314e6528a0ca273cffdd
torus.out0.01729.h5	e8be4d0c6262d091c66f70204b42d903
torus.out0.01730.h5	97fcfb492b6bde55a9547f264ae48315
torus.out0.01731.h5	a7b9c01a7a421f83e5fdd16ce819e4e1
torus.out0.01732.h5	6fa129222fdf08a847b8f9b079b0da2a
torus.out0.01733.h5	7aafa812ec176eee12445c86bb2b0ad2
torus.out0.01734.h5	2a190f6fc02742f2af76fef7d23c6a15
torus.out0.01735.h5	d5f12c87f64094f5b92a865d410bca5e
torus.out0.01736.h5	24ca1f3f549db011f2746f0af1844bbc
torus.out0.01737.h5	2d35d8d2bb19e7dbd88aceea5f7a7fa5
torus.out0.01738.h5	0e1957403d176d40228fce85a4a0ce34
torus.out0.01739.h5	5a69530e1b1003c3d2528bb119106d1b
torus.out0.01740.h5	ad0e52eb48d9a08033a772947a90fca9
torus.out0.01741.h5	bcd3e900a5e7dcaac224f8d07effe6d6
torus.out0.01742.h5	49715bbc8dd8b8c5cb5bd3f4a79a5a4a
torus.out0.01743.h5	faa8fb0118680c19aa7431cc52251a0e
torus.out0.01744.h5	bc3a34c996c9dc1376f87a6761cb0710
torus.out0.01745.h5	0273c3f798c7926a7111b49ad25c7801
torus.out0.01746.h5	b84d0050813c57f0d9e4587349fdd9b4
torus.out0.01747.h5	f21ae9df83d5e907fdfd894d92ce46fd
torus.out0.01748.h5	eaf6cf3ea32271541e1ae9ca49ad2d69
torus.out0.01749.h5	5c012bb01ba7f5e19000a70a3659558f
torus.out0.01750.h5	01e3862c1a7a15bd34a07b4ea5eae3d8
torus.out0.01751.h5	86c74583edbdbc74df126fa4f2b30b2e
torus.out0.01752.h5	21c7d941aff634113fa53a8642a44b7d
torus.out0.01753.h5	cc176628ea67516691678ac6ad2d71ce
torus.out0.01754.h5	7a8db13d3e99dee49d220cd7d4b8bf6b
torus.out0.01755.h5	bf0b81aebf35ff65af3b3acf8a0062e6
torus.out0.01756.h5	f7b2a9481651f7bb121def9574ca3823
torus.out0.01757.h5	0f353e47e971320824fef7ba9c7b8f93
torus.out0.01758.h5	bfca267fd76c9928b37667a5c5741244
torus.out0.01759.h5	5646654f19ffa269d70d07d425c1eb87
torus.out0.01760.h5	b05737f4927b3dc677678f63cbc1a1af
torus.out0.01761.h5	b57d40720a4dcb047fa91dee42778de8
torus.out0.01762.h5	3da0321c60ec05837f50ae27cf3eafb8
torus.out0.01763.h5	70cffdaf4aff0ec76ddece0e8f4384e5
torus.out0.01764.h5	c9f13f74dfb84168506b242a1cd2f6a6
torus.out0.01765.h5	a646e7f28831e1e16f6bc2214cb1c874
torus.out0.01766.h5	54c0badc79f5c4dc4d767d5bcc73175e
torus.out0.01767.h5	afa9e3f4ebbb6afa250ff1a46de6371e
torus.out0.01768.h5	28dae1a344eec90aae88bf20b62ee549
torus.out0.01769.h5	132fe5527d30175708fc27983291d4ee
torus.out0.01770.h5	6b62570670409cf928597ac55b02b295
torus.out0.01771.h5	944fa7beba5b75e52b29adf4ed16c3b5
torus.out0.01772.h5	bbfb109e06bf7260710692dff641f85a
torus.out0.01773.h5	4f3168e7c2a6b716a2ac377564961635
torus.out0.01774.h5	fb010a71af427b59a5b9bed262c7c88f
torus.out0.01775.h5	60952debe72aaed73527fa369a266ad1
torus.out0.01776.h5	960f4ea700b5b6e5049095016bb9a23e
torus.out0.01777.h5	a5efd09e543a00188da9ce50fad35930
torus.out0.01778.h5	408cbfc142341f701b9fa8b68dcc334b
torus.out0.01779.h5	7853e9822addbeb7792eb848c7e0de03
torus.out0.01780.h5	bd9c7a319e55b94bd9a673e7731a86a4
torus.out0.01781.h5	fcd6ad23387f98ca1ecb852c02670858
torus.out0.01782.h5	817a126c8d1f72fe06031e4bb1186b3c
torus.out0.01783.h5	94d526cf2b4102a3c796ad75ffd15c91
torus.out0.01784.h5	26fc1a175ccd9c1f1faa979fc5980e3f
torus.out0.01785.h5	0455403c52e2a7b2a91faefadd3f02a0
torus.out0.01786.h5	1de22fc1207ee94c93a8bed6418f84f6
torus.out0.01787.h5	1a4cd73cd4ebd80434288a44145ca884
torus.out0.01788.h5	1d6df0f666cf84635369137d7491c6be
torus.out0.01789.h5	55ba6ee7886404b5c5b436968b816351
torus.out0.01790.h5	58e7cdf97c4fbc959a5f2ca86e65b0fe
torus.out0.01791.h5	cbf74aea22c7768957cc567a93ee1d86
torus.out0.01792.h5	bd1c76a0cd1293eeeae3278efa487c4a
torus.out0.01793.h5	1949967d536292fbb79af5c1cc2ff3f3
torus.out0.01794.h5	601686f9d9c57aa21e21ea640c87b5cc
torus.out0.01795.h5	507d0c5f982bc86326f1019735195533
torus.out0.01796.h5	acae1d9af4888a076fb4ecd134cb9d71
torus.out0.01797.h5	0de3a63346f354b6db1c326072a94f6e
torus.out0.01798.h5	6488385ed02a68481ecd171f85f62a4e
torus.out0.01799.h5	14a2a5714c18d305ae2c1f91a09ad3ef
torus.out0.01800.h5	5ba2d10fa15e2bf560403e87c4140f26
torus.out0.01801.h5	87a20fa2256e7cd5eae7d6bc4119530d
torus.out0.01802.h5	02e4693390912787b13e69e95af8f397
torus.out0.01803.h5	154a4cb8cabb4440b0af6b5e5370d053
torus.out0.01804.h5	6f5961db59d2afafe429e79e77779aed
torus.out0.01805.h5	bc10e4cca5b4f0a6c637eb44e815e26c
torus.out0.01806.h5	e26a8b76149a66741c90d69a7069f448
torus.out0.01807.h5	18a03c37207e94e7624d29ea93d0e351
torus.out0.01808.h5	e316a5102cc2983170601301f041b841
torus.out0.01809.h5	a927995d6a004abac365e69ae9a3ff55
torus.out0.01810.h5	8d642ba26142834d823bf9d93972ccaa
torus.out0.01811.h5	de3c5db8f1636aa1adff63fa5f60d0e9
torus.out0.01812.h5	4c2ef0e8acdae97ca989d14b256b4681
torus.out0.01813.h5	e147bced0ca6253c96424d5328ae3f1e
torus.out0.01814.h5	c266395cc9cb4de612e99d3d72134504
torus.out0.01815.h5	66f10d6aca4b2868a9797836e9245f69
torus.out0.01816.h5	c60bd4fa89445c7b0e91e892f37c5f67
torus.out0.01817.h5	ec82edf954c3091f927491f3b02a1f38
torus.out0.01818.h5	b9e72e1d4f10d3f1cbe5d4e3738fd727
torus.out0.01819.h5	03a49a3dc9b3f574387933e5370807aa
torus.out0.01820.h5	38aaf30811003879d673338b0a293ffc
torus.out0.01821.h5	5598033ce71bea62b081128a622e22e3
torus.out0.01822.h5	5181acadba01d5463f21c9b82c80581f
torus.out0.01823.h5	679da272338935761cfde277278d8ee5
torus.out0.01824.h5	4a8694a60137998f86032ba02a97faf5
torus.out0.01825.h5	3985e3cda2ba3723d73262671ef395f1
torus.out0.01826.h5	060efc366179b47393d83316db12736a
torus.out0.01827.h5	ecf4c2c62c82b4b1388acf83b434c937
torus.out0.01828.h5	540be7bacd9e1d34772a59a4784c546d
torus.out0.01829.h5	28b36c41b232c7f5008489089cf186dd
torus.out0.01830.h5	53ae8af55cb77ba39df55a5f6f2fc2b4
torus.out0.01831.h5	9f929263bf529a3a9c3a7732da9e3974
torus.out0.01832.h5	5d79b2f142c4bfc66264e94268416a9d
torus.out0.01833.h5	6f7e08811b1cf66a354e1e130ca10194
torus.out0.01834.h5	d7a9ba5a24c5ca38f4443e516f98c114
torus.out0.01835.h5	121be1055e0f5262dd60f2c3e1925292
torus.out0.01836.h5	c2068aa74a7dd8555cd96b4883833091
torus.out0.01837.h5	2297574ca25f33be3a274c999bd94718
torus.out0.01838.h5	65976ae8d3da9489b73dc915ba7e4952
torus.out0.01839.h5	56388d79270411063fff7731c43a571f
torus.out0.01840.h5	22db8efd52fd7df5d33a726baa1e072d
torus.out0.01841.h5	d745c4c69f6bad95d3d673e0895d5c3e
torus.out0.01842.h5	76335072d858e84c27e68806db961206
torus.out0.01843.h5	0b241ff4f90949b7b44c5766403b1441
torus.out0.01844.h5	417c8631478c9c3fe659feabe26c0940
torus.out0.01845.h5	db3b9cf41027ee558efe8e88be98f8d6
torus.out0.01846.h5	cd98ca4ef72e2676a182f697ac0b3291
torus.out0.01847.h5	6553ce760e4cce4090256699da00138f
torus.out0.01848.h5	958e0a8d83e24f07338869a7e8633459
torus.out0.01849.h5	6b598f3dd7bb42d712c8ae6bc6904c87
torus.out0.01850.h5	4941c64b631507618db8b03b7d19aa2d
torus.out0.01851.h5	522615539d770e3e93b22c0574ce8d1d
torus.out0.01852.h5	40f39c9d43147d8fb7cc935a2d2aef7b
torus.out0.01853.h5	62035533ea6605265871279c6de4ee53
torus.out0.01854.h5	747f25fc6e875eeda29d84fab7c33892
torus.out0.01855.h5	fae5cf5da8548dfdbd447326fd005a04
torus.out0.01856.h5	b9b44c3475e1deb216f04b29c235ee3c
torus.out0.01857.h5	722e553aabd355637dedfca9308a5470
torus.out0.01858.h5	4ced87b0aa3cfe14b65a50dfbf3052dc
torus.out0.01859.h5	f53f0e2b82e60a5924f98af3cd8dc355
torus.out0.01860.h5	9373a3cdb84845e8c606caf953720526
torus.out0.01861.h5	a38c797b9e96cb81bfc813e67629300c
torus.out0.01862.h5	57025bd307a247146473f84a8215cb40
torus.out0.01863.h5	5080182e2affd5859186e002193aa10c
torus.out0.01864.h5	f978d5cca446081281b4d712c695a244
torus.out0.01865.h5	7a6f686de150d13befc76b7604529322
torus.out0.01866.h5	97b00bada2f14fbef86a8e4816b972e6
torus.out0.01867.h5	70418561cb52191d33f738757697bc2c
torus.out0.01868.h5	a5ca80cb050a81fcaa2e95786aac57e2
torus.out0.01869.h5	b9b090146a8db594eeb80e277d782c9b
torus.out0.01870.h5	b7daaef148bca70cf077d4cad2f17181
torus.out0.01871.h5	ccce4b393ccefc39f1a08a585037bb72
torus.out0.01872.h5	dd19c1427c67a8d2a1b7e7b826192e8e
torus.out0.01873.h5	a6c425d694bad25bfaf6664f4dfb99e9
torus.out0.01874.h5	036452d233ce15817f1ac20d5d062c8c
torus.out0.01875.h5	4f965b60e33802f8f73bdecabf2e48d3
torus.out0.01876.h5	4a04e6760a52038079201c5ddb2add4b
torus.out0.01877.h5	983ab4031904ce4fca184525be7c29df
torus.out0.01878.h5	0c402dd757526c7511d65ed5126bdcad
torus.out0.01879.h5	8d7e05926d72ad18556b6e976363173d
torus.out0.01880.h5	75419f423af60bc54e151653b58c5ddb
torus.out0.01881.h5	517d0e03e5f33d2a767c563e759c1871
torus.out0.01882.h5	33c34502e0739ffb44d6e0ddbf831686
torus.out0.01883.h5	a9ddddcb8761b24ac5d11ff931e513d8
torus.out0.01884.h5	b23af0579b08951141222c309baebbb0
torus.out0.01885.h5	c2ffd521c7f5bb64ef0a3719b35111f0
torus.out0.01886.h5	d1d61fe9349636fea2baa28daac87498
torus.out0.01887.h5	0077142e3beffae0c17ddafcbaf1d147
torus.out0.01888.h5	c2e933bca073526aa4c51b152826d230
torus.out0.01889.h5	e1e52aa8ea790f0d83d31369e941ac6c
torus.out0.01890.h5	604e59958afdc7c683e05667b6f40762
torus.out0.01891.h5	e9df7b2d6859fa0a8f98cbbd8546413a
torus.out0.01892.h5	49a768f7a14c03946742f7ba29d2250d
torus.out0.01893.h5	7bb9138edf43613d28c83ad8fe07ef25
torus.out0.01894.h5	e7ebdfb578d05cdfc176fc2ad7dac8cf
torus.out0.01895.h5	3a6179d90dabfe23ceaf33260e2f1c7f
torus.out0.01896.h5	59777a20c615b235788fda53297e6659
torus.out0.01897.h5	25feb5839900bc90670ca81e3125cdf1
torus.out0.01898.h5	7d3d25613111312cb8039bbcddda3f7f
torus.out0.01899.h5	a99a8aee30ccc9d9cff31aef2891255f
torus.out0.01900.h5	134a4859f395262acc6d2ee162b78b70
torus.out0.01901.h5	dfe50af001d5fb0d2de8a277b416dae1
torus.out0.01902.h5	df75718dd13a898e77d3b05ed73c18c5
torus.out0.01903.h5	d08799570adbed8a925659b729482011
torus.out0.01904.h5	48494d0f712903bef3154f615ad66417
torus.out0.01905.h5	451a6de27a57dacd12225d24aab6a46b
torus.out0.01906.h5	2cc73836cef9ec8bc69e0759826f67e3
torus.out0.01907.h5	559285f2554b215fee7ba1cb05e0c064
torus.out0.01908.h5	0d09e988640237168a24b87893f3d140
torus.out0.01909.h5	5929aa619be34ae5b4bfcce384a017df
torus.out0.01910.h5	fcbbdbb6483068028c9d4aa7be2c30b3
torus.out0.01911.h5	c5cde6a7b4160bccdc044de35544a6cb
torus.out0.01912.h5	f23796d231687f04bd07fabb42831b37
torus.out0.01913.h5	9b2bd01464b4e01dbca62f458e2b3da7
torus.out0.01914.h5	04a3f2d852da3cccb926a800ae3212d2
torus.out0.01915.h5	4e0e8c5fcbc676563733b80e54f40f33
torus.out0.01916.h5	4502e69e226874ca069df72432196d0f
torus.out0.01917.h5	2b8cb860356b6f7e0f92033212afac6b
torus.out0.01918.h5	a264ec640fb1b52a4f87a9ccc98a922e
torus.out0.01919.h5	d58c0b8cbc823297a14a2a19d6ce9f9e
torus.out0.01920.h5	ec77ccf941c7a0b69fd3ac55e8a48960
torus.out0.01921.h5	495f783c65bc8880feedc3951bc830f4
torus.out0.01922.h5	ea4550059c2bc532555ee71dc1402372
torus.out0.01923.h5	b557cbad051aa5e838ed3eaae3b73cc8
torus.out0.01924.h5	0aeb7a16c711c69d6cc594bb77d0c6b4
torus.out0.01925.h5	b60e45692be778bed0696584ed8cb134
torus.out0.01926.h5	3766e3f05e514d7c90567da1d7524af5
torus.out0.01927.h5	ba30a826ef852128464c9df8ae1cb60a
torus.out0.01928.h5	98dae4633202d940e4d43eb9fc792170
torus.out0.01929.h5	d05a55f41f5e47687f13d069b0604855
torus.out0.01930.h5	82b45c745f7ec0897fc9546972de0090
torus.out0.01931.h5	c7537070b18e78438fa166c426f48329
torus.out0.01932.h5	81e3b6f6fdba51150ff8f0e874114762
torus.out0.01933.h5	b29d7cac4017b576a28a9f67682ef7da
torus.out0.01934.h5	6b114636ffc30762c6f7ebef29f85fd4
torus.out0.01935.h5	9dfc5ff30903574738a41ab2441b41be
torus.out0.01936.h5	ad2b6a9d171ab3aa7fd78b4dba32ed6a
torus.out0.01937.h5	5add8067fe7bb2566ba603c5d536097c
torus.out0.01938.h5	67c0f6236f56d65049ee4bcc5292a1e1
torus.out0.01939.h5	b9d9c915a346183947ece6ce50dc6560
torus.out0.01940.h5	5bcfec3fd890a2c70a446cc26ea97758
torus.out0.01941.h5	8d9f199b08e9de46d44859072be844ed
torus.out0.01942.h5	c457693d0a27461fae34798f6cb43ac0
torus.out0.01943.h5	2774429f389840c96319ade0433551c7
torus.out0.01944.h5	e34dc77c193e023f3bf5f36469d03917
torus.out0.01945.h5	1a6cca14030df84366397d92bd173a0c
torus.out0.01946.h5	d516d92bedaa28b84bd1f832c443beca
torus.out0.01947.h5	ddb820118e4931a0b9c39d7b24393cea
torus.out0.01948.h5	40ca3ff9547cb60af05d1134be9853b4
torus.out0.01949.h5	8ebf780f4ea12ccf17f2847fd406d049
torus.out0.01950.h5	00a00ad49de9349d1595e750f3721929
torus.out0.01951.h5	6f25afc4e41b9ae529a455a4470207d2
torus.out0.01952.h5	887587ccf8fdd06ca0a17264d8596da5
torus.out0.01953.h5	6d581755c9186d8d0feb30b57bae9198
torus.out0.01954.h5	7e4936c48bbdfb086648384eb90ab20a
torus.out0.01955.h5	d8f1ef246b5cf32f24fd537fdae52d0c
torus.out0.01956.h5	d72caf554d837a6af2803421e0e0fc94
torus.out0.01957.h5	a2ff46d1488fe44110f9b4f9297cd226
torus.out0.01958.h5	e937403f2faee90cb00b70fdff8fa102
torus.out0.01959.h5	7b189fd731ab78a06fc349ea1e4e2368
torus.out0.01960.h5	1c0bbc5e2a093bd80d8632a69988191d
torus.out0.01961.h5	26f19cad5c3a815cff033f064a97ae5f
torus.out0.01962.h5	07aed923dcdb20df621ac79a754baf9d
torus.out0.01963.h5	8bc42bac1463766c144f808171d4580c
torus.out0.01964.h5	55bf4ab44e83d80e6fb2a4aa0ac0fcc3
torus.out0.01965.h5	f8fb76b4ed32ee8acc5d2ef0b0d6e146
torus.out0.01966.h5	78d227a42447e91a44f929a667b0e731
torus.out0.01967.h5	fea75a0531bf401c84dc396cecf35ab5
torus.out0.01968.h5	c217aed5927746b20ca8315e68ca0048
torus.out0.01969.h5	a7497cf7f8feb91771c602f8fe69b153
torus.out0.01970.h5	ebe2173696ccf53847eb24fd057b14d3
torus.out0.01971.h5	4f3f287f0c11f61a50893d761a06d5c2
torus.out0.01972.h5	0da4ecdb0796636ef9990c01c6125fb7
torus.out0.01973.h5	122eb69c55e57d500f88ea9447b6c06b
torus.out0.01974.h5	03651470dcd2a26dbae2c780ef3bc507
torus.out0.01975.h5	71c3ea2d496f5490160acc2d72eeff93
torus.out0.01976.h5	e78057a4b8cb638ae1d7f718bcfcebb6
torus.out0.01977.h5	44b26de44fb1739331f5a565e7ee249e
torus.out0.01978.h5	d47652fb940a6b4c45189854350e34f8
torus.out0.01979.h5	3e38b811b7cd3e3f163806afb52853c5
torus.out0.01980.h5	bdca97f4df93c61724195dc3d4679f0b
torus.out0.01981.h5	415e157444dd29facb1d8279e07ba328
torus.out0.01982.h5	3d8f633b76dfbbb4588b2b4f772995ea
torus.out0.01983.h5	bc39adef3b42d260e424b95ce75a84bb
torus.out0.01984.h5	e0778226a0601fea4df7d340a44adc37
torus.out0.01985.h5	e098eb024119a00368ebaae0467d976d
torus.out0.01986.h5	a1136c91f3503eee43d2b2c0a34b742b
torus.out0.01987.h5	92df217ac4f88662177e4ff055c2dbc8
torus.out0.01988.h5	627931c421cf8167f2754b275a0c3b5e
torus.out0.01989.h5	665211ad9994c294410be7bacf06a2c1
torus.out0.01990.h5	3abb88e7b0d5fd9b1534caafe39b7a03
torus.out0.01991.h5	a4c3abf81e59b6fbc595427a6bc98790
torus.out0.01992.h5	6ca7bee99c2b58f7765c80d5d3b0b9c6
torus.out0.01993.h5	89a5e8433d9aa3e7b5c89a8b2f1b041f
torus.out0.01994.h5	6c774a526f4e675373e8d5772ee76079
torus.out0.01995.h5	d5f79d0497c7884b05308d933a1252ea
torus.out0.01996.h5	41602d217ef124c86cff9626b844e355
torus.out0.01997.h5	6c51e910e1023eecaa2d97663804da50
torus.out0.01998.h5	e14f23b4cffc055e88f7ca894bc7e75c
torus.out0.01999.h5	d0c7ab758c60d80075f3ae4523a44486
