torus.out0.01000.h5	4a533449ac1101a58b620a211ad99cbe
torus.out0.01001.h5	3a1f44faa5047b1249d6dad069da95b2
torus.out0.01002.h5	0eddee4ffbb089d4aa3c24263cadfc71
torus.out0.01003.h5	45ca2b19497254d046c529c1ec99ead1
torus.out0.01004.h5	0f340368e3634e2b29b3b96c5b2cc5ab
torus.out0.01005.h5	b15bf47ba32928bd897451edfd230cba
torus.out0.01006.h5	242f7e18a2caca15b2ad877564294f5a
torus.out0.01007.h5	e2238f58bc4573797361e6833ffd2670
torus.out0.01008.h5	b82a1eff53da6fda5e6e238f0ce64942
torus.out0.01009.h5	45db354a2dc3a3fc9278a33b7a2595bc
torus.out0.01010.h5	0e61b5071ebdaf7af0158953aae98071
torus.out0.01011.h5	31a3205933168414119d6b31765afb2e
torus.out0.01012.h5	df4cc2505496f1a190fe92e93b59802b
torus.out0.01013.h5	7d49c98f78f70f46162461e45200ed73
torus.out0.01014.h5	42cb5fc473d7f4b226e138c9b22c0eed
torus.out0.01015.h5	59914b94c276f5f7e7d8720bda2faedc
torus.out0.01016.h5	3a6690061fb6d47e6b3ae56caae0f167
torus.out0.01017.h5	06224dcb003c6e8a68708581e1a1611c
torus.out0.01018.h5	bd4003fb17d30ed89463b6fdb82f1ec5
torus.out0.01019.h5	f52b16e30e5d613fd6005439cd3e2cdb
torus.out0.01020.h5	80180cf54000f514c1b28342d5001135
torus.out0.01021.h5	c44a1a61a63e0d7dd1df464b3c76920d
torus.out0.01022.h5	92d0351d6f00b4ee84c3c3031d14f577
torus.out0.01023.h5	32edf8cfda61b77abdf65aff49c9f211
torus.out0.01024.h5	3bea76270f13c3e3b50cb4f97b81409c
torus.out0.01025.h5	1ddbcb61eeaad090e3dee359f8fdc5c0
torus.out0.01026.h5	ca3f073bc9fc45f2ecccaf793f82ea5b
torus.out0.01027.h5	856488f0dd280039b422fa352146b585
torus.out0.01028.h5	58f2f3bae157e58d090e124d62bee4f7
torus.out0.01029.h5	23c0998de39294713020ed6f1862c76f
torus.out0.01030.h5	7d1384476868d67a95353be39b897cc7
torus.out0.01031.h5	11458e14cc62c1a77d9505454e3f5621
torus.out0.01032.h5	8ec3a41cbff9bc42993ae5ccc6768ac6
torus.out0.01033.h5	6dfdbc4a5585d6b87567c1641bcb8338
torus.out0.01034.h5	8d9bb503d63b52a4098bd117410930d7
torus.out0.01035.h5	b26bc0096e03e73269d2592477856b6c
torus.out0.01036.h5	a8932de16562bebb498b374580aac3e6
torus.out0.01037.h5	6960df23dd523dec412f3cd964fe100d
torus.out0.01038.h5	fff27a4465378256ab97cce1f895d85c
torus.out0.01039.h5	9faf01f020d56804d7b1e59f8cff67e8
torus.out0.01040.h5	7f8068d7db1c7f58f9a92c531d948443
torus.out0.01041.h5	218e2e32eb4981c67ab5ade96567fb8a
torus.out0.01042.h5	a7e62fc3cdba20bd700456c26c16c19b
torus.out0.01043.h5	4e79728b7b31f8fabdf499d0e0913354
torus.out0.01044.h5	3756647e56a8f285a4c0827f09cf70c2
torus.out0.01045.h5	8e47bba224b184eed47344aa8b2b4e1b
torus.out0.01046.h5	2d5f87cfad41651717cd2c5be4e2d746
torus.out0.01047.h5	c064d4cace940affaad6e2c662905aca
torus.out0.01048.h5	81937b086cd49c25c6cbe33a200413b6
torus.out0.01049.h5	b62136443943c0a50f146a3a6bb7b7f0
torus.out0.01050.h5	b36bc481c59c0d66fca247be05f18f8b
torus.out0.01051.h5	8d7dfc3ca217e98e8d1ab86218b47a41
torus.out0.01052.h5	39e82bf00d5de05bda8a097b4a255dff
torus.out0.01053.h5	39774917625a16dfb7414329f3537aee
torus.out0.01054.h5	5e19275d8d2828ac66ad9826b7ba0f99
torus.out0.01055.h5	ea3f1583dfbb7a3311554d3e6e5e9579
torus.out0.01056.h5	e7c3e13dbc6e2fe15e4538249b90fd5d
torus.out0.01057.h5	64af5d22e1984a6e2a06afb7fae6a899
torus.out0.01058.h5	ff4387ae633db6fda3678d82d29f5a64
torus.out0.01059.h5	78c30dbc17e552b51ba9f930003bd02b
torus.out0.01060.h5	43567a31385797fee64351cfe8299daf
torus.out0.01061.h5	6f22e0339c2f076a8a68cd463c4f023c
torus.out0.01062.h5	5801b59300ffb679fa6ded0f3b4b4493
torus.out0.01063.h5	de59cb39e98ae6134173d6f7fe92b2d3
torus.out0.01064.h5	702d185e6b7342a8bc0d8bf38e9e1876
torus.out0.01065.h5	470acdeceb475d0a1bfd016570e84977
torus.out0.01066.h5	33eb4420f277af7e338f5b5bf166a300
torus.out0.01067.h5	e0f383e1804b93159ebe21ef66490555
torus.out0.01068.h5	e13b6cd1df1d10d328c3af28740f67e4
torus.out0.01069.h5	dd34df695f33cfbf9e192baa0efe91d1
torus.out0.01070.h5	684b7fdb792a0d7b0a34503d0bd5ff8a
torus.out0.01071.h5	3157201abe52f0fbe7d1de6b4a9b9a6b
torus.out0.01072.h5	3f35d2945e66f0950057c2fcbf5aba5b
torus.out0.01073.h5	cd85d7a15ea3d72d9a363902863a75ab
torus.out0.01074.h5	276b596be0a0380343cb4d287d765017
torus.out0.01075.h5	9f70accc6a5473fbd66d1e07a87cc4d1
torus.out0.01076.h5	7c2b2b16cc4d01b40c9739aaacf02b1c
torus.out0.01077.h5	f741bb524f2e1b6742ecba578ed12c3d
torus.out0.01078.h5	9aae7cf98985a42944dc5720402fa9f6
torus.out0.01079.h5	15fd69dc492befab086652c406a4c327
torus.out0.01080.h5	30fcd48f4f71f86c7362947984945fc4
torus.out0.01081.h5	1608e5458b00d263151c5570719402f1
torus.out0.01082.h5	439e652afed2f53e66bc84c3dd8c3896
torus.out0.01083.h5	cdbdeaa7928a0943f3430bc5e84b801d
torus.out0.01084.h5	91d0f8ec6d9e7816372ea90b7b525c37
torus.out0.01085.h5	2e3e72c5bf5d128662b0065dddc1030f
torus.out0.01086.h5	7c0a9c3cdd238cd1fcf1ab7104ea08cc
torus.out0.01087.h5	c91d35b955b26b72fd1b4936d1e8e957
torus.out0.01088.h5	f9db45c93f501d232ba133a7a9d5c2b3
torus.out0.01089.h5	0cd04b80b49e4fa9c017d03fc11142f0
torus.out0.01090.h5	4d157236e2baefb535dea3efeb81cd14
torus.out0.01091.h5	0603aab3c22c6b0ed178bf83867acd68
torus.out0.01092.h5	6f845d6fff740f9c2cbbb6ad669413a7
torus.out0.01093.h5	8316c27f50c6deb06e09bb551ec5c8b6
torus.out0.01094.h5	be11a1ec78458161448c66323e9507e0
torus.out0.01095.h5	c8538b5612828ec2b8244ec7aa4ce618
torus.out0.01096.h5	684551ad69fae6cb0e97719904589c2c
torus.out0.01097.h5	d7276bb43f6e87b0026c7bb02ab51937
torus.out0.01098.h5	03aefe79fa5fa5482460a94a357645a2
torus.out0.01099.h5	a27aea2cee64b2c9070fb604cfd25c06
torus.out0.01100.h5	e87e008146c3cf698b6b599551118321
torus.out0.01101.h5	46650031396f79d29a43d69bf146aab7
torus.out0.01102.h5	684c3e2588dd6967b0e1cbb0a4f45bf6
torus.out0.01103.h5	f23634e2b8f216b9284e155439409b32
torus.out0.01104.h5	7beb0f069c96a3ced17537e432ecc7ae
torus.out0.01105.h5	becc0f21f7eb61f721d0e774da2b1913
torus.out0.01106.h5	1a59316bb6d9905bcadf3de6c7afeb17
torus.out0.01107.h5	c7779ddc567cbd933b486ac16f80b837
torus.out0.01108.h5	6af41771f93d31542701c79d1030452a
torus.out0.01109.h5	77349c29668da5bc0eea4b3432e030cb
torus.out0.01110.h5	37c4150c03c6936862d71dfb5cb5c10c
torus.out0.01111.h5	2b1152bafb83048d77c6e8eb5a3910d4
torus.out0.01112.h5	32f948e0f1cbfd3ab6e4aca13b7d8d64
torus.out0.01113.h5	ae864db2a2936f6554069f4491d06b0d
torus.out0.01114.h5	0a9bb7107bc1b832dbc7fa116f669d5a
torus.out0.01115.h5	d248ee8178585c0c9c3454cfba8afaa3
torus.out0.01116.h5	2414d76154e8ad9b10be955908e62373
torus.out0.01117.h5	a21ad6a310526d5e9d8fb5f6cb26f428
torus.out0.01118.h5	2a2011857dba0b9d6ec3ca594591af14
torus.out0.01119.h5	b1fcffc10f3a281a3a729099a7ef0abe
torus.out0.01120.h5	22decd99fa028694b8ee017f0e5f9433
torus.out0.01121.h5	a401c2a615db6ea3c2bddf0afac3a58d
torus.out0.01122.h5	5a6fbdd20a62722b96acfdb6eadd6f18
torus.out0.01123.h5	d21c68ac35b306aea13032abe5f2b14e
torus.out0.01124.h5	7dd74e8c141924403dcd48d6130ab55d
torus.out0.01125.h5	b4a64d2b2f705e69758d854e805d8866
torus.out0.01126.h5	0c39bc4227205f79456674af1359c30b
torus.out0.01127.h5	f007406c2888eba0a45d0c405fbd5558
torus.out0.01128.h5	6aa2c01debe3543ebfe5471f0a359048
torus.out0.01129.h5	9cede2dd77ddb400ccc19adcb48a5e2f
torus.out0.01130.h5	c9fc77746df1313a764ccf77f90a9d4e
torus.out0.01131.h5	136faa5e249223fea5fad91846960132
torus.out0.01132.h5	dbcf712ba263206092e56ba91ddec7d7
torus.out0.01133.h5	1216d8fc5ae05218ba0cf86f66733508
torus.out0.01134.h5	41b2e144fc3bf12bf6f1247b3f80fee4
torus.out0.01135.h5	e731c46e1bfb9c05a1b9595e93b4339a
torus.out0.01136.h5	7c118939d5fa03da5128497a5cebfe32
torus.out0.01137.h5	19f8bc39e5697bd95ada81b4dc9198bf
torus.out0.01138.h5	ccdc30d09be3909e30de5f448df36e08
torus.out0.01139.h5	f7c455b10f0fd8f06d602f9f6a1cc6ba
torus.out0.01140.h5	9e978d55afb0ff8aa7ca7769b29eaed7
torus.out0.01141.h5	27a26c93ffafbfcde02f2be44af2b628
torus.out0.01142.h5	322d2b2b0b2955e8fad8ed411d3b4aa7
torus.out0.01143.h5	afcf93a947a4815e514ad3a4e467081a
torus.out0.01144.h5	e3f489532599c07b5feb478c5885f6df
torus.out0.01145.h5	ebdbf70d2a07dc727bf38ef9b0fd9c5f
torus.out0.01146.h5	0f6080d7ab9e98249f26008856b3ad09
torus.out0.01147.h5	6808efe4c950412155608fb4192dd8e1
torus.out0.01148.h5	1529c1f36b055825873917c6056a3ea6
torus.out0.01149.h5	f720886af746c3c96dfd82fef22cb817
torus.out0.01150.h5	65e74a7b7038c9df8209abfac399a608
torus.out0.01151.h5	76b677c26aeabfcf8270384d76a0049a
torus.out0.01152.h5	3242459d6ecd9960abd9c5d886aeea77
torus.out0.01153.h5	c4a736a7dcfbb46021adad3e81085735
torus.out0.01154.h5	98a070a4841a00dd1247eb6cd64cb268
torus.out0.01155.h5	1c12e92fa4a7823ad79039822a4b051b
torus.out0.01156.h5	b4c37d9e0155991b50ef5a695dbc621a
torus.out0.01157.h5	f2aaf72476227487e859a34e1017e874
torus.out0.01158.h5	dcb7907232e4a7e1fe3b7be1fb3a7d6c
torus.out0.01159.h5	8b61c8e971531bb060cbd9cfac7c52cb
torus.out0.01160.h5	ed8fe86952aafe83610ee9cee645a49c
torus.out0.01161.h5	657bee6865032d294dabcd3898276b9f
torus.out0.01162.h5	5b1c4945a1df64218520d72b3891beed
torus.out0.01163.h5	745ac496212b5a558bc908f19e34bbce
torus.out0.01164.h5	cdef1fbd8c463255d44c0993909303ba
torus.out0.01165.h5	b4049ab9ccf3bb8afccd8c60494fd2a3
torus.out0.01166.h5	23e1febf2f30464cddf5da9bdededa60
torus.out0.01167.h5	bee77d2752019d6f321ad097963cd73b
torus.out0.01168.h5	3be38196d7d277ad75936b160ed9c386
torus.out0.01169.h5	73c9658d6d6483a5dfa353a98391bf82
torus.out0.01170.h5	6b6737753b132e72aa4b1464bbd87f3e
torus.out0.01171.h5	ca8e30f6984ceea4747338fd7a9c9a04
torus.out0.01172.h5	ce008fea1cda8d5909ece92ab591dce5
torus.out0.01173.h5	26042f0cc6de78d2d0064a7df1259a39
torus.out0.01174.h5	cf578d390a41cc923e16710207aa6d95
torus.out0.01175.h5	ecfa1a18c7d358cb6cb1d771417a3767
torus.out0.01176.h5	2bcbd3472ccadeb2cd9ec50790074f88
torus.out0.01177.h5	35091c41d60a31d9e8166aec9a5b3c66
torus.out0.01178.h5	bd13ecc5dfce278770d828a313fc8f88
torus.out0.01179.h5	313efd5eaeb9f083c4baf26da2ab07f9
torus.out0.01180.h5	8cc9bbbcf39de33d434c18ddd99a8058
torus.out0.01181.h5	4d727c8c473da9926f059ecbcc48bdb4
torus.out0.01182.h5	01e65b62559e2db012dd1b619a5464a7
torus.out0.01183.h5	eb836bd73e181d76f28084a7171f5ac2
torus.out0.01184.h5	4c7ce22b0076bdd1535b894dfa482336
torus.out0.01185.h5	b1215cdddb33467fe906cd89adeecb2c
torus.out0.01186.h5	01816530bc5ce0f988671e108ea41ff9
torus.out0.01187.h5	3ddf9ff6931f2faa482d26502c969aa8
torus.out0.01188.h5	926acbd1f258b3c53ea8803957de3ba7
torus.out0.01189.h5	365f851e425a8849bf42d6d388fdb794
torus.out0.01190.h5	8801497cdd08d53ec9e5bf831d4c107a
torus.out0.01191.h5	8b9de06543cd8bde2905bb998e9e9574
torus.out0.01192.h5	c0fdbfe6332b67f6a29b7815b23361c8
torus.out0.01193.h5	d9599676657f628c862f1b3ec3c6abe3
torus.out0.01194.h5	0623282a95ea1a352957e35a0a7e9842
torus.out0.01195.h5	aae7356840701e807b046ede948e7fe1
torus.out0.01196.h5	36b8486aceefc6bf78d786e4786942cd
torus.out0.01197.h5	d26134817a4cda9c41c3c3d044191524
torus.out0.01198.h5	e9c1820e532fe044728a5b7fe32e8d64
torus.out0.01199.h5	38e8178c379a64720257243980c5ba00
torus.out0.01200.h5	afc55afb0747503157aa792655483cd5
torus.out0.01201.h5	145d4d3f0af411b1982ee0e1dbcc0d51
torus.out0.01202.h5	ee9a777cb221d58f61d301ff20c0e2c4
torus.out0.01203.h5	ad8375561602ca9f5d721bd18ae7b83d
torus.out0.01204.h5	4d26293f84c0be5ec426830c612ff323
torus.out0.01205.h5	b292c1b8728f6d3e473785a1273603be
torus.out0.01206.h5	e9f2d7bb620d339b9d7680ce00ddcf4a
torus.out0.01207.h5	02139a3f2cc677ac5b4126b8e01a45ca
torus.out0.01208.h5	f25dcc08f4cede9e0af8e2315a540b68
torus.out0.01209.h5	c1b65e70efa0ec97c56cdc236520c9f5
torus.out0.01210.h5	814c44083b04b6ea073f6697a4db0945
torus.out0.01211.h5	c03779e7f5489e54d243a295abcd1c0b
torus.out0.01212.h5	2f9d892ca62aadc4abea1de1032091f7
torus.out0.01213.h5	137466b655efa483f21ff5aa1f5be6a1
torus.out0.01214.h5	dcd0a6d3a835909339340beb012145a7
torus.out0.01215.h5	07707de2bd8adff8a5384242b2aac85d
torus.out0.01216.h5	d3b2f4843203c3e68177cec8be2ea1a0
torus.out0.01217.h5	64ed4772c2b946219aec5d362870e7d9
torus.out0.01218.h5	36f5cd8b975bce55311e6a9ea2688b41
torus.out0.01219.h5	625f7b8390895c1e0847b46615df9caa
torus.out0.01220.h5	7f590f9052b3a727be0a3fae8e394a0b
torus.out0.01221.h5	1d103a1767cd003ffc6cfccb56876368
torus.out0.01222.h5	7a2c37c0cf949131c17ad1d4b67a1c58
torus.out0.01223.h5	47e5b559ac923c8071c880c1c4a16181
torus.out0.01224.h5	7dd43d45b5ad3dfc365fabe3b6d77393
torus.out0.01225.h5	b25f34822bc5195788299307b5ceeffe
torus.out0.01226.h5	48a3fe63f94195241fcc934675f1563b
torus.out0.01227.h5	20e2d83de4570e16a994a99f200a0e96
torus.out0.01228.h5	b94029de092174920da30bfc48386894
torus.out0.01229.h5	0ff6326066ff5655cc67711d4bb22e0b
torus.out0.01230.h5	0bfa8117ea0fb7a53bf4777e30d489aa
torus.out0.01231.h5	6c4e9f7eb2caee6cd48c806cf7efadd7
torus.out0.01232.h5	de7f387b47907261d7a088864e84d120
torus.out0.01233.h5	26804884644d8736d11b6382188400b3
torus.out0.01234.h5	4f193891b0f7d1a147529c3c41c6f6d9
torus.out0.01235.h5	b492030393e510af44f24600ab9ab02e
torus.out0.01236.h5	c0a2fb55eefc5a305475c2fc2b72a316
torus.out0.01237.h5	172dd0794c8d093c93b8a3a45fdd60ad
torus.out0.01238.h5	430a62dfb89259bd28c771e2ea86e8ef
torus.out0.01239.h5	137696db72714db68befa65ec0297bba
torus.out0.01240.h5	9191aaa8b4af92e3898e9f7fd962b5e3
torus.out0.01241.h5	12fbd6734fad32237c9b53cc97307dd3
torus.out0.01242.h5	9f68b929c857ae8fa773d3c932b4f162
torus.out0.01243.h5	8732de7944590b8b4dabbc85fde0573b
torus.out0.01244.h5	36e2c2977fda6fbb1094ec4531b675de
torus.out0.01245.h5	27db07fd114209e6a1c88dfabbe00204
torus.out0.01246.h5	9a37a26e60dcf9adb6ca55f94e3f173e
torus.out0.01247.h5	00f4551ed8692cdb8e012c0b869d0e83
torus.out0.01248.h5	93ee64eab32e6709a4e7cc8f10aea2b2
torus.out0.01249.h5	28f9579af8dd86bc7784da3ec23f2143
torus.out0.01250.h5	8754602a450ee8368a8a61d6105dc5ac
torus.out0.01251.h5	a7b0c6f0f143667e441ffd6e83b68bb7
torus.out0.01252.h5	54b64033e13893507c051b9288c862a5
torus.out0.01253.h5	0e604bfbaa35c72ca794b1e4f833d1ac
torus.out0.01254.h5	57e0da8b98699bd47e4487f53d575cb7
torus.out0.01255.h5	f763976d078bb4fbde14676c956fb41c
torus.out0.01256.h5	0e8973ac66ddc54cf37dca980e742272
torus.out0.01257.h5	9a9ac630bf6e2e925166617e4fa1d591
torus.out0.01258.h5	d8706cf997902c9647473d73a52b9af6
torus.out0.01259.h5	e21d13df646d81fe899a2f1630346195
torus.out0.01260.h5	5defcc75a475faaa96f67c9eaf181ae0
torus.out0.01261.h5	402e965c66d2d13132ef697a1cb8ddfc
torus.out0.01262.h5	483b699c3f6c46f264c1a85657fa0d19
torus.out0.01263.h5	2d66604905e4394480f278b8248b888f
torus.out0.01264.h5	6f3f6cc324488084af4273213c4038b7
torus.out0.01265.h5	4a6294fc69f7e96f6c6f84a17650b32a
torus.out0.01266.h5	eb987e204d1ff694a5527d60822e512a
torus.out0.01267.h5	0d6f9d4b20b89bc36d91d28a3fd2938b
torus.out0.01268.h5	ea6d7a76579fdb14049cbe9d0863f13a
torus.out0.01269.h5	3e0b0e81ca6619031e96cd02e50f8675
torus.out0.01270.h5	55ef3d45efe0cb09bb05d3bbd348acfe
torus.out0.01271.h5	b205ad7a267e3a4cbd0e355177d12942
torus.out0.01272.h5	eba436a656d44d0d04823eee42d3cc82
torus.out0.01273.h5	facd5c53aa31eb650613f49d2da566b8
torus.out0.01274.h5	b24be2b15cd6b83c07c9a13bca5eca7e
torus.out0.01275.h5	494e0d3355f0f0bba1a175fbf2aa0414
torus.out0.01276.h5	f7c7c8fcff166f5d0a9890b90639f343
torus.out0.01277.h5	0dd5f96368e66ad6d67d5d1a50eaa4e8
torus.out0.01278.h5	3fefd60b350402be7d51e17e6306278f
torus.out0.01279.h5	a86ef81ecc32c7cb21be2312d72f0949
torus.out0.01280.h5	40d739f097466dc7e296075e93127fa7
torus.out0.01281.h5	ec2815e515998cbc30db621c7407e3d8
torus.out0.01282.h5	482c0486b017635b600fe2d46b258fee
torus.out0.01283.h5	241f43778191ef14b8a23c3c03a90238
torus.out0.01284.h5	d6f9d049b082f1f37defd184262d4d0b
torus.out0.01285.h5	d7827c72622b2caaca0f7775d8473294
torus.out0.01286.h5	6b02233d601b7b5308f2f7dd33bd23b2
torus.out0.01287.h5	bc9832d2676c738826ef0425c085bc97
torus.out0.01288.h5	d77b0a7fd477b34bc0f0b5046f21aff4
torus.out0.01289.h5	024a7e78c83b6be491107b93552241b0
torus.out0.01290.h5	876ff06c5ba4ebfaae7c4f75756ace95
torus.out0.01291.h5	141e802081e5767a05bd16a332121c07
torus.out0.01292.h5	ac35a7b7edae417fe896bdf6d0dfbb7b
torus.out0.01293.h5	eb3af2b0d4d2359e06ae32936f007f7d
torus.out0.01294.h5	90d92c0c378b15ac6b9f3db35ca10ce9
torus.out0.01295.h5	1ccc1a918ac47c614190ac4265eab815
torus.out0.01296.h5	9f1f24125dd1531d049abfaa4a3c307b
torus.out0.01297.h5	de0e0b0094d512a905b8130e7d4d0095
torus.out0.01298.h5	496645bd611c5aa2061035628c7b3de8
torus.out0.01299.h5	5e899c50af0f0efa2aa5c176286aa850
torus.out0.01300.h5	6caa1d98ca02c0e0159a961035ee4ff8
torus.out0.01301.h5	47f9f9377afce00628f4625295ba0bba
torus.out0.01302.h5	db2ace7b8e4ddbfea24da2fdd0964256
torus.out0.01303.h5	1b222cd82c005151f2f23908bc7e18a5
torus.out0.01304.h5	3f9df941158f49425529a5374d7f817f
torus.out0.01305.h5	c6b33ea9bc5bbf6f5abdc92bc245233c
torus.out0.01306.h5	e02deb0ec12cd916e4d49aeab06dff29
torus.out0.01307.h5	399a82a970ec0f2ef981b3192425c6d1
torus.out0.01308.h5	559b098e7c0424195988c4b11aae3706
torus.out0.01309.h5	4840cb71746d3a98ba847a48e40b9edf
torus.out0.01310.h5	47cf7064e82906b725409d139c47f3d6
torus.out0.01311.h5	dc5e3e044649c7389cc4b3fd94d1a73e
torus.out0.01312.h5	f8ac2a9964dea06a46907718ebacc5d1
torus.out0.01313.h5	c205dbc737e73be3f625b048591addfe
torus.out0.01314.h5	8ad7bed543792704ac1351b1e4800ba2
torus.out0.01315.h5	a6d9d120b2a7420030a8cb3eca0dd508
torus.out0.01316.h5	03c792a6ed47157220440f85e4037e97
torus.out0.01317.h5	d11d45bfab4cc45d1d312100570fdbae
torus.out0.01318.h5	c705002e477a1894917c4fd885c3c132
torus.out0.01319.h5	4928d7d38c31c1fd8749b64245daaff0
torus.out0.01320.h5	8911cb67bce47af86989915e391be76d
torus.out0.01321.h5	202a0ab79c28d5314281bedca853285d
torus.out0.01322.h5	4c3718add69b384744455fb29f76ce09
torus.out0.01323.h5	76af74ed0676de9ea685d54016d8bc3e
torus.out0.01324.h5	b729617c5ff05a5101ea4b7ffab73d19
torus.out0.01325.h5	ec6b0f34786b227ca27d006f3c9b5637
torus.out0.01326.h5	8a5972227be77a284cf33af06391acf4
torus.out0.01327.h5	c7af8066a470b4d724256def2ceb2b0f
torus.out0.01328.h5	35ce6fdeedad2868d29fcc95eb10da23
torus.out0.01329.h5	9b161b38a3bea2149b82a1a1aab65cf7
torus.out0.01330.h5	cc5ce32a38ce8e2e5283d1883106c7dc
torus.out0.01331.h5	49e701ec032241ae145573f17bae693f
torus.out0.01332.h5	c2312952f1cd1f1cd6f4d35e6bcdb145
torus.out0.01333.h5	fc60fe66f9cefff434be168111ae581a
torus.out0.01334.h5	acdce1da5b9875c3079b815480f2499a
torus.out0.01335.h5	a1361825d6ff85ac555c8ae9c39011d5
torus.out0.01336.h5	4924a4e048a23af0337e277071a5150e
torus.out0.01337.h5	32e9b24bb7c46d70fa99de77c6755dce
torus.out0.01338.h5	e647ae13086aee4d17fb96c7d1a09ab8
torus.out0.01339.h5	7a0040c6e6b6cb3067212d8129c99bfa
torus.out0.01340.h5	2f06fac1c572418bb87b3f3f1c85e5d0
torus.out0.01341.h5	74c924d23f97c69d1b9fb318a637af4c
torus.out0.01342.h5	0a264873fdc14a220bca715901717ac8
torus.out0.01343.h5	853cb58b5fbfce2805c2b9fe1d068a32
torus.out0.01344.h5	22a4c13f3e83d28e2756eec4b315d75f
torus.out0.01345.h5	eede7909e31d2223c642687f67adbdce
torus.out0.01346.h5	658dee7f9559d419629c8c24452a8fe9
torus.out0.01347.h5	321ab1d636bcb157746cf195c7cb1866
torus.out0.01348.h5	6cf2d279a9e532198f94bcf2534a6bef
torus.out0.01349.h5	74451159a01985936d7a99ccdb40a4c9
torus.out0.01350.h5	6cde615509286ea0ffe4d3943d44480a
torus.out0.01351.h5	b2d49a14777e131e09996cf571faabf8
torus.out0.01352.h5	573cdd0e46af35c3ce28830fca0f887a
torus.out0.01353.h5	bb51282ea15555edc6f258f1e794c09c
torus.out0.01354.h5	31a6c2932ed0efc64023750a59f2a8f6
torus.out0.01355.h5	50ab48f6bf304c7dcd22f539a46b3c2d
torus.out0.01356.h5	251c9bc0b4d3d5cf2fede83db5c58679
torus.out0.01357.h5	f51d9fcfd70f0aad777ab892e4a63d92
torus.out0.01358.h5	da153aad5e49f11c19fd93b73670cf65
torus.out0.01359.h5	c3cb7259d610455686ab7cb6e3839417
torus.out0.01360.h5	e1ab75e73b247ee3020c0209ff003707
torus.out0.01361.h5	520e8c1595baac6de5a1701b0ca755a1
torus.out0.01362.h5	67b9a74678e564c3cdf98743241547cd
torus.out0.01363.h5	29f3be898024ee3a1e7e4be4212b1507
torus.out0.01364.h5	5ece494efde232412c88b329cb6f1d51
torus.out0.01365.h5	3947dc3b2a741d1e4a1d646c0fe57cf9
torus.out0.01366.h5	5de24d5505e10de8b3405ac11ac54249
torus.out0.01367.h5	f181d5d584ce01c937fb38494b513971
torus.out0.01368.h5	493ef99cb2561ac641c455ec6ef9fad2
torus.out0.01369.h5	f0d07dc057c7dc88c98c7f027320fd51
torus.out0.01370.h5	85742ee61252796df3cb5a1f06a5b654
torus.out0.01371.h5	e9282a90bacb29b260975df7a55fbe2f
torus.out0.01372.h5	85c2ac28d18364f7b10ae5b79ea964b3
torus.out0.01373.h5	1028aa2ae9471368cc18104488dbedf7
torus.out0.01374.h5	6d0ff3c89106051ed7045a7c81cc8758
torus.out0.01375.h5	21ee3c400a20fd39a1064097f7831492
torus.out0.01376.h5	5b1450cc43989309e5b0d71cc84c7bf5
torus.out0.01377.h5	ab9b8b1614482ac058ae92bca3b577ed
torus.out0.01378.h5	845bf1e2b03c46af72f81dbf720ed28c
torus.out0.01379.h5	bd8b59057d80ff72b84ef2818dd4e96d
torus.out0.01380.h5	dbdc4ac87cdf54f4726188fdda81a5b0
torus.out0.01381.h5	81d744ebab0352ce91a27de433918481
torus.out0.01382.h5	6ca98ce06964963879882d9abd2417fb
torus.out0.01383.h5	f658caaaf3fd48682f0c45bd70d8ea29
torus.out0.01384.h5	f4803b0573cd4a5a79661aeb1e6756f9
torus.out0.01385.h5	2e45bb5747d563079cdb336ae43965b7
torus.out0.01386.h5	bb0000342fc9b057e0419341276f652d
torus.out0.01387.h5	fb6e2096be1ea03eb9d6ed02e06d15bc
torus.out0.01388.h5	8747ffe56d297dfac9ea053202c90bed
torus.out0.01389.h5	90d7c6e664f2ae240e833e34264ee48d
torus.out0.01390.h5	26bfe7a00cf133c372a08bde1334f036
torus.out0.01391.h5	465628958261c699dda3112728303595
torus.out0.01392.h5	44b4b69fa4bb3ad34867cad4000c85c8
torus.out0.01393.h5	e4f326b68e21930ae280a31cea5c28a5
torus.out0.01394.h5	2266d48316e4133078e09b782495b996
torus.out0.01395.h5	667cded51c30731c843ba70560eb60b9
torus.out0.01396.h5	b5926b5a5e583d339b6e862165cf1c32
torus.out0.01397.h5	9efbfea6f90b7b499a0d236fab805e87
torus.out0.01398.h5	6e9fc7f744c40810fda301ee7dea8a14
torus.out0.01399.h5	ccbb44cdaf9e5f6e5dcfc9999166c0f3
torus.out0.01400.h5	e53ea8524a622a33c566b1c16ca3eec9
torus.out0.01401.h5	540f1b5fb689e1e2815a5520314f5048
torus.out0.01402.h5	79d82b5d59046c2f91ce4f3d2dfbc2e8
torus.out0.01403.h5	d4dc6ff836e8aea50e6babdcf1853a3d
torus.out0.01404.h5	090081d40db16156bee7bd4b0f3d7c77
torus.out0.01405.h5	8df6fd30e9db911c78eca57e3ff0b313
torus.out0.01406.h5	df5419e125cfd818434808e4b30c9086
torus.out0.01407.h5	1757f1191b3bded23749e3e662f09c1e
torus.out0.01408.h5	a675b9c93216ad8e4e1da42b0e7eb138
torus.out0.01409.h5	b70543edcbb1a07228eeede824a5a627
torus.out0.01410.h5	770fada4b052e3ce7fcb91392a0fb026
torus.out0.01411.h5	a431592ab27bb36e8279095f78b99dc3
torus.out0.01412.h5	538a07583935af43d463f67842b6e006
torus.out0.01413.h5	7c0289297cca077124dfcfc86668e739
torus.out0.01414.h5	67053729016a3df44f7f523d9d88054d
torus.out0.01415.h5	089775822fb478b4abe17928cf9c693e
torus.out0.01416.h5	6bd5a76e7912cb43e1c714f409214dbd
torus.out0.01417.h5	9a2142840957cedc8b0d31c909ab6c43
torus.out0.01418.h5	e149e7b11b2db984a36108a7a53611e4
torus.out0.01419.h5	dd20ba1dadc634a4b20bb99425a7fdd4
torus.out0.01420.h5	96714da0d43e3a619b7c115aaa75c2d0
torus.out0.01421.h5	dcb4c1a214de628262ece2c74849d075
torus.out0.01422.h5	0065944eabe12cc638655e41139cd6b5
torus.out0.01423.h5	9fde5401735b7ef4edb33894c2f299b7
torus.out0.01424.h5	00c4ec2af54a03dc50aa1b2eda2e0aa6
torus.out0.01425.h5	f7ce0dc994d9a75a4dbdb07c2fc0bb3c
torus.out0.01426.h5	0c88145b5c1c61a705c8eca1256ef9f0
torus.out0.01427.h5	91a61784978187ae88f573e5d0c31f68
torus.out0.01428.h5	2febf8247dcc88eab8575b35c16bcd40
torus.out0.01429.h5	842a879985ac1c75d1cc45f144502de3
torus.out0.01430.h5	ec7aa937b81703e487c9efa24b2ef18c
torus.out0.01431.h5	c883bc0ac29506ebb0fe539d2dca76cb
torus.out0.01432.h5	1e071ffeee823e07ec88ea32a2438ee5
torus.out0.01433.h5	03211bf291a95241646b33be99021487
torus.out0.01434.h5	5e1e3f51e725606a259bac5d4ef4ee3d
torus.out0.01435.h5	77e6072298ddf1e86c771a2795a34f61
torus.out0.01436.h5	b19235363048df23a7e6bc09ba1421ad
torus.out0.01437.h5	d3bf1dce38b6201818cf9953d3b214ad
torus.out0.01438.h5	76fdcbf0ff2acc754a0df80f4aac13ab
torus.out0.01439.h5	a10af7869f246fd6bb2a67c1bdec482b
torus.out0.01440.h5	c03bab4e15eabdaf7e4500d2d9d64f4d
torus.out0.01441.h5	5a63b6b37437836d513d40955ae98b26
torus.out0.01442.h5	de2e7f94dee3e610cbb6c2b8a4efbb2c
torus.out0.01443.h5	08d99ba09d02a775b367869cb8efd2db
torus.out0.01444.h5	0193f78633fc9e96bf7a6b3d7c13d2d4
torus.out0.01445.h5	1119c24c2ea4cd0a696ee96c04e05dcc
torus.out0.01446.h5	f5a77184303bb2cd8a7e6a9676c45636
torus.out0.01447.h5	aab413008145a5d2de3edaad6b09d600
torus.out0.01448.h5	b0b229ede9597c993dcc3b8bab01ad3f
torus.out0.01449.h5	ab89e7b636092607b96306e1d844bd31
torus.out0.01450.h5	f85bfcd7e912f84f2dee2ea9945e79a2
torus.out0.01451.h5	d21968bc82b714a0ea3ef7d8ae22b589
torus.out0.01452.h5	a93981ef561c5a11f2ccdc8e1ec6cf02
torus.out0.01453.h5	7f857c722828a4ce160ec3a5e27a6a44
torus.out0.01454.h5	2eb25a766bc323df45a413867b0756e8
torus.out0.01455.h5	2a690afa444d4413f5ce9972ea3453b5
torus.out0.01456.h5	4cf7e7bd958dd6b001df88bab8043333
torus.out0.01457.h5	b28e9bd7e5a0e72e561887e942541c17
torus.out0.01458.h5	c076717672cdd5d3ee7d5c2c1fde3f25
torus.out0.01459.h5	3fafb5e9130c675a6a7b3453560e219c
torus.out0.01460.h5	fc52f4712db5960a10136693af8d6136
torus.out0.01461.h5	eb4288ad5df022221069aa6130425126
torus.out0.01462.h5	8df7596a9b5f705738bceac4c95d7608
torus.out0.01463.h5	9ef9f93ab33b05ce13fd5643bb5deaaf
torus.out0.01464.h5	2476dd5a5f5c249e4707c47b9e282cdf
torus.out0.01465.h5	c4d3cb7312db856035c0cbd3b5725993
torus.out0.01466.h5	d33947e85b8d4a3e5c947c2d6f7771ad
torus.out0.01467.h5	46bac36c1cfcccea60c38f800693191d
torus.out0.01468.h5	0bda19a9fcc3f9a46ee97a78a8ce3d20
torus.out0.01469.h5	901ddd9eecb06208cae8d2b7902a5000
torus.out0.01470.h5	4c91b3a72a6077ceefe321ae8d7ebf78
torus.out0.01471.h5	b2dc995a0ef34b9b9cb82a98676523cc
torus.out0.01472.h5	1824486fbf8b0c41c54be1686199493a
torus.out0.01473.h5	de2b3951945f069b464dfb2636d611e4
torus.out0.01474.h5	842b45cbac9daf4c76fd5667f4762ad0
torus.out0.01475.h5	a178a389cb2a617c68e231c842aa73d3
torus.out0.01476.h5	f665c1892e5e40644ee51ad52776c04c
torus.out0.01477.h5	a8d488c8974d1b251533b9a17a21e5fc
torus.out0.01478.h5	039d9f1f566a4be62a63c3d9b6eaae02
torus.out0.01479.h5	d8e98b7e316a1782755a4d62ad4c5efd
torus.out0.01480.h5	a56d212763ab04fb1a4ea900df4573cd
torus.out0.01481.h5	755487eec199c96efa450b9c9965cc4d
torus.out0.01482.h5	fe74385d446d5412637d9a4e3e2d413c
torus.out0.01483.h5	f05790c24580b4cd19a50f4d4d2e411f
torus.out0.01484.h5	2d3b40d1c6e0e573cb0ba1de62d298c5
torus.out0.01485.h5	3f1bb0bac447a3ae497dfec520e61dc9
torus.out0.01486.h5	90ad86ff8495d8ab7b46e6add20473c2
torus.out0.01487.h5	3a3cae51cf5e1c6479239d6d05734a38
torus.out0.01488.h5	81ba6d235b92072b80a20d741678c29b
torus.out0.01489.h5	36b0837495d3698cf6d2542e87a9c308
torus.out0.01490.h5	7885e2944852178457e67b9ee320eddc
torus.out0.01491.h5	cb00c40b5862e686891770bb27026d38
torus.out0.01492.h5	86f57377e511247c4af33275adbac518
torus.out0.01493.h5	5f2ba1788621d64599ae9953615dc89e
torus.out0.01494.h5	e7b2e5ff6812103bea81797fd02d34b7
torus.out0.01495.h5	cdc1f1f6428f09eec97314dca2503386
torus.out0.01496.h5	1e289a8c84f32d9774f725c7acda5f01
torus.out0.01497.h5	df8bcbeba8bc79494803bd6e4df668f9
torus.out0.01498.h5	961d5fa8920b64632b3fe2e3ddd40f7f
torus.out0.01499.h5	bd13b3e769dc961270bda431f6ac6905
torus.out0.01500.h5	f2a0d52321743e34bacd8c928a6dd839
torus.out0.01501.h5	08c882bf9f8fb719fa241bb6ac0d024b
torus.out0.01502.h5	9d4170b8f67da217b274516d7f8bc694
torus.out0.01503.h5	81c21d9dbda66dd2cec16469c176a20d
torus.out0.01504.h5	44d22aece542b61e35023fea741c2576
torus.out0.01505.h5	46dc87959ed1470ff78bb03609908bb5
torus.out0.01506.h5	723c2928f6ac25b44a455fb95c5490cd
torus.out0.01507.h5	73b4e7d542269d31db59770bb6aecc01
torus.out0.01508.h5	ebc2fa86a9bf242c8ad6f57cee1b5270
torus.out0.01509.h5	ea6f8275f8c36d7cc80dd3a3d71115c8
torus.out0.01510.h5	9348f1a7d7b6c338e65b4d2d5d8f14e2
torus.out0.01511.h5	a0f6d792973c2927169db287ea2a90a0
torus.out0.01512.h5	07e3f8330738edf4e9293baeb656c7d9
torus.out0.01513.h5	06f12cf497788d0bcdf5b655ce740e96
torus.out0.01514.h5	a1fb2761a90259b8f34384a24392bce2
torus.out0.01515.h5	b59f1d820b3caf65c213cd179cdb39fe
torus.out0.01516.h5	7f544c80edd21306c3b81a7051ea3b35
torus.out0.01517.h5	b4b8d8a9ad787d726830b87ed57c8c3c
torus.out0.01518.h5	504f5634a4d921d38dc92dd9198ef724
torus.out0.01519.h5	eb6bf386cdff371738b38f3eaa2a58c8
torus.out0.01520.h5	9eca3d29afbb7e7abd8d68cf9f989366
torus.out0.01521.h5	eadc52eb84185366cca15339e7110f9a
torus.out0.01522.h5	2689b9e79077daccfbc9274d7e4f92a6
torus.out0.01523.h5	3d8930037ea151c0d40a826a8c30e132
torus.out0.01524.h5	7614bcfe6a58a2d27f85ceea1f8abd38
torus.out0.01525.h5	ced0593641cd791ec6242d62292f125c
torus.out0.01526.h5	66bda80249d7aabc73a99c1a696e9591
torus.out0.01527.h5	a17065039e39a0621d62feeabb5ba464
torus.out0.01528.h5	e142e4c80c4a816fdd61ba8c73cbed7a
torus.out0.01529.h5	3992613a8a253f8d742ebf560ee5fc8e
torus.out0.01530.h5	41fa4c2cd1889ad948c2bcd67382d92d
torus.out0.01531.h5	37fc8720ec148b5ef2c26ec4b2a136f0
torus.out0.01532.h5	00abaddf1d850109c7f0c94e1fa6e8c5
torus.out0.01533.h5	88a30991e1b3dab6998a5b050efeb7d8
torus.out0.01534.h5	2c35d02271ff8b501534d33f39df4d19
torus.out0.01535.h5	723b64afce6399bf904d55e75d9e934e
torus.out0.01536.h5	56015b8e0ec0bdcaa2cc8ef5a4866e5b
torus.out0.01537.h5	12b51a16e8c5402fc703f85bdd471cee
torus.out0.01538.h5	ec495de5d138c5339be3a69c3d167073
torus.out0.01539.h5	2d0755a1500043e8cbb53eecda6bf9be
torus.out0.01540.h5	333424ad3a2e7ddd05a130821dc4b173
torus.out0.01541.h5	1961e82966c4d3ad0e587ffbdb1529ad
torus.out0.01542.h5	b7f51beef66a650733e1dccb3ff7c4a8
torus.out0.01543.h5	e9eaf835a35fa844c278f5b3a241810d
torus.out0.01544.h5	5e6849bbd1ec5fd44ebb014f221d1d4c
torus.out0.01545.h5	be1375edfd3d2162ab2e1d363288816e
torus.out0.01546.h5	c2dbc327a25dfcee58a0bd7871cc8ca3
torus.out0.01547.h5	57d8849fb4f4d7c5e8395ab75df5a997
torus.out0.01548.h5	acb26bdd668bb457e5fd578922b5fd01
torus.out0.01549.h5	4c8eefe2e2bdfe70634ca642797a9aff
torus.out0.01550.h5	26e1fec1f86365e951a04cd573985e3e
torus.out0.01551.h5	39cb14f277396986ea3f6f3504832eb3
torus.out0.01552.h5	de613c97a3c78252f55d2cd4a23b23e4
torus.out0.01553.h5	efcdcc51311852972d27a2b35d13249a
torus.out0.01554.h5	02f5aba81d9875f7bb4c0d3563f8a05c
torus.out0.01555.h5	87981a8750ee45a5f924384378882ad4
torus.out0.01556.h5	096e744b01f740e24f9617477bdce2d1
torus.out0.01557.h5	5eb03c2ba9f8beb3f1d70904b961cda2
torus.out0.01558.h5	59b8f869d59dc09cc0c78346d00cda54
torus.out0.01559.h5	db58d2d1fd90d5dbb125cc328aa5cca1
torus.out0.01560.h5	7daed50ae552ea88961fb0f78582c3c0
torus.out0.01561.h5	43d823873e22283aef90ad42004aefa9
torus.out0.01562.h5	3f9e1df3735aa9148f8df84164e80d29
torus.out0.01563.h5	3037b7a4243ae62beaae61ea39398402
torus.out0.01564.h5	4f1ae76e834563034c71e6ae56975839
torus.out0.01565.h5	fe08ecd46b213892efd9bf8c51910c59
torus.out0.01566.h5	90d49bc7e78d1054a337ef727b38a780
torus.out0.01567.h5	760b477dc430efd96117d31173a8d412
torus.out0.01568.h5	2915b98b94bf0c4f2e8f2f91141ed808
torus.out0.01569.h5	244808ab913feff9f0ddd27f4d2a68cc
torus.out0.01570.h5	afef4b54d868e66d0cf856facfd8ce8f
torus.out0.01571.h5	03cd3a73b16a46fd6e6c2fe8c69e352f
torus.out0.01572.h5	2e0386aba789dcf0d53a69f5ddd3fbd7
torus.out0.01573.h5	e95a322fcae88f0ce048da279c0ee842
torus.out0.01574.h5	3b9fccdf9eae4d3a0f983595e942cdeb
torus.out0.01575.h5	7c1ec609c0217585fc7226b117739b52
torus.out0.01576.h5	28dce094b32314f282d25196f4fc1588
torus.out0.01577.h5	ff289f05b689a0cc910892eb695ec4df
torus.out0.01578.h5	f09c4da96ef88d1b3e656ad602fbe6c3
torus.out0.01579.h5	9abbc656fc6b17c67d42cb24831c914e
torus.out0.01580.h5	07f7111f66804fbddb54851234d72109
torus.out0.01581.h5	98ea72b1698b84f92f2f6c8f2118568c
torus.out0.01582.h5	58b48a117e188fd9a682c128b636d9fb
torus.out0.01583.h5	ea41da1eb901eb198e8b3b9fd53f68de
torus.out0.01584.h5	7a05d965d459f3d3fd036ef28b2a5fc5
torus.out0.01585.h5	ae35c32a6efed6da26e09ef133d99f0d
torus.out0.01586.h5	05c93c35d2b69ad366dc8566769003bf
torus.out0.01587.h5	bc9b6b120a9cdf68e144de21a9929445
torus.out0.01588.h5	10c11b27d9126cfb0beb55d6407785a2
torus.out0.01589.h5	cede42681320a5314bfeadaf76724257
torus.out0.01590.h5	ae9939a8f6fc4ac6d83b5bfc8fabec82
torus.out0.01591.h5	d44d68a014c41c7f60ce043fd845a321
torus.out0.01592.h5	75e3cb24943eff6228f55595399b3d9d
torus.out0.01593.h5	3e65852daea751957f43cfba9e0de29b
torus.out0.01594.h5	0405b0e3c0e9344194d3f31bf97d9452
torus.out0.01595.h5	966448a22cd6a7b2cc2bad414a45043c
torus.out0.01596.h5	fd669a253034f7678c1f9d76daa2669d
torus.out0.01597.h5	5102ef168c2866c2c7cff0fd071c1ae8
torus.out0.01598.h5	3658210d4fe1f3b06ff96364600d4c75
torus.out0.01599.h5	400d02fe7d1561ff3f1d335c249adbe3
torus.out0.01600.h5	cbf4d58f7b0559a4893bac4c00bf520f
torus.out0.01601.h5	aa1bffccec2c8799dbd17d16e58a1de4
torus.out0.01602.h5	009fcf6694b8be88e9540fe051ea62cf
torus.out0.01603.h5	4a73ff128dd553e2d1d141ab41b5c351
torus.out0.01604.h5	d6f98be7e5afd3a724c188f70c1f35b5
torus.out0.01605.h5	3f968586947ee3fe7687b2de5b68fd88
torus.out0.01606.h5	618008813d5dcff6157dc9f68d6668d6
torus.out0.01607.h5	e72e4e3260bf33c11c0438ec0f9c60b6
torus.out0.01608.h5	f36b0637d5797856cef7308dd358257e
torus.out0.01609.h5	fa40e7e65bdf5436d789df730a19b5fb
torus.out0.01610.h5	cb9025f2afb31e82265358e42631c5d8
torus.out0.01611.h5	3a068e489552a1462b4dc660b1a84886
torus.out0.01612.h5	2cafa4f725781527c49ba604d93e268b
torus.out0.01613.h5	c942511f12e0918cb217585bdd3c36f1
torus.out0.01614.h5	c40db9817bdce3ad7facfa2abff84660
torus.out0.01615.h5	ec252882d9f2e94b31ee80468acebff6
torus.out0.01616.h5	ea53f2ef015ab8d65a452007ad1bca60
torus.out0.01617.h5	9a7511e9ee1ab0bd0a301a70bd8843b1
torus.out0.01618.h5	f3858357b24936d1490bb417e49f5471
torus.out0.01619.h5	f667bb75efebff275c98a12a817ed04b
torus.out0.01620.h5	e290d0aadab402a4ea10a6e4b86ce703
torus.out0.01621.h5	cbaac7e32d892daa871fcb097286398e
torus.out0.01622.h5	6399fd5d35faef814c38901029475e5a
torus.out0.01623.h5	e47fba71c4c0394ee1bbfc774f8bd331
torus.out0.01624.h5	bf79d9b249cde721c2e2508b401cf492
torus.out0.01625.h5	60faf0cd820c91ec1799717c9d5e48a2
torus.out0.01626.h5	d4e3dc70b142ddb47ef0c9af445afc09
torus.out0.01627.h5	728bdbd2d3ca108c0a2da3472adc5880
torus.out0.01628.h5	4e673ba27beeb37c1331b1e4219da426
torus.out0.01629.h5	5caadbee3c652e7e764715324101c641
torus.out0.01630.h5	06b6abfc33c20b608169e74d67470fc4
torus.out0.01631.h5	a46dfae42cc67be236ee272e025e509d
torus.out0.01632.h5	12cef0e3f6deed402a5abef61a8f9934
torus.out0.01633.h5	bd828e01ac7468386daaf0647b2f3c40
torus.out0.01634.h5	f6fe98ad1fb7d88bdd99b22cc9fee9cd
torus.out0.01635.h5	1ad3c5c3e17540dee5b92a1e81d5d981
torus.out0.01636.h5	6d2a91b90297ed593b7dda73b7f2aefa
torus.out0.01637.h5	731bcbe374467fb149d619512b2e65eb
torus.out0.01638.h5	3ec4e517f38613cfee198cc5a5c153dd
torus.out0.01639.h5	925d5da860136322a6f881348566b5ff
torus.out0.01640.h5	d063b0d97f34e5139dcc6a59aacf19ab
torus.out0.01641.h5	b112cda3c17e1319c1dbfa8b9a462f7f
torus.out0.01642.h5	31ae47cd3c795c17bff54a6a5859c2c2
torus.out0.01643.h5	29e5239366918a82999d9609dabdb089
torus.out0.01644.h5	da45a9c293d846e529d84885aaead419
torus.out0.01645.h5	6198f9ed9e332633bd6b3bca115a490c
torus.out0.01646.h5	1b0c134f95a6e535a959d43b929322b9
torus.out0.01647.h5	8f32dbea38f65a6c09d594a0bdd34402
torus.out0.01648.h5	828ef56cb03edf4fdbfdc896cb59b2cc
torus.out0.01649.h5	31abd52f2215a256f23f3ecf2ba71fd7
torus.out0.01650.h5	73079a735d87dbc610e92cdfae24137d
torus.out0.01651.h5	71b729b57d5d0277e25bb885885a11b7
torus.out0.01652.h5	4ca3f6077d50b7152304c2d4b4c8aa92
torus.out0.01653.h5	766e0e7fb05d78265cef06a33c7a049c
torus.out0.01654.h5	8a8c56a8dc114277927c6b857141b741
torus.out0.01655.h5	c6f355c8a041a463d2dde2652e652c89
torus.out0.01656.h5	f21e92ce98bd6be7cfe71f5a3255a734
torus.out0.01657.h5	2cdbab5a6f59a6a5eb9419d1194dc053
torus.out0.01658.h5	36e3ca037647d995ac2ad2f36ddf7251
torus.out0.01659.h5	cf6ff828ae4afe94067ba1eac6de06b2
torus.out0.01660.h5	735b793d2b90209f15bb719f3de79a69
torus.out0.01661.h5	d59ca2ac2f66776a11117d7e4eab0348
torus.out0.01662.h5	5456916efdc6f8cdc51dbe8cdc357489
torus.out0.01663.h5	802ea08967576b34f7e838ef8b5b7810
torus.out0.01664.h5	4297c8e245c69288751c5e1222258112
torus.out0.01665.h5	a9eef2dcf2dd777d60b2c47be9424083
torus.out0.01666.h5	2cd02f6fe3bbd890d6345388d2173290
torus.out0.01667.h5	c87e3fcfc87220bed441b78efef86a82
torus.out0.01668.h5	d85997fbe9ec1f71405848ed4413579e
torus.out0.01669.h5	508be692a823264dd62b2c70943c6726
torus.out0.01670.h5	2b764d1d7108a92b42d8b2c49e72aac5
torus.out0.01671.h5	c6a9c5c1006b45e62a1f9241b216bc08
torus.out0.01672.h5	bffef7fb510c0ea6cb524e202a117920
torus.out0.01673.h5	5a719ec7cad9104df542dbb9c100ce0a
torus.out0.01674.h5	9feb28b1eef109a4485a052c484469d8
torus.out0.01675.h5	238b0da4c08ad94c0ae12506b9c68bd7
torus.out0.01676.h5	d2570ce30aa45a0e23b300aa46f47c6f
torus.out0.01677.h5	f4f2edfa0ee4c1c93298f871b052f4b9
torus.out0.01678.h5	7b5cd3938a428a565bf0e52fdc4d12c0
torus.out0.01679.h5	7e751e27425b482099b338cba7f57424
torus.out0.01680.h5	e9a440d6c8bb4bcefd7c11402f016867
torus.out0.01681.h5	302c8e3eb89b67f7e113414623fd8e96
torus.out0.01682.h5	ebfe7b8b91a2664e072d8c9aa470bf60
torus.out0.01683.h5	e5e8b5cf7c4bbf21fb026e232b1b70a5
torus.out0.01684.h5	381812d4cd9bdb11473637d97b4ba27a
torus.out0.01685.h5	3659b955f318823437c8d8c5b0ec91a8
torus.out0.01686.h5	e93a2f58f012dfe1ba241f35ba981136
torus.out0.01687.h5	296548faa4bdcf0e8cf37e43a325ebb5
torus.out0.01688.h5	ee93848a3684eee1866844a17bca784b
torus.out0.01689.h5	d0dac82c2de5a08da930f6f912ccbef8
torus.out0.01690.h5	64ee61a2d4ddceffe87ade8c8471741d
torus.out0.01691.h5	0b615ddfc82537204fe4783d8725ffff
torus.out0.01692.h5	19933b7ddf62fbdc4e24ae50627fcdc4
torus.out0.01693.h5	9680ce5b1b7218fd23ede662cf6d78a1
torus.out0.01694.h5	040c1b7a307afd8fd9261cd199cb98a2
torus.out0.01695.h5	d2166028e17e5c9f7c2ffbe26ed4e188
torus.out0.01696.h5	4071567015fb215bb52c83631953f633
torus.out0.01697.h5	a4e40afe5f5724f24558c2ce439b2492
torus.out0.01698.h5	67d72b8e8c26e8699c43ba7f780ff15c
torus.out0.01699.h5	94684cd8e4397c228ab4b8aedbb3bae2
torus.out0.01700.h5	7b1fe40522d181a8beee066d27cb0f6a
torus.out0.01701.h5	e45bc3ba48ab67b001a58406008f9e7d
torus.out0.01702.h5	efa2462893b0b5a0fb7f20fc64542aa2
torus.out0.01703.h5	e83983014eca5b43f9866c174ae336b5
torus.out0.01704.h5	9b47aaea3d5103644dc2eab3ebca9b9a
torus.out0.01705.h5	063e87626939b363db83d31bb956dd08
torus.out0.01706.h5	4f67f981355a4232b50335be494fcc39
torus.out0.01707.h5	9bd6af4485008719e75844c592ec0ea1
torus.out0.01708.h5	05dbeecba5ced1821de59455d767b7c9
torus.out0.01709.h5	197a3e8bf6049ec3ec53fa9ad8cbfb78
torus.out0.01710.h5	56134fe260ad8018df6f9a042be4e36e
torus.out0.01711.h5	6cb982c33cceb733c5526d7aaafcdbd8
torus.out0.01712.h5	a0e863e9547bb3e36a8200651f7547c8
torus.out0.01713.h5	55c021908e01a20c5b3a804e8fd8516b
torus.out0.01714.h5	e91480850fbc33f6d825028c673e6eb7
torus.out0.01715.h5	6ea6108024d029c0065f7c5c66bb5207
torus.out0.01716.h5	19534f2fe9ab6939446dfbb040fe2e27
torus.out0.01717.h5	8264edbdc1384e5d1a3668557d1fe0e2
torus.out0.01718.h5	07151b018ee752e9711e5adf10d08e98
torus.out0.01719.h5	ec09511adf02c0490e6cbd5d5c46d506
torus.out0.01720.h5	db0b6502c8528059cad5bb3010cae49b
torus.out0.01721.h5	3f9edac187ca3362442a3fa54b354dc8
torus.out0.01722.h5	72f24418a4edcfc912321204c42d067c
torus.out0.01723.h5	b046612db7c33f958eafa1a092ce6ff7
torus.out0.01724.h5	33ad10bf5d47b5c9e133521aa8143639
torus.out0.01725.h5	b22d60ba299befff43d8b774ef31b3d3
torus.out0.01726.h5	3b394fa92496333ada61845eae8069c5
torus.out0.01727.h5	7bbc50082d52a972f9341abe3a0d610c
torus.out0.01728.h5	1fa1864e289b9bb2a2a365b335d6765e
torus.out0.01729.h5	9aefa0f557ae515b198871a8081608b7
torus.out0.01730.h5	2b0e8678403e5c982bdd30ed468a45a7
torus.out0.01731.h5	59e6121fd0573ba30d1eee39dbb3d2dd
torus.out0.01732.h5	61fe26d03399116638145c4cc2851abd
torus.out0.01733.h5	f097fff427daf97bc9f41af73a1f2dbc
torus.out0.01734.h5	5cd806193ff758a5472c2d8f59904016
torus.out0.01735.h5	32a24667a1672b754896fb22dd60fbe2
torus.out0.01736.h5	4dbd2beedf6f19c58554a70014ce604b
torus.out0.01737.h5	aff8dabfeace3077cbbac3e1e2c0e5a8
torus.out0.01738.h5	efb88521677a015f63ae0940cc3744c1
torus.out0.01739.h5	d760affd44e3e24b481df5e406dbee07
torus.out0.01740.h5	97608cef545dd0ee5bf80ca55478db89
torus.out0.01741.h5	e479ccee42d80f866d0f2019267ca09d
torus.out0.01742.h5	9852c30dce4c78419396986f42376396
torus.out0.01743.h5	7a57af6007d89b040f804e9686895305
torus.out0.01744.h5	6a6a4eb89a1c96def67839eb8081f5e0
torus.out0.01745.h5	80489ef7ce7a721aea5a8580d6cffeb0
torus.out0.01746.h5	d99a74d28db3e9aadd799a714b36d4ca
torus.out0.01747.h5	a381a4dfe53e0ed57a71c152e308bb43
torus.out0.01748.h5	a28575e580cdb634842312695920d8c7
torus.out0.01749.h5	71a9feafce836710f61ed67ae345970c
torus.out0.01750.h5	63cc63581cadfa269c879d33c4e85354
torus.out0.01751.h5	73ef38eee2c7cde8c4b7e6dcde0f6093
torus.out0.01752.h5	69f5a5298a7de577fef0b398cd2cb738
torus.out0.01753.h5	989f285ba5ed7c440bab47fed7dd3f49
torus.out0.01754.h5	b3328135e65f8667f91ecf065c30350d
torus.out0.01755.h5	3a2834b727841e8de92ffa62f26cd6c3
torus.out0.01756.h5	a28b74f2434b41266c518f1a6a53cdec
torus.out0.01757.h5	2ccc4fa7a2185d6933ddc287c2898e7f
torus.out0.01758.h5	071987f56f85ec4f468a738fe270f73e
torus.out0.01759.h5	fc6c0bc6e51fce3f16b9ae8c54519a42
torus.out0.01760.h5	e5abcfb22a6118ccbabf03225c612f10
torus.out0.01761.h5	b6d6ad992981cf2f49a0c8a2c913992f
torus.out0.01762.h5	a00b2c75e13a3b38a2d1bbb196fb0777
torus.out0.01763.h5	c0ca462d65651116ab66fcc4719c5e39
torus.out0.01764.h5	f22da53141a44d8d46feef7718aea62d
torus.out0.01765.h5	524fb4989a5e2340af7dd118bb1b0d85
torus.out0.01766.h5	da80e5c75e15408bb31c8c8b08ae0dad
torus.out0.01767.h5	e85d6ffc9fb175a4378ea9c6b773946f
torus.out0.01768.h5	117d04ae54175c865aa971fa0167a8b2
torus.out0.01769.h5	575e4edf4da1f7b6c9f65cbd33bbbf3b
torus.out0.01770.h5	21972283432db9a74bdb18d333f5a915
torus.out0.01771.h5	2b361deb4590d9ef0eba173f7555db0b
torus.out0.01772.h5	bef07839a13bdc37aea92bcfc1a77901
torus.out0.01773.h5	48bb04e2b4b086e308a6b4cf25a846b7
torus.out0.01774.h5	c1b08faf943f88097b1a5bfc781d7816
torus.out0.01775.h5	4e538168e7afe17e81c2b6c509849e70
torus.out0.01776.h5	9296a6de02d8837fd6c905a39883d2da
torus.out0.01777.h5	dda015740afc231421ed186ad84ea589
torus.out0.01778.h5	6dd6affd4b0f94b8e8386dd77476751e
torus.out0.01779.h5	57e37ff180b6bfa3fe49d182f51ad34c
torus.out0.01780.h5	76b52c927e8daf51ce3531a0fe94eabf
torus.out0.01781.h5	965e2d89bc5de428160f49233c5bc8ab
torus.out0.01782.h5	a7c6f73650ff37e723b75ee480d00f60
torus.out0.01783.h5	b0e6cf405559f1aa7b6792734b77e1c8
torus.out0.01784.h5	ac031e9658d18036cc5e5edd57382b56
torus.out0.01785.h5	78a1c06894acdbb6a50d53c314112231
torus.out0.01786.h5	bcc354d729787ac0a113c584a48de506
torus.out0.01787.h5	3fec1178c183f04479631e8d6f9d20e4
torus.out0.01788.h5	eaefe7518e940b3cbe2b4419949ca8c7
torus.out0.01789.h5	a528f4849433959b1c292cf582d94f18
torus.out0.01790.h5	06e3cf09e97b372b37d9036805ca8d95
torus.out0.01791.h5	8aa8b2830cd3b5edf4578dac0a85c17a
torus.out0.01792.h5	f8bed55aa08e14a44c738dffca503f17
torus.out0.01793.h5	f9c97a68bffc4e13dac710ea22fc7d89
torus.out0.01794.h5	578e602e877b74d2722d9f13c1513c4e
torus.out0.01795.h5	c66c00677c3ce3d4982417997ba460e0
torus.out0.01796.h5	f383a7813f6c4a5834983887b4172b0f
torus.out0.01797.h5	0a2d9e2d696f8104f5e4220fbc3d74c9
torus.out0.01798.h5	8e8a2ae489bc76d002c5019158b20d02
torus.out0.01799.h5	6ef9d36d3a3866ce8f5b8f3a415637e4
torus.out0.01800.h5	bd6ec692ab3a50f68bb55226e9d41bef
torus.out0.01801.h5	1eb8692726a85d1a0d2e8a3feda6b281
torus.out0.01802.h5	3d21922b0842bcd68697a99a02bb122f
torus.out0.01803.h5	9f158221ae43cd522539b7a597a537b4
torus.out0.01804.h5	eb2e5c5fa0757043c2dd251d7851f651
torus.out0.01805.h5	7f46580cc355a98af68a712bbbdd50f6
torus.out0.01806.h5	f794a90cefbfce1d89b59801b0b203bc
torus.out0.01807.h5	2a795aaec45fd1552aa24fda40dd4eba
torus.out0.01808.h5	f9bee3f804a699250697e38f4cce2f56
torus.out0.01809.h5	5b7ca67a8a8b60201ad6e8e64dafc771
torus.out0.01810.h5	4d67047a752eef8e07a05d7bc6b05c57
torus.out0.01811.h5	bb4ab0171ec956f5aa170b55f1985e86
torus.out0.01812.h5	79320976fbd3ab623e9e94571846c3ed
torus.out0.01813.h5	d74ed70644c020ec9e394a47ae39070b
torus.out0.01814.h5	7d825362276cc7e0255a93130c6bba4c
torus.out0.01815.h5	0f554cbc48e9c4bb64dc8a03fd2b8e1e
torus.out0.01816.h5	0ecb0fe62427a0b938b1303b1ea458a6
torus.out0.01817.h5	aa740c8db221f61b24d56f00e6d9e988
torus.out0.01818.h5	0382afb8ab516164ae2e7bcf8383a746
torus.out0.01819.h5	50f73e3be9201bee4a522781d2683e9a
torus.out0.01820.h5	44c9a4bf2347b366ae1dfe0e9269de6c
torus.out0.01821.h5	2c8e16c281d534d311373a2ad50c4401
torus.out0.01822.h5	7fc548ce47d252d9581f9bb52519b30c
torus.out0.01823.h5	1d2b1697da421db518f3a3e1f3f1d1ae
torus.out0.01824.h5	35177e278d8403c4d107522dc020f54c
torus.out0.01825.h5	6ecda1eeb898b3d989fe86ce66974b75
torus.out0.01826.h5	c074c39fe375123f03f32f80d6c573b2
torus.out0.01827.h5	2545af03652c59ef443ec5fdf187b83a
torus.out0.01828.h5	61cdfe4b9e808b6c19a73e326cd036f8
torus.out0.01829.h5	efe1d74b28b318f5ff737dcd10790e80
torus.out0.01830.h5	a10439e681096c1703919d79a152aa75
torus.out0.01831.h5	25470cb368014d4c0f49056563b8e327
torus.out0.01832.h5	5886c19e5838f4d1482713b11fcdfff0
torus.out0.01833.h5	58695aedf068bef5b5f58705071c2fbd
torus.out0.01834.h5	69813d2dc8d793b95f2fb222f19a95c7
torus.out0.01835.h5	4420164d504f8dafcd535c1b600a5328
torus.out0.01836.h5	dea697772b14bbc93d8a9bfe51204839
torus.out0.01837.h5	d0f33c25ff6da403e571a5b0a87e51e1
torus.out0.01838.h5	0b13731275e546f6fd41808648e9ca38
torus.out0.01839.h5	e2000eaf8d9818e22cc349a8eb517451
torus.out0.01840.h5	686b8d28b5dbd7abee7b791e442503ca
torus.out0.01841.h5	167e747686095759f10f65d2d8f83f3d
torus.out0.01842.h5	2386a1b6eafe60823cf8e9a0cdedb9be
torus.out0.01843.h5	17d7585f972731479e35f7e8f1c2b929
torus.out0.01844.h5	26baf4bf91a94097c310812528131a5d
torus.out0.01845.h5	ea1b09518824ae2b09e3399597001169
torus.out0.01846.h5	095ef74bacd4cecaa9d4c786872c88d6
torus.out0.01847.h5	5c0cbb1e50f39d9cf2cbaf75f5607725
torus.out0.01848.h5	74942befc86011039ed8aef19c902f6f
torus.out0.01849.h5	a1e33a3f5760dd06d01337f2290bdf07
torus.out0.01850.h5	322c6062ada7bd1a20931f9d5bccd229
torus.out0.01851.h5	e405abb51c295e66d78241c526909821
torus.out0.01852.h5	02b563f525bbe3da3f6e47494007f182
torus.out0.01853.h5	c48547f0c731dc212452cd34d679f446
torus.out0.01854.h5	7a4a09f62d9cfbf4f761d3b113202563
torus.out0.01855.h5	d88cc5de8e573dba0e2a5aadcfa81aae
torus.out0.01856.h5	ba311372bf9910a03b5236c40938efdb
torus.out0.01857.h5	5bc195258bd3292174b90d2d66517952
torus.out0.01858.h5	1d8661cf3aee7933bbce90b6576a2d21
torus.out0.01859.h5	b340eb1ba2d36ba4d97762f2289cab28
torus.out0.01860.h5	8c0b0eb276eb927f0bb631a634c13469
torus.out0.01861.h5	59fba622c9a826f4b099004732fb6760
torus.out0.01862.h5	780818ccd1395cd27f6cab1ec406d82d
torus.out0.01863.h5	c330040acb9fc5288d8911e18350e1dc
torus.out0.01864.h5	003cce72da2a36d8522260eac12cbf83
torus.out0.01865.h5	0ce8d53397b1c4c83fdd0eaeb967aa54
torus.out0.01866.h5	39345297e5753e3517a7fcd7dc80b846
torus.out0.01867.h5	371cac67409c35a1ba019165811343ba
torus.out0.01868.h5	d7a523bee4cad40ef9ef88e20bf7aced
torus.out0.01869.h5	a406f2f012c285483e43b2f5103905fc
torus.out0.01870.h5	77baf93583acc26c0c119cb28c186ff6
torus.out0.01871.h5	ecea8f0d3f9f2926291ab8c8086d96ac
torus.out0.01872.h5	0bb081e4858a20c88fc35c64f0c7aecc
torus.out0.01873.h5	69a322aac49d9c2f40da8ab2752f7241
torus.out0.01874.h5	317cdd4a4ace88485e6455eeeaf01ce9
torus.out0.01875.h5	8a92b18714f4b728d115ea43b6657c02
torus.out0.01876.h5	0cb6faec5b4fb0c99fc9f4c1ecf0d166
torus.out0.01877.h5	b26fcf3b3403428fdcf4a30e6802d5fc
torus.out0.01878.h5	6e3d0ffdbca59b7759fadfb52b916a13
torus.out0.01879.h5	4ece1ca7103e574fc9f4231810778c2c
torus.out0.01880.h5	aba2dd1e3ba195af7d2df7838ab823e5
torus.out0.01881.h5	c9709afabc68cbea1e0b6a29c10e283f
torus.out0.01882.h5	e47ab08f48badb48b3e745c55e63b0f9
torus.out0.01883.h5	607c622e68d99b43cfdb80ad6f115e17
torus.out0.01884.h5	401648a07a38ac7148086dd1078ec894
torus.out0.01885.h5	8960c008481398f10d16b745130e7278
torus.out0.01886.h5	e28cb742e876886261bca2cd3510f059
torus.out0.01887.h5	cf4d78d5325343206bb2d7b5a251b28d
torus.out0.01888.h5	aa361da9dd06c6909229e7541579c5fe
torus.out0.01889.h5	0b042dcd68c35039a79d2f7d55f56535
torus.out0.01890.h5	e0a11a8cef8b71680e0a569233533dac
torus.out0.01891.h5	fa697a774112764b4c1fae933b7b4bde
torus.out0.01892.h5	017e76375a8ac750d0563eea45e7690f
torus.out0.01893.h5	dec6003f642d0a7439755058222e584d
torus.out0.01894.h5	bb0e01bccb2a6dd81f627b1c6b954b3d
torus.out0.01895.h5	53ab1fc64dc5a9ab5be098b927d48957
torus.out0.01896.h5	cc1f7cc1bc8ba4c40111e9a1da0e5836
torus.out0.01897.h5	91e315f94e490dbf4d4a9d2b105b90ef
torus.out0.01898.h5	7a8958f79d28b82933d47bdfd65b71b1
torus.out0.01899.h5	8c96af9150e847eab8177eca5eb2e804
torus.out0.01900.h5	9cb2a8449607a7c9dcec7596ca74123b
torus.out0.01901.h5	979fae9df55a8668ac642dcb12b42326
torus.out0.01902.h5	87a976f92cc7609d8ce26fdb5588c507
torus.out0.01903.h5	a5b3df35834ce34784f2a176bdcb4b85
torus.out0.01904.h5	10dd7cbd5fcaa49b09571726d89f407d
torus.out0.01905.h5	10ca05dd97c067901e450646d90c95c4
torus.out0.01906.h5	4d47f83894d2ad3977cf6a38193bb7cf
torus.out0.01907.h5	67807e4fbcfb82a0cc2d3dd257f2f844
torus.out0.01908.h5	68e3a7a5a6ed030d3c56dd622f5ea5b6
torus.out0.01909.h5	f68f84dbdf7e012b7f44d94a918a96cc
torus.out0.01910.h5	894a9524eb1f05a31814072f6eefecdd
torus.out0.01911.h5	c296d9ccfb8782230935aa849529ca5e
torus.out0.01912.h5	1d475ebc7b7939621fb5f59a387603e1
torus.out0.01913.h5	bdcff5fa059c812cf6a35d75664d7ad7
torus.out0.01914.h5	dee1d544b23ab35b23acdce3721a76ab
torus.out0.01915.h5	c820b9b5ad2f3fb01a71c718737080e9
torus.out0.01916.h5	b829d79fefa9ebdee74c0d908ef42905
torus.out0.01917.h5	4a08c383e5761f4e87a109bdc5fc96bb
torus.out0.01918.h5	9c2acc373c5bdc1f6b788d1e9314d372
torus.out0.01919.h5	c8ae5809a019ae43e6117864538d5b0f
torus.out0.01920.h5	6a529872f66a0b3565293d047d859daa
torus.out0.01921.h5	ae2cc96620d7c33d0154812833be2f64
torus.out0.01922.h5	c72701803c3673447f21d19146ef6891
torus.out0.01923.h5	f414e67a89e3dc400b9775a3dcd65268
torus.out0.01924.h5	dca0961549e966258d2f76ff5c3de6db
torus.out0.01925.h5	767da04bf666b42d2cd0f57198425df5
torus.out0.01926.h5	5fbf74e647df864285f1f93b921ce51e
torus.out0.01927.h5	fd1bd4c2681bf054dbed8160469163c7
torus.out0.01928.h5	363266db3c0b27fede767fb8f4da3926
torus.out0.01929.h5	b524a72abecb7e9a361ef7a7db9b1be4
torus.out0.01930.h5	5ee135f1d3be4c609e1392887142be21
torus.out0.01931.h5	9d2235121666767f62c51a18e8f4d47d
torus.out0.01932.h5	21041307a986c78794189b62ba3d9f36
torus.out0.01933.h5	0dbc796a326119dd72b25464e90ebc97
torus.out0.01934.h5	9c4c1891dee0d0b1cd720e9ac246a325
torus.out0.01935.h5	53886d4694739678c891d2b4ca47df92
torus.out0.01936.h5	5ab470587e2e7cbfc43171c3bca02146
torus.out0.01937.h5	a80fc42d89ab1c9523ff3483966882c6
torus.out0.01938.h5	90ffec34e9a6caeb9714b2e6bd86ddb8
torus.out0.01939.h5	ad44cfa83b02f4ee13513eb6f36c5e7e
torus.out0.01940.h5	3cee050140340e814940489f4ba9ecaf
torus.out0.01941.h5	a2088a56d31d71ce778eec1ce0490bba
torus.out0.01942.h5	95ebf4363e6fedf7d1c04c154f64dd51
torus.out0.01943.h5	fc19079f460d6646f91b2d6b8fa546a5
torus.out0.01944.h5	914395591e2815fde17f5edbe6a3b1fe
torus.out0.01945.h5	bd7257da83e167180afc3260809dffb2
torus.out0.01946.h5	291b8ac3cb8315dfa7258af33bd1825f
torus.out0.01947.h5	208a9689c0edf4399ea5af0052f100e2
torus.out0.01948.h5	e3ee174f41ef24d3067b1b3ef0e6d687
torus.out0.01949.h5	1b06a934836d121f300390963e6aacb7
torus.out0.01950.h5	cd4c9c34fb01d0100306ddc2659abdcd
torus.out0.01951.h5	2fc14c73a39998a78a4631be12c783f2
torus.out0.01952.h5	5280fa52b5abc4a75bb161a11b030d92
torus.out0.01953.h5	bafda932b50172e36b864b0b5ecb63d6
torus.out0.01954.h5	99431eaa83d84630631c86b53693b7f8
torus.out0.01955.h5	29491f392861ddf32f9ef48833b4b6a2
torus.out0.01956.h5	222abc3d94c86f10d5a434235c4c83d1
torus.out0.01957.h5	7abe391168543fd1b2364223b608f9b8
torus.out0.01958.h5	5c61f25f873ddfec5cb5cd9f84f4e40e
torus.out0.01959.h5	13c46ca8623494e47b8881403150c2f6
torus.out0.01960.h5	cd258e81a84a2edbeb9ed08fedcbd191
torus.out0.01961.h5	9be5860fa7c9fb48a0cb9f02f3e2e63a
torus.out0.01962.h5	8fb1e906e3ced06091a7bab10ce9779c
torus.out0.01963.h5	b6804efc60a97c50de652d77e3c45f30
torus.out0.01964.h5	a0d5db7c224e6334d4aafb78c9419a62
torus.out0.01965.h5	0252792ff19393132b3ba32ed6cf1c6c
torus.out0.01966.h5	842f5e5ac264cd8c4c7d91e909c1504c
torus.out0.01967.h5	2b82388d01227042fd91ef0310235368
torus.out0.01968.h5	d7f128c9f4306a55a34bcfc26438624d
torus.out0.01969.h5	bd184ab3b2aec8e66bb6241210d98829
torus.out0.01970.h5	e1cfde7a5a23db6c782fb4a39d81bcbd
torus.out0.01971.h5	0112837c83de3972af9b3739fc894e6e
torus.out0.01972.h5	6099808f81b3814ab9c6de65f4e5326f
torus.out0.01973.h5	6e653363f9ce81dad2f7c9b50b094404
torus.out0.01974.h5	f713541924c56984129cd370aadb9d95
torus.out0.01975.h5	db1d5475594b79e2c5f02005c268f0d3
torus.out0.01976.h5	a10735bffe13df2d5f4bc79d6bd38e16
torus.out0.01977.h5	cda4dc617ad1721a413d43ed4aa6d365
torus.out0.01978.h5	894148e43b72cef7c92f8264acdbac61
torus.out0.01979.h5	91c269dcf6b701694a742816983f392d
torus.out0.01980.h5	c1ec600c63285f4df4e5e1b2edbc27f5
torus.out0.01981.h5	99fc90ec085c83a01044880a69e1e682
torus.out0.01982.h5	5cb63b85b3182e7285d710260cd1a503
torus.out0.01983.h5	bd28fbae8dba906c88577cb1c3778496
torus.out0.01984.h5	8418f5ef0e5aeffd004cb93749eeb679
torus.out0.01985.h5	1e7c6347334721f7b29f39d890db0c32
torus.out0.01986.h5	186e66d43f2287d9800988a2a30e85a4
torus.out0.01987.h5	839275d34b2d821422c90b0c24f2b641
torus.out0.01988.h5	d89cf75a49c3f26d92556bf44246dd8e
torus.out0.01989.h5	22e27db6bf6f44a04da8d924f5d0c69f
torus.out0.01990.h5	696dcf3d369a2a3abc7eb4ddd4b720a8
torus.out0.01991.h5	33694d873952a13f044a0f6823fff9d2
torus.out0.01992.h5	211159b26eb3bb57c825708ed63fbe0d
torus.out0.01993.h5	18b2a0d37bba9e9181a005e54dc798a6
torus.out0.01994.h5	c2fab96bb59555dae5b7a976acda8ec0
torus.out0.01995.h5	2d7c1683bacd5ab51d260e1f70b93123
torus.out0.01996.h5	569d060e43e94f53c7750bafd58db360
torus.out0.01997.h5	a8f263e76bbaf0ddd7d7333735cc6bd5
torus.out0.01998.h5	952729a4e97d476dccb19b1634ca523e
torus.out0.01999.h5	bfa27378886cf8b31c0c205260e6cf58
