torus.out0.02000.h5	63abeeb4b19f0e2fd4f65efae1cf26b7
torus.out0.02001.h5	9c4d07e10afe66fce36e201744586724
torus.out0.02002.h5	f146ba50aac5dd9b9ab1f036f1f9a70c
torus.out0.02003.h5	6b8360903f78819fe9b205a877cb8037
torus.out0.02004.h5	bb66e6a72c424ebb63b10c77267b2314
torus.out0.02005.h5	150da9a6b393d068a3236e5f8dad1ef7
torus.out0.02006.h5	90413b8d0f3da1f49671d9e9179df5c8
torus.out0.02007.h5	e621a8bf7f43ca5c31cece0aa0d3810d
torus.out0.02008.h5	8cba678c37ca148778983b50d216d1c1
torus.out0.02009.h5	fe52f3a000b5b925d4d5b86f07d846da
torus.out0.02010.h5	adc1e5af56b938447655d724cc0644a9
torus.out0.02011.h5	8d0bb33f556bb1fa1b48b56707cae447
torus.out0.02012.h5	81bffabf741e01bef956d2c0b0dd2b7b
torus.out0.02013.h5	d0767780c8e5019d860ebb4249d7fba1
torus.out0.02014.h5	8919558259d75f4a348b69837557a10d
torus.out0.02015.h5	2ce865b327fda6d1aa65f58264943288
torus.out0.02016.h5	23954f2791d4096e44dea222614b9922
torus.out0.02017.h5	2b4093941a90766f6a632f207ba4b197
torus.out0.02018.h5	38c2b7f65391bfe8649ee520df892cc9
torus.out0.02019.h5	ee102044d893fd65f7fe2e902e508e86
torus.out0.02020.h5	f633a4dd20a5edf2b68fa8f16fa8cbdd
torus.out0.02021.h5	017edc554e2812db0f55580ba0d9d1ce
torus.out0.02022.h5	d3e7e4aec58b0c13ac8e1ba8129337b0
torus.out0.02023.h5	52a6c34473476b82f4a335a0b0c2e8bd
torus.out0.02024.h5	392d3f5b6c4573af0cdf04d44d595623
torus.out0.02025.h5	ed4fd4eb0b01df0f3d996633cfa77631
torus.out0.02026.h5	87843d0231aa2bd05ffdd1cbc46e8fb5
torus.out0.02027.h5	0ca5e37b88a313a2939a401e6c0dfaa4
torus.out0.02028.h5	d5e7c03439c26d07c229d293defb0171
torus.out0.02029.h5	4a268d773ea9df5d0ab09756951db4aa
torus.out0.02030.h5	d76c1110dabe8ea220f7fd5ffc943f3b
torus.out0.02031.h5	59b430eb078a078cdccc9262d3191240
torus.out0.02032.h5	45e87e4a8e997e49d8dfe97c5d0bf5fc
torus.out0.02033.h5	e0a9cc77dcc816c01587d02e2ed1636f
torus.out0.02034.h5	15d491f94db4ec0dc1295442fd77472f
torus.out0.02035.h5	038c97d58cc813450c82c46da56462bb
torus.out0.02036.h5	210bf31a1e6afe519a253a86ccc629ba
torus.out0.02037.h5	29fc9d478aa000be15cf02227bec77c2
torus.out0.02038.h5	d8ce797bb231e0dfe700c996c86f7a01
torus.out0.02039.h5	caced03cb3cd21576ae788203b95364f
torus.out0.02040.h5	7f63638d3df8195034a314fc9ceff33d
torus.out0.02041.h5	2d4eb52a4fe49540cc40f8e0d655efac
torus.out0.02042.h5	9b688876c3d2e8219eff1a8155f95228
torus.out0.02043.h5	eaafd3c79218609bc011cf179e56df72
torus.out0.02044.h5	5511c8853093ddb8b9c7375ccbc3c1f9
torus.out0.02045.h5	aed5e486ae7c52f4a32c7955acd3668a
torus.out0.02046.h5	c1dde7ad1ffb356ec73dc7cc4632ea50
torus.out0.02047.h5	3110c4043e337818920227809fae7c16
torus.out0.02048.h5	97548bdf2a6515e332b58abfdc4035ff
torus.out0.02049.h5	047de310cc623667a17955c672805132
torus.out0.02050.h5	b65a9450eba81b50c1a27134f8685dee
torus.out0.02051.h5	9aa9e182f601cc039ae7aaa8a185d145
torus.out0.02052.h5	b1ef9bfb828b4f874378e67798af9310
torus.out0.02053.h5	5782a131fb733c6e6986da7302c4367b
torus.out0.02054.h5	762949cbcd8f6828cd063aaa4cd3d493
torus.out0.02055.h5	92677ebd575f73fd96006f855059e9cb
torus.out0.02056.h5	39f1d73b98682f7153cbed940c578f83
torus.out0.02057.h5	e131dda7eb92f84b1acaac85a989eb08
torus.out0.02058.h5	c61c84e96d261db747ba0e65b63d89e8
torus.out0.02059.h5	7c763c0401c50551daa44c4f1d5db560
torus.out0.02060.h5	5e54d58a2f47cf80cee0cb4ab2553b40
torus.out0.02061.h5	de09886e36af0cd46a1cefd7dce19d72
torus.out0.02062.h5	24d99d3644945348ac016e07de35d773
torus.out0.02063.h5	eea268a9d33544415ccb80ebeb06c0f8
torus.out0.02064.h5	31d3b642cc6f5a896fbd74642d7fd10f
torus.out0.02065.h5	f24135086d0fe9c54888d5faa6f19adb
torus.out0.02066.h5	cb8bcabcf7ede457f5c162a57e766803
torus.out0.02067.h5	442c98a2ef5b892eeda94815160c4538
torus.out0.02068.h5	3d6386a345829e06fdd0f74046c24759
torus.out0.02069.h5	6dc32fb2319e9b7f040f2a01fea3df17
torus.out0.02070.h5	a7842a4973403cb7ee95d0aee3494b88
torus.out0.02071.h5	8c22a78b57b5a9294802a8e842a2a265
torus.out0.02072.h5	38936202800a8a41e519b9e8e066f8a3
torus.out0.02073.h5	7c91f595769f68bb4d39ace3220305c5
torus.out0.02074.h5	eb57fc34c8b0a428fa16e39fc0e17f59
torus.out0.02075.h5	a8e8fbf906faa0faa6481299d15c9084
torus.out0.02076.h5	23bbeed3bdd410e9610d721f6503d3b3
torus.out0.02077.h5	3804db1c7b82e90a0797dfae076252ba
torus.out0.02078.h5	28e5b82e1435fab32698b59fdd2f2983
torus.out0.02079.h5	137b2abfffeff92f42ecc8da61e8de93
torus.out0.02080.h5	79e100c94a1d6e7072139e25fe4c711c
torus.out0.02081.h5	f1616789b76feaa41876f9756c1fa207
torus.out0.02082.h5	2db93225f6f8db5069cd68433fb8ebf1
torus.out0.02083.h5	7e4c8846d40ec8b2cd13c341f55e4720
torus.out0.02084.h5	b300d5c40c2d89ab74e3158958fed022
torus.out0.02085.h5	3cd91f163a9b1ff3bc347c37973af443
torus.out0.02086.h5	021feedd0fe66c47b422b96dd393e3d6
torus.out0.02087.h5	b52093251c5a5c7c4cd04f333d3b4790
torus.out0.02088.h5	e00dcf9d9eafd898adf977ef3f2ba316
torus.out0.02089.h5	2ad26355ac9a8493ba7fd102dd7ba7de
torus.out0.02090.h5	dd983f71ff37143cdd2d14502f39f8b5
torus.out0.02091.h5	283a723e34c3c95c4ea8553374fd9dc0
torus.out0.02092.h5	4b2fddc3262a54fb7d522e0cf51ad677
torus.out0.02093.h5	0f9886551b60c441c90c5847085cbda3
torus.out0.02094.h5	19e5f916f9384645112046cd23f898a1
torus.out0.02095.h5	11af6154738a23b9c768dac9d5ead9c9
torus.out0.02096.h5	5ed5aafd9b9dba7ff65a46d3f9e3c43e
torus.out0.02097.h5	dd32c0cb022a0291ecb9b865c1b5be2f
torus.out0.02098.h5	110fd9e4b47c80170b93bbe14137a20c
torus.out0.02099.h5	d2b3f5fd89a920a6f3a044718efc6ff6
torus.out0.02100.h5	b2512023a7176fd44b68db85ed03cab6
torus.out0.02101.h5	9ca2d3551aa9a18c318d8245299f70a5
torus.out0.02102.h5	654d124c87bd38dc0763fb58aa1ca36e
torus.out0.02103.h5	ab63d18bba8e8dde73e152c2a84fda36
torus.out0.02104.h5	c416b7a65c282dc278cdee3a0dd9e45c
torus.out0.02105.h5	1d1ce827a47bed75f1613151a22568f3
torus.out0.02106.h5	24316b6c1c65902906265ecc1c8ee1bd
torus.out0.02107.h5	f9341649257615857d031e3523052922
torus.out0.02108.h5	c189dfc86ec80d01d22bc84cf9dd73bd
torus.out0.02109.h5	bc787a735de526ab11b62d7a994f40db
torus.out0.02110.h5	9aeccb2f1c113e4655e86eddd3a9315e
torus.out0.02111.h5	e848e1347af4d12dfc8f19a9d812fe5d
torus.out0.02112.h5	2966f970305f4c3d84a912a4337b86ac
torus.out0.02113.h5	ddfb331609b650503b2a73405004e2f0
torus.out0.02114.h5	d853c004d58c7635f59a474e4165d42f
torus.out0.02115.h5	332c955511b8b5d34b2755211dd24345
torus.out0.02116.h5	9151373b7a966051c3d2cb62996eaa7c
torus.out0.02117.h5	543294390c6590990fadf3d1fd568bd1
torus.out0.02118.h5	a247bc668de9940773f7aea6c13bee11
torus.out0.02119.h5	05592a06eff5e26e70bb45f541d0853c
torus.out0.02120.h5	a10725776d020842f52af9802d6230cb
torus.out0.02121.h5	3242b2ed837c7684fe9d03e8e619f41e
torus.out0.02122.h5	2f26223aee71fb3eea93ae909baafa38
torus.out0.02123.h5	692e9ec430a4a21cf1ef39b8a7a015db
torus.out0.02124.h5	a95542f77e5fd458557dba2e3e748b26
torus.out0.02125.h5	9485d558074bb3e6ad970a41008812a3
torus.out0.02126.h5	e160356ee8a8cc3f85ed4f0dfc1e2160
torus.out0.02127.h5	a011546b6392a721e808632578a38d8b
torus.out0.02128.h5	f34480d2968f27426f97f32a59cfbc48
torus.out0.02129.h5	3bbd878f563af1fdf02a334d5af5ee7f
torus.out0.02130.h5	c7260bab1137b575fa828a69696daa3c
torus.out0.02131.h5	0085d21ab3c7fd8a3cf2f141ffec9d4d
torus.out0.02132.h5	2f948de9997e8e89b4bd87b68c67e2b1
torus.out0.02133.h5	ba3be7e77dedb8712d5494a71e1e5fc9
torus.out0.02134.h5	5a0c29075945bf305a02a1617ed02247
torus.out0.02135.h5	64efa75ca3041f53dd941daadeb3ac49
torus.out0.02136.h5	3749071d82e95f0ae3780fbfa3833d68
torus.out0.02137.h5	18e96c657c9257af963fbf1d10c17e18
torus.out0.02138.h5	ee1b759bcc0ec524a68107821db2fcf2
torus.out0.02139.h5	9ee9509c1ac2732b31a2e2492df7eb51
torus.out0.02140.h5	da8826713f84490a9fe1f1fb8edfaae3
torus.out0.02141.h5	c14e1242babc1266bcc78c464e143408
torus.out0.02142.h5	150756e3da53ae95d758ab7e20af3801
torus.out0.02143.h5	c8f14b34e3a7fd06ec3f1b68d7514000
torus.out0.02144.h5	b2424d11e5a742d1e148c8d763f47ebf
torus.out0.02145.h5	ad33a2479fb57964c90f5d5346f4571e
torus.out0.02146.h5	570ad98cddacd28d2de6c7146735c01f
torus.out0.02147.h5	9de41167bf6871b83cef79a4979775d5
torus.out0.02148.h5	347e81acfad2dea30f86e7923da684f6
torus.out0.02149.h5	7404d5061a60988b585c207f33855915
torus.out0.02150.h5	35ef54e4553251f78f00f85e0b206f75
torus.out0.02151.h5	7b2348cc80023f1aebba25e1c3ab30ba
torus.out0.02152.h5	5b490852213cc2b240b7df0492d09e83
torus.out0.02153.h5	ed699bcfc015cdc9199578717aff5d34
torus.out0.02154.h5	b957a490859d229912d01f359f47051f
torus.out0.02155.h5	e10ed436e6bcb84581a3dceed64dee43
torus.out0.02156.h5	77c3feaf0f90c321744977b675eaa09f
torus.out0.02157.h5	fbdcc7798a24afa86cc0abfaeb08bb42
torus.out0.02158.h5	1fe1ba9f63919d4847a8b4aecc678285
torus.out0.02159.h5	75169588f6632cbb89d783a2cc36ddf9
torus.out0.02160.h5	9f38e1337d741f546334a4cb8593d1ac
torus.out0.02161.h5	d47169316e846d68f02e42718357191d
torus.out0.02162.h5	778294c67cfe5961cdbd382eb53f2457
torus.out0.02163.h5	9dd22127ab26ad1a3f8a9482f99f25d7
torus.out0.02164.h5	f0ae59493c38ea52cdc782d5481110c2
torus.out0.02165.h5	0afa0c57d2d364b9a52d4ef617764f33
torus.out0.02166.h5	d927555fc9981b73502614dbcd58831a
torus.out0.02167.h5	430e8cb9b2c768a8c4739c2c73b77c5a
torus.out0.02168.h5	0d4e966cecbb3b99d76406ddff3b3b01
torus.out0.02169.h5	2937e4955fcbe34f7a951de9c04f8a2e
torus.out0.02170.h5	40c56c81c86920bb64e6a8c7d226434e
torus.out0.02171.h5	4f2bc563ece150ffb3f4901ccf7e2d18
torus.out0.02172.h5	8651810ddab9ac306320d943424c1cf6
torus.out0.02173.h5	954f0b32ed2690ba6bcf00c1cd11717b
torus.out0.02174.h5	2c1e5c5ddd8f044dc77abcad07c89fb2
torus.out0.02175.h5	7b6cf1d5b3225155b98955bd87665b32
torus.out0.02176.h5	f2879ed41dd4f57964b87d5ffe28f5c7
torus.out0.02177.h5	f053aa20ea9334e7fd0cd833e3bc3b4a
torus.out0.02178.h5	b4e37c669a2adabdde6d14b85cc034ec
torus.out0.02179.h5	4fa1ada35ff11c418d28fa5f99946572
torus.out0.02180.h5	c11538c6b4febfca50345386c3f0c9cf
torus.out0.02181.h5	ab2be644cbcc1c4268e444c3f286a6c9
torus.out0.02182.h5	dc7720d98688633ba3cecc516d406f46
torus.out0.02183.h5	1c0e7886bf737b2f171fa5916c507b0f
torus.out0.02184.h5	f7a09aa26e14afa466254904532f33bc
torus.out0.02185.h5	5eb4c402f65f153c6305d4d021655198
torus.out0.02186.h5	ddc639728100734c8404767b812ef791
torus.out0.02187.h5	91ca33976349144bc9712ecd64640043
torus.out0.02188.h5	db9650233f65723375501826996c48a1
torus.out0.02189.h5	6eb3495eb3c1ee443b99698dae073131
torus.out0.02190.h5	1581866ea4537bebf19806ae50117934
torus.out0.02191.h5	1764284e7795559cd6bcd48391ef8cab
torus.out0.02192.h5	d936c3652ff1386720cfdc33396d537a
torus.out0.02193.h5	149843b32434fa2b1ac80619dda1e7f5
torus.out0.02194.h5	ecf757ce252fcdc4c90ac8b3d8da5cdb
torus.out0.02195.h5	730930d8a6b293e3901c820f076e2788
torus.out0.02196.h5	743da35c38e5557823c686a47864ddee
torus.out0.02197.h5	c29565d35f3224db95901715198c333b
torus.out0.02198.h5	20bca74534ccf200a90c9fc4a94fa45e
torus.out0.02199.h5	d39a39bbac53dadc81249a220a41198d
torus.out0.02200.h5	ce6c7aa25f2c0a6a92e48b42007b4da1
torus.out0.02201.h5	cee0ffa380c592f63552742a036336ab
torus.out0.02202.h5	b2838b805bcc738acaaf508af840b2e3
torus.out0.02203.h5	d270c6109f44e0a7cc5e785acd98cffb
torus.out0.02204.h5	e4a25816862df061f100df9ef906d036
torus.out0.02205.h5	c8dec5374926edeb6b65f1b603ef81e6
torus.out0.02206.h5	d602050a57686ea20ef115a7f24ff81e
torus.out0.02207.h5	dec32f26dbe9af74aa2228b93cd53580
torus.out0.02208.h5	f12515f462fd7bd8144d9709cd5abc82
torus.out0.02209.h5	53823bdb4245b70a742ad5eb62511e11
torus.out0.02210.h5	a21426ad5800b8a018a765975b3943d1
torus.out0.02211.h5	32aae1490ab4fbbbccc81d1fd92ebdf7
torus.out0.02212.h5	2e5ac5a31086c41d41bb031a3085ae96
torus.out0.02213.h5	864c25f428cb43e1103b29e303181ec4
torus.out0.02214.h5	6d9725c1883f91339a5b19bec2950f38
torus.out0.02215.h5	50298b07d435ec323035b63715002883
torus.out0.02216.h5	9074f1a0f31d67b97214dff303e5464d
torus.out0.02217.h5	69baffb44988f2d4ead56465c63da7cf
torus.out0.02218.h5	404dac99f839dfc0285d1614b27e95b4
torus.out0.02219.h5	c78a3920d9786a91f81fc332a712efcd
torus.out0.02220.h5	5b4d8ad63dd25a08f6433cd6769927b7
torus.out0.02221.h5	ab63b09288dcb3f2f57632813334020f
torus.out0.02222.h5	7c1458215d307354ab4dd447ea7c8acf
torus.out0.02223.h5	9d11d3b047a08f0ae27e60cfcf404f30
torus.out0.02224.h5	66137f8de3803b1323ff031511614053
torus.out0.02225.h5	d926479d85b0ba970509e56d826818d5
torus.out0.02226.h5	2a454811f0caf10deea8e776ec9d2f48
torus.out0.02227.h5	80b8c12aee0f177e098536f60f61c011
torus.out0.02228.h5	6e2e781c93161505fa92e7e650da6d34
torus.out0.02229.h5	6ab6494a3d561277ae9b0ce4e540920a
torus.out0.02230.h5	4f1537ed6106c127de32390b49614044
torus.out0.02231.h5	5ed2f1e1c9bc253d3375bf29b24993f8
torus.out0.02232.h5	264dd05c8464371d22fcd073364d6b93
torus.out0.02233.h5	da0151630ce417885c25c27f7e92476a
torus.out0.02234.h5	0871a4cd5511f99bcd0ca325d365cc82
torus.out0.02235.h5	0342f8af631e5532a7bad1cb7d18a54f
torus.out0.02236.h5	acc6b6e2bc1f57a3c68c383b8a32f6dc
torus.out0.02237.h5	b18a73b0fb2027d180ec21e08f70bf5f
torus.out0.02238.h5	20bcd46a4a4c1d069b42e59e9dd930ee
torus.out0.02239.h5	9585b94880f53fc65da438a26bdf95ee
torus.out0.02240.h5	1b1c04d0b75126da69806bea1831d595
torus.out0.02241.h5	2aec1edf14f541550407179be85ff201
torus.out0.02242.h5	bcc6027b87815ebd2828f5219f8d3e22
torus.out0.02243.h5	887b357455c779bb8b099e094ed32cc8
torus.out0.02244.h5	f95467232a9d3c647a815f48475775dd
torus.out0.02245.h5	93f466cc233bf7c4e36ea32cd1b06e1a
torus.out0.02246.h5	76dcf91a99c16ffa597baba47741248f
torus.out0.02247.h5	14f1cb056b58a367a104483a84895cf5
torus.out0.02248.h5	7f113f0560e040141cdf1745e5cbd7b0
torus.out0.02249.h5	93a26e2970151acdcd8c797c3ad8383e
torus.out0.02250.h5	929fef2c9a6d15a77387f2418ed3641b
torus.out0.02251.h5	0a4688ef826c96c9346f7db00c82b2f3
torus.out0.02252.h5	634356546f329b5ad2c51ed7656072c3
torus.out0.02253.h5	b0d476e4f377ea939c89af00c8472284
torus.out0.02254.h5	356d587de19a479d358484aec6a975a2
torus.out0.02255.h5	e9ac5af7de4b969cf64c60da55716c14
torus.out0.02256.h5	fa33dcb002d4e7c282cd1f3218d5da59
torus.out0.02257.h5	e65bb70e59135a51da346037d0ae39bd
torus.out0.02258.h5	0d83003a9c360c2c500bc5d3c4b8f346
torus.out0.02259.h5	6be933d09b86ac3be5f958a6d1c1c7c4
torus.out0.02260.h5	f8d7114fb37741f0f6ed014c9235cc7e
torus.out0.02261.h5	a58221517cea1c4ebfd118f027ca0d81
torus.out0.02262.h5	b27b38837040f958cd69e5666a8bc323
torus.out0.02263.h5	5b353e4413c4b65f07fc052b22e09b42
torus.out0.02264.h5	f74251b2a42e742e00360f15eee92bb0
torus.out0.02265.h5	f65a504e5c2f77f9baf17afa492452d7
torus.out0.02266.h5	36d89969df9a97c15eb325f532510ad7
torus.out0.02267.h5	0bedef3aa129a51da52593d1c014b98b
torus.out0.02268.h5	b5d572c770d30ea733884c81e57955b6
torus.out0.02269.h5	4da933f8956ee656dade9637c9539bf0
torus.out0.02270.h5	d423c481e3b3ce1bbb39aedfc4841c2b
torus.out0.02271.h5	a83616c2d43b70e9b6d995b7869d1e1f
torus.out0.02272.h5	c19c54c58e4278109dab1f2f725b505b
torus.out0.02273.h5	69c84357210ca59017f10ec576d46854
torus.out0.02274.h5	0b68b564d21125081509fa40497c7e70
torus.out0.02275.h5	66a8c80a41513f22385cb393210415cf
torus.out0.02276.h5	88789bd3a1a30865b87de63f5b1fb4c2
torus.out0.02277.h5	3b624f9ace7bbe97ae45a6a3406c910b
torus.out0.02278.h5	1809589329d9c7e8b42890db3ba6826b
torus.out0.02279.h5	ece239f29389584f7534eb42d63fa762
torus.out0.02280.h5	9025a6ea60b95aa23fefdb89f9aea932
torus.out0.02281.h5	6c04e5c2bbfda2cc98d01fc4441293bd
torus.out0.02282.h5	efb59e4f97c80082867d2183b9f67922
torus.out0.02283.h5	3f39be38da58661b221366a887f91285
torus.out0.02284.h5	1759be25870bb507188327853ba45109
torus.out0.02285.h5	b71c5032a05aae16cb110fc2a634e2c0
torus.out0.02286.h5	c670b41d9aa0224540b411f533468e94
torus.out0.02287.h5	249b78c66852187177f37b175ea0894b
torus.out0.02288.h5	7cc78806b60865cdf6512a97dc603a8b
torus.out0.02289.h5	6c8f7ddc09c54fd116482a65bc0e7955
torus.out0.02290.h5	a96b47d4170d66986ad0402c38d43e4d
torus.out0.02291.h5	7dcf6b9e8c6858268c0e0605093c342e
torus.out0.02292.h5	ccc7ab335a7a78850a132c627e16df27
torus.out0.02293.h5	ed8b09cd5145f9656cc36810d4bc27ea
torus.out0.02294.h5	680c46b8b0f0bebf174378cbc7a97701
torus.out0.02295.h5	47d5578678d1e096d4c4a2e8c332b515
torus.out0.02296.h5	52077ac4b5dea0a05e4e8709f9b16f51
torus.out0.02297.h5	a167628070c78bdd02505e9133b4a596
torus.out0.02298.h5	1b940068fae9757c10cd7db4765d967a
torus.out0.02299.h5	498c599ea016f5e9ab3d86f17ea27104
torus.out0.02300.h5	514c2e2ada63d8100aa2135873af4ebe
torus.out0.02301.h5	4b4193ee6934371a3bdfb5e5e566a5fc
torus.out0.02302.h5	db127662dace4f599e2cb7b56bb467d2
torus.out0.02303.h5	83bc123411fd819df926e4d118be7d83
torus.out0.02304.h5	cd701b2db544c99b3540c7ea29b71d8e
torus.out0.02305.h5	e71b5834a4f8902810468b392d0fd9d7
torus.out0.02306.h5	319a6db76f1b9f2569e902610dbca12b
torus.out0.02307.h5	c01cf1015414b0202353ae7afee860ff
torus.out0.02308.h5	c469c98635db9c98a0b31e6762c73eed
torus.out0.02309.h5	2acbf57d7e9c4120c990d8e6a3329dd3
torus.out0.02310.h5	e0fedbb5e8e89ed5fa42d0b8757440fe
torus.out0.02311.h5	ce4575d8d8b5f37fa030def4472ee852
torus.out0.02312.h5	f93d4bbb985d814cb1654a8aac3fe36d
torus.out0.02313.h5	4a6ada36b20b73719385975e2757a16d
torus.out0.02314.h5	64f5c11f7570faa2c9abe8d3d1e6ab8f
torus.out0.02315.h5	c89174dceefb8c46583cd049ab4e2060
torus.out0.02316.h5	60fd1c7eb99646dd57f480a16a4d4cb5
torus.out0.02317.h5	0678d4650435887f740b5584a9959af6
torus.out0.02318.h5	bd5841813fe8af34449ba500a3183bd9
torus.out0.02319.h5	4c57f3060d8a3dc03325e413beb21b3f
torus.out0.02320.h5	0091b59286f4cbce9a19b60679c7e840
torus.out0.02321.h5	213bba890c76e910a0b3027f1e14a0ee
torus.out0.02322.h5	15cb814868bbaab1d28e08fb61ef7633
torus.out0.02323.h5	1f3c8c471551d44b43e3a7461f420f73
torus.out0.02324.h5	c2bf5423399875b590c87e4d97a108f9
torus.out0.02325.h5	480debf1d8aa7cc09e3befee28ef8c4d
torus.out0.02326.h5	a8fbebfbc6d5e4ab81d49db344d711b7
torus.out0.02327.h5	d0656a95dfe2f3637b5275755359b591
torus.out0.02328.h5	92273d9470a300dbccf9d5f20492e867
torus.out0.02329.h5	d50b394751a443dc5f6c0d8e9b061e73
torus.out0.02330.h5	3aad76d884bc802368af7c770e824fb8
torus.out0.02331.h5	ca198721ea1e17ad8aa926f7e885c486
torus.out0.02332.h5	f5ae8340eee30974f5b6f09cfaec6a2b
torus.out0.02333.h5	04fb1af6d2f86d8a141c562c119f0bc4
torus.out0.02334.h5	e62379418d1ce593cdd60672fbde6a8c
torus.out0.02335.h5	d6f3460ee4d41c77133e57aa12158d25
torus.out0.02336.h5	d480cc651c1684f2db6bcb39685642e4
torus.out0.02337.h5	4244d97e01d4080286f871b060599458
torus.out0.02338.h5	7fa58f00bb59476e6d9c931cb4cefe7e
torus.out0.02339.h5	be1353d4fec8023658534ed35f9a5a85
torus.out0.02340.h5	2df2a5e2c56158e7bfb32ae47478f39e
torus.out0.02341.h5	b5e546caadcd95008e3266d63271abdd
torus.out0.02342.h5	779df3794f2a639240637f587110bc17
torus.out0.02343.h5	f60684b9f30bbc8ceb3a5ff67d71e08a
torus.out0.02344.h5	05a2ec9fb013ff63703603ffd750aa4d
torus.out0.02345.h5	59d1c353d07a2e1b38c45c55c41bbf1e
torus.out0.02346.h5	2d7a3ac02a3609d3a89e16fec782a305
torus.out0.02347.h5	210f22a663090518b9a1353f1ecc772b
torus.out0.02348.h5	bd0224877ce0ff05032edfa1577e90dc
torus.out0.02349.h5	5551df0315e684cfce75dcf36820a281
torus.out0.02350.h5	c4b5ebf86235d4b25890e5b7f39d3636
torus.out0.02351.h5	1c2d13bda85688e11ba0807fe299c44e
torus.out0.02352.h5	52a0eea7efe0b5634b531482dceb2372
torus.out0.02353.h5	ec93010b59f793f1de279fbf1639e1c6
torus.out0.02354.h5	a7a7c1a585cb269102d164acaf2ee361
torus.out0.02355.h5	664a5d031ba32f132714cc7353e90583
torus.out0.02356.h5	56a5ce4b5fc91182e1b26219a3e6bb24
torus.out0.02357.h5	eb3bd20b301cff93ca4a8e852cb5d4d8
torus.out0.02358.h5	1f52210048f439c9c8b573178f4da031
torus.out0.02359.h5	1af2d6bb5a79a615f9bbbc917c079273
torus.out0.02360.h5	1d62c1e31e619991445ee044db19ce45
torus.out0.02361.h5	282bdfed2739c2e9d02cb97db2e56ecd
torus.out0.02362.h5	cb15ba505bf8042f8ddb8e2fb368cc34
torus.out0.02363.h5	980c2c3501fbc720708482cda54d09c6
torus.out0.02364.h5	5ff0481ad98702498f396f08bc442536
torus.out0.02365.h5	108e190077703325ab7fae4b3b687629
torus.out0.02366.h5	3ed299f082685b77651c60e98ae8c69a
torus.out0.02367.h5	3b40f3773876b448db057f6ca7ef12f1
torus.out0.02368.h5	39972e92518d8795dd8c206dba6e2db8
torus.out0.02369.h5	5e5e73818bd5d6728a6e7ed5dbabd1f1
torus.out0.02370.h5	5bcdc285b52c1ff1e58f32735b9cb3b1
torus.out0.02371.h5	95402f482b50b7f400240c4180995207
torus.out0.02372.h5	34fe15f8612d3ba0494146180251ab61
torus.out0.02373.h5	e90f30f9f8120240f368cf32d56b8ae7
torus.out0.02374.h5	11b188a694548b8f6ae9770d2072a77f
torus.out0.02375.h5	5e931ec999984743b7ca9086042dabc4
torus.out0.02376.h5	d4384d0155c61ba3aae1a21acac55bae
torus.out0.02377.h5	950d7630efa2e03e8a4f53436f690fbc
torus.out0.02378.h5	c3acb9571379fc838fe2991a8e1a85fb
torus.out0.02379.h5	3d33eb59475c48ca54d2ef444ab77347
torus.out0.02380.h5	b78f9c5924663dde08188b55fbeceb6c
torus.out0.02381.h5	9a065df0f22499f4c39d6aede9e7694d
torus.out0.02382.h5	d323046bcdd7e5fe50499d15a17f7ad4
torus.out0.02383.h5	dd8baa36ea9b0f3b9e002c686bcb2151
torus.out0.02384.h5	7d1e2b3700c9749526eadd2624fa2ef6
torus.out0.02385.h5	bd1ecf67ddcada7bb7cc99440bc887d2
torus.out0.02386.h5	eeda6ef1066a5c2f72c7061de6c5e57c
torus.out0.02387.h5	36d976ea9b2aff578aa18c62066464c1
torus.out0.02388.h5	5aa53fed0af28d6a0152a6ca0c528209
torus.out0.02389.h5	6dc9f9aa7992856b2aeeb5a38ab1d177
torus.out0.02390.h5	3956a7a29e4bb995c6978fe374351f20
torus.out0.02391.h5	f4a7a288879d599a1b3093bc3cc103de
torus.out0.02392.h5	b71ec25843c064d95a8ac1e78a351779
torus.out0.02393.h5	d38e05485c7cb09cc9e8461242b75a76
torus.out0.02394.h5	6d4bab5b5503803a0cc866505d4e971a
torus.out0.02395.h5	7e7e03132e37e56c3c52e8974d1db0ba
torus.out0.02396.h5	071fadbd7a293796757654c076848e2e
torus.out0.02397.h5	067cea457afd949fc868abab05389cf7
torus.out0.02398.h5	32a6bbe2b1364f48685c074f18605ef4
torus.out0.02399.h5	bcc82d292c139fe6cab473575c0891e1
torus.out0.02400.h5	20d9896711a7bcb51341a63d3bed393c
torus.out0.02401.h5	456ccbd49b8428e3ff466957c51287c4
torus.out0.02402.h5	8802340342ac4c8ffbc917bc87babcea
torus.out0.02403.h5	a706f9d69a153ff8dde8a5b1a61ef8c9
torus.out0.02404.h5	dc8b56a2ef66f6d71eeba9c0b09f6b45
torus.out0.02405.h5	11c0ff15bdaa604208644915ed9b4bfb
torus.out0.02406.h5	f64121d0d9b356c46cf71665b856ae12
torus.out0.02407.h5	a2a0f439a2e60f40b2109d8388aabd29
torus.out0.02408.h5	686e2c1f14ddd4f961d515349f588778
torus.out0.02409.h5	6312eda5c6ab8c948ce2f47d7c572ced
torus.out0.02410.h5	6b232621bffb814ac43b2dad67f1642b
torus.out0.02411.h5	d132f24be6f813cc59a075658a8c145b
torus.out0.02412.h5	6c9256c87442f1cb8ba29fe1de4e3a64
torus.out0.02413.h5	ffeff42dccf980421da25b45218f580c
torus.out0.02414.h5	6c9dd011dd76a10287b4aeee1283a1e2
torus.out0.02415.h5	33e420604c32365e6e0b476d7ec47b25
torus.out0.02416.h5	237e99efd17db256275d8700edaa9408
torus.out0.02417.h5	5cfba16d8c739e207734df27dd06cfa7
torus.out0.02418.h5	0925c77934710f9bd95209a5649f3ceb
torus.out0.02419.h5	9d03871982af7bfe7fe6c2edc31b2a26
torus.out0.02420.h5	bc13210ddfb193873fe3f1a2e77ed3f5
torus.out0.02421.h5	4a5470582a46f51a2131b1f729d9fd2b
torus.out0.02422.h5	203f22ed0db1e4fa36687e6aaed5abbc
torus.out0.02423.h5	8445583249aa00a825abb58ee4f51a05
torus.out0.02424.h5	12f7638266b0b1bbe1ed0f62673dd9e2
torus.out0.02425.h5	e483be2f7e69360d1a1ce5ff7ac4c78a
torus.out0.02426.h5	eb7b224698171911a73e9ba15984b658
torus.out0.02427.h5	2ce6648a8349abc9d3efcd1c282a1b16
torus.out0.02428.h5	55adc5dce06e7c71062bdde84bb706f6
torus.out0.02429.h5	766345d33e627fad551492bff9f0dccf
torus.out0.02430.h5	2b3564f80b4dd50fb992ac6f4d2d9789
torus.out0.02431.h5	355c1b7028a0b6964808c23c9a815533
torus.out0.02432.h5	8454dd721ef0f434f2dae1e43d1148e6
torus.out0.02433.h5	a6e0a5e9e6e8ce860bbb436396f71e44
torus.out0.02434.h5	a547be6f0d3faa7438c6f980491773e7
torus.out0.02435.h5	81a0b619cc3030a912bf261a5179bfff
torus.out0.02436.h5	d429895a0470937dda8041d12c908c8b
torus.out0.02437.h5	7b94bc16d2fe6f7f019aad90788d9cc4
torus.out0.02438.h5	cbfc2d98c6d0bc500d73356bda256c6a
torus.out0.02439.h5	461e1fb0ca4fe3efaeee0a6790d1c44e
torus.out0.02440.h5	37a2d73bc1ab98b51bf6db00a53ded3f
torus.out0.02441.h5	35c2efe748ea64270576e9200ab06173
torus.out0.02442.h5	1d85ca79bb0016c93f3015890ee3fedc
torus.out0.02443.h5	16c00855bc4550b0b0e683f5c575d296
torus.out0.02444.h5	d030721bec50d92d9e4181b5b2875a65
torus.out0.02445.h5	5fea317c9ee29470381cd9c035ac304b
torus.out0.02446.h5	165111943e18edf76fcdeee765cd217b
torus.out0.02447.h5	be260c0cd68d35fe642fb5089b2a1648
torus.out0.02448.h5	bdb14306bf48da7c884f153842f4feef
torus.out0.02449.h5	adf9d523045636f433354f7eb49d765b
torus.out0.02450.h5	d25570a34d9a0262a0f285a97855c02a
torus.out0.02451.h5	ece14e3a58093571e587905ff221137c
torus.out0.02452.h5	114c0f111c9e9d42d38dd7ad8611fefd
torus.out0.02453.h5	5b778a94ac995cb886dc6d9177f48060
torus.out0.02454.h5	64e44b4b411f6ceed58f6dac8bdc6776
torus.out0.02455.h5	134617712028ed69439d08963614fe91
torus.out0.02456.h5	49936f4f9b9ef5ac0729be045d2050a3
torus.out0.02457.h5	4f7db5100a040044b6c066b395f44cc1
torus.out0.02458.h5	9a3e2b6eaaad77d0e7900d4f279898be
torus.out0.02459.h5	09a0a298c3b007f62383a9d3126cf9a7
torus.out0.02460.h5	5207e3ebf63fd65b5a9cfd751db982d9
torus.out0.02461.h5	e40ff10b72c404aba4762aae0efd1c9d
torus.out0.02462.h5	7bac8b562e358300e26ee6dab0c6d9c5
torus.out0.02463.h5	da4fedeb258927256505628229315949
torus.out0.02464.h5	df6dacaccb1ad8b158ed49023d4f4b2a
torus.out0.02465.h5	0805d82c2f1f31a162baf3bbb1cf4c20
torus.out0.02466.h5	42bf47d4646a4dfa28164f1a87718085
torus.out0.02467.h5	d5b377a241d603a94dd16da356463c1c
torus.out0.02468.h5	f7fc1e116cb2c271160e93fa82b9293a
torus.out0.02469.h5	c4e17c2c0d532f6be6f0e29dcbe50ea4
torus.out0.02470.h5	d7d33f371290f2bb1179c8ae0036fbb4
torus.out0.02471.h5	364de75ca869f6a89826aa6cc802643d
torus.out0.02472.h5	962968fea00b92807569a12724bffda9
torus.out0.02473.h5	4ae429db60d20db95300b66b617ca518
torus.out0.02474.h5	a670a4cde697718c4e3f02b80e3194b1
torus.out0.02475.h5	b4a6fb3759a0ca936a94a2e7872bef7a
torus.out0.02476.h5	f720f0c0d78d5fd48b22adfc7c4af845
torus.out0.02477.h5	c93f929d40bbcc835a02ca07eccef139
torus.out0.02478.h5	dd84eb21f86a2af3ad7fa7e30752c4c4
torus.out0.02479.h5	cd6a2d20c3e4d59722296e484a6094bd
torus.out0.02480.h5	627486d6695b35bda68a00be8d46561b
torus.out0.02481.h5	1c8abecb7ba2eb53289100108bbb520f
torus.out0.02482.h5	7f91d0112357b9153826fc63fb2d7c51
torus.out0.02483.h5	d92aaf54428e4cc4314be5ca08cabfd4
torus.out0.02484.h5	4241ad4516ccdbaaf07040d53e9a9d25
torus.out0.02485.h5	03c377f556c5a153ec3eba6d154aa4eb
torus.out0.02486.h5	62a07b1ff8dcc834b9326f2e5f0132ee
torus.out0.02487.h5	29669319543d51720d7e975b63c4a6b9
torus.out0.02488.h5	58af99ad41a98218c67a5d733ed239c5
torus.out0.02489.h5	917e94ce51cf47e8e84254b95866180d
torus.out0.02490.h5	12faab25fb6b6a5c1e2f462432161714
torus.out0.02491.h5	8e078592bb0d25bce8e5ad83596a562c
torus.out0.02492.h5	1cb654db99a58772bfb1b2d798334102
torus.out0.02493.h5	56ec6ae250dc55a0bf764ebe0d706a42
torus.out0.02494.h5	7da3f2b7161384037ab6cc28ef305994
torus.out0.02495.h5	9ef78270aad79a8ffcb74e4b60d17dc3
torus.out0.02496.h5	d54aa78efda9b2462fb8a238fe17e167
torus.out0.02497.h5	6ee7aa9a82dd5baf8356686f122d2972
torus.out0.02498.h5	52eb8f377f9a1a6dcb6b811a1c59cb6a
torus.out0.02499.h5	5afc3b7a70767b7514cb46c7b8095046
torus.out0.02500.h5	2c5fcb36cc727d0bcb9b80973141dbf3
torus.out0.02501.h5	50a7a3dc0bc5beac0c5e4e660a55a288
torus.out0.02502.h5	b941f0b3bd8ce82dda5fe3fa5ef4ed87
torus.out0.02503.h5	52f4cfcd23a4987b2dd5bd8f315e1e6a
torus.out0.02504.h5	21fe8511e4b4dd12d67bd17d182d8b66
torus.out0.02505.h5	612f00ba87f0500b486440f66c9fa072
torus.out0.02506.h5	8508a68200d329dede1f336ed9ecf63f
torus.out0.02507.h5	1600350a9c74b0847e084464aa700da3
torus.out0.02508.h5	b95406e85c80def8a158f7162f4e7587
torus.out0.02509.h5	8510dd2fea631473c8a2f86673d47010
torus.out0.02510.h5	b60351dc30cdf7a6a43647a67f5aef92
torus.out0.02511.h5	8b6af8fb82d43b1a28f1d2d06fcb1e9e
torus.out0.02512.h5	40e06f24b0441b967cfc6509a312e9bc
torus.out0.02513.h5	14ec2ce5ef9cd939b06fab5ad54ea16c
torus.out0.02514.h5	23ecaf477d6afbc7ed6417bdc6f326bf
torus.out0.02515.h5	e5cb930deecf2dff47a1d3f3660707aa
torus.out0.02516.h5	af4e565e6bfd341816d297b086bb2ad3
torus.out0.02517.h5	17ac95b9dbe896d8dc36a3d19e854d37
torus.out0.02518.h5	de8ebcb63812c47f6c43980a9953d1da
torus.out0.02519.h5	c114fb2db97dd542c10ec3c686cc7063
torus.out0.02520.h5	2ef3b5520340b99f61e7ed77ff6d3147
torus.out0.02521.h5	ee98c82332cc39f87450df1721afe358
torus.out0.02522.h5	66a7153b653280ec1bf596301147940c
torus.out0.02523.h5	12384e6b7a163f741db9b45a243e5594
torus.out0.02524.h5	81cf86dae8d5138e8f97eeb803a09272
torus.out0.02525.h5	075a31e8f43c8b3e09bdc6b3a881fb80
torus.out0.02526.h5	64047cb6b176c4c3cd5cf6d2019ab470
torus.out0.02527.h5	91a0f7dba7bc4d413126cf76615ceae0
torus.out0.02528.h5	372da0ed8f86f9b5e38512ca0680d8f4
torus.out0.02529.h5	fafdd7805841b7d9192f16cf3d689911
torus.out0.02530.h5	720b20322d9ac76ad10c13f377d45529
torus.out0.02531.h5	c13ae21c7ca728dc4d4b6dfa76e23f21
torus.out0.02532.h5	bfe2a173568c44fdf63cf260675f69fb
torus.out0.02533.h5	0f6ce597d97dba36ede5663af346b044
torus.out0.02534.h5	982bf197bbc022c7a675950e23045be4
torus.out0.02535.h5	ae2011f5e5054d0010be73e5775a3ece
torus.out0.02536.h5	1974824731e117f40d2c95255f4c2552
torus.out0.02537.h5	fd76616af78cbc5b13790aff85ddbd37
torus.out0.02538.h5	5f493c9be36d09105a7664b4d5c0b3c5
torus.out0.02539.h5	19b58558b835a14fa01aa54eaef0d6aa
torus.out0.02540.h5	e95ad4ec1312b4884547726580f32fad
torus.out0.02541.h5	64571f3bc77fd70fb740ec5de9adb9d3
torus.out0.02542.h5	99db4c75f7354f3631d4d8afabaed984
torus.out0.02543.h5	22f73fdd2a8658b5c61da8e7ab1ffdcc
torus.out0.02544.h5	f6ec607a396c4b00a416a670e3296f0c
torus.out0.02545.h5	f67a1ff4c01bc097f5ef1e1046936606
torus.out0.02546.h5	d4c259d413fc6eb2dbe52e1dda7af33a
torus.out0.02547.h5	f30125cef9c4dc192eaa1ebc8947978d
torus.out0.02548.h5	73a26283f9402d5de5f8bdd369dc225f
torus.out0.02549.h5	ab2d6761c0770968204f9935fb8966aa
torus.out0.02550.h5	75e040c4e93163197d6f91d7483990ab
torus.out0.02551.h5	c9bc24ba8e1b4c187eec073a0092a7b1
torus.out0.02552.h5	18dfa044f64a1756b72cd9d6699dccc7
torus.out0.02553.h5	9b129fe4968dab7dba9d132293f4b255
torus.out0.02554.h5	b0fc220608651f6638aac04852c56d42
torus.out0.02555.h5	f8aa59a7c8b07913ca40dc03aba2e8b3
torus.out0.02556.h5	0135abe9e09f3b6f252abdec8f1ec65e
torus.out0.02557.h5	f515687b31a0381f487bddff4f4cb390
torus.out0.02558.h5	2af4d35484b65743fc1c96bf23f6a447
torus.out0.02559.h5	debb0e2daf16879acd3743d7fd85150b
torus.out0.02560.h5	986075cd1ef0cca03cf7e791c6681a75
torus.out0.02561.h5	0ddc64f35494a1351a5ad103a6ad217c
torus.out0.02562.h5	ca1fe20f522acd8cb7afe8545832b564
torus.out0.02563.h5	bbf57e3e0f98591e4ac0bbfafd253027
torus.out0.02564.h5	6c8b26f6b363d1c5089ce6773ce1ec5d
torus.out0.02565.h5	1314e04a3023f41d89fdff3f9e41a29e
torus.out0.02566.h5	cc7c44500d378120a355b00890f039a9
torus.out0.02567.h5	4cafa9b13f8564311db7c8821fc4c8b2
torus.out0.02568.h5	0faa7b55e740fd067c4125d4168f8068
torus.out0.02569.h5	8338adb1914fd977ce68b469332ab8c1
torus.out0.02570.h5	7d258b27f69c7874f56af553f87e5b82
torus.out0.02571.h5	38aaa15e90349783029b3c9962b81835
torus.out0.02572.h5	074b9fe0c0d2b377cd3415477b0887ce
torus.out0.02573.h5	ec8d998165706cea35eba8d1030e27e9
torus.out0.02574.h5	9716e08787b921f94bd30f52184398b6
torus.out0.02575.h5	980003518a6f44daa5c061040cc100df
torus.out0.02576.h5	d6e944c7b522c9364c16d02a44bb0642
torus.out0.02577.h5	12eb74bc434e1ddbbe654f960c0a7420
torus.out0.02578.h5	cda9023a73ecb7a740f911553bce606d
torus.out0.02579.h5	e6f80140fed3ea899a2d0ef51e42f6dc
torus.out0.02580.h5	9bf325b7c19ab1bd8af22883bf2f6d88
torus.out0.02581.h5	7cc4e37cf2be7acb794e2e609957454d
torus.out0.02582.h5	10033217aa17424cd403c28938866a4e
torus.out0.02583.h5	0a7f506e02ba58928546edae9d80f7a1
torus.out0.02584.h5	a7e358845d9cd6a28d49c231563d3b46
torus.out0.02585.h5	a3a193b9582a47a96dc5d945c6f3bfb7
torus.out0.02586.h5	14e2ab63b02da9f8e3f36a2e5091fff0
torus.out0.02587.h5	e4b18f1b2e9585f4bc3aa010b90cc69f
torus.out0.02588.h5	b4a8456a9fd5e3bda42a59820569c0c5
torus.out0.02589.h5	491c7a5c70f044ce3fec39658e009bc4
torus.out0.02590.h5	4fbbf663ed0eb507189d768b4f3d899f
torus.out0.02591.h5	a99d854f78c40cab52795a1e9137aefb
torus.out0.02592.h5	aed65f10ae1a544d2826809f1449c0a8
torus.out0.02593.h5	0117a5dcd1060a35dc04a4984d51052e
torus.out0.02594.h5	63de1c203ce7d2dd6b3fee2e97fee2f6
torus.out0.02595.h5	90ed8f1e7bcdb4025f4c89b8679e436a
torus.out0.02596.h5	34d83fa28eefac392be1af1e292ed929
torus.out0.02597.h5	2c6b2d47ed34a13dbe6f5bfe35e10776
torus.out0.02598.h5	fc91f005d631880adb9bcda134e4cd4b
torus.out0.02599.h5	079d85aed991b3205996cdccf6f1fbe3
torus.out0.02600.h5	b592f161fbe49f84de6004c70812f262
torus.out0.02601.h5	cb178c30b1a91db5880e01be40c6f558
torus.out0.02602.h5	986ba79c51f553a780aa944592a8fe74
torus.out0.02603.h5	ded6c193cb9ddf9efaa50874cbd6410e
torus.out0.02604.h5	73c5e864e040cb9455fe51e308374bc0
torus.out0.02605.h5	81610a98744fa87bf05679d3a9712d6f
torus.out0.02606.h5	e14f11cda4f0d676c452857d8bad7a47
torus.out0.02607.h5	2ece94836e6406ed2719011b6c275223
torus.out0.02608.h5	97b330a58e437e0f6029215e95c50e34
torus.out0.02609.h5	175c4d12dc7831ced4ea5a68143f7288
torus.out0.02610.h5	6492b2f8439518516e81c54fb3f4441e
torus.out0.02611.h5	a8b9fefdb7096fc85057cf57e6da0eb8
torus.out0.02612.h5	24fa68b7858294d2bdf22cd2a6620747
torus.out0.02613.h5	9d4ed038a048d4fe42e62bf635115b09
torus.out0.02614.h5	922fc541388552b9267d3f169f639534
torus.out0.02615.h5	17a240e1e82697b2e19ab6afdd42cd53
torus.out0.02616.h5	33820320309fb5ac5d17ed6798cc6b1b
torus.out0.02617.h5	af249d01dccdbe05a3beacf38aae5121
torus.out0.02618.h5	5237f0482d628c2519395d89beba834e
torus.out0.02619.h5	f6a7e4497f53d496c1eb153eff9a9cdc
torus.out0.02620.h5	4b6d25c05e8e10838f6cdc5cfd97bfe7
torus.out0.02621.h5	6cdda1dce5041bf2f0b1b7187aa2ca04
torus.out0.02622.h5	64afc518f0be1fa122d1035f9596d287
torus.out0.02623.h5	22986a37409367922498369adee2a28d
torus.out0.02624.h5	c750b7214c28463c62404e002ddf9f3b
torus.out0.02625.h5	c27cf79ec567aa783300691792bf501c
torus.out0.02626.h5	87f34d0860b75d560792bac3832fa149
torus.out0.02627.h5	91828ae5f6d1cbb85f44c81abffbaed5
torus.out0.02628.h5	d54b2ace32ae5b929dc7559cda41208f
torus.out0.02629.h5	594c56fd341953f6854291b80cd583b3
torus.out0.02630.h5	c65659436e8ceb7bbf1189359227299b
torus.out0.02631.h5	01cde256e70b388125a62847e4271c1a
torus.out0.02632.h5	22342c0e540f5f54a5ca2c64289ea9d4
torus.out0.02633.h5	d1f024ec838fcfde9f0e5b978a692b54
torus.out0.02634.h5	c556d708364240a485753487ae3adb6c
torus.out0.02635.h5	6a1e1faf3d663fe7c8f51e9a386d3567
torus.out0.02636.h5	79887ac9852da27d6aa604c1857635b7
torus.out0.02637.h5	03a5b6c1e22c685fda315a9ae7e43bcc
torus.out0.02638.h5	710eb80b92f0d87f0f829587f4c0387c
torus.out0.02639.h5	2b966dcd66b86a947a9e5d1c972ed23c
torus.out0.02640.h5	94eb7c1ef6db7070061dd7f316652949
torus.out0.02641.h5	8329c2a55893929bfcfd69257b3e9999
torus.out0.02642.h5	4c0b53b3cd928fdd3fe08e708ccf4899
torus.out0.02643.h5	e842bc7f8d714257c93e2c7a708ab3f2
torus.out0.02644.h5	74f00bc21820ed60a3a7a6f8f638f997
torus.out0.02645.h5	58e644a9cf2e648ee99df836956fe4b7
torus.out0.02646.h5	137df8cf71b9cebb668211daa9510a58
torus.out0.02647.h5	20b867d092bfafa052eaa7cf326b8fe0
torus.out0.02648.h5	8df7c247f1c4f24e04b7168b911923ba
torus.out0.02649.h5	2d18e844c881b018558f3eb0d2fe20bb
torus.out0.02650.h5	633ff5785d1fe896a91454f920d36689
torus.out0.02651.h5	8cb4434d65ce7b1df0708e7f2689fbf1
torus.out0.02652.h5	39b5801d7fa958de61229fe9e5febc7f
torus.out0.02653.h5	d9505c4a201bd6dfe7958056e0bdae94
torus.out0.02654.h5	5688c981ab622fbfbcc2f6842a4e6a42
torus.out0.02655.h5	0820107d917bd7d87011db2045f9ec9a
torus.out0.02656.h5	5d0c28716f197c7dadc14cd9a60b48cb
torus.out0.02657.h5	663a60b76269d984bbffaffde73c04bb
torus.out0.02658.h5	1492678a4b45bfdd1f45841cd462b579
torus.out0.02659.h5	0385e2cf323b67f269fceae5aab04073
torus.out0.02660.h5	94d82087863f288e01b56aa6c6b7278f
torus.out0.02661.h5	fb9bdd5085c5a10e85a7da48b96429a3
torus.out0.02662.h5	a69835ad04dd2b5ba306e87a8c1825a8
torus.out0.02663.h5	bebbe8e1d32cfb15789372bbf11da43e
torus.out0.02664.h5	37e2fd1b2d06a54c50d8c826e1ec9e72
torus.out0.02665.h5	3309f5be9656a66a254335f89b12b526
torus.out0.02666.h5	278b23fb72bb531d57d8baac4b8a1771
torus.out0.02667.h5	05c2d5e74f6129d41c2afe7211da6707
torus.out0.02668.h5	0e0c301b092d5033bd2507644bd21a22
torus.out0.02669.h5	7bd29c63acae09d9ab1e8316987e9afb
torus.out0.02670.h5	e9da4892599ca174c7c8c6581b3c2d04
torus.out0.02671.h5	f0c5b8460fae69f3869bde811587c943
torus.out0.02672.h5	dcbd303bb1a27e5f51a9ae8c1f50f3ef
torus.out0.02673.h5	a7cc6e16637dc2aa90dd68b60549bb6a
torus.out0.02674.h5	ff7fd1a69edcabe19dbafd4937d7dbd8
torus.out0.02675.h5	22a40bd7cd5765d3546fc3e6df37f464
torus.out0.02676.h5	2aca986b00eac45cae935268f345b128
torus.out0.02677.h5	74d62441deac2900d37429446067ceac
torus.out0.02678.h5	e27ff547f165061bbd9fc260c70dde11
torus.out0.02679.h5	f1807e11245bb200fd9da66993465616
torus.out0.02680.h5	28cca83d046d2c8f82be8c42d1e2d19a
torus.out0.02681.h5	94fbcfa959b6a76bbd856f93320891ee
torus.out0.02682.h5	afb64e690624770183f4774f9281b313
torus.out0.02683.h5	79e952073fecde2ddd38788c5cf9f3e8
torus.out0.02684.h5	2f4220f51cae44468edea4d12dd4c87b
torus.out0.02685.h5	1ee1c4d2c375c95b332811aac4c469ea
torus.out0.02686.h5	15a38b5961d61ce7998e67d6d9d085ab
torus.out0.02687.h5	fde50c4cfebb723de67f3391952f0181
torus.out0.02688.h5	e779302837922c3f7410a14dbdff069a
torus.out0.02689.h5	9cb78f47066a2547eb61a1dd68667408
torus.out0.02690.h5	cc221a3424d0d40b99057878f2c6512a
torus.out0.02691.h5	fa3c6f0f738355809fb825298d355210
torus.out0.02692.h5	b72b6cd35d8ba4530a066863c5d21fe8
torus.out0.02693.h5	4303f758ae73da881f7dd1a0aa14ace2
torus.out0.02694.h5	1cdfc0dbf42876c3614a8129dce98989
torus.out0.02695.h5	b54fa7550d3a7789784c997db1bc07a1
torus.out0.02696.h5	4ea007935e1bbfd8dd72658a5053de0c
torus.out0.02697.h5	55f2febde6f2ee20101c3b9273d4a710
torus.out0.02698.h5	5c243d633c8f4b41ca7585a982bff946
torus.out0.02699.h5	81075f27e3f65e63505e0ffc41243291
torus.out0.02700.h5	08c33aa362324e748ec6b6bd03d11898
torus.out0.02701.h5	3e7cd04c27a6e50da23793f821fcb646
torus.out0.02702.h5	08cd4d8e61509e1b66338f2270aea7c7
torus.out0.02703.h5	f1314876be7b55f151744b62ebb461c6
torus.out0.02704.h5	c642f729acb6d8ddc893250a349e8cb8
torus.out0.02705.h5	2f3c1d56488e8fd4fdb9bbf21e287288
torus.out0.02706.h5	49bc6a85501a85232a4d2769df9638c7
torus.out0.02707.h5	b1c56e5cd050d7c9982d3f73064ba0e4
torus.out0.02708.h5	3118363580dd7f99f1f03612759ab263
torus.out0.02709.h5	9fa623e9e3c6fe55cfa042c1266d7e7a
torus.out0.02710.h5	eff44a96f3e0340e0273263bb4ca49e9
torus.out0.02711.h5	bfe271a5889ba9b99bad2c5a0617137b
torus.out0.02712.h5	d0d52a9fb6844d655a708b1011152e4f
torus.out0.02713.h5	bcb0451918c80ab0e966a5a4cfb6df31
torus.out0.02714.h5	84f3eb5e9fa5cdd5c3223436ed5852b2
torus.out0.02715.h5	005254f9b74f0421327d5a53d8231b95
torus.out0.02716.h5	c30b3a63c835a82ba40dffdc491b77c6
torus.out0.02717.h5	7e8d9260ace24998a4db0a62f2eff1b5
torus.out0.02718.h5	26ace561164d047544cdf1a1b9bbe12f
torus.out0.02719.h5	d0e46da7bf5b0a7f83d19b50e8d44450
torus.out0.02720.h5	200cc0ba8b946dfbe5c643e6d9deb4cd
torus.out0.02721.h5	f616986324cecc4052c3e768792e9600
torus.out0.02722.h5	baa46f005fb8e9216c7c5a6a7ace105e
torus.out0.02723.h5	f1a805b83e802ecceed49429141796ef
torus.out0.02724.h5	65cad974d3e16a67f3a5950f43cbf814
torus.out0.02725.h5	33abd720e8acbd25781b451b482be8ea
torus.out0.02726.h5	3be057c37daf0b837fb02026536f45e5
torus.out0.02727.h5	d4a79403130f7a1802499a878e056f6f
torus.out0.02728.h5	2c5e9652a75ece31aab9b2051795bb14
torus.out0.02729.h5	43742c49ba5171bedf1411abd2203a8a
torus.out0.02730.h5	e2b16267b38dfbbaf1173a303005e83c
torus.out0.02731.h5	3c3b93ee11a1cc3cf9817894fa186865
torus.out0.02732.h5	7f9b652bc511464ffba8c421ac0da23b
torus.out0.02733.h5	23e47d1a2a157ff2f41c41c3fec87d91
torus.out0.02734.h5	a776cc9b68ce5b304d8465a85056533a
torus.out0.02735.h5	cee5d29f93e0fdf2a4a5c233f05c923d
torus.out0.02736.h5	dd375205f4538a2faacf2dd57d702608
torus.out0.02737.h5	76f03f2e87df26ac62c7b77d645bc536
torus.out0.02738.h5	73ec21db6c43a30c2d636fe3caebe714
torus.out0.02739.h5	fbc8881afd9378fea85c7ec995f9bf47
torus.out0.02740.h5	df6ed3f219290ef6e9fe6f95e0bfeff1
torus.out0.02741.h5	9ccad81c4ebc0c84c7b936ad8266858b
torus.out0.02742.h5	fd6794254a97da2e9884e416f8ef9ff6
torus.out0.02743.h5	d953accf935a2f00ea2a0c259905a204
torus.out0.02744.h5	61948fff24467bd097a2757046e68008
torus.out0.02745.h5	72eb4b4a75bf7b90acc11c5223338541
torus.out0.02746.h5	9f6ac16fdf9003b9445bb2386200cccb
torus.out0.02747.h5	067cbb256feda5c0e4a0f70a9ee05ff5
torus.out0.02748.h5	994c0f7eb59b895e8625881894a42c0b
torus.out0.02749.h5	1a881699fb52aa3477c5705ad3239a09
torus.out0.02750.h5	092cd72e154434c8378373cc1cb73a36
torus.out0.02751.h5	8f9f385c23996729d43b941f2994b395
torus.out0.02752.h5	67ae84d878c92620296ed9358d26224e
torus.out0.02753.h5	6bf2d6d119ab224977f06e1a747dd00e
torus.out0.02754.h5	22957d4a5bb98be1e6159d868b660553
torus.out0.02755.h5	81ffdce4edc71613acf1f30b88b4ea5b
torus.out0.02756.h5	a34b194998837fd720ad19b5b3e6ac0a
torus.out0.02757.h5	cb1602d0b8cb2c60692b2c1d2a74b79c
torus.out0.02758.h5	ae4523a6c93f47c416d3f1da7e532762
torus.out0.02759.h5	6f8adb70d3ab5f4cdd6a7aee115a30a1
torus.out0.02760.h5	6311729acc08197fee292f46a9e2a243
torus.out0.02761.h5	b1008ca9ba0d944b37c58bdb66422041
torus.out0.02762.h5	0f31f859cd281511a2e621100e9dedf1
torus.out0.02763.h5	415c3c7abf66968cd08f506bf50b592b
torus.out0.02764.h5	4f385551680d5f0b153a8f6345934638
torus.out0.02765.h5	02f496a08e98f64015c5e87d7abddd6c
torus.out0.02766.h5	c3543f0d2772369e32bfbb29eed98fa3
torus.out0.02767.h5	404fa2c1e0eb63523efea6896a71c2e6
torus.out0.02768.h5	b22192ae65b3dfa951491edee1e53027
torus.out0.02769.h5	9288bc2206ea8444e25fcc38be4bea13
torus.out0.02770.h5	8a8aaeadfe582343fd865fe46363356f
torus.out0.02771.h5	9a9b6de5a84f4cfb8f4991748bde36c8
torus.out0.02772.h5	f5ac30fc9c8395e43663a430e785e2f8
torus.out0.02773.h5	a143c60ae5b9e78474c27596459d6ae4
torus.out0.02774.h5	73f809fc6a6d54a63f96c90a821741b2
torus.out0.02775.h5	fb9314ec5eb88e535b8eb12d51e55ae1
torus.out0.02776.h5	75ad712db9a9448b8bec3e41c5dcedf3
torus.out0.02777.h5	feaeeb48b3cac98f9004e237f8e5dd1d
torus.out0.02778.h5	6d658cb951f3f666730021aedda741d6
torus.out0.02779.h5	94f7674746423b58dee6325bf52d8a66
torus.out0.02780.h5	e34e108fabe5a81746f4342cc57bd6ab
torus.out0.02781.h5	35b1adfa79044bb97836a4b506881269
torus.out0.02782.h5	7d3ad33518356db3c5e02efc6fb34664
torus.out0.02783.h5	bcb6445dd3e092aedb8deee2d9546b07
torus.out0.02784.h5	949a4ee56c9e2e1739dfad9dc56c5b4d
torus.out0.02785.h5	05d6f8e7d2d5b33a1d4622ff84b66ef7
torus.out0.02786.h5	b7860e1f0bf5b3cc34f58f54422e2a10
torus.out0.02787.h5	aab5e6639e29e86f5a9e3913fc9946cc
torus.out0.02788.h5	d19e639303008ec560a08a273a07905a
torus.out0.02789.h5	2d24f239c1bc8f8d24ae73b714e436b9
torus.out0.02790.h5	185f00cf15f0db3d4710b7c491ac72bf
torus.out0.02791.h5	0e338c27ac25e2962b64380c18bc206c
torus.out0.02792.h5	f09e572d89332c04df7b4eb449f325a4
torus.out0.02793.h5	53377261e83924f124e3a62af5e76c5f
torus.out0.02794.h5	00660b88abfae3346dfb9a2229d39718
torus.out0.02795.h5	b62c3f0a2cb277928258b46f976b6881
torus.out0.02796.h5	6b06b9b8296fd0c617f9eb137528534d
torus.out0.02797.h5	ebb223e80923325c372c07afed1834f0
torus.out0.02798.h5	4d72681f8946d01f9a210a0484307b65
torus.out0.02799.h5	7db185846f55c09915cfbc80a543d426
torus.out0.02800.h5	d90e56ef5da244e71534c468883584fa
torus.out0.02801.h5	ae802bf7f579a7c4015d883bedf72116
torus.out0.02802.h5	a9d0761deb16ae410997836e4862fbb8
torus.out0.02803.h5	5743ff1f5cf8c730b15c944d0b95d647
torus.out0.02804.h5	203ba146ecdd611778b1f573415cec12
torus.out0.02805.h5	3891ace8071bfef6cd0ae308ca6d92ed
torus.out0.02806.h5	cde15bb14a8855d3fe4c2ffcd728ec51
torus.out0.02807.h5	aa1958bb33ab9c21965b604b2206a441
torus.out0.02808.h5	dda15af1b1f3b3831454a6e002936b4c
torus.out0.02809.h5	5b7d153ffa849b92fd3b1ec1198808ae
torus.out0.02810.h5	c2f8ce570f23fbc2c8db0541d1b51e91
torus.out0.02811.h5	1dd97b3d97c60e0fb1da90ab2f6da311
torus.out0.02812.h5	f79b403cd11f19ccb7210fe220171642
torus.out0.02813.h5	77dac4fb1a0fc2aaa49e9a83ddfc888f
torus.out0.02814.h5	dec5e563f5f2bdda4a8fc06bf186693a
torus.out0.02815.h5	a446b0aa1c8b0a45396458ece3291e1e
torus.out0.02816.h5	2a8b0b5b81e04d6edcc7cd0b35417e32
torus.out0.02817.h5	0f2162683e8cc9c12027a7c8c7587fbc
torus.out0.02818.h5	66199d34ba98ba680719847eef551ced
torus.out0.02819.h5	1227eb5eadb16aef64ebd2f2bf946ca8
torus.out0.02820.h5	1888866a46ff0b908e73e8ee0cf28cc4
torus.out0.02821.h5	0b8ab23127cd37c11bee4ddd3c2462cf
torus.out0.02822.h5	b0a7525f6539b00205f492506b752e5f
torus.out0.02823.h5	d6c14bd1d2dd422369a0264171a2b7d8
torus.out0.02824.h5	7f1cadcf7753be4d5cdb536d25d4f340
torus.out0.02825.h5	20db45e5d84961b92c8976faa62109ae
torus.out0.02826.h5	758fc6eb64d39b22fb964ce21987e5bc
torus.out0.02827.h5	c2722a63b49f7e43caca594c6712fd48
torus.out0.02828.h5	7a87e124c690221aa4b5911fa98a4c04
torus.out0.02829.h5	aeae4c1a3b289adce49f3a7e2c4506f4
torus.out0.02830.h5	5b7c36fa97b317fc674b9a50fd89c78e
torus.out0.02831.h5	438916911407272234553a4a73aded64
torus.out0.02832.h5	3f9731142a28d56baf8655700f15187e
torus.out0.02833.h5	a9da09a7127c9c6ce8d0f68a1180f54e
torus.out0.02834.h5	aa51e557ec5fbaa99ac5f86eb7b68656
torus.out0.02835.h5	d5b777655650df1d82de8dc2838760a4
torus.out0.02836.h5	32662ef102127f5aa4d2fbb88f7918e2
torus.out0.02837.h5	9baba5bb95d82a9ed7f4c9763671e2e9
torus.out0.02838.h5	a890d9f4f6e64b35c723538cf3690344
torus.out0.02839.h5	8c0b1d72d83a01b11e636dde7a7ed074
torus.out0.02840.h5	20f6d88a37407eeaadb9dd25ddc51569
torus.out0.02841.h5	fbe54c7b1ca283551a6f127364306ca0
torus.out0.02842.h5	2e08078d06e8ee5788b2058685cc1619
torus.out0.02843.h5	523e2f29ee806ff91f47518fbaddf227
torus.out0.02844.h5	c8f99f6bda4877efbfa879f3d8e8c049
torus.out0.02845.h5	25b0471357c18fffddd3caa3f3ea5c82
torus.out0.02846.h5	212102b82dd41efdebda696e49883760
torus.out0.02847.h5	d547a00e3f173b8d43f052836baadc62
torus.out0.02848.h5	b0cae27a6ff26d75f30824398bffc7b9
torus.out0.02849.h5	cf7b90b48110cedb92072d8c2359d324
torus.out0.02850.h5	991c526490f201112d5e37e4653b406f
torus.out0.02851.h5	897bc63e70bb2f56d530f170e359dd71
torus.out0.02852.h5	c7229f0a23b211feb17627c031bdb32e
torus.out0.02853.h5	50453467becc11b30872d3fcdfa73cfb
torus.out0.02854.h5	5ec9157ba54e39e71c9f1d693d749965
torus.out0.02855.h5	5816d42ca08b5fc6e795dcf383a97519
torus.out0.02856.h5	86651d4dd71fbd907f2913d720f0852c
torus.out0.02857.h5	a576ea3f25202a3e0f5af2ef5056222a
torus.out0.02858.h5	1ad43be8f01e546600d3159418b7c351
torus.out0.02859.h5	ced88b8f984a0f93ff70acbb245e079b
torus.out0.02860.h5	9538a68700f3b291be8e00467d339616
torus.out0.02861.h5	7ccb72658be41ac92ff5450aea3cc821
torus.out0.02862.h5	42c48eb634afc6f5c785d2f15d5af7c4
torus.out0.02863.h5	ad2f8b89f1111c8dcc07719bed03f28c
torus.out0.02864.h5	30ddd8ac4cd0fcbd968b4928c1357a00
torus.out0.02865.h5	813772e5ac132f7ea729ed1659c62127
torus.out0.02866.h5	4c0029e9187107b6850f03598a276617
torus.out0.02867.h5	554f2aebef9819193d3834d91164f7e4
torus.out0.02868.h5	c2a5c1da40e1346e3a9c813d9534692b
torus.out0.02869.h5	8300b8e63eaa9c67718459dd9104e34c
torus.out0.02870.h5	26a4bda49d0c24c20628d199a93f06f3
torus.out0.02871.h5	f09b5411cbf71f613b2d7e5e78f818e2
torus.out0.02872.h5	23e10cc86ea36e29e85b8c2d3318d3e7
torus.out0.02873.h5	e9e3b940c8bc0b79c4b0162fe2231bcc
torus.out0.02874.h5	6900f1b0e4e9df0ba0eb08130d16d5e8
torus.out0.02875.h5	bd551349bb98cd15cec662c44435397e
torus.out0.02876.h5	0eabef2897c1a5ad592ed0c2ae9b4803
torus.out0.02877.h5	1e57f0c02521076127ab1a84bf991f6d
torus.out0.02878.h5	84b39cc8a1f288b2ccd964b491b0e008
torus.out0.02879.h5	18112e5e7289e963c52277cc11c75e30
torus.out0.02880.h5	1b6307a1a12b7996de5811ffe03a6924
torus.out0.02881.h5	2b148e654539c256ebc91f97b715d68d
torus.out0.02882.h5	58f28a3ee44df5b38ce2f84b14881acd
torus.out0.02883.h5	d79f5bf07ca99749c7c1b7ca14e1f58c
torus.out0.02884.h5	ebc96217c87ea3931896be4b9e87f5b2
torus.out0.02885.h5	8d92090769d7ba94a4115f8fa1df3e14
torus.out0.02886.h5	bb354006914c52630660452759424eeb
torus.out0.02887.h5	bf77bcb9458ff389855ab56a049abceb
torus.out0.02888.h5	2a704478f5d02900b7a821f7bd4b4a1e
torus.out0.02889.h5	e039aca7036c7baa3e2066c4b6431283
torus.out0.02890.h5	db3e0205b1ddf19aa849b01ad4b6b613
torus.out0.02891.h5	376f120e518b98bf9983791ac371e94f
torus.out0.02892.h5	02c291663ed9c67f2f89efa4addb0ed0
torus.out0.02893.h5	bdcb4e4762194c69ac9040af03fb15d3
torus.out0.02894.h5	9c08f5e5f2f17b0f1a16f008964d2e06
torus.out0.02895.h5	842565f181c568b2708484b8a352bf54
torus.out0.02896.h5	0cae4cec811c1e7cc8352ee097b1700a
torus.out0.02897.h5	6b9698f5616925a3eca1344c5a8802b7
torus.out0.02898.h5	e80755b0bcafe1859a71f25dbacd88a9
torus.out0.02899.h5	440b6a925b3f30528056294c87d575c7
torus.out0.02900.h5	a84be7390ce3afa5b0499ad1bf342f2d
torus.out0.02901.h5	23871daa09fc48006ba3e4de1e791126
torus.out0.02902.h5	683f9441bc313c4f1be05657e887fe8b
torus.out0.02903.h5	fb66a17ca44d4a1636d58064fcd53a2c
torus.out0.02904.h5	2dcd393ee5d0cdadc322ee4dfd579598
torus.out0.02905.h5	9f9ae05ca0a10670343d9823929baa4c
torus.out0.02906.h5	770eb60e771e8a0156b7d0ad8922b5e6
torus.out0.02907.h5	aaa46e369c49065162f0cc64c891a0f5
torus.out0.02908.h5	067bb27d827f62b8b0a89395c564c64a
torus.out0.02909.h5	90bae9054b1ae0beec9dab81e15321c7
torus.out0.02910.h5	f79b7fb8efef9c45164d4cc594c40061
torus.out0.02911.h5	6e5b3794cab53c3b69e4350c42eca0b0
torus.out0.02912.h5	70a336548a34d4b218afd8f2db21ff39
torus.out0.02913.h5	88e0c667e5dbeadf3f19081110543a3b
torus.out0.02914.h5	003fecbdd9f3d431849bfb1627652554
torus.out0.02915.h5	d68a511dc150f62c4150383c8c198ce0
torus.out0.02916.h5	403b4f3d89476944ade13dd1e04dd56f
torus.out0.02917.h5	636e5806ac7c34664e46df09942fe78c
torus.out0.02918.h5	64a2826df360afce370c13fcb652781c
torus.out0.02919.h5	9c3283fcf66b1c1f7f4e487808545f65
torus.out0.02920.h5	4a570bf9c1deff0d46a2dcd15d686575
torus.out0.02921.h5	ae0e4a821aad4004625a7e9468a3a3a0
torus.out0.02922.h5	3ccef36b83bd4008c4a61f8639d18fc7
torus.out0.02923.h5	767ed22111d5fb601acafa23d580fe7c
torus.out0.02924.h5	8112d09aa8b7bf8b37079639e5d2f28b
torus.out0.02925.h5	18a741d18ba03fab5589e3448f43f8b6
torus.out0.02926.h5	dd0c258135823d25f4853054e6a109de
torus.out0.02927.h5	7eb7d1c854da735c3777fa3a074b6070
torus.out0.02928.h5	65248ae68567390ebade8dbf57088414
torus.out0.02929.h5	3f67fba02b836c90c18f9a5ade90ed28
torus.out0.02930.h5	b0927432497cd6b77605b9d829c0d4ae
torus.out0.02931.h5	71e36abf605167745469986d310271bd
torus.out0.02932.h5	9294c7922c43d331b3c38b601b3f763a
torus.out0.02933.h5	2d87cacb94df98f216bb9d74eb57e4b2
torus.out0.02934.h5	8137a4fac46d094abc81a4c7e070d0b3
torus.out0.02935.h5	60c7f4d95a8f804e8b3242985a53ea9a
torus.out0.02936.h5	a63083c7c5437d7d39d08ce07e31c51c
torus.out0.02937.h5	86aef503755e4494e3c604d6f1f6b568
torus.out0.02938.h5	c6ffaabcc1d290079238f5768ec016a1
torus.out0.02939.h5	8c7d5e2b9c22eb3664f0ce21d5e3fdb9
torus.out0.02940.h5	6e67ab76441602dd7ebc875032bdb783
torus.out0.02941.h5	92ddbd4ba50f9ecebc1ebdb5e15f1154
torus.out0.02942.h5	42e00e58acc6bdd516a833ab6bc1fb7f
torus.out0.02943.h5	4d87da81cb22c2279659a6865c58954d
torus.out0.02944.h5	cda2046d70f6b01b749744e50d8e3579
torus.out0.02945.h5	5ab53546f31df15bf0aadadb3fddc462
torus.out0.02946.h5	cf0264403418883b1bbcbb93ad670f12
torus.out0.02947.h5	afcb4de1f08e3b737212a8eb8c9e2de1
torus.out0.02948.h5	555fe17801c594ef7bfd87c42ce928ee
torus.out0.02949.h5	8b75133b4bd63c64942737a84ee4f16c
torus.out0.02950.h5	a3258bcf72b0f37966fe2c04615c5dc6
torus.out0.02951.h5	732df62c90479033457a187d5dc17a73
torus.out0.02952.h5	4984d25007738aacc403a660e016b461
torus.out0.02953.h5	3c46afcd57a4f31fa6f335b983a78d70
torus.out0.02954.h5	4b20b5153b51972e5a53b92bafcd04dd
torus.out0.02955.h5	b83a9f2ab09020a372d1f8ac63a2c8f2
torus.out0.02956.h5	0c02a296433005f3e4f5e9204f94da79
torus.out0.02957.h5	ccbb89e4a61811159caa4eb9bf071e93
torus.out0.02958.h5	698ca0889bedbc59ee9776a7b06ebc8a
torus.out0.02959.h5	75cc4ce03b553dc3564e8446c4b0bd9b
torus.out0.02960.h5	0ed929041c2047280953438bd714d206
torus.out0.02961.h5	29de75e060d144923520485cd22da699
torus.out0.02962.h5	bf4204306ae456d01ee835d82d7c6158
torus.out0.02963.h5	5b1b178e7f77382333dfa264c0222041
torus.out0.02964.h5	627fd3ada330b2993744744d2a9c82c3
torus.out0.02965.h5	37240a0fdd8c1f6aa7cb1ced3df1b9d1
torus.out0.02966.h5	1e0859db20c6a871a0589d4fb9666478
torus.out0.02967.h5	c506022396481b50b6f3bb86e295fb46
torus.out0.02968.h5	788dd8f25d221ca76d08770c31d97c0d
torus.out0.02969.h5	51d064425075bd4d537d07be7d2e8e53
torus.out0.02970.h5	e6fbb0890913c2f6f4b22e6bf2ffff30
torus.out0.02971.h5	ac255dd08f0d13d7fde7e69d0b58df6f
torus.out0.02972.h5	c241eb484df581f8a72b9fc1856e2fd9
torus.out0.02973.h5	66f81110dff9a43108496b08ed0592a8
torus.out0.02974.h5	288fb08a6d40a36a33fbc122e92d6dae
torus.out0.02975.h5	17f270613f062924e13387c43f076e9f
torus.out0.02976.h5	a89e1ab21373b70345516f1f7a3f9efc
torus.out0.02977.h5	c55da58318d9e0032e1cc79d7c9c0477
torus.out0.02978.h5	5e4cb17e89794f50d7e42e5c8ea7c32c
torus.out0.02979.h5	d7ffb39cd6eb24b2a10c529ed893beac
torus.out0.02980.h5	716f23d6bc4bb2cfba0eb705b9439a33
torus.out0.02981.h5	8ea345a0cb3fbfc98ad205a2c9f68edf
torus.out0.02982.h5	83fbbffcce276f6c6ee3112b6ae689b6
torus.out0.02983.h5	4e9427d57cd0b3aff189ded1e3277be9
torus.out0.02984.h5	6b8c1ff3a64d1973660e7d8a949b542a
torus.out0.02985.h5	866a567887854362db57d94acaf5eeaf
torus.out0.02986.h5	472242a113eebdc1277f460ebfa1630a
torus.out0.02987.h5	5733e35055505f67a6c14217962fb75e
torus.out0.02988.h5	0fd64f3611385ac7f743b990c8f8c471
torus.out0.02989.h5	5b65da551115c28e02d66b8a53376b3d
torus.out0.02990.h5	05ed7fe111f8402803bc22a75fb732be
torus.out0.02991.h5	2facfb222f63ed40c8b64731a8f62b9f
torus.out0.02992.h5	279524213a8300eb53492acec9441ac1
torus.out0.02993.h5	3b2d55b6e1d8651ff6a27692c9345e8a
torus.out0.02994.h5	601412e7791595195dc6713a2c2d2583
torus.out0.02995.h5	3e63b0e97c46f2eb23c1bcdbb8f3cea8
torus.out0.02996.h5	722687f8feb2cda75065dafbdec62a47
torus.out0.02997.h5	ddbfc2190b3fdf7f8bd912f118bc223a
torus.out0.02998.h5	2522e7eaaaa6fca8d914cf75a3fc7154
torus.out0.02999.h5	9a5ed83cefb3eb1b93a4cb14c2923f08
