torus.out0.02000.h5	765d354eaae70abf75775ab902c3db47
torus.out0.02001.h5	c8b62951cf4af60a4c30c83fcf3f268d
torus.out0.02002.h5	859ee2b9e1366b8071bc6ed09aa1eaf2
torus.out0.02003.h5	287d2339e9519f2b9ff0a04a2ffea3ff
torus.out0.02004.h5	6eeaba9014a224b39d3bb83d99880dfa
torus.out0.02005.h5	dc536bcebf75e0e1bbcd455b79438b7f
torus.out0.02006.h5	4456937975125e8af9ec1dc1be094244
torus.out0.02007.h5	e9f91c8bc8726bb474a54efe0ffff469
torus.out0.02008.h5	bbd37d77ae24c7655b34ed62d161aa8d
torus.out0.02009.h5	2a13ceb8b5d1549cbf38725598b75691
torus.out0.02010.h5	fcb127916005ab7fe25b8bfe6ef76ebb
torus.out0.02011.h5	373ad945dacd6f8d67ff4512caf1929a
torus.out0.02012.h5	c675afc3cc9cbd245615b00590239951
torus.out0.02013.h5	25f3901153dca12f2af3f45a6b044528
torus.out0.02014.h5	912a70ba38d96ff069f11149acc7b88e
torus.out0.02015.h5	9cd3b4266260e050a47c2e10fd76d208
torus.out0.02016.h5	6b33aeb5bb09f7485b684a024b02e4cc
torus.out0.02017.h5	9f5b0c87f4ec04653698975d04190eda
torus.out0.02018.h5	5944dbf450e4ac40742a97a951db5723
torus.out0.02019.h5	e6a8a38b1ec2960731e43ccbaeb475af
torus.out0.02020.h5	662d7472ce4cf372dbee3760f9a149c6
torus.out0.02021.h5	32c5d80d9ea2887a637e8b79a23ef87f
torus.out0.02022.h5	dffd17c2bb1519e742c879ab13e34f6f
torus.out0.02023.h5	8b3a2639bfcd5f3c3966a8e095d969b8
torus.out0.02024.h5	e47fdccea2474b76f86a1eeeda34f004
torus.out0.02025.h5	1e26b0e4b7f57e9c6d28afa42040dc37
torus.out0.02026.h5	7beca238941326196f63fae91488ab18
torus.out0.02027.h5	8db586ee022bc2f0ee24b345906b6920
torus.out0.02028.h5	0ed9c61e56d995de7489db2c536d317c
torus.out0.02029.h5	3ded9c618bdd8e9bb780fb81248bf5c8
torus.out0.02030.h5	7776ca01f26e951261b14ffe5b481103
torus.out0.02031.h5	d15b363f25456b5f9562419b498ada7f
torus.out0.02032.h5	a104bb6cb49298a084d84ca7aa8bc1b3
torus.out0.02033.h5	1211dc7b8af2a43f108a2b690aeb2b92
torus.out0.02034.h5	ad01212494dbc380a4ec5f41ca8a70c6
torus.out0.02035.h5	e488683000e73776f35086dfeaca6342
torus.out0.02036.h5	7dd5ab273091c5df3224104be877f22f
torus.out0.02037.h5	969473700b11410fee3c8717aee590d6
torus.out0.02038.h5	e830ceb3f4c3ec0a3714e58fefa1f7bb
torus.out0.02039.h5	2e3760a3fd0019ce179f90e9493fe094
torus.out0.02040.h5	f8dfcd419714656dbe4e801fc0f95306
torus.out0.02041.h5	22fb7b61476a460f90aaaeb0cb24429d
torus.out0.02042.h5	16022a7e0b65f640e6b3d3e246901097
torus.out0.02043.h5	445f7299a251aa556cf0d259454bb698
torus.out0.02044.h5	4b7f1e34569908da6a9058052ab61102
torus.out0.02045.h5	e6df67567b4186882b8a7c033f38e2db
torus.out0.02046.h5	3bd5c1ebe2aba4d7e3d7a80abe24b9f3
torus.out0.02047.h5	755ccc16c9fc9bb776735b9700d9d9d4
torus.out0.02048.h5	acc334b2298e536f3395106d1f799194
torus.out0.02049.h5	4d350cd40ee73712e25bcf21fa4328a4
torus.out0.02050.h5	d831993ba3a547529f7b7fe54a1f0ddb
torus.out0.02051.h5	1308302bcdcb4c1ff3b0f80be9ecf560
torus.out0.02052.h5	e14b40eab321dcaa82537ff18942cd8c
torus.out0.02053.h5	bf96316f236133b15c8978e3bf4f31f5
torus.out0.02054.h5	bb347f3c114ad6d0c5816d360190cd7f
torus.out0.02055.h5	f2459a6111fe9c5ede1778bc3e124c09
torus.out0.02056.h5	df5f522891543a1380b6afcb33255fe6
torus.out0.02057.h5	aef13d1973f46ded0e7b5d7d34a8ce4b
torus.out0.02058.h5	3bebbaef96e738512e7a5c7de3fbbcf2
torus.out0.02059.h5	cf665a9d669a119435772cdacff07271
torus.out0.02060.h5	1bac8ec38c037eaa0c5ef64519d31f7c
torus.out0.02061.h5	aca4176efbd34290536b2b4c0f5157fd
torus.out0.02062.h5	39b3f4491a09f54efcde712626a43fb7
torus.out0.02063.h5	404edf1583ee8cfb3f66871f381be4db
torus.out0.02064.h5	e134709086a3712a053ac7c9b0c4cf87
torus.out0.02065.h5	bc50b58ac5283ae4da4c10d74da08a13
torus.out0.02066.h5	b1b37e3cfc7ece6b9faa7f6f6024f420
torus.out0.02067.h5	604b38f75221a8cfee4e49e9d1ebb1b1
torus.out0.02068.h5	ad486dc7cfdb4b03402220dc3c228566
torus.out0.02069.h5	a7d7e009c097154b570f58d994ebe96f
torus.out0.02070.h5	f88f006ee2dd3ae41fa4219d085b727b
torus.out0.02071.h5	cd167913222c5747a781ae8c48f88c0e
torus.out0.02072.h5	77c57a843617f44f772147b0c33e373d
torus.out0.02073.h5	4c53585610e203bcd57882ef7e1e86ce
torus.out0.02074.h5	83880c69bfce501ad36394e4ecf63310
torus.out0.02075.h5	47450f532f48c046a11bfc8db5074e29
torus.out0.02076.h5	bb0f0afd5f29ddcff3179a16ee46d3c3
torus.out0.02077.h5	32810a5529d0782ea6a05b520af04fee
torus.out0.02078.h5	5896bebc7e92f76fafa25c7b01b9a2f6
torus.out0.02079.h5	be1de5695a1ba251b96b5b90d3090ef2
torus.out0.02080.h5	6716314ad68309227e65472685d91946
torus.out0.02081.h5	072bf61488ba5584b58226421ee35879
torus.out0.02082.h5	28a0f8d2d0a79ee3c6d8f93af35b161a
torus.out0.02083.h5	5308b31b6287044937d1cab186740392
torus.out0.02084.h5	4740cfb3cf802392ff04d450304c1eba
torus.out0.02085.h5	888a9da6e90516b2b6f5a6adcc309e80
torus.out0.02086.h5	e7b0f3295f63f44dd4502772e0e25ee6
torus.out0.02087.h5	655c5149428d0c67671e8040962f16a1
torus.out0.02088.h5	0d31afc2dd2d8bb87ee59024b362f635
torus.out0.02089.h5	dedff749e002057c846d42ee3530a776
torus.out0.02090.h5	f497edb12fe169e83a5ae8126aa97593
torus.out0.02091.h5	7314ad661bb832451b3c8f0a2aaefff6
torus.out0.02092.h5	fc3e66340b487ace4e84c4c27186c2e2
torus.out0.02093.h5	d37ee32713a9adf261f81cffab1b96a7
torus.out0.02094.h5	c9687bd0064f27cc0217c9b1d69805f8
torus.out0.02095.h5	d234c2beaba59d9239fa41a3b59d8f7e
torus.out0.02096.h5	bf86b528b5fcec08129837865b593c56
torus.out0.02097.h5	0a3a9bea2f69ef33e8cd754b350d7582
torus.out0.02098.h5	cfdc4cc8d0c6c8e22ff698e2e6c5b510
torus.out0.02099.h5	5acea90e72c71daabc03a10fac438920
torus.out0.02100.h5	05e88188683c3fc0f06fda9d0308214a
torus.out0.02101.h5	8750b3a5c86f98b20f2f1e6ef3680697
torus.out0.02102.h5	f16209935be74009e3230d8ae8aec48d
torus.out0.02103.h5	cb4fe2051ceb82ee832823ff4529a1bd
torus.out0.02104.h5	166769443493f0b16ead41b609cd0d00
torus.out0.02105.h5	6ec035277f3f929769abeb5feeac699e
torus.out0.02106.h5	d6635f927e11e9110676cc1cdf00efd9
torus.out0.02107.h5	f12973937183d460d5ea6f6515aa3107
torus.out0.02108.h5	22a80b866fe6797f2807f76e79246671
torus.out0.02109.h5	ff8603432bcb30da7a69326be6764ffe
torus.out0.02110.h5	dae0da38544ac21c56f93c86dc37b1c3
torus.out0.02111.h5	f8c08d60d93b114778dd83cd636a0565
torus.out0.02112.h5	b9042685a6eca4dd8a02a8c1922b4ab1
torus.out0.02113.h5	9dd1ede7ab4f98b8aa138747f9c9eb94
torus.out0.02114.h5	354a91135bfa15573f5dbd45eae5e05f
torus.out0.02115.h5	f8a1145e06aefa7725fa46dc9981c600
torus.out0.02116.h5	f95ee345b4fdd3ca84629d743c60ba0a
torus.out0.02117.h5	1027cb331e3b14d0634c2d3d55461ab5
torus.out0.02118.h5	00f6d7e28f1e99f61faa1cbba255c952
torus.out0.02119.h5	eec8463e03fbc254e02301576e2c4d09
torus.out0.02120.h5	6b0d5eac7ff347a4ce996a50275fb6f3
torus.out0.02121.h5	50453855e8d1226341f247d26b914f70
torus.out0.02122.h5	505277659dfce270f057007ab2aa4ddd
torus.out0.02123.h5	65d920de3b686243ff3880e745e9ddec
torus.out0.02124.h5	54380a0f3cf728cf08e8539bbbbdab02
torus.out0.02125.h5	d141c1f13560d4918b7f3a6cde557dca
torus.out0.02126.h5	95245ab4c0e774198742203eb3935b82
torus.out0.02127.h5	9e57f6f67e37a6985ead025f417cfc11
torus.out0.02128.h5	129536c5716ac535d500667bf6035af6
torus.out0.02129.h5	138db795f255e2fd141b8f11dc2ba7f1
torus.out0.02130.h5	a4597a068df26507b8d527fbd8ebb84d
torus.out0.02131.h5	a9a25f687185abb43535555e72886a87
torus.out0.02132.h5	0bdda09cdc41ed3ac025a02b6ee7417f
torus.out0.02133.h5	e3647befdc8c417f5b4a826e8b7e7854
torus.out0.02134.h5	65ea957c8928972b09e8f16895df8a91
torus.out0.02135.h5	effbd34ddd64e3d6d1d2caa917fe67dd
torus.out0.02136.h5	00482928e63d0f9ada33b9c167c3d0f7
torus.out0.02137.h5	b95206e089d4a63474906e5e46417989
torus.out0.02138.h5	aa56c5380a3d314a3ba51f481e44339d
torus.out0.02139.h5	0d2d197868a397526f1d6e005768a1f5
torus.out0.02140.h5	42ba754199781752cb050316ddf7af4f
torus.out0.02141.h5	ffa08f75df24c56f8edf92a82ce7ab62
torus.out0.02142.h5	7c2f950d7d201a86e3c732e7dc270fec
torus.out0.02143.h5	d97fd9cf1a9bb0ec157dd443e6490339
torus.out0.02144.h5	fd677d4ba95a74394c6ba8eba09abc05
torus.out0.02145.h5	0912e77cd60395ab46e9f00435fc15a3
torus.out0.02146.h5	38e11b5f18bfdb197c4493cccf3600d3
torus.out0.02147.h5	c5d10da81fd0a943b3b98766cdbd353d
torus.out0.02148.h5	6b3dd54488c4cbe24a8874ad7e85e7a8
torus.out0.02149.h5	baa3b5d4231a8b4e37122c1232dbc12f
torus.out0.02150.h5	4f536666b873d23ed61ce905cb4e0db2
torus.out0.02151.h5	0e2dfb964669d9e1ae724654323dac99
torus.out0.02152.h5	bf571e1eb852a41e5c3c378ee614fd24
torus.out0.02153.h5	92e648b9f3563ca1b6b69c3e1d057ab2
torus.out0.02154.h5	1fd6193b62194523c0608bb4bfc83804
torus.out0.02155.h5	b3c6a690f3e71a9bfd6d0927f8efc500
torus.out0.02156.h5	9d8ef69e7f31852d0565fde7a2e48abe
torus.out0.02157.h5	f1d60889d098b64a4552ceb30ed7e082
torus.out0.02158.h5	7a74796867115520a4cd2dcf46b22c22
torus.out0.02159.h5	c3ba9a4f5460916e245168543987d0ba
torus.out0.02160.h5	812b95d3aff3f4a2f0e992fbaa0a5d02
torus.out0.02161.h5	49ad08f6888e0594846e65e430e55c9f
torus.out0.02162.h5	96dca393643d29078d3e9774d42a0070
torus.out0.02163.h5	16a197eaf4d975fa577ba37b19ec5da8
torus.out0.02164.h5	42be46648292ea074d3297693acf6bc8
torus.out0.02165.h5	b4a8448c0700a9c91b1d9aac896e7f0f
torus.out0.02166.h5	5785bcb208b8887de4c8c79d2bdfbf98
torus.out0.02167.h5	c2cb777a024d365284e87bb2c141f46d
torus.out0.02168.h5	4e850708405514873a3d4ca81cca82d3
torus.out0.02169.h5	f07c1b828abdf6068cb7520ec76beacb
torus.out0.02170.h5	8aa03d9722c243c3123a3d0c83b565f8
torus.out0.02171.h5	c12d3bc2c5d1e602bcc2220003cbb615
torus.out0.02172.h5	2b1001045d3d1361accdf9e4fade78a3
torus.out0.02173.h5	9632f483bdc5c11f9e9d6362efe4cdff
torus.out0.02174.h5	98abb9ee2578a987bc32cf938c2f4cf4
torus.out0.02175.h5	881709f97856a1ae58d520257834c58b
torus.out0.02176.h5	6b55eeea5a0f36a83e7857e7d570a528
torus.out0.02177.h5	14c39b617c207783bb8ba1daab971314
torus.out0.02178.h5	3cfb70f40e7f539659bdb3dea448cde5
torus.out0.02179.h5	d9276912a1ac07eb038540c9d6ecb73a
torus.out0.02180.h5	a9d6fd9d33bc3a2e0a1185b2c724d423
torus.out0.02181.h5	e718fe591da5cc60200d51faeeba5d24
torus.out0.02182.h5	72dfcf57347a663e627a3e373180bfc7
torus.out0.02183.h5	22c67a542cf1eeff1f84d1ba2eb176fb
torus.out0.02184.h5	fb7d46feaa290d82fabfebfa1bb82483
torus.out0.02185.h5	818f0d95b89cc27515106426250b3c55
torus.out0.02186.h5	92e29719a55aeb128c5c679d8a104d5c
torus.out0.02187.h5	cc0d79b3814ddc57a38d54bf47f39487
torus.out0.02188.h5	ba49049783ea2a1a6f9ae3539e8b3913
torus.out0.02189.h5	e9009c402cc241d964c332fb191043a0
torus.out0.02190.h5	f3cd462ebb4128dc7b2411be39c375cd
torus.out0.02191.h5	d22bca18ed673250e047f5eb0e071ed8
torus.out0.02192.h5	dcd471266f775c53e132294fa9d8ab93
torus.out0.02193.h5	8ca34a4f60bcde3fd85f7c5fdbfc771c
torus.out0.02194.h5	a7bd551fb2ce2b58795fc282d4dcf293
torus.out0.02195.h5	9757fe307f4d5969de23cdd3efcfd710
torus.out0.02196.h5	7ac03e3e2f9dc6c044d8db7d386206e0
torus.out0.02197.h5	9f70ec27a53a53e34cdd13f6260326bc
torus.out0.02198.h5	2d0801fb7b61aa17ee008fefad18e854
torus.out0.02199.h5	1699923129c807e3c227e79aabc50211
torus.out0.02200.h5	009c67b8be077ca2f871277286808b8c
torus.out0.02201.h5	ce9b81da035a00fdab205c2742419172
torus.out0.02202.h5	a743cc9478b066f3d0d0c7636998000a
torus.out0.02203.h5	1d884a670587c1531281ddb14df3aa26
torus.out0.02204.h5	d02f5689d2aa974248abfbc89be4774d
torus.out0.02205.h5	2e13679f17e6563a654266510d927222
torus.out0.02206.h5	45d3644ea93157f88c4ce7a065363c06
torus.out0.02207.h5	d68a492b4622f6a4ff5e359a07c64b88
torus.out0.02208.h5	0b539e2852b0df28320cb1ebf6e59bda
torus.out0.02209.h5	c0d7c6b29e475dca30c801af146332ab
torus.out0.02210.h5	7f7d51367d759c14eb9e3769d5bf3978
torus.out0.02211.h5	cd4627e600b00d2aeefbf835329d07b2
torus.out0.02212.h5	8656efc8c455f2fa3559f2337d52cf9d
torus.out0.02213.h5	c549977199782785e322a6671db396f3
torus.out0.02214.h5	7518f7b96a4ba7ac65bd81fbc1ba0f47
torus.out0.02215.h5	971e35fd8576ea178fa61c3b4346a6fe
torus.out0.02216.h5	8720cbe1ef2449d59fd80c5f22c26cd7
torus.out0.02217.h5	2f98f8173576209e66a30cbfb2e91b6e
torus.out0.02218.h5	198a8d1ec64ac67140ff71108e47d19b
torus.out0.02219.h5	9d8b2e8f95c5d046fc1995cb91e7a2bd
torus.out0.02220.h5	2e29411762169ec1099e6c84ea3e55f2
torus.out0.02221.h5	7276a87b38090737d131070eb63ef300
torus.out0.02222.h5	a320b12300ac1ff03af3dbb93897c4e5
torus.out0.02223.h5	bda7c91b2efb644c0d762267e3490050
torus.out0.02224.h5	89e69968e8d79babdca342f7f6af04ea
torus.out0.02225.h5	5c01e1271cc76cd334e59628058bc19a
torus.out0.02226.h5	295feb7349fbec1bcd5850b9522e6fc1
torus.out0.02227.h5	f5d7a7aba511fb2e44978c57a86190f1
torus.out0.02228.h5	de3f073dcd047794cbacf9a95b88422c
torus.out0.02229.h5	5c0b5ffb3f7be2507eb5a281e9b6cf67
torus.out0.02230.h5	ef72b21157f6ce773e7fac1bab0c5430
torus.out0.02231.h5	eccae7e4f026aba257cb1ce2cce5741b
torus.out0.02232.h5	9549996a40f23443bc9b398db00dcf6e
torus.out0.02233.h5	66a1182645a8217afc9c50cd4c34a83a
torus.out0.02234.h5	e61d39ad18b443c2d535447ef88de3b2
torus.out0.02235.h5	ec090797ab1ad01f16cc2486d457610a
torus.out0.02236.h5	205c843dca374c0de6e66e0b376311f5
torus.out0.02237.h5	cff260bb52e2c426872483ea3f765cd6
torus.out0.02238.h5	40ee928a5e901b1a3e0e5d341fb1d9e5
torus.out0.02239.h5	4f91657756bea60fe3c072f7ab8d12df
torus.out0.02240.h5	7152719603f40230906c3e220ce7f554
torus.out0.02241.h5	2642d5dc460df05f0d21805d19254025
torus.out0.02242.h5	0fee6c6cc15c30ca45c016ceb2b20779
torus.out0.02243.h5	8be48816f563d5571ee5deaf428ce17b
torus.out0.02244.h5	43bf9a19c9451906b38747fd42e33197
torus.out0.02245.h5	4f6b7cb1bb592d22c95926fc48d4ed50
torus.out0.02246.h5	4e4cbab4933dc80af2851b5fc41fce53
torus.out0.02247.h5	52b887bd805604281d93edbe03a3922c
torus.out0.02248.h5	c8d3aadfec42a368458d180b76921cf5
torus.out0.02249.h5	c4f7267c3ad6ba3b427f311d8bbb360b
torus.out0.02250.h5	ab52388b9bd5742e72904e7c07aa7fb7
torus.out0.02251.h5	7079439446c55de4374c16ecc4ad0e61
torus.out0.02252.h5	e8c450a8ff12224b4675d27c2bab7900
torus.out0.02253.h5	bfa87218378f91ac3f2ab152f221bcd7
torus.out0.02254.h5	d6fb6b533906b9edfe938ff6fafa6110
torus.out0.02255.h5	26cdec03dd03febd1ed4725c3e7a314e
torus.out0.02256.h5	13026350ff6636b98bd67db5da8d6f76
torus.out0.02257.h5	911c166870f36993f4f7a8e2930b448c
torus.out0.02258.h5	e1485a5bacf7e7e7f9afa17ebe6d9d39
torus.out0.02259.h5	d99ce540fbf95198bcdb99cb2e0fcd96
torus.out0.02260.h5	9971cf1df51a9d52f778fc9b902a8d63
torus.out0.02261.h5	8b23cde321c46c4815e2cde512bd27fd
torus.out0.02262.h5	f342489d1149b80c9c086c9d053854cb
torus.out0.02263.h5	eeb5acef88eff9eca6c220bfd726cb11
torus.out0.02264.h5	1fe66ebb187115dc9b6f222a3be861c0
torus.out0.02265.h5	679677041e0b1103e85c93e49b53d0d5
torus.out0.02266.h5	e007a6110dd636ee086adaf6d539ed9f
torus.out0.02267.h5	adc5e7355308939fa231f4213d64a512
torus.out0.02268.h5	ed7c6175ca8caaeff4db7900ec86a661
torus.out0.02269.h5	e1e5119eabd7f9984558f05b67defee5
torus.out0.02270.h5	5fc2e9760b364297076d710fb4d394a2
torus.out0.02271.h5	0beb2632c7de72dfc66dd0a37d0dba1d
torus.out0.02272.h5	83dff0e8453f736575202f434819c7dc
torus.out0.02273.h5	4d6222658e13ba84de1f42ea9068ade7
torus.out0.02274.h5	62f2319e89b629f2e79f4f8cbaed01d5
torus.out0.02275.h5	b6382cc5d644590af5fb38f708ba9e92
torus.out0.02276.h5	30c6453227d552dbea24f8c1c8193ffc
torus.out0.02277.h5	f4d1b9ca315c8cd01e1ff0567fe04184
torus.out0.02278.h5	20154dda461ca0990528c3dfade0367c
torus.out0.02279.h5	fcbb63a344954446cedb8bea371b21f5
torus.out0.02280.h5	2ff8c2cd2448b07793772bf46c5bb0dd
torus.out0.02281.h5	e5f9e14e9569437d16bb1d819a35d64b
torus.out0.02282.h5	86a473b9fba38c004302b5e8b3cf0932
torus.out0.02283.h5	c9a31c5093420ca381580e00af00974d
torus.out0.02284.h5	ca9bc475e540b004a45fe4b2f7e5d08b
torus.out0.02285.h5	885b81eadcf608c4385ef96de839fd8e
torus.out0.02286.h5	60202f396062bc87b8b4427f959f88e4
torus.out0.02287.h5	19add2e1b5c3f7391062b84c527b6ae0
torus.out0.02288.h5	01c2759deeedc94285d2f40ab91c5d48
torus.out0.02289.h5	f9f8a84c35bce2dd2c2f733aa215c83d
torus.out0.02290.h5	ffa58abe6c61eaeddb8f307c2ee16bcb
torus.out0.02291.h5	4f9a38003268e0a1bc407f195a8f7991
torus.out0.02292.h5	bd0f28052fec1bb62363bc0129a3d690
torus.out0.02293.h5	95ae6c267874856f234105a1cbefe97e
torus.out0.02294.h5	1bf4fa18f0db9426e9b2f61ec956306f
torus.out0.02295.h5	2725d9e108a6696cd6603891a770fad5
torus.out0.02296.h5	0a075bb942ce2373b0f872f828e62e00
torus.out0.02297.h5	cd6bc5e0cc31fd190c2259f38227b4d9
torus.out0.02298.h5	b33cbddfae54de19bed3956b6db58066
torus.out0.02299.h5	a3916458db2e2af84945fdcf08772ce9
torus.out0.02300.h5	b1b27418b1c6dd7a2dac31244e8dacd3
torus.out0.02301.h5	756a62ed6820a01e748954764464907f
torus.out0.02302.h5	94e6515edc299a2a44bac5cbd6454a38
torus.out0.02303.h5	dbcd04f07f1b1c00faaf1889785cfa27
torus.out0.02304.h5	c6e2a4408e4b8e2cae9d4f86f3fc68ff
torus.out0.02305.h5	17d9f413084bb50195dbd302c6ad2cd2
torus.out0.02306.h5	a784a58d75666eabcedf4ffd9f34a4db
torus.out0.02307.h5	7b3be69853c53454557399874b12815b
torus.out0.02308.h5	6d1a8541f75bf1eb58d1952048630de9
torus.out0.02309.h5	5ffd0c2f32e23722c2f7aabdef5d7d3e
torus.out0.02310.h5	de3a3200edfae4b3166287d3069c1360
torus.out0.02311.h5	692de68f66b1f60bbb535e90fa7401e7
torus.out0.02312.h5	31620ce61cd7d82b2b090049bf2d6e98
torus.out0.02313.h5	555960736705eedfb15129f51bab79b5
torus.out0.02314.h5	43d3e5205ab94e1cf5e67649431b5416
torus.out0.02315.h5	fcadb570101a049eb6670f3e15f2e3f2
torus.out0.02316.h5	1e2b1fb9ccfa80c4cfd5eaddefe7920c
torus.out0.02317.h5	ad1717c4a4f51848997b3dc5b679140b
torus.out0.02318.h5	7a09aa9d3f0d9c0d6d13f72b3851d877
torus.out0.02319.h5	0333a2cdd1c7c912dff37a6cfbab3656
torus.out0.02320.h5	468690878ef45049d2b6209d6990562d
torus.out0.02321.h5	b15340b0218491023fbf4632fe2c9f0c
torus.out0.02322.h5	26d5cc768d7bd4df1abb0b3a21012cc4
torus.out0.02323.h5	cde3e4fdb94e50c2e8f3bb6b7637e0b9
torus.out0.02324.h5	5fe721447e9f18ef067ecfff983ffc2b
torus.out0.02325.h5	ceaf637fc8fbc3800fe951300d8d743b
torus.out0.02326.h5	13537e721cf174cf5efa4a33e7116e82
torus.out0.02327.h5	bf584738953663378062dc17d0aea903
torus.out0.02328.h5	841b64410932186f5e8abec5af711fc1
torus.out0.02329.h5	1086b5d09d8386d64db48d1e2ce64098
torus.out0.02330.h5	5544fc683483e35b7a561cc653ccb36f
torus.out0.02331.h5	181254322d5933da341203442b9d70dc
torus.out0.02332.h5	5bb2bf90ae4e4a2d41960dc4a8ee2c96
torus.out0.02333.h5	e26c04bb8bbcc6808ad4246dca6d7b84
torus.out0.02334.h5	b10d09899113e301fd42c1ea8692d8a9
torus.out0.02335.h5	842a7f4b802e342fb827b261741ee165
torus.out0.02336.h5	af8f9712bf0e1347f7b27a25817ef17f
torus.out0.02337.h5	5f6be099c38a4cc230cfe44e52fd1065
torus.out0.02338.h5	09b251316ae6bcabf08d8a8a0552cda6
torus.out0.02339.h5	bec284edf46985684b4203b084e133be
torus.out0.02340.h5	5fed58aeb91eb25dcd48a4a71d2960ba
torus.out0.02341.h5	1d61b2f84f4a8a5fcfbe1da01a8c7b03
torus.out0.02342.h5	6ad552594f3f984b59756431390e0a0f
torus.out0.02343.h5	e8f390328bab6fec3e94d7843c6d7093
torus.out0.02344.h5	e619e51ca73aeeba6d5d086d0852ec25
torus.out0.02345.h5	e2cd820199e67f1f5d07605dee507954
torus.out0.02346.h5	6204863a4a29ad82ca873d7ed460eca2
torus.out0.02347.h5	8dfdef0793afb341cdf1ad2c12bcbffb
torus.out0.02348.h5	e49827f477d8ab4419c7e7c965f16b64
torus.out0.02349.h5	02b992b340d1eac27b520fc431347b0c
torus.out0.02350.h5	cfd67d9c23978df92aa388228e091fbf
torus.out0.02351.h5	f11d1fce52dca9b583eef2f5a8f92ba6
torus.out0.02352.h5	84f9eeb380604f980275ced1b6ca3112
torus.out0.02353.h5	84cc300b88c29ccb27bd0abee27ab644
torus.out0.02354.h5	15f240a885708c4bde50f55f1b352bef
torus.out0.02355.h5	ff2840a0ac435f50ef7787b97003e091
torus.out0.02356.h5	9f3ea7d791b1e8316aa13cdb49429c09
torus.out0.02357.h5	f2ae2cb5ca47058619d7e0fb166336d3
torus.out0.02358.h5	0f9c6a0aad8d8384de6e2d1357453d5b
torus.out0.02359.h5	1c86d4a7ef14abc93b18a6e579106ad1
torus.out0.02360.h5	dc8678180977290b5fcbae4395861283
torus.out0.02361.h5	181659ac2feb2accae4e01726c8e9ade
torus.out0.02362.h5	2a00fdf9d1adc9c04f2f455235829e86
torus.out0.02363.h5	77ff0d9ba4d9391e588dd795e7ddb34c
torus.out0.02364.h5	c332faa5b97d07a075097d08330ddcfa
torus.out0.02365.h5	b54a78118c7a32ed5f6b2848fea4b93d
torus.out0.02366.h5	afe712ab3612abc45279645f50743837
torus.out0.02367.h5	ca14ace0d383d12567bee72a0825d6d6
torus.out0.02368.h5	18878f6389bf24d374a7792709063284
torus.out0.02369.h5	4aecf5f92ae50d9ee68014c960622acd
torus.out0.02370.h5	a2c0d368d83a660b3cf1852197b0fc88
torus.out0.02371.h5	73fe880b942d15ff534821abb877b92d
torus.out0.02372.h5	445d31eff2849b3c1a3f1f334077c92b
torus.out0.02373.h5	91f10a7ba49362da96cfe1b3121fcb02
torus.out0.02374.h5	9c5eb22e9d5e4a194a164c346e7a6a39
torus.out0.02375.h5	11a69c5dee2dd8798853de1fd0f4a649
torus.out0.02376.h5	32517c903ae0f5ae2d6e9fd4933cfc09
torus.out0.02377.h5	2566cd52ea4084bf2620a70ba7e4584e
torus.out0.02378.h5	30a7d199c5cc913b51e736db4308fb77
torus.out0.02379.h5	7b7ebed4596387eeeda6edee302f041b
torus.out0.02380.h5	4e59c2ce0b9707bbb1cc204501220576
torus.out0.02381.h5	2cdaad9467418f7bf325f1dfc51ecb52
torus.out0.02382.h5	0c1eedc99a053ed94445cda5e1bfb838
torus.out0.02383.h5	9fbb98227148b4cb4dcacc55793e143e
torus.out0.02384.h5	bc5d6b79abb6b530f190be6038d9dc58
torus.out0.02385.h5	21367d7c464ed4356f16f86e5777dfa3
torus.out0.02386.h5	25a430de60702bd73cf7a231cd6b88d0
torus.out0.02387.h5	88bbd12bf266fde4f7d791595b6ae2f4
torus.out0.02388.h5	e93c3ad04932770278976b0300d3f16e
torus.out0.02389.h5	a2f28993ed1f24554898f4d487b7a068
torus.out0.02390.h5	87ae4d32be57c067104ebb91de0141b9
torus.out0.02391.h5	7ce3c2975fedc7978d57daaf43f81618
torus.out0.02392.h5	98033277cf1b2dce14ec2ec11ada54dc
torus.out0.02393.h5	418cd8624f4f4ed195720ba8e90915a9
torus.out0.02394.h5	1cf37a33ff2bbc586e1ff920e95146ed
torus.out0.02395.h5	8a41e7928e53f945d1a329370865f204
torus.out0.02396.h5	4bbfb0465acea09590fb697c2a9c33aa
torus.out0.02397.h5	aa2fd30f0d8e2f3858dc22cc74b327dc
torus.out0.02398.h5	c87e5e2850e4e2389a2a2f8b6f2ad477
torus.out0.02399.h5	25e8b0e3ee0e13bc24276cc8deaedd88
torus.out0.02400.h5	48438ebd9714ce89d0190afd8580e3a8
torus.out0.02401.h5	47f70f47eba859b0740aacd26b77f1fa
torus.out0.02402.h5	9dbeb84a4f61261848b9b1aae9947eee
torus.out0.02403.h5	0d9cc6a2c99b4d40229d167815c4687b
torus.out0.02404.h5	7d7c2ad8d36243b540af7173cc6b938d
torus.out0.02405.h5	190e0355ed7149b680ca7310736953aa
torus.out0.02406.h5	ef786be5e9f856aa4bbfd3447761493b
torus.out0.02407.h5	015ed713aad6d93a11cf6bd02063f784
torus.out0.02408.h5	4465a2d45529b65581f1ea2933ac0de0
torus.out0.02409.h5	0669a4626e5eff4437aeffdc3c6f99cb
torus.out0.02410.h5	2edfe0633309bb17020eb619710a36c5
torus.out0.02411.h5	a69cb7e89aea1c660d72d828dac72f2f
torus.out0.02412.h5	6bbda2fb2150f034bf82ff38d417c7bd
torus.out0.02413.h5	e7cec83ecdfa59d0813b44317eff85e7
torus.out0.02414.h5	71ec4b89408d4638ec483515a7c9285a
torus.out0.02415.h5	bc25b9426ab7cbe4145465c835fd019f
torus.out0.02416.h5	befc2db67106b97d7f5e789f27184fdc
torus.out0.02417.h5	481de7ba66a3f1085ac0ab5b7b8e7ea4
torus.out0.02418.h5	d8478afdbfc994a95f06bd824c976c1b
torus.out0.02419.h5	deb56882ace9c044ce0af59ceb5b05b2
torus.out0.02420.h5	6c9720c9b65e85f7a8187a7170f1aedb
torus.out0.02421.h5	1a1aa766d4bc092d1172ff43366eede0
torus.out0.02422.h5	4700890ac53e9d353c95bdf938ae6c92
torus.out0.02423.h5	b22c2ed1f9bd4003393e1993402a8688
torus.out0.02424.h5	d5dc4be5d62eaa06cc9c08a76661988f
torus.out0.02425.h5	9bb6bc2deb2d791ab2d5b4d07403bc8e
torus.out0.02426.h5	a050e2b6ee3116d947b7b19ddabc15ae
torus.out0.02427.h5	cfb5b0b0dcf6985b58c58f09740f6a2b
torus.out0.02428.h5	6d4ed188604407da544685b06f174ba1
torus.out0.02429.h5	0ff9d59847ef4bd4037ec6cf7a882e8a
torus.out0.02430.h5	429d80ae233e12f52918d63ede100eea
torus.out0.02431.h5	e20072d41f59542febb8f0def217677f
torus.out0.02432.h5	31c8aad377f8a059508293f571740807
torus.out0.02433.h5	015e8aea1518a03f19423e97b9f8962e
torus.out0.02434.h5	c9c0ade2f2fab41f8478cab9ee47731e
torus.out0.02435.h5	e4ca1d29f95f3e005bacf628619d5989
torus.out0.02436.h5	2f9815d1b73654861217a46216717f01
torus.out0.02437.h5	c710925545e6a0712535e5e8174c6429
torus.out0.02438.h5	921f3bc07b47082295e935e7c1319792
torus.out0.02439.h5	e26a4753230badcc01871e3bf04bba9d
torus.out0.02440.h5	d757b6f06891a7359cd45af1e15f3437
torus.out0.02441.h5	69866f0e01607fd4f143f033bef7ce1e
torus.out0.02442.h5	48f6819a4857eb3c239bd0e36ecd9495
torus.out0.02443.h5	7ea11891a537cdc0414d7cb270279b71
torus.out0.02444.h5	abb97392d7be50656224e2f1c7ec75aa
torus.out0.02445.h5	59ae4ccbdc59851c3bdfc21300fb583f
torus.out0.02446.h5	bd6810f8d5af56ca558369bb9af035cb
torus.out0.02447.h5	b3721bb23a88145ebde91696340339d1
torus.out0.02448.h5	91fa6eef286713645a98d415a5998c0e
torus.out0.02449.h5	cc32163f4ff007c1a40a68e1ecd9dded
torus.out0.02450.h5	e72da634dc5c4b285562ca9e6398b789
torus.out0.02451.h5	35bc4f1b316ff3c3f80e4aaa079baf92
torus.out0.02452.h5	b1f082cd8bf4178b32efc9057ce58ca9
torus.out0.02453.h5	54e2b0ce7a526c8f58c5ba3579cbf8b0
torus.out0.02454.h5	bd07dce9be94b3cc30122a9fa659d020
torus.out0.02455.h5	f878218a64338def2952d557888ca52e
torus.out0.02456.h5	1eaf4623c60adc504b3af700a2255f6b
torus.out0.02457.h5	dd2eba53e6c3e4150887852d125bc7e4
torus.out0.02458.h5	2b8e8354757adb31edac41bf125293c8
torus.out0.02459.h5	27b3236ccaf2b59872fb6d6771706837
torus.out0.02460.h5	15be7c2ead322981193230c9e711fce5
torus.out0.02461.h5	8affc89dc993393fd2d98d3e5c57cfc7
torus.out0.02462.h5	90dfaef87b805f6e8498c098a522c430
torus.out0.02463.h5	fec59664db438cec9b47d149f75087c3
torus.out0.02464.h5	833528921f64cc9843117372b6d396f9
torus.out0.02465.h5	4561ca41fd7af39d7349bc3083d2ea13
torus.out0.02466.h5	c806e9ca691bc0e9ae2f9ffe95f550bc
torus.out0.02467.h5	2e6aaec39d0a2122ee847a1268fa0b54
torus.out0.02468.h5	2d4dbc1f452ebdeed438b9ada7c9c618
torus.out0.02469.h5	3795027a2c62554486abb58ca78e0545
torus.out0.02470.h5	007aebaf0ffeaa992d0fcb26b73a4734
torus.out0.02471.h5	3042572d8a74648c71568f903bbaea42
torus.out0.02472.h5	94bf173268f481d8a57099c867b70918
torus.out0.02473.h5	715c27641b7aff99bc28cbe948858186
torus.out0.02474.h5	13a5f0355281ae8862ea7c6c66070cb5
torus.out0.02475.h5	84681f08f591fab4705e689c92645710
torus.out0.02476.h5	80637e6fdaa6e896ef0ca48f30bed084
torus.out0.02477.h5	58cc37458759ff71ab0d584123fb740a
torus.out0.02478.h5	f9a2d4d1d964dd5757e17f8220709b9c
torus.out0.02479.h5	2a1330ca8bdfcff329741f447332b187
torus.out0.02480.h5	5b187c76a6c466b7d2005d2eda08bdab
torus.out0.02481.h5	453a0dac35f3e19116776d7c11e019ed
torus.out0.02482.h5	7557bd64796e6eec1b7a175cd48bd4fe
torus.out0.02483.h5	48f26f1e534b8867e08ee91c8c8e559a
torus.out0.02484.h5	4802dfa136bab5cf1f6179780d9f3ebc
torus.out0.02485.h5	502d56a033ef33b0dff7c8ae798c0e45
torus.out0.02486.h5	898c4dfce17c48acd50677094c3fc506
torus.out0.02487.h5	92f1c6df9b483b6244ae88c1c1f94fba
torus.out0.02488.h5	52963a2b670710f584e22205015f6b6b
torus.out0.02489.h5	a630209e4c3e111999f4f723761ba0e9
torus.out0.02490.h5	513c5b58f326a030d74fa8ba3bc6dc0a
torus.out0.02491.h5	22f483cf718f8970a95c3dc0f5eec871
torus.out0.02492.h5	1bac5e7d73f390b5afd83c8baf38a99b
torus.out0.02493.h5	0f212b4200163fd0cab50da34f7063cd
torus.out0.02494.h5	682a2221842da2fda99f1a6c3f2de8ec
torus.out0.02495.h5	f8df1aaf6282fbfc21ad0d579fb7d723
torus.out0.02496.h5	fb6f25b7385b776f9a87009384565eae
torus.out0.02497.h5	3abe0324e6056272791fa8b629631548
torus.out0.02498.h5	e644d2c0ab43cd4d7ff6173fbfd51873
torus.out0.02499.h5	cb06330c040e5435eddbc768ea65abf9
torus.out0.02500.h5	26e08786ac6b6b0a32fd73b44c43005d
torus.out0.02501.h5	696ac755570f915a8b0760eb580c72e9
torus.out0.02502.h5	040e1cd853d6d6c7c2539d7a2f934ff3
torus.out0.02503.h5	19868fef931aa2eed14e7e95ca7d0025
torus.out0.02504.h5	0cca2b4f36fc34f8d50834d06930c6f3
torus.out0.02505.h5	1da3f4d55e828cf9530e8b632c1eb4f8
torus.out0.02506.h5	780415dcea92f96cd4716ea1f98e57b3
torus.out0.02507.h5	b6713742776d68de14fc6c6ad6db24e3
torus.out0.02508.h5	58515d2b5a508a548a4b861faca94281
torus.out0.02509.h5	e346cbc037ead298334c736a51d1e8fd
torus.out0.02510.h5	45b23139b643d6aa6deaf150a6283696
torus.out0.02511.h5	9d7e6508ce77985ec3623c16ad46c242
torus.out0.02512.h5	e72483972beb582fe55975d72cccf99e
torus.out0.02513.h5	c2974c882af6f2d82f1e18c6b640f6ec
torus.out0.02514.h5	ff55c981fd5a5cd26d6600fb65d69ba6
torus.out0.02515.h5	e67f65e7171bbd01f95ac5af6db5fe84
torus.out0.02516.h5	929ea7d49182999ed04db244bbbe213e
torus.out0.02517.h5	f4867f1c46da42558d2ea5bbc852d96b
torus.out0.02518.h5	1b066462e9e43b791996d15e678c3205
torus.out0.02519.h5	0dd55cfef1389743dbcaf21f0d173720
torus.out0.02520.h5	82cb93020297b220273e0f04a3d5b64a
torus.out0.02521.h5	ddcc1f9278adc6b609dd26f5caf2daec
torus.out0.02522.h5	afbf7353943c13e91750d4f2f0d718e2
torus.out0.02523.h5	7741a3479e426e29b685b2da8d78d334
torus.out0.02524.h5	ace2667fee2733ded802157dea124854
torus.out0.02525.h5	9ed363885cec434c154189b4362a37da
torus.out0.02526.h5	e9f5095535e385066ac53467748caa63
torus.out0.02527.h5	313136a49668e2c5ad808dd7771ae0bd
torus.out0.02528.h5	d51ccf14e850f455079c225f5341b9b1
torus.out0.02529.h5	0e0a7b8c683372e22063d1c65124e303
torus.out0.02530.h5	579a3504292fafe686d9f2079a618889
torus.out0.02531.h5	be8df77845da4d5ce306c29b69915b96
torus.out0.02532.h5	47c3da5b29cad543b0530a9a392ece42
torus.out0.02533.h5	0afc2003e9c21f38bf0087ade8b77e32
torus.out0.02534.h5	5b884c7a984beec9b764324a5cc091cb
torus.out0.02535.h5	1c82a9e4b7e4fa1edbacc14a1698a39b
torus.out0.02536.h5	ffef76c5a4a465b11173d18c27976cf5
torus.out0.02537.h5	afc8e738301e149f3096b82755217536
torus.out0.02538.h5	435349796f1979ab451b6b58b79cb988
torus.out0.02539.h5	69eeea0d8c79dff6f2880122e1f0ac77
torus.out0.02540.h5	f018259603ff31eeca75c22391d729ae
torus.out0.02541.h5	15dcc0bfca752ca9d884fc9318cc2520
torus.out0.02542.h5	1dfb7a9c29e4a3ed7fc325d3afa7d6b1
torus.out0.02543.h5	642ec17fb7d9ea3ef53764e3c184873f
torus.out0.02544.h5	4cf194e287b32d7383f4f845f563abac
torus.out0.02545.h5	18bed468e5cbd36c5661597237839322
torus.out0.02546.h5	78622ed35c3af01ee882af5e53da1db9
torus.out0.02547.h5	39811d94841965a8e248a59f10a31137
torus.out0.02548.h5	193cb7ef0c1b445f811d9ac2d91cb85e
torus.out0.02549.h5	af97ef60a47374d8a82c0c2d3813a253
torus.out0.02550.h5	412cb5374f9f3a82af618538f8ad7da8
torus.out0.02551.h5	d8c4754d5e385709c7659191576f6b67
torus.out0.02552.h5	7b395225f6d0ef73005743c7b64e8312
torus.out0.02553.h5	13918a8c495d0eae35f1fbf79ea65af1
torus.out0.02554.h5	bb542ce4ccd77a950ca7adcf0d2dd0f1
torus.out0.02555.h5	d5d9873455c66484d7a916033d330465
torus.out0.02556.h5	294fb523ac477895c6470516e6de0429
torus.out0.02557.h5	27ad1e9354c14f71f5955ad8084246a5
torus.out0.02558.h5	1294a46a451d5f278346adaf36fc9729
torus.out0.02559.h5	77ab7738283ba8f9db6da8f16cdd531f
torus.out0.02560.h5	b430a5053f3158b435147b00cf959caf
torus.out0.02561.h5	e3e0602549425e254addf608c8537ee7
torus.out0.02562.h5	ecdcfe1c7a1e4c652a134ea60ab91aa1
torus.out0.02563.h5	dc960c98917c911a127f3b2fd6772acc
torus.out0.02564.h5	0525f3781f30cf756655938a79db074b
torus.out0.02565.h5	d40c2ba141e0ba826c8849ae4734f5f8
torus.out0.02566.h5	65a5d0eaabe41dd69357024b9c86ba9b
torus.out0.02567.h5	fba45a73ef07f8d7e6e20bfe2b189c2a
torus.out0.02568.h5	962a6bfe6ed38b3daec93b8c8281166c
torus.out0.02569.h5	a665ce2d5ce534351c053d294890f13e
torus.out0.02570.h5	413bda687a7534597f5bec99c5b0f846
torus.out0.02571.h5	d10d179329e954f45d0f60cd1cd82eef
torus.out0.02572.h5	4c4ec3cdb42e0131da4a81d9d940cee9
torus.out0.02573.h5	db9ff95429904f8986da64bf6aaf85c7
torus.out0.02574.h5	252e0491bce9253ab8633a008edb2019
torus.out0.02575.h5	1489293b8a87ce0203e2b17b80b56957
torus.out0.02576.h5	b43bc7dbfae0064a37106d300e376b5e
torus.out0.02577.h5	7c6fdde65d8d5ac7cba06746ebfef47a
torus.out0.02578.h5	30f4f4f3b8add97f0211b29b4c8cd474
torus.out0.02579.h5	54cc8518a8c33dc081e1489fe49b97d1
torus.out0.02580.h5	0e8da719fb31697d1b657e494f0b1d6d
torus.out0.02581.h5	bc3fa825abac3c6917abb2fdb8eed773
torus.out0.02582.h5	09d57b1cb70b46e7742564129280dc06
torus.out0.02583.h5	7eec04b845e3f17792743e4c5af5dd05
torus.out0.02584.h5	48154671845ac62251174b9b02d2b8e5
torus.out0.02585.h5	4549cebc84666c3cecec3c613b49029c
torus.out0.02586.h5	477b4c592584b62d3b8c3fccae5803ce
torus.out0.02587.h5	b63f3d72db6207598ce3755c93f2b549
torus.out0.02588.h5	07252d3a35fcbdfaca4ef37dfc340bf9
torus.out0.02589.h5	d58a4f730f5654a0badff0494546454d
torus.out0.02590.h5	718cbe890a48b02a90bc66182a4ee629
torus.out0.02591.h5	521912543e35a162a73cbcd412d61592
torus.out0.02592.h5	089d71f0927cd0a6782f4fc8b61affda
torus.out0.02593.h5	c06759279de5c9ee54178f243edc357a
torus.out0.02594.h5	eb0a6b9da40a8ccf29a03cbf9a333a31
torus.out0.02595.h5	e52d9fa468a8d547c8bcd74592986335
torus.out0.02596.h5	4534e09b9ea6a90032107c36d37e570d
torus.out0.02597.h5	3f0b8933708b80e9c0df6e5d4322e3d3
torus.out0.02598.h5	cf9816f49bb0806259b05fbdc4649123
torus.out0.02599.h5	f86751a7c82b44f8416f4f96193aef26
torus.out0.02600.h5	d216dc36313778957ff40a7d55094160
torus.out0.02601.h5	122c19fb8ce09fc9fa276fea042f8819
torus.out0.02602.h5	6e6e444bb308854818e3c41f74e7d694
torus.out0.02603.h5	1dfd3dfe610c0e36292e486cbbba5e04
torus.out0.02604.h5	90c235400dee5b5bc659af896a47fb84
torus.out0.02605.h5	d329232d582af993d4590891f70d1dc3
torus.out0.02606.h5	b2910eb0a12e200a5b2ebe2f62330f70
torus.out0.02607.h5	6febae5df9fef7e54bde5229c60e0718
torus.out0.02608.h5	7a4ec70ab6d11fdb26764394033a2aed
torus.out0.02609.h5	e5e53a9ba512c97075334668c783606f
torus.out0.02610.h5	85b71255cf84fa8cf2f5d5f9258e8368
torus.out0.02611.h5	a7dd1a3cdb4c2b1b502b103ffa75cec9
torus.out0.02612.h5	4def73c0fbba9729be337dad95077710
torus.out0.02613.h5	0978603a26bd4b6e64f39cc7c1fa72ff
torus.out0.02614.h5	27942eecc01c5c2701ddeada6b302b1d
torus.out0.02615.h5	7648569311cab6d790d4db1b02d1043b
torus.out0.02616.h5	869731670db2ce1259e8380e49bcc18e
torus.out0.02617.h5	488199fd1833e773c32c4e647e3d591e
torus.out0.02618.h5	c56bd38897b8262277f65d16871ef2a9
torus.out0.02619.h5	c8c0dc847a40db95cc721f0175ebadc5
torus.out0.02620.h5	450101976815d28d346a2c4fe5db6819
torus.out0.02621.h5	e44ff70cd1eb0db59a86b4a3d7ce40c5
torus.out0.02622.h5	366b442061c59c0c852cb288d4495cf7
torus.out0.02623.h5	da9c44f94f88704570c026fe447986b7
torus.out0.02624.h5	45145f0f87da4cc4299d90b0549b1521
torus.out0.02625.h5	9a5360649bc451dedc002fc592ed4fb0
torus.out0.02626.h5	f4e1570bd5e18e18ca0d82247f4845b0
torus.out0.02627.h5	a35012cb8d9290be5925f697008069be
torus.out0.02628.h5	89c64807bb3fae75eaae8a46e6a8c64e
torus.out0.02629.h5	44e22ded310bec55e2c32e6e18b2a72d
torus.out0.02630.h5	7f2ff58c30c027801c0144369774afe7
torus.out0.02631.h5	80e12ed22cc0ae409e48cc2bc555dd3b
torus.out0.02632.h5	085f20b31bfeb3a21fbc1218f0828603
torus.out0.02633.h5	5dece9e9a10372347d31c791f24dcfb7
torus.out0.02634.h5	0a62fdb29c2ef8f525c79a6a6792a32e
torus.out0.02635.h5	d8566882eb5a461efeb72ab9f592fe20
torus.out0.02636.h5	7983d35c208f776a8b3d0490e079ca64
torus.out0.02637.h5	d29a6bb1904f7946b064ba44292b145c
torus.out0.02638.h5	2f817cd0378fbcb8db7151593d88def9
torus.out0.02639.h5	6c78b2896fb59d200cc97ed7e3a64a44
torus.out0.02640.h5	72f748e698f858e95dc5a5618ee8cfe3
torus.out0.02641.h5	6ae3656365448e0575e51508c1509f9a
torus.out0.02642.h5	be82be334b38e3564a5a1b28ed91dbc4
torus.out0.02643.h5	f7b7bc1169efe46548690652beededb0
torus.out0.02644.h5	436abb991334c7bdf57f0a6356614d96
torus.out0.02645.h5	3015b4d52184a724dd29214fb07cf01d
torus.out0.02646.h5	ea78f8792b9af4f14a208f792b1f8f6a
torus.out0.02647.h5	414dc0101f5da237f8a01604f9fea244
torus.out0.02648.h5	3ef199b799c3a9606dacf9878af5475b
torus.out0.02649.h5	8ef77c11d2762d061cc1d1a0babcefb4
torus.out0.02650.h5	430a72cdbc31c20da28374348b4249ec
torus.out0.02651.h5	9a09d49f9aad7e61e1f5563d10fb11ac
torus.out0.02652.h5	4f2e7051123f6f03882f000e9debc317
torus.out0.02653.h5	942254e747ecbb297aa34b3e4859a093
torus.out0.02654.h5	7bc5ab38b9b85f642e9b0225bd0a577e
torus.out0.02655.h5	7204a14cd7b6512ae03aef8d53bf8af6
torus.out0.02656.h5	dd1ce3e06efbe9ca08d42e7b3b47d87f
torus.out0.02657.h5	5d245c9c94a038c2a16379dfb2b1dc2a
torus.out0.02658.h5	c4aa1263f59f1e6bc146e1f3575f2a4f
torus.out0.02659.h5	fdb1d0e4ebb73b7cf6c59ea4981d7434
torus.out0.02660.h5	77976355159b62b44069e05d8ed551c6
torus.out0.02661.h5	412d6727751c488d1c325962138fff86
torus.out0.02662.h5	bda7d2b8d52a1e63cb86cd4739336eb0
torus.out0.02663.h5	63894483cd1ab88b37079c2e2be85831
torus.out0.02664.h5	8f26a6f39e401e93089536e76f2e9b3b
torus.out0.02665.h5	926e1a0d97b74a6edaa6c1ac370e244c
torus.out0.02666.h5	f118173e910aaf601167464a349ec6b4
torus.out0.02667.h5	d653085100ab0599a7023f144155f4ea
torus.out0.02668.h5	cef3d03ef2570159084d7e86532d2971
torus.out0.02669.h5	44920307228ec204401aa63d95c8783b
torus.out0.02670.h5	d4a438857768583762cdc0f200e1e823
torus.out0.02671.h5	9569b1d6df9f790b014fc549eeef5f5b
torus.out0.02672.h5	9352a83f1e4c94dcd29b0fc0dc319f54
torus.out0.02673.h5	7bdff991d1cf0f4787265cbe6aff9dfe
torus.out0.02674.h5	7cff17433e21defcc6e86e7252d94036
torus.out0.02675.h5	bb51e9466311951e3aa0b55717c21376
torus.out0.02676.h5	3162e86783953355d21e4cce9efb6e50
torus.out0.02677.h5	c43bea136836f04a3f1d6419566fedbb
torus.out0.02678.h5	bc75944589998702a9863a72a4280285
torus.out0.02679.h5	445cfa81a1431bdb19d7f8c4117b3529
torus.out0.02680.h5	0a61ed4e52ee1d55be1824268874373e
torus.out0.02681.h5	2649cc3ec8089cd709cc0e1fa9760fb4
torus.out0.02682.h5	f5a0090da1403250419b45079075b7c0
torus.out0.02683.h5	369a5938bb3b5adafb02b6bb8c5b4db0
torus.out0.02684.h5	a3b4b8d0759572d01203e5f2ae340cc7
torus.out0.02685.h5	3c32bf70234dbf095d31df94cd732039
torus.out0.02686.h5	63b50943f5fb81ea3c13356aac611d83
torus.out0.02687.h5	df0983b89c91c95fdc3469694db6bba4
torus.out0.02688.h5	441c4c453fa6bc0a3825c9635f4caf60
torus.out0.02689.h5	1ca8cc8b3d5a32631169ee7fbd291eb8
torus.out0.02690.h5	a9e3ba9cb7e68bf1cdffddf623c4f934
torus.out0.02691.h5	31ea0cb1a3d80ad850351322be9d46ae
torus.out0.02692.h5	7aad442da7b84e58b6352daef39a8a45
torus.out0.02693.h5	7f62c7a54f415d523e3f4ca2b1c724d5
torus.out0.02694.h5	176032e1d8c238c44df3754b310a3044
torus.out0.02695.h5	bec0289daef1987ad005b70e4242ac66
torus.out0.02696.h5	57c8a2e8d70593697d94b8cf0bcbaba1
torus.out0.02697.h5	394cab69c3dfa1856ac1046815b9c4fb
torus.out0.02698.h5	b7b586c7ca5549ccf4737373ceef92cc
torus.out0.02699.h5	6b9c23b13c1955a217f8f898db39ab83
torus.out0.02700.h5	6359d8f0c0281ce715a8e2f6a346a3ad
torus.out0.02701.h5	d62052c2db1670e646d57ce3bf24f484
torus.out0.02702.h5	5a5a0a9dba6f52fecf56f444149685f3
torus.out0.02703.h5	8468fd9209a32ea55a8f3cfdc697fc2b
torus.out0.02704.h5	1b8b33b8f014511b668f9456d467c591
torus.out0.02705.h5	ae6a954ca40e97689163f8e0d604469f
torus.out0.02706.h5	272e0cbf9f06cf5bf6cbeb86fa248a94
torus.out0.02707.h5	cebe52131440cf26a2fac8a56616bc99
torus.out0.02708.h5	92a97e021b29d02775b175e04e2a3181
torus.out0.02709.h5	98eaa3464d0b92aa92a5a507e9e18149
torus.out0.02710.h5	61343c4e841263c84211b63826215086
torus.out0.02711.h5	d84769daf8b8ec24c602071f170f973b
torus.out0.02712.h5	4ffbaef1a7f7ede0b45c0412aa9baab7
torus.out0.02713.h5	6c8992de66073c3533ab8d7a79608599
torus.out0.02714.h5	dd7f2f4e18bc3c4f43e48a17b9e42489
torus.out0.02715.h5	84142df873b70a2bc26ca97e859d796e
torus.out0.02716.h5	be1b7b8a264dbe5d8a3031adefbdca22
torus.out0.02717.h5	1978209e0525a8f314d4d6c79843c7e8
torus.out0.02718.h5	3b45800d37c413ed8457f9c96f021a58
torus.out0.02719.h5	69591dcb93031e3f784fe44b6e5ee55e
torus.out0.02720.h5	f961be3089029a86f53ac718e34dcc53
torus.out0.02721.h5	96933f9cf244013b54047ded8f040ec9
torus.out0.02722.h5	6759f7a9fce5c6bf2440b4de70737b2e
torus.out0.02723.h5	33a87668b9cd0d947e06e7d41e5edf13
torus.out0.02724.h5	f850e8c4ac39680e52b567731809a32a
torus.out0.02725.h5	addd6721bef01fb0e294ae3b202b3f25
torus.out0.02726.h5	9af29e4daafd7a8e6d96a0466d9215aa
torus.out0.02727.h5	c699f1bf0c31a24e1f3956ae4d94cf50
torus.out0.02728.h5	34ccd5f19e07dfe389caa29e1a3f980c
torus.out0.02729.h5	d17322ed3c632de41c74a1fcc202ae3e
torus.out0.02730.h5	3825ff26a1408d7456919189edef6f91
torus.out0.02731.h5	2766ef62fd6b0f98ec227f6e48ae1f00
torus.out0.02732.h5	d2ad08c2bd7ea581aca739706b8b4d81
torus.out0.02733.h5	acbb4daa935222bd0f0210fe0859f465
torus.out0.02734.h5	f8103c9efc983283b9b2b808adcdf3ce
torus.out0.02735.h5	0e008bd83497ce75184e467c55d9dc17
torus.out0.02736.h5	b7e684f740af6cf81c99c6511b19f593
torus.out0.02737.h5	51c327c02915af69bbf8037657c3d84e
torus.out0.02738.h5	56677113010e16f82852001807684c8b
torus.out0.02739.h5	fea31a36af21f2dafe51ce61824ac2ce
torus.out0.02740.h5	b9ce16d6a8d6b42be61409abe438e26f
torus.out0.02741.h5	2935f133313ef40ab82cb8fe1000a402
torus.out0.02742.h5	0df260fa1eb7a5844cf8d0217224bc4b
torus.out0.02743.h5	96e565bbe6f546762354feb0e90c1484
torus.out0.02744.h5	a9940005fce537038eec4b689a81b7f8
torus.out0.02745.h5	358dd75ab98cefc1f72767ae60756912
torus.out0.02746.h5	3c66c2ce832784a0697cbd353763caf3
torus.out0.02747.h5	52a2a4d2c78132d29eb4cac6fdd984ca
torus.out0.02748.h5	c23bf21e91ab68265b76f2fe1cdf47f3
torus.out0.02749.h5	955cdc69e0d07b3871764b77da520374
torus.out0.02750.h5	aa820cce9d3e97794a31dc5c9e238668
torus.out0.02751.h5	7bf9ec64b40f859aaa5ef4f48819cfed
torus.out0.02752.h5	43633359c378c6846e633eb27924655d
torus.out0.02753.h5	4926d3570509464c449af63ef62443c5
torus.out0.02754.h5	694d8e6632d3aabffab4504253f68ad0
torus.out0.02755.h5	183512203f4d7038afd4f916e289969b
torus.out0.02756.h5	fe14db293960695cab4c6d163c1f5361
torus.out0.02757.h5	806e695a7fbe2ea0a1c8df8b44609a39
torus.out0.02758.h5	a0f11cc2bc32869142bc3659e429bf53
torus.out0.02759.h5	f14b73de9a00977d849974374dd0cb5f
torus.out0.02760.h5	c63066ba50da8e5c42ce91b6ebb10f83
torus.out0.02761.h5	d016b84062136d6797ee9c3b2d43c6be
torus.out0.02762.h5	4edd6701191d39ca35a7b1a3b3d10cbc
torus.out0.02763.h5	0de48e34876c500615cd5eb65730cce6
torus.out0.02764.h5	3127c14aa1c173df9d6756a8555c24a0
torus.out0.02765.h5	b448497122f859896c4b6bd48c6f5132
torus.out0.02766.h5	502caed02348a1e2a9dfd3ba9344b7d4
torus.out0.02767.h5	93fd2e47b55ecc1c27b13d36e98d0f05
torus.out0.02768.h5	a511703dbaad0746a46fc3c4265d479e
torus.out0.02769.h5	fcfbba1c85a1706c143fd0d1b45e3b4b
torus.out0.02770.h5	2496e2531f051259c056b4dd607e956d
torus.out0.02771.h5	094a075ca66e061a597a13dd36a7d805
torus.out0.02772.h5	efea6aeabbb90018999517fd1651fb1a
torus.out0.02773.h5	264a418f175bf857b6f1b06134aef24d
torus.out0.02774.h5	2a32ca73ceb08e242bbc4f423a1731e1
torus.out0.02775.h5	d500711dd031d8bdfdbccadf69566e13
torus.out0.02776.h5	ceac1df6876ec6e41d152da90ba824f7
torus.out0.02777.h5	2a3c268498d216d6c856821c711ea69d
torus.out0.02778.h5	564fc229eb86bab7f87f26d8ed7c88d4
torus.out0.02779.h5	6189e59ec3ab85f7ca27dc3e99ab22a1
torus.out0.02780.h5	7d46f3afa66de3fd7b82df6ad6d066ab
torus.out0.02781.h5	fa19b7e540f7c0839dd2ece7428dc1b8
torus.out0.02782.h5	9821dc7653cd6dd1cb8a680cf51f98bf
torus.out0.02783.h5	db59ea79e9750a857f665147323b25a0
torus.out0.02784.h5	930937fcb524492a1c28a49599613b21
torus.out0.02785.h5	5dbab18657f1a8e1caa4df52f5cf2ce5
torus.out0.02786.h5	bd4a2ca9a9a3cb5f30836496a8b0f5d9
torus.out0.02787.h5	ca2128d9b026608ab7bf4f67663ce73c
torus.out0.02788.h5	675d71f660f7d1206f4229443badb835
torus.out0.02789.h5	d7b2e0fbd3b399522a7df59bbf085b10
torus.out0.02790.h5	4d4382aecce60a7106bb0944b20dab08
torus.out0.02791.h5	bac95db2f8cb8e47ca25ceee271d5e2f
torus.out0.02792.h5	1da0b196f31815ec0d6666056d9a7074
torus.out0.02793.h5	015ca27658acce5615c5398731e78014
torus.out0.02794.h5	27de5207bfd706676beb051cbc5948cc
torus.out0.02795.h5	91f1d1ebd117ef5ca4d05330b348d20e
torus.out0.02796.h5	af799219bef8d86d739337f6c2e08321
torus.out0.02797.h5	26dd64b8c23044f7966166a8e949ca15
torus.out0.02798.h5	37b5232fbbf3205e2c0cd3bfd85e495c
torus.out0.02799.h5	d7ad5d5c318411ec37f7d962195ecc68
torus.out0.02800.h5	8d03e8c51da7c2fd129a7a9df4fd6f8e
torus.out0.02801.h5	21e98057e08e1b0400b6f0ed68ae0c77
torus.out0.02802.h5	e42fd451a55d9bdf93210e66e45756bd
torus.out0.02803.h5	69a97284d8ccac7f5ac18d74c53d6721
torus.out0.02804.h5	ee827b07d854bd7286039a5725ccfdcb
torus.out0.02805.h5	74b8423e0a33e0d7b530f26443572ecc
torus.out0.02806.h5	349179fbccbaad1f4256363ebe6a7d0c
torus.out0.02807.h5	b6b0d70f6b80087b5f464ab8a8f87dee
torus.out0.02808.h5	0dfa9b521d420ded01c80aa6aef3e114
torus.out0.02809.h5	9c76b1c2adfc52ab56a5e4088ad1aee6
torus.out0.02810.h5	9348074b59a927ffa3e8558dd1eab0db
torus.out0.02811.h5	3491ede094a2f5f98c3b48be7e2a694b
torus.out0.02812.h5	aeb1b3cdce0f2a028d848afa15197ada
torus.out0.02813.h5	6c585c4ed72c5ced32b90393dff83b35
torus.out0.02814.h5	23d7086dfe3e20de9cea439d7cdbac8a
torus.out0.02815.h5	3b1196fe200435ae875c5b51e63d499d
torus.out0.02816.h5	bfcf7b3ac3b20d5f4c39467cf2129d5f
torus.out0.02817.h5	a8382f89a7e3b383a15880355f44d2f8
torus.out0.02818.h5	3af464535b0832667192c4b8659fb93d
torus.out0.02819.h5	ffa8cf92df0204ad68ab7d4f300e314d
torus.out0.02820.h5	49e5a63eabdad36c2301cddf0538abe3
torus.out0.02821.h5	b9e979b4934af629f5aa17649b5f71e3
torus.out0.02822.h5	491e954cf9d08fa5ecbadc6c1da30a1b
torus.out0.02823.h5	732bcdc154b285eb5df1f4251ce41ca1
torus.out0.02824.h5	26e76ae76888c81996a39aea7d1a5bc1
torus.out0.02825.h5	772e41d33ebbd440d42a937a4cf7703f
torus.out0.02826.h5	1f79c3dc996c29965621a41b32383e2e
torus.out0.02827.h5	bcd00d7a2432f7958c4534249b84a2b7
torus.out0.02828.h5	d8cef7f72f89e8c46ed83cc0fc0f0141
torus.out0.02829.h5	357b8d34f18f06a90f30619e0c7952f4
torus.out0.02830.h5	964d0f27dab87029e744eeb41006eb18
torus.out0.02831.h5	ec7d07ae99f634a3bf10fca42c9e7e2d
torus.out0.02832.h5	6545886e2d1bdf9a189cc1f27f91cea3
torus.out0.02833.h5	cd3da4b0588883359d73f8b830ee5a35
torus.out0.02834.h5	c74c2b5c0edfb0733d696a2a665a4cd3
torus.out0.02835.h5	5df2e72a76052638f2fc9d976ae4346b
torus.out0.02836.h5	d639a6f63945b25b341413190ad19a18
torus.out0.02837.h5	3b7f185acc05865d2e7d0dc60dd16f09
torus.out0.02838.h5	96551f44a2ee041f67c2c45212bb5cee
torus.out0.02839.h5	9b641d8201e6d564c3e80cec7132b5b9
torus.out0.02840.h5	ef1c5eee4855f36874ea0c607fd38ce5
torus.out0.02841.h5	d967eaef171ab2bbc329f4c3cfa2f401
torus.out0.02842.h5	89a524c1897a21d50840976df3ad2949
torus.out0.02843.h5	7712cefabf6163a0c350070752cb8ae9
torus.out0.02844.h5	aec3932853f9a17caa9a5d9509177017
torus.out0.02845.h5	de27b8fd144a9b8c83280b224fe0c08e
torus.out0.02846.h5	eb8eea738e289797d121dd16cd667f13
torus.out0.02847.h5	d9add6cf425d218baa7af250b11557d0
torus.out0.02848.h5	be93c8f7d2e8e2f9a233989722dfddf9
torus.out0.02849.h5	ebe8af38a67628c795d19985b35535ca
torus.out0.02850.h5	87894d6483518e158d49ad751a16a78c
torus.out0.02851.h5	d8f830445fd833a2ace522ee171c155d
torus.out0.02852.h5	4eadf85cd802bcc834a6ca9db6dce310
torus.out0.02853.h5	3c488038490ac5274ee4fe526cff9ee4
torus.out0.02854.h5	3ecac42f005c328fe6b114adb3918906
torus.out0.02855.h5	4fa33a2b2314915f0299c56cced9a98e
torus.out0.02856.h5	c2616c67010242abab7f700c868bdc47
torus.out0.02857.h5	8c9b33cd7329b94c05a7ba467a94bae0
torus.out0.02858.h5	879e92bceb3f23b1dcf62fda981ebc0d
torus.out0.02859.h5	6833ec7086b34346f62a7aa1635107e8
torus.out0.02860.h5	c98dbca6be78ac289a088fa8601bc727
torus.out0.02861.h5	26d99ea07d039db819f4f212189f012f
torus.out0.02862.h5	4d5871f7c169a8efe7584ee100d3966a
torus.out0.02863.h5	cd4b45c160f89b4707694a87f59ee2d0
torus.out0.02864.h5	287cca114b00acc5f491dc56553b0bb8
torus.out0.02865.h5	7992574418b4b4abbdc85b024bdabf09
torus.out0.02866.h5	00cd3cff60b10820ae86deca5f375679
torus.out0.02867.h5	a9138d4c1f5f4bc1ef1512ee7b72116b
torus.out0.02868.h5	07c1779ede36adc96deaffd518e6f766
torus.out0.02869.h5	a689eee2a2e97c8f38dc0abf2297bfc3
torus.out0.02870.h5	03cebcf2cb2c5de74eceace768e066a6
torus.out0.02871.h5	39c1c4779aa4ac23c47732df233a0d87
torus.out0.02872.h5	34d8476b4254168d11bf04de99618301
torus.out0.02873.h5	cc831e2866328e6bcbe22234f69b8893
torus.out0.02874.h5	531a951561135a709ab56f1d9468e444
torus.out0.02875.h5	724b8a55bd8fe95d4678b81360b8d049
torus.out0.02876.h5	ce36bafd3c0e4924d573a55f7ee0a40e
torus.out0.02877.h5	3f2fb1e598421915e18f91ff92407ebb
torus.out0.02878.h5	37414a5ebeed75e5e4d9ed58319ffefa
torus.out0.02879.h5	ab8e0b33cc58159e1a4af9f2f833602c
torus.out0.02880.h5	7bd80340f546c0beeaa2acd5848d5bb4
torus.out0.02881.h5	40aad48a407a1ae039c806715decdb3f
torus.out0.02882.h5	a4b1cc6fbd6b1c5060e6c5e68f8e348e
torus.out0.02883.h5	081162fabecc53b240b7672820ebd0d1
torus.out0.02884.h5	d2a4ecfadd81ddced97f74e3f50a0243
torus.out0.02885.h5	e66521c2f74358bc6f914d16567bcf0c
torus.out0.02886.h5	577ad85810404c09b4655998ec2b6833
torus.out0.02887.h5	8f8faf4b0ee103083e42b99165155395
torus.out0.02888.h5	666c71e44d9108600cf38c30cb62fd54
torus.out0.02889.h5	a9e52fd7d7031f1097a89cc9052e5beb
torus.out0.02890.h5	19e959e36ce2d3d09b42baa07bf730ae
torus.out0.02891.h5	c7c4d8bee75ea6a87e3c513135fb3a24
torus.out0.02892.h5	9d1d42b897aad283b7e12514300135f0
torus.out0.02893.h5	0960e2abcdd3706eecbc9d589e99fb99
torus.out0.02894.h5	82eee892bfa0bfd40059f72e62e71232
torus.out0.02895.h5	cb208ee38e2ae690036dc415c3424527
torus.out0.02896.h5	a55f4d3bc36a71fa277dd31b46b660b1
torus.out0.02897.h5	609e79b07668de95a88d1798c46c458a
torus.out0.02898.h5	59ee7e864b3f686bf3e43958c870faf9
torus.out0.02899.h5	6579fdc4d42f9a98ccf58be39634e33b
torus.out0.02900.h5	32d8a80cbf2af9b51329186503795e87
torus.out0.02901.h5	5a910720d5564a7bcfbb701d94f0f5ee
torus.out0.02902.h5	6829aeea91863ec6c8f996baf9e96b58
torus.out0.02903.h5	562d97a00304f5c6a2f79dcfdfd7a6de
torus.out0.02904.h5	d3c5c01d764867bca37476d43e2bf7e7
torus.out0.02905.h5	194359e690bf73eb922078f17fb6cdbb
torus.out0.02906.h5	c14132fd23aa6eaac0df6dc10811b58c
torus.out0.02907.h5	31416d2e8c48ced86730257386f69927
torus.out0.02908.h5	c99bb3692f4ae2d754b8d4e4a5d22f63
torus.out0.02909.h5	86d5b4a2a7c676991fddc73737dffa43
torus.out0.02910.h5	1ec1555526713c513dcb01dfeef1287d
torus.out0.02911.h5	3765b4bd4b59c0de116ea878864b584b
torus.out0.02912.h5	104f4ebc6c7cd4dfa391a32b55a8d520
torus.out0.02913.h5	3fbd5dc7313d7e7a5fe0be0393bfb5c1
torus.out0.02914.h5	d36824fe6623f072b1ff9dcad1073fba
torus.out0.02915.h5	63e8cdb1bfbe7c32a3abe9ba8304ce24
torus.out0.02916.h5	a3e4c5d97628bad20dea9ec752ff94f0
torus.out0.02917.h5	755978107af993319e0b79e4d37618b4
torus.out0.02918.h5	efa27744f19448e4feb9aa62d416b18f
torus.out0.02919.h5	50125580ee8e678ccdec2c0ea5b42d39
torus.out0.02920.h5	a5b1b4663f6070c29b23cf57426fae3d
torus.out0.02921.h5	5c5574aa5bb6d6985d647323e41905cb
torus.out0.02922.h5	056d8ba6a4a3412a35910386054e9979
torus.out0.02923.h5	72e5c34966deca0a2546f0ccb35843f9
torus.out0.02924.h5	dce3bcba7c203c00fb121b62127defa0
torus.out0.02925.h5	4a81c1ec888be84460a4afe2791d0d17
torus.out0.02926.h5	ab0f16768b51e4df682291c5cc53c36e
torus.out0.02927.h5	1933b26770f48caf9c24f62d121ba2a8
torus.out0.02928.h5	7bb0ad87ddc0a48a16f32b3f8395abb8
torus.out0.02929.h5	6a9be8397d01d383de15ad4f7e78811b
torus.out0.02930.h5	27c9d3368b903a38e2c29f7ecd7674ac
torus.out0.02931.h5	2a587706b2a252f159cb53674ef59812
torus.out0.02932.h5	1cd0f42149dfecd4bf9d5eb5331d1584
torus.out0.02933.h5	a044bd0eb5448581d98c0c1ec2845552
torus.out0.02934.h5	b0c3668a31dc867fd4fb04c22b16c1c1
torus.out0.02935.h5	45b37129d54830b3720398d84da60c3f
torus.out0.02936.h5	9a7def1900e505435b0e69b6b83a40a6
torus.out0.02937.h5	d074a137689acd974fa042a8aee7f48d
torus.out0.02938.h5	ead60eb73d43dee12389276566cdfa38
torus.out0.02939.h5	500443f784acf2950cd2ba34a9c72c08
torus.out0.02940.h5	9ec933397f4a9163a3d50715e2ccd6d3
torus.out0.02941.h5	3868cc1cb233eb1ff816d9200c8dda25
torus.out0.02942.h5	67225b19f08cf9c5e4ed7cc02d2d4d48
torus.out0.02943.h5	758fca1428a006a805560235e813f1e0
torus.out0.02944.h5	0cb8917ddf553500808c3997fc7378aa
torus.out0.02945.h5	644c181d3dedf3c17a2a03b44bb2b3d7
torus.out0.02946.h5	b517f55cd8336fa18d5a08a5595418ac
torus.out0.02947.h5	04fcc8896a22ff3106862204f23efd7b
torus.out0.02948.h5	180a0c82b9224d166c6176c7dfb96fab
torus.out0.02949.h5	538318d888688828ae721e1e4c41a9d8
torus.out0.02950.h5	e9f6c43049c1d3fda8a5463fb0211a78
torus.out0.02951.h5	b2d6a3897f4f986b000683fd0c0aaf3b
torus.out0.02952.h5	8d92cea6176fa66384d1859fa6ceb582
torus.out0.02953.h5	41f515ff5efebf227f839576ab9c483d
torus.out0.02954.h5	c1b4370d04aa9a32e46426f0d3e4a3e2
torus.out0.02955.h5	ebdc254250460c1e11793bff2c03f527
torus.out0.02956.h5	0f786463d218bba39990dc8b935176d1
torus.out0.02957.h5	602059d1a260edad82c3d82466875038
torus.out0.02958.h5	0c4529166adefdaefdd2d66dc57d8bda
torus.out0.02959.h5	62399c9407bb12bea57a6bc835b29a1d
torus.out0.02960.h5	7b4ba68c73169a772710eca2dc1733df
torus.out0.02961.h5	d05e5732eb381577b606b99575a0e945
torus.out0.02962.h5	8d7d8f76762bb6cc08ac2aad6b5022df
torus.out0.02963.h5	9dd2a31ed4c5322f39367a126d314fd1
torus.out0.02964.h5	c196d9bfafeb068ffce67b0a58170f75
torus.out0.02965.h5	e07870e9e8b2cfd9b215f502f37eee68
torus.out0.02966.h5	6f4ea65facb96bb78e0680e020d02e97
torus.out0.02967.h5	1da6f5a9af855feeac1a96bf14b4a4e7
torus.out0.02968.h5	62eca858679d5a2fceab2029c6f0178b
torus.out0.02969.h5	95675a9c3085afc0f23332b638d5d152
torus.out0.02970.h5	a26ce6e71ea45f5ca6b4a75090cd8a82
torus.out0.02971.h5	2b28c0395088c093a5fd73110905f7d6
torus.out0.02972.h5	04c4a091a3811f803cb536a9d97ddcac
torus.out0.02973.h5	76ae935c6ca3b03bd0137736e4db4bc6
torus.out0.02974.h5	77dc340951d7bb2b188f001cc530b510
torus.out0.02975.h5	77b7e9b9e995c7f12b6c2628e07a9d0d
torus.out0.02976.h5	5b70c5e49ee2acfa1016749ecf793668
torus.out0.02977.h5	c3ddb11fbc5b8b358ea5a5b3a224e929
torus.out0.02978.h5	f5a1aeedc3958d98ef32466a79f458a5
torus.out0.02979.h5	e24e4601b02d41a3ad9250f5327d2601
torus.out0.02980.h5	54ca2e3d460711d2b1f95a30956c0e66
torus.out0.02981.h5	3ed9e50c20b858dd012b33066b7c861a
torus.out0.02982.h5	b02bd251b02fc8fc3170710382b031fa
torus.out0.02983.h5	a779c7e58a484eb262c41a46989632f5
torus.out0.02984.h5	8f65453862f5779aaa1532d1c10f2b81
torus.out0.02985.h5	1bd7d750bbc5e9db8564fbf36cf0cfb5
torus.out0.02986.h5	c518621759ba8ba44971fd0fb1c1cfc5
torus.out0.02987.h5	ef911ecda075818a1539de9482ea771f
torus.out0.02988.h5	9bfe33ccab0a6ba2aaca72d0948dee93
torus.out0.02989.h5	87f8c813dd4c94fcc861b24ac913b92a
torus.out0.02990.h5	448ec4735cbf2c027541df90864cec1e
torus.out0.02991.h5	319fd50397e4fc85515c81a6b2f355c3
torus.out0.02992.h5	572bb42d5f3a6a3012b8427c8b9b86df
torus.out0.02993.h5	8aa7e28a5e2ba638a9076bb4059970d0
torus.out0.02994.h5	ccf9085069b7f30bc70987f58c04e36f
torus.out0.02995.h5	2efc38a1b7a16904112f0a6bd3630f3b
torus.out0.02996.h5	f30a47439cb6d746ff5fc18bee9e1246
torus.out0.02997.h5	4aa787f301edd0134f92459d21f2ade1
torus.out0.02998.h5	de347ef063ad5dfdc525530a921cdc36
torus.out0.02999.h5	6f00a34b37addd06eb9ca82a411048f3
