torus.out0.03000.h5	8226640df06479b9f9b66f8d8971d2c3
torus.out0.03001.h5	62c0a30eae4f1008877d28da2b3c2873
torus.out0.03002.h5	083d2430a862d4b750a66e276120c617
torus.out0.03003.h5	c992cc75990035d6c80c757aeaa8f9d5
torus.out0.03004.h5	991388cf6105e6b6c2d5deba576316a2
torus.out0.03005.h5	ef3b29b6ca9eeb7f9d6716910905ab60
torus.out0.03006.h5	15a603d9798bb4f02166d63f6ac0d8e0
torus.out0.03007.h5	a77499ffa8e96c2cdf9590c46826eb6c
torus.out0.03008.h5	e5c1cfefca94b8d17e0cf3abf42a9953
torus.out0.03009.h5	68dbc4ee1a0e9e34b0da24364a909de4
torus.out0.03010.h5	3a1da79c84e04425f9051663983ce423
torus.out0.03011.h5	d462829f607ed1ec42c0f08214aecbcc
torus.out0.03012.h5	71bb5b9ea2d4f5f4efc9b5a301b34c54
torus.out0.03013.h5	c24507c46e0db234e6331049c5d35e77
torus.out0.03014.h5	36172c1684e1507c66d894bb2894e1ea
torus.out0.03015.h5	a6e1fe3aae303a80665315af257a301f
torus.out0.03016.h5	b31f78a9891544337fa0b452c4a6ca6c
torus.out0.03017.h5	dc7bea87b4ce77cc1160d6287101792b
torus.out0.03018.h5	d419f6cc7659cdd02e6e0ce8a531b866
torus.out0.03019.h5	0191a320290d669af089e231863af164
torus.out0.03020.h5	dc2131cb906e8f4e939e054d32b8b87f
torus.out0.03021.h5	fe371f450db027886e6f8714c7a9756a
torus.out0.03022.h5	bd4c3527ac54c9705bdcde6a03764761
torus.out0.03023.h5	d42a701f613c2a2c639cc6c97be7fc40
torus.out0.03024.h5	190ed81311783f61a4e566730c238dd7
torus.out0.03025.h5	a432b2db1dfd4be84115122e2c336ad5
torus.out0.03026.h5	547782dfb89e0fcb3a554b8c0c35e5ec
torus.out0.03027.h5	680efe15bb63a7ad04453c4b4a9cbcd3
torus.out0.03028.h5	a74efea45df5df6c47c7cd4790374006
torus.out0.03029.h5	b90aaa3c80d52c74e3636f5b375a0013
torus.out0.03030.h5	cd0e49b93870600c323607aa0f8b42ef
torus.out0.03031.h5	f6d229b4be93d4b01afd9bf50be9e8a5
torus.out0.03032.h5	53a7d2974f820629062be08351649ac6
torus.out0.03033.h5	c43766abb5795a44d2da543f9f5ea95e
torus.out0.03034.h5	de72a8ef43eb8646dcf66666d23198ef
torus.out0.03035.h5	2bc0837d6813967b4f1af40c8cbbfd8b
torus.out0.03036.h5	907932117993c02cef7757bc194965aa
torus.out0.03037.h5	8f12a1ccd75c06cf53edcfeff32a3a50
torus.out0.03038.h5	d41f762b0f6e46a271c154446a52aaf0
torus.out0.03039.h5	6f997643592c3a2714cd10d099a34c5c
torus.out0.03040.h5	735b73bb6ab0d0acfea1bf2252456ea0
torus.out0.03041.h5	826ab0a530e47d7105780daabf883e1a
torus.out0.03042.h5	e6a33d081eab45fb890413bbf9bd7496
torus.out0.03043.h5	84199ba5b0362f691884b77db2f28065
torus.out0.03044.h5	f0185f7900bb2191b0abc8ef803a7fe6
torus.out0.03045.h5	7ba24cce81181f690fa62832dd785b62
torus.out0.03046.h5	aa050a4cdb7900781a81ceab1223dbba
torus.out0.03047.h5	865c0ec21b20c524c4cd1124827e0c84
torus.out0.03048.h5	426dfcfae9144daeeac5252516260892
torus.out0.03049.h5	75f6f7c6a457d3f2131d4729d835f3ce
torus.out0.03050.h5	6377b1567dc39fd3f246caa78d7be9c9
torus.out0.03051.h5	35cd7da22dd1348e02fd4b62b0801001
torus.out0.03052.h5	e24fbc5c3572eb424f1f15ab7217c497
torus.out0.03053.h5	e17e5b5b3968f5d0bb97d8e15b42c8ea
torus.out0.03054.h5	49a2ecdc348686846cf321447cd904d0
torus.out0.03055.h5	1162917ea2fdead828df88edb4c96175
torus.out0.03056.h5	4ed1d5eb6b4bc381b6b0d6a4652c92aa
torus.out0.03057.h5	c7aaf68d53f0d285908a9428343b7e21
torus.out0.03058.h5	74383a41f8eadcb7dae6689ae961347b
torus.out0.03059.h5	fcdce1449bfc4969ac6ca6fd59500744
torus.out0.03060.h5	677b8f7490d1ca5556bd0560137aec95
torus.out0.03061.h5	9fe3be2c41c2bdcdcbe73447ecb0ee1f
torus.out0.03062.h5	a9e7daa621e9da07251d0a1276e2ce6b
torus.out0.03063.h5	e542d7c2f8d15f14698c99e7ac7ea76b
torus.out0.03064.h5	fef6b5d6a591ec02fca177befa241fbc
torus.out0.03065.h5	babf8d5847909162009e473c2d0cb5ff
torus.out0.03066.h5	1a8f4fb3224184ead2adf37ed70c65ca
torus.out0.03067.h5	b3722cd1bcd9eead976496f4868c6477
torus.out0.03068.h5	48e39958adb630474c9e6c678e5d62a5
torus.out0.03069.h5	f1df3787750f78ea1d1c99aabd2bf98c
torus.out0.03070.h5	df76c668217de2a26c6bda09b9cd67bf
torus.out0.03071.h5	d7a1659a9022edea9626e4fa09725eff
torus.out0.03072.h5	8fcddd96ce613d44096b0f5fe16a2c05
torus.out0.03073.h5	46e3b3d2d717fb52f6d9a76b8182a011
torus.out0.03074.h5	be8a6b371eeb2da6df8d0768d61f74c5
torus.out0.03075.h5	0281f79809f0565bdefa56b7667231a9
torus.out0.03076.h5	ce0e8a5f81faae4cbd85387ad3a5db36
torus.out0.03077.h5	595c25ef593210bfda193f95ae5fcc63
torus.out0.03078.h5	c36eb6655c8ea35fed069e844596e4b1
torus.out0.03079.h5	104b06d77e7149fe694c57444717a2e5
torus.out0.03080.h5	6938c0a580d52b51a32d1c9b964839e7
torus.out0.03081.h5	4dad2c0bac2c0574bcd0140f9edaf052
torus.out0.03082.h5	3d0f05cf4806c2d6df2cc042f69d3df8
torus.out0.03083.h5	48055e8adf370dbb5c2d4d65bcae582b
torus.out0.03084.h5	400f39799b33ea33a7f4eea0d7ce3c0e
torus.out0.03085.h5	51c393ab228bd51fbfb5b268ca0ce326
torus.out0.03086.h5	f0ba174f35e6d0b223f605bb9eafd534
torus.out0.03087.h5	0b7ffccb5563052c33582aea953ee73f
torus.out0.03088.h5	c0e43d750556957c26820fedf00de393
torus.out0.03089.h5	ce3fd24d1bf9bbe10cb90c928d6faa25
torus.out0.03090.h5	70bc13b04cf6a060e0abf8a4fa538e0b
torus.out0.03091.h5	6573caa81b3559d8fab5cfb23f9f3522
torus.out0.03092.h5	94f83419768a0f55bf91dadd212300f2
torus.out0.03093.h5	ff3d568897dffd6e78c0b4d89e0d6d8f
torus.out0.03094.h5	ff7916c8851e9722a3c348d67d32b99c
torus.out0.03095.h5	23a69aa9f913a38ce97a3246b6b065de
torus.out0.03096.h5	6ff8ed3519bd529ec34f76b6ed97fa3c
torus.out0.03097.h5	3126409cebde8bcb58e070c97ee575a4
torus.out0.03098.h5	d5a4331d4bb9dfe20320f2f320e7a03a
torus.out0.03099.h5	f1e18ae70db62b456e531eb4a5007edd
torus.out0.03100.h5	b1be5227e0668e26b860608858997347
torus.out0.03101.h5	47c9d71ede08be50b7c4cc3842bf38f7
torus.out0.03102.h5	7b92d6d29f8d315b2a96034fd927e8e7
torus.out0.03103.h5	056752b663e82cb678e01869ad860b5c
torus.out0.03104.h5	920ce3853a83de236a831775d0eefb50
torus.out0.03105.h5	86865c33fc9bc89ad65293ae3d6e0064
torus.out0.03106.h5	0ed1c2f7fadbf9541a2f2e0ccf803e8b
torus.out0.03107.h5	a652d9f5388070b737d2a75d25ce8386
torus.out0.03108.h5	b5f7a3521897673f962b66c23e8b54bb
torus.out0.03109.h5	8e98b158fa95dfff83412f06fce02f2e
torus.out0.03110.h5	75380690b79dd7b21a495479741dfed4
torus.out0.03111.h5	072f1c459c8b079c8c9b348aeb773449
torus.out0.03112.h5	dc22bd9a804246a0cb56d8d707b9f4cd
torus.out0.03113.h5	2e84ea64604eff63b24bf06ad00aa2d6
torus.out0.03114.h5	7b0dcda3651fc282199af06babfd7814
torus.out0.03115.h5	fda077f8e167dcab8a5d134935daf58c
torus.out0.03116.h5	13563deebbc5ca445b575b0df0ec6bdf
torus.out0.03117.h5	8e641d78b25dace93ae1165e3a4a577a
torus.out0.03118.h5	b0128555f7853ef4f339d68ca3169dac
torus.out0.03119.h5	6be021481efa450cd7c56247b68d0442
torus.out0.03120.h5	292ec3c736d59b9b6e327b0bca25cf8d
torus.out0.03121.h5	82edf0dd7573c389878c939ff203bb59
torus.out0.03122.h5	29e746444c900838a144b2bdafe07e54
torus.out0.03123.h5	2ac6cd7d8bd3df453a4d1a8baea32ae5
torus.out0.03124.h5	9193e78737e1cceb8a99ee536a3dc955
torus.out0.03125.h5	3653d14d01693efd93fa2f45b2273afd
torus.out0.03126.h5	b2df7f3c2a2a3d5a74137e6ad45ef9b1
torus.out0.03127.h5	8c48aae6308524203067ebc812cc8f33
torus.out0.03128.h5	7f51ca53b13fd8b5a50253c7611b8f47
torus.out0.03129.h5	4765cf8c01f66fe9216c643c71fe60a4
torus.out0.03130.h5	b141b584ed1f759aa694e9da28108c8c
torus.out0.03131.h5	7d24dd2dd5a6a2ea3ab927876e1a81b9
torus.out0.03132.h5	c6590b734fa4d953a667ffbdc8618cdb
torus.out0.03133.h5	084f4c461e70e2af1c7e97eaba73bb81
torus.out0.03134.h5	aabbf9d5b852f0b8c8c8e3c597e4862a
torus.out0.03135.h5	acbc55c31cd73bb7fe019ee79e94f83e
torus.out0.03136.h5	372abad43776dc8a5a4bfeb4b196bebf
torus.out0.03137.h5	cce74a5060f3dd77e2d169a2151725f5
torus.out0.03138.h5	ffba9bc980256533ad29e736b60163a4
torus.out0.03139.h5	8eaca700486f003f7798bc4c7e399ce3
torus.out0.03140.h5	e5b96822352c6c99822cd9e9ed8d91ea
torus.out0.03141.h5	8bc2b411e726ef082630884c716a69fc
torus.out0.03142.h5	9cfeccd7241ef4bc10aeed1001734c35
torus.out0.03143.h5	1a9db58604f89fea0de4bd6d18baa8e8
torus.out0.03144.h5	5e06dbc9ba96d1df87cb13419e2da0b6
torus.out0.03145.h5	64d395f813d46bb2a15f7eabc8be445b
torus.out0.03146.h5	feb9427a9608d08746d3f0d73af64792
torus.out0.03147.h5	6560eb276cfd89324bc9d081854c320d
torus.out0.03148.h5	6eef0487e41b1e4e204b74eff8a84a9b
torus.out0.03149.h5	d667dc1b00a17d8d2f87365a759f7c9a
torus.out0.03150.h5	41a9e69ff59bd1df654a9fb565c13dcf
torus.out0.03151.h5	d368f8d6ac7a9e4b0d38e9b4c86f5dc8
torus.out0.03152.h5	c22bd3cbc49880686352ef9315c575d6
torus.out0.03153.h5	e7f7e5b8618a7913c7e5635e9a2f7bd0
torus.out0.03154.h5	2de48ce53ca93eaa3aa63c3ca25bf54d
torus.out0.03155.h5	f649fa1d3d98d769f289c0f8a9ef1b03
torus.out0.03156.h5	1c7db3b2b6beb7ed0e3b47218faee5dd
torus.out0.03157.h5	419d778cc3ae017b4c7d0db94ae12c29
torus.out0.03158.h5	358fa6cc950da362fcc4844202b439e3
torus.out0.03159.h5	ca10abf9102a6c8a351882b8cfd20ff0
torus.out0.03160.h5	c4b45c3fea7a8d3d18a56ad46059089d
torus.out0.03161.h5	3d0ba90f79bdabf1cd46923922fa3484
torus.out0.03162.h5	a155f54df79eb94c70e84af0fe240741
torus.out0.03163.h5	afd816fe62f79964c7f018c2f19d272c
torus.out0.03164.h5	6f119adfc1f9f2d80b0ddaa5870ad9ac
torus.out0.03165.h5	df1be5f78dd039d62d77c05fca26e314
torus.out0.03166.h5	c9627ab9417a0a529245c62da57e1e93
torus.out0.03167.h5	636def917b0916b1d4ade50998c21a4e
torus.out0.03168.h5	76ef88f96b3390736cef1572f29d8766
torus.out0.03169.h5	5d53b4b817c7421f8f74bc4c13729f31
torus.out0.03170.h5	b0044ff422b54cf68aacc97cac40614a
torus.out0.03171.h5	89f3d4263af4b1a1fbd609062f46ade2
torus.out0.03172.h5	7e23cef0cff6919320f9b5c929434ec8
torus.out0.03173.h5	ac6b8aa67ac6c33b89c7b88c4d628839
torus.out0.03174.h5	8956350864a0236f7418f4ed27dc320b
torus.out0.03175.h5	cf2e88c72a26d26e6f2f4905b6c714e8
torus.out0.03176.h5	2378f7a246f1dae39b1444ae28d91e23
torus.out0.03177.h5	11b89f2d20b7641a947fdedc70bc3e71
torus.out0.03178.h5	a9b5676a73701a586a59ce1548e9f3cc
torus.out0.03179.h5	cd095e7ad82621dcc35a4fe8fd65ba48
torus.out0.03180.h5	374181e7ae76455b4a3117ee5efc0ade
torus.out0.03181.h5	d74c6945f67fa0717b3a9873b3e33ca3
torus.out0.03182.h5	05f0bea30831c6e6025b7a250782bf2d
torus.out0.03183.h5	bc1503800884a88a357d1a1e2b8da34d
torus.out0.03184.h5	9e1a65d548c7e0b4ece9d41c44c7c5ea
torus.out0.03185.h5	8a8d6f4bf51017134fb69c6bde21e270
torus.out0.03186.h5	cc709428b82c9c8b200db0d3f7b116c3
torus.out0.03187.h5	a251938b7b3955a84336a34f3c88f73b
torus.out0.03188.h5	40ebfece7f6a15401a1039b660312dc5
torus.out0.03189.h5	b0bd70d21c2ccbe6766d621cdb80b0b6
torus.out0.03190.h5	ce368ffc623002c3055674fcf50682f3
torus.out0.03191.h5	8b0c6c1b629d63203682f6c754ab11ef
torus.out0.03192.h5	54e39b2a46478714b1b5aaf2e7496d8d
torus.out0.03193.h5	5c11012f250a86f740989fbf6cc41362
torus.out0.03194.h5	08a4f8a5544eb1304f752317ba043f1c
torus.out0.03195.h5	a6d8f2a58d4aa0677a2949102c4857f3
torus.out0.03196.h5	9e5091d357c6e399b48c18cd8f2e20f6
torus.out0.03197.h5	8f54844463d7b887760100310565ef8c
torus.out0.03198.h5	41a52efca016a38524cf5f6036e39a52
torus.out0.03199.h5	124c1ce4b3852aa64ec5252b6b59a2ab
torus.out0.03200.h5	b219e61e1d67405f4832152ce0c65916
torus.out0.03201.h5	238e92e4d5323bdbc897b9fe5d979616
torus.out0.03202.h5	6a89f7aee6a044633a2ad2dc1e256f6f
torus.out0.03203.h5	5efcec537b9b8bc2b5482469b8364b1f
torus.out0.03204.h5	1699112ec21a70d606eed715bcc32bdf
torus.out0.03205.h5	581ac6359c7be4d1d61957042d4c14f4
torus.out0.03206.h5	5bc9f893120cabbef15acc8e8668a6a5
torus.out0.03207.h5	54ef0c3d879c80dcf9faa4bd71fa09e5
torus.out0.03208.h5	e405151dca1b6c15ac4aa780660a9347
torus.out0.03209.h5	c40d01de5d5043c6f0e6dd04963401fe
torus.out0.03210.h5	c6116e665577a5e228c47f3bff6833cf
torus.out0.03211.h5	fc3b2eab1ce0b813d2dc5f597df75ac7
torus.out0.03212.h5	bd8e9ef14a5cb92ab6af5612fc8245ad
torus.out0.03213.h5	51fb43bfd09aeef0d76dc68de2cfede4
torus.out0.03214.h5	be70cd6d9e63daf49bc05c64bb8ee36a
torus.out0.03215.h5	7ff317ef416d9c91c13083f9cf0719f3
torus.out0.03216.h5	a8d918da12abf67e6591103e0a246f82
torus.out0.03217.h5	ba2e6a7e727fd330358d719670966593
torus.out0.03218.h5	f631a6fbe5c62fe82708eb19a59c28d4
torus.out0.03219.h5	2d9043fd95984d058b6e0882e937a0a2
torus.out0.03220.h5	8ea7b7a7a98839130c084b6fe9169a71
torus.out0.03221.h5	82f3e7fb7055ec3282a8952336411158
torus.out0.03222.h5	db050a5ba590cb817bac42021334a5d1
torus.out0.03223.h5	e86a3602a06b54fc7206d288d23a4389
torus.out0.03224.h5	23c8b01ab64be77f452b5fdc3754a7e3
torus.out0.03225.h5	56abf1267f4d7263c0aa0274ea2ea74f
torus.out0.03226.h5	5a3a65ca3a7a7ec56c49b7fbdbe7f042
torus.out0.03227.h5	eda0ab5a64547e32747d23206631d392
torus.out0.03228.h5	1bead16aa8844a8a6d6c1eb36b692667
torus.out0.03229.h5	812d2a87dfeacd723dade6704b6956bb
torus.out0.03230.h5	84b61c201b6304b4f05bfb839339b47c
torus.out0.03231.h5	e8204781de5daeecedada51279b301cf
torus.out0.03232.h5	84d4f1ebb45a4619a687cc2bc4ea7d76
torus.out0.03233.h5	f1745dede2b0706063885f5e4d9db0d5
torus.out0.03234.h5	ba70e4a9ee13a677dc19a6e11d18d4c4
torus.out0.03235.h5	8a14e93cd82b4822e0cdf9cc03f69e3c
torus.out0.03236.h5	6fd90a8c7b69f7cb554ed78838474dfb
torus.out0.03237.h5	ca710ee4438e4ce6b25ac1e0e62e423f
torus.out0.03238.h5	d0c62837076bb7ce7dde8a2602eba1d6
torus.out0.03239.h5	8909d98aa67454d83957014382537be5
torus.out0.03240.h5	845420a37c35c698afb028f3395dff8b
torus.out0.03241.h5	386243554a65d43627847c4d60c83748
torus.out0.03242.h5	6644b40afdbd52a1e19060f4aef5c271
torus.out0.03243.h5	a91204da73aa77057d8584e19d809b1b
torus.out0.03244.h5	248501c74c8a9fcb327156058e3eb342
torus.out0.03245.h5	16150784f63598db6788cb8af4e3352b
torus.out0.03246.h5	3e529c37983c1cf173fe76c14b7864b4
torus.out0.03247.h5	afc8c1c13e0eaeb5960cb4fe798fad83
torus.out0.03248.h5	b7f87d3be442be344ebe85c96c1fdb48
torus.out0.03249.h5	d978a7beb8f41b0e1763c9ddba20bf4e
torus.out0.03250.h5	93c39c0f86703a8cc275524957dbb5f8
torus.out0.03251.h5	0277697099420df5a3c9a65e8e32da99
torus.out0.03252.h5	3cd20b15172e87060decaf5ae6a04532
torus.out0.03253.h5	b27fcf13bf461d0d3b89ec4e4ec7b3b1
torus.out0.03254.h5	0b82a6c25279cd5f598826fd666bebca
torus.out0.03255.h5	dd3ac7a8c779b52646cee42635eb79d5
torus.out0.03256.h5	ec99ebc8c83fc4de7cf5d6ecf02b5b74
torus.out0.03257.h5	cb38069e63078b8ae412262bc8f5761d
torus.out0.03258.h5	451a81e618872f58a6377255839671f0
torus.out0.03259.h5	5cc9b32917dea9246215de8730914f96
torus.out0.03260.h5	4c44cb2b7174b5839b29621f7f20fde8
torus.out0.03261.h5	24d14f73edb2fa00200836e24174b499
torus.out0.03262.h5	02f720685317666078e33b643474a5ac
torus.out0.03263.h5	a4bddd66fb0766805adef96f787e3662
torus.out0.03264.h5	1ab7da255e17dc3970180cf557e72072
torus.out0.03265.h5	b65d3acfbe1ec8552d8b061bb3f16049
torus.out0.03266.h5	dd1d8c072d3e5cabd0713bd0f0cd6a81
torus.out0.03267.h5	83043b2e7c2272ceb37af98754475cec
torus.out0.03268.h5	b589699e98b9f344b76fb06799202e97
torus.out0.03269.h5	ce0797f313fb22af3eab10db2f1e9984
torus.out0.03270.h5	ab6b3ab54584d251080e2143f501f722
torus.out0.03271.h5	7c78b8a8e19431360c37e711e4bb848b
torus.out0.03272.h5	9bfdc60dba0167449be9ef1f38a1c419
torus.out0.03273.h5	dc9ee9ecbfcd31407b93b4a29ac444af
torus.out0.03274.h5	5f84dab2d8527b125070b35e186646b7
torus.out0.03275.h5	73d5c8effb6c86915cad61b2fcef0594
torus.out0.03276.h5	8257bda1d4f84ec61a3d964e3a5668e7
torus.out0.03277.h5	5c365ec25c4fb185e91ff987ff152eca
torus.out0.03278.h5	715bf695e7456241fd4b002724df7bf7
torus.out0.03279.h5	42e9a7692e480767323a71e0566533e9
torus.out0.03280.h5	cdb44fbdcbc6cca9f1251bb10b822e08
torus.out0.03281.h5	3b270303679111a2e8a1185c18f3e349
torus.out0.03282.h5	7ca3828f55fb3e2c857bbf981b8e53b7
torus.out0.03283.h5	0a9d589ae6b53a4dea79937c7cb8a8d3
torus.out0.03284.h5	1d7a93256ca2c543563087d1e5205996
torus.out0.03285.h5	7019cb6bb14cfc1ee66bd07ecfe3649f
torus.out0.03286.h5	b4057d3a1b014f5a60c035582a315559
torus.out0.03287.h5	9cd811221adc85866aae3994c588a73f
torus.out0.03288.h5	740fff67d427018c226f042168c43639
torus.out0.03289.h5	9baa052d57829f5779ca8535e2ff3d6f
torus.out0.03290.h5	9b242218bed6805f0364132712535cbe
torus.out0.03291.h5	9636b535e69047c102e4b561acb86514
torus.out0.03292.h5	0f37023cca5577c01ef515d429e20369
torus.out0.03293.h5	d4e586391ca30f9ab67639214164733a
torus.out0.03294.h5	dc86ac16d1eb1a70df706f1ad213ef37
torus.out0.03295.h5	fcd8092561b3487534ff428988aab929
torus.out0.03296.h5	c65121bf4cefa4fd07f16f815d557cce
torus.out0.03297.h5	617851dd04e87503721afa14e50ff1ef
torus.out0.03298.h5	6d564f5fe1c1a5c50ada6ae0b8d37654
torus.out0.03299.h5	088c1dc58d5a8f0da87895cc1f465b57
torus.out0.03300.h5	9ba76abf914f2020b6ca6df269417efa
torus.out0.03301.h5	09945d6f586e3cf6544af5c18a5606b1
torus.out0.03302.h5	4ad3539fda0867683d32dd9a74c03981
torus.out0.03303.h5	3ed9763e0d24d70fa412b8ce0bd09262
torus.out0.03304.h5	3fcd953d0f3ba3a8a2beb62ccabc5e4d
torus.out0.03305.h5	01d6209a1e15fd2a75bf8827a5f3309c
torus.out0.03306.h5	fcb931fcb616e6148c67163a768a6781
torus.out0.03307.h5	191618f7730408bf72e6a6dbf168c372
torus.out0.03308.h5	9c9f4745c52cff12b3ef5b9c8a1a0dd5
torus.out0.03309.h5	aa667ab962373563e1ce450047ebf2ae
torus.out0.03310.h5	dccefe228b43d8f6a5a37a5581724c3a
torus.out0.03311.h5	e69fe8faf9504fdc7c1091307619a949
torus.out0.03312.h5	0413ab119cba3db8a1a3a9a0c1ec5299
torus.out0.03313.h5	4328df4904cc04d66a66e93a172fb7fc
torus.out0.03314.h5	0b94a757a9bec443907d1df6858839f3
torus.out0.03315.h5	9aa0c7015e30368488ed966d28138956
torus.out0.03316.h5	46fab903e71c7e1792e4fef718697976
torus.out0.03317.h5	f44cf57de4882ade74aa1dbc38424f67
torus.out0.03318.h5	fa3549cb233a08f2ee4a2f1c54d1046b
torus.out0.03319.h5	68ee6f993418ff433000d18fb5658e32
torus.out0.03320.h5	95a1342d2dcd2d619dc38e8cb3baf66c
torus.out0.03321.h5	81c193b7581abc8ac53e766fa4f1f7fa
torus.out0.03322.h5	4719c4c84f7ec62f95f0f1d05d316c8f
torus.out0.03323.h5	16a7cbc9462b5b5c53eba0d19e639497
torus.out0.03324.h5	b387064d96c2325e45a4431752377827
torus.out0.03325.h5	d5a5bc729c7950d55cd7c9eaea5e1d90
torus.out0.03326.h5	582b2c90e071753dc60ce9cb05364a07
torus.out0.03327.h5	1204c0e42d23898c2d473981209cec17
torus.out0.03328.h5	403af54547e480eb486383bbe90fd5db
torus.out0.03329.h5	2743a8d925df68ff109bdf7a2a185c16
torus.out0.03330.h5	a0c1dcc80f854695969a39f463f6474f
torus.out0.03331.h5	a04f83c375d606212484907a09299c50
torus.out0.03332.h5	ba23c3d96871bd8c5d2df7b3efa4bb2a
torus.out0.03333.h5	a5de8ec7cbe64c1c7369fe04c934e660
torus.out0.03334.h5	34926eb492364e9bc2d788ae6234d674
torus.out0.03335.h5	ca86be2abb14a90661081bc2af95dabb
torus.out0.03336.h5	6c85dbd69b5203a7855db29a040a06dd
torus.out0.03337.h5	db322db24b196b08ddc49accd99bb781
torus.out0.03338.h5	8f23285532989cd78a594fcfde766521
torus.out0.03339.h5	10f8acc537ca4184e3549af20399e7d9
torus.out0.03340.h5	2725a637ad9bfee27cc8d85cc102c2b3
torus.out0.03341.h5	e31c64e40afa991a87cd3194f03a6392
torus.out0.03342.h5	0084493266240f99f9d43bfcf8adbcd7
torus.out0.03343.h5	bc5bdf9e476f296f189cc2e27c70f084
torus.out0.03344.h5	eacc1577f7f5516a2113288715fd33dc
torus.out0.03345.h5	6d7e0ebf6755f0939a5570d9aeb37538
torus.out0.03346.h5	6c3618543954c17be0539aa04f85afa5
torus.out0.03347.h5	644acda4cf1c5eb839e79667bc812a3d
torus.out0.03348.h5	093222de801721bc2337901dec993c6c
torus.out0.03349.h5	d52f519da4c42c5690b7270a8ec5ec89
torus.out0.03350.h5	418f6637f27a58a042b1844ffb26c207
torus.out0.03351.h5	31e5b74c2876ca523ecdfc4710a19d34
torus.out0.03352.h5	cafca75ad4aff1e0d65caf760bd55eae
torus.out0.03353.h5	f09c1a99497fa4234fe44ae7dc4fcd62
torus.out0.03354.h5	546dff450f8bcf86ba77153452386f5c
torus.out0.03355.h5	856bc2ace7ff8aded1719de3e7034614
torus.out0.03356.h5	135f945c3cf952f9f9519ae1e75499e3
torus.out0.03357.h5	8cd6d95c1f6d58dc7876a68db42566a3
torus.out0.03358.h5	42488eb6c6d92eb261db1eb97671d569
torus.out0.03359.h5	290d5ac54692ec48723ac6539cea2387
torus.out0.03360.h5	127e6da819de4a0a88fa783543038193
torus.out0.03361.h5	df1ce705bd47b3de2faa967c00419e21
torus.out0.03362.h5	c3ab294bce6b49769b463249ff612b0a
torus.out0.03363.h5	5f690d0c4a3ef34d8cb00820c56042eb
torus.out0.03364.h5	297f371bef45039a67288b76f0cae6f5
torus.out0.03365.h5	078451385ae63bba79af7aa0091e3ef2
torus.out0.03366.h5	e21a4129a12487c3252fcab0c9ea8246
torus.out0.03367.h5	e849ed73153ee71d626062b4757c55a9
torus.out0.03368.h5	b0044c33e42f6f8a05a04a30168ad6ed
torus.out0.03369.h5	91af3fe0de0c629e6bf865dcf17d1611
torus.out0.03370.h5	404511441954ff83c82ebf7572cb53f4
torus.out0.03371.h5	d365961dc68ee41970a3d443234c1c8f
torus.out0.03372.h5	6155b740277ae89b133f6f8942876b9c
torus.out0.03373.h5	0995b3043a6395ad51c4b5b623449e7f
torus.out0.03374.h5	e727b1c82786e17eb04b1966fba26984
torus.out0.03375.h5	9810790b7d73d9e29809a0f44b3acd95
torus.out0.03376.h5	4ce91e5120c8090b31bdcdc7995ea38b
torus.out0.03377.h5	acb10846e5bb4b1440d57ca3b9516b3d
torus.out0.03378.h5	4d3a1beb6e78da62feef1c6784e7ac80
torus.out0.03379.h5	b10c6663ecb930228daa651be21a1c8d
torus.out0.03380.h5	b297f4b650bd0b74ec4508e2d11e0d83
torus.out0.03381.h5	609201c0aa6ecc9a29a0358e7b26543b
torus.out0.03382.h5	e2ff8b8226a998bc551e46316b1bc9ed
torus.out0.03383.h5	12be2c4f8334759b09bb33e82789e986
torus.out0.03384.h5	06f7048249f6e1ccef23e407f3ba3382
torus.out0.03385.h5	7f6a3ea8c422083eb80624c5a053301c
torus.out0.03386.h5	2b4f8ecd54c582b29388aafb52b5229c
torus.out0.03387.h5	65abaf288d594a40e2ddce02302bfadf
torus.out0.03388.h5	ba52049ad239415909e8f90cde0f2534
torus.out0.03389.h5	5f59732a15d5a27b6a009ac203b41780
torus.out0.03390.h5	a5ee35d2a2d328c709fd0e185b7f2357
torus.out0.03391.h5	26364c288e20bb090542a7e8462763e4
torus.out0.03392.h5	e4948b5457312dcbf9f46f5ba210551b
torus.out0.03393.h5	33fdfb9dacef1d7533e118b44f6906a4
torus.out0.03394.h5	8edf51b67ba66e9d6cc2d61a446a3dbe
torus.out0.03395.h5	3bee15308758e969bf553ecaff3af15b
torus.out0.03396.h5	e6d5f28157f8a3d7975edf7f35e36895
torus.out0.03397.h5	bdf1fc311eef2f540037ba84ff11710e
torus.out0.03398.h5	a8466db56682a3b0755290d83cc4501c
torus.out0.03399.h5	13cca31267633b82f4eca481c5d8aadb
torus.out0.03400.h5	303fd66ac7dd22396691a4abbe986eea
torus.out0.03401.h5	7a95bff03318d66d9da83f8389f34469
torus.out0.03402.h5	a0ab32912d089c007d1c466ce985bb4e
torus.out0.03403.h5	382e3e08f5659e306082e514499f0e10
torus.out0.03404.h5	fe7ad023a6e3386d5f42bc6c89618317
torus.out0.03405.h5	e7bc912d1261b05e4a57ed593978b0af
torus.out0.03406.h5	f68dd68800f96a313c95095a10619043
torus.out0.03407.h5	e28670b6e61a8ea57f2d7ec90e0517d2
torus.out0.03408.h5	e1983ca051f7a144d4fdd533bbbfccd7
torus.out0.03409.h5	cc21594094cf4d5cce2dafafedf5720d
torus.out0.03410.h5	f8b5059363028af77115f8673f3e8b5f
torus.out0.03411.h5	3fa478522964af120947a146ea38754b
torus.out0.03412.h5	2e8afbda0c15329caf524a182a61b4d7
torus.out0.03413.h5	61e11ec5c6dc32d8e8a9f0e73f3b7349
torus.out0.03414.h5	f31f9b0050620d0d745ca31ebcb4b3fd
torus.out0.03415.h5	1f17f3e24dad92e9daffedf6ec680ad9
torus.out0.03416.h5	d354f8a063ded358b2455e58ba289965
torus.out0.03417.h5	525bc3034b9b0e9910d75b3e42ebb5c7
torus.out0.03418.h5	eef2c5b440d70d36ac829e38f5eb1b38
torus.out0.03419.h5	fd7640f92d2b065fe47a757acb64f873
torus.out0.03420.h5	98e610e53cda2b0de1ccc75526978505
torus.out0.03421.h5	0fa34c99c456f1dfc9110c2e107b8d93
torus.out0.03422.h5	73f8e2695ee8f093ad80260f3465524b
torus.out0.03423.h5	0170d7fc8bfc5bece262243e256ba439
torus.out0.03424.h5	8748b09c4a2af40e445cdbe64015e951
torus.out0.03425.h5	8aadb7cd72e11c0626d1f35ebbb4358e
torus.out0.03426.h5	0239ce31d613d27cb4ec47903138b7cf
torus.out0.03427.h5	5336800afb6ce79608d21541d3ee582c
torus.out0.03428.h5	0a417183658f551ff2ad1453a7f5e11f
torus.out0.03429.h5	54d95e88362be6f642fc979c7a7b3487
torus.out0.03430.h5	ead70fb7fc76cec4e88431f1e3dcade1
torus.out0.03431.h5	570819d4c8905d95847797d3eb444e2e
torus.out0.03432.h5	a3355f654015d28c905165a904220030
torus.out0.03433.h5	de4149048879d99d8c0174e09137c49d
torus.out0.03434.h5	3f724a47b234c07648412ed7bd230b50
torus.out0.03435.h5	7e0a2764baa7433403f7c3b471df24be
torus.out0.03436.h5	6c1105a376e82ec812b4e676ca9d02f6
torus.out0.03437.h5	24002d7869d4ce573b387074edee9007
torus.out0.03438.h5	2b5520591082ace73c5fef9d7066a008
torus.out0.03439.h5	d36dae513efe3ad01d7b151d6dd1c762
torus.out0.03440.h5	4f642648885ea8e86f50d4f0b2802243
torus.out0.03441.h5	6b2d9a8b7d2e566ebb250d8af1f49a53
torus.out0.03442.h5	3e053c5cab517894f2f471ff09c8422b
torus.out0.03443.h5	8315c5836bcd08bc28339f20116f9311
torus.out0.03444.h5	da64c6a3d4472e9f6bf2951632e44655
torus.out0.03445.h5	6486b3ed10557546de0b861c1e3d21e5
torus.out0.03446.h5	c40843ce4e8c3362d8fbb8695e98c60d
torus.out0.03447.h5	d6fa51604a9a7b02ea7e3d4b798f887e
torus.out0.03448.h5	11b556f58c1ad6c87614387c907566a7
torus.out0.03449.h5	40279ff7f8ad14ea4288366eb38651da
torus.out0.03450.h5	894897914af106e8837acc0b6ccd012f
torus.out0.03451.h5	184cb52fd95ae9c615782738b014923c
torus.out0.03452.h5	4c25a45f03784c5f99c8ca82436b466a
torus.out0.03453.h5	53ae236ebb643365c2c27fe2124e0a3e
torus.out0.03454.h5	d8de64f153e7610a32da7657c4af62b4
torus.out0.03455.h5	3f0c7483aacef3377e56f2adc4163127
torus.out0.03456.h5	73a6486965833f6d034249a3ec8c252e
torus.out0.03457.h5	a87ccfd7e0b593224aac8b944e0d3a0f
torus.out0.03458.h5	fedb1b4812891168750b007ec68c441c
torus.out0.03459.h5	f4ad77304daa467d8a9c9d869fa42479
torus.out0.03460.h5	5d280d51dac50a599f043ee1b843d0bb
torus.out0.03461.h5	46fd6a94928138203de8d23ec9c5208f
torus.out0.03462.h5	75e03444f88a260fd88fdd70f1cdb57c
torus.out0.03463.h5	27fc9dcc1a7bdd86c19663f1fcbd7c99
torus.out0.03464.h5	eab1b79174fbe5045766c748a7c92d93
torus.out0.03465.h5	de01a0becdcf4224c68387366b05b52e
torus.out0.03466.h5	b1953ab0b7977d7d0d5628f748e7e623
torus.out0.03467.h5	2ee92ba7cb74c5c134f7ac1025c74e45
torus.out0.03468.h5	302e7b1b7e3e927c2566fc35fc6d9970
torus.out0.03469.h5	b862416aa3f015ed8d2a9cae5c5bebb5
torus.out0.03470.h5	9811ac43e6b315cbc9b1e4388ce703ca
torus.out0.03471.h5	f8fe25e8ed58411fcaa240c0ab94a1fe
torus.out0.03472.h5	0786520b3b37bdf7305980489735d9e7
torus.out0.03473.h5	841872fd75ca96c24c84b8f9e7adb937
torus.out0.03474.h5	5f08c5949a0cd092b5fba04ab0392da3
torus.out0.03475.h5	de9657d321ed2291ec68763a13214f7a
torus.out0.03476.h5	0f5978dab772de80aaf3023bf3064524
torus.out0.03477.h5	ad8c40df0431e1bd5063546cd31e7230
torus.out0.03478.h5	62af7d020e7a8ec558daf501413b5ea7
torus.out0.03479.h5	cf507bb8c27b7d848f37604c60c81b1a
torus.out0.03480.h5	583436a3c82bb6567204d8b0031d8870
torus.out0.03481.h5	7cfe91ef814cef88187555bf532bc40f
torus.out0.03482.h5	ebe7d410223db8febff56687a8410225
torus.out0.03483.h5	8ab3356d0bdc647d732188e75ca77850
torus.out0.03484.h5	81e8ac67fca5f5391f1ac35bb1c9819e
torus.out0.03485.h5	8a53e83bd6d5dffb7ce7caffcbda5c88
torus.out0.03486.h5	73111fe9f18e65401f86e278416db5bd
torus.out0.03487.h5	e985c2be4928ddca148bbd881cf65cf8
torus.out0.03488.h5	d92eb2dacb417431eb701c0e08a4f87f
torus.out0.03489.h5	a4cfd92cc4c1b1dd24eabda30115ef93
torus.out0.03490.h5	187997a2685fc5cb4519be1e337d5e77
torus.out0.03491.h5	e257530765c52d0898d073123330c638
torus.out0.03492.h5	938ed7bca1859d6b21e006ed5a7e025b
torus.out0.03493.h5	de64f6057a4c446239b83efe10794a16
torus.out0.03494.h5	7044cecd7f7d52232a8d89a6ba4a9985
torus.out0.03495.h5	01d125006151445cc446f0fe3de3952c
torus.out0.03496.h5	0f9219881e00b3ce68e0586701e925f5
torus.out0.03497.h5	d125f50af4a65408e1cc10e80c6bdc51
torus.out0.03498.h5	2938c8719fae6e4b8c37b779fb0e8f6e
torus.out0.03499.h5	d47d4137b08abd963d75d49c817669bf
torus.out0.03500.h5	0755fa0d429a9aced1e35663060ae800
torus.out0.03501.h5	f3485e493f3e0b63c557529d0079ae67
torus.out0.03502.h5	35e6104373b89ff9bd29dd26496d3e73
torus.out0.03503.h5	487a665054c10d6546263d7bfe5dfb06
torus.out0.03504.h5	73026df2909c040527511fca3390cd12
torus.out0.03505.h5	0d88bbe370d2f78d673c32b1e69d240f
torus.out0.03506.h5	a09b52d3cd66851235287e6776da51b0
torus.out0.03507.h5	727f0374010b922603ef02e88d3aaa58
torus.out0.03508.h5	2c26b86c2f66b0aa07f571fcd7596574
torus.out0.03509.h5	0703d1003c32698a35eb2dc8644db349
torus.out0.03510.h5	850fc4c853952c9d20fd593feaeb0cd9
torus.out0.03511.h5	d66e1d0edbf85c3212d111aa800f3059
torus.out0.03512.h5	790143f967cd4019dd20bc68cf026141
torus.out0.03513.h5	e30d47e5c483b7ef00afb6e6961aaa0f
torus.out0.03514.h5	42968e752e31fd15ced41e7bbf5c869c
torus.out0.03515.h5	e2d36e2b65d4bf388d47b12626af2da3
torus.out0.03516.h5	1da5c065cc944901173c1bfaa5620869
torus.out0.03517.h5	436b3ed990d6a5f64919e4f1c89d8eed
torus.out0.03518.h5	dd5806fb2389a2ce8ea7b22b31fedfc4
torus.out0.03519.h5	26c3c5ba95d0b0e004778e1d52085d44
torus.out0.03520.h5	4255d6884d8170fa4bdd8306285986e8
torus.out0.03521.h5	0876dd5ffc6ea9921eb22be3bf6dbf87
torus.out0.03522.h5	cf07e0e2d689054034dccaa0d6efbe24
torus.out0.03523.h5	4c6c389b5819b71f69099313847fb270
torus.out0.03524.h5	a8fe8e72a99d1bd7f9327de99debd09e
torus.out0.03525.h5	60e945e2f488c892e2e9f0dbbead4c93
torus.out0.03526.h5	1010f19effdd73892873517c7e2c382e
torus.out0.03527.h5	45a1e96a91abba92561b281ba23d3ff7
torus.out0.03528.h5	ef42608ec5b3a6518b81e14ca3220c2a
torus.out0.03529.h5	cbdf90648e1325635addc892c021f5be
torus.out0.03530.h5	40603a64ffde4f8a5ffff8e99fbc5994
torus.out0.03531.h5	f637eb63a0c62fe689ab18bda8d08d95
torus.out0.03532.h5	e20177f28a4552eba17aaeb09aa4cf3b
torus.out0.03533.h5	4205c3b2aff4122f608b1499b103915f
torus.out0.03534.h5	666ec104bfb3bc24d9ebb0f1e96441d8
torus.out0.03535.h5	681c04a04b120442ea78c50d4da3246a
torus.out0.03536.h5	8f046b483b5256662d1d5dffac16d0da
torus.out0.03537.h5	7a35812ea08978875a1bf26cefc45777
torus.out0.03538.h5	6c84ae45abcec8b1c53e79fee82c3168
torus.out0.03539.h5	44732c9b2a4cefb02186b7252be954b8
torus.out0.03540.h5	0d3d56c25ba6242bb75f51dc620c18c9
torus.out0.03541.h5	773a45419122d28c6b9d67ced7d9095a
torus.out0.03542.h5	8d2ecff482efaf297cc6d3801d67a446
torus.out0.03543.h5	e3f29ac787a65dd3b061c0a3eb843a39
torus.out0.03544.h5	3ebca636bfa6f8823210c3f8b85537d0
torus.out0.03545.h5	17cb0da1383dfbb07f595f4c35fba381
torus.out0.03546.h5	ebb5a585228edef613334d7d4f5d3aeb
torus.out0.03547.h5	724f620be75da3675da5725c0c982e0a
torus.out0.03548.h5	99784150f586f4664b99e67caca9c5fa
torus.out0.03549.h5	f3446061caae82b0d52b5efa3853b857
torus.out0.03550.h5	938ae5dd1ea1cb07a3206e3cbb332ff1
torus.out0.03551.h5	88eac632e602e6c0feb92a9be2eb5803
torus.out0.03552.h5	0dc2fd3e5f987d16e0661603ed06627a
torus.out0.03553.h5	d8557aa4c08b98dc55eeab4fd5e5cda1
torus.out0.03554.h5	257c8fb9b1dad4bcd31d5b40aa91b571
torus.out0.03555.h5	e464fc89ec2a66b579776817b891eb65
torus.out0.03556.h5	623b0c5e1e259c3f6dad4afba22c5b0c
torus.out0.03557.h5	4217d4d57d5e88d861b96d2d57f0a585
torus.out0.03558.h5	c95c129e1b2e67d68331b8b1afb5e06f
torus.out0.03559.h5	f608819c9bf4d1f9f73afc0227d1e559
torus.out0.03560.h5	4b4eb14942a57e72c9767a12ef9e9773
torus.out0.03561.h5	09289e83a1dd33224e826c707b4e3e92
torus.out0.03562.h5	95ca572adf62b42c1d2cdb3d41f56748
torus.out0.03563.h5	7a9be1167165528ef77de133490806ac
torus.out0.03564.h5	01c07f7343be6797fd893b4ee222e9c7
torus.out0.03565.h5	f6b34f1d637d037a3cc99cbe812e5554
torus.out0.03566.h5	f1d823231655a7a9d99d025db7f5203c
torus.out0.03567.h5	f1ebdf3dd65533f22fd6e41152de1b2f
torus.out0.03568.h5	60212aad517de7decbe314e467d05354
torus.out0.03569.h5	b2b0b941ddec8d28fa5c59a9b7cf57f2
torus.out0.03570.h5	488ea5e93e6baba37d8149a623cdf073
torus.out0.03571.h5	995894936b7e8bc2b3244465a64bf241
torus.out0.03572.h5	bdf4e73ad92b095cdcd60cbb149227b1
torus.out0.03573.h5	1af6e075ddf901d7e6b1ad0507f189ba
torus.out0.03574.h5	81451541c0b876de8447e90e19ee1fd0
torus.out0.03575.h5	ab2b37f7865d228c4bf876ce34e48c20
torus.out0.03576.h5	453daefbae9cc24b7bbbd4a137bf0dd5
torus.out0.03577.h5	1a5e16edff12be1e69e7c56e547c65b2
torus.out0.03578.h5	ef208372dba21955d7824640082f2608
torus.out0.03579.h5	c7b73e7af01850938aaee7f3e4ff5c80
torus.out0.03580.h5	95ddf5000b28fd44cca4999306538635
torus.out0.03581.h5	917f11a6db5d078a1669fb2fa15bf401
torus.out0.03582.h5	fb6adb36f548a702b72fd2eb4ffa5462
torus.out0.03583.h5	f02529700b4bd7e913527650c6e87c04
torus.out0.03584.h5	3daf9d720c7a7316ebd026204747762c
torus.out0.03585.h5	379ebcf7ef750c0a65427baeddd759df
torus.out0.03586.h5	a483a73c0a750197f909481e63d40918
torus.out0.03587.h5	19e71b6a3bd561aa4bb48fa2ccc4903d
torus.out0.03588.h5	187d756df54630a61fb33b25d9cdbb36
torus.out0.03589.h5	e0257ecdb4ce93688448453bdea27551
torus.out0.03590.h5	acf47652038175312afda9c57be942a1
torus.out0.03591.h5	9347d75b87879206d065283c1fe9b9bf
torus.out0.03592.h5	990ea42ae9a3b7b73b2d749922f2ffcb
torus.out0.03593.h5	3f35ff4376b30f7af8b4fa2874bbb315
torus.out0.03594.h5	18ce6562638990b0bb3840f094369803
torus.out0.03595.h5	9079a1a39f615ac3bb3af63a63f34005
torus.out0.03596.h5	54c475a6e5dde7ec1dfbbb420e02c80d
torus.out0.03597.h5	25315b6ecbee136ca39aba83ecd0dfe6
torus.out0.03598.h5	218c42d969ceba874bf2c09c6564ce97
torus.out0.03599.h5	3d5dd9140f92344caf610e7054a59855
torus.out0.03600.h5	02ab7378b27bb4f3880cf9aa01a3ee37
torus.out0.03601.h5	6a96b7aedc4642d248ec7592125512c9
torus.out0.03602.h5	c67bb10f944f31e7274a2230b070f942
torus.out0.03603.h5	b4ab12c6c6179a9a0b78c9472d53284c
torus.out0.03604.h5	3600ddf339e31a2eaf91101eb9d7f3c1
torus.out0.03605.h5	d4121321882ca30e0f652ee72542e954
torus.out0.03606.h5	b2b437d7965f43e18caa537b2dc1147b
torus.out0.03607.h5	daad0603ccf3376c499b0948038cd0fd
torus.out0.03608.h5	7435f3a1bf939e98c63538ee39e0c4f0
torus.out0.03609.h5	347b434872f0e5f0dec038c72a1c3c47
torus.out0.03610.h5	e236cded67a5806e01bd5480c9002a4b
torus.out0.03611.h5	ed289aa59e896267063a06ed505b91e0
torus.out0.03612.h5	7cbdc3daaf35ce8a5f2bb05a946c15a3
torus.out0.03613.h5	0d3596d555997aa0fb70a0cf857ea98c
torus.out0.03614.h5	e9aba9e2f8134e5601896230ce1e8843
torus.out0.03615.h5	ddc094c23b5249ce78b8e61f6288a7db
torus.out0.03616.h5	e7f234a13c2e40534878ebee6001660f
torus.out0.03617.h5	dc083c012a4ba3bd25dfd0f91b903db2
torus.out0.03618.h5	0c32d5af8b55688b43c3f9ffd1c5e330
torus.out0.03619.h5	b8a31ce948319997bf1f32a30ccb881e
torus.out0.03620.h5	a58afde48f14ea89b0d88d11af658339
torus.out0.03621.h5	6a8295a3db0ae067c9f74e7a462edab1
torus.out0.03622.h5	2a2d0cd8e38468a02c3c13695d4772e8
torus.out0.03623.h5	0aa1a9d33f8beab546617706b2d4f905
torus.out0.03624.h5	1f688fe3ef5b4d7065f40de0ba4ad745
torus.out0.03625.h5	d8a1ba4257c5d0f98bfd8612fb9d7f59
torus.out0.03626.h5	81e246264f481d4b500c9adb4e755396
torus.out0.03627.h5	f0674d2a0cb9aaac4260cb5d51c89b3c
torus.out0.03628.h5	c8bd978ba275fadb8bc4974891fdee1d
torus.out0.03629.h5	9bfc99f6540bdb1c5016159af56dd4b1
torus.out0.03630.h5	69acbd19ed66611cac8658882186f55e
torus.out0.03631.h5	fd4d7586ee551dff699206f628683c95
torus.out0.03632.h5	4103823917b77bb193d7c3aeaba81999
torus.out0.03633.h5	ec4b07ae068d2b3722b4c87984f4679f
torus.out0.03634.h5	9a5efcc27dba8d43111873be48898427
torus.out0.03635.h5	5d1993141a1d971b4b9f97a08504db5d
torus.out0.03636.h5	2318f1110f46fd6cbc8b6a18229b3093
torus.out0.03637.h5	f4e588ccc34e8c30e0b920b113500a6a
torus.out0.03638.h5	386931c96194b890500772ea50a1636b
torus.out0.03639.h5	b0a05895a0209a60e80e233361b7a414
torus.out0.03640.h5	e8be971470d1bdc5f2a307dacc7f9cc9
torus.out0.03641.h5	767efdd04a06ad4d7399461e8166ea33
torus.out0.03642.h5	9bce10e1949ec491d6bb0da8c97710ee
torus.out0.03643.h5	afe26af3ee25f47f6fa91ee7caa4da17
torus.out0.03644.h5	5e775ff7b424fbbacdf68bca3c966261
torus.out0.03645.h5	2700cf2fb5c3940636db9e4ab865a525
torus.out0.03646.h5	7c1b561ed84a9f0060351ab6db269364
torus.out0.03647.h5	7cd956ede04d729bfdfecd2dcc32596f
torus.out0.03648.h5	6595cbfc0a1293fce15d2c41e33f1081
torus.out0.03649.h5	be88ae7c2d296c4487b3a622ef1a5732
torus.out0.03650.h5	f107e939d0c0299c7d26ca116660cbd2
torus.out0.03651.h5	939772066a23c052b2695d326709c2c2
torus.out0.03652.h5	ab87da67bfcb78228276dca20f56e8d8
torus.out0.03653.h5	1ce8a0d362d175951b5f1a57dd6177df
torus.out0.03654.h5	6177a436c8b94bf9238ec2fe9f9bd2ed
torus.out0.03655.h5	d54f1f8cde2e069fb3dd5304892795ee
torus.out0.03656.h5	316ae245501feeb48d3dd294477ae56c
torus.out0.03657.h5	6a876c90e4346ba4c16c47224271d685
torus.out0.03658.h5	34a1ce41bfb551da9d98740f99ce3110
torus.out0.03659.h5	e2159b46a39498b4effdd227c0afd4dc
torus.out0.03660.h5	00b15c5da0033362d60fa9217c46e2d8
torus.out0.03661.h5	731be4e68c4214976507b5cb6403ecbf
torus.out0.03662.h5	826ea84a25638a5f0955eaa0563549b7
torus.out0.03663.h5	c37fe5f070f2060da9a8d10a1d271d59
torus.out0.03664.h5	908f17f39290889c17e62edd61069d99
torus.out0.03665.h5	0e5228bdac2174192df89acdecdb9761
torus.out0.03666.h5	47a7dd366ea075e844a9a169ceb83a2c
torus.out0.03667.h5	9c1ef512d7f6c80f6f45832dbed28c51
torus.out0.03668.h5	3b82b2d30727fda33d9c4cac3769a9f4
torus.out0.03669.h5	2b29ea73f544203461a09c6d8a4041cc
torus.out0.03670.h5	659783b683b43933bab0df4bffe8f7d1
torus.out0.03671.h5	b048c6b1780ff3889fc8743c1d49d297
torus.out0.03672.h5	2170c5463ca6bddda04fb83e41caa834
torus.out0.03673.h5	47e75cc698354b988bf3ea626b337620
torus.out0.03674.h5	048576c84273b9fb020b03662baf35a0
torus.out0.03675.h5	ec7c90a54ab16f479341a373ad2126ce
torus.out0.03676.h5	c55e6a523f18ab928213122336b0d7a5
torus.out0.03677.h5	e0367db5d5f2d07a99aad1651702f651
torus.out0.03678.h5	b492dd0ae8d34c250ff741575c64917d
torus.out0.03679.h5	9e6f0cb3b4b45ebdd7a4fcb359e93ad7
torus.out0.03680.h5	951d3a604b48ec3398d25b001ee1291a
torus.out0.03681.h5	23d3c954b16e27e4d15df6bba9b50c19
torus.out0.03682.h5	43b380c723d34ea04390861f71cba8fd
torus.out0.03683.h5	3529ea91970143bade079a114a6f5725
torus.out0.03684.h5	a6b19f670d91f46ac36a47bcb4f82eb4
torus.out0.03685.h5	5df3140f0a68abc01edd73a7124981ec
torus.out0.03686.h5	68c2dfa82fd4a908b7f34cf2ee35cf02
torus.out0.03687.h5	f255dd6a0b89073e1e460c1f8f8fe569
torus.out0.03688.h5	63dfda8fed7f067bda6b3dcd9b4f1915
torus.out0.03689.h5	12dfcdca84c2afd87b032fa8dc68ce75
torus.out0.03690.h5	72c011783760226d98cce305bc2723e4
torus.out0.03691.h5	e23af9f096d883e30459663cc78da09a
torus.out0.03692.h5	f7df55c86f1c70970415260bd2254ee4
torus.out0.03693.h5	a0f18e425386ed89f8d7d1ff8f4d458e
torus.out0.03694.h5	fce1ce6b1b0e07c8143aa1bb6fe6eeb1
torus.out0.03695.h5	27e797ca9ca21e9821b1781553fb12d6
torus.out0.03696.h5	082ee51bacef3b52ae384744a0cfb4ea
torus.out0.03697.h5	047692434ddbc5705dc1a5e24a480f4f
torus.out0.03698.h5	7d086df7aaef9964ba4ffb9aef8f447b
torus.out0.03699.h5	f4b3fdfbd9f27c7310bd84cd093930ae
torus.out0.03700.h5	64fe8304b3688bb10aae60b4bff0077c
torus.out0.03701.h5	81969aa35879c7e94e649f3d0fb9915e
torus.out0.03702.h5	516651d8d2947dec224c5ab5f5e65069
torus.out0.03703.h5	1732b170cb75969a6a158d2d5f833ae0
torus.out0.03704.h5	184082f9028b90067c13a65190dd1e2b
torus.out0.03705.h5	abd0dd83169b02cfa8a20394284ef02a
torus.out0.03706.h5	04910e1b0c369e548f65b4539dcaa101
torus.out0.03707.h5	52965cc8dfd36424fb0f6aa7f147f76b
torus.out0.03708.h5	eb4af23c9ec5b086056fbae5c8e14e32
torus.out0.03709.h5	2b4d5af1d6b2c6605745334c2daf98f3
torus.out0.03710.h5	336a043bc2dbd8438fce3e2c9f9888b9
torus.out0.03711.h5	9e94a8da99c46466a2af8a74fe1dd9e0
torus.out0.03712.h5	948bd05de9b2851adb33c1c688f9ce69
torus.out0.03713.h5	d3068f7bbfbeb0bc5f54f74eada831c0
torus.out0.03714.h5	e767430c53d30021dc6d124a226a8c19
torus.out0.03715.h5	94bf67ce2ca78769c366d552986c9596
torus.out0.03716.h5	1eb70dbfb612aaa10af0cb007b252570
torus.out0.03717.h5	6c959560133cf978e38bd0073edbfcc9
torus.out0.03718.h5	1921f1bd21be83a9c75331383eab4515
torus.out0.03719.h5	f8408db4db524ad52224296899aec167
torus.out0.03720.h5	2619674bfae67a0c192192a6b6a5e340
torus.out0.03721.h5	2901dc5f41610f62268708de59687583
torus.out0.03722.h5	947cb168d5639acc45c76d321274378a
torus.out0.03723.h5	7eb9e541c569f8114f52b211e8b91926
torus.out0.03724.h5	2c7e91a9fde7027de817889453dd6533
torus.out0.03725.h5	d1f1902f55817661dd21b9506a809744
torus.out0.03726.h5	059f2d10f4f380b752b48eca7394b9fa
torus.out0.03727.h5	ac8803b97e0ebde451299ce9f830146e
torus.out0.03728.h5	22c7e71edbf62b8020d68b920fe1686f
torus.out0.03729.h5	2186986dd052f56f51a42562963e468e
torus.out0.03730.h5	263319bd9f473059dd0fa007489de74d
torus.out0.03731.h5	683d9a594b64a0f48e2f798d3979bff0
torus.out0.03732.h5	f854cdede9e5a259ca530823b6db7f65
torus.out0.03733.h5	804b3e272ba1871d9eecab6fb7b118e0
torus.out0.03734.h5	bdd2fef7464154546829ecf4891dcbb4
torus.out0.03735.h5	c3001f43621f7b2cd494b05a12c01806
torus.out0.03736.h5	18b13059887363bef8233d6e3f170e83
torus.out0.03737.h5	0a8dbf3f7a76b7682740c1af8a588c07
torus.out0.03738.h5	c6f87c486ad5730e5d7470e2fce9852b
torus.out0.03739.h5	dbabf8d187dc3f5e94f18102d5f52554
torus.out0.03740.h5	10d16a3c84138d8355374716d74a2dec
torus.out0.03741.h5	d45933ab911231286ea1e4dbb509453b
torus.out0.03742.h5	76b16e66de62c8ee9bb92585d744856b
torus.out0.03743.h5	e4e6811336d738f9cea3f28365134cd0
torus.out0.03744.h5	e12b545349c4a2b774d454f56d2edb68
torus.out0.03745.h5	7c5446cd46f7f1db9f2bbd8ebc1dbb27
torus.out0.03746.h5	1a890dd36ee6c729ef2aac3e7250a4e3
torus.out0.03747.h5	c4753d0924ef4e6ce7e962f260e32a17
torus.out0.03748.h5	8d4631d0d0b5799cacd5bf2abd3019c5
torus.out0.03749.h5	6c71ad24f5a053ba5aac8b24f22d74d1
torus.out0.03750.h5	10d695700f70dc84af1a6e96b1391207
torus.out0.03751.h5	240e723133903af7c7e3b3d40d059b93
torus.out0.03752.h5	089454c510c189b30fd74ba01cd1997f
torus.out0.03753.h5	13f171686e0ca9caddf9592ae90f8dbe
torus.out0.03754.h5	49c7bd394582bf4aef7c2df9735e29cd
torus.out0.03755.h5	ab92d1aaf2c34bb57d820d04202ab1af
torus.out0.03756.h5	1de0caaf32cf5b81c4c5e6a8f83ce222
torus.out0.03757.h5	ea7305e5b9d33e346eb777f273113c3b
torus.out0.03758.h5	75f4423d279560011c85a385525bac9b
torus.out0.03759.h5	53d2d5c06aa4d1bea5df8a399c607640
torus.out0.03760.h5	6f0b8daaf6b86e9a2450a8c52213861b
torus.out0.03761.h5	85302412021bb63223af47116fc120ef
torus.out0.03762.h5	d5e7e21ac6a21c65b602d32f8203e0b3
torus.out0.03763.h5	c1c266a2f0a2f08fc19db2ac3a02d958
torus.out0.03764.h5	bd5f22690e235d375796c1509adf1f6f
torus.out0.03765.h5	50ce29d14f7f3d786e35af671f2676d9
torus.out0.03766.h5	d4d42b4f4047fbb52ba6a05e6bf9895b
torus.out0.03767.h5	373a7fb28ae161964056f172d8cbdf5a
torus.out0.03768.h5	391ab1a7d801abc44b817f96832c1cba
torus.out0.03769.h5	9b733e4fb47ef54fd0d40d7b20aac93e
torus.out0.03770.h5	7ce87c772fdf0c9a0d616d4c645ab02e
torus.out0.03771.h5	9aa0f39818b9312b5dc6e699a7842fd3
torus.out0.03772.h5	41999c8fcf6e03822abc7a6449aedf82
torus.out0.03773.h5	3876ec9331c831668e8dd56a59f33b6f
torus.out0.03774.h5	d63158c8c8bfdbcf8d969d3b63e53ed5
torus.out0.03775.h5	cfb732336a97927cbd33621bac1630bd
torus.out0.03776.h5	fc9e9b31c1e5398cb4d43371e74592bf
torus.out0.03777.h5	b3a43b74f1be167638222aba795fe392
torus.out0.03778.h5	dcc86d6d1b468e4d23a95b92087a2126
torus.out0.03779.h5	ecec7ef1445bfce2464e1abd10df56b7
torus.out0.03780.h5	fceb2fa7278a20fa887235ef50b495b6
torus.out0.03781.h5	ce0ec1562d7198ddf67d0eb99967ab11
torus.out0.03782.h5	a6266c7069ff783e11781f11bbaee89f
torus.out0.03783.h5	5e6d6e84e91c5d614c41d1f7e8f10f64
torus.out0.03784.h5	0be63955df10eb72cdee15b61793ec1d
torus.out0.03785.h5	734888890dd4a559da2432b5b011067d
torus.out0.03786.h5	9290a09a10fa54b7b50ef7af585ecbb0
torus.out0.03787.h5	afd7f6a671d33d714cc0d06474cef09b
torus.out0.03788.h5	b2c4705b424542fc64565ad88230482b
torus.out0.03789.h5	3b8903de1df72dbfd5b571401f6f42df
torus.out0.03790.h5	e9052edf2bd0f95aaefd5ad8b1dd30b9
torus.out0.03791.h5	ef02df13c6728f8684274528abcf3579
torus.out0.03792.h5	8629420e5e54af16e694cf8f562b6227
torus.out0.03793.h5	29e40b438e5050899eeea4104c5dcb69
torus.out0.03794.h5	ca97d469e9cbb256546feb655cec1158
torus.out0.03795.h5	ce3cd69e5000f24a7a821ac128883692
torus.out0.03796.h5	f9ff1d28881214e2df964a59ffc3111b
torus.out0.03797.h5	6031d83cd5564a712862e957b79166e4
torus.out0.03798.h5	099b637b55e50b7279016beaf36a4fef
torus.out0.03799.h5	4e21b669c096a49db71f8793eb4fa908
torus.out0.03800.h5	1c4a742d790bb073334f60814693a9b2
torus.out0.03801.h5	1031624fdb1fec3af15d6ab2ccb2855b
torus.out0.03802.h5	97943c74e1371abb4228ec58be34b9eb
torus.out0.03803.h5	f14a697d05ed39427b2e9ef0c2d88093
torus.out0.03804.h5	a7068bd6ed14d2f3f3c269ee7270fe97
torus.out0.03805.h5	b5eca58992e5d5fc2803784ff956608e
torus.out0.03806.h5	685d3fc5b3997f9b36468419ff0ecbd7
torus.out0.03807.h5	08840d3d44f87368df03751f7e8890ae
torus.out0.03808.h5	7333e3ff1b5b82d71f01a5791235156b
torus.out0.03809.h5	e3d3de16054a2b634e10a3f4ea17f12d
torus.out0.03810.h5	64d1773be0d697df29b064cbe80c9efc
torus.out0.03811.h5	44b76254a6d247892279634089025a76
torus.out0.03812.h5	673849c40a5fe9da73e9394cc10e8aaf
torus.out0.03813.h5	3ddedce2922eb5a4c23a84567b6584b8
torus.out0.03814.h5	d9ada2260dedd8844b4755e97495cf61
torus.out0.03815.h5	7457bb734ca915c489f08b41bc034b0a
torus.out0.03816.h5	d3d03713c3336cfad361c2b72879150d
torus.out0.03817.h5	c7de6b00408c37145cd85d841068ebdb
torus.out0.03818.h5	55b99f20fac94256e0842fd9cb776009
torus.out0.03819.h5	e27fec1cca6d64c950a66bcc85b7da00
torus.out0.03820.h5	28c4071b2bd5dee832af20111abf3480
torus.out0.03821.h5	45bb0408f71f392bfa378af2e58f0372
torus.out0.03822.h5	f6d03867128d1b2c231dec1ec5de0cb7
torus.out0.03823.h5	2b67282ae35af513521fae8c168c56c2
torus.out0.03824.h5	25b0350d808e9ff3bc30ca8b61fc464d
torus.out0.03825.h5	0b183f77894374a48ec5b2c6ae7cc89d
torus.out0.03826.h5	00fdc7aa8a64647abcfc0efb56b5aaf4
torus.out0.03827.h5	aa3be5d177363196b50b645823a432e6
torus.out0.03828.h5	66a1a83046eb11e847b5ce213165c5c5
torus.out0.03829.h5	53eca26991ef8882d82b95c8539e3bf7
torus.out0.03830.h5	17d4a6bd5353bb649dd6609391ffea92
torus.out0.03831.h5	cd39a6b300f012996633e77d141d1ebd
torus.out0.03832.h5	5123c695827d3530226f2dfadf1b3c95
torus.out0.03833.h5	76eab363e9bbf398bdf1d1510d41a97e
torus.out0.03834.h5	18999cd09bced0f3e80976ae62ffce6e
torus.out0.03835.h5	0c5ef1b1051c50b43552153c2c25eb6b
torus.out0.03836.h5	4539dd22b5a61044f9f457158aab3af3
torus.out0.03837.h5	0c153d41bfd43e9d0b3b1d74fc712ec1
torus.out0.03838.h5	1c427be65de958428dfabb2777c3e599
torus.out0.03839.h5	844f63745647bd13f4a27dfa91b6e455
torus.out0.03840.h5	ee411f02ebb907c2a0144838127900a6
torus.out0.03841.h5	423a2ac38c13fa863568ff3ca467ab33
torus.out0.03842.h5	7710b90b51ecf0a667e0052186284cd8
torus.out0.03843.h5	979b3ab1ad8659e2d3e78801442ae7c4
torus.out0.03844.h5	a5fcc68bbe59dd4af7e5d61f42b6f8d1
torus.out0.03845.h5	1c859785d9f277b214476b45e5f4e9dc
torus.out0.03846.h5	e26f6059702afac94a5a7962ccd658d9
torus.out0.03847.h5	eafb97db1af96cc86706a2539d7ee613
torus.out0.03848.h5	8fb9317336d8801f3382daf87d3b3df0
torus.out0.03849.h5	4081927c2ef7b764c193b1dc86d5cb49
torus.out0.03850.h5	8a6eea7051dc566d1b16eb7363ffee49
torus.out0.03851.h5	2671da25e65719f95a98f51fb065dddd
torus.out0.03852.h5	be7ba934bfa7125f3f5ca9eac3ba925f
torus.out0.03853.h5	3dcdcde4dccab5f4332f857ebca92b9e
torus.out0.03854.h5	5425851c9b59f62b202826a769c8c745
torus.out0.03855.h5	31ca5f40c8ad7aac7256880881c3701f
torus.out0.03856.h5	7e4274e9b4b043fbe093bea2d494bb4f
torus.out0.03857.h5	be5ef3ac2acf3c3093184c2a9c08ac74
torus.out0.03858.h5	c6474bbff96e54ae7e784185325dccfb
torus.out0.03859.h5	52a706b1e52df5cc2c05e3757a59e9ad
torus.out0.03860.h5	4656473222ebfc147cb9eef69a9b6f74
torus.out0.03861.h5	94f661a5e957e6deccd1dccee879d86a
torus.out0.03862.h5	fde376d789bdf6e0b975bec4c52ce0b5
torus.out0.03863.h5	245c7eb6c877f1ef199d7bb51a58e0a5
torus.out0.03864.h5	55979dc6dde6fe187b781bcacf129c38
torus.out0.03865.h5	44d8fd141f850b42657845917474bcb4
torus.out0.03866.h5	14027a7a65e1b0eac6fd968513af7ead
torus.out0.03867.h5	76ccbb105f1e30797c6589963e33e1c4
torus.out0.03868.h5	4ec9df8ee5066506bb3df479a141f4e9
torus.out0.03869.h5	6920a853e783149e4e4fb813938a2939
torus.out0.03870.h5	54226e298bd46620c8032cbb3b7fb987
torus.out0.03871.h5	eb7daf210ef16e13008f75bdbbdf2e64
torus.out0.03872.h5	8fbb72398b6b9f2d34f70d4be1e2c63b
torus.out0.03873.h5	57a044bddf2f1f1136285742b56a0b39
torus.out0.03874.h5	bd5a0ff67a597e2a864654d4b1c2e4d6
torus.out0.03875.h5	1354c276db32a8b888508ffb8e75a2b6
torus.out0.03876.h5	a517d4eeda2c48f41ee6bbaf4281e8d8
torus.out0.03877.h5	936976e5872ba9583ba37f224c34b33b
torus.out0.03878.h5	ddef18cd57f2a6e35fbed9b65af30522
torus.out0.03879.h5	726f95b3eed82203895218a9c2206d72
torus.out0.03880.h5	b96fd05e7662c8d103cafbd10927bfc3
torus.out0.03881.h5	7aedecdcba5a023fec6fff3a660c1a65
torus.out0.03882.h5	2028eec93570dea8ddb5cfdf62e6bcf9
torus.out0.03883.h5	8b504f9b5782f2b6e1180018f13b3c2b
torus.out0.03884.h5	c5dacfb5c8af6f33c686284a65b10909
torus.out0.03885.h5	b9e30e812503d3e9706fdca37ef27d4d
torus.out0.03886.h5	f82f57ff06ce2ed57632733bfef85302
torus.out0.03887.h5	473e835d993b3c2802254ee689b4dabf
torus.out0.03888.h5	241e00dba2d0e15fd8e1b849b1ab6a1b
torus.out0.03889.h5	2d81d04fa11caa6816d77b97549be595
torus.out0.03890.h5	8f6a43cab4cfae14741b4b6b3a07b6dc
torus.out0.03891.h5	7135bef5c8ea7b88057fa864b00629e9
torus.out0.03892.h5	3bf4ba36203542154da38dd09a7a2849
torus.out0.03893.h5	d242faeef9f60aa1bd280485d2e85623
torus.out0.03894.h5	819c0a0b271938b721bb7de74fde1eaf
torus.out0.03895.h5	04a248741edd3545b00bfe0531110f24
torus.out0.03896.h5	0bf7476372161d78121d0598e88d1e68
torus.out0.03897.h5	4cbdbb7db69ed3187f4335737260839e
torus.out0.03898.h5	9f9e3679992612063a0ee6d1263af572
torus.out0.03899.h5	fc2fcdd88d681d1b28c4b86b2dd5b9a5
torus.out0.03900.h5	eeedc619659bc73b3027b7dd9c1ea4d0
torus.out0.03901.h5	8ffd8b7c21536b6d42e1b87267ef0d6d
torus.out0.03902.h5	3c4494521e89350a61d580198819e627
torus.out0.03903.h5	9d30779df04fd2534400f3ec0e6ab5ae
torus.out0.03904.h5	02c1898250c1f7c8fd20e44572d160de
torus.out0.03905.h5	ecc7929955dc4fa55cb8cc6049a2e3ce
torus.out0.03906.h5	b6c72e30b3c72169b9aa7cd2367980a9
torus.out0.03907.h5	1f74c3eac5c4419d657f35846f05612f
torus.out0.03908.h5	eefa6427c7f8ebee72bbcd785923f730
torus.out0.03909.h5	4d297fdb5f231e915430caba34bd4175
torus.out0.03910.h5	ff8c5a9338b10ae960b94dfec1a3570e
torus.out0.03911.h5	be3233c8fe15cfb561198e82360df5e5
torus.out0.03912.h5	33c38ff993a7d828174eefa738ab8ef1
torus.out0.03913.h5	dceb8be99f7ccec5a41f4c5810f4ccd7
torus.out0.03914.h5	51f81f2c986306b544357aecb2c94dbc
torus.out0.03915.h5	9593f7422d344e3326339aab5b2f914b
torus.out0.03916.h5	84874c5573d68c3ee8e859d13a46848f
torus.out0.03917.h5	48a5c790b6f94d55a7b85183f613c4d4
torus.out0.03918.h5	a35302c916ba4dba73874f561d552ef3
torus.out0.03919.h5	6852087b0059bfd42afb522532c30054
torus.out0.03920.h5	dd13c23c3d6d7922acf57925365f00c4
torus.out0.03921.h5	58ff7ebbe482e101de40746cd882bd25
torus.out0.03922.h5	e720cffdaa194ce0c96065354764f49b
torus.out0.03923.h5	fd9e1695cf296c51d4224bca6716e9f9
torus.out0.03924.h5	8c34f08c2e0150513a22c9ac714ef1bb
torus.out0.03925.h5	de3f8eaa88b04522c6479eb837fec7b2
torus.out0.03926.h5	931b97d0542dfad5cd083f09623f7727
torus.out0.03927.h5	b54aeeca129d2c47257f1dd1b7a99171
torus.out0.03928.h5	d1602516c0415b8a0746b69876d35c7d
torus.out0.03929.h5	9d023c8219187e745b08505f06da1cb0
torus.out0.03930.h5	fc9c032d7e719837b9088a05abd66e5b
torus.out0.03931.h5	a5e1106e487c0e67c7082c3f7c9cb92b
torus.out0.03932.h5	2b92be6e1ec13033e582fe3920f3d144
torus.out0.03933.h5	e5e2bcaab380a52622c9f1b6acc17b3e
torus.out0.03934.h5	651958d84e89fa2ac3dc7914095ddd3a
torus.out0.03935.h5	09ff8ed0556e368f49c021aab4e19aa9
torus.out0.03936.h5	c553dd1dab4baab8e0f8922218a77019
torus.out0.03937.h5	6b9db5883cb5ab8dd0f6c5aa8617f9f4
torus.out0.03938.h5	c58c7e8b1470ae4389b7225beeb8eb8c
torus.out0.03939.h5	f5f2a7f50c03a8349314856adf1dc6a3
torus.out0.03940.h5	d03345245360cbe49020188725b849fa
torus.out0.03941.h5	5640d53d2c953d95356e66461e1cdb14
torus.out0.03942.h5	4952fe20743038ce576dbfcd0e8ab352
torus.out0.03943.h5	fe60db11f5b574ad47db33a061793bbe
torus.out0.03944.h5	39ac1d5404894c2a3090ece7e96a9a8b
torus.out0.03945.h5	8b8edba75eb15baa411886091a0e5e76
torus.out0.03946.h5	292faf51991d6f1f6474bd8b9e86336c
torus.out0.03947.h5	369917fce25bf68f78e9bf5c159856ce
torus.out0.03948.h5	890f9b38c85aa05d487af124cc5d6a54
torus.out0.03949.h5	ed65875df7b8765c5d4bc38a88d53aac
torus.out0.03950.h5	f9f71228eb15d78c9a20ca6cabb6f454
torus.out0.03951.h5	336c82628bbfc214390dbdc88ce8fdf1
torus.out0.03952.h5	96c08e7eb8b1a64acee1e60525715a4c
torus.out0.03953.h5	25b503216f4bbc2736654cb542b0320d
torus.out0.03954.h5	905eb15cdc57d31c58e85b5a8b759d70
torus.out0.03955.h5	6fa2871e056a15f4ecd3da858569436f
torus.out0.03956.h5	14fa63c4b93ec20a8d9ee966f190637a
torus.out0.03957.h5	34ca5a2ffe89177b103045b65a5a92b1
torus.out0.03958.h5	4c8290d59642ed6183311834c5347149
torus.out0.03959.h5	b38c30a19a497b964a7056638ed4eda3
torus.out0.03960.h5	8315a11634ba7d7c87ee48635b445b81
torus.out0.03961.h5	aa8a4e64a7bc3804c1f6cfb7b6983658
torus.out0.03962.h5	2ccd6f4562c52b8036342dab45d56928
torus.out0.03963.h5	aae767efeda02fc5e9414ea8fdfca061
torus.out0.03964.h5	8782c92d735348b748a8c6d5db457e5b
torus.out0.03965.h5	4de829b8beb0f776112ae017d994f6f2
torus.out0.03966.h5	f10c143d5c95a87c9040b6ca94d13d5f
torus.out0.03967.h5	b3d2a04b24a5b76dcb905618bfdac0db
torus.out0.03968.h5	d47af3a6ac853e752dc07077ebeb2296
torus.out0.03969.h5	6d83126fc71fdb8424370b462ef79f3c
torus.out0.03970.h5	da8fa8e73d8738404fc711c46e7a80f9
torus.out0.03971.h5	fce03a0302374a91097e2103e978842a
torus.out0.03972.h5	8bdc46f7d6864ea072726ddde6d3b289
torus.out0.03973.h5	63770e77ce2a6f874673872303292b6c
torus.out0.03974.h5	3436e5e0c3f2df87ad5d37dc05493fcf
torus.out0.03975.h5	53aa107008bf5d9ec4e7538b6245d7ed
torus.out0.03976.h5	d3f4fd7676349fb269e568e7c9b72a74
torus.out0.03977.h5	44208b3e2a362050a8a08cbe1bb7999a
torus.out0.03978.h5	f5ad61e2f4c004bb5a4910243d83f7bf
torus.out0.03979.h5	4f845178cfad2f0c67542dd5f67350dc
torus.out0.03980.h5	020a6adff45c2abf0716818c8a0ab742
torus.out0.03981.h5	76c93ea26d20558bc060ac15d6becf5a
torus.out0.03982.h5	16e253d73f6e22e361d71f53063970ca
torus.out0.03983.h5	43a01a180bd9c7cdcfaf041090398997
torus.out0.03984.h5	9166546f7c1f4f03e3c3e8e21e1e4610
torus.out0.03985.h5	cf46d7b254dc637c4d1e6c03ad34c9a1
torus.out0.03986.h5	67f4c0fdd42c62fe65690e5d5c4e3bc1
torus.out0.03987.h5	af252f4e31508a702e0625ea9a2e7756
torus.out0.03988.h5	e2467a22e47ced00666158a0ff206dac
torus.out0.03989.h5	afa1bfaf22c8e43349b50efb71b771fc
torus.out0.03990.h5	f1c97492a375d77bec205ef8a1994875
torus.out0.03991.h5	4e41165883e76c97f001a65a09464218
torus.out0.03992.h5	e33ca84fe4828805d05e4c7da2d8ee32
torus.out0.03993.h5	b2b90fed655722163add02b490f2ab15
torus.out0.03994.h5	0461dfe39527673d7c2739a89d6b024c
torus.out0.03995.h5	157aa48b07eacd30fed340d610636d52
torus.out0.03996.h5	5fce82d53b0cd083ff9e5c8f25bc04bf
torus.out0.03997.h5	58aed89a6148e29e03d0436179f32df3
torus.out0.03998.h5	282cd0d272bdecd57fcd2437e632e003
torus.out0.03999.h5	08ed38c0d1d6a1c17d98f1c40f8497e5
