torus.out0.03000.h5	3bf3fa7f1fcd9124cc66377eda452484
torus.out0.03001.h5	6375726902977325cf79b2b6f4d757e5
torus.out0.03002.h5	e910306588a0ef255fb2c6d6e29b0472
torus.out0.03003.h5	ad157026602e13f27cce6e5553ab2a4e
torus.out0.03004.h5	fea92cedda8895f38fb6dfce8ab09610
torus.out0.03005.h5	f88102ffff4ea7f32f7b3b8b160eb12f
torus.out0.03006.h5	61a81b450b920cfc0957483adee78ad1
torus.out0.03007.h5	a986c5cdd897afbf4106d7c6ada16579
torus.out0.03008.h5	f2ecb2df46a4c22128ad7abf7a72be1c
torus.out0.03009.h5	640fefbdd49cf72b1b22fe3c64f5bd4c
torus.out0.03010.h5	d157608f8f34df1713e3fee391eb67ff
torus.out0.03011.h5	5d5186afb6a9892cc2b5248c136a2fa2
torus.out0.03012.h5	d6dfb83e7f3e89e19f9442d00ea01f4d
torus.out0.03013.h5	81ef13b741bf7d2335e2ebcea92c744d
torus.out0.03014.h5	35677893da5d7e21692519da15d9157f
torus.out0.03015.h5	e1e2fd00c0814bead8375a0dd03b2b11
torus.out0.03016.h5	b2c69344144f59e7126be372d8521387
torus.out0.03017.h5	04945422bd81f71b1061c8b3ad74ea50
torus.out0.03018.h5	760718a98e5c27c10b978e019f51c1a3
torus.out0.03019.h5	a640b335c266af252d7e896b0140cd71
torus.out0.03020.h5	de6fb8ec492860189bd383b43f9f5e1f
torus.out0.03021.h5	5c2e4163242deba1e31bc68d6648cded
torus.out0.03022.h5	7e93f26a75a1e0cd8a9268c342e8326a
torus.out0.03023.h5	6ac21b35aa3ab810bdc7112bf05f08b7
torus.out0.03024.h5	3d74616d3bd51c70982d9864c2f21d53
torus.out0.03025.h5	369d747591d2585b0591f73c4a7d5224
torus.out0.03026.h5	e0a330ac5aff23161ae3716c6ad4bac3
torus.out0.03027.h5	068a4eb08d310be61114c7739cffe85f
torus.out0.03028.h5	a68c45c29aa63476ac37d4db4a76d785
torus.out0.03029.h5	c4619d523dc6bfbdc899b82988779e22
torus.out0.03030.h5	5e1d2c4256145dcd49b30b36f439ee4f
torus.out0.03031.h5	1a8bb247d12cce5237444788e95cb187
torus.out0.03032.h5	840a7420c332ffc71b59538bcb450554
torus.out0.03033.h5	3cdf933d7bdad7597ff5c7251a22eb0d
torus.out0.03034.h5	19ef0f626bfe43cab88415b768ce5f88
torus.out0.03035.h5	cbfe34e207659ad5fb2a693fe0be0aa9
torus.out0.03036.h5	6497cec6c8af994301bd38092ad91dde
torus.out0.03037.h5	846d42e6d9a72dea4232a90fd437b53b
torus.out0.03038.h5	0d6f2699ee75337f8b9af3ce5088c4c7
torus.out0.03039.h5	5e58fdfd7ffe26e37be946a91a7275a9
torus.out0.03040.h5	5dcbe1e2065e722f632f7fa2a90e2d03
torus.out0.03041.h5	3af7557a5dd92f9e84a71589d2747618
torus.out0.03042.h5	36a4a75dc17030db1190b9d2adae1eef
torus.out0.03043.h5	8157aa3c17eab701e16a927fe26d7fa2
torus.out0.03044.h5	8e6e31628d9004e4cdfb151b550b9d8d
torus.out0.03045.h5	ea7028b27fc138b2e71e38203180ea05
torus.out0.03046.h5	cc4d1e8afd0c1d24c9d5ba17e0367e74
torus.out0.03047.h5	4bf53a3f0faecd3180681aa32c4bd64d
torus.out0.03048.h5	c3c79c8abda6a695c58d56ce8b0598cd
torus.out0.03049.h5	c6302940f26505bbe3b60ba38af1e541
torus.out0.03050.h5	d7cf609a6ba471f4ffbfffbcae9bf31b
torus.out0.03051.h5	89defc700d70916ab3e6133852bdc6f5
torus.out0.03052.h5	15e8b5784c0267a9427b09e4872a86c9
torus.out0.03053.h5	74f54e7f20b511e3ad5e17f5837a56f3
torus.out0.03054.h5	a455a262e999782346ff1ee6ce21b525
torus.out0.03055.h5	e0815bb6b11680c2632775d35fbde076
torus.out0.03056.h5	51e7cdc109d411cb94a2e25b4d252840
torus.out0.03057.h5	eee6e2251bb175814a64a98641688ce5
torus.out0.03058.h5	fd8c9dd1962c584c5e5fa5e6516455e6
torus.out0.03059.h5	7e7e3962b52e17412079cb1fd4f593d4
torus.out0.03060.h5	8292ea02f4798fa45e54e48e1372175b
torus.out0.03061.h5	7c602ec06d17aa94fd52c15f71882be4
torus.out0.03062.h5	d21d95b61601d6b08a4b1a162c0467cb
torus.out0.03063.h5	a0f653be8af09e6bb0fedfa731e82909
torus.out0.03064.h5	477f67c3ea969bb692cbcb95d5ebcb54
torus.out0.03065.h5	6fee4c20f59525912559b3e0c49caec5
torus.out0.03066.h5	6c8b49c27fa89e7ac7b759f03dda6ceb
torus.out0.03067.h5	e64725becf2ec00077f2fd7c279f0974
torus.out0.03068.h5	9086489cd99ab8a1319ffb7d95e7e0ff
torus.out0.03069.h5	3045217f5352442b4c317d4669e3a88d
torus.out0.03070.h5	24b537d13d9a41e36a420d36f164c438
torus.out0.03071.h5	3f16a21df7feb7928f1d1d3f96bde0ea
torus.out0.03072.h5	e9d5090730cedd7bc19780267d1017ed
torus.out0.03073.h5	d357bd3e88b16bc3f3f9a392e8a9e829
torus.out0.03074.h5	e3354b7539506fcfc60e7fa20bf7f418
torus.out0.03075.h5	afdcbba4e1dbfd002d1827724fa675d7
torus.out0.03076.h5	ce3074b2adf28d8b91dbdeaf54b80af1
torus.out0.03077.h5	ce731106edc9a8e580e90fe322b050a5
torus.out0.03078.h5	422461e9493bd53d91a0c0f8e8ca888b
torus.out0.03079.h5	e259997b84f23e79f14ad66cdef24b6c
torus.out0.03080.h5	3f418d0445d6ed11477a2154ea7798a0
torus.out0.03081.h5	4de76fdc99f9478b29e78e9265d2c896
torus.out0.03082.h5	cf969f35e94aaa797147266f90c624cb
torus.out0.03083.h5	2ed687c16cfedeab8847467fc5bd8046
torus.out0.03084.h5	3952daca517bf9825ebecaf6ffa0ea92
torus.out0.03085.h5	718d1a3315609103bd7018256f2a0472
torus.out0.03086.h5	85054d3521bd584c854973d92e274223
torus.out0.03087.h5	9a628b12c36b9927e60ef5b821d3abf8
torus.out0.03088.h5	dfadff68cc5672786e1a3de1db8510d0
torus.out0.03089.h5	547af91fcdbe7970dec5c768ccc62d11
torus.out0.03090.h5	ea2282076433638b864efff907bb35ca
torus.out0.03091.h5	98c3fe7dd2ea9bf35eb2244c45ec19d1
torus.out0.03092.h5	f1474a5d8b59f3f3d37143df138cf6d7
torus.out0.03093.h5	9fb66bf93d76144f15f0193ed8d3fd27
torus.out0.03094.h5	b58a968b57d09458533323e585269d94
torus.out0.03095.h5	1d17c00df823e75bcdc5f0d390dc5a64
torus.out0.03096.h5	b12cddfc60decb252eebd068c213c581
torus.out0.03097.h5	54acfaa662a5d8f65ba934e6f81032ad
torus.out0.03098.h5	0f387d95ace8286ec5f4ae583533c827
torus.out0.03099.h5	339201af1db188e7ff7490f04995b79b
torus.out0.03100.h5	d2bec52eec1cfa6822ca58112df61385
torus.out0.03101.h5	663575989a437c70e2b0e71f0b4ff7da
torus.out0.03102.h5	1ccdaea224efddcdb2b84f537ce884e2
torus.out0.03103.h5	6322412982796157c50c0d1275dc8dad
torus.out0.03104.h5	a630e90bdd9f36d0649229d60cd7acd5
torus.out0.03105.h5	68209575eda05f7876869891473fafbb
torus.out0.03106.h5	202427b4b4ba7a37158bd2e29d98bee2
torus.out0.03107.h5	964b1c175b4547ed76c8bddd769b9317
torus.out0.03108.h5	a3ed753eb7dc592a10099a3920d9bbde
torus.out0.03109.h5	76b17651c8833c720619f7cecf35e203
torus.out0.03110.h5	6b92fa9de47aaf5a646c116dbbe86003
torus.out0.03111.h5	4da90d4817552ba732a6b2a64039c6eb
torus.out0.03112.h5	6417fab54318070ce7867bfc82eec4ef
torus.out0.03113.h5	4edd28984d2128f86092d733eb2baabb
torus.out0.03114.h5	c8070d112e2142fa7de5e36a8c216486
torus.out0.03115.h5	7e395d17f2fb3e5d1f0b2f2aff7b29fa
torus.out0.03116.h5	6636bff55ce87c083f6f0915d2631c22
torus.out0.03117.h5	0cacdaa087ee3c7d1fcccd8d0a8ddf64
torus.out0.03118.h5	de2baa2aacd5401cce3dbba20934b10f
torus.out0.03119.h5	f251deb7810254b60d3428e22d38aa67
torus.out0.03120.h5	109ac807f6876d43307877396bd88c6a
torus.out0.03121.h5	e05773ab847aa71878b26349248a9094
torus.out0.03122.h5	de0898f5b8d8e44cf6eec44c94926e55
torus.out0.03123.h5	4356aed9b4c2c4e885cfd36514b76c63
torus.out0.03124.h5	26729c012ec5f277afff144606bdb167
torus.out0.03125.h5	da7426e06de48c94f44ecc62930ed571
torus.out0.03126.h5	ce1d65fa5403de1f63d825a39b9b0507
torus.out0.03127.h5	65ed8d2596d5d7701530ab5b7551aa14
torus.out0.03128.h5	d980a78dbcd7d0b08e907fc037121e1c
torus.out0.03129.h5	1d9e2e87a20786a8a8c173d85b69ec6a
torus.out0.03130.h5	6fd51900386f8d96955fae4f5f1b55fe
torus.out0.03131.h5	8e08f09709dde6a3999f4a66ca256e41
torus.out0.03132.h5	f01f2a54f4d07489d1c5ff0350884898
torus.out0.03133.h5	edde0c42c3373e75a914359f112abf76
torus.out0.03134.h5	ab28a0ba8945924c17fcf1fdae6e7612
torus.out0.03135.h5	5b2b1883d612ccd8c2e1d255fd1ab79f
torus.out0.03136.h5	5c4804fd58dfd2c397bc0b745391998e
torus.out0.03137.h5	af9fd27db7ea8ffdbeb767cff323e7dd
torus.out0.03138.h5	ba7ce567eca3c6ccfe3f623f89c9a8c7
torus.out0.03139.h5	940124636d1a9626b925bb19aa0ddc09
torus.out0.03140.h5	74b7dc5a19e377e673e504aeae769cef
torus.out0.03141.h5	48c9084dd71b09c78bc03cd6e9d5edbb
torus.out0.03142.h5	72a29aa924ac9cac8982abe029d98a11
torus.out0.03143.h5	9e758edbec1ce25299c563ba6305ad7e
torus.out0.03144.h5	54058d316e034617677d82ded1e515b4
torus.out0.03145.h5	c44aeccd22e698f7747a46b7e62f51d3
torus.out0.03146.h5	f7371edce1c9e560ec0d672820c2bdda
torus.out0.03147.h5	17cb8a9775a9acd763e9b48086a074f8
torus.out0.03148.h5	4ed6a482861faf3d50883444cb49152d
torus.out0.03149.h5	339b7a75597ea763c9fe226478538563
torus.out0.03150.h5	f3c485371db79b3a2029a9307b8537d9
torus.out0.03151.h5	61b7174fa6e82c7135906c46d808d7cb
torus.out0.03152.h5	adc20457696422543b0d431fca7072f3
torus.out0.03153.h5	2415864a86b35c141cfe8aecfefb5271
torus.out0.03154.h5	8acc40a4f9ad806c0980cde73d53364c
torus.out0.03155.h5	ff1af4bb9a2fd7d928d848a5644b3a44
torus.out0.03156.h5	c57dc62507f5c958186387595bfb1a81
torus.out0.03157.h5	70a494a0e64d342f92de685048da45bc
torus.out0.03158.h5	686babc41b54cfa73c550c870fb8caf0
torus.out0.03159.h5	ff6943b7f085f07efea983ac4f382c03
torus.out0.03160.h5	246369baeedb7c656cb87f376a9dfe45
torus.out0.03161.h5	a3038a873b29389af212b55ccb7ec939
torus.out0.03162.h5	67fc85c255823f9bd4fb7e1a3e433d73
torus.out0.03163.h5	1ae90c2fc86803c69c9ea6d16d4107e4
torus.out0.03164.h5	e7d224b24a9c8654dca07176a5c477a0
torus.out0.03165.h5	e668929cbd7887123bab35a0d51f2c7a
torus.out0.03166.h5	5a33a5c420569f948d1a7a7e13b2b0e2
torus.out0.03167.h5	2719e563096af56dd34a3de6cea8a8f8
torus.out0.03168.h5	67e90743073c431860a23367bdb87978
torus.out0.03169.h5	00a2164d08c3e7cfa69212e61271900b
torus.out0.03170.h5	0f0f95296c779241c9dda7ae2a507deb
torus.out0.03171.h5	716195300d90015805ca2975455ca89c
torus.out0.03172.h5	d8097031f494c1b62302c1b1b9fc89af
torus.out0.03173.h5	21ca5a89edba7ba5f0863315dfb595e2
torus.out0.03174.h5	0e9b9c2de250bc8d9bb2b1193e9ba690
torus.out0.03175.h5	dee78ade3562d8865889743e98d669cc
torus.out0.03176.h5	ec0ad5c591ac6a49a1c4e49584c11081
torus.out0.03177.h5	bd229bc3df86023dd5df4192792fef1b
torus.out0.03178.h5	2d89e221b10174af133d920073a3dca5
torus.out0.03179.h5	b93e902832f9e95f01d8fab16c9d3c93
torus.out0.03180.h5	35c44d6110bd9fc17faa70c41a1d8a5e
torus.out0.03181.h5	0c45674e082b86f9248419a93517efeb
torus.out0.03182.h5	7ee79f6e07540413c758e03bf8dd9f69
torus.out0.03183.h5	281b662ca96056be715097e1966069ca
torus.out0.03184.h5	4cba1efc502236ba79815afbc7c4337e
torus.out0.03185.h5	c639c4d953380e097adeec35aec89c8f
torus.out0.03186.h5	2c8b9c98ad1c5d5098e380851723f10e
torus.out0.03187.h5	b1f049517f9368a9609815def2b17398
torus.out0.03188.h5	6712c61b64a9d0909417fe9a40fc4597
torus.out0.03189.h5	d89d3dacffe068bcb8744cf59cdfa676
torus.out0.03190.h5	44773c14e0383b8703858ea036a5eee1
torus.out0.03191.h5	5b629d4f2bbead2a804d88eff80597f7
torus.out0.03192.h5	cd4d2ed8251adc416c0078fb5b764408
torus.out0.03193.h5	5afe9e4e437f6d17650b53dbe5377e8d
torus.out0.03194.h5	aedb81a7cf8ffece5d6a42dadb9a9b8a
torus.out0.03195.h5	7b9a5ec142bbaf11eaf07b90ca7f776b
torus.out0.03196.h5	bf1a85a8ecdddcd9602e9118bfab747e
torus.out0.03197.h5	a0221df4eacfa9f5e1f276ecfc097656
torus.out0.03198.h5	a448aee95f82ce76a271d31e11bbd1d5
torus.out0.03199.h5	3ef3c0b643538330b164097330fa40be
torus.out0.03200.h5	b2b21cb1640714ff505804d2219ada9b
torus.out0.03201.h5	3b72dfc73b6928625a3a03e931753984
torus.out0.03202.h5	9e94a235650451c0f5d0032421a8266f
torus.out0.03203.h5	a5ae2ee07c1df0d123268ff33eb219da
torus.out0.03204.h5	c5278cb942d3a75c388a52b2a4b6f991
torus.out0.03205.h5	d420d329efc749258ece10cc976d4c65
torus.out0.03206.h5	a1014248bf6f011368760e31b1706a00
torus.out0.03207.h5	1d72ded88e8aec816c4c9a5b1b021eb2
torus.out0.03208.h5	d80939d4c4d49ac8bf7320a09143d73f
torus.out0.03209.h5	e6f7d25d73dc7427481d43b32adedace
torus.out0.03210.h5	8318920b6b33c08c5c92658db5d9e19e
torus.out0.03211.h5	6478c12b8497f445d2988e939e52e002
torus.out0.03212.h5	5705e8579033dad1f8ec47362ac0abb9
torus.out0.03213.h5	3ee076cf15754c0b56346fc5326f8a93
torus.out0.03214.h5	b2885a2c2b5d8eee22c08fa5f48e344b
torus.out0.03215.h5	3dc52f4c74267f5d6f60e64e491e1b84
torus.out0.03216.h5	c4036df448b690b8ec30416edc50e99d
torus.out0.03217.h5	f571d7380ccd259722085925a9600e28
torus.out0.03218.h5	bf2c6ab6d0cef6969c0c77b83cddb524
torus.out0.03219.h5	97febcfe91a738fbb0d514b205df84af
torus.out0.03220.h5	2f2574d5266690445db973c32a5bc299
torus.out0.03221.h5	be7ef9ff24252299f985520212669bbe
torus.out0.03222.h5	4b9122cb162a436d831a4345e2473c4c
torus.out0.03223.h5	80aa42c846a44c9c3a1a3b226a0dc527
torus.out0.03224.h5	b0d94cb976d2386d73ddc22a47b00d8e
torus.out0.03225.h5	6f04d393c090a9043d6394f102382789
torus.out0.03226.h5	c0923664a573e48967fad8ffe9ad10a2
torus.out0.03227.h5	3303bf659f89ea11537cbdda701a4dbd
torus.out0.03228.h5	3c148f4248afd2482375cd0c0ac17768
torus.out0.03229.h5	3660084edf7f78931a04250185167338
torus.out0.03230.h5	8bc576ad2eb96b477772fb1e546dfea9
torus.out0.03231.h5	30c442ca3610ed65e9e759ce8383afb7
torus.out0.03232.h5	6a9bc5d571d27bd1acbfd20af40df73a
torus.out0.03233.h5	d3ec76dd4ff6d330edae1b76b765ca1d
torus.out0.03234.h5	1c2becc42e10fe44ea5507408843d49a
torus.out0.03235.h5	a92ca0221104a8d23ae4ae8e95632dbf
torus.out0.03236.h5	b435fdbb0117697eb9c89f14996de866
torus.out0.03237.h5	90cd5d416b3865126b019ddbc733f1a6
torus.out0.03238.h5	58b030e39e1a941bfa91438c35f98ab5
torus.out0.03239.h5	7f92ce500c9b7c8640dccac455fbe852
torus.out0.03240.h5	d570f518c5e6a50cdc7169ce68159f05
torus.out0.03241.h5	bfacf003eff39b844e73a3029fe29618
torus.out0.03242.h5	3cf1f2ab3a0b461ecbcdf741dd012775
torus.out0.03243.h5	66efd88b693772ee226df514098e0a2b
torus.out0.03244.h5	112f5262312943c084e53c2d3e92d49d
torus.out0.03245.h5	962a26cd9639be2ed2d40b87b5d1e411
torus.out0.03246.h5	99503178b50b82135377dc08970fae51
torus.out0.03247.h5	ba15629c51a8d3ba03d1afb9c81abdee
torus.out0.03248.h5	e9f32702e013f86d4c2e08432d406e43
torus.out0.03249.h5	e15e78d580e06ddc4eb47cc078f68375
torus.out0.03250.h5	e7a277562233842da15d811df67defbf
torus.out0.03251.h5	3fc32bb4366f00e09c5766b4e2fe621c
torus.out0.03252.h5	1713a467dc31264a3fec32ad10cb6738
torus.out0.03253.h5	eddd10a12fd8fad3b55881e03217e418
torus.out0.03254.h5	66d1283752660ba46f5db36a3ee62118
torus.out0.03255.h5	bf7b24807b5bffe4285bfd98f36c680a
torus.out0.03256.h5	74c71d8d65ac5ac8c220a6030fb86cbd
torus.out0.03257.h5	912a323f71384a5b6856818aaec40724
torus.out0.03258.h5	e58119c617256acc4d8f35d7611c0937
torus.out0.03259.h5	f764abf536cb323521d79ecf0ebe05a8
torus.out0.03260.h5	dce716db516ed2ffc577654901da31b6
torus.out0.03261.h5	26a4ab5b205e7f90013612a22c255475
torus.out0.03262.h5	a294b1227fe7fa6d851258ccaa9ce2fe
torus.out0.03263.h5	844af6c83c409197cb4b6d41d3e7e2ce
torus.out0.03264.h5	249a463d977b087d846ee53751a7b9ca
torus.out0.03265.h5	74c220295edf0673bb03def323278ab3
torus.out0.03266.h5	ad3cb45505216c9d55d4914c435ed051
torus.out0.03267.h5	83a1f46e86f7c69bee07f29b9933a6e9
torus.out0.03268.h5	68e4c8d50f625d17feea930a118fbb17
torus.out0.03269.h5	72808b58b7ccc34fda6b167f3a0174eb
torus.out0.03270.h5	a3bad24850aae125443dc6ec7e784a8a
torus.out0.03271.h5	7e962191bf31534eab130772ecd931b7
torus.out0.03272.h5	7137922cd50848041e8bd317d7dc556e
torus.out0.03273.h5	065e8d80be71c92c65b00596553dabfb
torus.out0.03274.h5	8f2dc07c045993269a5d56719049b5a5
torus.out0.03275.h5	3dfa76142ab2b03df8ea9bcddb6f0d06
torus.out0.03276.h5	d1c6aa61a6bea8ccc50ce316275ba6d3
torus.out0.03277.h5	16c5c4f35f5d1d707847389dfb8e111a
torus.out0.03278.h5	775e595bf832c1412d7fe6f18bd39cae
torus.out0.03279.h5	826afd3648cafdf14ca22f936ec946d0
torus.out0.03280.h5	f54f44f05baf77c55ac2942b5022077a
torus.out0.03281.h5	be9dbb02f86e380410765b818f0ef6fc
torus.out0.03282.h5	eac0ddb2be1efadf5f49bd191aa5769f
torus.out0.03283.h5	a8bef9a91d5bb24f99c971620d9d6127
torus.out0.03284.h5	1f7934547c6572a29e6c8163be74c9b2
torus.out0.03285.h5	480c5ae6bb5e20f37210e7adfab25bb8
torus.out0.03286.h5	10f67eb06a21adb95013bb15c6783602
torus.out0.03287.h5	25e35d91b02a33b49ecd9fd01c3e02da
torus.out0.03288.h5	496765815b40911b59bc67b4bd00d9f1
torus.out0.03289.h5	158affc4830a3b4af32e20e532274e32
torus.out0.03290.h5	2b4c4ef866c07d7c34ad73c0af46a388
torus.out0.03291.h5	e48492243f78713372a93ceeed26e634
torus.out0.03292.h5	0296c0c9acb0f6560c310284301cc667
torus.out0.03293.h5	c49cd1c2660691a49d63483e9f79e8a1
torus.out0.03294.h5	64f11fc85385466dc8cb458455c6fe73
torus.out0.03295.h5	303762515beb779118cfdd7744cab416
torus.out0.03296.h5	49e9aec7237b086aa42ce1aff30e1a5c
torus.out0.03297.h5	da51e91357d88b09914b8d1800240024
torus.out0.03298.h5	1c7a4ffae525059be37fbb33358bcdb0
torus.out0.03299.h5	346f2ee5b6cd7bf47b58c038f4b4d76c
torus.out0.03300.h5	1d86dd8130b79bf10f3abc244202e398
torus.out0.03301.h5	0b569587ea71c74834697ce252642377
torus.out0.03302.h5	aa72b88cbf391903ccb64d1d51065f97
torus.out0.03303.h5	91e3cec13ccdd8297ad96aa29388ad9f
torus.out0.03304.h5	d00818992241519b6275529541f7db91
torus.out0.03305.h5	cd4e72e8723a0d06fb7d4182bfe9aad0
torus.out0.03306.h5	6e2535f95ab10a4d322af7681846c1c0
torus.out0.03307.h5	9c77f47a3d9e366ba076fcc77cc5573e
torus.out0.03308.h5	06a23c9be3be69c7471a833a2fc46531
torus.out0.03309.h5	24467999ef5b861e1df79ffb6b06c5f1
torus.out0.03310.h5	e985e119bdc412d8ae9efd8d6d503833
torus.out0.03311.h5	f4dd9ed4e88dda7360d1e7981f9a8fee
torus.out0.03312.h5	a953e2ac1dd53f507a94184fabb6ccde
torus.out0.03313.h5	79c1a3364b91f94af6b59ce9b03cd6e6
torus.out0.03314.h5	431ee4c5d817b818ff0a22e2710c197c
torus.out0.03315.h5	a8fc355dfb61e4a000ff5193d3c984d2
torus.out0.03316.h5	c6581b2c20e0fcbd2e7b8eb8d286de07
torus.out0.03317.h5	1cd05413f2f667c53dc1d7c56384734f
torus.out0.03318.h5	efd090a991e7bc45a82be07a98ee2493
torus.out0.03319.h5	1d14c1ea3e65a1efa1f3bc4ab3f868d4
torus.out0.03320.h5	2e971cd7f1cb9100db4ea1d33d6d5baf
torus.out0.03321.h5	4270624d7d04d5a54908b61ebb12bc48
torus.out0.03322.h5	38f1364178a4dd907d43389a19508521
torus.out0.03323.h5	2868bcd31fc81d568cd894d62fcf0781
torus.out0.03324.h5	b219b7f7e358b56826812d12780b8cf4
torus.out0.03325.h5	311879ffa5e772d77ee6154e70d84fe0
torus.out0.03326.h5	2a5b2c7124686473461682030b4001f2
torus.out0.03327.h5	ab89342fd5427a66bbbf6b01299a2e47
torus.out0.03328.h5	dc27f33c1bb590ff37ca5ff456c8ae69
torus.out0.03329.h5	90e49755c24f5aa5822cd47d2d98973c
torus.out0.03330.h5	503a25d4cb2c69f4bd3803014f12c2f9
torus.out0.03331.h5	d940b702189de5658da69e06f449f5fa
torus.out0.03332.h5	e5013ec91175c2035f3269f47bd607d4
torus.out0.03333.h5	06e214070dacc1aff252b942bc61bb16
torus.out0.03334.h5	ed7f29623a9c1d38cda08a630f2b1408
torus.out0.03335.h5	b22e63a46dc47a074002060718fa675f
torus.out0.03336.h5	6b84a91e3efebb79d4403a2fdfeff232
torus.out0.03337.h5	76959b98fa0f35f048fd3f5557782307
torus.out0.03338.h5	42f5da1d1a85c396a832a255189e334a
torus.out0.03339.h5	ae79db030dcf8544aa5b2cb24e5a285f
torus.out0.03340.h5	41d86b64f2581afac8e307aaf9770870
torus.out0.03341.h5	3d5207ea17cb5968e5017d525204e1b6
torus.out0.03342.h5	0abbe6e1d319edd174c5d68e80c81735
torus.out0.03343.h5	0e35fab50f01b1a91b4a02ddc3452252
torus.out0.03344.h5	e603e3d407d8aa9a9f61255977b522d4
torus.out0.03345.h5	0ebee89071ddb1cbd18be798e9a913e0
torus.out0.03346.h5	6478c8fbf5ad3a1231ded85e7806d491
torus.out0.03347.h5	4db8e1767781af05b6830c21eb13898b
torus.out0.03348.h5	7880fa8f85a3e0e8ffec8f4b52582e76
torus.out0.03349.h5	1ec307933c83896024e5c3ab722da91a
torus.out0.03350.h5	a33a70d680a68e225a7337d67e809bc6
torus.out0.03351.h5	5dca686a7f58e961d71baffdae5ed2f7
torus.out0.03352.h5	d98643cd126469b554c5d638f7fd9894
torus.out0.03353.h5	a2d6cb640f616b5ec2257956c83614f6
torus.out0.03354.h5	be9d9fa134b4a1c03ce806755018d896
torus.out0.03355.h5	df1afdf54cf379200c09bfd3f84d7a6a
torus.out0.03356.h5	4c8a7bda8e04675ec7b086ffe6072d92
torus.out0.03357.h5	56f463611ad02f435823fce00e2e7d39
torus.out0.03358.h5	ac85a20f18a558a906bc83c657b1f926
torus.out0.03359.h5	a3a2984819d506d4273f6247df28b025
torus.out0.03360.h5	aac2681d9c8a431ec24fdf4466d2db15
torus.out0.03361.h5	76ab025ab2f97723b5372774d026afeb
torus.out0.03362.h5	15397918f5dfa243fde0683ae42903d1
torus.out0.03363.h5	cf6c2ae3542d3e39d98a305c34fe2dc0
torus.out0.03364.h5	d10e61ef20a95d9fa8a82a7d1574e778
torus.out0.03365.h5	1837cbd310b3950644c071e231a9b0f3
torus.out0.03366.h5	39db4b5d28380756856a8b970c6e1547
torus.out0.03367.h5	5b94fe95f971273e8b47e286929dbb4d
torus.out0.03368.h5	20b3f71c77391e4c51f95820bf24dc01
torus.out0.03369.h5	55df1a1135073e3d79187de8167004ec
torus.out0.03370.h5	4030de11e36f9569578e102801f6a448
torus.out0.03371.h5	c3d775c99f064985f38bab8ba083947f
torus.out0.03372.h5	86a643d8c7da34c3e5a64dc1f199aefd
torus.out0.03373.h5	c21d61f375f4332363bc5f27095fb0bd
torus.out0.03374.h5	bd6ecd001608f330994d6090b56164f2
torus.out0.03375.h5	3a155aa660770f3c4ed12cffb5632b48
torus.out0.03376.h5	58af935369e7bc539e4f3a8bc2b52dde
torus.out0.03377.h5	0969af0b46aaab22d662c276f53b05b3
torus.out0.03378.h5	ba0c8b7dd10577f9f285997286f5b739
torus.out0.03379.h5	6c61ffb8ba8c8d61f15df2834ee7870e
torus.out0.03380.h5	d2799011d92532681a2f99bcdaeac36a
torus.out0.03381.h5	ee9d498749a86d8190b95a28cbcf19cd
torus.out0.03382.h5	1956b76676b1398b7087c4bce5d12643
torus.out0.03383.h5	d43b3049a814f41dc35d7bb8da60a4bc
torus.out0.03384.h5	d77f2e866ef99e489de9a86e2ec0ff6d
torus.out0.03385.h5	7416940669fbb50af2cf9c7568cb0650
torus.out0.03386.h5	0593810cc950b4fd7179cbcd3d1b111b
torus.out0.03387.h5	14316a16244712b16942a18f172e1cfb
torus.out0.03388.h5	3aef8357362c4b19d9a7088e5b4a0767
torus.out0.03389.h5	3e58373a682151adba68401cc54afaff
torus.out0.03390.h5	ad1798168058802a60eb2e6e80cdbfdc
torus.out0.03391.h5	db5a0232b57a73b04db1f16f2892b68f
torus.out0.03392.h5	7d79cfd8317e0e29ec9b8ec95ad7030d
torus.out0.03393.h5	1f23760a83e10f733ae9c6d44533f3cc
torus.out0.03394.h5	4a49db2750996f8cd7bf48c0be95d457
torus.out0.03395.h5	b45834f189c09706d072faec0a6dc80a
torus.out0.03396.h5	51e20ae38714f7efbe1fff7c96e5803f
torus.out0.03397.h5	d571a30c4fc811621e27ba98d4483b49
torus.out0.03398.h5	9969fdff764fa3329ce82eb5f58736fa
torus.out0.03399.h5	edf3ae6630d2bd923f81762d71854c31
torus.out0.03400.h5	dbd4f8517186694f5a26554b272b72e1
torus.out0.03401.h5	a58e04101986117237811b3d7f5dc2b6
torus.out0.03402.h5	4e959ddb5e44b65b362a250241910be9
torus.out0.03403.h5	4b7f1480f975cb7e14f04c799d447ebc
torus.out0.03404.h5	e9d6f3007d32686d35e9882efeb39979
torus.out0.03405.h5	d11f356867694900c5ced32e75c28ac7
torus.out0.03406.h5	1919b489b8b706ce2e6e363ef9fe37b0
torus.out0.03407.h5	a1d1602e6f1097de500d0957bb7dff7b
torus.out0.03408.h5	8ec55286896565da70613d0e523b2b59
torus.out0.03409.h5	ad9429f85c474f9fbdf272c2830021ae
torus.out0.03410.h5	291ca675429690174ba0c18db661b49e
torus.out0.03411.h5	9207867c81e81fa26b0feaf9e6e3eda2
torus.out0.03412.h5	a527e6b6ee7ab332b1a7cb5eb54bb234
torus.out0.03413.h5	a789eacb193695d269d0cd33c721361e
torus.out0.03414.h5	8cb87bfc21c97ba68eb50e9aa704da57
torus.out0.03415.h5	9f9d52353fd717c8e218ac248a078c39
torus.out0.03416.h5	289b65ee67f1c3001a0f11b5c4d9e92a
torus.out0.03417.h5	fd6ba42a786042f3611b74760f02c11f
torus.out0.03418.h5	b238ac34c2695f71b3cbd62c336ea57b
torus.out0.03419.h5	6267a26fe236a65611062891f7808ed3
torus.out0.03420.h5	97ac43794b8058f6967fc434daf230ae
torus.out0.03421.h5	3373709ee3f2166e535b8d095c696240
torus.out0.03422.h5	ed0df3668f0d37f9151f2c7fc532eb98
torus.out0.03423.h5	eac2b8c334aaefea84f4508a41d14811
torus.out0.03424.h5	4c33b54d82e945eccd684ee0408d02ae
torus.out0.03425.h5	de002761daf295f109145ff93fb6971e
torus.out0.03426.h5	f0f993554622f47109c0af04ce60a9aa
torus.out0.03427.h5	7e54aa181e18b3468dd130a685aafc6e
torus.out0.03428.h5	3a56394c1a7a52796fe6b27313f71f42
torus.out0.03429.h5	42ee3cebee8df72f74b1f3c29e975216
torus.out0.03430.h5	f955a161dd5a79d596e23bcd2ba0c77b
torus.out0.03431.h5	5f1eca2f84b55b95983acd2b94ac76dd
torus.out0.03432.h5	f1dbc8447365b80224f2801997b9f048
torus.out0.03433.h5	d0d1cf2d0633d27a7daf71c3d0952ddc
torus.out0.03434.h5	1c0ef468158b7ec1c0aca970544cec3d
torus.out0.03435.h5	581fd84ab0c6d4259711b31c6d2f2841
torus.out0.03436.h5	92f45e8c0f5c609c6deffec0428aecd9
torus.out0.03437.h5	a713bd975d261ba886a64bf6ff63ec7b
torus.out0.03438.h5	f30d91311ca5feab4ba5d0801c2ab46b
torus.out0.03439.h5	82bbcb9899c5d31edf9edab183d15bfa
torus.out0.03440.h5	afbebeee3ed3fb37d19e492edf45ada3
torus.out0.03441.h5	35d467540a5c4b7a608b2f53a79bfad3
torus.out0.03442.h5	acab78e0efdc5ae3a9089ebc9973cd20
torus.out0.03443.h5	44b4b6551c4b5bcea4852ebf1ed07053
torus.out0.03444.h5	6fe7b968e9b0a3b564395303386abc4d
torus.out0.03445.h5	12b58897e1f9902636c674cbd170dd4b
torus.out0.03446.h5	202f1eb0025f75f3548e7a49958cf3d6
torus.out0.03447.h5	472a2965753329f7fb2f8847a6914646
torus.out0.03448.h5	806ae3a47e53e75ac420a5fea9ee1116
torus.out0.03449.h5	72d159c9682d3104c58edc8eaee40b16
torus.out0.03450.h5	f23c0fef0e41f9e3b7770d6eac54b94d
torus.out0.03451.h5	c0032974ed892abee7bfa5358220565e
torus.out0.03452.h5	ce00a0f42d8411b5aba9241976825ac2
torus.out0.03453.h5	341dd3a090b74c8649e938dce4a943c0
torus.out0.03454.h5	54e178209837901cfc11ba3af8477267
torus.out0.03455.h5	cb1f46729feb82d1745f96dddf7334b0
torus.out0.03456.h5	aa383b7827bbbc0b717d7a5dad614e71
torus.out0.03457.h5	163d862c75c845fa376e5f5d81262526
torus.out0.03458.h5	6043eec8fd6c1447fafe1207ade5e0c2
torus.out0.03459.h5	f0157cecfe95baaac315f6df46cd79b7
torus.out0.03460.h5	a263234d13c839861f997d56444adbe5
torus.out0.03461.h5	4ad254c25c2a7bd5441b6b3d5d34f3a4
torus.out0.03462.h5	103b49e9b35425391f775b3586a77c0f
torus.out0.03463.h5	492a94935e3adc77eb42a523a06fa041
torus.out0.03464.h5	ef583ca629244429592a1ccaedbe6b35
torus.out0.03465.h5	156d1cb854e33f0086b0a3b15d4c5746
torus.out0.03466.h5	0b53c4c090f5ba4b1ffeaa96cf440377
torus.out0.03467.h5	a4a3a282ead0eb30ea9c2571e44d442a
torus.out0.03468.h5	ef1860fd1f20fa8b57e55dfd507d8428
torus.out0.03469.h5	57a603c39d12d474acb9ef23e3cc091a
torus.out0.03470.h5	30f8b4cfb073b40a2f5f99815457c39f
torus.out0.03471.h5	841ea2f588be1874185bfd2d7f0afe92
torus.out0.03472.h5	e39c0e012a18e8f0018da0b2e9f80c22
torus.out0.03473.h5	07830e7933453753e966faf858708a43
torus.out0.03474.h5	eb5370a9d29799b09dec99ee1132e541
torus.out0.03475.h5	f4801c66983c10875f39cd3eea057486
torus.out0.03476.h5	697225374aff08afe4f621273ea766c1
torus.out0.03477.h5	0178c3cf30606b8b146483dd5f7c9aaf
torus.out0.03478.h5	0378f71f46fdb31ba3779412445dcaeb
torus.out0.03479.h5	a8403ca744a05398e007ce839398b742
torus.out0.03480.h5	bc8bffc6f133a81ebfd87beb060ba4cd
torus.out0.03481.h5	6d03aea0746f2fe43eeda00e982059b8
torus.out0.03482.h5	f93749e864627aaf1c6fe4b794368250
torus.out0.03483.h5	c10fbf92b8b8a56e1fd97def14e5d6ad
torus.out0.03484.h5	edba67fe2eab123e0c753b9419490003
torus.out0.03485.h5	f560e775ce41664a7f8a44d7cf90d4de
torus.out0.03486.h5	f409c69517c069adb7f156163a79c405
torus.out0.03487.h5	21f6c00d2439786caa669a4a08e23346
torus.out0.03488.h5	d3aaa080e1a38631963ee8a62bdcbac3
torus.out0.03489.h5	437941fd2fcb6ea01be3a436cdaa48ac
torus.out0.03490.h5	f32821cb1db64dbe372748c11ec22e1a
torus.out0.03491.h5	5561fb7ea7fcaba4bf9bb2b27dd67851
torus.out0.03492.h5	4ac3641da3fb1a7e15551f1aaba28903
torus.out0.03493.h5	77e2c67d99d4da9292fd35805c31a4b8
torus.out0.03494.h5	bd9b8246a53dccfb995fe4e37b7507b1
torus.out0.03495.h5	129aae31f83fdcd74f5549a645cb2f53
torus.out0.03496.h5	aaee6575dfce70df57ab71202de34ee3
torus.out0.03497.h5	656cc93274fb251fb46dc2ec98eed5f4
torus.out0.03498.h5	7f001acbb6a7d7f994a4eeb3da220b36
torus.out0.03499.h5	acc913c380518964240f3fd2ad40515e
torus.out0.03500.h5	4a5d67cb1d1f75f295c04b045552c5df
torus.out0.03501.h5	f30a81370a946a195aebbd45c2d69ab1
torus.out0.03502.h5	91407c4e484305897884cf4ee6a54261
torus.out0.03503.h5	39ab574e207fdd47b48e379f567bd673
torus.out0.03504.h5	449c44089299c7393357ac06e2ca049c
torus.out0.03505.h5	ea8702c8671faefb7e90e400cceb4bb9
torus.out0.03506.h5	e77317cb07fc8baeeaa08b8b2d40cbf3
torus.out0.03507.h5	d6047e5789f838fdf999c00f33f690c1
torus.out0.03508.h5	8296301843966384e8712771c7744320
torus.out0.03509.h5	723a85ccbd2b52a61120d710c01946b9
torus.out0.03510.h5	5f28de3b974e66478d63b61d1ada1aee
torus.out0.03511.h5	86d136c5b87a557078deccacbffe041f
torus.out0.03512.h5	cf43c877b3efbd72c1677cba1b6a28fb
torus.out0.03513.h5	f3f291c78d0dbb7a120b768548641da9
torus.out0.03514.h5	ad471f4fde9ad60c62ffbec01a3f180a
torus.out0.03515.h5	ba2ea65a505617aca5d8470ca82c5151
torus.out0.03516.h5	73b7661c9c39aac8d0f4e97afa4fee19
torus.out0.03517.h5	cff7bcb733b4d722dc09a829781377f6
torus.out0.03518.h5	f3c097a921252263995a8ba51f07788c
torus.out0.03519.h5	d2f1482b1f86a3e26a702bb7d0a24f66
torus.out0.03520.h5	6a0b9c068767f9bad782ef82f1d9ed75
torus.out0.03521.h5	1dc667666fb3d91649ea5362b48f73b1
torus.out0.03522.h5	0d1c53424fdbc7fc2689d23ff1a0d48d
torus.out0.03523.h5	36fee6e5e7df2dd8943bb7facfff6685
torus.out0.03524.h5	15bbb63bcda48c69436f2d34d094bb46
torus.out0.03525.h5	ad0e1db864b80d938613f6c01d565a94
torus.out0.03526.h5	bcda092b4d2909d234be9bb5ab2b7640
torus.out0.03527.h5	8728ef4f257c4643338a72e9a8c5c149
torus.out0.03528.h5	231ffd3258eac29ffdefface807d7188
torus.out0.03529.h5	fbc588bb20bb32955ed0a2e605982760
torus.out0.03530.h5	78b1a80d489e1b9cca6f8f0cafd4f1f3
torus.out0.03531.h5	a0d0defb8b5ca42308b5ccd065e6fc26
torus.out0.03532.h5	69248c6dfef3b6f6f075343220e57e5e
torus.out0.03533.h5	0c4b3ae01fc78767edf885303d569a2e
torus.out0.03534.h5	a781a91e9176b999cfdaa7f5ed4de83a
torus.out0.03535.h5	3d8eec0fe3acc59af236888e8df2e408
torus.out0.03536.h5	40bc106800f405e0fedf6291a1485346
torus.out0.03537.h5	6a12c9c435e1649072c694097b0ef45a
torus.out0.03538.h5	dd7c8f80edf69a487fbd58eef3d1960d
torus.out0.03539.h5	d50d6e7beccf940bf8197feee16963c9
torus.out0.03540.h5	4b9018f48b7cb8b7827e162587afb1b4
torus.out0.03541.h5	cc51718458ea34320cf6e6bb936d673c
torus.out0.03542.h5	9a3fb0cb81ceeea60a48afff0b34e768
torus.out0.03543.h5	f1604c7d1958ba5e14408321605f6559
torus.out0.03544.h5	76785019e1f29a0ca1989945cf43397f
torus.out0.03545.h5	22cf4436f676f0fec887c8db496ff5ac
torus.out0.03546.h5	5957f14cadf1387536c3bbb3d8f5d31e
torus.out0.03547.h5	4ba7e82a577f055a3beaf8ea6a445b40
torus.out0.03548.h5	9627b27878af14fa30a7ace0c4e30b3e
torus.out0.03549.h5	0ffb25f3bf337f914b628f832acb1892
torus.out0.03550.h5	8b1b223379cc41ceb67148e739e39ef3
torus.out0.03551.h5	09f00c8697ac6a2c6dce9bf217ed384e
torus.out0.03552.h5	d2dac8a85a184b9c95b9964263c5b419
torus.out0.03553.h5	3eb03e986d5886b243b1aa940c5eebb1
torus.out0.03554.h5	5cc24c6e140a0d46c13bc5d8f5184fff
torus.out0.03555.h5	2e31a8b535b5b9c8c3a83b07c61fbd4f
torus.out0.03556.h5	794141be781181766a78cd9b64171274
torus.out0.03557.h5	e1fbfb79aa5279726916e83ff4a68311
torus.out0.03558.h5	6aa9f36d0c85f4fca58d3b2a82054186
torus.out0.03559.h5	1aef2f1933e6456e959879adf74f0eb2
torus.out0.03560.h5	606eef403e768b8fc5056b3869f5a675
torus.out0.03561.h5	a11564e8b60958b457ae23ff3793a9bf
torus.out0.03562.h5	2ffbdbeb04881bd2da14383c9233ab34
torus.out0.03563.h5	2f4708cc5baa563dfcfc3f3caa7f3a7b
torus.out0.03564.h5	6ae7faf536f27259eb772ad78e4baf8b
torus.out0.03565.h5	b60fd71985b06d5344fbae7d817d246f
torus.out0.03566.h5	0eef7f3f98b10aa5872299e0a6399b55
torus.out0.03567.h5	4bf6b26f6398168c160ea89351c21a27
torus.out0.03568.h5	555db63cf999d25963078007ee2c2bae
torus.out0.03569.h5	c3434d579fbcb09e84e0561667429f91
torus.out0.03570.h5	5d139be80cdf48b79a03566b4b8d5088
torus.out0.03571.h5	3e6f643a6ef8b6db8a336dbafa324a72
torus.out0.03572.h5	1c63c8c4a209f731226d305eba74b835
torus.out0.03573.h5	a600b7853c29d8e4e53141be7ee19515
torus.out0.03574.h5	10b3dcd82153c61f2651ff060515e0b7
torus.out0.03575.h5	c0b0c29f7d6045659ae832b98c9c35b4
torus.out0.03576.h5	c5547e83fd819f6a3bebc0be9b01c872
torus.out0.03577.h5	517edc6a997c67f465f5530e8696c987
torus.out0.03578.h5	a1c4683fbd1c6ad826cc0cb32cfcb0ce
torus.out0.03579.h5	51b8648a41485bbc7aa20b7f1e4c0377
torus.out0.03580.h5	fb27d2a86b3321bd09e3e372491531f2
torus.out0.03581.h5	828c28747b4106ffffbc401eb7ac6c46
torus.out0.03582.h5	2d3351705154ec50a2bd9d5b0f9f0075
torus.out0.03583.h5	bbf63f4fdf69b2dce62a3ccb8ce4c113
torus.out0.03584.h5	81b19b8390f1454b3463fda6c3860eb5
torus.out0.03585.h5	0d5afa723ed13b40de369bb304776957
torus.out0.03586.h5	2464d8dc729b5340e15b1b867dff12dd
torus.out0.03587.h5	3eabd0da332a1a7bc9c5bbfaa55757f9
torus.out0.03588.h5	5016a0cdfa861e59c77d8717cb43464a
torus.out0.03589.h5	b62d334207c751148bee4fabbed02f58
torus.out0.03590.h5	89e4671522264de06e66f595c0ad4296
torus.out0.03591.h5	d75311aa5034749b7fdd8fa942bb87eb
torus.out0.03592.h5	10f6aaf6ba94877318f9ab0ffb279127
torus.out0.03593.h5	7cb2afe5c17434538a789b5745fc8ac0
torus.out0.03594.h5	5ccaaf0566f603b2e5399b28b06ccb1a
torus.out0.03595.h5	1be31fc8daf5ae065493cad96e2e43bd
torus.out0.03596.h5	3d1fd32da03e458fea69c603dbf58d78
torus.out0.03597.h5	5b26246cf803dfeeaf1a265f6ffe7a5f
torus.out0.03598.h5	279356b7903f49e7f0fbdd17889d845a
torus.out0.03599.h5	918bb605b97375baaf0211eb9c39d977
torus.out0.03600.h5	98de191454ce0d5fd0db00b698eb337a
torus.out0.03601.h5	da8be8da0e5fabd4e05115ec936c1849
torus.out0.03602.h5	3d9381b957dcd55770847c7232be5350
torus.out0.03603.h5	5c49a7f777d95f460744579fb61dfb8b
torus.out0.03604.h5	9fbfecc25111bb03ac058f9f5d34d8af
torus.out0.03605.h5	560915f8423680d90b958c781a6d840f
torus.out0.03606.h5	b5d16193161c632c501903d685a828ba
torus.out0.03607.h5	52fb654ad4e0af108abe69e20fedf0dc
torus.out0.03608.h5	43bc8c9b25f0e048575d450caa77d6f3
torus.out0.03609.h5	f8773abcd2c6b3916f783119cb766e08
torus.out0.03610.h5	a56224aab46cb9265e0e8429b65239ef
torus.out0.03611.h5	3199530437703bde2b3db6d89bc589c8
torus.out0.03612.h5	cf4f89bf6c738c672c94ef7e623275db
torus.out0.03613.h5	e734b9fa89c5ea52e17c6ba9f89b6713
torus.out0.03614.h5	d066c17230cd5d3bf40befb841301469
torus.out0.03615.h5	19cee8c3bb796093a618a89ab3cee354
torus.out0.03616.h5	3f41fc3cdf85879952899755fa2eee73
torus.out0.03617.h5	bb03f90cac351906f94f387d8dac4d78
torus.out0.03618.h5	f1a81d29049db483a9e7529b02109164
torus.out0.03619.h5	8752cfe30e2b3c510c6c7e20dc4d8368
torus.out0.03620.h5	bada1a221930ea03c1cdc7fdc04f8cf1
torus.out0.03621.h5	2d7e2416d9aae0513c6b3ff1fdd5be74
torus.out0.03622.h5	1347f9896b33de6710d5cf8e40d1a709
torus.out0.03623.h5	c45b9d858e7f8e181018c3feb498482e
torus.out0.03624.h5	e1f1d84585dd55b7627c3ae9f89e7753
torus.out0.03625.h5	c53d013fa7ae454a8154e454ebc6b758
torus.out0.03626.h5	bfc9908d65b265ceae225dcfb5035c53
torus.out0.03627.h5	e26638171d824968db22743357df6ebc
torus.out0.03628.h5	1a6c7275da53422eaac558b419c4cc15
torus.out0.03629.h5	45a462cbc336022333875fe5ccf37e48
torus.out0.03630.h5	6227bad6b4f675f0f7bede811086c4d8
torus.out0.03631.h5	b92cf8d4c4a8061a6943173dbbeaadad
torus.out0.03632.h5	7c83861900788ff5dfa76cbe8d1a50c5
torus.out0.03633.h5	304e5c699ad20a49a8d6fe0aeadde3e6
torus.out0.03634.h5	c2c33935edbfe712a69e69c58906efaf
torus.out0.03635.h5	f70f2cf4769c1ce50d24b4bb4b9eaa3a
torus.out0.03636.h5	43976360cb45c49e0641c2dfa88af0cb
torus.out0.03637.h5	9cecb6d0a30d7b3668ab3c86b40b9c6e
torus.out0.03638.h5	c468a59d1fa796bca2e637c826065bb7
torus.out0.03639.h5	bdd092d0ad31925a37967e7098a23f5a
torus.out0.03640.h5	127e4e69c1a1649f9e634a7e2a68f4fc
torus.out0.03641.h5	972fadd2a31ad4cff0372bbe2519881c
torus.out0.03642.h5	a8f03ddb56dcc5b1e28ff88e14362bf1
torus.out0.03643.h5	858c69d1714fc220c5002a6b30dd4413
torus.out0.03644.h5	c3d89d5e40b248bc2a2695ff98a31723
torus.out0.03645.h5	1eaae53abf5b8fdd4d1c5203eb595968
torus.out0.03646.h5	602d88d5a9381eddfa223c6f6cf977fb
torus.out0.03647.h5	c7282ee9fcd081fb64c1e8d1325ab76c
torus.out0.03648.h5	07404bd15e1e48d115dcde4fcea51964
torus.out0.03649.h5	90fbb6cabf84ac9df8cde01d55a8db05
torus.out0.03650.h5	995325365e15b32e6aa453c2304fb10f
torus.out0.03651.h5	2fdc0f407ea0579150256ee3d7a55e81
torus.out0.03652.h5	5b94ed7077eac0dc44b80f5933aaa38c
torus.out0.03653.h5	86b2635b57c9863efb3bcd95a02e2d15
torus.out0.03654.h5	1e61e464c578e25aa855745698aabd0a
torus.out0.03655.h5	e700702d4313f0290425b367ea5d0f0e
torus.out0.03656.h5	7d0c581eb212f5200a5cba018e7611da
torus.out0.03657.h5	9d9e9e46f14d670f160cab2f6b8057d8
torus.out0.03658.h5	dd602c1cd6a4f9e7ec716359478b5dc1
torus.out0.03659.h5	9daac1b2301d891ec553864a6d857ba6
torus.out0.03660.h5	f26327b201a597fc12f06b8c8fc19c97
torus.out0.03661.h5	decc568b95364dc9f29a3fb1bfd8e9c2
torus.out0.03662.h5	c6dcb148a03447a76ae3ca4ce0e7b6e1
torus.out0.03663.h5	b1e5e0b73d108dcb927672d7ad8d1f74
torus.out0.03664.h5	d1c2a9a98585e47dd70afea8c1da25ee
torus.out0.03665.h5	02de6db6b09d2280619eaa9a6958b133
torus.out0.03666.h5	1e70bc0c69279a76052ccf5c9b98d277
torus.out0.03667.h5	fa51e72ee94ded9dd2d550fb84c9a5b8
torus.out0.03668.h5	18dceec40cd1b5cbd209b20a9d5e59ea
torus.out0.03669.h5	834d229aa93fca548b15fc99a5519818
torus.out0.03670.h5	4143354ada8d29835514bbd041d92c04
torus.out0.03671.h5	9437f0c3ef49c152022a465cc0803fbb
torus.out0.03672.h5	2c612e79a601b608ae6319f8e4d98997
torus.out0.03673.h5	8891fe7341f1dfa8a8b43d77eb6c84ec
torus.out0.03674.h5	da788cf5e052d7e2006071e699085652
torus.out0.03675.h5	5fbf38458900a5830ff1c709f33ac112
torus.out0.03676.h5	33db5d0e51766217752f70c8af367a5a
torus.out0.03677.h5	0887b4f951699b9c61cfedf493d16fdc
torus.out0.03678.h5	9a7167e90e49e33caa95534b0b80bec1
torus.out0.03679.h5	2e658320a893edeb3ef20f7c38dd7aef
torus.out0.03680.h5	d0138a541b3af3aab34bded69d7387a0
torus.out0.03681.h5	1a3437f41db80ff9fe1c4bd55074201c
torus.out0.03682.h5	6e0f506c40ecee7ccdbf0123af4c6fb3
torus.out0.03683.h5	392ab646702a63f2b835d471d7f05520
torus.out0.03684.h5	ea7fe0ecf02b310f08fcd6512466e652
torus.out0.03685.h5	945fbde7f161033024b9f86be2d5ec6d
torus.out0.03686.h5	c1867163af21d7f2ebe7d8519f56cd57
torus.out0.03687.h5	89f7cb68ccafc49bf3957b6d99bd98dc
torus.out0.03688.h5	9adb7e0f8fb4118bfba929c194b3021f
torus.out0.03689.h5	1c63edf7216e13d68b5821f7bb14957e
torus.out0.03690.h5	80be9028d043c43cafe57deef14cd6c0
torus.out0.03691.h5	6d3186e435a8dffe2b76b1dd86f0ed0a
torus.out0.03692.h5	bc5f3138028e8f2a9305ddda6dd02e6e
torus.out0.03693.h5	0880544ea78ccff45f4d9726f7529da7
torus.out0.03694.h5	7258bb800c1f2b01bbe34bcd6989175e
torus.out0.03695.h5	c86c6f016bc71cb4654b4bff41b53ba6
torus.out0.03696.h5	12bd42895f30494b2cb10f5da0f01c99
torus.out0.03697.h5	a973c0d1cc19cfe6bffe212395c2a099
torus.out0.03698.h5	fa7c98b44b223f50cf726d64a40cea2e
torus.out0.03699.h5	e549dc021b9e67dd9c1c44841ffb1faf
torus.out0.03700.h5	8a76525cb0d8b108bf117bb68a2928df
torus.out0.03701.h5	a242e06116c954c4f6e2066c1611e5d2
torus.out0.03702.h5	e291fe0c1324b852c9551f9e0e4187e4
torus.out0.03703.h5	cffa77441f783bb2dd2b65c8cc441a6e
torus.out0.03704.h5	a6425640db24917046dab08fd78378fa
torus.out0.03705.h5	960cb447653c3ec175b9c73f2c873da3
torus.out0.03706.h5	ec067a4b1cc3e516c34b8c0c8f8a49ac
torus.out0.03707.h5	bdbcd32c036b4c9f97fe84db50929ddc
torus.out0.03708.h5	23f5991865c2be0c5367268ff030c103
torus.out0.03709.h5	df1713fdd81677f5d0526dfa7c64038a
torus.out0.03710.h5	9166da860e283f079e02f206b12b574e
torus.out0.03711.h5	d7666e6a4803c2ac6f38d8324bdd8960
torus.out0.03712.h5	7c226d92e52c7a18a34cf57eef1e84ee
torus.out0.03713.h5	0cacd987f3a16c73102b2d1e598bbfa0
torus.out0.03714.h5	9de01952e4977d156b5fc24dc39641be
torus.out0.03715.h5	9ca55217fc11da207193dfb9014e3bdd
torus.out0.03716.h5	b1290cb0623df8799dba86c5b48e11a0
torus.out0.03717.h5	6d06598fa6fdfa606fa08ebdcc97b0fe
torus.out0.03718.h5	adc6d52e9adb3e6cd67be4d816ada56b
torus.out0.03719.h5	4a109728a224bb838baab750dd095eeb
torus.out0.03720.h5	bc89d7c78b5506be7711aa09e9d24c80
torus.out0.03721.h5	f12b821dec71c4446c9ca6872fddf03a
torus.out0.03722.h5	791d56b32ef43d519a4a08445b100e24
torus.out0.03723.h5	a356e5bf7a0203b66defa4525496bbae
torus.out0.03724.h5	cadbd751229cbb56cdcf971cb6d6d1ab
torus.out0.03725.h5	61b6f068a88b40368304dddb960160c2
torus.out0.03726.h5	2ae6cc2b1c319489c53f35e415cdb930
torus.out0.03727.h5	322796d46ad11d9f23f3aa942746ae8a
torus.out0.03728.h5	75242e0fd58de132c58a8ff3a4707ec2
torus.out0.03729.h5	f843ecbe3c5785f4d899291f1bbb8c13
torus.out0.03730.h5	b6bb437053c4d4cf40d36a9cb1cbc11f
torus.out0.03731.h5	85809b9b85be91a249e48fb0ef65f9f8
torus.out0.03732.h5	4cf9eed941f4272d7f9633ff1cdd35da
torus.out0.03733.h5	c0646ba4acc17f60d315e38b1cdaf889
torus.out0.03734.h5	a853f2d726220347b0cb42e100486309
torus.out0.03735.h5	7012737d584ff2a865baeb83f7d6683d
torus.out0.03736.h5	cf0deac75a09c16276fde43442ec8ba0
torus.out0.03737.h5	0280612d27215c1ff7ce8d16f70e84f8
torus.out0.03738.h5	44ab106f5b030260037da19ce8c7f286
torus.out0.03739.h5	d2611cc45084818eee4452f6e04ae60a
torus.out0.03740.h5	231ff068107f1b795f05db0e146df099
torus.out0.03741.h5	cbde09c6e73736684893c4db73aa0754
torus.out0.03742.h5	159cd45c8b679cfb2294209aab2fc63e
torus.out0.03743.h5	9e8266c778ff9e67842152576306be40
torus.out0.03744.h5	b6867414392a264cc6e3893fef6126f3
torus.out0.03745.h5	76218bbc21eea172646fe03107f6248c
torus.out0.03746.h5	5e44064a09ca4eae80d5030e0d77e2b1
torus.out0.03747.h5	f8bc56b350dd9889bfa6e392402aa9af
torus.out0.03748.h5	47a8b3cf777d7923155eb53415e61776
torus.out0.03749.h5	48d97fc126c55fb1fef1f5deae696023
torus.out0.03750.h5	307ff1b832b8975b31ca48057e647b58
torus.out0.03751.h5	5ea352365c595742dccf9e295b871300
torus.out0.03752.h5	84dfadeb810d06f1bbb5b03c459b7bd3
torus.out0.03753.h5	63427198c5bc68eee3690cb8b281e76a
torus.out0.03754.h5	511e938f7b051bcf9da4bfd7456d1a73
torus.out0.03755.h5	768358c03b05e928019a3f2c5d9f631d
torus.out0.03756.h5	5493413d50e0b93df81d455ad64f98c5
torus.out0.03757.h5	83d1007fc0e68e9d2f400ccb4da4a867
torus.out0.03758.h5	73d9dd42e64208df2c16cb33102bb1b5
torus.out0.03759.h5	2a849949f65f11977c4b859b54353134
torus.out0.03760.h5	d9b57c6109adc14d27e9fc697a4e7ad6
torus.out0.03761.h5	b4f26307a8ebb16a13b06b93bf91e9df
torus.out0.03762.h5	2c5b9936821e6853053d7248305ece0d
torus.out0.03763.h5	046a95debbcb8de88f37239f9c163f7e
torus.out0.03764.h5	55fed2e3ef3559a8b82028286265b7ff
torus.out0.03765.h5	f80fcbc9cdd961092f0e91f1060f6bb5
torus.out0.03766.h5	6a82c59f85ee7419bf08a13d5a896426
torus.out0.03767.h5	23211b602b118210e99dbc03dc0b2b24
torus.out0.03768.h5	005f6a751fc02eea2c5b5c62fca11a46
torus.out0.03769.h5	ef667c446fec42cede282c676fd76ea4
torus.out0.03770.h5	2c375c48ee3250a3714afa3c1b4fe2ff
torus.out0.03771.h5	da0e3e7beb153266de5718a45abecdb0
torus.out0.03772.h5	1721afcc9532c335b9d3035394d15050
torus.out0.03773.h5	6a4cdf2ec7b9e837a2c402fb70151481
torus.out0.03774.h5	2e2e979d4dd48cb33acdd989a3d2e6a6
torus.out0.03775.h5	819547162880299781c2257d240378d5
torus.out0.03776.h5	e2c23c958fc9fb62bf06aba1bd1de94c
torus.out0.03777.h5	0435fb9736157c5693e1795394a85c76
torus.out0.03778.h5	5aab4c7d00bd8e0dc1f4e36197f0e4b1
torus.out0.03779.h5	38330c856f2c6036a2430f8b7327aae5
torus.out0.03780.h5	f7560d0f3c3ce3b3b0b55f7a654a1429
torus.out0.03781.h5	b688e5f3614422b37f30a338bf41b5b1
torus.out0.03782.h5	cfd58aa29fe13c7af1bd2f6455c12d80
torus.out0.03783.h5	91a3fadf568ac4c7175038e2101377dc
torus.out0.03784.h5	212b0bb1326f12a9862958cd21522144
torus.out0.03785.h5	804e57479f034240a2534c753080fe90
torus.out0.03786.h5	e6ab78fcdc3d4930f2ca5bc9c8a0f567
torus.out0.03787.h5	7dba3502b1d629b2d8556f3c98b1f30a
torus.out0.03788.h5	730091c6a4ed30438d010795be3ec187
torus.out0.03789.h5	321e9f6a05c323162d5f93c960adccd8
torus.out0.03790.h5	f3ab341e8f275a9651412f384416c204
torus.out0.03791.h5	bf56aa06217c364ca9f773c703ac5e7b
torus.out0.03792.h5	ffdbd27e81969d8118d68cb41575433e
torus.out0.03793.h5	cd2c54212372aa3762b0ce7bd8ada0c7
torus.out0.03794.h5	94b69ab7c5010cf499bc4fdc7df47f8d
torus.out0.03795.h5	42eaa6e192b4814241efff6317ce8dd7
torus.out0.03796.h5	df6bc8d964715647de85805716db4290
torus.out0.03797.h5	1486210d87c70969806cd9eecbe26280
torus.out0.03798.h5	0701354678c4435c7354a0bdec18ebab
torus.out0.03799.h5	0c32fb393406af5ff94312a038943a3a
torus.out0.03800.h5	89c45bcf8cbdb12becc97c299357a406
torus.out0.03801.h5	7d42f3e35b35cd571778c4c99af9cf96
torus.out0.03802.h5	e86bafaf61338e6ba84f23f2e2db8ce1
torus.out0.03803.h5	47ef1a6a5a8b7d9166345e51909271d8
torus.out0.03804.h5	0ba2662de3710fee16d973bea9e79cef
torus.out0.03805.h5	4f419f86eb06c858aa048fbe12fa1aca
torus.out0.03806.h5	5e3e5e69bae8f4b812eeeb287674a4ec
torus.out0.03807.h5	dd702c2ff157870378715f446d4c9473
torus.out0.03808.h5	689c5bd6879a51ac958a90c17af5d7b7
torus.out0.03809.h5	3bea0caef597ffb1041ff8218c55e7d7
torus.out0.03810.h5	ef2f074a2eb564c1f88106a58f126ff1
torus.out0.03811.h5	c76ea3f6792728e933c765f63f760ca9
torus.out0.03812.h5	796d0fa56067ac4f7c13393a56df0d0c
torus.out0.03813.h5	f2f7b53d43b635b067857d4749682ae4
torus.out0.03814.h5	e500fee2d06ab2474d0a124355ae7213
torus.out0.03815.h5	f2c731f988376f4104991a3b4cca0908
torus.out0.03816.h5	076343612c0c85010aeb7f42cea4ec7a
torus.out0.03817.h5	e5119c359034704912b48a3ed3caf7e0
torus.out0.03818.h5	64d4cd1e8e41f44ec78d89a94c465602
torus.out0.03819.h5	517c83824b67791b84dfa3d80ff44c2e
torus.out0.03820.h5	458903f0778c995586c45949ff6a4072
torus.out0.03821.h5	7ff7ecc1eab5fb7e136247fc2fe99d9f
torus.out0.03822.h5	7e226458030793c780e2b76b83a75c90
torus.out0.03823.h5	ba17c2f6bf82d58e98122da2aeba3d0a
torus.out0.03824.h5	dfbdec38da243eda05bb1551bdc5e39e
torus.out0.03825.h5	6408b0c6ac8b0a056a54fe7764a83efd
torus.out0.03826.h5	3d7c81af5188eac3be6423d9354bbc22
torus.out0.03827.h5	f6c90382089f95fe8f00e7cc0fb51bed
torus.out0.03828.h5	c89535a1c2fd7a9aef73a68a1b2e21ce
torus.out0.03829.h5	957d488bbfc250d06aa95e7768d3da45
torus.out0.03830.h5	10f941b571bc78c930a50fb4ff38df9d
torus.out0.03831.h5	ac7baae699fcf2d450c707886c8634fb
torus.out0.03832.h5	ebafb01d0d9f708839d981aac5affd34
torus.out0.03833.h5	cdfca5c881bc3184d34d5c0d3b0699bd
torus.out0.03834.h5	a0ba0ba080415897ff6dae30fd525a76
torus.out0.03835.h5	1f1667f1f26cc40049784ec3585f4769
torus.out0.03836.h5	2e3b86437cc2c4e3503a11a5c0671322
torus.out0.03837.h5	5638b83af7f2196838522b54e811c0ea
torus.out0.03838.h5	088c397a27753e77baf216a6e3806b31
torus.out0.03839.h5	554256827754662a0401771c6d6d406d
torus.out0.03840.h5	d94b38364b238ce6df4e8c7c83b4eaa0
torus.out0.03841.h5	6ceb53352ba313cfe3511bf36ee6269d
torus.out0.03842.h5	8cf0529bf91881aeee60fb642f856f4e
torus.out0.03843.h5	20509b4194f7d92e5fb182cb2bc26e66
torus.out0.03844.h5	681860fc04f5c70158e34e3424c21492
torus.out0.03845.h5	189d21692ac5338d53879798a7384280
torus.out0.03846.h5	7f303d9dafdf232af420b98c22b5d737
torus.out0.03847.h5	b2498a4ab2d91f590f0735ebfea10812
torus.out0.03848.h5	e6d66c07389f785e8a8f8710d4f46b07
torus.out0.03849.h5	0e35022d1e8e6be0e3f4e76b94b1e6d5
torus.out0.03850.h5	b311ada4dd6f2d43160d4d4f7204beb0
torus.out0.03851.h5	2f7f1ee764feb07f6cb9e407de31e447
torus.out0.03852.h5	3ae053028999149ec806e0be159fd59c
torus.out0.03853.h5	7d658711792a39b14443483d323c71f6
torus.out0.03854.h5	213d1c7b59797546c511e194c22309af
torus.out0.03855.h5	d3e34578dfa1cc08923cb2e5394d3088
torus.out0.03856.h5	d9bd1fe79b1c40a35f2658e9be60543f
torus.out0.03857.h5	300071a5be5fd6d5343d2ab3de10645e
torus.out0.03858.h5	7d062e17b52f591536df7c75c6c3d2b1
torus.out0.03859.h5	5a627afbb705a235e859ee3a00c439d5
torus.out0.03860.h5	c90a709ae63754af81ac678c7c505300
torus.out0.03861.h5	721db1acb1001c72a88531b5d1477a7a
torus.out0.03862.h5	23c5d7789297a815e43f402d5bc108e7
torus.out0.03863.h5	7c9cc2328de4925ba27d53e8d36c019f
torus.out0.03864.h5	b0c6f2613c18657e4c8012864e0b4427
torus.out0.03865.h5	48d72bd810e9ec80ce82bd15fb0e5f71
torus.out0.03866.h5	2289b8b4143cd411eaf1ff8ac6b1a908
torus.out0.03867.h5	058b17c0e20c58c054abb1615dc7df3d
torus.out0.03868.h5	6003750520fee8211802531d9895f173
torus.out0.03869.h5	83a7b36507b1b39471a90d7cfc7e2635
torus.out0.03870.h5	d50b2da3b58f0b45d44bcfe1f69b35d3
torus.out0.03871.h5	e3adff59e663f18d165668a1a7c2caad
torus.out0.03872.h5	b6fa711725a3087aa479557f6bf657bb
torus.out0.03873.h5	475a7c720248329b3611e212863ff680
torus.out0.03874.h5	53f53cc8dc16188a60b071aa3a348d6a
torus.out0.03875.h5	db6eba70ef1b444f2541746beffe37e4
torus.out0.03876.h5	acd1ab91b7092630a018bbc94361dbc7
torus.out0.03877.h5	5d8b44f36514eb6ae37410c7a90df771
torus.out0.03878.h5	800aba210c60646222c63087e02e9c35
torus.out0.03879.h5	65eaaf6204c47fc73279414b129963a8
torus.out0.03880.h5	731bf9da91f6530dcc193d202c46cebd
torus.out0.03881.h5	55c231e7f6072b98c7d781897880d145
torus.out0.03882.h5	dd18db63025dc698c01c84cebe66dfd8
torus.out0.03883.h5	943a5a0d41381b9eabcd2bf174bb7378
torus.out0.03884.h5	238f76d0362ec747aeeb7659ee11cfef
torus.out0.03885.h5	3d634df7324a9821be973bf0d689272b
torus.out0.03886.h5	2714025f1cff0fafa8744ca1591a21f4
torus.out0.03887.h5	1df2f91d0ce516ee44828eff8c58965c
torus.out0.03888.h5	e77281171d93a6d1fc0a4c3ca2ea3700
torus.out0.03889.h5	45a0fa16de7361f5f577a87e6877a300
torus.out0.03890.h5	1eec333bad064cc89f69d592d61b6259
torus.out0.03891.h5	7a3a5ad8e25fe8811f6d9a164a9a1c57
torus.out0.03892.h5	301a0c54452c427145ec56903f6160d3
torus.out0.03893.h5	4b3b1a69d338ccb758aaf9b715682aca
torus.out0.03894.h5	a3c9e9ab668e0674af1745f0e8bfc097
torus.out0.03895.h5	484f87b086c149a0f039e94d36fa6bee
torus.out0.03896.h5	2fc0c4f3358048428166652fc0abe56e
torus.out0.03897.h5	c22bb225186203909b1fb9e7678f36c5
torus.out0.03898.h5	a92b2f8de7d54345d73b14e1ed01852f
torus.out0.03899.h5	2bb32b482f2a1bf967099d5f2ef169e7
torus.out0.03900.h5	8b1dfa4beac6f64f38c2e43906b21546
torus.out0.03901.h5	4258c51a29246b096c30967b46e1d2e7
torus.out0.03902.h5	6a3d5fcf8cb24034af340c96e84aa663
torus.out0.03903.h5	b361b01fe9f9e96600b0e5c3a1805239
torus.out0.03904.h5	57d272e2773ae10e6c5d25cc3d8e0aa8
torus.out0.03905.h5	964a53c864a037c558341011f1735142
torus.out0.03906.h5	6eac8399ff321afca6c96ce0f3fb792d
torus.out0.03907.h5	828363e898128791e82cd8c1aaeb44a7
torus.out0.03908.h5	3b7524b09a728d544ba965dc3fd5559a
torus.out0.03909.h5	6e1af621d62c155cf53fc6650a6ae04b
torus.out0.03910.h5	fc9efb04084da19709140a664359f2d6
torus.out0.03911.h5	35f6f07f3fccc7af82101045b3b101c6
torus.out0.03912.h5	f5ea106ea65cdabc9f54ab4a6ac490e6
torus.out0.03913.h5	e24489077e563c219d0892d583a34646
torus.out0.03914.h5	f288de4e24b71fc44c1f2a6ccfd0d7ff
torus.out0.03915.h5	de1ec0d7061613df6c037b5b6f7662e2
torus.out0.03916.h5	12a700644bf881f76a8948b330e47a43
torus.out0.03917.h5	81d14c4c3cf5ad6c3fa1441de46a868c
torus.out0.03918.h5	2999dc2d0aaa334cbb93a5a03a6d7bf2
torus.out0.03919.h5	95182da28a706c560ae6b17d5cd91b68
torus.out0.03920.h5	1402d5a69e8d2fe9e679ed5eca01d89a
torus.out0.03921.h5	363c2b40db6c40890b55da0d0d3453b2
torus.out0.03922.h5	00e4431ac3a8b3fe3eca349da55c2ad9
torus.out0.03923.h5	104d1e1da5143c672591a5ec14603370
torus.out0.03924.h5	9bf156c1e790adc829634fc8096a10a7
torus.out0.03925.h5	ed7554b08fcd821f0f816e65b0a85c17
torus.out0.03926.h5	30c8a262e57bafc0846ac369acb2a20d
torus.out0.03927.h5	c8a51887016df4b74f276d70ddc54531
torus.out0.03928.h5	23cbec6e8e9b4880d3fe6a43a65e434a
torus.out0.03929.h5	482892a8ec33fedc872a3a68bc232643
torus.out0.03930.h5	1e6323955039b7815ed6c4cc93ea76c9
torus.out0.03931.h5	ce8ff31324ab8877aade4c36e31e45cf
torus.out0.03932.h5	92b23aca18afc1c05edcc49ec20aee25
torus.out0.03933.h5	ec237ffcc980131b41a7f25ad0cb9109
torus.out0.03934.h5	fc309cba14ae05a5fe8e83f32245e916
torus.out0.03935.h5	342bf5096300c2f17aa0ad6f4853a2c1
torus.out0.03936.h5	4cc70106778bd703e1fda5f18684afa0
torus.out0.03937.h5	b23da9427e31678621505b1474526147
torus.out0.03938.h5	1b363b0616a55553479b877f173f311f
torus.out0.03939.h5	d3b7cd2dcb912fd4af0f6bfe1ee8b787
torus.out0.03940.h5	e00207e86783484ef94ad8f2423232eb
torus.out0.03941.h5	8feb516c1be24f7df75af0796274dd89
torus.out0.03942.h5	0a8ce4e4db2284951c9d24ff877bf63f
torus.out0.03943.h5	bef9f6b1ccc0cad7e5c3d8b25a13e245
torus.out0.03944.h5	9c4cc7869cec6da9a42b43bf2abb88cf
torus.out0.03945.h5	0125877794a595cd063f919b93b2b465
torus.out0.03946.h5	0a1a1ab54658738c2fe279e79c42668c
torus.out0.03947.h5	b0d788944e28e29ad0a264033b682f0b
torus.out0.03948.h5	e305603b838bc1110ce4c8dfb95cc3ad
torus.out0.03949.h5	7566182cf30a1bdf814038d9417c3a19
torus.out0.03950.h5	85465534f421457db89e5bd486fce06d
torus.out0.03951.h5	f0c103ff013883045772200cf9820184
torus.out0.03952.h5	8798a34210fce29e944212e33f82e236
torus.out0.03953.h5	b2e75369048ee271dcdbad99c2738728
torus.out0.03954.h5	83bac9c1197d6eb6e2a25572d2dfa87b
torus.out0.03955.h5	3f084ff28b8194be0f1a01a123048985
torus.out0.03956.h5	fa33c425f98bd9be1a8b2538b7676e58
torus.out0.03957.h5	b62091fecbd24b04b847cbf797cc8be3
torus.out0.03958.h5	7945b8b15beec6ffce3a9cecb1c0638b
torus.out0.03959.h5	cd2ad6e963d3ad319f7e75293e2bdc02
torus.out0.03960.h5	c1fc5474c09857f03614a044b20c15f8
torus.out0.03961.h5	48c79151c74915a50eb29be3d8eb02e1
torus.out0.03962.h5	851a5ce3e5b865fcf82fb8d9ed719073
torus.out0.03963.h5	f95b075865fdcfa4d9d4563de91df3e6
torus.out0.03964.h5	2efab299f44a1eae1eb1e6c0e2575a5f
torus.out0.03965.h5	cc323f5106ccdce5a496f33faee5cbee
torus.out0.03966.h5	7ba8df8fe71c15aa7edb6ea6482d3d0d
torus.out0.03967.h5	4adc605422c0e4118a2cf65fdf34b822
torus.out0.03968.h5	49760e1e3e21bef8cade392281132c32
torus.out0.03969.h5	72f54d0f3fde9bfdd813c376280bacdd
torus.out0.03970.h5	96c50a83e16a342601f3eb9cf846b6ad
torus.out0.03971.h5	dc2100a0f9b30f6c601d49d7a3042b7c
torus.out0.03972.h5	509ce5d1a512ae172f226b34f37fdcf5
torus.out0.03973.h5	436296b886fc46a41275ce17f50aa282
torus.out0.03974.h5	a746abd8f7381476bb5a5174e2d5b1a4
torus.out0.03975.h5	d54400dc6d53f73189cd72e971b6692d
torus.out0.03976.h5	e67a2b41fe8b3abcf0e2b3f169e58a7e
torus.out0.03977.h5	24f0f3e665aa487edfbc36ecb9773d0d
torus.out0.03978.h5	9f6af97a286c1a02ff8050240c2545bb
torus.out0.03979.h5	9c282dfa8b95c5e45f2980b8f16206b5
torus.out0.03980.h5	94030cc15d07b761cb60205555984aa7
torus.out0.03981.h5	4924f14c1c186bdb652bd17424176cc6
torus.out0.03982.h5	1888a5645efc3b7064fd6ffeed154f54
torus.out0.03983.h5	ba7293622a73c5342a3396a233921473
torus.out0.03984.h5	ed230938be820c8f6335770631488518
torus.out0.03985.h5	ba576cc871f865286c0911631d073547
torus.out0.03986.h5	1d35dafc863648021a6bef4fb2e2075a
torus.out0.03987.h5	50d780201d5cdf18fd1f55d176808245
torus.out0.03988.h5	1d785a0c06dade5ad30519ce22b765ff
torus.out0.03989.h5	4dfa95d1ad37d55a0a4b166dc397b763
torus.out0.03990.h5	b181adbb30b5df0d26338132cbe8dcfb
torus.out0.03991.h5	8a9fb30f742c6326d87c92daa5ba0d51
torus.out0.03992.h5	c543db2174fbbe74b76953cf8ffea7ec
torus.out0.03993.h5	c01d2547c66f0b3efe804f37511c0efa
torus.out0.03994.h5	4cdbe40992de3750a726eb8e04086e6c
torus.out0.03995.h5	ad4e922e1f6ad21ebe94d5fec1b81e45
torus.out0.03996.h5	4a75a5020e174fc7d9337531243a29fd
torus.out0.03997.h5	7f4e3bf6aa3c224f001b18daa8896090
torus.out0.03998.h5	029c1a33f53dc0c320caaecbaaba109f
torus.out0.03999.h5	5874a602ff3b970e575c660184dec4d4
