torus.out0.05000.h5	753c0dfbdd1a46a4bbebe3099976f98c
torus.out0.05001.h5	0d99d236aa61b6ea02543e7e5dd86316
torus.out0.05002.h5	846b796ccee1588fb8f54a27c634af31
torus.out0.05003.h5	799fdfc760efbb0bf5473ac244d23e82
torus.out0.05004.h5	576f3ea40fd74a5472496a2b7fa0812c
torus.out0.05005.h5	874c3216bd8b7950cc70498815d96e2c
torus.out0.05006.h5	7ed7afcd1c520982cc81ffa9943fbb60
torus.out0.05007.h5	87a39ad0d71faad856efb3138290683c
torus.out0.05008.h5	c550fd2222aac57a0c329359674b6757
torus.out0.05009.h5	ff38eb14c69ac2d80670eb5d62b5a340
torus.out0.05010.h5	823cf08ebe42f4ac6b84b566476f4bcd
torus.out0.05011.h5	3144cd7dc1cb879bcf5ce6d9266ee9d2
torus.out0.05012.h5	8ab20511c6b97917524e0e3469a5c926
torus.out0.05013.h5	5a64efd0478f68752bbc690b92266d67
torus.out0.05014.h5	cf66e12b304c0d1221837c2964f3f64b
torus.out0.05015.h5	0b9f4b75a5d0c756d998452aa37672cc
torus.out0.05016.h5	63f9415f598246663655e9c8186f7e7a
torus.out0.05017.h5	bc6786a78c3dd6383e8ce7f3e1894ffd
torus.out0.05018.h5	dabbeab6cca832f33971073d3aef0de3
torus.out0.05019.h5	fbdbbdde5963a1ab049fce2a9fcbea89
torus.out0.05020.h5	6614cb0191f69df7adf86d1d60271381
torus.out0.05021.h5	7e932d989ca93490a6103dad11450f2d
torus.out0.05022.h5	561f58a0c65aecf2309cae5984da4d88
torus.out0.05023.h5	36f861265a28bce8673fe350fa688b09
torus.out0.05024.h5	b6e8f7843a9a5cc94a8f4fbb48c4bead
torus.out0.05025.h5	0d1af05568500a333b432b37ff2bcd29
torus.out0.05026.h5	8114c05bded2fa6f6917d12e5ab6b090
torus.out0.05027.h5	1a776de1eee68d6059ce404eae7ef4a1
torus.out0.05028.h5	bc48113c88299fe587ffb32f58b6466a
torus.out0.05029.h5	14ba32e7e70bb7910eae094a1ff2dbb8
torus.out0.05030.h5	26963572419d8c13af48d10ee861cf90
torus.out0.05031.h5	3e58b07c48746c69c9efc8c19aaf2049
torus.out0.05032.h5	262c59864c2bb6b9baecdf5ec7272f43
torus.out0.05033.h5	d3a227fa85f0cf3596d550e8376ad4d8
torus.out0.05034.h5	c8ae819f9aa519978d61715f80034b63
torus.out0.05035.h5	965179161c62d625d9eae1598ad640d1
torus.out0.05036.h5	2ef3cfaca1b067357c2493e89d9ed236
torus.out0.05037.h5	c9239072e01dc963db74547e6e215977
torus.out0.05038.h5	5384ee47074f3e2b4b797f6101ddcd0c
torus.out0.05039.h5	c6356fbba2ad610f603bee83872f4c12
torus.out0.05040.h5	c0f37f039a41bab137a9935d14dae6c2
torus.out0.05041.h5	5ee905f6083c534533bb572e24e2e873
torus.out0.05042.h5	10a521d5be367520f357e38abdd33ba2
torus.out0.05043.h5	08b52c435e5f492fc16c7a0e317f4fe3
torus.out0.05044.h5	4a9f682b868c45c4076b3b37ec0e183e
torus.out0.05045.h5	8363085ba0797aba55f48ee1e14ca43f
torus.out0.05046.h5	b135af7c889e2a65b8cb35a26428b60f
torus.out0.05047.h5	5efbb6c195e60d0fc5f54e06a2d97a48
torus.out0.05048.h5	8458e76b66997b3cb530283e775143ab
torus.out0.05049.h5	9df4268a418034e7ac5eab7e87c9b847
torus.out0.05050.h5	4fba77343ead0bf8138a1e14674cf3cd
torus.out0.05051.h5	9ebe2cb98d5034c2924820db26544544
torus.out0.05052.h5	b4154ebbeec61329655168d750bb0c86
torus.out0.05053.h5	6d24321a7468bcb65e6f6bdea323765d
torus.out0.05054.h5	a618794e4602d22e87561b8795a8749b
torus.out0.05055.h5	c69cd4b499459bfe408cb2459247719f
torus.out0.05056.h5	c94277ce3290e2d0054ad05fbac8d398
torus.out0.05057.h5	734ce31d8273733820a4f5a3fe0ca4ac
torus.out0.05058.h5	d61f76ab4ab5517b738cb186d55feea4
torus.out0.05059.h5	4d9204d6037a83de71d548cdedc4b626
torus.out0.05060.h5	35eae4b6086346fa4e61d5b2218370db
torus.out0.05061.h5	611ad8708a60dc68d1770d5a4260ce11
torus.out0.05062.h5	cabae1adc868aec7220196826748a6be
torus.out0.05063.h5	95d897e1111146d2e4a880cb84bbbd9b
torus.out0.05064.h5	c309f3dfe4d6061ab9236e37543410f8
torus.out0.05065.h5	34d2cb635301dcff2c76a148d4f63d34
torus.out0.05066.h5	ba2f6485063b7fb5d34cde304b7c9567
torus.out0.05067.h5	a89006108d80c2c471bf13ba57b1d6f6
torus.out0.05068.h5	92843845d750f5855172760710a80373
torus.out0.05069.h5	f6caa6e750f476b3a4e4e1bbbdf40c75
torus.out0.05070.h5	93897b9e3f415ed05c6a349616dc4768
torus.out0.05071.h5	00b10f4d7e8e92703393a7e5b849f1e5
torus.out0.05072.h5	ce73197baae1df92b2668ea3df7a68fe
torus.out0.05073.h5	047ffb3271904df23bfc782379f4f001
torus.out0.05074.h5	0c7fe36f084c3dc497d9043765a77bf8
torus.out0.05075.h5	1d76994cac12d501f3505f16aff19523
torus.out0.05076.h5	3ad44cf9ab76805c222b9ce9c02d7165
torus.out0.05077.h5	149d25d1226d25dd2373545a132010b4
torus.out0.05078.h5	fdcc429c1d57776616d024633deff471
torus.out0.05079.h5	a79aeaf467521dc75e15c206b9426c98
torus.out0.05080.h5	d5e04fd1086e825dc397ed30f2e622aa
torus.out0.05081.h5	1d9c505423a3c9275ae0be6d03e7fa1c
torus.out0.05082.h5	94fbc42290fbf7fac0c218132f8e1946
torus.out0.05083.h5	9aca2b3b088f4db036e94351363559c2
torus.out0.05084.h5	4fd4442e3cc6c4ff5b7b024d362436a3
torus.out0.05085.h5	7e2f39702e959956f70ebd2cd1e458e1
torus.out0.05086.h5	91af5c26fbecfe20026c3f06a652216c
torus.out0.05087.h5	7356dded5da60c6210a890b87f95c26d
torus.out0.05088.h5	7cf940368f9a517cbe686e665faa00a2
torus.out0.05089.h5	ca62ccd76fb87885094c946017ecd769
torus.out0.05090.h5	507c91e83d17ad8eed5ba7f498de76b8
torus.out0.05091.h5	66de0670ac717e191c79236574486b5e
torus.out0.05092.h5	89b8b9b8bb7530a46a5e165096452812
torus.out0.05093.h5	886552dcad5e3228a17baf0f3e114523
torus.out0.05094.h5	68762b3207390300d196c5d977dcfd42
torus.out0.05095.h5	72b459a7a91d4c65d1002810355aa28f
torus.out0.05096.h5	bc9cbe490ce62d3a1a5c30dda3725e32
torus.out0.05097.h5	95b4885cb9777509b19a677650a882cc
torus.out0.05098.h5	8274618224a6d51075af4d2d9d7d6a0c
torus.out0.05099.h5	2b2c89e8ad4afcf4195856c3417625de
torus.out0.05100.h5	619245402ffc52c48e358ee5aebfd443
torus.out0.05101.h5	2f6d7f447e5b60a01bef2010d5294a44
torus.out0.05102.h5	bedbee5065a2b28ab77b93b069e3cb32
torus.out0.05103.h5	5bab954be95b8847ba0c2d8d4bcd3cdf
torus.out0.05104.h5	57646e23ac4c22a811f215c151395916
torus.out0.05105.h5	815804dc06fc4a559bea87aedec35df2
torus.out0.05106.h5	f0d8d49c4f654b14c0dadc06025417ec
torus.out0.05107.h5	6adaf6da60fc48d2f93107cdf2138332
torus.out0.05108.h5	dbc7ca858fc48d8328bd4a4c0a121e17
torus.out0.05109.h5	915fab21331610bc54aeeef9b5fc01a9
torus.out0.05110.h5	62b5b6b2a509b05adc4d0fcf7548adcb
torus.out0.05111.h5	2b99b8a37922e4bfee87e8026aeab4da
torus.out0.05112.h5	fb68651d9a500aa00da8fc77731ae805
torus.out0.05113.h5	ed8c71b13e8cacbfaf2557d89eccecfd
torus.out0.05114.h5	6e60b45af36775aa10b0749ff1f41aa5
torus.out0.05115.h5	c953c3c3be9b5c203a93e4c1d6160e06
torus.out0.05116.h5	7d21e86df0cb9a2fa728a565bf313863
torus.out0.05117.h5	963dc3264909eec715cbece87d35caa9
torus.out0.05118.h5	789769cc96230e719617ab5358b43ff4
torus.out0.05119.h5	6fceaf3635bd286deea102d4a8e79960
torus.out0.05120.h5	79b368e6ebbf03611bb68109c5dae128
torus.out0.05121.h5	dab069170c654efa443558f18a46200d
torus.out0.05122.h5	d81d4728cac5641d9422e33ae14b9011
torus.out0.05123.h5	150e7fe7f6f0b449a3023f456f1eab77
torus.out0.05124.h5	c32914fe24a35a83f8a64f93f69632f3
torus.out0.05125.h5	fcdff8fbbc83c280625d8252b5048794
torus.out0.05126.h5	2e17e6fb28bdbfe90c90ff95433244b7
torus.out0.05127.h5	dec7e93877ccf7a9f5cdf014e0586a7b
torus.out0.05128.h5	e6843b24ebfeb83dabcb496937016790
torus.out0.05129.h5	753f7bfad9bb0e8c2f06b6cdd5a85f9c
torus.out0.05130.h5	a5de8b31974dd2d5fb6db9b7064429b2
torus.out0.05131.h5	cc1cd979a8a67d1782fd111d1615917a
torus.out0.05132.h5	e74a5ca7005550275a471136eb4b4211
torus.out0.05133.h5	4f84488d6cd5209136db826b3f8f19d0
torus.out0.05134.h5	5c77a8d7e4538dee01d81bf4c71b1621
torus.out0.05135.h5	ebd9c72ee12213769c6c73e2b812f714
torus.out0.05136.h5	9aa941d214062029abf1847397409ddc
torus.out0.05137.h5	a78ba177b935e311c1790d60c5001e71
torus.out0.05138.h5	51aee1d4420f6585d3cd0aa5c400b335
torus.out0.05139.h5	ff531c20e572a95db77f20d9af79ae12
torus.out0.05140.h5	a5ff1cd4af54b51cf8d7a4beaad2693e
torus.out0.05141.h5	cee99cb32b633f7e464eff9a0a3869b3
torus.out0.05142.h5	d988795b0209ac4926ebd342aa68f37c
torus.out0.05143.h5	bd9edf1b4042cc089129514dd3e52331
torus.out0.05144.h5	2448dae03c28049abddc8c36b8c41edd
torus.out0.05145.h5	7ac11693350ecae5a29e038b9dfdbacf
torus.out0.05146.h5	8d54845539aa238182651f5bea3f0e68
torus.out0.05147.h5	814c1142cd2712a39e09180aeabec038
torus.out0.05148.h5	04d540b5d7d78c8ef13094fbe4b9a8b2
torus.out0.05149.h5	194473c826577ef8c46cb7eed4e8ff7a
torus.out0.05150.h5	444814b05ea827ce1ce3c6b9c1145105
torus.out0.05151.h5	aa26ef860f46fedf98162d8fba6f948c
torus.out0.05152.h5	deb52645cfa218f16ad8d7628fe15aa7
torus.out0.05153.h5	655f0f1574e42853ffca0e1effa176fb
torus.out0.05154.h5	b942c6e993622e47f56173f7f25b1c22
torus.out0.05155.h5	5f1c0d8f80185e215d77abf8b67dabcc
torus.out0.05156.h5	19f2f11475fc5e3a557e735042f26a34
torus.out0.05157.h5	ccefd79ba19d8d72a4c6466316cc108e
torus.out0.05158.h5	b0a45f0e5088ada0766032e7105e96ca
torus.out0.05159.h5	eb4292912b02cb753d6af53d9142a968
torus.out0.05160.h5	2955ff5913407549b692b93dd22bf6c1
torus.out0.05161.h5	42dd8416f0f685fedc39478dd5a3ccb0
torus.out0.05162.h5	f388e87ae8fbb5978ed45d71bbd3a7c7
torus.out0.05163.h5	0bc89471e4355c38128cc8436ccaf38f
torus.out0.05164.h5	4434bf07692164999e1796dd6324dec2
torus.out0.05165.h5	ee2d035ab04e615ed86255c5955022c3
torus.out0.05166.h5	3bf1e62beeff43db2aa1996042dbc689
torus.out0.05167.h5	0cefc27357671d15c13c70bae07d2df0
torus.out0.05168.h5	d8d402ec84ed5755ffcb3e305ce20667
torus.out0.05169.h5	55bebf325e28a9e6900ba9b122213800
torus.out0.05170.h5	cedccfa12acaaa2dbe7dba0e15ceb64f
torus.out0.05171.h5	bae4ae26df58314f57b7ed4c466628a9
torus.out0.05172.h5	c7c2601660255c3cb979688ba37a52bf
torus.out0.05173.h5	6e8d7641d3b3e205ede4fdd19e56ec46
torus.out0.05174.h5	4dd03c6ce568289028b38cb3c534a7d2
torus.out0.05175.h5	36ebe4919a30374688022ec7b7ca5b56
torus.out0.05176.h5	9f0c858bba3fb9b709ed114459622636
torus.out0.05177.h5	f10f01365d093d75397d36c25b661895
torus.out0.05178.h5	0759a4587931c2b7ea730ecc5c593c9d
torus.out0.05179.h5	b0b9a1c9e7cae70dc4876d583eb5d228
torus.out0.05180.h5	e713bba608d69b20afbe5247107711d4
torus.out0.05181.h5	12347ec3d081e9c80cc76ae7078f8a66
torus.out0.05182.h5	4ae6575f73d139910d7d200cf6ac00b1
torus.out0.05183.h5	fbdad5b8ae1af89e7e7d1e88ddb0e991
torus.out0.05184.h5	355b27af2ea2604eaea565e4ef7478ad
torus.out0.05185.h5	dab6070a75fac71b6dd4acd3be65381f
torus.out0.05186.h5	eaa64d0fa076a21aabf4907f514968df
torus.out0.05187.h5	3b6913ff1f4bdf940bdae72ab78cf001
torus.out0.05188.h5	700e0fc586e7be928630c2951a68bc4b
torus.out0.05189.h5	fb9c4296cfce24a5fb2fe27af55ecbfc
torus.out0.05190.h5	c3fedd25a4c8659f52a6a69ab0440fe1
torus.out0.05191.h5	5360051ba7738ad9e3dd7f41530487be
torus.out0.05192.h5	e9193395488f7eeeef524a843ff5789b
torus.out0.05193.h5	8f7adf58371b907be0667a6fda1effc8
torus.out0.05194.h5	73a35e406aac5ca9e0e83d0d86758d0a
torus.out0.05195.h5	c435dba88427e6f8815ee369d531daf4
torus.out0.05196.h5	7cb9861902bb664696f4b241608f3e0b
torus.out0.05197.h5	ccdc705685871d070c963794b38d22a9
torus.out0.05198.h5	fbeaba67447d11da02ab542430f39656
torus.out0.05199.h5	66f100a746d8e9e41f4b40e5902de800
torus.out0.05200.h5	b4787b268175c749b55f23b25f60e60d
torus.out0.05201.h5	4181636e193e1580ccb29a4c31246773
torus.out0.05202.h5	d7d1bbd2526490868715447ab980a907
torus.out0.05203.h5	7d6dbaab39d8f4264dc1fb173b539d5a
torus.out0.05204.h5	71e535a4fa569964ff8b4575dda6135b
torus.out0.05205.h5	5c7e31d0176acb189a20e3ec24378628
torus.out0.05206.h5	c5390287593743a940571dcaa241e992
torus.out0.05207.h5	14e0297d0512167b9c0c91db4f970075
torus.out0.05208.h5	640a26680a7be84edbce6d592c35f600
torus.out0.05209.h5	c7299bc3768f01141d770278a87fe491
torus.out0.05210.h5	95fc1fbf043e981a84d628ab8f154fed
torus.out0.05211.h5	6bd3116df77288d243add1fc93eececf
torus.out0.05212.h5	0bbcf2cb264f3273be2bb14f1894defc
torus.out0.05213.h5	e5c1dae29eaccdc50f97a098440788a3
torus.out0.05214.h5	e6c665ef75dec21e78b23e49c2ff0d39
torus.out0.05215.h5	363a1892b36ced7cefa160a02c4a1f19
torus.out0.05216.h5	b6ba5c5fc4b325a179c234e52968973f
torus.out0.05217.h5	7f03677a81b648f8f2546ed4e512a8b4
torus.out0.05218.h5	66c08387ba5df55cd15687b8f7235101
torus.out0.05219.h5	fbe809adedd53b092be25922d5012eaf
torus.out0.05220.h5	1f88c923e4fef717c03effd08594594e
torus.out0.05221.h5	bd5061be8804bcc0204d5dedf2e92bb0
torus.out0.05222.h5	bb8c7215402319f992acca27750d94d7
torus.out0.05223.h5	170bb99cc756c5e958cb69595415284d
torus.out0.05224.h5	5c94c1352c28bfa4aa0b29793d625e8d
torus.out0.05225.h5	fd2ad248c4d8ea3e19d8e7e001b693a6
torus.out0.05226.h5	ee4a329421630b19bb4456819fc169fe
torus.out0.05227.h5	f8e6ff2b93c0b4539d2c6071bcc0a2a2
torus.out0.05228.h5	850b50ff1e162bf63217616fd439f0ed
torus.out0.05229.h5	690c6e57d1ec369e076fe0cf9e7f8c9a
torus.out0.05230.h5	2e5632c344e042ab7d7fe82f927a91d9
torus.out0.05231.h5	8c094e4d22f48234d46a78c86caafcaa
torus.out0.05232.h5	507a08aae0e20cd71dfb8f36da04e665
torus.out0.05233.h5	dad0f4facdc9bff0fdd4a8ef0182a5ce
torus.out0.05234.h5	163971a2f2fe8b6d429fce0309c1486c
torus.out0.05235.h5	d9ec1f9b7c919f0d4c0fba7e6dbd37b0
torus.out0.05236.h5	0b3e24a54ed83c5b529c7594daf22a48
torus.out0.05237.h5	bd04cb0f8d43e66fd416ca8a919870df
torus.out0.05238.h5	57b3e25ecb90a289ad07abb8ed5691f6
torus.out0.05239.h5	a26c3ef071e4dc6943c4f5af2ab8b6f2
torus.out0.05240.h5	9c3a35520046268ad2f2d6bf9bf51cb5
torus.out0.05241.h5	539ef8b6a9202e807a7ae87c7ea7854c
torus.out0.05242.h5	e5c6dcea0c30dfbf6a9ed75c2ee3788c
torus.out0.05243.h5	e25b2bcc704420ae6066f7aeea13141b
torus.out0.05244.h5	74573942b47c44182fa08e5ae80a774a
torus.out0.05245.h5	233e1c75c18e9c94b6b909c1d70cc861
torus.out0.05246.h5	0fb5b407a6364a2dc8aa3246d67be241
torus.out0.05247.h5	a5e5eb7a8c6204e8bcba8087c8d9d524
torus.out0.05248.h5	8ffce17f5d653ae5db916ddda459df67
torus.out0.05249.h5	9879765fc5c1c017c3d87591920560d6
torus.out0.05250.h5	f3f5d84efb5537d0de09cae3c8204856
torus.out0.05251.h5	4e3cc690924cda3356033ec93a1d7c96
torus.out0.05252.h5	6d525ee1c054edce2ac9b9208b96c460
torus.out0.05253.h5	3112da756fa2900f5697c8848cd3b972
torus.out0.05254.h5	db53306fb6b7cb835361d4d6efc4400e
torus.out0.05255.h5	93e084071c89b384944e24773a0016f2
torus.out0.05256.h5	2e4937bc6643b8efba6d0e34e52f4cb5
torus.out0.05257.h5	99c8136f3ba175b7da7c30733f8f2940
torus.out0.05258.h5	ff9cd747f32eadbf7fca00e9a349f656
torus.out0.05259.h5	a19483298c6f282775caf84eb9e647d9
torus.out0.05260.h5	a7b07aed51c02d86aec193d4b26e8cac
torus.out0.05261.h5	00e008306aa119eea1f3af5afd201e52
torus.out0.05262.h5	aa6f8a89e97af4117e9db16e3d9281dd
torus.out0.05263.h5	d765a174f26bcd221e52f250b0c8e3bf
torus.out0.05264.h5	34a98b43590ac5d72bdfe37373fae57c
torus.out0.05265.h5	7d27f1384365bc5a3cb8b58101c2484b
torus.out0.05266.h5	0a4517611aa892073e2e26715f58a3aa
torus.out0.05267.h5	9b775f09917dc46b79f8f572da726403
torus.out0.05268.h5	27174a69f0b24d37eb852fc92d319cc5
torus.out0.05269.h5	f118a50a9fbb88c6dffd02a6f387ee29
torus.out0.05270.h5	308e689d0060cedf846c7c3e1c3a26bb
torus.out0.05271.h5	29627081dd4894d2f938d120eca52dd2
torus.out0.05272.h5	9dbce6dc45c70c6f5a18bd497ab60bd3
torus.out0.05273.h5	6bfd4a83fb20e07af8aaebc1fbb16f39
torus.out0.05274.h5	b4a15cf7933798123ec427f814e370ae
torus.out0.05275.h5	e9b374e536cb7394280a12c082db9a78
torus.out0.05276.h5	a1c2d016f9b75164035140147908ca87
torus.out0.05277.h5	8bc3fce070e0f9260b64662ad694de4d
torus.out0.05278.h5	ac11cb1e916e19dc4ae405eb248af59d
torus.out0.05279.h5	9d63541934c8b36238ff40b915a4b08c
torus.out0.05280.h5	da7cea25a9002c0447943808a79328da
torus.out0.05281.h5	dedc5217577145494cc9c69a9ade2bd4
torus.out0.05282.h5	b8462a0086884205355344084ef4d8c6
torus.out0.05283.h5	13f550133b49d53fe2dcff069cfbf35f
torus.out0.05284.h5	d46f560fa33b17fac4010f7efcdef884
torus.out0.05285.h5	346601e20a237736ffbdf09091dbd8f1
torus.out0.05286.h5	c1049201856eadfa76e41b62d76e3d6d
torus.out0.05287.h5	d5e673211670904c929fe8c843f08484
torus.out0.05288.h5	1e0fe0724db7863efbeafb17aba6f0d7
torus.out0.05289.h5	040e014f0d4fb5ac241c6427d22bae70
torus.out0.05290.h5	3ec9e9d5ec02327376cb48ceab1b7db9
torus.out0.05291.h5	aa5908dafb322faa491aeb1715718d30
torus.out0.05292.h5	b1745fff8414a9701a0b60db8b08c0cd
torus.out0.05293.h5	784133b4d70664ee644daaa5ccb03fc3
torus.out0.05294.h5	b4d42498bb58baa0fd4b81d91503e054
torus.out0.05295.h5	f60ddb38c114e0eb4e6e105f64fbf881
torus.out0.05296.h5	c53002827df19abe2306e03327798218
torus.out0.05297.h5	db5dac39b37fe430c65bc27febe60755
torus.out0.05298.h5	795c08f004186ac6dfef59e5d66cf60d
torus.out0.05299.h5	6846cadea79f3dd058dcf3acaed18c5c
torus.out0.05300.h5	86538f38189521da5703422a8b5d8550
torus.out0.05301.h5	13a5f77bc4f1a2e12bd68b8b51c686a7
torus.out0.05302.h5	efc9ad5b444b213416f2487f19e60bfa
torus.out0.05303.h5	8c56738174c44216fcb7650d67becf01
torus.out0.05304.h5	972694a0e9dd2dfd38ef0f5f20f72d03
torus.out0.05305.h5	a657ad0b9d4640d4033e34aac9c1118a
torus.out0.05306.h5	ac72dbfc20fd3e763e9b7df0bf3ea183
torus.out0.05307.h5	963fdbd22a8458ea6408f990b48851e9
torus.out0.05308.h5	565f8a9255fbe6822af924a52a89eb8e
torus.out0.05309.h5	aa7f751db8bb4da0b6b327eca47c934e
torus.out0.05310.h5	893846bae1d67f3ad423d5b2862fb4f0
torus.out0.05311.h5	636b74d962b7aa257060a6a35ca2e6b6
torus.out0.05312.h5	70413f6311cb3d7c56e26ed7192f16ff
torus.out0.05313.h5	89a585f8f6912a2e62fcb855844f5d3e
torus.out0.05314.h5	e9bc8463a932c939ff3ed4306a7be73e
torus.out0.05315.h5	7575ef653f7524ea259c9e6717391872
torus.out0.05316.h5	7c40e6631ef79d5a419bcfd9fb5a9fb6
torus.out0.05317.h5	dc53ed97551f932bd81e23b6ffe57491
torus.out0.05318.h5	27296019ce7e6f1dff0511a6e65493e5
torus.out0.05319.h5	ec634867ebeed386e822681a0aee3c4b
torus.out0.05320.h5	70d1922928d7f87c9c352ad982e3e4a9
torus.out0.05321.h5	65f94a2100387d27083851e94ae040a3
torus.out0.05322.h5	9913bd1d16de387188b892ad819b0b21
torus.out0.05323.h5	5c1b76b574966c8ff8aa4d0ca2ba2211
torus.out0.05324.h5	03d7b67a6702fb930662d9d4f2252cec
torus.out0.05325.h5	087178adacf0c8b2d9e436de54f17eb9
torus.out0.05326.h5	29522ef5acf0ce99178652553b6bb446
torus.out0.05327.h5	936baaed36d29bf18aed4e0779ebf4ef
torus.out0.05328.h5	96321b10ef2081bac64598b5c56f91d6
torus.out0.05329.h5	de69e73cf6915bc5542bde21631c71c0
torus.out0.05330.h5	1e7ed20e5a7e57f719ea97e6308d5bbd
torus.out0.05331.h5	0841eed48cf73558edd4d7a24baa3ac9
torus.out0.05332.h5	c15eb0e69574eddc78e3a53a3adee54a
torus.out0.05333.h5	89b11f5255fa89c3059eabb3ffe86d04
torus.out0.05334.h5	1111bcfcae4bcff2781aa914e9c7fdfa
torus.out0.05335.h5	bd93af22c8e3f1f90c58b94ae29b82bf
torus.out0.05336.h5	6b4e68ccb37d3088847d1d567941657c
torus.out0.05337.h5	c6889b32d4fe1214175a936646914674
torus.out0.05338.h5	34f09af89d01b958548cbde60da7a35d
torus.out0.05339.h5	9c1b4497281d9bc852460f14406c1286
torus.out0.05340.h5	2e2adfedfa0c0e0de2ac0666a0ab6ffa
torus.out0.05341.h5	beb492ded6f70bfa941edfdd97ab2917
torus.out0.05342.h5	ab99020d9643d8ef22f57d15226b0447
torus.out0.05343.h5	ea8a1a5e2990dce8dce34c90c4fed20d
torus.out0.05344.h5	c29cc15789f3792839924e3dbeb92902
torus.out0.05345.h5	788b3c2f196d30bfb31999665736c1f4
torus.out0.05346.h5	dc25884c5177ae821b8cb69007b4af0e
torus.out0.05347.h5	5929105c00995c50a43576e6d44fde45
torus.out0.05348.h5	f56f65b108c001565179399092be8082
torus.out0.05349.h5	fb71b464165a54955e6d680c40c44d5c
torus.out0.05350.h5	a0d2ad04cdbdd28d6e909991ed7fe8db
torus.out0.05351.h5	32bb1e95eacea01a8415ebd2cbe4db90
torus.out0.05352.h5	eb0a5dc9e4172b85bde181f15f80f9ce
torus.out0.05353.h5	99e2e4542d3942cdd64eabe0e3a87dcf
torus.out0.05354.h5	19b3959b8e1d57f00bcff59f9b3e6bf7
torus.out0.05355.h5	f06eac978c3fea9c53ce3ebbfbdfdbc7
torus.out0.05356.h5	549f93632a1253ca5a86bf189b833424
torus.out0.05357.h5	e77e9d0aeca5b02b96cb93c770761cd4
torus.out0.05358.h5	0f0bc69dc930c003030807a01bdee05a
torus.out0.05359.h5	2a7b9bea3781f5445dd8fe4d42cc0a8e
torus.out0.05360.h5	d30f7a13263510789e2692c3fb02269d
torus.out0.05361.h5	01a34f31c8a5fe5e99479be047d2f8af
torus.out0.05362.h5	5740751e31b45b999f531c36a013ebba
torus.out0.05363.h5	a9bc102b770da59d11fc11945c62bd77
torus.out0.05364.h5	831e8835af57d94ddc32a859dc91dd20
torus.out0.05365.h5	acee70f2a980b15d41cb6280ffdee9c8
torus.out0.05366.h5	8dcfc6768556b4867ceeedd732f18d3e
torus.out0.05367.h5	c860c767db5817c1454d81a2a0e7e756
torus.out0.05368.h5	657d58259fade52968a6aa5d97c6e4f7
torus.out0.05369.h5	7854f248e30651706231428f26e005a2
torus.out0.05370.h5	8f014f5be2df56a68cf7a385f45ce233
torus.out0.05371.h5	14c600caad6093c7a6c0e9fc114d6016
torus.out0.05372.h5	f5a0020a3448204583e6bf1ceaf0feea
torus.out0.05373.h5	0386f2d1af09069645cdaaffa3d8f12d
torus.out0.05374.h5	a15450cb1c0172247666ad2b3127984a
torus.out0.05375.h5	25e55f64b8d767ebc08e83a55b34bb6f
torus.out0.05376.h5	3ddcd3f142092db586b64e1c723781a2
torus.out0.05377.h5	5e99d43baa68ead03b45cce162f85bf5
torus.out0.05378.h5	e50670239a756653362a545a9e847982
torus.out0.05379.h5	f394e8389af95193e1faefea4cc390bb
torus.out0.05380.h5	5c56bc6c91e16573203c8fd8427f9860
torus.out0.05381.h5	4f3abe366e303730c52cfd603732d2ec
torus.out0.05382.h5	5a4ce41cf2b3deb0a2f446d6f6920210
torus.out0.05383.h5	e2bcdbc9d402e898b0b6f8acac16a16c
torus.out0.05384.h5	482cf1845edd7fa66b7d3695399fa09d
torus.out0.05385.h5	8da7e34598217ec567fab18f8c431f06
torus.out0.05386.h5	544ed9b6a9e9da929ad2c40d89b18f8e
torus.out0.05387.h5	ddcc5336961c476708501f7f849636ff
torus.out0.05388.h5	9297612eeaac3d22541bb1a3b3acb80b
torus.out0.05389.h5	56ac54e47649e362a59a32622f3b2c37
torus.out0.05390.h5	52341456d904ab9f3baece1f8d8d0a52
torus.out0.05391.h5	c01ede0bd5c0364912bb8c5621f866cd
torus.out0.05392.h5	c3f16ac8b8fb20aaef8d2cc4260a6612
torus.out0.05393.h5	ae8181974bce13f9c36e2eda4d2e82e0
torus.out0.05394.h5	07e48c14d7b893418306c59ec0ab02d7
torus.out0.05395.h5	0d40f38d20d4a3830d7dff96c69c5a96
torus.out0.05396.h5	cbefe469ddb2b83e686722798b17a5ea
torus.out0.05397.h5	4e4d5d34d6966d26a213d270eba2c7bf
torus.out0.05398.h5	882a32bfe8700b06b4089dda211fc2ad
torus.out0.05399.h5	c6299325822d8c22dfc6ccf2026678d7
torus.out0.05400.h5	5dcbf9c94e2b4d19da4bb9ad36d0fa4e
torus.out0.05401.h5	119d6f11d0642d25291850e79669d345
torus.out0.05402.h5	4bd84e2a0dc48cd7492c415076687cc4
torus.out0.05403.h5	1f5c6310b6754d64b513adfd49f76595
torus.out0.05404.h5	8ead61e5bd882e3e8937fad05241b26a
torus.out0.05405.h5	86a9977a4497f888e3ed06d1453a4f6a
torus.out0.05406.h5	502e682a2d39c858386a880e4d0b2f0b
torus.out0.05407.h5	15ad854e61746270bfe1d998cc8fbf72
torus.out0.05408.h5	993fd3122a8f626bcd1a55d032b01c6e
torus.out0.05409.h5	c041d950eca1c206d5bcf3cb5e421046
torus.out0.05410.h5	d192002dee2ba7beb69ebcb6dd01c554
torus.out0.05411.h5	d39f8a067474d120aaa02eb78eab54e6
torus.out0.05412.h5	579df66b340ad28b3b8cb749b2d6ee01
torus.out0.05413.h5	173dc901808534542a68473a13246a5c
torus.out0.05414.h5	b2a4a9e5105049824e259e0c617428a1
torus.out0.05415.h5	c3a31b99f4b5b78bacbe27552fa2a6a5
torus.out0.05416.h5	76fd4215b4a9d56d0af781f7299063c5
torus.out0.05417.h5	c7b54576ab80d6e03738115660820f61
torus.out0.05418.h5	3164286f8cd83416fd7f4243a23c16c1
torus.out0.05419.h5	24897c42c92077ef9872683b7cd95874
torus.out0.05420.h5	2fcb0d7f04f36b5d7dde17bf6378ad66
torus.out0.05421.h5	f117a42aab20ea20e9f7b3f2ba2e0d4d
torus.out0.05422.h5	0db5f926db4b14a21b97ea4d93a64113
torus.out0.05423.h5	e1efa2e4db17b6dc673588401acd7dd8
torus.out0.05424.h5	ad73170ce3e057d4b07ed3a851163529
torus.out0.05425.h5	dbbe261f6d36d8b5fc175dcf4301d805
torus.out0.05426.h5	7c480e19974d99cbb1b49d4c9f93a635
torus.out0.05427.h5	65f748adc30fe394f88fccccbf0a21c3
torus.out0.05428.h5	4d46b2623f0292754f3eb7361fd83051
torus.out0.05429.h5	6f7c15d10634a29244063a57b557b0ea
torus.out0.05430.h5	9c93d85679ef88fc91dc1da92ecab7cc
torus.out0.05431.h5	b4ecc577876289f565424a6ed8718349
torus.out0.05432.h5	0e1c5e12640c89d10ac5292583fa1bfa
torus.out0.05433.h5	a9b32a78ad2f02f4b49127c9d888214c
torus.out0.05434.h5	b201741ecb6f1bf95b42fac5f6c93001
torus.out0.05435.h5	2f4733850c5503d8e1a04a07f3fbc06d
torus.out0.05436.h5	a9b64fca9ebf532590f1e2d6fdfa5942
torus.out0.05437.h5	1bc40fa272d501fd3573b5dfdeab4c5b
torus.out0.05438.h5	e0b0b60154077c61dd2f68be4c905baa
torus.out0.05439.h5	a91d2ac645dfc71cb0bd965c5bb12834
torus.out0.05440.h5	9f91d9fe32a7d146429c523dca31c23e
torus.out0.05441.h5	47b5111ea5bf8c7fbb34010cabbe0fba
torus.out0.05442.h5	73f2e28960caaf508d3ec14dba72554e
torus.out0.05443.h5	c0ee5431e9c1a5bbe5be6ac10204b23b
torus.out0.05444.h5	4e6324ab3f3425e540b63396385b0140
torus.out0.05445.h5	68c6df510e5af2ea5f6d9133eadf9bcc
torus.out0.05446.h5	234ba3227334204361a14abed1fb4875
torus.out0.05447.h5	7aa43841427f6fa8821cbb11516276f3
torus.out0.05448.h5	b7a44cd8dce60e40390172fb6cebe2f1
torus.out0.05449.h5	5f24b234d60aee3e8a98a0a6a7f294e6
torus.out0.05450.h5	58402fcacb2492c22ebe51f4d9853494
torus.out0.05451.h5	968cff111e336b0c5edb9783007566c4
torus.out0.05452.h5	bf92b09e0604f8bb46147d2005384bc2
torus.out0.05453.h5	92e5dc06d9428a0119a602a5152b28dd
torus.out0.05454.h5	cf99411a3cd6086d3ff51a6fd28f204a
torus.out0.05455.h5	48b9dfe53b500885c2beda6c70a49230
torus.out0.05456.h5	7bc10cd177c484b244e33e80cb081a3d
torus.out0.05457.h5	a05a94ad0aaca1a0c320a068cdffa9d6
torus.out0.05458.h5	67a9b496185d7722a079a3288192a1f2
torus.out0.05459.h5	d56b105c76e1266b694947676255d2f9
torus.out0.05460.h5	28d199fa7bf8a11a70129aca2aed9140
torus.out0.05461.h5	255a8da2b11a2647b599c0fa19f3eb44
torus.out0.05462.h5	bf5542e7cc1ab23fa112eaf0a0cb7071
torus.out0.05463.h5	9b68cd2b16bad43ce084c9cc75451670
torus.out0.05464.h5	661c32e567c30672ef3b3f06737a8963
torus.out0.05465.h5	6e7dd922f7ace911127dd8c5b918108f
torus.out0.05466.h5	cbd0c3fa9ba51b7664b923348eb436e8
torus.out0.05467.h5	db89d178a5c6d3971522810467830931
torus.out0.05468.h5	b7f644913b3662de3ee5662f608f269a
torus.out0.05469.h5	ad167915a3363f6d9c71252d0df94e65
torus.out0.05470.h5	ed32ce2afbba19f69e68993e58561e6b
torus.out0.05471.h5	0a5dd95cf82334bd5b341593bb018af0
torus.out0.05472.h5	1354db73d582d46775da6e30bb696168
torus.out0.05473.h5	59ba1d9b706bafdab4526dc03038d758
torus.out0.05474.h5	b3fbe1c3367220a5f51800f1cb4247b4
torus.out0.05475.h5	084a9a2a8e3627951e3c0d43235930fc
torus.out0.05476.h5	1d86c56289237cf291e4c2081f48e2f6
torus.out0.05477.h5	ab76f7253a60ab44ab9c0d36917fc9b6
torus.out0.05478.h5	a22caf56f005f106bff04b08c095e156
torus.out0.05479.h5	ea28bf0d1aec10e3f9b4f01b7db1868e
torus.out0.05480.h5	e51a563981cd2f9931ae5e78dd302f81
torus.out0.05481.h5	ee34484e067c59c7ab11d3942c28767c
torus.out0.05482.h5	82e26bebb0ed798b9fbe56e48d64b694
torus.out0.05483.h5	d7e2cafa34baaa0db23cca3127a58f57
torus.out0.05484.h5	9bdc203b10bc4cd32e978554bed3f02d
torus.out0.05485.h5	5eeab2340f98ef619f899829a2e0d8dd
torus.out0.05486.h5	fa3b63db8153a4df791314fd8e86e501
torus.out0.05487.h5	7699f2cb8c7ef18af41190f22c08311d
torus.out0.05488.h5	fa56c5ae065675112cc9b353c01ac8da
torus.out0.05489.h5	c16e5dd68430687593c3a1b33e7faf33
torus.out0.05490.h5	c7cd170ccfce6e804baa3c105692058a
torus.out0.05491.h5	bad919c10428e3e348564e3e6895d5c3
torus.out0.05492.h5	ee1caf8f4754cf2dc3bdd868ed91b58f
torus.out0.05493.h5	7b3e813b943c1b3106aa3561c9d41917
torus.out0.05494.h5	5edff1555f842b71eeb4aaef1cf89aa6
torus.out0.05495.h5	746e91832d020f6778e489e3afa34352
torus.out0.05496.h5	c75507750d622d8fb0ecb4c6cf4b099b
torus.out0.05497.h5	d41d1e4f9ec427f4f619978d0bc30580
torus.out0.05498.h5	8a6c05b91f9979bb8c326dbb14dc928e
torus.out0.05499.h5	85d6b39a0a6355acc4560685b367a839
torus.out0.05500.h5	205a445fc06d9a0888e8a9b9aada8b6b
torus.out0.05501.h5	638d0e30f0e5bf5216a432f98dcc74c0
torus.out0.05502.h5	2ce6b52da0dcd65d9274c4f7490d30de
torus.out0.05503.h5	952134110800713273a7ec03f20a1b9c
torus.out0.05504.h5	1d7efc56f0ba81e53a341e18ee0ecf7b
torus.out0.05505.h5	619ee2f5eb9b72c1c07f98b5b11b8be9
torus.out0.05506.h5	970446cf9d49c0b690c7dd065d67c9f9
torus.out0.05507.h5	3f66695112f2c00e0f90fc897cdc09ab
torus.out0.05508.h5	d00f274d9b7a0def587707f398570d36
torus.out0.05509.h5	4c1899ea5d89a70796a43dbedf949f4c
torus.out0.05510.h5	84322614be8bec84da14a0aa3aa6a0ef
torus.out0.05511.h5	04c1c88c9d251ca74d9ef3e6c277c83d
torus.out0.05512.h5	ee5afcac4f1c671222bb27a01bc2c7fc
torus.out0.05513.h5	f4dcf5daf81d53cd606d77b1bedc2fd8
torus.out0.05514.h5	ecde4b4d187504d143edb01677f05ef0
torus.out0.05515.h5	b6a2ff494d5b6b8af88b6a6d5863a211
torus.out0.05516.h5	875f5f71af45b1360bf9d56b586026b0
torus.out0.05517.h5	6c6d0b626eb116e6b5c0af161b57ad0c
torus.out0.05518.h5	55fe4ce2fdf69676901b086c1a916bd3
torus.out0.05519.h5	818ad96341cf69971fd77357b5d1e5f8
torus.out0.05520.h5	ed384253609168f7934f78de41b40e0a
torus.out0.05521.h5	e61f28441cc39b7fdfcf620cb23af04c
torus.out0.05522.h5	e7ce6e9da97e5e904692f8309b0d46ad
torus.out0.05523.h5	7b2790b4cf9568190ea527569508c409
torus.out0.05524.h5	8f362fdbad4657d0825aa994ade01a41
torus.out0.05525.h5	d3e2c60b471f58e2df6787a405ea11fd
torus.out0.05526.h5	30a20441c6e543e6aaf140014573f8c9
torus.out0.05527.h5	8c626a1ba70c03220005fdd14227facc
torus.out0.05528.h5	c6616dd9df2fe915448b49884135afa6
torus.out0.05529.h5	5767b6f4f35da39235ee3789282dad82
torus.out0.05530.h5	a250297c95e0669a6811b0215a162aba
torus.out0.05531.h5	a3d1633501ec334f26eee0585e4d6d85
torus.out0.05532.h5	6f92142afea232798f94ad50d719b4fe
torus.out0.05533.h5	29338ad973b0c9df280dcd868a76fd06
torus.out0.05534.h5	b83715e4f10a39146e1d78c99dddaa05
torus.out0.05535.h5	fbb772a823ee9d6481ae978a7d57b0f9
torus.out0.05536.h5	901c6fa95aa5814e34248b37a7b5c1c3
torus.out0.05537.h5	efa8ea9a5ac74c78f31e50457567ca44
torus.out0.05538.h5	7e30cd49fab835e8e7ded61ccd0fa20a
torus.out0.05539.h5	2087830d2a08c94259431a1bd6d9efd3
torus.out0.05540.h5	50a4a1c472eeb8dbea82beb68ed4b9da
torus.out0.05541.h5	23a2b3e6692b253379c6d11b96186562
torus.out0.05542.h5	ba4da50521cdd77d8adc91da26d1c344
torus.out0.05543.h5	13b7c4e425e8db7c14bfe7fa54cab1bf
torus.out0.05544.h5	c8c1a6d963990982fbbacf6d1b627650
torus.out0.05545.h5	a0fdec22d269188a45601246f83f2820
torus.out0.05546.h5	7db4db43b7666aecb8167e13a637fe73
torus.out0.05547.h5	e0d5628a3f9e831a372501544e3c8738
torus.out0.05548.h5	04ca828cdb4ebd7b5ec1392659c75e01
torus.out0.05549.h5	cd54f60687c57f5837b3da5a4da8d313
torus.out0.05550.h5	8d1e1a6d938d25e5dd2ca36a539fb137
torus.out0.05551.h5	f401a62a22fba9b9e25c281ce4c46c28
torus.out0.05552.h5	b31401bbfcec2d673ba0b9503b548b52
torus.out0.05553.h5	3b2651e846311a2e588eb060ecd81792
torus.out0.05554.h5	8297fa199f33f9997227c0845e899354
torus.out0.05555.h5	374c2e61e32432665011c6579e95dfb3
torus.out0.05556.h5	ee8e3cc9f3512b85e8a80a26ea037a3e
torus.out0.05557.h5	80e60f7d137d572caf30b84e3929b182
torus.out0.05558.h5	ed8247d7452453ef3870e6794ac24cfe
torus.out0.05559.h5	774f3181e1f1bca5d2a2b3836b67785e
torus.out0.05560.h5	ea8fcae362ee95cb200f798876eaee72
torus.out0.05561.h5	caf0d1c0d4e20e569b56aa1112fcab1b
torus.out0.05562.h5	1ef2f8c2dfc68017e1a11dec64e7d9ad
torus.out0.05563.h5	e5871a71209dcf9e47e318fd2d77fe0d
torus.out0.05564.h5	38c0695a46c4f7f1cbaf336c3412ce2b
torus.out0.05565.h5	b41631877509c8afa3dd5dfb6f1df79a
torus.out0.05566.h5	740c4ca4a0649a1e0bbd370d98ad4f55
torus.out0.05567.h5	b595fd02953f7ab6eade0d66a6b7f8bb
torus.out0.05568.h5	87005fde8a859530016b0257175b6898
torus.out0.05569.h5	a62f96c2b31d6a6f93460a9aad2a9585
torus.out0.05570.h5	cf9347e44fb6a4a0789cf34ac395a94a
torus.out0.05571.h5	b3d0bd174db5090326512aaf5c09f1b9
torus.out0.05572.h5	36199260540c1c709c42842218bbd483
torus.out0.05573.h5	5428a1b90df9c5e79c0fd4d467472b04
torus.out0.05574.h5	aca88f5c5e957c77528a8770f7b965b3
torus.out0.05575.h5	4769bc93dcc21671fbcf94c99ce12caa
torus.out0.05576.h5	e98aaa9fec5a799dc32f88e3f1db5bd3
torus.out0.05577.h5	a4ae56567f329fdfb0388f59d9a39b55
torus.out0.05578.h5	5d7b083d8fddfbddac6bcdea10947570
torus.out0.05579.h5	ad8a8ea15366a8de346cdf8345c25a48
torus.out0.05580.h5	1e09bebaf7d590f078f2628c5626c9ef
torus.out0.05581.h5	c0abb6a5c9ad18c61d1fecbf1f334897
torus.out0.05582.h5	bbe628dfee050f719d483f15f72743a6
torus.out0.05583.h5	6f9d87ce1c0bc3e6f9bf1fd495ad7321
torus.out0.05584.h5	a25c99682976f9344fa20135337beae0
torus.out0.05585.h5	dbaae41b1a83b81a239ca898caf04a95
torus.out0.05586.h5	a0c30af4b662d4659b9354a6a3e3fa56
torus.out0.05587.h5	2b02f52f416e6e31998542db9dfdb646
torus.out0.05588.h5	7c1ecc1524d0f77ec70d2f34669ef041
torus.out0.05589.h5	1804b872dec73dca14a9ea6daacd3928
torus.out0.05590.h5	da35de5fbd90179a5cfcf07916bcd4f8
torus.out0.05591.h5	0021f57a9e89bfc37f2ff45933d32aed
torus.out0.05592.h5	e40f2d8a19c0e03cc8442719bd990a1c
torus.out0.05593.h5	b1de76738381ead62d63218b248d0599
torus.out0.05594.h5	47bc9af7fe08c4063b0324769bfc61a1
torus.out0.05595.h5	184216fc97a5793481bd92e97dcdd1ce
torus.out0.05596.h5	a8f916ec0c9fd0c1af1c31cb5619d225
torus.out0.05597.h5	99b93398ce955d4678c1d98da79b3578
torus.out0.05598.h5	1e7d544907f956a492841a8f96f82495
torus.out0.05599.h5	2cf0fa5fca5cd6a0a9a514e22a00313e
torus.out0.05600.h5	bf9ee8f0f59ed61433a3a2eefc94eeb4
torus.out0.05601.h5	9db5f27fff9c3dbc34f85b0d3bc1c6fe
torus.out0.05602.h5	8aa8294ba89768fb109e0289370c532e
torus.out0.05603.h5	d59034ff0eb7285463c5a828974bd65d
torus.out0.05604.h5	fd947e0eb323bc186080068c4b97cc56
torus.out0.05605.h5	3d816ffed42d9c0a751171288e1085eb
torus.out0.05606.h5	059546e30122a2352ef4d9304e879fdb
torus.out0.05607.h5	48a79c5581c22681bdada3bf9df2c48b
torus.out0.05608.h5	e36fae028a23de85da679b8c53c0ba1a
torus.out0.05609.h5	293471566be78634d2c223915d62998d
torus.out0.05610.h5	c0ccc0dc27ebbdde8ee0adb4594a44dc
torus.out0.05611.h5	e217f41f0a078f33a8bebeb4db42578a
torus.out0.05612.h5	ff6aa453c51f93081c692105bccd4c92
torus.out0.05613.h5	c65b03c12bed5df25f8bbf2714f9ed16
torus.out0.05614.h5	9e532234c2b6067f9237394fde8be3a2
torus.out0.05615.h5	37fe81e2527539a1a6505b7422d75134
torus.out0.05616.h5	7667cb4365c76235894f2839d348d720
torus.out0.05617.h5	1af6f0b322c7282f68443b9381c1ebe5
torus.out0.05618.h5	94e00b637a91d3c169fdad7234b04c57
torus.out0.05619.h5	245bb20bfea8089a26f7ea6cd584419e
torus.out0.05620.h5	679cf78570a11e0c5663c5317b3c96b4
torus.out0.05621.h5	3f7efb0f2f2022e24e0921a35583a51f
torus.out0.05622.h5	ec5b805c7894f1cfc7f4a247212be2f1
torus.out0.05623.h5	e5c2e7c02c45e838c55b2f2202cc9857
torus.out0.05624.h5	d15ac4104bc35c3c7d90a72076f02d2e
torus.out0.05625.h5	8144224abf6d3aa6900909f4ca019565
torus.out0.05626.h5	4718407fb86c8902a2e00103d3b4483e
torus.out0.05627.h5	72352f3d680a81920913074eda46c5f7
torus.out0.05628.h5	1ccbfad79384a42177b15092b8dc1afb
torus.out0.05629.h5	543b3bbb894a080ba1d855713f3aff8b
torus.out0.05630.h5	69ca3cc2e4f5d6102a82c8de6417cbe1
torus.out0.05631.h5	eaa9e90d9efa07eebb4f4013be1d1804
torus.out0.05632.h5	5eaa7c5915c299d9dd1b037edda3f7cd
torus.out0.05633.h5	5e3cf5d329556586377e5c8626a188d2
torus.out0.05634.h5	9108d932ed483d42c49003ada3a679de
torus.out0.05635.h5	8479f1ccb97b5bd67667e25cbbe40ef3
torus.out0.05636.h5	c1760fdd1906ec7ab5bd5efa905b6c8c
torus.out0.05637.h5	02e684a01043dec08227d3c658bd1767
torus.out0.05638.h5	3ca950214bc33b7b892cfc0c09a381dd
torus.out0.05639.h5	61dfae4c53d3084b0586bb0eb7212139
torus.out0.05640.h5	4167991d3138c605376f3034c5cffa8f
torus.out0.05641.h5	c09b9d0c272001ec260f0339766ffc3b
torus.out0.05642.h5	6d45ca1edad98cbe5b673a55fa97d6f1
torus.out0.05643.h5	04b0c7f64a2efa61031bb91bae0ba716
torus.out0.05644.h5	c83a6d46ac2d3822646c32c21acae400
torus.out0.05645.h5	1d0267cfa1efc18c0797fe1aa91ef48b
torus.out0.05646.h5	54bc5c2b51962c0173ed2dfe7e065fcb
torus.out0.05647.h5	90c80a45ba52f53a5617cd7bdc292408
torus.out0.05648.h5	188adcfc84428b4a2d335683bbb6f97f
torus.out0.05649.h5	af1159e6d2984fa159a4bd534d9ae46d
torus.out0.05650.h5	d5d5b72771af5f47080188b0cdeae3fd
torus.out0.05651.h5	137d1bb09d017bd786ca075b4c589a87
torus.out0.05652.h5	1b4422ac23f3df0080abe16a1e8a2dce
torus.out0.05653.h5	aed6dbbed0af181621774b743a7c95dc
torus.out0.05654.h5	90d1756ccf5b17d4ee5f679d574d4ee6
torus.out0.05655.h5	d6dc7ae17cf2f1be94b3fc2aeea581c1
torus.out0.05656.h5	a1121cdae728fca58e2d265039b18a60
torus.out0.05657.h5	b5e4fb852f9049b0a4f9675860904f4d
torus.out0.05658.h5	5ef2c51398ad44a7eadd0d520b957faa
torus.out0.05659.h5	d67e9a40b0d592eec51b3056fa89e7fd
torus.out0.05660.h5	2407f23828b40da2e1ae18458a115457
torus.out0.05661.h5	fd3c025a305452b2705e0b071786565b
torus.out0.05662.h5	ee5e0b3a929f99d825680590993f73a9
torus.out0.05663.h5	821066858c9ddb8f08919078436e2c4a
torus.out0.05664.h5	ed3a8670742ee1db0cd48cbbefbd0fb0
torus.out0.05665.h5	a866ede5a13a6b0bbaa5699b07f421ee
torus.out0.05666.h5	08a0369205d9f0fc80fb1b369f4d10ed
torus.out0.05667.h5	3a6d86f00ca04c03bde880ce0f6f0c07
torus.out0.05668.h5	8c7e9510694e246bbb47d37c6e2ccb14
torus.out0.05669.h5	1206af557e77decf91a49786901043e2
torus.out0.05670.h5	170d75715a4df0522bc3935ffbeef149
torus.out0.05671.h5	064746c03ace3a27f5dfc39b1c573f01
torus.out0.05672.h5	c0070404708fa3c91c12d8c2e40a8e97
torus.out0.05673.h5	652b4e91d3e67aaabeae952d19ab8618
torus.out0.05674.h5	14795cd71d68b467248f32188db6589c
torus.out0.05675.h5	41e119f480cd16780172c7b8f063e45e
torus.out0.05676.h5	098d28faf1d353f85cfbb0391a45449e
torus.out0.05677.h5	db2ce616cbe42a7cbdd2bdde369cd15c
torus.out0.05678.h5	1a28ec483b6188924e6ae5a5e0594824
torus.out0.05679.h5	3ac61ffaa4e3dc465640245e6545d080
torus.out0.05680.h5	96b5dda57177b0b528b5218bb58184e6
torus.out0.05681.h5	e4018139e16d0c92d8c48da464fa8c24
torus.out0.05682.h5	262cebee6240c83dfd5ecef08f20017b
torus.out0.05683.h5	d35a1712979cb4455fcdf8ddaddb23c1
torus.out0.05684.h5	549f3c73a82f99d1bfe16c6e8db94c73
torus.out0.05685.h5	7b0e22c57c265f48eb04d720162aa389
torus.out0.05686.h5	e76ff44aeab0997bc5700d58acec31fe
torus.out0.05687.h5	cf8e6869bf19bdde04d208fbd36d8ccd
torus.out0.05688.h5	5b49bfce2b930350f0c65c637efcfe5c
torus.out0.05689.h5	9661e4dfde4569bd0e6e1559edc25c44
torus.out0.05690.h5	60ab0de2d10a1fefb7e183305053a02d
torus.out0.05691.h5	52e4e25f62344226415aca66ad640444
torus.out0.05692.h5	8a82f8860319c16cc8e13ad7a8d76188
torus.out0.05693.h5	952a01b19e638aa7fbd46099f2b6bfd1
torus.out0.05694.h5	68d3591d6c263f03e3a4b0d6df1aeab4
torus.out0.05695.h5	fe186be998833be1078ec84635e7223b
torus.out0.05696.h5	f3876cbb68f8aa18d13d8040ed3aa86b
torus.out0.05697.h5	4b94cc41f8ccde5b83dc6f916b4ca28a
torus.out0.05698.h5	e6802447ea44c04f97486aa29ca737a1
torus.out0.05699.h5	72c4ae1afad4d63cdeb38e61747ce35d
torus.out0.05700.h5	d54332c46906d97f7c3a4e6c53317b38
torus.out0.05701.h5	1eb485d0683252b61fe0be741f250cba
torus.out0.05702.h5	f7876370e4b319fbcbf72e29c184f3df
torus.out0.05703.h5	b36a5bc49a509baf8d3e453290be7218
torus.out0.05704.h5	f4bfdb20e720eecb10dfd7705606c9d1
torus.out0.05705.h5	ed97156174beffdaac890379352d1958
torus.out0.05706.h5	6b4c588c50280a8284c276befb5d3c39
torus.out0.05707.h5	dfef3053c7b8b8979f37f539b37e85a6
torus.out0.05708.h5	a7c0267780c1d40924da33e16008e645
torus.out0.05709.h5	daf8770d42746f669f62217c585756fb
torus.out0.05710.h5	73ebd99cfbb72502701e4b8329b5e99f
torus.out0.05711.h5	03d971c60d9fa2ffbc8273a3ebddce35
torus.out0.05712.h5	5892fff6f459001caed8678c28fcc604
torus.out0.05713.h5	964e3118952b1a2a69a07a227804bbc5
torus.out0.05714.h5	d8ba70ffed1b31238d823a57d2c23370
torus.out0.05715.h5	40116a303ca9012b11c1b3d86036f9cb
torus.out0.05716.h5	11eaa6b51e77d14326247ffc9c3675de
torus.out0.05717.h5	030d60da84f81bf2bfecc7cc489966b1
torus.out0.05718.h5	2f0a6e81734cfb2548753a88e7458b1f
torus.out0.05719.h5	80364673bc3a8c1726c7d130fc22996c
torus.out0.05720.h5	eb002188e07fe992d3935a517ecd2f5e
torus.out0.05721.h5	1a1f9f5408dbecddd5c47a209d45d4ed
torus.out0.05722.h5	75154426f088d8531c2244f418d42cc9
torus.out0.05723.h5	9c1102c422527e40e646309778ab99d4
torus.out0.05724.h5	ddad55e93bbf22902ff8d5d3ff24cfcd
torus.out0.05725.h5	accaea054bd291a2856b57df5b9fd8ee
torus.out0.05726.h5	9d01081035747bbcc54822ea07300074
torus.out0.05727.h5	ace5a51a6aceda85b1e8a0212fe8b487
torus.out0.05728.h5	d8d3201f523407a4d6d8bc4959d1a0e2
torus.out0.05729.h5	07fa821b4e633cc6dbddbcaf28e51eb0
torus.out0.05730.h5	3fdb4884ba9f2ffef8fd06be9ab40a79
torus.out0.05731.h5	6716141e0c47da0ba46be347f853f53b
torus.out0.05732.h5	12b84bf348582848e357653f0fd54463
torus.out0.05733.h5	5f03c080278ee2aab4a8b849ee6d8ddf
torus.out0.05734.h5	e58fafe60daafc4fd24c3433c6dbfe45
torus.out0.05735.h5	2603913d8f0b4396a38d8eeb7b3d1018
torus.out0.05736.h5	d8ae526d2eede8a0ee794d14e127e10e
torus.out0.05737.h5	f4d352aebbbc167020cbb653db5e19c4
torus.out0.05738.h5	7ca864b4b5baf45d1696f937c0ea5afb
torus.out0.05739.h5	2d281275cecb2c3250816175c2f9abda
torus.out0.05740.h5	6588cc9649fb532577a46490b46df662
torus.out0.05741.h5	e239121fc367670ffd6c0f0a895feb92
torus.out0.05742.h5	8c8a7d05cf167c3dff7b3f6a85fa1a4f
torus.out0.05743.h5	e0075297fea2c1dfeab7b040f8034259
torus.out0.05744.h5	cc727c773ac6686e9458969ff8eb9d8c
torus.out0.05745.h5	304aacee6493e79473b83ae5fd441e89
torus.out0.05746.h5	326409b9ae18cc2414928a8e013bd7f1
torus.out0.05747.h5	45cbbede9329aaff638f203281e3b3dd
torus.out0.05748.h5	2232b705614ce325f82f4edd5f9f2cee
torus.out0.05749.h5	e6913976494b015ac93e9c5d6797b3c5
torus.out0.05750.h5	df9394aad204e7cf1dc01cb58fbade25
torus.out0.05751.h5	dbf72bf9a8ebeae053cda461a146564c
torus.out0.05752.h5	62cee05ae39a3e3d75591397a2e0def9
torus.out0.05753.h5	74cdf0da1444a306096c3dd41f3126a3
torus.out0.05754.h5	52c6394fe5918e0c62ac7f864c531cd2
torus.out0.05755.h5	fc70b38a0aa3cc817155e5f3faa5004c
torus.out0.05756.h5	3bcad0d7b0df058352f653aee2159e8d
torus.out0.05757.h5	78d420ae402c530e62a4811de4c9867d
torus.out0.05758.h5	13e4f1791f5ccbd9b139e22a5976c117
torus.out0.05759.h5	f51987035c7f9b2e65600938e26a347d
torus.out0.05760.h5	fc8ec9d15e661e70e3f338b857e424c9
torus.out0.05761.h5	134d6427ca7d641c86bbd2aca8cbb732
torus.out0.05762.h5	7eb550b26558bc01cce49251f9383953
torus.out0.05763.h5	fdcb5a749fdd4ea63616d22061c8f8c9
torus.out0.05764.h5	f5cec7a8a7a0fcaaac5d7f93559756ef
torus.out0.05765.h5	e37cbc46e52e7332afee3c6882f23881
torus.out0.05766.h5	cd6195e46f724dce6ae4c5659d8ccdb9
torus.out0.05767.h5	ff3a489ede51209dcf3893ceb2b5d55e
torus.out0.05768.h5	c486b029558e0c1f7d903d4c70f0ee43
torus.out0.05769.h5	2ccc55798f0feb9d30b68788dc725c0d
torus.out0.05770.h5	fdecba83098c49708d59e0074add4ac4
torus.out0.05771.h5	2d7fc89656d9af03f294316ce3ae3897
torus.out0.05772.h5	6a2373cd5a51b0058fe441d31df5e6d2
torus.out0.05773.h5	b9ea9128683ba6600d07a146e99339cb
torus.out0.05774.h5	c08653590e490e05242f7a2adb05f59c
torus.out0.05775.h5	b7ef1dcf57782be0a8f91be28a93dea3
torus.out0.05776.h5	87ef16f3b373ac8e3eb3ae3d2ed8ac55
torus.out0.05777.h5	2a2c542740f8ec05c69c01b18c1225f3
torus.out0.05778.h5	c90892cbbaee8ca37949e519da8dfacd
torus.out0.05779.h5	d65e8d27a771530c694e158c203ce0cb
torus.out0.05780.h5	c8cc1cccd2d35acb33f4fbed5304a254
torus.out0.05781.h5	6c05f4726b8584bc4ad4d73e6a0db920
torus.out0.05782.h5	3611237bc4ad919c6075b954c1b43805
torus.out0.05783.h5	9f82d0e4caecd1687324f9e336243949
torus.out0.05784.h5	1ab0f4e8080aa44ae5367b507ab1b6ff
torus.out0.05785.h5	ca546422ecf0837bcdcb0e6826b1d8a9
torus.out0.05786.h5	4f26a7be9a3dc60a7a866004e3b77d38
torus.out0.05787.h5	7d4ecf6ed676a1ad036a293b5ef76e06
torus.out0.05788.h5	87da4fd084f21a0e6e1fd72867e4fd8f
torus.out0.05789.h5	379f7e5c8bf6cfa664dd39991d2f23d7
torus.out0.05790.h5	714f6d64f5d40e0c4c8a0c005afaa82c
torus.out0.05791.h5	d07d8e4cb3731f08c25258b6470a4558
torus.out0.05792.h5	98cdecd439fba71fbe27478f5de4f93d
torus.out0.05793.h5	c38caacadd18a211962958b13d88daf4
torus.out0.05794.h5	bc127e699f8903079cd30a416aeb851b
torus.out0.05795.h5	dd35a6a51e7358618f6909f8149c3dfa
torus.out0.05796.h5	a10e29b84e6be4dfc4706ddac0822fa2
torus.out0.05797.h5	d9b70c7bc715350a910d801ac3a3e68f
torus.out0.05798.h5	404a2ecd421e93d0c9c5d17c66f91de6
torus.out0.05799.h5	d3846eeda41600e975b62e2b1da4ec7b
torus.out0.05800.h5	23767642cbe95c2647baa8c3a08539e2
torus.out0.05801.h5	e505524dfb898ebffc7e13b604435dfd
torus.out0.05802.h5	7fba3a73756f8c36bb6862ca8c779e98
torus.out0.05803.h5	36da22305d7039d0240e8d2273c61298
torus.out0.05804.h5	8f773b24a766969121ec7015cfd7facf
torus.out0.05805.h5	98875e3b9ed75bb798f72b52ff5b54fa
torus.out0.05806.h5	c915e2867b747a177d8daf9265ebf8f1
torus.out0.05807.h5	e4a7341585c1cd0398cfd65cd7d6d1e1
torus.out0.05808.h5	1ab6cced7d67bd3b1f898e0b26b8a033
torus.out0.05809.h5	a7bfcdc5e46995fd2f08e47c62934e69
torus.out0.05810.h5	5af7abdd8a0514a6f660c49a8d4f19e3
torus.out0.05811.h5	91e0bb27a9a31f503917b33db49edc48
torus.out0.05812.h5	a0745c5eb8e4964364dcb521523a1c7a
torus.out0.05813.h5	ed46bc20f9afdfa1f91832a513a5e5ce
torus.out0.05814.h5	8241a3a21410cbb0d2feb8978675b58b
torus.out0.05815.h5	b4a61d266d1b631b7069805fdbf79f8c
torus.out0.05816.h5	ef25be7ea5da0ae5a62de4bf50757226
torus.out0.05817.h5	bc1bba4567b4d5ef799973d3fdc8fbfa
torus.out0.05818.h5	406ed14a7794edb0c059b0d2162a8759
torus.out0.05819.h5	da12feda2d311ce4561b934794578876
torus.out0.05820.h5	0fa3c043138c8b9c99a8b74b74743b36
torus.out0.05821.h5	014fa3979e8a8e46c229632166d8147e
torus.out0.05822.h5	f3eec219facd79e767fa0e227c45065f
torus.out0.05823.h5	16cfd780e56f76008e26ecd6ce4247e1
torus.out0.05824.h5	7db20801b2301252ac237f3f8e6a4fb7
torus.out0.05825.h5	7e3716763500f4ce2afce953dbf897aa
torus.out0.05826.h5	ebbc37c26fd94e746575277f181815ae
torus.out0.05827.h5	99590ffc697991bf231b3c1ad5e65f2c
torus.out0.05828.h5	5a540c5ab681bd93085a1ff9aa872819
torus.out0.05829.h5	3e616f3e840467190bbec26aaed00fbd
torus.out0.05830.h5	ff84d3663f52b4bb883a96d94d2d3268
torus.out0.05831.h5	e54c7a4e9bb45b4f1ed2e8d1c74def24
torus.out0.05832.h5	eed9c5a1f01f47ce19ac3793199f67a9
torus.out0.05833.h5	f18df91e872dde86ba1dfc4cd1dece3d
torus.out0.05834.h5	a865b0e7b66cb0085f8995968c53f8af
torus.out0.05835.h5	635dc7fd695bd1a742fd8d0897345a82
torus.out0.05836.h5	b554a20a9f1179725cba9178d30bf2f9
torus.out0.05837.h5	07f5b418292a9a7039762d35a7dcff12
torus.out0.05838.h5	0580f63e1e5f3f6d1565ba1ba16c903f
torus.out0.05839.h5	f4009b0c59016efbae83d1ecd2ae31f1
torus.out0.05840.h5	3c389047575a0f2ffacc4fbc1400d726
torus.out0.05841.h5	c9cca89862cf810522649aca08c4a3ce
torus.out0.05842.h5	84ceaf5f2ddb71b4abb16968483e63d8
torus.out0.05843.h5	1d62cd183064d0fdec7d5a902a47f6ce
torus.out0.05844.h5	d4c2ee09cbc60b1f0f82126f0d00b428
torus.out0.05845.h5	183cec2863ab0ecf2c39901fd9ed24f7
torus.out0.05846.h5	592b2334b7ded78a36a6bd9ca60e9680
torus.out0.05847.h5	b436c09b8bdb0de10b5490c52789822a
torus.out0.05848.h5	ed0313df1ad692557ec753fa628f0ce2
torus.out0.05849.h5	895de72177319d395d50b609cfd6aa86
torus.out0.05850.h5	ffcb415ff91ec3db9480db581df5775e
torus.out0.05851.h5	11af310a196db54a2e75b9669ff393df
torus.out0.05852.h5	df2949bda59288ec38f75ab42c4a4a68
torus.out0.05853.h5	1f68bdf4c7f8f4bd70c2a87817d4a6f0
torus.out0.05854.h5	6fb26af43190ccbc65b9f16e46f6314f
torus.out0.05855.h5	9e6d4677b0444b9f8a3acbb017850a90
torus.out0.05856.h5	1c581c311c48d3d5390b468a9d8bf927
torus.out0.05857.h5	eec9252604aaca6e00f68f438be8ee8b
torus.out0.05858.h5	cf5fe2fb8965da9de714413181c2379e
torus.out0.05859.h5	e929054439a4d9a03a7bd1336ae41617
torus.out0.05860.h5	1e9cd462588b2fe6d099739685280d49
torus.out0.05861.h5	ca18479c69a077e926a8e2d89c736263
torus.out0.05862.h5	71cbbe511d71cf56250c10516b15aae8
torus.out0.05863.h5	3b94e630724d090034fda35c4fec5238
torus.out0.05864.h5	41ea546c0c1b9ddd199c73aac54d90c0
torus.out0.05865.h5	2e2cd5c7a7c5fda6520079f91863ad42
torus.out0.05866.h5	f6f5d0e332fa97b659b26fb807e084ec
torus.out0.05867.h5	eb3b1436faf2c6552f0737213287a701
torus.out0.05868.h5	52ac5be913df283cb5188dea0ad03bea
torus.out0.05869.h5	1a3704d30b26e006b45027a8ce738e28
torus.out0.05870.h5	12fffc5fc8d81e02915be1c28b8738bf
torus.out0.05871.h5	5565a2e2aba99eb77b1d0d8261757aee
torus.out0.05872.h5	4bacc09c39be45f876fe44d3c953a15f
torus.out0.05873.h5	372cc178cbeb6f8cf825805cbc89cecb
torus.out0.05874.h5	c7b7d74c6979e33bd7894db8cdd1010f
torus.out0.05875.h5	47512780d821a4f8eb94aaf11321d681
torus.out0.05876.h5	29fedf2158bd674d884dc5b2d5ba7787
torus.out0.05877.h5	bea76786990f936ea38deab9fbf364a9
torus.out0.05878.h5	09139665945ff78329eba0b809680dac
torus.out0.05879.h5	dfb119404463b562a4e348cd7679efb5
torus.out0.05880.h5	737bbc1e339e0a00235df6c65e8dddf3
torus.out0.05881.h5	40b86d623ad899a7f6ac761156413429
torus.out0.05882.h5	e30071e4c6a76e0f3a451cf33d03dafc
torus.out0.05883.h5	ee3d7fb5367f307018a814f5acbdc010
torus.out0.05884.h5	8f3b5126cd44b73c725e3253145f876f
torus.out0.05885.h5	7d6e18a276640d1b5c9d0d122d3948b8
torus.out0.05886.h5	b36a4bd5c9a634d03f8879aaca5bfdfb
torus.out0.05887.h5	0b441336dfd78881c40c2da70c6f6ade
torus.out0.05888.h5	f1d1403e67940a04296bd05c5ee155ce
torus.out0.05889.h5	5c4a78ac5622606648ed8992a25ef1fe
torus.out0.05890.h5	93ed158345065bdadc35c4c0ab212b82
torus.out0.05891.h5	2206502028a946d8750047bdc2ce395c
torus.out0.05892.h5	04e78e31bf3d8103d23ccdeb543d1f72
torus.out0.05893.h5	2951f90826c54c550fc059bb6e58efe3
torus.out0.05894.h5	c3a20af3d1f6bb26bc96d25dc3335782
torus.out0.05895.h5	e82f66f62f6730bd0a16eb0142ea4f66
torus.out0.05896.h5	21e888da64a5d4c1927ac60664f5d73e
torus.out0.05897.h5	1d3dc465ca9e596254bd0a198cb7ca6b
torus.out0.05898.h5	1cb1ec440250739675a952cb1d45789c
torus.out0.05899.h5	911c9ebce74b16e412b47619e3b3a71c
torus.out0.05900.h5	c61544a6852b0f9bdc280bc29d6ad1b6
torus.out0.05901.h5	26944c3242a6c24e595f993932ab3761
torus.out0.05902.h5	3eb0f53bd82cb8ae80d3668c64f17213
torus.out0.05903.h5	6a8a79441434c8b6b9e0e938a662c990
torus.out0.05904.h5	bcf9a9bee082d089e15a0cf225c486bc
torus.out0.05905.h5	fa30c239c595e31fa1520463f1f3bee7
torus.out0.05906.h5	f8531ed824a14e92541609698646f809
torus.out0.05907.h5	af4790a0cca8575cee2fcddf62112f9e
torus.out0.05908.h5	9ca9333dc5f58802aed544121d885fdf
torus.out0.05909.h5	e054ef7959bf7473d0a3af84bd59618d
torus.out0.05910.h5	295c3b8c0ce8ea18e332f3731b80d46d
torus.out0.05911.h5	aedb4719ff20b7a813dd1ef8f5b4e8f3
torus.out0.05912.h5	57648b1992b8fefc17daed87b91c0658
torus.out0.05913.h5	b383acf3ff0efb6807f087ca1d92a047
torus.out0.05914.h5	b33926a7e801b97150f0dafaff84a589
torus.out0.05915.h5	8e5f49016a5cf20a6e6f1035636059f1
torus.out0.05916.h5	c895ea74c54ae0da209d189c38883b4c
torus.out0.05917.h5	6db4ec5cf6bec72d5a26270cf62004e2
torus.out0.05918.h5	37186ca27e542a64164729350b17af4a
torus.out0.05919.h5	041d30f8201d0af2550a1d103c81164f
torus.out0.05920.h5	7b3b3866fe13d3c79c51120a042bfb79
torus.out0.05921.h5	f8658a6d7cb6efdac719e77b76a2e33a
torus.out0.05922.h5	88b4b8f93fe14b38fe5ad4401be0321f
torus.out0.05923.h5	976bcb210ef2f0f87317060debf457ca
torus.out0.05924.h5	8e4eded272e0484d033ff85fb9450fd8
torus.out0.05925.h5	759e1954e4c52777cca31de0cba8eb08
torus.out0.05926.h5	6b5a0db51fd4ec9c6784a361d4fafbf1
torus.out0.05927.h5	9d08ebfde38126c8ca569d301dd8c4cb
torus.out0.05928.h5	d35c6b606f952ea96240f4ddaa025863
torus.out0.05929.h5	9b4c94781152c92c41fa9959d530ad2e
torus.out0.05930.h5	0c032acb9a63e70e44f2cb0d55daefb4
torus.out0.05931.h5	76b7a12abdbb8fd63113d16f03b3129f
torus.out0.05932.h5	1b21363d9d25554f427a1973f67e4a9e
torus.out0.05933.h5	c0bb004387cdb073fb3734df2c465a1d
torus.out0.05934.h5	2a3740cd8ab7600fb7a9efa5d444d6dc
torus.out0.05935.h5	3c2ca74df1c94a9f95631fd68c5609b4
torus.out0.05936.h5	e5866458b04b5add1f7d49ade33fa804
torus.out0.05937.h5	6aab6fb1f7d8b500003b08dd05a9f107
torus.out0.05938.h5	9935a61d3de369fd235a200ffde5753b
torus.out0.05939.h5	58a5b9400c6ad4bff2d17c66dab914bb
torus.out0.05940.h5	f01b65582ef25cc0d48a841bef1db009
torus.out0.05941.h5	f52e50193831e20b3d181d49b9200725
torus.out0.05942.h5	6b2ece9dead2049107299e7890a298c5
torus.out0.05943.h5	ac05219c3127590cbea640b09763cc9e
torus.out0.05944.h5	2250602898d68c62c3289487923a4cfb
torus.out0.05945.h5	0b996e86ed0277d73952dde164b492c4
torus.out0.05946.h5	5dda47c953a99bd8ee94835c8940f123
torus.out0.05947.h5	b291a81f8957aed3b7805715428852a7
torus.out0.05948.h5	515e9ada29672901bc3307ac795fd63b
torus.out0.05949.h5	6896c4a6e3edfd5f8a3058fb5e5f9b1c
torus.out0.05950.h5	15333a45dc5c9b36fd7556ecf8abc021
torus.out0.05951.h5	bd07695abcf417ac0f83077b6fa07dc4
torus.out0.05952.h5	71fffd8410341bb29494826d8650326d
torus.out0.05953.h5	6ceba5b84b9e2357d1acb57b379ef8bb
torus.out0.05954.h5	821e176f13ad81b7b319ee5ae4ba083c
torus.out0.05955.h5	fc30b986bd62502e9b78a61e7ab81b0a
torus.out0.05956.h5	079b69b497868bb428767d2413109a11
torus.out0.05957.h5	8b9367b73293a1603240ec572f12a2cc
torus.out0.05958.h5	bf339e2b444e75dfd7f232ad578def36
torus.out0.05959.h5	9ba3fe615ef891fe6a97898cbe3c6953
torus.out0.05960.h5	80f78958fdd46f6c38a30df623a31422
torus.out0.05961.h5	e60e599fbbee77f8dcca068677ca469a
torus.out0.05962.h5	a4ec01a8cfb1fd28f3db8d2b903900dd
torus.out0.05963.h5	9edb797867f9863066e46f9c199ebad8
torus.out0.05964.h5	b26ab8e7b6259311f9bcff11b2605e7d
torus.out0.05965.h5	566b4affffaad44f0486dbceb24824c9
torus.out0.05966.h5	51819988fb990699968e8002696173ed
torus.out0.05967.h5	edddc778db47122232477d9e37c78c82
torus.out0.05968.h5	e05bc3b4c16238a2dffa38dd1db16f94
torus.out0.05969.h5	5fb3a921490cf55135301248d523646d
torus.out0.05970.h5	427c195f8600a6f70b44535a2a855041
torus.out0.05971.h5	3b0b47ef2a7635d101125ea747a199e6
torus.out0.05972.h5	16f4f91df0cba1fed53dc8ce2bcfd7a7
torus.out0.05973.h5	a55043b942f181714a7f419eb7b28ca9
torus.out0.05974.h5	77999bf5cfd411cd9eb3849c5eaa2387
torus.out0.05975.h5	ff35429ee51240088744d47a2e17bad1
torus.out0.05976.h5	0ebe5a91c2923ab6a012f8ce58ebcc98
torus.out0.05977.h5	69ddeeeeb6945f32765b4580c21172e3
torus.out0.05978.h5	1a60eea8aa046be1fd1d74ce4356b2f8
torus.out0.05979.h5	1025d4952ea5b46ebce4f85127d3bd2a
torus.out0.05980.h5	bcf7bcceebe7a5354330826da31ad374
torus.out0.05981.h5	ab2c63f2420d7aa82333a781b5562002
torus.out0.05982.h5	be7e8cdb303e0e5c0cf8066d0c9668f8
torus.out0.05983.h5	682d00595e9659d071607dc01f963967
torus.out0.05984.h5	b73cb2a7ed3ae4c7db170c855e5c1a72
torus.out0.05985.h5	4ba9618e5312ed60ce77b29dd522cfd9
torus.out0.05986.h5	a734ac80577460ea35eb92d273154aaa
torus.out0.05987.h5	0f2a9423de2643fd78421d9e951eccc9
torus.out0.05988.h5	7d6fd07300f708aae66395e2cb6d0595
torus.out0.05989.h5	fac484ef6996ea6ac33d890ed893589c
torus.out0.05990.h5	5d3e72f72986c46535417ba72d0cf5ae
torus.out0.05991.h5	fb8670493696850c2c1c88d4b970c906
torus.out0.05992.h5	d1fe4a784872dc9ce9ec0dddc1f51852
torus.out0.05993.h5	eb966154ea801e8dcf638eca26f84256
torus.out0.05994.h5	cec7e497b4766d20695057c36a96b1d1
torus.out0.05995.h5	c5b5c2402569eec8ce840f6a1db45d02
torus.out0.05996.h5	f9acdeaacb6345897c73984f6c6ceae7
torus.out0.05997.h5	145fe791f08932866a03345cba4cf771
torus.out0.05998.h5	81b13abd737838c6d9b0435938eba79e
torus.out0.05999.h5	871a859328a0bce4eb44057f257e1820
