torus.out0.05000.h5	91139f2fcbc66d16b850a995faee0b2a
torus.out0.05001.h5	5410303c5d922091b6955ed33c1dc115
torus.out0.05002.h5	bf1ec2488c26f763c23afd39caea9f77
torus.out0.05003.h5	76a284238a0e6a3e6c5826847769745d
torus.out0.05004.h5	68d7f49051ac404fe9c19685a94027c4
torus.out0.05005.h5	41aa07f547c23fd032f406e6fbad6870
torus.out0.05006.h5	7b55df0c187af6f8ccd0ad45826f8c44
torus.out0.05007.h5	b9643224b7967bba3923b7cff56aa9d1
torus.out0.05008.h5	02a2854fbd3991c369bb05b5978fe884
torus.out0.05009.h5	262199948a1f1a09afc45f00b74131d9
torus.out0.05010.h5	8d20982d37513773a5384ec2b6f33908
torus.out0.05011.h5	10a27d7a6a8f3ece6cb7d67d6b11329c
torus.out0.05012.h5	4672dd0ff355f8a4b1a2844cdb0bfb66
torus.out0.05013.h5	4cfc380ae9b78408466b367a91d1db60
torus.out0.05014.h5	14f985ba1e3fc4b166f190ee3208f6ea
torus.out0.05015.h5	959af52a17f5f35649db9134d9fa87e5
torus.out0.05016.h5	7b5cee26d8711f88e6c6a1f054d9e012
torus.out0.05017.h5	1c8a6274f0295d7e058fe68439fa9e59
torus.out0.05018.h5	5d2a4acb29a4d5a01a6e540ed15a6d9e
torus.out0.05019.h5	e07679b6dfc22c4b2037037e41a33a27
torus.out0.05020.h5	5447197f3ea17a05a9840fdc6a238b46
torus.out0.05021.h5	6ed19cbf1b60b8f08f7b0e54b0aefb98
torus.out0.05022.h5	cf218197522616a9cf6d348ed5517c3a
torus.out0.05023.h5	6335594f7e6253d05a4b1f327f5a9a06
torus.out0.05024.h5	bd40f6c9c4178c2f941887fc74fcc2c7
torus.out0.05025.h5	6cb50b13518a3a3ea5379e707e292ed1
torus.out0.05026.h5	bd05db4f3ba95a61859f163c4c053ab7
torus.out0.05027.h5	2886c974860fa10e44c09354fc8ce69a
torus.out0.05028.h5	699a986804295c20ce1efd7511870b61
torus.out0.05029.h5	a7ff8a1c01448cb1059dc49c4b73af79
torus.out0.05030.h5	bd9f0d3af111408fe2e82d1a1465d72f
torus.out0.05031.h5	344f8743c8089dba7a721dceda158438
torus.out0.05032.h5	132f86b20dbfb22668aca7722b326722
torus.out0.05033.h5	8173eb10f54c0f3c53d499fcf2fa7f3b
torus.out0.05034.h5	b7aae586b786bd58d2279e36f3be4dc9
torus.out0.05035.h5	b326674bb5e202eac903a4523dd29758
torus.out0.05036.h5	55e570eee679ab6f1a2c126ae001fb03
torus.out0.05037.h5	37d02adcc80c5d4e7d7db3da780d109f
torus.out0.05038.h5	5f31fe82fd47e065b57cfa8be04226a8
torus.out0.05039.h5	055a24d02379f522d0513ef02932a38c
torus.out0.05040.h5	1934983a8bb8092dbefe562a273e30a1
torus.out0.05041.h5	8a72c09b66a02df1577442593afd6a8c
torus.out0.05042.h5	545fed5a5c6fdba9459f15b04c19e8ff
torus.out0.05043.h5	58ff57535d8e0dadfd9c86598edf27bb
torus.out0.05044.h5	35930081aafbfe22dbdbe80e96d483ee
torus.out0.05045.h5	a9fdade8669e508a003756d53c584eca
torus.out0.05046.h5	78a63dd2462d9ef7901e90bb140da321
torus.out0.05047.h5	3158502f7eca178abffb4767aae6fc6d
torus.out0.05048.h5	ea1520e5e14511799534ad92e9cf6904
torus.out0.05049.h5	0136b500fbd769890bfb2e840f8b35ed
torus.out0.05050.h5	979bd8277c51121f220e28c105fb0c09
torus.out0.05051.h5	8fc063dc311a19a4d908651aa4e58ad2
torus.out0.05052.h5	30442160992d821782b6593569891347
torus.out0.05053.h5	48c5c00dccfed5581dab63e9a7043037
torus.out0.05054.h5	7a8131a4620899323bbf8e234984aa4b
torus.out0.05055.h5	4a0a129615bc1cb6cd3b05e4d34343de
torus.out0.05056.h5	8e051ef593e0b9d8c9d4dc9987dfa60d
torus.out0.05057.h5	ad6fb1b9c08412b9c70d3278ca0f1e84
torus.out0.05058.h5	ac7ced93b744f011dfbd17cdcbebffb7
torus.out0.05059.h5	19e57482e90339a3d6181c63b8aa7f42
torus.out0.05060.h5	ad2bfff55ad47132f28023c2528a6998
torus.out0.05061.h5	f2737166acfb4839946d796fb70855ed
torus.out0.05062.h5	562ea99112480d2565e68a56c654ac55
torus.out0.05063.h5	04f1a4aebbfe0c4d21a3e5fd25c42e86
torus.out0.05064.h5	215a648ab5279852abdec15574779d0d
torus.out0.05065.h5	74970e4fb2f9ac5e41b22c70459d6109
torus.out0.05066.h5	a64ce9c5479fb4b7b50f670294bce974
torus.out0.05067.h5	617729fe3bf18e7e2724378e85d78890
torus.out0.05068.h5	fd2da7d6c34f6f174d0893f4adb65d9a
torus.out0.05069.h5	822f3923b3911a226a253b14f11e339e
torus.out0.05070.h5	e694ad3d52621c587723e4190bb28ce6
torus.out0.05071.h5	dae179017cc96d951f387ed59a8dc5a7
torus.out0.05072.h5	7fd8551b754cf7f6821466d71a3f91cc
torus.out0.05073.h5	2fc7f2e11367e95847f38893de07fea2
torus.out0.05074.h5	4d66251eb55bd97d4d49c3aebab1de6d
torus.out0.05075.h5	d6a0ed57728f29e265b0385c3c892dd6
torus.out0.05076.h5	38a15f43971a319c83cd401807322c3a
torus.out0.05077.h5	b74f37f8b5fff86cd6989fdc75cb0fc2
torus.out0.05078.h5	cccd82a40c6b74ccdb6805e6fc76d728
torus.out0.05079.h5	c609fd6997f586865bb4feb6b7865652
torus.out0.05080.h5	accb79ad2889d73bd6b5a26a231e05ec
torus.out0.05081.h5	55d06e4dd73cab392afed6bfec1cd644
torus.out0.05082.h5	6506c27cd6b01ed62f5a32bd5596d4d1
torus.out0.05083.h5	f5aa04cfb4a8f560af8dde11e7ae32ca
torus.out0.05084.h5	aa1336621ba768f6dda910cb0edde167
torus.out0.05085.h5	65cc22db9443a634bb35de643736b1f2
torus.out0.05086.h5	17d6bdd3a34692f23556e14ff8c7602d
torus.out0.05087.h5	c84018afbc952f263588d1ac6b558041
torus.out0.05088.h5	453245e0e61b81f65a28f4602a10238b
torus.out0.05089.h5	4326eea9d22ef52bae0f21d3167a7c1a
torus.out0.05090.h5	9174fa7c31840fa4b9829aee9a4228e7
torus.out0.05091.h5	b05368d1ce8581fe95b5b6fc67c429ec
torus.out0.05092.h5	d4ec3f9cf3ced29cfee4c0caded175c9
torus.out0.05093.h5	681aed164cd86884089ca1cf20b9f697
torus.out0.05094.h5	0ba64441f8faab816f6bcc607cb6b3c4
torus.out0.05095.h5	d9e52dbd19ad9128ce90f2652cbb49f0
torus.out0.05096.h5	a0453c777da4fedd86c0b9f474a72853
torus.out0.05097.h5	deea0d9fada114eede11a9744bc84bfc
torus.out0.05098.h5	a897dacd97394d5dc041325b97167439
torus.out0.05099.h5	eee80f2f6a69f309d3e19f3bad2009d7
torus.out0.05100.h5	fc3673dee788a55b68c33298f4c7cb48
torus.out0.05101.h5	8bc0b4a30a6819c71132573144f71863
torus.out0.05102.h5	e8ce1a59c782e6fd4e1ed868dec870df
torus.out0.05103.h5	1030c97281e5f2995c55be8fefda3204
torus.out0.05104.h5	2811cf73945cfcc7e8ad4187c6c260a6
torus.out0.05105.h5	60d2ffa24eb854fc48063c2810d5cc36
torus.out0.05106.h5	9cd30386fd67d2616265a14bfe43cd8d
torus.out0.05107.h5	b5c6924b00f2819127cc788a0435fb1d
torus.out0.05108.h5	3dcd48730b4f4818cb8d291db610ef66
torus.out0.05109.h5	5225ec37dffe661ec6be647bf9dbc8b2
torus.out0.05110.h5	749f912a8f6446d91d992c5bf794452f
torus.out0.05111.h5	86fc687f16dfe19330afb6989ef8ac5f
torus.out0.05112.h5	6b8fd1260d401dd5e5d67c384f534e66
torus.out0.05113.h5	ae759eeffb6a54286e4e0ff754622495
torus.out0.05114.h5	9a1796a10fd4f46eefc0b47a12a47c4a
torus.out0.05115.h5	948f935d6840931c26ced05c3565a455
torus.out0.05116.h5	2fae88abb2cdfb658b94bb96a1633685
torus.out0.05117.h5	d48192ad9e6c62f6a23b0186f3095805
torus.out0.05118.h5	858e136dd502f2c757a5b0cffe2a6a77
torus.out0.05119.h5	4e73e9977110e5e99fe8c08c0082f08a
torus.out0.05120.h5	aea833e1f6107b4866a8e03c5a449e17
torus.out0.05121.h5	b32d411beafdd020d20cc57caaade756
torus.out0.05122.h5	e1c5258c44c787f0648e464dac54eb4f
torus.out0.05123.h5	0b8db2bc410e36463acb58b7a9bb5f5e
torus.out0.05124.h5	8a5bc36a92f999c73c2cbea5c4cac8cd
torus.out0.05125.h5	270f96fecd10604325ab70c125451283
torus.out0.05126.h5	b245c290ea3f6b6a1b795d53510fbe04
torus.out0.05127.h5	69849e50bbb52b51c4305aa3bafd7cbe
torus.out0.05128.h5	c4ebc11325f34a65d3775e5709445a51
torus.out0.05129.h5	bb2add8ed14da27747a1386bf514865a
torus.out0.05130.h5	663cb47331dba7239cc0965730ee7da4
torus.out0.05131.h5	60bb202eae5220d07b0755cb035938d8
torus.out0.05132.h5	3b830fe8938f63dfbcab802a173bdc2d
torus.out0.05133.h5	8974f7c6bd7650470125dec03e03d34b
torus.out0.05134.h5	99d89c31e791fc3786334d71b3f95a17
torus.out0.05135.h5	d401a08200404451363c3250f42e27be
torus.out0.05136.h5	21521be2345e5da4dac2bc6c3802d6fd
torus.out0.05137.h5	5398302ef8d05ab83ca58e412735251c
torus.out0.05138.h5	904ef2ea51e2c1bf40b0de204415c6d7
torus.out0.05139.h5	7fb6fd9adc2fc34bdab554cd301fd3d2
torus.out0.05140.h5	4d4651ab48c83ae1bfee6b84c6476dc7
torus.out0.05141.h5	65a79be3ac0ea29b706172f9e5777c96
torus.out0.05142.h5	20ddcd360115ff493824451d1ee2f472
torus.out0.05143.h5	330c744bbefc3a88ec17264bbf562053
torus.out0.05144.h5	270c13cbba1f80abf7ab3d4bd8a6cb54
torus.out0.05145.h5	471146ae176bb440df4631f371bc2e9c
torus.out0.05146.h5	07ed72f57f1d358a9882ce1d19a3604a
torus.out0.05147.h5	602399d5e288d6ab23571751dfaaaf35
torus.out0.05148.h5	9ab3ae864162ddd836c3dfbec581577d
torus.out0.05149.h5	1ddbbcc87baf6cb6a370607a733ac560
torus.out0.05150.h5	bed2a730e395c5c3bc41a8e7e37549a7
torus.out0.05151.h5	1a25d94813d2bb29e7c3dfca87004025
torus.out0.05152.h5	25c9362726c6bfe482787f393490121e
torus.out0.05153.h5	b46f3ae74b4431e0aed9d958e3a10260
torus.out0.05154.h5	0681377ce882be75b0f241076ba1e300
torus.out0.05155.h5	73061148f55277a6bba2be1e20ad795b
torus.out0.05156.h5	34ad059b1b7eddea0ef52e1bfceb59be
torus.out0.05157.h5	c61235e2f4f8de53a6065df5403a758c
torus.out0.05158.h5	3e4643a612ad223f0fca191ca3c0b0e8
torus.out0.05159.h5	747db6cb389c81757e3b7bbacb640410
torus.out0.05160.h5	36e8097c6fd5d8d7e66aad1121b9382a
torus.out0.05161.h5	bdf564ed8de7c74e16ecb4be2b26ee3b
torus.out0.05162.h5	22c0025b7213ec1340eae9956e317797
torus.out0.05163.h5	324b88543e78d0327e980bd56872c899
torus.out0.05164.h5	50274d031c8f0a76a460dfc08ec40470
torus.out0.05165.h5	3eaac6240a1b2f071552f40ecd6045fe
torus.out0.05166.h5	48721c3c69896a3fe487588bf293891f
torus.out0.05167.h5	5a392f390082127ac7a407431e9be015
torus.out0.05168.h5	fefa0863944a3a56e9f06562a22431f0
torus.out0.05169.h5	113e87064c29bfd3347c2850c7e12e0b
torus.out0.05170.h5	885d17a0f2399246ca670427d97c51fb
torus.out0.05171.h5	60cf108485829aeefca3db381461485c
torus.out0.05172.h5	83111b7ec9f2137ed7f83b83746b11da
torus.out0.05173.h5	e989560298549f660b173b73e41e3123
torus.out0.05174.h5	4572edb7d39c202defb21270ebebba86
torus.out0.05175.h5	457d5dd30cd58564c3ee050fb3969b71
torus.out0.05176.h5	92de3c80be4dc853e5326f342cbc2085
torus.out0.05177.h5	9229ea3fefbf8724bcb8a69d1932bffa
torus.out0.05178.h5	e1d726d5113eda4e642566826614f9f8
torus.out0.05179.h5	3e402fe3e7619b99d6b8fb82dacde74e
torus.out0.05180.h5	3b4bcbc37485841e812301f8443bb2a8
torus.out0.05181.h5	16a30ee8a4683fa571825efa333ff1ff
torus.out0.05182.h5	6ef081c89094afa1e20904a003f16d6e
torus.out0.05183.h5	743103361e362ee4fc44331c111598f7
torus.out0.05184.h5	1f3f876f67ce6674a410dd7698d4f6f4
torus.out0.05185.h5	8ca0a9d1f1241969f2761d5bf8aaded9
torus.out0.05186.h5	996bd2f91dda89ec45b718bcca68ad1c
torus.out0.05187.h5	4dce6ed3116f0b851e614c0fb4a34dbb
torus.out0.05188.h5	458d44c50e02deab318d11b54f358576
torus.out0.05189.h5	1073faf16c622bfbb2f9342f9a050efb
torus.out0.05190.h5	c794310d1fd507e561fb8c863b555e5c
torus.out0.05191.h5	ff5cccac7cf9b1935f52965f01389ff3
torus.out0.05192.h5	1c2ffd0a7766b7de4774e405f261be8b
torus.out0.05193.h5	8e743ca0f9580ccd19fc337d40835f73
torus.out0.05194.h5	5a12f1cc26ff77d5fbdc473264663299
torus.out0.05195.h5	42999b36426561b921324338797d31ca
torus.out0.05196.h5	123730aeac36604534e2196863a52dde
torus.out0.05197.h5	97d4eee319583189fec57922d39f34e4
torus.out0.05198.h5	1ced63385bf39a8759fb401cee954f10
torus.out0.05199.h5	4a16b80a67eed44bddded3fbf5b87939
torus.out0.05200.h5	fc9d2646e7c31009331f37a7d26744b9
torus.out0.05201.h5	f0c1c44fb53acfebf888d1b6e3e80500
torus.out0.05202.h5	6b651b8f738556ab2c6d2271772ef361
torus.out0.05203.h5	ce9b7a01077fa55871e37a1e15f9320e
torus.out0.05204.h5	bc8711b0a228b333d9b11ca37b899bbd
torus.out0.05205.h5	51993b44f045b883aa295cce8adfc568
torus.out0.05206.h5	49e174fbcd1da392d747e0a39a8934ec
torus.out0.05207.h5	86b492496093340f2355aeb7f7715782
torus.out0.05208.h5	dd8a1d4e6cfbecef316ef7e241f131c1
torus.out0.05209.h5	fb3d603d1bdfe8fd6574bbd546f7e8df
torus.out0.05210.h5	856c55283fa90509eeb84810b4490b7f
torus.out0.05211.h5	8d0a93562c3ea0aedd5fc1ea5a414584
torus.out0.05212.h5	8a926946100cc63a6fe6a4f0c7f83b7e
torus.out0.05213.h5	82cb1efd932ffe21a8f5400ebcf74571
torus.out0.05214.h5	479e3759bae71ede3b0973a7a1b2535e
torus.out0.05215.h5	c5b90cccf3303c5aa330ecc5d9bf1d66
torus.out0.05216.h5	9a19400b2ec9fc1487a637405b2ca2e7
torus.out0.05217.h5	1504e1613fcf174b11d9d8f5c02e1d7e
torus.out0.05218.h5	0e70668b805ca10e03d009deeddffb8c
torus.out0.05219.h5	99b2caba4ff8fa7b2cfc000ac5c307b6
torus.out0.05220.h5	56fed7dc6eb055702f973b48f3bd2e8e
torus.out0.05221.h5	6e595880beabca956a1eb03c8e4fb1ae
torus.out0.05222.h5	624b1a11087fc2ae506add9f7d404d00
torus.out0.05223.h5	385cbf6b229e49ad85ca33248def38cc
torus.out0.05224.h5	6b9eaa50ca94606a0ca3a6f76a1665ae
torus.out0.05225.h5	0a93eee2ab19d7a13babe6aa0dbf2f4b
torus.out0.05226.h5	e105eed587e08945557c91102dc5b2e5
torus.out0.05227.h5	913e0e8b96d61e7ae7d64238fa690563
torus.out0.05228.h5	f9489e4073929fbee07b85b000ad7fd3
torus.out0.05229.h5	6a859c8c71f3dfd43f41e994df281446
torus.out0.05230.h5	d515a5013f7b989587bb7bff84619afc
torus.out0.05231.h5	54b75eddc0743eaa1aa7d4cd631a79d8
torus.out0.05232.h5	543252ddd484885dccdfc4e1410cc77b
torus.out0.05233.h5	c262969b3e797ff03924ddb37aa9c4f6
torus.out0.05234.h5	a9199fa44de821a8b737d346622a8441
torus.out0.05235.h5	00cf3fd8723e4cb03ce8aeae4d7c97c3
torus.out0.05236.h5	2078b6ed0917e925ff59000d853dc6cb
torus.out0.05237.h5	79642c5c8a94bcb549f533a37dbeff6a
torus.out0.05238.h5	ee1f90e87cbd8800155c06fef46707ef
torus.out0.05239.h5	282e166fd1d5e28c193a87d5cf41396e
torus.out0.05240.h5	de94fa45b9ea605d8e6a5ef42a7fd224
torus.out0.05241.h5	134c0e1ab19eb8e1015996d34afa8bbf
torus.out0.05242.h5	5e9e6e2370dcabfab57fb792c04e1514
torus.out0.05243.h5	2b2817f4393758817b5a8b230a8295c4
torus.out0.05244.h5	d7aab9fb7c0c40d77308fc215d74a8f4
torus.out0.05245.h5	8598082dd261c93fbaa569b080d6ecb8
torus.out0.05246.h5	b31dee90d11fc8935b3f0e4cfd33616d
torus.out0.05247.h5	8be63dd83060051a0653493d662d0606
torus.out0.05248.h5	c30fce037da0c792e688c69fb72fbdf0
torus.out0.05249.h5	727fdc5e6dc3f93976c7fac17724a3ed
torus.out0.05250.h5	359c230ebf7f52a43bccfb7b8e9140e9
torus.out0.05251.h5	ca171b16e0fc3e2af8d184ded6f85eec
torus.out0.05252.h5	ef1e42606775fc1f4d00c66336e49367
torus.out0.05253.h5	943c558eacb78ef2a03b7128ba0b2df2
torus.out0.05254.h5	10cd5ab6ba064c801b70068e35010569
torus.out0.05255.h5	5e5fa5eacac7775e9737b808e3c52013
torus.out0.05256.h5	1bcade3d0d70ee742c69c5beaa7acbf9
torus.out0.05257.h5	572bf7b565326692eff5af1a8af9a4d0
torus.out0.05258.h5	b229c300e452409a14c7c8539a39d94e
torus.out0.05259.h5	ffdda99902d27ae904a0382b595ffb1f
torus.out0.05260.h5	dc06fbe9a49c048673d4eece4ddefc51
torus.out0.05261.h5	c1a1c235e7f1b3acab2ea7cf21949c7c
torus.out0.05262.h5	6758f3e325d9081fcc027488309d85ba
torus.out0.05263.h5	91b403673884e70d8917f5f73425bc96
torus.out0.05264.h5	e4c245caeb5485e993cfc88218474b67
torus.out0.05265.h5	d1c7e00aa5b4892a4bd619dd2110c59a
torus.out0.05266.h5	a127f514b45fc760fd833a7b29146404
torus.out0.05267.h5	300dfbf14bd822c5b2bf1f7dec715d39
torus.out0.05268.h5	85fc908c54e875cbbeacaeadb1e053cc
torus.out0.05269.h5	eefda9a5f8a0cdb32e9042b6cce50a2c
torus.out0.05270.h5	0e08ea7ddbfa0b2b88a6cc4f73ad1bfe
torus.out0.05271.h5	626735e10883a662d7d198b0b02b86a6
torus.out0.05272.h5	5d8bfaa265b628b744edc9ef474e1d24
torus.out0.05273.h5	795b4f69a0c86e15c3265f07a12f7535
torus.out0.05274.h5	287e4819cceac1d084a59793ed19d31c
torus.out0.05275.h5	6067266c94eece8edf1cbe270d91a83a
torus.out0.05276.h5	27aa4c53932c57a2b5ff514b0a5d5c8b
torus.out0.05277.h5	8581d7debbc7882da92f4220ea1a4b78
torus.out0.05278.h5	235e916674b5ce51efb8e8cab2ac45ef
torus.out0.05279.h5	0fad2cd4208baa3882d3f7a2072185f9
torus.out0.05280.h5	52cc64519faa1a89432815576d7bb955
torus.out0.05281.h5	5fcbef04ce56eb19a86443f8db32c9da
torus.out0.05282.h5	7e54f41428b5643c8a9f52bbb40e2087
torus.out0.05283.h5	60e7eb1455981e72150e6ab88e1b0472
torus.out0.05284.h5	60f16dac786616c0c4a0fa96e512e39c
torus.out0.05285.h5	e0050cb5ae5544ffc15dbcbc9eed4fce
torus.out0.05286.h5	c6aa46cfb1eac38b6c88eda80355f70a
torus.out0.05287.h5	b6d1a4e0f93560485733f4e6a1d06973
torus.out0.05288.h5	269d024205344fca2cef367357b93be5
torus.out0.05289.h5	3c0c60c9dee24bb1f7ffd60be27baabd
torus.out0.05290.h5	1d3e4e8f53c4cc04aadb5cfd3b1f1f23
torus.out0.05291.h5	1b2af4171e63c5257b0e977df1192ed4
torus.out0.05292.h5	9a9d486ae3bf6d262f4f9b749892f9ba
torus.out0.05293.h5	03b0b7bfe94fe6bb1355d6e72937ce01
torus.out0.05294.h5	efe9aff122efc92f3ca0b87225c2630b
torus.out0.05295.h5	99c26920d71f25079a51b4e79c26ef8f
torus.out0.05296.h5	791959caf7b4f5adab761f82d9fb508d
torus.out0.05297.h5	247335d329466bbfe6444adcd312df11
torus.out0.05298.h5	56a35d965e2baab68c8f4d7d53ade0c2
torus.out0.05299.h5	706191371b5e417e8c2b2ff3e6ebca9c
torus.out0.05300.h5	9752ffbeada4f49a2241ba518209728f
torus.out0.05301.h5	6407daffd1a6f0e7c59313a584102c9e
torus.out0.05302.h5	85c3926fd56b6c7c54d8149882436959
torus.out0.05303.h5	5f5d27c27b536ec67ec97ac259379a6c
torus.out0.05304.h5	d6bc958afc5541e8ce52a1efa8768f5a
torus.out0.05305.h5	7a4073933b4221c634e415ad7c53461d
torus.out0.05306.h5	fbc42bf67c983ab4c7c358e01187fc66
torus.out0.05307.h5	89a7979a377c68b2fd09e45cdb3dbe7b
torus.out0.05308.h5	0f6c17f24d54528c3101cf59aa29a39d
torus.out0.05309.h5	14e05ff502cf214ab5d49672faf64c57
torus.out0.05310.h5	a243080aa7f0f769b1313509e416a8b1
torus.out0.05311.h5	5424e99091cf97905a1ce9be4cfc6bb9
torus.out0.05312.h5	7444d30e73f11a202817dd2ea2d1ef5c
torus.out0.05313.h5	9543fbda8b907f471de526c790da008e
torus.out0.05314.h5	d2988e52743963c32e8ce578d4ecd0b9
torus.out0.05315.h5	57edd87a58b82d8d1b4667fbb0c7fbfd
torus.out0.05316.h5	87d70702c3be929fc4af4571f6286034
torus.out0.05317.h5	806a3b942e487c3081878090c69f3bdd
torus.out0.05318.h5	1c8547d6e6ccdcf2b09f874aa5461db6
torus.out0.05319.h5	047de42c68cf9454647689c9bebf5c3e
torus.out0.05320.h5	0cb161f2b36554a57e050810c9c1e06a
torus.out0.05321.h5	773b6dd0db310d7c94a73f1fbbebbbef
torus.out0.05322.h5	2bf3ceef6abea3db46e6e5a40cde7369
torus.out0.05323.h5	51fd964e90ddc4c3a01f792a42e8389e
torus.out0.05324.h5	da38eabee951df2e1acbc5a9bfefe343
torus.out0.05325.h5	ef35076e92fd0ed71fe6cad0aafe84ba
torus.out0.05326.h5	f420c06b9faece8a6c9eec10c21a9d35
torus.out0.05327.h5	b6402f72af991e9a16d73a01262174b9
torus.out0.05328.h5	98945c9b4ce8065643b29d566b22d19b
torus.out0.05329.h5	f462e3073ece3a6677d5cde8fe356f18
torus.out0.05330.h5	e58e81ce8fd5cd1206045589c7ad4ef9
torus.out0.05331.h5	ccc7a966bb7e8396da6e9aefabc0a708
torus.out0.05332.h5	1820ca246e2dbebe40e1147ee4651522
torus.out0.05333.h5	70ee14606d47b385596c301cb99d762a
torus.out0.05334.h5	ec318ed62ff55667e33c7ca0d4556a97
torus.out0.05335.h5	c5fdead1814a5ebe153f1da14d0f4271
torus.out0.05336.h5	a2bc936fecbe6917cf8269cecfadd12c
torus.out0.05337.h5	bc9cbad1c98f643ca4f73cc589496657
torus.out0.05338.h5	d18ff5e10a5ec0ff6265e6b7b77d3e9f
torus.out0.05339.h5	6e4b3c9bc0167389902bd2c098590fa4
torus.out0.05340.h5	35209834c367ae4057a6f4a507979be1
torus.out0.05341.h5	fa61e192eb2c2bb373cd4485314cc2b2
torus.out0.05342.h5	bbfe462d98565dd82faef16b85a1105c
torus.out0.05343.h5	07a308d8e6a901828d30e655d0a264fa
torus.out0.05344.h5	a9bb32d97d7283dd6bfdaae5b0035fdb
torus.out0.05345.h5	863797525f8e0b28933d2c3db5365c18
torus.out0.05346.h5	297313d57e42add6c0753b4e00677083
torus.out0.05347.h5	4e6e01cceede3503407b2731efb7ec09
torus.out0.05348.h5	d1df8ea04b58055e95983b3d440616b2
torus.out0.05349.h5	944d9108be883792f848354d3f6b9f40
torus.out0.05350.h5	df0a7c34f7ebcb359e487fa7e978436f
torus.out0.05351.h5	6a0b2173c70d7dd077f2c93da082a47a
torus.out0.05352.h5	d7133c7493fefe0a1d2c96755b58bae3
torus.out0.05353.h5	d96f16afbaec9a608c837d2519246787
torus.out0.05354.h5	1c95e74d8da343905f70dce3b82cf345
torus.out0.05355.h5	779428c61fae87cc185221886d5feea6
torus.out0.05356.h5	e940e8d277f502d51b0fe2e25d98985c
torus.out0.05357.h5	64ea884b01ec91709b5f53a1037c701d
torus.out0.05358.h5	1151a9258d0b642899c8f9c341af0abb
torus.out0.05359.h5	4111d9951c496b33fa421b97f2cc315f
torus.out0.05360.h5	5614d54f62550a45440220a2043637d6
torus.out0.05361.h5	ee89d90643051a4565d8ea60c88fe148
torus.out0.05362.h5	73b3dd5990e7b5a96d1bda763c718812
torus.out0.05363.h5	f6f4719ef0fe6543c297e6903f6cb1cd
torus.out0.05364.h5	7b2d7085f94de57dd0b2d5b8661b4528
torus.out0.05365.h5	15b351519490a51413281e9455e1265a
torus.out0.05366.h5	36993726e50b907e8e08cdd73c881256
torus.out0.05367.h5	2e521816539e423e41d5613eba76f1f4
torus.out0.05368.h5	c4ef99df786cebb9d3cbb9ac6693170b
torus.out0.05369.h5	40dc74c1596b5b8f6cc2214c1c5fead4
torus.out0.05370.h5	3a203fcddd2c1f0680aaff6dba768597
torus.out0.05371.h5	35d16efa782940cc7025e09f28ac3e7d
torus.out0.05372.h5	6065469ed07d4403d5238d2496bb387f
torus.out0.05373.h5	e7f3cecd0974003fa66b84bc77ff3c6e
torus.out0.05374.h5	a1e82c4817531ced686ecafe75d260c6
torus.out0.05375.h5	94dca3cc7b30439244235c3c425079d9
torus.out0.05376.h5	0974b25d949a43a0ea3e54b6bdcd543f
torus.out0.05377.h5	7a9c4c107b6a0e8e59652757999a3985
torus.out0.05378.h5	718bf553467cc1d497906e3c53a55961
torus.out0.05379.h5	e2a0bbee137ef912814c9dcd262441ed
torus.out0.05380.h5	f348b76d8640a8a8526208ee42076eec
torus.out0.05381.h5	4818ee6828d46e6f9dcaa9088983cfc3
torus.out0.05382.h5	2896d501cb177ab77a3d6cbb369cf91c
torus.out0.05383.h5	bc71428799493a2cd7dfa20c6967d7ef
torus.out0.05384.h5	4d33f0672ed4eee8af1693717022c8dd
torus.out0.05385.h5	9d7ed443039d693e449702bb9043905a
torus.out0.05386.h5	dea88b4f56301a10de61f5164e69ed38
torus.out0.05387.h5	4e124417a400a536c8b9d1042a320d0b
torus.out0.05388.h5	078bcae266dc839c703813c748e6a231
torus.out0.05389.h5	1a847b8de350d761a69e4014c534e8ca
torus.out0.05390.h5	c8dfc6af2d85d06c6b9d9c7f54834a47
torus.out0.05391.h5	d777026675c7ef4dd79df85629f1ecb1
torus.out0.05392.h5	91e57332272c16a3c7400f0d875bc454
torus.out0.05393.h5	8cab7b9fa78676a0f531e7c4ea35d7f3
torus.out0.05394.h5	fb8ae1b38a0e8f4dd399d8b0350344b4
torus.out0.05395.h5	6c9289937c0e45e7d9a66431d4d35ce3
torus.out0.05396.h5	d1129f0c875ec0f0d0519f84301b4615
torus.out0.05397.h5	f41707f072b351ae15ca5b8e82b0de87
torus.out0.05398.h5	bd1f44577d1cbc4f868135b1170ced3d
torus.out0.05399.h5	a3ddddc95fd6ae4a0fae8602cd448057
torus.out0.05400.h5	fc69bb61a6f3e005b768060fa976b97f
torus.out0.05401.h5	30e2c0257967875508c780a8ccc6b432
torus.out0.05402.h5	a2783d3b9adaab27205359a2314c43d5
torus.out0.05403.h5	67fdba5c558d3892d04c907430e30e80
torus.out0.05404.h5	602da8f15395f2725769350860ba37b8
torus.out0.05405.h5	cd33f8867f1dd832e9ea1b5fc87fca68
torus.out0.05406.h5	7d6a379de25bdfaf27106a14644401a4
torus.out0.05407.h5	d0db27dfbedec4f373ce4e267fe2f16c
torus.out0.05408.h5	ddd0e73a65adb685ca81fde9f1b356b9
torus.out0.05409.h5	5cabf9c49950529511fcf59d0cfc0988
torus.out0.05410.h5	b21ec17d15f18e5e32d10de1a49bc626
torus.out0.05411.h5	608b461b08031b2d2cc17070ea3c03f1
torus.out0.05412.h5	103c56df9fec68423527660f26f23d18
torus.out0.05413.h5	a3b91c51230483ba652a9ae9c756a7c4
torus.out0.05414.h5	80c6a1ef3a57b6b3fff5d81d91d3fe31
torus.out0.05415.h5	db4961aea0f8387e08de14880ea8f75e
torus.out0.05416.h5	487b9a2cd10389c47305dc252bfc929f
torus.out0.05417.h5	e0768bb5c39c81e29788b59bb267a360
torus.out0.05418.h5	2e8499dfe8fa727953b9dad11391b1d3
torus.out0.05419.h5	2dbe91b4ce020678b12472604cb16cba
torus.out0.05420.h5	d7fd6548e11aa621918143eb9b525bec
torus.out0.05421.h5	d14263ab5580ba57ac526f6e674d678d
torus.out0.05422.h5	d3c72fa6e5ad78ca2a2fa3c4c36ddaa4
torus.out0.05423.h5	514aa8610083ba65e17208f59c799e71
torus.out0.05424.h5	afa19071477312a5b811be298cf7629d
torus.out0.05425.h5	2c1276b47470b32ae5e23caed4f09774
torus.out0.05426.h5	ceb1b0e5312813885c5558e0c50a59c8
torus.out0.05427.h5	41c987b1e8578995cd74a82588838821
torus.out0.05428.h5	845fea84fc00cad546ebb137bc0885c0
torus.out0.05429.h5	625913388ac96c52436b216de0938cb3
torus.out0.05430.h5	9c335d763b2f40d60fcc59b516625a6d
torus.out0.05431.h5	d86c61d68a3012d92a75d59e3bb6d816
torus.out0.05432.h5	175483c2bfb0b4dd4ba6dfee8f0a1a29
torus.out0.05433.h5	ac0aefb3c6c08a6466ad0c8d763c03e7
torus.out0.05434.h5	8fc86be3a3426f4725aff61e4625979a
torus.out0.05435.h5	6d2f4c936ef722b718faafee89b26474
torus.out0.05436.h5	9b9491bbc13e580facc35f1eb66061c1
torus.out0.05437.h5	0742bac05eb3c7336907afa344875eba
torus.out0.05438.h5	5a62bf5e7f83c9ced551a9a58abb7148
torus.out0.05439.h5	901d44f59466d6bc14b7695e1b1940c9
torus.out0.05440.h5	090fc4ed6c75d119d82ce235c21fa6ab
torus.out0.05441.h5	b13846a5518a7f03d367d2e8ead5c082
torus.out0.05442.h5	0cc067152be71df73ad1c9aa15dda63f
torus.out0.05443.h5	40756e374a4d19a2dfb06abcdd97f436
torus.out0.05444.h5	6d18d28f2b73e6d78667df30213a88a7
torus.out0.05445.h5	ea545eab5c9891f965978511ce16be83
torus.out0.05446.h5	28b5e566cebf4b24494c2e0a34f0ce8a
torus.out0.05447.h5	08602ba63b2a935765729df0aff9e6b5
torus.out0.05448.h5	8506f5d4bb4ea4443e7acf5be5dabd98
torus.out0.05449.h5	9251a3c3ca8fd11a6d4319a62ae076d0
torus.out0.05450.h5	c76c8f925816ff9066c9136e0a5e672d
torus.out0.05451.h5	ada27747b0b7b7ff9072c3190a7790f8
torus.out0.05452.h5	3e80a95008b64fedeff0bcb03ed786d5
torus.out0.05453.h5	df409629f7bc33092f35666728bb4f61
torus.out0.05454.h5	bf9d1d2dedcb794189a07c98be7fd857
torus.out0.05455.h5	e1f6c72088965bca1355297015540ae2
torus.out0.05456.h5	37c09a69daf36311d21b82dc83c9275e
torus.out0.05457.h5	e238d6d11b76a59b8cfd8f8605f1845e
torus.out0.05458.h5	8888315caa68bdc7e04662a749e8e922
torus.out0.05459.h5	f6d2318985b383806ec1ade1badb24bc
torus.out0.05460.h5	9d295e216a9838a220b363ca31913073
torus.out0.05461.h5	f4219c5e47d6d7c34712336104a5c57d
torus.out0.05462.h5	8a0d57e468e230cad5b3717be0f98b46
torus.out0.05463.h5	88cb3005ad2d8194d68b512246fed0bc
torus.out0.05464.h5	73ce80659e82181177ffc7d1998ae692
torus.out0.05465.h5	d1ce021cf9c81d4b529bfd83a2e08b60
torus.out0.05466.h5	028052b40df05fd63cb5327b5300eb40
torus.out0.05467.h5	0448feed64e085182ca6cfed4ee0c120
torus.out0.05468.h5	0186ed83a193ee4bd5334e18658dc3a8
torus.out0.05469.h5	a12dcf2ba93000c1a8b156f9294dbd11
torus.out0.05470.h5	30534eef852a669a82426dca5b56cc6d
torus.out0.05471.h5	b79f8376e91db12d41d7477e133dcd58
torus.out0.05472.h5	e0d672ccce934158cc1b17547c57d49e
torus.out0.05473.h5	37f1014f3d99fa53fd856b9bf1bd18f8
torus.out0.05474.h5	36aceb053177f2b25eecec9cf436513a
torus.out0.05475.h5	feac0dc6924d599a8eb92292f493a192
torus.out0.05476.h5	64638bb8f2aae910beca4cd2d421a7d1
torus.out0.05477.h5	d39c660c749503aaeb5cef0030fa9cf9
torus.out0.05478.h5	135ede0575ddc7f22766ec44af425943
torus.out0.05479.h5	17f5f8ecdfb5e7367d8530c842d3c28a
torus.out0.05480.h5	e23b9a5db72ba752dea74bca583d31b7
torus.out0.05481.h5	69392dd1a3eb634e58ca8962fa6acaac
torus.out0.05482.h5	25e8a13b3eceea2d102fcf9e2f8477b1
torus.out0.05483.h5	b09e9471d890f6517c276e1c0b8b6ebb
torus.out0.05484.h5	edfb086fe0d8e710e5fd0b1b59426f36
torus.out0.05485.h5	fcc32f89c2e7e798efd8eece7083221b
torus.out0.05486.h5	53a8d9caf1f62307aa0fdaeff0f3181b
torus.out0.05487.h5	06539504bc01f935b2fccd3d0d3fcdd4
torus.out0.05488.h5	f3544dd5d844d8d1beb15cc658b9cdd5
torus.out0.05489.h5	5839125db5b0da456297d81ddbcad6b3
torus.out0.05490.h5	3b50850e4b0640a7e99982670afc9d4a
torus.out0.05491.h5	1747dd004b95deceb6e36e393f6aa3eb
torus.out0.05492.h5	e6c6a06976cba89ac785dd95e0c35982
torus.out0.05493.h5	847e2f15d4a2e80083144ba0f76ff4f8
torus.out0.05494.h5	258f6454b02947c71d3084cfb32e5dcd
torus.out0.05495.h5	f3d35727640103b2598ba3ac11d2f46d
torus.out0.05496.h5	e22b5f98175f273c1bac9d0117e14fae
torus.out0.05497.h5	01b97380378116034ed7f8867f736a7c
torus.out0.05498.h5	bc03be84f319f77d740080beefd2ddfd
torus.out0.05499.h5	12001108113cf7cb46027739f7a6833b
torus.out0.05500.h5	4c1cade1bbcf6ec8f079e473c2bfdc0b
torus.out0.05501.h5	6f39d9e08fad6350047837141284eead
torus.out0.05502.h5	06729b462dccd9a68f11a3215666ebaa
torus.out0.05503.h5	90d6c27e1466af4f6b7b2aa0cc1b120f
torus.out0.05504.h5	854e85ecbf3aea7433383c951d7a0a5c
torus.out0.05505.h5	56058aa2924e69113daa02a3e02dc344
torus.out0.05506.h5	4f9c40fbbc295a192e6925af2b488980
torus.out0.05507.h5	396688462da5566bdbf9dbe52f2d8fac
torus.out0.05508.h5	2242de95c10c7bc1e250966f5fe9a572
torus.out0.05509.h5	e149f28ce3a36f233c844d0992148cc6
torus.out0.05510.h5	e8985a83462a4581f77affa4577f4edf
torus.out0.05511.h5	aa4030be88ae0ba34f673fe7bafaa72a
torus.out0.05512.h5	0d54577dbafb41c2ef4b80cc9f567af5
torus.out0.05513.h5	9592ea6a919c143f80be3be7599e010a
torus.out0.05514.h5	2772000251c8244e16c445a1d3e02f5c
torus.out0.05515.h5	1f1abf2e203653fe0d135a11f55b1013
torus.out0.05516.h5	f154c67edb74df254483e8ae6e3a2fad
torus.out0.05517.h5	f9cbedd795312e8e1f6c0031da250f81
torus.out0.05518.h5	7f3dc1109915f227a3bf6a7e07358a84
torus.out0.05519.h5	c9879a224c228be1cb0bb1533ad0f0d4
torus.out0.05520.h5	92b967354a45fd140d0931e277ed40d0
torus.out0.05521.h5	56962a0803350cdfaee9bc9676cdb550
torus.out0.05522.h5	fe3b35666bb34874a99f8556deb71762
torus.out0.05523.h5	b773e86c53f4f29777f5f3dfe27220cc
torus.out0.05524.h5	6a7cc0049f3503bcb974a241f080233f
torus.out0.05525.h5	6f400a3a53ba902087672b889a27d47e
torus.out0.05526.h5	9a3a87cc5fec093fef5f2a7e0c0b04eb
torus.out0.05527.h5	b285a98c2c66e7e25ef2815a04fdbdce
torus.out0.05528.h5	f15bbfa563f25a600c63304e33c02e8f
torus.out0.05529.h5	6389715a43782b7c3e3bfdb787dfbb45
torus.out0.05530.h5	dc7ead49017e76c00b1bc7dd0794a6f3
torus.out0.05531.h5	9ce336276b0174f0287bf7fa68a44488
torus.out0.05532.h5	b740cbe62503994c371cba660ee8fb5d
torus.out0.05533.h5	9408aeb8cb9bf1c7189b5e698baf2696
torus.out0.05534.h5	7830eb502155bc2148800ab55fa67350
torus.out0.05535.h5	f40d26dca0da2a9e804d24af49a034fc
torus.out0.05536.h5	c9335eef22b75745eaab2fc761207406
torus.out0.05537.h5	7ac9ab9d8e0468a19b3df820abd7a3f1
torus.out0.05538.h5	77dd580c8d87ee8cb33b4747e8e8bde8
torus.out0.05539.h5	12e66676ff7f203d09df83cf6f8edb2d
torus.out0.05540.h5	bd0a37bdf396f5c41683ced693dcd500
torus.out0.05541.h5	14cc7cbd772d4be6641728568602c429
torus.out0.05542.h5	b3aab6601ad25fc673794c0dceb231a8
torus.out0.05543.h5	a303fc484af1bbf8dbef3a09ded06a33
torus.out0.05544.h5	61a456d9c43bac706cc7e11e24a81e4e
torus.out0.05545.h5	1facc8f92374c8fd7a929b8fbf14f4be
torus.out0.05546.h5	fecc42e017ae3abae562bcb90e16bba3
torus.out0.05547.h5	4f107a08427f50b446df90cb8f407a77
torus.out0.05548.h5	57e85efd1604fecee81c551874282a33
torus.out0.05549.h5	2baa2bbc06ea11bf8a4ce6e987528aa6
torus.out0.05550.h5	c5bc332610e161f16cd1657805d3fa87
torus.out0.05551.h5	7349df15680fb213fc4cb8b4eb560cd4
torus.out0.05552.h5	98c478a8b938a804f63d10185782c2d4
torus.out0.05553.h5	95cda4ad206bcea60c8a7bba61c66f1b
torus.out0.05554.h5	f85beaabfa4e2c66847cdaa3f864a5b5
torus.out0.05555.h5	9aa2a1d56a4e5972ed301295822a150a
torus.out0.05556.h5	f2ece11ab248081e4f48f815cfd899ed
torus.out0.05557.h5	c8f88c3051d2146626f75ed7af71f478
torus.out0.05558.h5	defb5a6562efdcdbbcd2ca49e914da3e
torus.out0.05559.h5	6bb6a5cb07fc158ef7c32326de951b90
torus.out0.05560.h5	10eae76101f4cd88338a70a630f75588
torus.out0.05561.h5	69ff813dbc80da4f81a2a591976b825b
torus.out0.05562.h5	b6e6b96a8f856bb0dca43ae37c12e994
torus.out0.05563.h5	d3d582904a040e3d29b3b4f06778cfce
torus.out0.05564.h5	6b026ac23fed36bc7a28596e8c710493
torus.out0.05565.h5	d8f00cb216cb7709995fb3944b39e4df
torus.out0.05566.h5	06e8c181f91424744ebbbfafeb4f990f
torus.out0.05567.h5	65b216ba92ee6e00d50d32d58948154f
torus.out0.05568.h5	abd3e7f51542fb975172fb06aade6b99
torus.out0.05569.h5	8a746875f18142c0afe991641325b5bc
torus.out0.05570.h5	c6457a33d9c60b4c9ce534b35a749c89
torus.out0.05571.h5	1360254dc7713fc233ffa136b4c3046b
torus.out0.05572.h5	f82bd8da71eb56e80b6d7649c0b2735b
torus.out0.05573.h5	ba80d85a37d3c2627b4442273b63475f
torus.out0.05574.h5	d153193610deb4d10155b303d4568759
torus.out0.05575.h5	f566253c9c3a41ad8ba8f9a5e50808ef
torus.out0.05576.h5	7d6b296e087a57e7f8b3ddf126caf163
torus.out0.05577.h5	c6a79e68ac796693c1142745194a75ee
torus.out0.05578.h5	501ddcc1e7cc8a1d2f1e37a0e21c9f6f
torus.out0.05579.h5	2270e87ade0e35577f18674e36ae8b46
torus.out0.05580.h5	ccd79bc87ec831f31700735187c660a9
torus.out0.05581.h5	cbda56d96d725cc207237e19433f03cd
torus.out0.05582.h5	22f335bb2ace7bd0c206808fc0b13400
torus.out0.05583.h5	4ee46bcf0af367f7cb9860ff82d2f7df
torus.out0.05584.h5	e6d5acaa0e6ece78a74b7d08e5608ef8
torus.out0.05585.h5	dc8fcd748b18cffd71225afd3bfe4d40
torus.out0.05586.h5	f17833464490819c0b3d059ec01ab589
torus.out0.05587.h5	de044a6385c8857a5558cb0470e6f8ad
torus.out0.05588.h5	fe2bf7a304a14198e4540f21c25cb645
torus.out0.05589.h5	fe6eae49ce0314d9be8b558151f27cd9
torus.out0.05590.h5	432f281a124773456b97af91d58b69fa
torus.out0.05591.h5	6327f290a2e1ef31e86a40a01eae1309
torus.out0.05592.h5	8af05eaea38ba67cb3b17d6118010969
torus.out0.05593.h5	0f8fa3ead3f5b789160879d8fccacfac
torus.out0.05594.h5	9d04cb583fab7504612c3c3f56750839
torus.out0.05595.h5	9524d2960a7756e28ab9a2349c817aa9
torus.out0.05596.h5	8cb11cc556fca67d2154214f3869e8bb
torus.out0.05597.h5	7910b50562e6d5cc93b98d21a5704a11
torus.out0.05598.h5	f64a5bf2d598242806d0c2a7a3d3f0c8
torus.out0.05599.h5	a0d48df29639e735567b7dfbc945821d
torus.out0.05600.h5	e4de548e58e446ff9ecc49f37014bc0d
torus.out0.05601.h5	5abbcef652a9ada3463775c6e7855e03
torus.out0.05602.h5	d9c3219762f69a9e142d4ea5c7d38f03
torus.out0.05603.h5	220b8186a714cee40400fe76bd83c8e6
torus.out0.05604.h5	3a263ba6e4b0749ce6800a9c0b82d2f8
torus.out0.05605.h5	25c17a2ba9923626430765b053de5d24
torus.out0.05606.h5	dd2d1dddc609d904f89c75fa1dab0fde
torus.out0.05607.h5	2f882e8d551499b57b2f1c68fdbe98a4
torus.out0.05608.h5	e18a26dea175c410dbd3322eb5f5ff25
torus.out0.05609.h5	2bf1f91fa85d7b7c771b1de1c92bf5b0
torus.out0.05610.h5	804074e83977c6577186cec7f5244018
torus.out0.05611.h5	05c7b0c69ef24fe60a90dbe642b8db9f
torus.out0.05612.h5	03fdc4c2f5791076b32c9a439807b4a3
torus.out0.05613.h5	65d925b2bd09fc29d910ba98256087e9
torus.out0.05614.h5	d62678dc78a2fd414db5b28f8e6d0883
torus.out0.05615.h5	c4039222c7b02308b5edf8b1d3bf37d0
torus.out0.05616.h5	3d835a0b19e0732d5d767877b81ac47e
torus.out0.05617.h5	e4dc1d33b1637234beacd86061a5a0e5
torus.out0.05618.h5	962cffaf3e88822b35bb561f890a24a8
torus.out0.05619.h5	c112f8793deb66b0f45e1ee8c333f69d
torus.out0.05620.h5	2fc47b67f3ce7eebb049b70008512c2c
torus.out0.05621.h5	f8ae706a3ae83aa6ccbd908c112117f4
torus.out0.05622.h5	22ca03efb90be47531bd54e9d319e2a9
torus.out0.05623.h5	29db0ba294b0d1440a46c6b518a2eb11
torus.out0.05624.h5	d7dabf5302599a28da810245542ab7ed
torus.out0.05625.h5	a68d3cce0d00d03aadcc44a331081c2c
torus.out0.05626.h5	da29b46bf44bba2aaff511e6ba8d91e1
torus.out0.05627.h5	66d0289b3b1ba7e39d61a9bd32214ec5
torus.out0.05628.h5	e19e0f8cf1c2fc6fe409308aae9d6d4b
torus.out0.05629.h5	3a7273889f99e4dd29e57adde578b76f
torus.out0.05630.h5	651c804f842812a1637dd9a0e330d436
torus.out0.05631.h5	b41d0690455d508b2f2be3bd691602c9
torus.out0.05632.h5	6a90999c1316a16f7d73c36af2c0988c
torus.out0.05633.h5	cb1b8dcf3479f159b3a11361020bf370
torus.out0.05634.h5	2a3bf8d984b103de90e57e7662735417
torus.out0.05635.h5	2ae18f78a8497bc715f602371b6eb37a
torus.out0.05636.h5	dcf57e228389e8772fa40dbce8a911b0
torus.out0.05637.h5	9e621867848a1febe4ee30d3bcdeae49
torus.out0.05638.h5	b637338417baad0d009658b5e0c142a3
torus.out0.05639.h5	5c421c998cc7b272e1d57b0c5988bc9e
torus.out0.05640.h5	993b123021f3ae428813b5d9e8c8efd6
torus.out0.05641.h5	9c91168967c07379563b903bf0ee4431
torus.out0.05642.h5	e97afb7cb6d4b95c88c62c333c0edd12
torus.out0.05643.h5	996c2efb4be88e82b556b0a7be43b095
torus.out0.05644.h5	e591e5ce590f7ce6fa579ac49665c52e
torus.out0.05645.h5	48293c67d22b066a8e4c4848520bb0c0
torus.out0.05646.h5	999005d6c54015a69c0aa15d17f45eb3
torus.out0.05647.h5	dd80c90d887007d16e622c132741bfb2
torus.out0.05648.h5	9dfeb605373f86243afdb69bdf1b690a
torus.out0.05649.h5	e7a8feb216fb016e880a704429fe66b4
torus.out0.05650.h5	42667721b8267939da0f176c780c09fd
torus.out0.05651.h5	6bd4d3b73fcff4dc64f379df67788c95
torus.out0.05652.h5	43893d98aeae1bac8a2de8e43e9f9519
torus.out0.05653.h5	f9fd7ec0fbdab6e97e873b3345e60d51
torus.out0.05654.h5	1868e542deff9c48242a38b84f52bada
torus.out0.05655.h5	f7f0680cf64a74ae3eeeef7f8651d872
torus.out0.05656.h5	836022d58ef4fdcf42b33f4ed7dba1ee
torus.out0.05657.h5	f4a09694fd956c2bb1dbab388a9fc465
torus.out0.05658.h5	57b82b906c0c9a66d70743a95cc1e669
torus.out0.05659.h5	04222b4b05baca60d1ce1f8855d8677d
torus.out0.05660.h5	f8a4248f53d98155aff10dde3d96dc4c
torus.out0.05661.h5	1d505e734bff55080ddf70498706fd31
torus.out0.05662.h5	232b85f7873c466df15cbaa0f125e388
torus.out0.05663.h5	55403435e5fd6d356fad5cc8743813a7
torus.out0.05664.h5	4c7f57d77ca0f51896b8b236dd63073d
torus.out0.05665.h5	149f2a01d4e3f183de7cc13034ba1649
torus.out0.05666.h5	6507b5cc67a22293829432a732c02736
torus.out0.05667.h5	17b179405c14f78190476a07a0e4cbd4
torus.out0.05668.h5	8bed326eebe1f3e9e852f80df0f51c11
torus.out0.05669.h5	f35dacaafe173de454f4069b60aacd25
torus.out0.05670.h5	68a44a78976202c1557f8c7a69f921c2
torus.out0.05671.h5	cf64ca6273ae25fcb60fc7061b75f2f9
torus.out0.05672.h5	e1ac99964ca56af2cb85485237f1ec56
torus.out0.05673.h5	8ad767394a6400a176119093000667ef
torus.out0.05674.h5	735d4742b85cd20ce7255d02f3badd2a
torus.out0.05675.h5	c650ff76852f29c4ae4e638fb23777e2
torus.out0.05676.h5	2c9a3e30c1823743bc3bcaed2c10d2b9
torus.out0.05677.h5	0af486d874662e85d0cb3a98b4f8a1d8
torus.out0.05678.h5	30d933609b026f87c4ca0ec1d991287e
torus.out0.05679.h5	8bfc666d7bf563296a7a4a01e5e4de6c
torus.out0.05680.h5	1a23b35924388ef568603f4e48ec2d18
torus.out0.05681.h5	62d6be07b2099eabcd569c0dbe12e364
torus.out0.05682.h5	1450bc7f53c6b4ce1129d2f9ca9a2793
torus.out0.05683.h5	b774498afb46f9002608a76563ca6339
torus.out0.05684.h5	fa0826ebb961835d75a99d14e75c444b
torus.out0.05685.h5	3a603fa2a7de65585538c65f514e7c83
torus.out0.05686.h5	d47e81402843c6a94623c3aac8853a7b
torus.out0.05687.h5	0fa25b13dcb8cd9558b68ebc54c05da3
torus.out0.05688.h5	da0df6a6134908677cb45cf60ff1ea06
torus.out0.05689.h5	540e759e49405358e5bd617d694cd7e5
torus.out0.05690.h5	a8ba1b8e06e8e204f59f0bb85c74c76b
torus.out0.05691.h5	0ec24f98d8b11520891ee616147b0d5f
torus.out0.05692.h5	b18df60111c16d124ae2aea22ece40e8
torus.out0.05693.h5	15b608f52414310b05532b0a908481f9
torus.out0.05694.h5	ceaeaae943e143db01a24f02edabfd92
torus.out0.05695.h5	9bd694716c734727751a5a7b8afb129d
torus.out0.05696.h5	445318db9af34e7802e9c873f54cf463
torus.out0.05697.h5	569f1ddf58f136ef807203a06b619be7
torus.out0.05698.h5	81435441fea4cdbb4ee2e61f68589e17
torus.out0.05699.h5	de7984467a6e0d817c91648a9927cffa
torus.out0.05700.h5	667c029fa5c71c6e8106150785c5918c
torus.out0.05701.h5	6179b8f68963d8d656d6d3216d6c7dcb
torus.out0.05702.h5	8a675141a6e20abb45886c8eb9c55f3a
torus.out0.05703.h5	f8db0f401becbbd0960f4442e36e052d
torus.out0.05704.h5	86d2f80bf71a8bdf60c42c39ae679b7a
torus.out0.05705.h5	9cfd3e2af3962da9bff568ec60bccec0
torus.out0.05706.h5	cf90a545192cb661a2745b7aee4390a0
torus.out0.05707.h5	761c6674397ec36b8d5187846c63b337
torus.out0.05708.h5	a26e49e11afd67fa3b8e5d978846f0b5
torus.out0.05709.h5	f2955c000a970ba1a198ff5de76f9b19
torus.out0.05710.h5	a798013aee5c2f31a176998d2de8b031
torus.out0.05711.h5	26a46a278f32c74fdf7e5f277de15387
torus.out0.05712.h5	8b908a75c740a97c988f43186d61bc33
torus.out0.05713.h5	ca5af3161218b4c3c5161d04c49f057e
torus.out0.05714.h5	8353b25c9ed6486421a8660a4e1e6975
torus.out0.05715.h5	91d1ae68d55244a83d7fec580636fb1e
torus.out0.05716.h5	27ae71b0f3798aaeaff7d3feb489f1cc
torus.out0.05717.h5	3657debf6fe37a9b2f68ff2cc1623405
torus.out0.05718.h5	6beb81d3c72e3863c34496b8aed6531e
torus.out0.05719.h5	3ea3e03b52cdf9412366e9ac5bc19439
torus.out0.05720.h5	8c0f15a2c94186c5e2642adb806ed724
torus.out0.05721.h5	b79ad4770aeebea75422e55c6ded1462
torus.out0.05722.h5	1ac82914cecbd1118ee41399886794c0
torus.out0.05723.h5	aad3ad69f05d9cbb59216e5fbf2f8f11
torus.out0.05724.h5	2d590a002d47b74f8c8272279b38587f
torus.out0.05725.h5	f8008276f797afc4757fe16a4211b2af
torus.out0.05726.h5	1375cd218b176162e083ac7982611eb3
torus.out0.05727.h5	85374a3980c96b86d8a186fc91779700
torus.out0.05728.h5	a7b05c94802852ccc8377bef58b65d56
torus.out0.05729.h5	d8705c7e27f641a24dc3b00e4ebf6a94
torus.out0.05730.h5	8d9558a5bdad4cfad2a910ce8b2178c0
torus.out0.05731.h5	74994e74a3e7e5a68e7a6bd7d802434e
torus.out0.05732.h5	0563af9a0f21701c8154b77888b550be
torus.out0.05733.h5	b6f230289607b1224b90bb0c240ebdbc
torus.out0.05734.h5	5c105f6892cf53b32d462a5fd2e4f88e
torus.out0.05735.h5	b332f907dae98e356037178eaf129950
torus.out0.05736.h5	f0889bfc2e6a2489bf7669bc022915ec
torus.out0.05737.h5	6e7480811b105134fbbd266160166b7a
torus.out0.05738.h5	ef46ef49a2fa5eacaab5c10518500e52
torus.out0.05739.h5	1a76f1572e553970c061ee00dabe09c8
torus.out0.05740.h5	53affa69da5a377a6c270133c1b60b7f
torus.out0.05741.h5	a605594a3b4f8bba740b6530d940a832
torus.out0.05742.h5	046b9ef5d66d189ddfce15d26683fa06
torus.out0.05743.h5	23c6414e54014ac8b181f0535ec9ef25
torus.out0.05744.h5	0cdfd17ec3047ec9154794c2ed1c54ac
torus.out0.05745.h5	e550964d4a1b4bbe1ee2194b0b4a6c85
torus.out0.05746.h5	bd67df42bdec637cdf856fa0695bac1f
torus.out0.05747.h5	9159768531df24c0870fc3a3bb17bf66
torus.out0.05748.h5	3a7d3bb95663c02e105173bc49152c95
torus.out0.05749.h5	6eb4a5ef29cc278377feeea3f714361b
torus.out0.05750.h5	ad4bafd353a29af88639260fcbc3ebea
torus.out0.05751.h5	249febd9c156a741294f13a458ffbca2
torus.out0.05752.h5	2145d1b5a4da2d31d91f0c348e15aac7
torus.out0.05753.h5	124c3fd046d7c4dc1df59ea9aef4b27c
torus.out0.05754.h5	fb528c213d423afd3f85c20d0d19958b
torus.out0.05755.h5	a717a7486178c2316dccc7f7848ca788
torus.out0.05756.h5	c055489f54073f1ee84da809fd6d04c3
torus.out0.05757.h5	0ab4514f353fd747d40304b24b5a8397
torus.out0.05758.h5	c23ad89eaf819ee08e47f93ab7eed9af
torus.out0.05759.h5	431639896b53032161122901f16ca3b0
torus.out0.05760.h5	615e97917d24283a0f241bbea944be05
torus.out0.05761.h5	2d1131452dee297c39ee3ec91345d399
torus.out0.05762.h5	9d245e73eead857a93dca8cb9a855842
torus.out0.05763.h5	9ef9938343ac09343af03a3e7274e72a
torus.out0.05764.h5	d3fe13cb5a2d18f98eeb23ad941b4b20
torus.out0.05765.h5	d9ec7f2b9d5b9b92a88cd5a639ecb5b8
torus.out0.05766.h5	193018134f1cd3b300a5a2e4ed636232
torus.out0.05767.h5	d1e07d490f9da2bc286ac3fb332c7eb6
torus.out0.05768.h5	c4e8c65a4f45ef56e0e198a1082ab397
torus.out0.05769.h5	739854bec686d977dfe3640ef52d423e
torus.out0.05770.h5	5888d96dec8d31248dfde5d48687c32c
torus.out0.05771.h5	4b130a4d0238ea31b363e430b3a502df
torus.out0.05772.h5	f386f69a61de3bc8eb1045959cba4ffc
torus.out0.05773.h5	70ffe7bebd05c5919c44489222a00090
torus.out0.05774.h5	cfc8fb31aae3a9a05962f0bca4e30e44
torus.out0.05775.h5	e87792cc16daabb7d50441f9ae6d2a5d
torus.out0.05776.h5	bac99f61f78f60ca53f7a54c57481895
torus.out0.05777.h5	fb3f6154523a2e086ed8c48b860b1094
torus.out0.05778.h5	0140d1d692f4e7fabcea43d6a4321738
torus.out0.05779.h5	c2be58fac56f69a8d58ee6de6f904cf9
torus.out0.05780.h5	342142b648b07ef238e727cd17a10f52
torus.out0.05781.h5	e96bfad6692eac540b800459f5894286
torus.out0.05782.h5	ef77c9b766652134876f7b967bd3fc4d
torus.out0.05783.h5	7dc6ff7200d1bf5dac3f961c5f80c36a
torus.out0.05784.h5	f677c636b8699d65fa19504d1ab4cbfe
torus.out0.05785.h5	e4d8649fb06e037204b1cde6cd88cd65
torus.out0.05786.h5	e72cd9a03e3931ff24abeb9f8774db95
torus.out0.05787.h5	0cb4b17c776a1a1ed0bfe0ef3221dca6
torus.out0.05788.h5	954fc86ea719301b1dd3d121a00d31bf
torus.out0.05789.h5	1d356b56d2d644cb970a8eee441d08e7
torus.out0.05790.h5	fb300a0c2ac2fb3fdf27b841651b96ee
torus.out0.05791.h5	ec23973ad07f5a9b1b7d732679074d9f
torus.out0.05792.h5	ae09b0e389b905cfe50675cba83057e9
torus.out0.05793.h5	3be33c93991f1a6f98e52683f08cfdb2
torus.out0.05794.h5	a12a7a624f9ac003c2ad1be19b34e34c
torus.out0.05795.h5	cd1d53bca60a92030be83153a0123064
torus.out0.05796.h5	fd2fbf36cbe34ec5ef229d09b52c324c
torus.out0.05797.h5	8187714811470e6dd5b26b47eaf7faf9
torus.out0.05798.h5	1a551319e4ae5b819015c008eb1e29cc
torus.out0.05799.h5	4165897ba4fdbf7206b1f202d3fc69c7
torus.out0.05800.h5	459cbb68d6d0752b31ac6b586da67c80
torus.out0.05801.h5	b47f9b1ff940efd139d069c844f85702
torus.out0.05802.h5	de0109324ac7738c3c8abaaaf976d710
torus.out0.05803.h5	95f527dcc513dbb6759b309b4035338b
torus.out0.05804.h5	b6353da1455f8a903a69d0a1909e2872
torus.out0.05805.h5	e89ab2469ea19eba5e2d965241fdfb76
torus.out0.05806.h5	f056b7dcb03d4820baae2459973c48b3
torus.out0.05807.h5	69d66338ce53c07861a81598d87c4a0d
torus.out0.05808.h5	838845f9b61de87236050a57f746adb0
torus.out0.05809.h5	bfd27a4adadd07d70d767b0704ddcd41
torus.out0.05810.h5	3a442573afc0cf98f0a554188a8e3aa8
torus.out0.05811.h5	fab00d5b938116dedffcbbdc12d08f7c
torus.out0.05812.h5	1510acd9fa6ca9426ed5ba62da3fee13
torus.out0.05813.h5	ca2a87aabb88c6d6c6473f0ad86abd95
torus.out0.05814.h5	0147c8e0408483aca2d428d27c1090e1
torus.out0.05815.h5	bd14300e6da4d7368ed6b5db3acfa3f7
torus.out0.05816.h5	8e7505fee2ad43fe1c120e8d875e1b73
torus.out0.05817.h5	a9f30476ee6a5f0fb0873ca8bd93f6d5
torus.out0.05818.h5	91c897dbd57ad5d44e468296f077f6a1
torus.out0.05819.h5	35e0c0244c96a48f7db7a11b1ca33d18
torus.out0.05820.h5	b98b3960650e537973955748b7e72e34
torus.out0.05821.h5	a4664b4f5b510b173f2390758a840e25
torus.out0.05822.h5	82c06558b77e1b4be5c387632d70edc6
torus.out0.05823.h5	ad12dd12adc8e73c5992d64fdda680ce
torus.out0.05824.h5	49dc6a60f7ad29d619634396c9be534d
torus.out0.05825.h5	58e7012d3dd82ab22cada388a86e3080
torus.out0.05826.h5	675def4a0e15489636b189ad7b613d2a
torus.out0.05827.h5	b9b0e29bafba78180cdf34b7d5c5be2c
torus.out0.05828.h5	c5a74b1c623d24e562d80ab154454513
torus.out0.05829.h5	70e79d6c972f16962d6a2e76abbda408
torus.out0.05830.h5	98a3589e233e3fdfbb3382c0500d4ee1
torus.out0.05831.h5	3886dd7f8d2c0ab17ee5648c6cc9354d
torus.out0.05832.h5	917babdb1d8e351b6527c3ce02091bf6
torus.out0.05833.h5	5c57bf4008f2c3f1f40abfd1f4b1eb10
torus.out0.05834.h5	046376fbc5fc045da6447993cba4757c
torus.out0.05835.h5	aab96b74363e629980d7c24c70dc7edc
torus.out0.05836.h5	86c4b46bfc789a6732caf97f9bf506b5
torus.out0.05837.h5	da870481345f08ad8e928ea64dbc6a2a
torus.out0.05838.h5	835bb02bfa0cf7417a567b6ff96116c5
torus.out0.05839.h5	f987621b6d4c54a66e9b815f52f2ee71
torus.out0.05840.h5	245e7e14d8230b16c58e803a7b3b2c9a
torus.out0.05841.h5	10ec1eaf3a50a5756419610a8bf9fa53
torus.out0.05842.h5	ce41b5d72612a8721f5ba6d84bdda5df
torus.out0.05843.h5	ea3d7fe5876db609207b93a9c316ab28
torus.out0.05844.h5	23407b1560e7f1831ca4ede2ca267b73
torus.out0.05845.h5	a0a63e6e2cf6cfa0183c54cb297c7bb7
torus.out0.05846.h5	62014c452f7f4516f5ef00c465486c72
torus.out0.05847.h5	1c8dfa29c70c97db221a56034094e35e
torus.out0.05848.h5	5d00f07676707c9c77863b9eb56e34bd
torus.out0.05849.h5	a3778074a7eb9b95728abe2590b5ba9f
torus.out0.05850.h5	adc896b4c2953442e866b573d4e1deb3
torus.out0.05851.h5	e0f5423cc46a83fa7f5daa063d4a5ef9
torus.out0.05852.h5	4c4dd1fee0c340bfa40252c716ad4f88
torus.out0.05853.h5	21bc10b9ec2817bd3a29dee0d560bddc
torus.out0.05854.h5	e0d2a40751d3eb50091932b05eaea161
torus.out0.05855.h5	7e077a3e5436c3953e9e6b46bf750792
torus.out0.05856.h5	11de8e7228b59afd8f2279a1263dd01b
torus.out0.05857.h5	a4b5482420e1358eae4a7e3dd162f64c
torus.out0.05858.h5	8bbb2952bd2f9b4cecb500ba9f2097d1
torus.out0.05859.h5	ee3e63c1477f68ddf0eb6afd2738821f
torus.out0.05860.h5	9a0ed402ff3273406fdcb08d9b4553f7
torus.out0.05861.h5	b6cd1e3f114f685dec8ab0c20b0875e6
torus.out0.05862.h5	1e6518446b43adb66293ccb6678de580
torus.out0.05863.h5	70ba329d7d4bf8c4b321466ea3aad608
torus.out0.05864.h5	063c79f73b8e0b810d78db63883d60e2
torus.out0.05865.h5	74622a4398dc510efe02a16eb2bb68fb
torus.out0.05866.h5	6590268ec874910d3afd2bd9dac96bad
torus.out0.05867.h5	ee30be3bc47574e53b70c51e4b3f0343
torus.out0.05868.h5	0cc92eb32eaa6ac894491f342747c4ce
torus.out0.05869.h5	911f7d956bcb26419cacf365d21a4184
torus.out0.05870.h5	078cab058f58dfa883e5d387f4dd29c1
torus.out0.05871.h5	47e98755d4c1a49eec4ceb1821c0ffc8
torus.out0.05872.h5	1c58f233fd08854b3823670f6b00c854
torus.out0.05873.h5	b028b8bb31526bdb934831ed443869b2
torus.out0.05874.h5	cdb3fe15784ad6f4d488ebcb35133147
torus.out0.05875.h5	04a7242579537d5341cc99eeb7d139a4
torus.out0.05876.h5	24a6cc05923db074f81b65f41d21caea
torus.out0.05877.h5	7a6955432a4a2a4ef7bbc97fa2bd06c9
torus.out0.05878.h5	94547ef29da3eb938af9f46cfb71ecbf
torus.out0.05879.h5	401ca2ed771f23216ab842f4af21df8c
torus.out0.05880.h5	b3c47bf844ea562b9d499b35da1ae961
torus.out0.05881.h5	2f1baf4fd0b6667ecb8f34083490b526
torus.out0.05882.h5	5df474d40273c9577c0e5abe3262f343
torus.out0.05883.h5	4b0e8c082060f198c0cee9fe7d849b30
torus.out0.05884.h5	ce7c71cb7c988eeef8a0a75511ccd963
torus.out0.05885.h5	635ecac31c64cd5422756dcf8c22be76
torus.out0.05886.h5	cc9d87be87962bcad3668c59643aa332
torus.out0.05887.h5	0463b66621685fd70276e4bfc9e19263
torus.out0.05888.h5	8b0509a2aac19a24c2ee45bf0719cd97
torus.out0.05889.h5	0f941bbba85e50b70d7e226172584536
torus.out0.05890.h5	d5dd340dc7ece7465c08a568952f34ab
torus.out0.05891.h5	f43055a05a63fc1fb6d79093177650e2
torus.out0.05892.h5	34ca88ac1b610ed3bf43ee607038dcfa
torus.out0.05893.h5	ea865f7f5cf499d6670d40b05d3a1665
torus.out0.05894.h5	e32b54e33ff604b4e7a566ec58454fac
torus.out0.05895.h5	93ccd866b6106a775f7b20082e54ca77
torus.out0.05896.h5	c23b0142018d19619ef236bf7f8c67c3
torus.out0.05897.h5	75cec573e460c3146d913d9957b54159
torus.out0.05898.h5	b3d8bafa833174f25b0c419c69d1d7ad
torus.out0.05899.h5	0a218e4bec62dc587bdb763ee61cf6a7
torus.out0.05900.h5	a8a8ca51b4c14eb76893a009b3e0741b
torus.out0.05901.h5	2307e1d6a6c33b0f3fc7ed5a4b9a1924
torus.out0.05902.h5	4d37657aa8bef9985473ce6484db75da
torus.out0.05903.h5	adab214a39fe76af2b8af26ebdf86957
torus.out0.05904.h5	b851be45a3f9a705726c834d804ca5b6
torus.out0.05905.h5	8d29030a08f8d5df8e4ed00dfa6171db
torus.out0.05906.h5	096fb750e0c9c83fa496dff35d704bf4
torus.out0.05907.h5	2389a99d1c0ed614f626d0b97cd50507
torus.out0.05908.h5	d2b31a920bb7d948d8eecfa7b3c2e4f9
torus.out0.05909.h5	cf6df53a50e2a8182af0c135c252f297
torus.out0.05910.h5	1d0d74c20f880472c31a05f782d38253
torus.out0.05911.h5	62954a773036a28ffe23e47ba203e72a
torus.out0.05912.h5	e07fb7cc6a0fdd3bb3700041c135d4f0
torus.out0.05913.h5	9df8b9cb1cbc3ff27539cefda20b9ef4
torus.out0.05914.h5	e3ab60a11bc4435696a1f7fba583d6eb
torus.out0.05915.h5	e6f808be2ce182a71bfd889688cd3425
torus.out0.05916.h5	070c1ef99629932b5bf4457237ed3f37
torus.out0.05917.h5	dcfd5d0ec8bc3e7d33779b259e2f1660
torus.out0.05918.h5	80d3678f6b185593a15fba3b635c15a9
torus.out0.05919.h5	bf93ffde6fdb494cfe3a324a4baaba34
torus.out0.05920.h5	df0cc28a3b63c9cc0c6089886e07e57a
torus.out0.05921.h5	cba16381e978ce8c09ee25a0bfe5589d
torus.out0.05922.h5	530fd27bc0a205a53762396375cc0aca
torus.out0.05923.h5	8c502aafc66095013600d5ecc14ae9dc
torus.out0.05924.h5	e662a7f061365f9b49a22e8d0c1815ba
torus.out0.05925.h5	1015fc3169bf3b4faf249392f0e65436
torus.out0.05926.h5	266e9ba4251c7cbf9188a6ab668ca82e
torus.out0.05927.h5	b8e459d1db5671fa6815bad5b363ef17
torus.out0.05928.h5	9c0bc42f9572ac18c2efcbf04cb8d895
torus.out0.05929.h5	9d8e6afb9a32f194fba6dd833548cad4
torus.out0.05930.h5	07d70b8b53d38d33e08b02ac48aa8033
torus.out0.05931.h5	6d4dfccbff879eac19af343bcd97c31e
torus.out0.05932.h5	f7d46cf84539bf91447948df717e19ac
torus.out0.05933.h5	4ce94c324aac915a2c7e6d51c3676a77
torus.out0.05934.h5	dac727f8de1f52740c2a28789d6bfaef
torus.out0.05935.h5	09092005643ca588ced8e2ed6ea530d6
torus.out0.05936.h5	62f29c281c8f1ffd836c39022e386b20
torus.out0.05937.h5	775dc1639000bfc93a64322688a92b15
torus.out0.05938.h5	9a359bd16b34cd208f597e8a1625e039
torus.out0.05939.h5	3540cbaa797bad36a803c85faff9c508
torus.out0.05940.h5	8623a1146e2daa12f4f091100a136c69
torus.out0.05941.h5	6d2880bf870fdacdfe46f2be60186583
torus.out0.05942.h5	77e473724e390de61e7d8ebfc4ad1aa4
torus.out0.05943.h5	8b667db6e65a5ac289cdfdbecbde17ea
torus.out0.05944.h5	f8bf8c60ad444488de2c64f88f428195
torus.out0.05945.h5	cc1ab402e8a91c7532ba49ce640ed648
torus.out0.05946.h5	cae62130c6d6a37c82c9aa621ad92162
torus.out0.05947.h5	1959916b186bf8a04683735b76b81032
torus.out0.05948.h5	99cc3908dda1d55aee80af91ae961013
torus.out0.05949.h5	5b68a8166868fa7572d5790335683150
torus.out0.05950.h5	b98371496dadb6408174b8f613dd805a
torus.out0.05951.h5	4dd65d4c445fcb2cd1aa12d046baf112
torus.out0.05952.h5	399ed993f5896b237a85d173ab6abf5d
torus.out0.05953.h5	269173ffdb1872f790c2ca5aaefa610b
torus.out0.05954.h5	0f11adb190f4b7541dec1e638f97a41b
torus.out0.05955.h5	d5feff4da1275253ff52faad1d10347f
torus.out0.05956.h5	090f670c955b3af5d32421a409cc4413
torus.out0.05957.h5	c40848edd88c3a3f4323a29eb81b3e5f
torus.out0.05958.h5	3cfeb9642328b3c044cac2ad6d644529
torus.out0.05959.h5	c658d42cb37d5bbc178b30a0c3319dca
torus.out0.05960.h5	631c5ca415a210e7f0fe1966c9f6a316
torus.out0.05961.h5	1b51c631f84c1b442c0ecce0430e57a2
torus.out0.05962.h5	6cbb9da091eb66d47096aeaa2edd4a94
torus.out0.05963.h5	1aaa53f0f5f4787e1523d5043a984bff
torus.out0.05964.h5	740834745e5e7da81f70fa9ade958b52
torus.out0.05965.h5	dcff4570d332d54c0d541eab990088f9
torus.out0.05966.h5	6a3c747a1f86eb5882ca0754b009942d
torus.out0.05967.h5	ed0279bf9bf597da718225555dc658f4
torus.out0.05968.h5	223f53707a11b76712261db2c4f9b21b
torus.out0.05969.h5	17d1469ab6670c9678393df6c8dfae31
torus.out0.05970.h5	2d8305e0df1e102b313faae9a9c7d8a7
torus.out0.05971.h5	63000f6ad53a34ac3290f0c99bfaca37
torus.out0.05972.h5	7b8130473e679cee00f92ba576af9376
torus.out0.05973.h5	ec3a28e3f7b264e427b05580fdaa1aa8
torus.out0.05974.h5	81bfcec4d66858b1bc8ec245e7974ce4
torus.out0.05975.h5	adfc6cb634736dade543c6755bbc857a
torus.out0.05976.h5	31bd9ade8d35b00e1d753619f4749196
torus.out0.05977.h5	88bd034997536c6383303ea9c8b5284b
torus.out0.05978.h5	3844b67ee053d4901a38d016985df9cb
torus.out0.05979.h5	724abd45524b7ed83ec7f906aa89fb52
torus.out0.05980.h5	879b98fbd95cbc798913cee6cbdc371a
torus.out0.05981.h5	75a75483e26c611723021ea1b94658e4
torus.out0.05982.h5	7d25e019b283489aaad3319088f693fb
torus.out0.05983.h5	726688f032d2da17ab300afeb373c431
torus.out0.05984.h5	71c93015f90c6033ecc2d19b4e119817
torus.out0.05985.h5	72438f40255b5c1fa7030c0df86d17f8
torus.out0.05986.h5	164ccc2444f14b7385df77ce650deb89
torus.out0.05987.h5	2665aa6daccc9f0e97da6a93d27e1b14
torus.out0.05988.h5	d7576ba5ca809be7a6c1bddac6bc9784
torus.out0.05989.h5	a76ccf5511ac417a42fcd0146500d215
torus.out0.05990.h5	4f9788e6446e3112b1ab4aab86fcbb1a
torus.out0.05991.h5	5dfd887c64d6601c6712209b03ccb30a
torus.out0.05992.h5	520448c19b1276d799ea908ce7c20957
torus.out0.05993.h5	7f8b7d345e0b0cd3c5c2adc8e0b5cb17
torus.out0.05994.h5	7a2a6ec3e8e91a5f0e3f558a5b05a822
torus.out0.05995.h5	ecf39dc5af85d8360e3296c71d1ffc83
torus.out0.05996.h5	0e86943cba7e0482d521bc365fc04b2e
torus.out0.05997.h5	957bc69e85493d4d7eaee692c082d156
torus.out0.05998.h5	bfaa048565b498c07a233181c9e6b44d
torus.out0.05999.h5	5879b5317345ecb73dc2c39c3584a831
