torus.out0.05000.h5	6f63f84c0434df6db2e25f39dc1fc013
torus.out0.05001.h5	dfa23d7e5399da8805e5c9ffc751436d
torus.out0.05002.h5	cf92aaba13ebe8c583f4f5314575d791
torus.out0.05003.h5	965a934d414de0da7c11ad21bc6c19b5
torus.out0.05004.h5	b246b3fb7a9533fceebc0ad6d42a86c6
torus.out0.05005.h5	c79c80a1f51035042709f23b26f989a0
torus.out0.05006.h5	55d8e98e19e1b14013cb748cdd272374
torus.out0.05007.h5	c4ce15fe7cc0d4a860045a4033aec60f
torus.out0.05008.h5	d1685f65f397baa3a424b7a61280c836
torus.out0.05009.h5	6f8b4bd3ed7f0d9cfb14f157a92a7373
torus.out0.05010.h5	60e6379cddfac883446ac59b4709f8f5
torus.out0.05011.h5	afb7b2f6ebe00999672ee6fd37b7c9a0
torus.out0.05012.h5	5d16fb9b2ff29b36f22ab0c65b425140
torus.out0.05013.h5	beecb22d966b5edbe9cee1ade56f8ce9
torus.out0.05014.h5	4c1ce07a7fbea3336e2427daa9d9d0bc
torus.out0.05015.h5	e83ec344c392fca7ac1d0f21c6e16a84
torus.out0.05016.h5	5e1f6054aa78a1b6407f8a2deba5531b
torus.out0.05017.h5	ef8b377b04e1eabc1db72a11553c4b2c
torus.out0.05018.h5	780bfa4184a87d91a8b2fe9f89f370d4
torus.out0.05019.h5	2a3d97dab0e216dde3533d9d2289a006
torus.out0.05020.h5	b7517d99492b50a8a68472d5c8879e7c
torus.out0.05021.h5	f07ad3ab0757448868e60afa95799c74
torus.out0.05022.h5	e3cf015291d44a0b2f12a70d4996b913
torus.out0.05023.h5	af8bb33462e0fe1e5ca67a740a54a6f4
torus.out0.05024.h5	4fa17743d2c2ae9ca07cc3736b797806
torus.out0.05025.h5	ca3480bf4f309d817e86611d8ba78541
torus.out0.05026.h5	fb8005a54db32674349baf2a6607ba38
torus.out0.05027.h5	841641195e40d878da0d1262de89a250
torus.out0.05028.h5	90b3b11f21d91534dc2927e6a750e15d
torus.out0.05029.h5	9257ca48611fb17528ffc824f0d15688
torus.out0.05030.h5	ce2eabe8ded85b3a6ec88bfb9b632adc
torus.out0.05031.h5	0205a487b5d4dd17d1e52414d3f82bbf
torus.out0.05032.h5	7a8937b6db7c2058b56de6a61d9be8aa
torus.out0.05033.h5	49b73f4ba6f72cdcfc41e7dca0bb680b
torus.out0.05034.h5	9d54bda727e1b3f4f143cd0462eab8e3
torus.out0.05035.h5	c4f99eed0eb36c23fb00c84a4393d804
torus.out0.05036.h5	e372d82e93a0839ef919e61376f970fa
torus.out0.05037.h5	e8a528ebed4729254c5fcc7aeae6bdc0
torus.out0.05038.h5	16224b4c712931ba3fca5c4a74fe4208
torus.out0.05039.h5	126a2734554d9479302dca7f4d5649b0
torus.out0.05040.h5	d7e7cd7610e9d2da0465b1c81dbfea23
torus.out0.05041.h5	15ca4cee6725b387b0743aa0698ac1a2
torus.out0.05042.h5	295e4e7bd62240dd776249523f802dac
torus.out0.05043.h5	78e4a23823ef82b94ff939d6519d1e1a
torus.out0.05044.h5	cd292553e4df39512fd2f44cbfa6b0bd
torus.out0.05045.h5	ed604b28fba525f179f0701a2b486311
torus.out0.05046.h5	9bde8cc3c9fcc45a4689ef73deb9ffbc
torus.out0.05047.h5	febf1328f59f35a059542262b3168fbe
torus.out0.05048.h5	2955041eed90049c65f1b9ed4f5b30af
torus.out0.05049.h5	5dcbe3be2c76466c4cebd281b4d2bcb9
torus.out0.05050.h5	748d14f7364b393423f47c279aa04a37
torus.out0.05051.h5	05b88fccf5f745456203778c8f3fa2dc
torus.out0.05052.h5	a99d711eb8bcc2453f3cdec5fa3113c8
torus.out0.05053.h5	260eeed5666531249a516a2f8e995497
torus.out0.05054.h5	d642913e32d5f5f4b6a22db832bea9a2
torus.out0.05055.h5	0f60fc224b5186f3f97e26b6ae4e8ec4
torus.out0.05056.h5	ae3d629f1c7915893f70ea7846ad9a49
torus.out0.05057.h5	ec55830ea93e71b77b73c40cfaa1da2b
torus.out0.05058.h5	7f79c3b18594266630313c9724da2e41
torus.out0.05059.h5	0188f6e2c0966f4ba6964b3f18536550
torus.out0.05060.h5	a87d546fdff9d7dec4a5cf1f1439948e
torus.out0.05061.h5	10befa6b03c450031fa1c8eb6f7634a8
torus.out0.05062.h5	ab8b27123446fdbd5778f74ee09c07fa
torus.out0.05063.h5	d61089656046ed6d1d3f6be2556a0462
torus.out0.05064.h5	cdbc1fc28641626160df7413fe549b6c
torus.out0.05065.h5	9d8b73f1bdf1de1fb5a7442b605a88e5
torus.out0.05066.h5	2171d02e61cc37b2d785c8beffbaa7f8
torus.out0.05067.h5	5f8313bc347d876944f3fe14e41a8cbe
torus.out0.05068.h5	c9b8e76a26d172c90ca393e7b97bfbc1
torus.out0.05069.h5	466d348f6f48ef9eb6d5aa84464a5ae6
torus.out0.05070.h5	091e7fc4951507d61efe548a237204fc
torus.out0.05071.h5	49a04f5572379ac6d8f2129dcba2d008
torus.out0.05072.h5	6fe35e34c7885373d33f5da534cdb158
torus.out0.05073.h5	23e1f8b26d3b4876b5b606bb0d18bcb8
torus.out0.05074.h5	2f7c3f17979e0b7f79da53a94b4e3a54
torus.out0.05075.h5	d33d9e7a02168539880a18e799f2038f
torus.out0.05076.h5	9a7668552067f22b1713433e39811da1
torus.out0.05077.h5	2e80c852ecef545396346eaad815cc63
torus.out0.05078.h5	7294bfd2edd83db8f08e84fc4ee70be1
torus.out0.05079.h5	06ec42af7bf5442bf926333fe68fe545
torus.out0.05080.h5	0c473bbec2b174811bc4d68b630acb8a
torus.out0.05081.h5	1ed4d651e8dd2e2a45eb89fc6ff9ca0f
torus.out0.05082.h5	5caa394c43d28c0389143a31b562e233
torus.out0.05083.h5	7d064868ba1a3d3151e99506058dcb49
torus.out0.05084.h5	064b0872bfdb66c27ce1fe2d526fbdb1
torus.out0.05085.h5	e4af7714f140bc35048dc59ac4566cd5
torus.out0.05086.h5	3bd0db37a1a7721f8ebd3d6127b5589d
torus.out0.05087.h5	ea4c7ab6f3fe679da03a711756dd5e8f
torus.out0.05088.h5	9dd94837806137c8b74b3f1b17056fb8
torus.out0.05089.h5	b0b6db37c6c81edd345e92cfce543cfd
torus.out0.05090.h5	33e6fbf254b4d0d04eb84b41cf16ab76
torus.out0.05091.h5	195f15675e616efd8b464cb68c890990
torus.out0.05092.h5	3b0f852e81402204aacbd8bd4892eb3c
torus.out0.05093.h5	4a9928c3257f7768a50123aac0114408
torus.out0.05094.h5	e230f04fb8b8783315220e128f0bb62b
torus.out0.05095.h5	b36d2713f2121cbc56c3eb927300bb94
torus.out0.05096.h5	60aa686ef28b653c1c54d102000effc0
torus.out0.05097.h5	e87c17b94bc0f4b9780a908bc2293ce0
torus.out0.05098.h5	fb107da3de45eb1d7f422a702611e9c0
torus.out0.05099.h5	df90cd4d16d8de80f883d57a51d21958
torus.out0.05100.h5	48792db48a1d26a36591532dc35eb75c
torus.out0.05101.h5	83874843a87c452bb88c5f0395636461
torus.out0.05102.h5	58b6f29cc2ea7b1dad7fbf2e2f01d18c
torus.out0.05103.h5	27e7ea8d49b814dc0eecd177d680ec6f
torus.out0.05104.h5	1a6ebc9c997839b6eeac2a8b5ed820a6
torus.out0.05105.h5	b0f360901efabf7aa3e6e9755b4b2e05
torus.out0.05106.h5	3a324a9ae5826b69a96d2c49223a6f38
torus.out0.05107.h5	6a9ccf57e623aa6f67cad38db44d5ef8
torus.out0.05108.h5	91f8610d775bd88382b1aacff136fbcd
torus.out0.05109.h5	00fe9d68cf2aa3baa5b42e82f9828266
torus.out0.05110.h5	9b35550b2ddbb0ec7a8c4f03c734bf07
torus.out0.05111.h5	03ab65b909a5eabe98c751adbf47bd8f
torus.out0.05112.h5	2613a704bdd0736b44c34c99892dbfcf
torus.out0.05113.h5	b704d39d9a2a5b21a14dca822da9732b
torus.out0.05114.h5	bc06e65e18ec2309312ea0bd00c3b627
torus.out0.05115.h5	472a173d9a1e1922f008189cb15e1788
torus.out0.05116.h5	b02082c576f2f16c873f213c8f3bcb7b
torus.out0.05117.h5	74b96a8ea7e0b53a5f9253eed158a244
torus.out0.05118.h5	b20566fc68e5ea81d2753e6a4de8b3bc
torus.out0.05119.h5	896e1502dd373228e43ab3407eb31071
torus.out0.05120.h5	de57d47bc4c4fc994a2ec9dbc27245e3
torus.out0.05121.h5	0e4ef7d21c39e4fdb20618d00dd99ae1
torus.out0.05122.h5	baf8bc24d5b1c936b7d9819d31413ec3
torus.out0.05123.h5	95e2e8968a96d13a3a0de89a1b0bf804
torus.out0.05124.h5	3a79b8babb2ee77a7c4b71635d0138b5
torus.out0.05125.h5	46b4396f91ccc7e3e74a56e83164bdc6
torus.out0.05126.h5	24abbd550d0ca3b0f573527acd9f055d
torus.out0.05127.h5	a010c21531b4128148742de4c55a4045
torus.out0.05128.h5	24050e3a5ac6a8e687faa86363c2dfa9
torus.out0.05129.h5	156ce415bad2989ffe0112b335310254
torus.out0.05130.h5	70c5c69b76bf23546a3fbba2d554ea82
torus.out0.05131.h5	d9bf9e5067d6ee5749d756ae41d678af
torus.out0.05132.h5	61c4708cb72923c705cae42f705bf016
torus.out0.05133.h5	663b762c4fe97421ea770e83d5eb637b
torus.out0.05134.h5	781d9a7dd3afec0af115d925f57c6250
torus.out0.05135.h5	2f7d014daaa15db421671316cba9a3c1
torus.out0.05136.h5	0d63a785e24514096cfa338e1425888f
torus.out0.05137.h5	6d800fa610cf9abb3c9ab0a724af6b18
torus.out0.05138.h5	cdbaf41805e9aad77a0620b4f514740d
torus.out0.05139.h5	2e9bb731894fde5e203af51e2bf5efad
torus.out0.05140.h5	0dbf9d20f417c10505f777624f3feb2f
torus.out0.05141.h5	779fbd8236ce004ed983c057f7e81e99
torus.out0.05142.h5	c2a20420e6abc8799e8f7d24869b4bdd
torus.out0.05143.h5	973c81bf1d6b8b5198229c07d0ccc96d
torus.out0.05144.h5	f031fcdfb5e0485c5c60581fd48cb22b
torus.out0.05145.h5	c19c21b09d8c9b8c3a8599450e0b2621
torus.out0.05146.h5	3a1dab6344bc16b137a83db76c7ef5b8
torus.out0.05147.h5	2ec90d92aa0496aa5e6d1e1ef47dfbfc
torus.out0.05148.h5	be2552e4751a31e825932cf5e36fe8c5
torus.out0.05149.h5	c459c636259a0fa5acf50a04306f1ea4
torus.out0.05150.h5	e00bc384fbd8c34131dfc9c5e1c01d36
torus.out0.05151.h5	696a1ea2e39c99005ca88d5ed187c25a
torus.out0.05152.h5	2b128bd3b47bbb6b139b7b0577b766f2
torus.out0.05153.h5	5b5e23754e39a48427fd2030407caded
torus.out0.05154.h5	23b56d5e8ad4debb17f2b98dba5d84e4
torus.out0.05155.h5	2827be6ee995c85261705c69c4c37e8c
torus.out0.05156.h5	b1fd109660011202e4bd3d07718c4944
torus.out0.05157.h5	23413a494170ac6d0691978a52cb9fd2
torus.out0.05158.h5	30a9f0afbe9bbd8f968c02694ac0fca9
torus.out0.05159.h5	f15df316ee39667ab437600b8ca32fc8
torus.out0.05160.h5	9b10c3318271e36b578af9b385281b92
torus.out0.05161.h5	f3674422dfe46318a28b85c28db09d3a
torus.out0.05162.h5	d8b059d99babd4a7486fe580655cfb5f
torus.out0.05163.h5	5cf7dc9020afc88c52dbf2c6f941516d
torus.out0.05164.h5	05d9a3096a901757154f6dc373aaa9a9
torus.out0.05165.h5	acf28e13e8167d1642a8b56807755109
torus.out0.05166.h5	7060680d5a3c963d2691919382da6bc6
torus.out0.05167.h5	28ad89d0969677c17aa1af3ee2b69ec9
torus.out0.05168.h5	462767751157e5f3334ad5a4707c99e9
torus.out0.05169.h5	1a53f85dfbb4f266e7dc3a12d927e1c2
torus.out0.05170.h5	1eea2c765a8bbdc7102e0cbab0bf2249
torus.out0.05171.h5	c3f075776f4089aa26e2fc5fc05e1334
torus.out0.05172.h5	5f8aa25b4caabac5b28b5f3ef353b0a7
torus.out0.05173.h5	6f6638aa2a2c2773579b79cd4ec171db
torus.out0.05174.h5	4cda7814a8785032329078a35916ca74
torus.out0.05175.h5	459c590a6f0d4f58a227adce23987c9c
torus.out0.05176.h5	6866175bd9450f0ddbfbaaf167afb3db
torus.out0.05177.h5	fa3ca6dd90fbf6777ae98a7cf284360d
torus.out0.05178.h5	0ef98837864830810338154df3248753
torus.out0.05179.h5	ca95c5f7703990e6cf241dbf6c2ac3cb
torus.out0.05180.h5	0fb51cce23f6fa10e4c3f8f7e0a94568
torus.out0.05181.h5	2f4ff1f0548b2af5c10e6b746f4c0b5c
torus.out0.05182.h5	b52d63cef11d3388ff4cf7caf05ff8fb
torus.out0.05183.h5	dacbe64688ac9e5dbb64c3c71a9d50f4
torus.out0.05184.h5	b58b69227f4a1bca50a605c4a9bd08ae
torus.out0.05185.h5	f696bb49e58588c6233aa074669daf40
torus.out0.05186.h5	a374807797e0574399eeeaf5b4a5cc42
torus.out0.05187.h5	a878d4be18f1e77e7619e5608393c9fe
torus.out0.05188.h5	ea70d96d8e648205556903cf572f7a9c
torus.out0.05189.h5	f89f9713c24c0e2a543535fc050cddb2
torus.out0.05190.h5	364cdb9f16d06cd072b68eb77ff288ba
torus.out0.05191.h5	e7ba6a5deaef3a8df3fab38f5432745b
torus.out0.05192.h5	2c1a1dfebe577d8dee9ac37068dfd70e
torus.out0.05193.h5	0363aeec9f24645a2accafb845e43166
torus.out0.05194.h5	dbb2910cceba6c00eea5c966363f3810
torus.out0.05195.h5	c404ab7732601f2911f055dfa6ee049f
torus.out0.05196.h5	17aabd74e9aacd9da66254b7087dabf0
torus.out0.05197.h5	22bd144b26abd3c2a06933f3b867a510
torus.out0.05198.h5	1f5cc766dba556da446e1f5adeb1482d
torus.out0.05199.h5	a909fab827f82e18c0adb291603b0844
torus.out0.05200.h5	1673db8aa7c51efdfd82f37359d9f55f
torus.out0.05201.h5	7482f78e5c49194116ccd0b4b4e5ea6e
torus.out0.05202.h5	4441de81a9e234d17baef88684e77d66
torus.out0.05203.h5	e679a770449afce235dde7c2f3fa556c
torus.out0.05204.h5	062aa767eead0407740a5648431944b4
torus.out0.05205.h5	c6f8f8e9d56bf7c230c41adc7cb4fc7a
torus.out0.05206.h5	9b0327e71d7d14a60d17400679811048
torus.out0.05207.h5	3636e71ec7d31ffc68b407e86b656b08
torus.out0.05208.h5	6b34a6360969cddf83a03e5ab0219d31
torus.out0.05209.h5	4097d0a332dde32a97a8c41e21a8909b
torus.out0.05210.h5	6bbdde0f89f9a097d68740f33363e2f5
torus.out0.05211.h5	569beabfbbffc540dad29a0fe9c8855d
torus.out0.05212.h5	3cdd50f828856873c76d666cb62b257e
torus.out0.05213.h5	10bf5e72e430eee34931ae1e7ced1427
torus.out0.05214.h5	dc78aec86fe51a46567ba79ff3882462
torus.out0.05215.h5	3cb52a58a1b0fd752a32b0d4c5f78b67
torus.out0.05216.h5	8d90316b5313ccd7853d224fa3ad2ab4
torus.out0.05217.h5	9abbc1ce731277ac7b3b6e647c79ed5c
torus.out0.05218.h5	06a01bb81b2dc7be9c3ace0a47df835b
torus.out0.05219.h5	2239a2d6ac0b9b45e7cc5ded6a16dcca
torus.out0.05220.h5	34f08d9fe574a06dad06e2d956fe0b25
torus.out0.05221.h5	3d6d4ae71c2c64fa8e85a9535e49a202
torus.out0.05222.h5	51b8ce6dbaf1d7f057e55f66b7d8737a
torus.out0.05223.h5	22ae41ba71713c0fdbcd7d4c066ba368
torus.out0.05224.h5	a8982eb64765a6b3f84e5a5bf4006f0e
torus.out0.05225.h5	6a1493e005ec17f84fcea1b917e0129c
torus.out0.05226.h5	0e705090d5087ba4f538c890c979e514
torus.out0.05227.h5	d2b5b9e687cd27dd79783d9d7a81a611
torus.out0.05228.h5	676aa91d827e9eed8dfb9d95342cec96
torus.out0.05229.h5	1efa6c3ad6f8777af064db5d582fbce1
torus.out0.05230.h5	bb107afc230b10254e761e17a45e506a
torus.out0.05231.h5	93f8ac85f093262fdfcb338f37fd381d
torus.out0.05232.h5	a016414394580b91172c56ee56c20c6b
torus.out0.05233.h5	1da4f8c7c6296dfa3d83108e71d8915c
torus.out0.05234.h5	09d99d1320e14030842792274668ee3a
torus.out0.05235.h5	c88b39c0510ef8aeeeb80f7711e04026
torus.out0.05236.h5	5088b4c07a089bfa200fc20c00286ac9
torus.out0.05237.h5	fed3e4c3ea1bee6b2aeae7c33f7e25b3
torus.out0.05238.h5	13875e05ec1a9abc14e43f7bdfe10c8b
torus.out0.05239.h5	b5e7513306782a4f847cdbe75ac29b24
torus.out0.05240.h5	445f84b1903edde75ab6daee0131eb7d
torus.out0.05241.h5	7f0ffbe6250215ba9a0cbf7a667081b1
torus.out0.05242.h5	984bbf21f5ec3b0960acae043c3ab1f3
torus.out0.05243.h5	cf0fda5e6e7981b8419aa16316d6cbe0
torus.out0.05244.h5	db271bbd34e3545da38b01403f1c9a92
torus.out0.05245.h5	d7f933322b63e4d4d1a006ae57b253a7
torus.out0.05246.h5	e0906f2f88239ad76c4a57741fd6c9f3
torus.out0.05247.h5	e495a81dde450b18fedce96f0be48032
torus.out0.05248.h5	473b36f0d67adbca621533b2e9fb6479
torus.out0.05249.h5	2011296b87c8924d7cf049bac6faac79
torus.out0.05250.h5	e2d3976a427db40add058a138ae91b18
torus.out0.05251.h5	32bb88df5a3097b206cd55f26c7ba225
torus.out0.05252.h5	cc7f2f7599ffede5c4d7dd9311293a25
torus.out0.05253.h5	028c9cf067de843a86a1bb4b93daea28
torus.out0.05254.h5	0e9c0fc28fb9ab1d8731343904842c14
torus.out0.05255.h5	93d721231e008d29219261fe4268a613
torus.out0.05256.h5	c2d418584eb29699e3758c04d4b93191
torus.out0.05257.h5	32ab0db312ad3da9b8a517671e9f67f6
torus.out0.05258.h5	14bd4a64a3d104ee68f5a5a2ceb939d0
torus.out0.05259.h5	7047a3e09a3b89ffaf89d83a3811efd7
torus.out0.05260.h5	e341d584011c2d58fe8950ddcb6c2940
torus.out0.05261.h5	8c89710f40645834263160c4516d0e80
torus.out0.05262.h5	eb66dcf783121772cff680c9b4cfa6a6
torus.out0.05263.h5	3034950dfdad117172934c5f6abca6a2
torus.out0.05264.h5	3b515ddc806bc8684bf743bffd8d59c1
torus.out0.05265.h5	49a85db0a15d57035f87821821bcd92c
torus.out0.05266.h5	2aa22b99272af822384c9588e8615841
torus.out0.05267.h5	578243007d2160cbd44f28f81009fadd
torus.out0.05268.h5	44f10a8346ef523f7cc6d95fde061711
torus.out0.05269.h5	3bf7c0f118342a53581cc6a3d62aa8fd
torus.out0.05270.h5	35f7afde017ccd98840012f69e772ac2
torus.out0.05271.h5	cb8e85ca445da6a7aa6a499cfe861da3
torus.out0.05272.h5	dac33c5f90abb9a2e825bbd7e2bf0451
torus.out0.05273.h5	dc7d3ffdbaca7eb508e8fa35041fa610
torus.out0.05274.h5	6bb72d09c53ec383c1d2494c3a9e2beb
torus.out0.05275.h5	a8c8e6a20454ea7f925cfc1a37396bc7
torus.out0.05276.h5	f64654e9df03e85a81a128ac2628dad0
torus.out0.05277.h5	5d311828a214d4febdd4585604233c28
torus.out0.05278.h5	a1e75ceaf0791b862e7e26799ae022ee
torus.out0.05279.h5	6f15d4baf4b9bc9deb9b387be704d41a
torus.out0.05280.h5	bd8e012612cf867933089d213a576f83
torus.out0.05281.h5	f3f7e47587fd3e7fb2a098f2a863e221
torus.out0.05282.h5	212a752fc5b5af9bee9f6000bac92640
torus.out0.05283.h5	a4ed353414343ea0ac95767610bbf453
torus.out0.05284.h5	62ae546e428f656e47655962f5702e99
torus.out0.05285.h5	b17d8b40e151873afd46095f54954e2b
torus.out0.05286.h5	bf4ffb24a975cb4ae33db2d1786640a3
torus.out0.05287.h5	a63c76f6a29cd5eae0ba02d8b2802634
torus.out0.05288.h5	3730bd1b5ec11e85fbe4f1a9972e560b
torus.out0.05289.h5	3c02e77d0427f7f30ecd49cbafadce84
torus.out0.05290.h5	e13d105f769f5482282a399fdf948789
torus.out0.05291.h5	c2e1a43ee17da7f7b0e377259aed9f44
torus.out0.05292.h5	1aba7f700c0506cd86de0e015ddd20c0
torus.out0.05293.h5	4e3d03b145e0b3c48402acee7df922e6
torus.out0.05294.h5	6490d7b58ca9b7845a7a8195f24ac40c
torus.out0.05295.h5	7685e0a7cc01151251231ac2eb717a0c
torus.out0.05296.h5	c3567e947e9bfa95813853913d8e33d6
torus.out0.05297.h5	c3b13066c56499da944bfbb66dbbd4ff
torus.out0.05298.h5	28542cf9dcb43d87635c450f5e2bf26a
torus.out0.05299.h5	4a359e8b336c6bb42b3ead812d40150b
torus.out0.05300.h5	fbdbd420cffa2035f5e5b663792d2c0d
torus.out0.05301.h5	bfaff5487788c311fbff69c68438dc7e
torus.out0.05302.h5	1ff582b6c01c857a6a886a2e4e9eda86
torus.out0.05303.h5	e972e5346893fb6001c34f421a32e779
torus.out0.05304.h5	183ec15cfb973ce905ba93ff889abc34
torus.out0.05305.h5	879f13c65a9c3bc67d9176c31b9b5b1f
torus.out0.05306.h5	2a9542ae79f05d366c707eee9e97371f
torus.out0.05307.h5	4ffafd0ff3c75a8cb348fed9b5969579
torus.out0.05308.h5	fe7d87d5359dd6d6c8097bcfafcf8665
torus.out0.05309.h5	0b93f2bedd541ee72c5a21c3a141f449
torus.out0.05310.h5	04950a6bae9e05950197b6d380466f99
torus.out0.05311.h5	632a805be37a7c79907bd0316db33342
torus.out0.05312.h5	36c07b9e3ed6a500e611b51bcf9b3b24
torus.out0.05313.h5	bdcbc97cadf09db1b66b7ac73b2c39c3
torus.out0.05314.h5	05718b406dc098aa8fba64f22fadd312
torus.out0.05315.h5	f0541d63ab400cbc1db6798f4aa92315
torus.out0.05316.h5	7300abd9da078401207fb14d5578e395
torus.out0.05317.h5	5c1ed71ec00fdd51ba9f752ed136cc2b
torus.out0.05318.h5	5e40a06b8e28bb21fb39de7274206e49
torus.out0.05319.h5	6d1c5b6f5458d2ca3c177a8baa156029
torus.out0.05320.h5	db8f4dac8438919078a5c2866f4ebc65
torus.out0.05321.h5	f4e01e2044d4ed1534a2c7e1c92abdcf
torus.out0.05322.h5	0b6701ea8b2b2f4b8b4f123d5095d956
torus.out0.05323.h5	7fee75ba73801d723505894454cff259
torus.out0.05324.h5	673a9884c305d57f2905731167a78d14
torus.out0.05325.h5	736751242a0aadccf55430d1e325e65a
torus.out0.05326.h5	505100e5c6426e037bb24dfd1a09d274
torus.out0.05327.h5	ddd926721f2dccf9a7f4b7b23fd7b46c
torus.out0.05328.h5	98f3df63d0f4bd2f16c218cf96f0d2e3
torus.out0.05329.h5	f5e7746235f628e52d1d947a3e3a00dd
torus.out0.05330.h5	c22baa5d1bad361b9421cb84ddf46693
torus.out0.05331.h5	b7c6f3bf36b95181bf32ab5d79c39e03
torus.out0.05332.h5	e5b9932ac7b944bce3132e4ac4d7eec8
torus.out0.05333.h5	2564d2e8b0469859071fd063a3cb54fd
torus.out0.05334.h5	c5cc06636c394d8714776cae23de8396
torus.out0.05335.h5	59c3f7cd8a9a111c125ae970f058482f
torus.out0.05336.h5	198a5c96e5671c7b2ac50634daaf426a
torus.out0.05337.h5	fcc3a80825d694dc39b0b7e9464a5427
torus.out0.05338.h5	2cc575a0df81750d371e3c415c5967c7
torus.out0.05339.h5	88b96091c7965507b5a83dd07898a867
torus.out0.05340.h5	0b240aa1111c4479f8aca67e8bdfb5b0
torus.out0.05341.h5	d390e2907387ab2d3ab02522af9df3af
torus.out0.05342.h5	98cc15deb9d2310d81c16c1b246af605
torus.out0.05343.h5	22393909db42899a3937ac34b9bdcf18
torus.out0.05344.h5	88235d2f6423765e5b385cce7d49e3d8
torus.out0.05345.h5	2a5eaf37dab8de04eca40d4056af0717
torus.out0.05346.h5	94b9ece096084e608ae2022189aa6fd6
torus.out0.05347.h5	9961efaed3d18227056054963bce95bc
torus.out0.05348.h5	ff13639881c49149a37270ce2ab341f1
torus.out0.05349.h5	6c325052f9a4e64916c7903e4a7cab91
torus.out0.05350.h5	f75e05ba211c4faf173cd47288dba51c
torus.out0.05351.h5	ff15168aee2bb88d7a673f46dd98004c
torus.out0.05352.h5	1934ac83ee1f64697b37f9cd4c133492
torus.out0.05353.h5	863e696521b078f54b150b047f5fa25b
torus.out0.05354.h5	f57c4588315c45620dad8dacc5e54371
torus.out0.05355.h5	a8cd65dbd347883926d035b7f4aba79e
torus.out0.05356.h5	b53dc67c6a593f48721af89d6c60f528
torus.out0.05357.h5	8ecf88e42dfab92afd934f2ca6f32ac6
torus.out0.05358.h5	91e973cedad10b82abbfb11b367ab546
torus.out0.05359.h5	99bd8b945fda26edc39c44c558cfdc1e
torus.out0.05360.h5	1167610ac89c6ddbe382fe261d7ee64c
torus.out0.05361.h5	2513edb14c2458274eb0a25c440b92b5
torus.out0.05362.h5	7b3cc045133eacff04cb3f1f829144f4
torus.out0.05363.h5	dde43be32898515366e7582afc418abb
torus.out0.05364.h5	87623f18b82c1c92bc64e56473c39e70
torus.out0.05365.h5	62845f390ba3853fc8696d2a0b0b2870
torus.out0.05366.h5	21ae826d21e13847a05a08c3cb2e8dc2
torus.out0.05367.h5	2ec3e08af6801990b80cbcc4103f3395
torus.out0.05368.h5	cd8e2d8a7192dddaa692977df0417b84
torus.out0.05369.h5	9151fc729b58e6a185cdeec8dad1e501
torus.out0.05370.h5	f161c417fa59c438d07ee1d90559f690
torus.out0.05371.h5	df59908c1bbc0bf96000e2b2b0735f97
torus.out0.05372.h5	2900523edee1d9cabb6265c7895209b6
torus.out0.05373.h5	24645882399a653c02a777ddd528f831
torus.out0.05374.h5	0e54cd72031fc46ecf3c00b72fb8e2ff
torus.out0.05375.h5	1c3571647009c4f2498d148e70fa9f23
torus.out0.05376.h5	1b9fb92668057e0e377cf25f99ce5ee8
torus.out0.05377.h5	b2b03349aa06a55352086ecc35931ddf
torus.out0.05378.h5	a76aa05e2979893d66b4698f0f3807be
torus.out0.05379.h5	b297548ae1b9e62a57ce7583a14d66a7
torus.out0.05380.h5	aaa2a1ffc368e0ac529c721be44ba254
torus.out0.05381.h5	6c14fc433c1297cd069d691037244e46
torus.out0.05382.h5	cc3591cf4830de2f8c452b6f2aca4330
torus.out0.05383.h5	16e61c86f816cc8b63e2eb5686d78766
torus.out0.05384.h5	5b4c1108dd43cf352b12615d8932b5f4
torus.out0.05385.h5	602dc99897c0338338fc51d1be32c7e0
torus.out0.05386.h5	55ab6e582ef1e13a34ddf3b22fc74d92
torus.out0.05387.h5	f7cde63e7ea94b2b3774b61eda943ebb
torus.out0.05388.h5	b9d3b3d91309aa1f309f996dba59b890
torus.out0.05389.h5	d9ea58607f70848f191a815dd6c2270b
torus.out0.05390.h5	348c295ab38f2f66adda00037b83b1e8
torus.out0.05391.h5	0586f397daf8cfacc11dcd38e2777e1d
torus.out0.05392.h5	aaac973d1bb9f147de7c5394e19a72d8
torus.out0.05393.h5	dbde3f1af0708c39c090df5756d6d793
torus.out0.05394.h5	26aecd0e7d648e1f8dcb5368abfb4457
torus.out0.05395.h5	212bfd2e5ff870da881de59ffe6bf9be
torus.out0.05396.h5	d9844bc741df2a0a8b2fb6862edb9cd4
torus.out0.05397.h5	069cdba50cb4054680bcf7975e6e3343
torus.out0.05398.h5	31faaa03b555ab4a3379857aaa12c43a
torus.out0.05399.h5	1016b72ba7e2c581602af942fbcfeeca
torus.out0.05400.h5	94378699a0dc53d86646b5b70950a457
torus.out0.05401.h5	f1d26b28930ad08df7870d7809a40daa
torus.out0.05402.h5	2d07fe25dd8dd6ce0256235447a3d508
torus.out0.05403.h5	9f0120bd4272c4ef4b1484c31bd463e5
torus.out0.05404.h5	4add259e2d72ff11e231b5d52bd66dc7
torus.out0.05405.h5	6746ea8a8cb4498c08b110e76edc3d97
torus.out0.05406.h5	ef52c43f1e1244f58f99397dbdadf3b2
torus.out0.05407.h5	675ab0d35890be7bf323b68245acfebd
torus.out0.05408.h5	ccf2fda16bf063080ab319d20a98d45a
torus.out0.05409.h5	34a050ea3eed8143fe2ebc54e805272b
torus.out0.05410.h5	a2be62cd5da6fd50d4348f3a45feba26
torus.out0.05411.h5	49b3f45ee3f477b6c2b1cb00de25bf9d
torus.out0.05412.h5	81f0a379dc6faf5edabe10de3a7343d4
torus.out0.05413.h5	85ff75ea4b55ed0262696df9759ead75
torus.out0.05414.h5	7b4784c8ec1cda30d766de53c5aa2596
torus.out0.05415.h5	5c1b992a943cd82c210c477ede09d7ac
torus.out0.05416.h5	9b6efd31a6d0565c28d64df0bac514a3
torus.out0.05417.h5	d9006f180f5f3937b09df1b72f306d71
torus.out0.05418.h5	3ea66362edc7d5da1ee22cd06f2bb0cd
torus.out0.05419.h5	231934a3152a7eaeb5143958c9b7aea3
torus.out0.05420.h5	c55cfb4b0e350a808e196384bd52a065
torus.out0.05421.h5	ae4d122d8f13784e5e1075b994adc93d
torus.out0.05422.h5	386cb6f6bd51a6cebf7f35a59ece6433
torus.out0.05423.h5	1c5ddee11731a4a3eab54272704680f9
torus.out0.05424.h5	550ee52c50458a18dee42c44d3bbd306
torus.out0.05425.h5	f77f2a82652f5f30913864987be08d4e
torus.out0.05426.h5	cb616edcc3d03b47f41050d491d84980
torus.out0.05427.h5	a3d048531629ee3406ab825cd0b0c8a3
torus.out0.05428.h5	7c3fead153c1fe94f2c000537b9a490e
torus.out0.05429.h5	65e8a462a2b3c370881e9de0fbc90bd4
torus.out0.05430.h5	c4243edbfe1f9602a119e59f6e6c2471
torus.out0.05431.h5	3bf200cad1f234538e12372fa3d15d9c
torus.out0.05432.h5	9f52806890984aa32e91e9f308eaef50
torus.out0.05433.h5	bd99699b40d0324213022806eb51bdc2
torus.out0.05434.h5	47d6d2f62f7d248c9ff2f1d143c3df89
torus.out0.05435.h5	fd19f0137fcd3fbd453c0f23536b42ec
torus.out0.05436.h5	b5d37b894ce6f0f118ba491f40216560
torus.out0.05437.h5	10f3ed693bdb98e3a8728aaf341b0f26
torus.out0.05438.h5	446d5dfe22fa72adf4ee2c42827d76a5
torus.out0.05439.h5	d88d80303af8f9b160ccae046dacaa7d
torus.out0.05440.h5	46eb8f7cbfc248a6ebdf7483f5b31d03
torus.out0.05441.h5	b0b62fce8c8d95117773b5a824fc4eec
torus.out0.05442.h5	ad6d3b6d5e23af4130b8bf596b7436bd
torus.out0.05443.h5	2b786b2121d23a177594f1e791b877c9
torus.out0.05444.h5	369358b67682f6a8afde4988e589a43c
torus.out0.05445.h5	d2d1cc0bcb3918081b5a0c3866e326a8
torus.out0.05446.h5	507372080ce7b0cb26108d192dd3070f
torus.out0.05447.h5	80ec1c5587f8170280ae5095bd924659
torus.out0.05448.h5	1c704eaeda429dab17173c54e72c3079
torus.out0.05449.h5	9facb0c7c70c4d713aa31b6d4127a32a
torus.out0.05450.h5	ec315552417d79016ea062a1acecb401
torus.out0.05451.h5	8a4399abd83aadb56991d1fc69adc14c
torus.out0.05452.h5	eb575f6226ba70e25e2662cca2ab2b98
torus.out0.05453.h5	f945d3ac5616a840d98c2ac6f01f1d63
torus.out0.05454.h5	df7364f8f3f3e9c4afd0c73f6bcca6dd
torus.out0.05455.h5	c81251df0538b3767ba4d8587a349435
torus.out0.05456.h5	4bf0c8a7270d304011a913d1e9145917
torus.out0.05457.h5	fc5a6450fc5ef473a49243e704934627
torus.out0.05458.h5	ee0988225b4422becc93f913f944a4b2
torus.out0.05459.h5	25ec99e376c360642643b49148cb3fbe
torus.out0.05460.h5	c6cee0ee57743b8b300bdb1d03b8632a
torus.out0.05461.h5	55ea7ecc35fdfc6330314d5db847d027
torus.out0.05462.h5	dc12ac1c6a08b93f4b595f0c1eb1f939
torus.out0.05463.h5	cfbe9662d5eae3856a05553971206932
torus.out0.05464.h5	716b5bc49ce48c443a9f1dea2e93ffc5
torus.out0.05465.h5	1374c7f5f85d5cf4e53671265c8dfbbf
torus.out0.05466.h5	5161a173c2a26cd1f001afa0816042d5
torus.out0.05467.h5	44672877ac9568f9682b791f786586a7
torus.out0.05468.h5	70a39c3e8ae0257744a0d74c5d8e6b97
torus.out0.05469.h5	eeab2850b46e4b799bcc048741d74ea0
torus.out0.05470.h5	2c763a4855fc2134cee59f0537ec8ffd
torus.out0.05471.h5	1b8a6cf646e795971fd4da3c207770a4
torus.out0.05472.h5	8a062814f24f3c44cdb4a120c08e8556
torus.out0.05473.h5	cbb222ad6b5a57e4dc7fee972b03df28
torus.out0.05474.h5	4dcbe8115d68e869c8274f5cf907b2a7
torus.out0.05475.h5	3cfb094bfdfdebe5e04241e59fdeceeb
torus.out0.05476.h5	1846de36358978d140982d33281b8145
torus.out0.05477.h5	542ce5564c3dad2348b2fd762bfe0e7b
torus.out0.05478.h5	576f765d6d814763d25e9ff0f42b6c58
torus.out0.05479.h5	1409837d597f3f368b772689526c04ae
torus.out0.05480.h5	7b58e010b0c2082211568015f960fbe7
torus.out0.05481.h5	4de17724bc316e95c0afd02dcc6c39e6
torus.out0.05482.h5	dbd2c150f68756b0446ee1bc992782cd
torus.out0.05483.h5	3cb946d0e4e2212d6c26ef02827cc9a3
torus.out0.05484.h5	1ade174ff1a2b7fab32f4f230692b667
torus.out0.05485.h5	749fb306edcf0a35c370f4e158073311
torus.out0.05486.h5	4cb9d77c73215b41a1a28309c0ca3d66
torus.out0.05487.h5	19e6b618c930f5804297f94839d16179
torus.out0.05488.h5	86c2ca345f5ce6ac4efee42dbb83027a
torus.out0.05489.h5	b69f9bf325e091e73e1af3a784926bb2
torus.out0.05490.h5	3dd3108d10672f1eaae256a769b36212
torus.out0.05491.h5	ca32021df3cfdce3f0b3de0f0edda9a7
torus.out0.05492.h5	745e42579821646d7cdf11b08a6c060a
torus.out0.05493.h5	b276eafb4cf8651d04f0521747f363fd
torus.out0.05494.h5	43463c42d1e019d52c73a407ed679f30
torus.out0.05495.h5	2f4ce1afd7024295b967db45b5914cd6
torus.out0.05496.h5	0d508a578c8b5a8acea5885144d2000a
torus.out0.05497.h5	d238e8003a3d50e2dbc527201f916cb2
torus.out0.05498.h5	b8d0e5b38221e0fbe1777a8dad629a0a
torus.out0.05499.h5	eddd053771186870b8131bc9715e3ef4
torus.out0.05500.h5	7b6794f5af6e0b45471624d19da21032
torus.out0.05501.h5	bab8224daeab08f52fcdf1cd74182a66
torus.out0.05502.h5	656d9e7621acc6978031bdda131f274d
torus.out0.05503.h5	bebe02f7e78b382160ec544065b1c05e
torus.out0.05504.h5	5613878e5e24f0654cdfe04babe873a2
torus.out0.05505.h5	2d2c3c2e1324bf8c32b2f140534e2482
torus.out0.05506.h5	5221ab97f796406022c4f653a49f1548
torus.out0.05507.h5	6617e5d77aecd035a03fc456adfd1857
torus.out0.05508.h5	da076225f637e10fc2efb7d548937116
torus.out0.05509.h5	9a33d7c1004d5d879b208ec360999d1f
torus.out0.05510.h5	b0333f9f6d5b53f29e666d6d3bf58cec
torus.out0.05511.h5	1cd1cc3f10a5e03d6f9205ba7d9b9521
torus.out0.05512.h5	2856482c3fc1fef72d065c3e2eee8fac
torus.out0.05513.h5	558a4ff81725ac155cdf0f2727bd84b6
torus.out0.05514.h5	02d3fbe1243b0ef8e34a0e9006bd4323
torus.out0.05515.h5	72d6b8a82be2a460218923d8ccc898ab
torus.out0.05516.h5	25d011c4588f7891c2f1df6743a88fc6
torus.out0.05517.h5	2530f728298ed4d5d96fd76a6bc78120
torus.out0.05518.h5	4cff2cc9a19dbe66bda6137cfda18c49
torus.out0.05519.h5	3613398138513965ef376c4417d2706d
torus.out0.05520.h5	b4078aa2607a5ad7e6b4b65ae8623187
torus.out0.05521.h5	1cefb53a7e7734c737a1a28afabf422d
torus.out0.05522.h5	f1a570f88255393db342f0f3a129d310
torus.out0.05523.h5	c08ee7d7302a3c720fc7e746cd81c8ca
torus.out0.05524.h5	017b78c5134e3a5b8451513b20ff10e1
torus.out0.05525.h5	1fe275d398a14320aec9a9e3b64f7e44
torus.out0.05526.h5	6d809cf12d93c355e141f894accdea82
torus.out0.05527.h5	da37040032ea5c69761a3eca35a539d9
torus.out0.05528.h5	c06fdfa4060d7029865f3cb2b487a8f7
torus.out0.05529.h5	b798443eaaa48d47291a45ee6bb2b1a5
torus.out0.05530.h5	2922b4d7ae4bb1c926f2b48078aedae8
torus.out0.05531.h5	319b01b3c3d0f45ae5b2836bda3548f6
torus.out0.05532.h5	42d63a9a06eb84f52eec083a0d168043
torus.out0.05533.h5	9555ddda8df9016f9c39dfb3ef39865d
torus.out0.05534.h5	4880ffdb62187f59da5d12a3f2e70989
torus.out0.05535.h5	f9191fd6e5f2efcc1c48c104c0299748
torus.out0.05536.h5	01e0be6eb78ba19d54a0d8ca83244210
torus.out0.05537.h5	291082ed55e323391ac8173e873273c6
torus.out0.05538.h5	0b5d68862e7eb9c2c725483b9f901d60
torus.out0.05539.h5	9b7426b36be07e3bbf6e40e2e6d451a9
torus.out0.05540.h5	d3027f6ed10f6432fcd9493dc60801f5
torus.out0.05541.h5	988e83b5304ecfe1a686cfef30b43391
torus.out0.05542.h5	71dd5bedfb4bf36755f59e0f497460f5
torus.out0.05543.h5	a44c41b4677b818f80bdb520b06082ea
torus.out0.05544.h5	ceb0e755823126b924a3e704eb3bd7ec
torus.out0.05545.h5	6d6bc0dd414a8e728dc1b87756c88060
torus.out0.05546.h5	8b82e0c3ed7e12bcc915bf1ecb5d12f1
torus.out0.05547.h5	7dcbad238a9bba6943f70d3f719cd971
torus.out0.05548.h5	3c6476f028cf01991c436d797d171420
torus.out0.05549.h5	82e82a6e8510ffdafd3c9adf816cfbfe
torus.out0.05550.h5	a46aaf51803fba517603a66eaa895932
torus.out0.05551.h5	100adbaccca69a180f4196f41f4f1b6c
torus.out0.05552.h5	5be9d2c782aa5bdb128f9289e1d66332
torus.out0.05553.h5	d40781331eb6181581a9ed523426576f
torus.out0.05554.h5	5114b4eae829f9e452955071f716702c
torus.out0.05555.h5	6dd2221501dcda867df87cafae4418a7
torus.out0.05556.h5	2e6ed06ca0b2f068c4d3dfe6c2853ccf
torus.out0.05557.h5	fc202668fd07a096798157610b333f8c
torus.out0.05558.h5	e24f29004a81158c4eb86ce616e77a3e
torus.out0.05559.h5	c5857c929dfa56f0df50ad354d0b1297
torus.out0.05560.h5	3480ae5e5d9b87f8d3769ad2166037be
torus.out0.05561.h5	1756e0861342d3c275362bbaae1ee4df
torus.out0.05562.h5	23774d35c216b665fb75ce9ac0a938a5
torus.out0.05563.h5	35cc6a5cc1382212c09c864e97deda0a
torus.out0.05564.h5	18ed1f44bb81314fbaffcd479123be31
torus.out0.05565.h5	bbc08f2951502994fb1b794947d47063
torus.out0.05566.h5	57ba0d23262ac0254fd7db70d7cc3267
torus.out0.05567.h5	b96d6f084aab337a980a57d96aff8254
torus.out0.05568.h5	9e88d76a64cd6dd1fa9e117827f73e58
torus.out0.05569.h5	f68d248c8aeac153da4f6f1aa7b2da5d
torus.out0.05570.h5	d1f77a177eb2c955caea4bb645bf2c6e
torus.out0.05571.h5	0412abe9887b357ab64066b23f0cf12a
torus.out0.05572.h5	182056fadc7e0e764c29250c9791f36f
torus.out0.05573.h5	434424c36c5239703c67204b0ec6fc35
torus.out0.05574.h5	aafce94d74018b0852e6ef7630e602c1
torus.out0.05575.h5	150f88326b18a12616770bdd16654a7e
torus.out0.05576.h5	f9b5e0a18cac0164a15e4c691d1a17e1
torus.out0.05577.h5	377c03bba2e993accc22a3e2327d229c
torus.out0.05578.h5	1e29a140f9ee6e7a1b48e32c047c4997
torus.out0.05579.h5	0044ed35e3f6a7fadddaa57eecc5f61c
torus.out0.05580.h5	d3fcd0f925e532521d79df823d7ec27a
torus.out0.05581.h5	f10b4eed75d11149a525e20e701bd856
torus.out0.05582.h5	10a80957ee44aba817c354d6dd092c04
torus.out0.05583.h5	2c766a67e2875cbda368770afa9da36e
torus.out0.05584.h5	73425c4d30ec1dab57056304fc14b24e
torus.out0.05585.h5	0950b796482679022af06cf3cc6c5d7d
torus.out0.05586.h5	ec3e0eb419798f999745f7798debc549
torus.out0.05587.h5	9636b58fa68017450743deb2f2d3d0b1
torus.out0.05588.h5	baacbdb604b94ddf45792430905eaf62
torus.out0.05589.h5	3b298b9cf06e745f987bc039d9b5ce36
torus.out0.05590.h5	5fd6fede7867abe7cf141fe543bdefb6
torus.out0.05591.h5	01328607584f61cf357a071e2e568f38
torus.out0.05592.h5	e30a20a3e8a2aa83f081d463b37723ed
torus.out0.05593.h5	e63004f0e4441275fc01e50c96149cfa
torus.out0.05594.h5	741ecec2ca6c74e86d1a96fcd8a8db60
torus.out0.05595.h5	88914b964d33d8bddd8ce801d8d2f6b5
torus.out0.05596.h5	f931c2f419e87b50cc0f43f1de3cb8b4
torus.out0.05597.h5	27bf40e53e4e7961191a9abe6bff40c7
torus.out0.05598.h5	58c3a7355dfc66d940aeef82e60c475a
torus.out0.05599.h5	51d27fec21241863ace4efc6c7d7c765
torus.out0.05600.h5	762fdfea37a5803391fd5efe33ee4c3c
torus.out0.05601.h5	06d8923b8df3915cd40593f8f2de4084
torus.out0.05602.h5	52b092b042989b0697b824a1d2a4dd01
torus.out0.05603.h5	1c08e08a5ff587deb43752929cfb73eb
torus.out0.05604.h5	eccbf05a52d181bd1f304c7e52b68b2f
torus.out0.05605.h5	bf88d9991d9a6b32a79d30c0bf8a6e37
torus.out0.05606.h5	e499eaabf78b872012ba10f110f570d2
torus.out0.05607.h5	629c113f48446814736e90622f7aef0f
torus.out0.05608.h5	c9f01863a4ed6eb72fc70f1e846931ea
torus.out0.05609.h5	f91574c0c637077d6fbc5c584f81d24c
torus.out0.05610.h5	fea309001e818c251f49cc37896f0db5
torus.out0.05611.h5	28ec92ea747f672a502f3208450e7f36
torus.out0.05612.h5	6f272c37a474eaca6e9fea269a5da797
torus.out0.05613.h5	651edfb709e6c65edfb787df7892f7a4
torus.out0.05614.h5	056af9d8badd037b02e45e7606e954d6
torus.out0.05615.h5	77803c873f7e50da7e53e50df82ce00c
torus.out0.05616.h5	eb5c6ca0b04bd52c79ce60cd02f93bf0
torus.out0.05617.h5	32e98fb31ae8d0f5916bf4a48a546744
torus.out0.05618.h5	e1f528f72a9c49257be33887738c823b
torus.out0.05619.h5	4a4c30760171cf6da34e0335482a4301
torus.out0.05620.h5	2ae311976190bb79d20a1902f03a1307
torus.out0.05621.h5	9691781164df4f15671ab7343397f552
torus.out0.05622.h5	0a65d4bb7db23b89e3c9609b4cc96346
torus.out0.05623.h5	25aef9306e29613776892475c43711bf
torus.out0.05624.h5	19a509aa874a0f0761cac4cd535cf413
torus.out0.05625.h5	d47bb6eceeacc8c239e63cd3413a39a4
torus.out0.05626.h5	0c6bdbcdfa3fad0c1f4e0193e1b7531a
torus.out0.05627.h5	cfa4a89360ffe7b01010aedfb880bb41
torus.out0.05628.h5	56a22e63f0371cb4b2ff75702e678939
torus.out0.05629.h5	ade2b61187f448ddfb6527d4cc6da0d7
torus.out0.05630.h5	6afba6c763ebf06bdd42ba66691fbcd2
torus.out0.05631.h5	dd8b5d3fd8f2733be4f7ff5c9d741352
torus.out0.05632.h5	31610c09ba941f2750a6ff379279c325
torus.out0.05633.h5	cdbb4f433bc465d6709892f8364c1d7c
torus.out0.05634.h5	a503eb743ea5031b7fe3e5dc7d6010d5
torus.out0.05635.h5	fa901014d1d1e9b7b775b0bc04a37983
torus.out0.05636.h5	70860fd0022a92568266a85a3294fcd8
torus.out0.05637.h5	746010244722c77b903197ad5007def3
torus.out0.05638.h5	aeae8df87e1c12d58a127b7b2673eaee
torus.out0.05639.h5	3d68927aefb095cdd4ca5bd14f35ee6b
torus.out0.05640.h5	b4869232d3e6080ac4aa8c05cf73b614
torus.out0.05641.h5	db110b93459e8a66e364545607ba459a
torus.out0.05642.h5	128454607834175018b89b32c55001cf
torus.out0.05643.h5	457a4059dafc672674aa57d051ce10f1
torus.out0.05644.h5	846315a7e962fb1baa1cb951fc3c5a50
torus.out0.05645.h5	260d63dbfb00b09f7840aebc7fbcf797
torus.out0.05646.h5	b58dd42ad4db3c3d4d686803bcb648c8
torus.out0.05647.h5	7c46a8827c117e429bd849c828bbd7a3
torus.out0.05648.h5	235bd9ed93b58281b57ee5a7d267afe4
torus.out0.05649.h5	934ecdbe2aa2b98e47fc73b06e00e8a9
torus.out0.05650.h5	96623999207801a7777feaa6bb57022b
torus.out0.05651.h5	f36556f3a6b984211b5729e0b02f3551
torus.out0.05652.h5	7ef2dd748f3931daa132de0be64cb785
torus.out0.05653.h5	6236acaba2c72eefa0f800f05414f64a
torus.out0.05654.h5	7454091eda9f374b6933f0e87c92009e
torus.out0.05655.h5	87dff0bc1660777da948002012256375
torus.out0.05656.h5	6efde99bc27117a0ce0f8bb7fc9c1569
torus.out0.05657.h5	998cac4203f9cc4775bc1cef9da97264
torus.out0.05658.h5	1df0cd59caae51e5a81f13ca61754a8e
torus.out0.05659.h5	dce06ff4dfbff1884a5ec1542347d73f
torus.out0.05660.h5	abf49f0d9b985e2ab2a11cae0af259d3
torus.out0.05661.h5	6b43d7eefc4449788c14629a6141abb8
torus.out0.05662.h5	ab1c58955c355374f9fcbb1dd649e358
torus.out0.05663.h5	3497d99ef389edddc15284c0d0e8f211
torus.out0.05664.h5	a817416f03010c3c1bd7d08ded005eec
torus.out0.05665.h5	a112e14cd84508da637349b7806c1f04
torus.out0.05666.h5	50a6d02e2d377ee8dedb65d2fe9fc0fc
torus.out0.05667.h5	26f2095df4ceaf4f242933be6543ef6f
torus.out0.05668.h5	256fcf1bda0f977f192ad39cdf08d1a0
torus.out0.05669.h5	4932baa6ff1b19547d283cc0d77c254f
torus.out0.05670.h5	9e3dce63779d811708999124480659a0
torus.out0.05671.h5	9329a4a4db08b78325af694911460063
torus.out0.05672.h5	c27a03f8529804f166d0e9d41d19db6d
torus.out0.05673.h5	087fb7bf65d38b9b3594a0cc397e93b5
torus.out0.05674.h5	630eb8310788f1f88f43403d565c13bb
torus.out0.05675.h5	ae37db29fad43aa41cd0d21b79f45024
torus.out0.05676.h5	2a45d68e321109e3d969ac042b26c1d3
torus.out0.05677.h5	c023af792965e0568983bcf7f8c22935
torus.out0.05678.h5	61bead2177f1f4fcb22d763ca204a7e0
torus.out0.05679.h5	5f1ff380295c47d1a19efe3c39f4d085
torus.out0.05680.h5	6a1da24c43c6484b844aa3b5e908e509
torus.out0.05681.h5	d74305cc40ee8a7371fca8d87996d6d1
torus.out0.05682.h5	f55f2675e49d1bd8bcb68dc4d69168c7
torus.out0.05683.h5	195b1d974d36521a607a59a8c820bc0b
torus.out0.05684.h5	f3eb98967ef96698cc5760726e95bdc7
torus.out0.05685.h5	c8b53d512a37a77c025f34472ca181a1
torus.out0.05686.h5	a76b713e31d6995ee414952080dd47e8
torus.out0.05687.h5	9a65e0a623d7bdc9298f1252a5cf2e23
torus.out0.05688.h5	ccf610e523c8c666bda9415d1094c20e
torus.out0.05689.h5	c28831abafedd2a74dc4a812f46788d9
torus.out0.05690.h5	a1294a1ac732a9cdc1c0055a8a45b1fe
torus.out0.05691.h5	a5adee33483927080a69d9daa2eaed10
torus.out0.05692.h5	5883f08365d97f3d34afd276c36110c4
torus.out0.05693.h5	154bfa84c3f2949aeb278bb82e0d3b9a
torus.out0.05694.h5	ccf0c7c93b0ff264fe895df03ab86ca9
torus.out0.05695.h5	193c8cad133505afa9cd1d6d6a10d480
torus.out0.05696.h5	33c3bd5d4d28f0dcc2b55c449d8fd7b4
torus.out0.05697.h5	a6365bdb7690ecc3320cb8334b26140f
torus.out0.05698.h5	21b2ded329e09c812249da5c3b94b800
torus.out0.05699.h5	2f86b4689134d42b601897a2bd49788e
torus.out0.05700.h5	b84012f4c156a7c75fa54283293ff20d
torus.out0.05701.h5	e62f8a538e355cd73e4c7d3dba89b27b
torus.out0.05702.h5	dd9fc764bdc33f9c06b05066c85652b8
torus.out0.05703.h5	97cd67da61b25bf17bd8cb33d1628ad1
torus.out0.05704.h5	5761a132ad1d7b87984c69dab167b3ff
torus.out0.05705.h5	df788fc82a0fab507942b10f8eba058d
torus.out0.05706.h5	9f632f1a4a401f43a7a2fb8be0aff16d
torus.out0.05707.h5	937262162f36a4d9dfd21bff8f80e053
torus.out0.05708.h5	98ea247df36a017f9c5dfaca154e0dd0
torus.out0.05709.h5	51551c8aab04d6ac75374c060859041b
torus.out0.05710.h5	bc2ff0c62eb4fcd762075033f89d4319
torus.out0.05711.h5	07be21a324b42c29f345de9aa17df9e9
torus.out0.05712.h5	51461ee84f535e65ce1c5b0e4edc4f41
torus.out0.05713.h5	500f76b5a600ce08bec983db43cd52c2
torus.out0.05714.h5	4a58fb436709749e7af919c1444df21d
torus.out0.05715.h5	eee3ed1be767256d7e049aea211674c2
torus.out0.05716.h5	2d6c4ca9b4a7a444d9f48cb0bc533574
torus.out0.05717.h5	5aeaff9f62ef33d0e9d430a2b8ce276d
torus.out0.05718.h5	a1714f8ca2a4309494d4e00dafdd43d8
torus.out0.05719.h5	25536a35d208957874d4a3a1bfdac963
torus.out0.05720.h5	e56f89a0114968c5fdb56090f8b93b94
torus.out0.05721.h5	8a5e3564ab59ab997ab4f421bb410ebc
torus.out0.05722.h5	cd6114719b31f6d5c054493f758dc280
torus.out0.05723.h5	79a8605800a608abc8f578efbb585440
torus.out0.05724.h5	72c4290ffea94dfe52a2a0b5bc60f6bd
torus.out0.05725.h5	e85ccb188cfbb2e0b6aad5e4da2b9b05
torus.out0.05726.h5	fa86c351bcfd9af7634522048a1a383d
torus.out0.05727.h5	cf3a75096ba3dd108a8adaa205227574
torus.out0.05728.h5	722e50b2bc2f2f0b8f430f920fd4531c
torus.out0.05729.h5	4e047907d4033dd6c64a7ebbc06df9e9
torus.out0.05730.h5	09c2ebd4bfe27f3e1bc3abc3a8b057c1
torus.out0.05731.h5	f0be2e47f6ed03131f6a0dc6bd30c1bf
torus.out0.05732.h5	3858197a22e22fb437a5927d6b55bb4e
torus.out0.05733.h5	bb09e33247172599dd0b76ea0523656a
torus.out0.05734.h5	0846b2c845ee50c97b6462a4fbe0a1bb
torus.out0.05735.h5	977cd305ea55785f264d6cf9787c7504
torus.out0.05736.h5	60dcab84421b92cfebb1636c9bb783c6
torus.out0.05737.h5	46b84f643b5b75dca747c3c1171c3a30
torus.out0.05738.h5	a32d583fd104419ecc59cd05d97b629b
torus.out0.05739.h5	d69e59d7642ef147b9f68405643613b4
torus.out0.05740.h5	0e88321a5187845a02b0cec94b816b57
torus.out0.05741.h5	7ac29f0bdbf50952034ad7411c4919c4
torus.out0.05742.h5	bd345632240a237609c8ea18a1e0746f
torus.out0.05743.h5	d05e0b92ceefcb9d507e011d2a067f00
torus.out0.05744.h5	eb50935f70962d91d12e4d7955b0e4b3
torus.out0.05745.h5	190506fc51ca3c53fd9a408800ad9f07
torus.out0.05746.h5	7cfdfd7de68e1616b28c203f4537b91b
torus.out0.05747.h5	c1262b7030105beafa1e7aefc1b25af0
torus.out0.05748.h5	b4b83a22916702d950a5bb9628619aea
torus.out0.05749.h5	09f63eb1b9303f81fed26364529a498a
torus.out0.05750.h5	560621ff1d819ff0dec839b6b70df962
torus.out0.05751.h5	55abc00173a1da75d0371cb30ad1ea01
torus.out0.05752.h5	d5e8baf711f6042d1360085e1dcd5ac5
torus.out0.05753.h5	3134106e4b3c4dad344748d1416dceed
torus.out0.05754.h5	45897eaf383a411e8e542de11d50a40e
torus.out0.05755.h5	40d5abf5e3bc4ba8e6de33888b946935
torus.out0.05756.h5	cef60e10707f976e254dcf9ef9d7a089
torus.out0.05757.h5	310eba71c34950830a109f5160f8c07b
torus.out0.05758.h5	60e52f8ecec7156167d92d61180ac640
torus.out0.05759.h5	c471dd62c7e989b89b53534bf439bf7a
torus.out0.05760.h5	e0fac20f72ead037edccdfc1def6a687
torus.out0.05761.h5	ed0f5464aa47d7b1964f2817484b0bde
torus.out0.05762.h5	db213c77416345136722096d020ba0c9
torus.out0.05763.h5	79fefc8850d5ec4002514b0c9cc9352b
torus.out0.05764.h5	e534b0c716fcd584491f99272624b517
torus.out0.05765.h5	984049a1db999a2ce11ba401c774c2ef
torus.out0.05766.h5	b232d4139017d5ab164791eb7d4d1f0a
torus.out0.05767.h5	c1b92a7af675938a5639c408976c8ca7
torus.out0.05768.h5	fe76634dc710fcee8131ba232fc13d40
torus.out0.05769.h5	6df78abfeb3dcb489d2b290a54081079
torus.out0.05770.h5	628c9fa67afe29f1fb5f629dc609f97d
torus.out0.05771.h5	a65cec0579293c8fc85ff828c971a54c
torus.out0.05772.h5	02f2fbbdfc4ad1f6852950f386d12ca1
torus.out0.05773.h5	54ff47d894dfa10e06cfc8bcbeb17464
torus.out0.05774.h5	fa54504b8f5238aaaaf95425f1a4090c
torus.out0.05775.h5	dd6bf7a63e7b76d7e2632923668d0282
torus.out0.05776.h5	1f2ccdb8906e14622ce58824d59baaf7
torus.out0.05777.h5	8d9ba4cce5ffc6d9794dc008671d8291
torus.out0.05778.h5	d8ed31ba15989b5f4e9a927536e085c9
torus.out0.05779.h5	ff8ee37d910d68d81eb660cdf1b2c604
torus.out0.05780.h5	756836a027a86fd17b2500ddaeec73ac
torus.out0.05781.h5	cce2c318e4be17b766d33a4f78bc64ed
torus.out0.05782.h5	2d268f9162dfa87c44f2be38c66e8d1d
torus.out0.05783.h5	7c3db5704e99016890ebf047caee3e0f
torus.out0.05784.h5	e22f6d820eba2136fa10a5c43cf17c88
torus.out0.05785.h5	e350d5580739856c21d0067f1056dd51
torus.out0.05786.h5	7414aa990a77b1e6cd2d8d4c160ecfe8
torus.out0.05787.h5	9007b1040ff48c7feb7c25dd49790756
torus.out0.05788.h5	e940d13ff74f05afd69cd55490b99539
torus.out0.05789.h5	25e804afa63911f8d9ae9e2ae8942f1d
torus.out0.05790.h5	705cd0dc772dfc8369a6b1b0c37f4bb7
torus.out0.05791.h5	218b71b60ca720e62c835bfaa4b1b1a8
torus.out0.05792.h5	53fb97695b9dab7acc66b12abead7f61
torus.out0.05793.h5	5c323d9b2e5b9203f94b4b6b74b5e562
torus.out0.05794.h5	9f35ea2adc1f0a6b51b790c3b4bc7abf
torus.out0.05795.h5	24ca610f7849b7cc3da4db1f47a743a7
torus.out0.05796.h5	41767f6106189cec8bd68d716de554ef
torus.out0.05797.h5	5f09086fdde3dbeb5789b9055d6b5caa
torus.out0.05798.h5	f327a2f0207f041acc76e0885e2395a5
torus.out0.05799.h5	606a12552e3408d2fef000107fadc70e
torus.out0.05800.h5	26b451a8a2474ac675369e0c0316d3f9
torus.out0.05801.h5	77fc376f3c9a2cb5a1c6b387a6949e57
torus.out0.05802.h5	70f27d7f2c5073ae489ce34c0131d0bc
torus.out0.05803.h5	da4858c738b34c46a3191584c486f81a
torus.out0.05804.h5	f2db85a72ed415b5ddcde116ea64736c
torus.out0.05805.h5	1a1060fe60d3664a6fa0ac21c11ade96
torus.out0.05806.h5	d62205ff2b18737404f8193a034dd414
torus.out0.05807.h5	bd7986189182f962f94b00b414644f99
torus.out0.05808.h5	3bb3a3e7c2ceedd6dd36b32f44e9d6c5
torus.out0.05809.h5	995badbb1040984f9b6319bb82e95420
torus.out0.05810.h5	8a0f411a7952b1ecc0dc6919eeca5cbf
torus.out0.05811.h5	bbf90f6263403169b13cdb79499d2570
torus.out0.05812.h5	020334b5c3b97cccfedf4b713a8198a2
torus.out0.05813.h5	04b88c4c1e364d44b34eb65675b95d82
torus.out0.05814.h5	8c1ee982f87e306dbbce8cf2c8a212b3
torus.out0.05815.h5	50bb40a9de9aef901cdf68fd3049e735
torus.out0.05816.h5	705197cd7da7d9af527a356a1036ed19
torus.out0.05817.h5	9a38206fbb167fdf14f189b71167ae89
torus.out0.05818.h5	b2f130cc073588e5b69003b43ae91230
torus.out0.05819.h5	de4af7303a027ad713bcc4c8df52439f
torus.out0.05820.h5	b1a8765816880f05b1743bed79c19426
torus.out0.05821.h5	8076a82de981f76150b71cf2bdcfc477
torus.out0.05822.h5	7e05dbd22d562c057ce2439a23f1a032
torus.out0.05823.h5	56a965fb8a66577d104f06b8e73596a2
torus.out0.05824.h5	000133935e19de5d07e080998c38bc3c
torus.out0.05825.h5	83ad19f1f12da3bc7788682a665fd88b
torus.out0.05826.h5	1a8f5571342cf0bd4e5ad110d8d96f4b
torus.out0.05827.h5	c7bc16e33840f130bed5f147d9e7507a
torus.out0.05828.h5	014e6e1eb857ddae814a43e02a5cb251
torus.out0.05829.h5	41611b066181113adbbd7224ad043049
torus.out0.05830.h5	2f3da1ca936e4c95413e30184e45c8b2
torus.out0.05831.h5	d2eedf1acb71a06b26418f77f9547220
torus.out0.05832.h5	cea2a1ccdd7805785ab3387a50e0eb95
torus.out0.05833.h5	16254fa8d3d1ffe2abda7b845b7e613e
torus.out0.05834.h5	939451148a27151a0e1dbdda0f2f716d
torus.out0.05835.h5	520f7ac86514c0425c5dadb073bffa69
torus.out0.05836.h5	9f02e50cb0a6b1a1ce3c412e190fc641
torus.out0.05837.h5	e5526b01ed7d05256c3e54b1932e0c4d
torus.out0.05838.h5	225e8372150f807f47bdf3e794721228
torus.out0.05839.h5	3c2c549ea1e42bf8ca50b2c0da9595c7
torus.out0.05840.h5	2b91ded8aa7b56c9079569a9d916ac99
torus.out0.05841.h5	3869047f053a77d9462681999d9cb264
torus.out0.05842.h5	9bbe2cc773e458dadd3b86259e90cb07
torus.out0.05843.h5	af7b91cc7db8ada80d25d70573266667
torus.out0.05844.h5	c609bdfe60659f3d5b201735872b2e23
torus.out0.05845.h5	8be25a74511612460d709f163ffaba81
torus.out0.05846.h5	933b8d468d453ffada9b88da63511cd2
torus.out0.05847.h5	38d6b2187f8ef45a4e564283ea8effe5
torus.out0.05848.h5	bebf6c81f153d1cfb843ca320901c062
torus.out0.05849.h5	0e089768fbe412d7bd3f296c623154b6
torus.out0.05850.h5	e863f78ce1395d1eae0b5fce3b737df8
torus.out0.05851.h5	bc3672ee4f8cae5c0154e8856f6a6f47
torus.out0.05852.h5	31e59695bdf7d322b1b4412969151cd5
torus.out0.05853.h5	a6b360b9b93bd6a6bd07430c6ed77726
torus.out0.05854.h5	d9ca63896ca7450d3d99c6c38a053054
torus.out0.05855.h5	2826a3f4fa13319e61c617beb5c60639
torus.out0.05856.h5	88973d36ca4073eb628bd57d06daa2e0
torus.out0.05857.h5	c5bd9296d104c4120a3f18e839957a3d
torus.out0.05858.h5	89a80506ed03ab70465187fa60b8252c
torus.out0.05859.h5	fb9e538be1c8ca0c49fdf315e5be1189
torus.out0.05860.h5	74eded0be3922f42523722eea541f5ce
torus.out0.05861.h5	71cbd6f9bdb2b53bbf7eb875e6b7c517
torus.out0.05862.h5	4ff325e2d9ad5438511e7924c79c4e02
torus.out0.05863.h5	2fce49e7ee194606c47f9a9e8e2f1e0a
torus.out0.05864.h5	58b67a5590a05e5176da452928f4567f
torus.out0.05865.h5	a20cd4abb5d76099c24a9ef0eee5df2c
torus.out0.05866.h5	80b6fd04ab1a7518eff6a1e0d8379ede
torus.out0.05867.h5	d74abbebc75f4cb39577687beb448255
torus.out0.05868.h5	9c151ff3bd5cad6af61408c1c0d1b9fb
torus.out0.05869.h5	d606af83b3b6aa9e5472d6a897898a21
torus.out0.05870.h5	fe0b729fd52b533c7696484331fbfd36
torus.out0.05871.h5	a1e1f5476d05cd07547e0d8278909d7d
torus.out0.05872.h5	212eb3c0d7e3356938c76ca979ce6081
torus.out0.05873.h5	8c4a0a3213f929c6c0f638cc6dbd3945
torus.out0.05874.h5	9f85ef32dea91dcb1972fb810ab44203
torus.out0.05875.h5	1e320437a0d9762039908b791d377bdd
torus.out0.05876.h5	1a7ed849a789c8eac1a4ea3cae86893d
torus.out0.05877.h5	362d433eadd73fddbce8ee44efb88e89
torus.out0.05878.h5	ac042b3cde6bd9123574073b20fe7135
torus.out0.05879.h5	9c26d0b68b781bf44144e54bec504d4c
torus.out0.05880.h5	fba25a0ce7cfd3dc9aa35e5eda19406f
torus.out0.05881.h5	5f9b35235220faeeff3dc5d4c74cf3a6
torus.out0.05882.h5	b16faf524c4dbd6d4f7c3cdb113261e1
torus.out0.05883.h5	98922d58d27435738e3527ddc6e35d48
torus.out0.05884.h5	147e7a3e2d73556ff61db795a62757d0
torus.out0.05885.h5	a799c1196dd5a58bd29343ed931392a9
torus.out0.05886.h5	2af721f25635a0c767c8ac22382d74fe
torus.out0.05887.h5	4b083bf4fb1ffea83994fb3e059e9890
torus.out0.05888.h5	aca7e670b0f849e582cb31b08739d62d
torus.out0.05889.h5	f443e7e51b201a900be644ed5ea5486d
torus.out0.05890.h5	c1fafa8032200c72c0c428bc860e3040
torus.out0.05891.h5	84c96fd05e0236bf04a60d480645bb24
torus.out0.05892.h5	116577622054647269dde4cc3da396d2
torus.out0.05893.h5	69078a0b1b5a5a415c3945688742c90a
torus.out0.05894.h5	7029ff9b6482ce47d8499e66bf34df85
torus.out0.05895.h5	e99147427b5fc7b7e169a09df51424d1
torus.out0.05896.h5	066ffe04cffd9d39d8d046afd5872138
torus.out0.05897.h5	6fb3f2212951d8e19313eb06f08ea702
torus.out0.05898.h5	7153c53d7099221a2fb0701fba95bdce
torus.out0.05899.h5	dcadaa2dc434c67cbb2a8daa7569ff47
torus.out0.05900.h5	0913d48826658611d857676498e50ab7
torus.out0.05901.h5	ff739c7907c85a37b934077c939c04b5
torus.out0.05902.h5	eb9ab0d2b3b8f4dcdc81e298d370053d
torus.out0.05903.h5	dedaeba3c40b19e23048a9cd775357a0
torus.out0.05904.h5	e80249550db55cdb930e7a8dd0f32265
torus.out0.05905.h5	5f8137bc9de4c5144e8915620084448f
torus.out0.05906.h5	966fb1edab67bd6554dfda281558ab49
torus.out0.05907.h5	baec235f22f4fa11a2813c3ffc430839
torus.out0.05908.h5	7593fd3debdcce96a86347a0356791d2
torus.out0.05909.h5	349cb5cfd416b273e41e6a5bdf02d91a
torus.out0.05910.h5	50d9648620a36f428b255fad35fda890
torus.out0.05911.h5	0a322e16ba23b3461fd34e0f42ec0612
torus.out0.05912.h5	15e7d3916515045f43d533d89affe634
torus.out0.05913.h5	374a11b16bebcb6555fd680c4800f1ca
torus.out0.05914.h5	ab3d6dd8255459c506e27928d452e863
torus.out0.05915.h5	f9ab8c67b9df909dea03ce091c7df059
torus.out0.05916.h5	179cf2a3071970a21056e7403f5e9fbc
torus.out0.05917.h5	cf88fe477c84c1ded37d7bb802bb0260
torus.out0.05918.h5	3a17519eed64a80a4100978e404653bc
torus.out0.05919.h5	8d03cdaa3be2dc716c59203757480ab4
torus.out0.05920.h5	8d4c597114bc0f615dc9f1a85f7b2920
torus.out0.05921.h5	d3bc1d79220e924e3e6a6fd2be7a9c08
torus.out0.05922.h5	4a34ec5c6e73d8e036bb61ab5047f947
torus.out0.05923.h5	e33eda7cddb407e3faedc480133f004a
torus.out0.05924.h5	5ccfa5ab47832c689d99ed51e94e984c
torus.out0.05925.h5	8e926914eac04043d99b7043fae9b7c7
torus.out0.05926.h5	d1197cb1ef5efc5b95c6e6295099484d
torus.out0.05927.h5	06051be34083e95dd37a4201332f787d
torus.out0.05928.h5	711a537277201ca8f0bae5aa219dfb3e
torus.out0.05929.h5	519d35accc4762a70eaebaac860fe55d
torus.out0.05930.h5	86b961a5181d2ab7ee81fda13ccc143c
torus.out0.05931.h5	23b800c5dcdd9469c24a1fe8da7493d1
torus.out0.05932.h5	f64ea6447f2d4fdbeb7b2de9cb273c78
torus.out0.05933.h5	2bbf51a1f9bb85137a3d9942837caf8e
torus.out0.05934.h5	a4c3271a42ed42a770b03ae8d6c46a80
torus.out0.05935.h5	6e23f095a6aaace310ab785f1ade7974
torus.out0.05936.h5	ef4a26de98e1ebc5ee2b190f3878f234
torus.out0.05937.h5	db5ff8923c0f9b9ac4b0fbbfc27ee29a
torus.out0.05938.h5	591cb4b8573dfc66d4ae2ad535dee256
torus.out0.05939.h5	17b53597c75bc0e04c34ad43aedfa16d
torus.out0.05940.h5	6ab62a922f400e860ca997fd4b683bf9
torus.out0.05941.h5	2422871e5f0e8472c3c2b362ba788dc9
torus.out0.05942.h5	6a28d4a8bcf1e5aaa441112b083c0bc3
torus.out0.05943.h5	147c1dbf0578fa44d769e5230d404e63
torus.out0.05944.h5	e6d2baee1b2e87acce258a23f9f0ce05
torus.out0.05945.h5	edbd9c5646fc7152fc6535c97e5b0836
torus.out0.05946.h5	be3a857586064bea93f092270a7bbbcf
torus.out0.05947.h5	7198f90e447713f68f4b75a098ed5dc0
torus.out0.05948.h5	5361b9d45868bbf1a94218b0b472539c
torus.out0.05949.h5	8461872f03a7f095997184fdb280b9a9
torus.out0.05950.h5	abee0fced529b9fcd78ef26745f37d91
torus.out0.05951.h5	a36aabef840fcfee5742ac99997b62c0
torus.out0.05952.h5	50305aed9c1aa3bc0e5238aa2974f3e8
torus.out0.05953.h5	f4c0faf7e9a97955b71ce5d63df00cba
torus.out0.05954.h5	21ee5b8fdca2e22c17ea48642107673a
torus.out0.05955.h5	feea2ec1db9135df3344c600c35129ee
torus.out0.05956.h5	7add9c481e7eb257e81cdea8a78be67f
torus.out0.05957.h5	f067b3b1af059db4c3a5a8269f6b799f
torus.out0.05958.h5	a2393a902c6cf823093f7981e86b3dd5
torus.out0.05959.h5	e7d740c1ad3856e7f5c214ea4be25b1f
torus.out0.05960.h5	1f1b39873df7abb5a54d62e7d96bd2db
torus.out0.05961.h5	4e7f8e548813be657e1a6368725f61e4
torus.out0.05962.h5	2ca15d3151710b18f3520ebd4b93d845
torus.out0.05963.h5	2be38e9357210c18830455c2713778e8
torus.out0.05964.h5	bbbedd4cab4c23adbb56e48145ba0623
torus.out0.05965.h5	52f7e539bbb94a35d1c960ea629f3b63
torus.out0.05966.h5	b9e85b0244e64a866336b5a1199044fa
torus.out0.05967.h5	1b17c42edc75718fdacac3d35ca7a276
torus.out0.05968.h5	2082eeae11c573bb1d2f224a3f17cf71
torus.out0.05969.h5	02c93e3c3240a6a974972eb700d17472
torus.out0.05970.h5	2f9f6afbc6a30bc29077c3e29d09b912
torus.out0.05971.h5	e5542ce4cccc1fd4f49a0a446ed4ee50
torus.out0.05972.h5	a27d024829d036408a3c33897d67719e
torus.out0.05973.h5	c6e9357a626ffb28f47a41c34b11db90
torus.out0.05974.h5	6f3db56fa5a79bc445a1da33392627c2
torus.out0.05975.h5	2285714b971fae69a0a64961071d9791
torus.out0.05976.h5	78b8c10bc1b3175c4383f57df5a23f0b
torus.out0.05977.h5	80be34618bbe44b05aa08564a4277de6
torus.out0.05978.h5	3e2df97e9facdbb46a5e163946bdda2d
torus.out0.05979.h5	11f160df2b91e46f0a235c66a3ca061c
torus.out0.05980.h5	3a00482376839307987de4323e96af6e
torus.out0.05981.h5	bb10708dcf22967ce72f0ce6f95b97f5
torus.out0.05982.h5	3055435301f2554427470a416c19da06
torus.out0.05983.h5	10829a5ad132fab9f28e7778b09793e2
torus.out0.05984.h5	7b436bcc00211927f159c0b75c65206f
torus.out0.05985.h5	eaa99c9f6d0e9f2a52e8438e60bb27bf
torus.out0.05986.h5	13539fa3ef9aef2889e418c6223bf539
torus.out0.05987.h5	c421ee0549dea181b2da1fc2dbae97f0
torus.out0.05988.h5	c81dda5ae564e874e2cf9799a1d29486
torus.out0.05989.h5	7590fa6e69ad1e4bbf7e4be88aaa89e3
torus.out0.05990.h5	b9e0afbecddda32ef5db0a9e62b615c4
torus.out0.05991.h5	5a9937884a8d9fb0c25216630357cdd8
torus.out0.05992.h5	958f170bcca33a9d5781f1517e95a3b2
torus.out0.05993.h5	af523f603eb619945acd7427c345b17c
torus.out0.05994.h5	f49e41fd33d7e9cf83eab6d5ac620e36
torus.out0.05995.h5	02632c573489f2dcfa1c91d54d2780f4
torus.out0.05996.h5	3574d138e63a7f4cdc6d1fd01f0ada56
torus.out0.05997.h5	f5658f308936d9e90ca0724487b25950
torus.out0.05998.h5	3263ce053a165dae8ac437b28ceadfce
torus.out0.05999.h5	cc2a5705eede5415dbd92bd4406eb1c1
