torus.out0.02000.h5	8a6d81e43857aee09ac1514d476a76c0
torus.out0.02001.h5	d7472f467d338c15cb0623320a6eaa3b
torus.out0.02002.h5	b90b38f8c0fe5d442d77fec19cc49114
torus.out0.02003.h5	e85d7ec055ec25d9d94ae7b3e84ad62a
torus.out0.02004.h5	ddcc57be860ac25f26323e15643d1904
torus.out0.02005.h5	1b8ddd42385fa0dfcb74e9bee7cbccbe
torus.out0.02006.h5	38ef8c825b17eb650afa0f1bdb35160c
torus.out0.02007.h5	1825bf7867a25b948614a427720061f7
torus.out0.02008.h5	99ddfa47edac4c93614af5898dc1671e
torus.out0.02009.h5	0c00cd55d6c1c568b1a9cf79bf9a80c8
torus.out0.02010.h5	fd84bd8fc4409d40c23c9a9bfca8d36d
torus.out0.02011.h5	d457c17dbfd55c00125bca7c6e299b6c
torus.out0.02012.h5	215e19bf53e1e49ce76b2ac3731b123f
torus.out0.02013.h5	7219011ad6bc9e196b56783d41683088
torus.out0.02014.h5	b5b9ec67b40e7707ef71abf818dfd708
torus.out0.02015.h5	916a56e5fb48355c1501bca18523a16e
torus.out0.02016.h5	43ba0f13f0649e27b0c7c01acf383eda
torus.out0.02017.h5	6ca43cf3e801e95b3f6e3bbef0d5ad09
torus.out0.02018.h5	2214b7b43a98223afd3aac5bbb415ea8
torus.out0.02019.h5	fbd8255ccff0dcaf477ec188b685a6d2
torus.out0.02020.h5	e37f96ba3c1a648517a5c682ad54ae8a
torus.out0.02021.h5	0eaa29a133b10131c72a486c94b1f2dc
torus.out0.02022.h5	7cae565ce9e582824db99ad5a2edcb53
torus.out0.02023.h5	12437bc87cc17d8dbffd58e26da45578
torus.out0.02024.h5	8636ebbd94bc951c0adbea3ae0415372
torus.out0.02025.h5	0eacba14744620c4b41c603638ebc7e5
torus.out0.02026.h5	3ee58a9b1de873fa5a2e3d977b2d7bf5
torus.out0.02027.h5	119945cddf917da295b8386926d78ba1
torus.out0.02028.h5	4426cfd80386259bda339c0833bb0287
torus.out0.02029.h5	48a39794aa5a843d9ccdc0f8b3598d92
torus.out0.02030.h5	916629d5e463cfd6f62e808e903d89a2
torus.out0.02031.h5	a2987623ac9b20f644452fd2886b27a9
torus.out0.02032.h5	8c94f8270c7747f75f8f57b63e5ccd63
torus.out0.02033.h5	1ff2a213f1a8a5d7e6d150a285db9558
torus.out0.02034.h5	1c688b094a3fe6ecdcf4f4c855cba8b8
torus.out0.02035.h5	dbbe80a4172775bf5640ebbb9a8b0356
torus.out0.02036.h5	8816c58ae3d48ff14932a0d3626aa0a7
torus.out0.02037.h5	16ed5097b9f31b9a0739cc2d83ffc0e5
torus.out0.02038.h5	c7fa44cdd51dadfb2ea1108101d7dd7c
torus.out0.02039.h5	1088a62ad6cf9ae4046571da0a66f61a
torus.out0.02040.h5	21a1ec5445e2fdee134e4fbe139b8ce8
torus.out0.02041.h5	8d8222f683c74145d7a00bcaedf4ee46
torus.out0.02042.h5	89f65994d37cdb2a58e7c1f519b483b1
torus.out0.02043.h5	b866d97a23a441c005779c93461c0e4c
torus.out0.02044.h5	12f757ac5c2349010c5dac9bd11828cc
torus.out0.02045.h5	e651e2f430c06a60e39342a915944dfe
torus.out0.02046.h5	6b439c9000accd126a44305f77d39fdb
torus.out0.02047.h5	5d06ef3b8d6c5de60f73d1d0f8898f73
torus.out0.02048.h5	e238333eb9dc94396b98023d9c816d5b
torus.out0.02049.h5	d71aba1c1d949c6d2d051699d115fe5b
torus.out0.02050.h5	5c74c5bcc41842dff052c802eeb83479
torus.out0.02051.h5	d894f6c37200eab9ab2a2f47ed79aed1
torus.out0.02052.h5	b17cf6507b64e755cd23e1a75f3cf497
torus.out0.02053.h5	61087dae712bbab5d876e73e57db1397
torus.out0.02054.h5	ea3061a416a36d4142ad6cb0dae7cbe9
torus.out0.02055.h5	c7baa181d81b8f40dbcee2c3c72633d6
torus.out0.02056.h5	eeb8728d33fbf4de1f626e225714fe0b
torus.out0.02057.h5	fc7cc21fd89e28b5b878fe1db2bb02ae
torus.out0.02058.h5	da5abc711d9da578707ac52e3f22c0a2
torus.out0.02059.h5	c4cb316038d67072094475eefc383d64
torus.out0.02060.h5	6cd92d30d77eed9906f4651d8729c73d
torus.out0.02061.h5	df8983a1630a2ce5fc911f1c11a40891
torus.out0.02062.h5	401cc674817a26f51941ce68a86619ad
torus.out0.02063.h5	8eab19656ba7057959ef49dd6cf5797d
torus.out0.02064.h5	40c7b5c3b13bd00210bad0eec2a28c72
torus.out0.02065.h5	c339a7136e86f5d9ef6bc514ada83632
torus.out0.02066.h5	4944f0bb937bc2ecf9938f00d3a488c9
torus.out0.02067.h5	b0bfc8db5b9c79f8ad168f8f295b3c78
torus.out0.02068.h5	ed78dcd49f7bf3a35b5c59ec29331dd0
torus.out0.02069.h5	107be40d41f688c1f7a10fdce7154e53
torus.out0.02070.h5	0fe7b035314082ecfc616a99f3b14e88
torus.out0.02071.h5	3324d58b3429fb5e775541c45c89da9c
torus.out0.02072.h5	e9d259c90f979a336a6de178922a220f
torus.out0.02073.h5	e34831d99841edd6c0877b035491fe3f
torus.out0.02074.h5	b168c17e0a34567e8622b08b4ab0fa16
torus.out0.02075.h5	2e8b07b5a722940d2b788152bb7e921d
torus.out0.02076.h5	e9ce9e160d1d93d442d3defe957f3f5b
torus.out0.02077.h5	c81e96d59c2feec70340a4a3b8d9f29e
torus.out0.02078.h5	64d9be2552bc73e3585dee0bbb5023d4
torus.out0.02079.h5	e6ed46b7f75f0b6ab4beac8c62c5ae6f
torus.out0.02080.h5	25199f7b0059c765d36f8b48f23b42ca
torus.out0.02081.h5	186aecbf2ef81adf78ac3f216ce579da
torus.out0.02082.h5	edf2b92c1ea8ad69058e8fced4a3309b
torus.out0.02083.h5	5eda198b8fdda623b1f95211a2b12540
torus.out0.02084.h5	ef7d65d204ce2e577c35a58bfd9f9b77
torus.out0.02085.h5	7616d8b2f4857bec180273ca069da349
torus.out0.02086.h5	f58631c30183cf8fe3d5231a8a481b65
torus.out0.02087.h5	78c36698209e2e63aefd4c2d14a8862e
torus.out0.02088.h5	8a9ebf2ee5a061b152b7db5c4e49419b
torus.out0.02089.h5	4106c9d86fa6b3b16199c09fc6b15128
torus.out0.02090.h5	0f3b0a44dc5507a073427fdcbbbeef06
torus.out0.02091.h5	ae95ec2b1bccdd4e97f8ac7301dee422
torus.out0.02092.h5	c2b7cc53261487fd0d2e59818aaead13
torus.out0.02093.h5	28b10c4b4cfd4927ad9aeb0280b7e464
torus.out0.02094.h5	922e0e8db241712e81dabb795da0126b
torus.out0.02095.h5	7abac09c6246b1dc53fbe8bfbad776a2
torus.out0.02096.h5	72db0d08595d5a97fac3d7963f7b1354
torus.out0.02097.h5	3a022ff06fed4442af26ea254b877158
torus.out0.02098.h5	47b4e5cba57e00b570a225e0ee83c4a0
torus.out0.02099.h5	d38410d14cec465d3703b35e2c72dc9c
torus.out0.02100.h5	a7f21f1a55f7968b43f895518acfdf73
torus.out0.02101.h5	efd15c1da2acfda3bbc5111009c0e39f
torus.out0.02102.h5	2f9ec86a5c97fc825b9396ce83e42863
torus.out0.02103.h5	22aab86d80065850b80c6c0e1457027c
torus.out0.02104.h5	12a4ce21efc3369ec94a18321585a127
torus.out0.02105.h5	ac901194ca22f1321a66a83042914410
torus.out0.02106.h5	c46b226fdc8cfdb01c7fd212867fbd5f
torus.out0.02107.h5	eced69255dc2ea88d757b4bd16c9bf26
torus.out0.02108.h5	41657719218e28aa29a87cb3ecc4cc91
torus.out0.02109.h5	abfa12490811749331c68f64d751bf01
torus.out0.02110.h5	3d2d532fb275954931c9d6979bbf59ca
torus.out0.02111.h5	20e302d5dba77b8a234db1f953ec2e52
torus.out0.02112.h5	620ed766f9239fea12238be1cc56e3e9
torus.out0.02113.h5	f775ad7eb08f0aa5a58bda9a98aa64ca
torus.out0.02114.h5	da000943dc007bcde7269063559f510d
torus.out0.02115.h5	b62211d34ea11270100a9840a32d1d0e
torus.out0.02116.h5	629a5ddd1cb3f8913f98b37f3801af65
torus.out0.02117.h5	d5c1eb3a8d6704a435514eed7e409697
torus.out0.02118.h5	cce201b3a3845cc93a180c778f8bb12e
torus.out0.02119.h5	b33d7071ca0dd82e7cf13da1ea2ddb35
torus.out0.02120.h5	d82c56e48ab9dda1eb10946ac663e388
torus.out0.02121.h5	6e4ea11a8e594eec067866195b5bc6bf
torus.out0.02122.h5	faa856092db29d6734b965357e2f3083
torus.out0.02123.h5	9a34b348aa3aef25c21b6cd798306382
torus.out0.02124.h5	e57ee39d7aca53f65a1fba85374b1dbe
torus.out0.02125.h5	ec7e57f0c793f4cb0e08643f5bae5c04
torus.out0.02126.h5	0a83d77448d39890f24c3a936492cfa6
torus.out0.02127.h5	d91846f54278ec3f79eeddc2f0c4ecd8
torus.out0.02128.h5	ee5dddaf614a694a1344e35ae1ed06ff
torus.out0.02129.h5	7fd98d46e85f7db820f2de488693d52d
torus.out0.02130.h5	9119ed088ef293067181fe33e53791cd
torus.out0.02131.h5	cd2f856b4e4cb21506e1d792c771610a
torus.out0.02132.h5	0ebbcba7b187c533e7de720d5b649bb8
torus.out0.02133.h5	b63fd3d937f0f8ac6b56ac05ba54b070
torus.out0.02134.h5	5eaa87ce6b6635525764833eb4077321
torus.out0.02135.h5	47d7654bb6a4ef6ce516b0472264ff3a
torus.out0.02136.h5	29a273aa63d4c6d28601bf4ccb47b9f5
torus.out0.02137.h5	83845031e169c5b738b610e85ba0e13a
torus.out0.02138.h5	365d3f32d6f74fa041df64d18cb8eedc
torus.out0.02139.h5	6e3efaf1924a72840fb8f9f0bfde86a0
torus.out0.02140.h5	0f86eac66ded7b61d38e5cdc23a9fd53
torus.out0.02141.h5	3737d34cdc645bd439e5a585f1c60971
torus.out0.02142.h5	0117b21d0a8e4be6735626cc8906dec8
torus.out0.02143.h5	055bb60aace1fdb3522fc920ba99e233
torus.out0.02144.h5	d11f882881555e93859ea86edd6a71dd
torus.out0.02145.h5	0e268b4de8b49251c26e72c79ceeed56
torus.out0.02146.h5	3eab1f7be087c17d80927d77a222b65c
torus.out0.02147.h5	66c842cc9694f1abcf16adacf5fc372f
torus.out0.02148.h5	b4bf43de68c6699299832008a83bdb7a
torus.out0.02149.h5	c0d3651d80c8b1d555425f206ebfd5c0
torus.out0.02150.h5	83a6f2b1c78c5cb0887d0856a4afc590
torus.out0.02151.h5	8e90cfc66e9ccd440a35172d2eb84905
torus.out0.02152.h5	64e67bc7471ec11b3296042de3c1a556
torus.out0.02153.h5	613befd0f0f47be3d09b02ac18660324
torus.out0.02154.h5	474f2c112b65af450a083e3bd8735a91
torus.out0.02155.h5	4547962460731c62c4aefe40ad99e103
torus.out0.02156.h5	7c7a4d0c1bdc1afa985589758e558ebd
torus.out0.02157.h5	0ffd77cd2a3ba9b5f5a47ac4284fb43c
torus.out0.02158.h5	caa6c1aa3cf9253ae350d0682563a9a8
torus.out0.02159.h5	b016406b7e52c9d1e9194908552dc327
torus.out0.02160.h5	55229616b0fdfa8aa0c3a050c0ed3b77
torus.out0.02161.h5	f14902c44012753a4853372a0365cd64
torus.out0.02162.h5	7ebcad90e697a832cebeb17c927696ee
torus.out0.02163.h5	28fe393e9a0c3a0d244952901697f430
torus.out0.02164.h5	acc9e33af897eb40cb0ceda9e013dde4
torus.out0.02165.h5	aa36b9465f9d00b8f1f6e404f35887c3
torus.out0.02166.h5	c726ebd3bd00e84b3060c1eeadd9be3f
torus.out0.02167.h5	207a5735f6aa6f87f6abab1a48ecd16a
torus.out0.02168.h5	f6a343c58de59691adb814b4874f368b
torus.out0.02169.h5	d9b41fbe05cc5b352f8a98dd46e77811
torus.out0.02170.h5	d3d23950ca1b2abe42588bbd086f0936
torus.out0.02171.h5	a3cd7d8a9cf47dcf0b6e7295dc481399
torus.out0.02172.h5	18cd4f5453becf769f1bfd33c43904c1
torus.out0.02173.h5	b27dd177312229f09dd646bfaeb34f6c
torus.out0.02174.h5	6ac972962f04e56b89b6f32f3dfce8f3
torus.out0.02175.h5	0a46b0149fce4a530c3e3b0d603a73a4
torus.out0.02176.h5	8d04b83e00c4dfa7ec5e514805815b79
torus.out0.02177.h5	7d91077e78721c17b09f8dce090a5ac5
torus.out0.02178.h5	177cf68d7f75b0b92c5f2f11b6f61222
torus.out0.02179.h5	c517d1cfdae26cda7b87d97b2d07f331
torus.out0.02180.h5	cc5aa6aeb33bc7a668948a3feadbb6da
torus.out0.02181.h5	dde356405f8be85c7697fa50a8cb2c83
torus.out0.02182.h5	06a1ab1da5fdf221bb541ebc9ba5ffd4
torus.out0.02183.h5	a32dd354b9a85208ba179173c95021fc
torus.out0.02184.h5	a20da931d55e9d873f991d6b646211e0
torus.out0.02185.h5	4c14a1467cd33638f9668d6f19099530
torus.out0.02186.h5	765fdc587ad2f546a79cb0eb928e3e6f
torus.out0.02187.h5	0bb419c71700a40d21aec63487ad868b
torus.out0.02188.h5	39f268a806bbde4db48379a447859b7c
torus.out0.02189.h5	1a8a7f30de3f92106a7fd96d31614a2b
torus.out0.02190.h5	30462c8332e3a182966aa354aafafef6
torus.out0.02191.h5	703fc84eeaff88ca951a10632bbfe66a
torus.out0.02192.h5	cfb8564cda10ccad3ff9ffab821194c9
torus.out0.02193.h5	749e27815a3291c72f84f8b780b1326c
torus.out0.02194.h5	840e8d77f0e727b77e261ee4a23880df
torus.out0.02195.h5	ef4e1e8a7797d87fe42a07a319d51c52
torus.out0.02196.h5	e9ede2957b23eb6c5cc2244f1d8e22f9
torus.out0.02197.h5	ee960d65b89f9dc28e2a37ba07695e0a
torus.out0.02198.h5	a9c5bbf31a998cd1c9fdb5563b82ce88
torus.out0.02199.h5	4e9fc90e3460e6d74e17854b85aad994
torus.out0.02200.h5	c235553d92e483967ac8f869473429ae
torus.out0.02201.h5	8f204f7f4c152ffa55672fedf547ef67
torus.out0.02202.h5	51f3e13c2222ec0288301939fb237076
torus.out0.02203.h5	19f9bf3c336acc406add83752ebc6c50
torus.out0.02204.h5	dd740fed7dceaf88aa01fee4b44b4dc3
torus.out0.02205.h5	070e2e0028776775e603fe94da48b7e1
torus.out0.02206.h5	1ef487c26a1da684b03d1d819b34b688
torus.out0.02207.h5	6591eb6383cb9ffeb9f327b454b51bd0
torus.out0.02208.h5	d3f751d17322bdcda8e021410e4501c1
torus.out0.02209.h5	60f3ffb58ba9226019aa17b160343976
torus.out0.02210.h5	d116479dce73f3f5c8cd8f8c862c481c
torus.out0.02211.h5	4b63f2c0738f107e409be029ee7e96cc
torus.out0.02212.h5	5d410baad224bf63f6130e9addd9dcbc
torus.out0.02213.h5	ba5e7ccac3fc3c9c6866d599763dde0f
torus.out0.02214.h5	5711a8a243678f9d22cb4d7a205286bc
torus.out0.02215.h5	c945dc2d370eabed7e3a70376be0f06a
torus.out0.02216.h5	1615ffa906b611696ab6e253475534df
torus.out0.02217.h5	a1e17e487d5038a7b3a0658ee6b99fa1
torus.out0.02218.h5	679ca8fce46535420e9c9ead5c674012
torus.out0.02219.h5	f6fa649034fa58796cc99a6df9d9b249
torus.out0.02220.h5	d3919dcc72cea621d24521e495b017ae
torus.out0.02221.h5	7da7a24545ab05128d4875c98d29e15a
torus.out0.02222.h5	7662e9bfcf8b5dab87758c90acc78dd3
torus.out0.02223.h5	d283da55c3c6850153cec570823ac3ca
torus.out0.02224.h5	6957baa0b5d81a407225bad2dd9b7ef5
torus.out0.02225.h5	4c3e0635e93fdf802f93eac5c1270166
torus.out0.02226.h5	f9c403ece57d63558f99c5e99f934048
torus.out0.02227.h5	a77cce630440a520015607575cfaf124
torus.out0.02228.h5	80de6170d50733e8d8506d6e5b64b88a
torus.out0.02229.h5	8ab8859879a4e7dbc5e1fded27cf5aa2
torus.out0.02230.h5	6edb6943fca051ebc8ee50ad27f0f127
torus.out0.02231.h5	d56de8d34cc5fc5d5e60c9bb70350cb1
torus.out0.02232.h5	8b46dfbafe9b49eb1c0d331cb4cc0a22
torus.out0.02233.h5	924db3fd47775b9d0ac242aa6392c691
torus.out0.02234.h5	9e0eb5734a63eb1b5cc4fddc469687ce
torus.out0.02235.h5	5bf793d67db6eef02e50b290138c9769
torus.out0.02236.h5	ba0ebbb7eee89d1b10c31bb66d239785
torus.out0.02237.h5	7c697d33cea673d3c8f9a9faf74f00ea
torus.out0.02238.h5	8c99f12de8a01097f169c19b09102f7d
torus.out0.02239.h5	755d2127c07b7076806659a64dd66bca
torus.out0.02240.h5	774336f860587e5c2d359c6ef7774b0f
torus.out0.02241.h5	7fd28a1e6dfbdf4f74b56c40ee9e4729
torus.out0.02242.h5	501ab8226d8a4dc14b044b15518a8d87
torus.out0.02243.h5	4bbd0b656112d29450b5047d3f41a622
torus.out0.02244.h5	74a78e41bdefd31fe15e81078f5c3c49
torus.out0.02245.h5	36b60f1ae551bc0f3b2e712cdff789db
torus.out0.02246.h5	fc0422076f4789d3378502e9efc76441
torus.out0.02247.h5	5b2c0232d3b7e299bfdb7e5ad62c21a5
torus.out0.02248.h5	a1ecca14d8f83dcf67f281a01dca477f
torus.out0.02249.h5	77000a55d0ad90f10bc62a0750371923
torus.out0.02250.h5	01eed5efdcac34d3f77a1598d4229e90
torus.out0.02251.h5	61e1451f80b1e4527ca7ebbbf0f25ed7
torus.out0.02252.h5	90812eccae9428f8fae02250de6aedef
torus.out0.02253.h5	a369804b57e07c6e7ccc407c28a151eb
torus.out0.02254.h5	18ab3bc48ea644a243ea89de6265930c
torus.out0.02255.h5	a6f85fa1dab56329c5ff628ec6d35a9e
torus.out0.02256.h5	89bda4e345892ab3be3d4246519284dd
torus.out0.02257.h5	22368e23b15243ded9ac74ae72ab5165
torus.out0.02258.h5	600a59cfaccda101bc4bdd25dacf413f
torus.out0.02259.h5	7fee840d21bdd3e1a38e898daf5e96e7
torus.out0.02260.h5	5c4658f2a7ee37709b19a221d8ec1080
torus.out0.02261.h5	8fbe83cb947b956458e9fca34dea4e9e
torus.out0.02262.h5	0bd1924616ef3d25afdb5176d7848aa7
torus.out0.02263.h5	3cb53586eb3bf918694efca4c99a9cdb
torus.out0.02264.h5	ff9066260967f7a8460faf210d051fa6
torus.out0.02265.h5	59f3154d61a1dc6288b202212758ef07
torus.out0.02266.h5	a6f7d859580c4b92daa8b0e719b4c22e
torus.out0.02267.h5	71f282a5778f0b7e8d2e381a287d7a67
torus.out0.02268.h5	83481b606fa39a9d9dacc88c187ebd25
torus.out0.02269.h5	407a9f192f2f269e6e88c18ed1acf804
torus.out0.02270.h5	92caf678e370e4f1003940a8e5f27dfd
torus.out0.02271.h5	433d53e6314ebbf848a5ba59ba422533
torus.out0.02272.h5	31918e6b46e679e1ebfd41776157e1ae
torus.out0.02273.h5	c1e20f3b09a5ea2c76717bf7a4d66c71
torus.out0.02274.h5	8144840a3fe50e1552e242df178e8fdb
torus.out0.02275.h5	9b18ad8774391530b412eb883e4c3509
torus.out0.02276.h5	e8f16e4eeafef60591610047cbd46b7d
torus.out0.02277.h5	f9f86412f1bf862df4275aacbfce7118
torus.out0.02278.h5	4442a9bd7a822fd30d62c500e58487a7
torus.out0.02279.h5	5920403e2653048278ea8a95653e62ea
torus.out0.02280.h5	9b2417bc0121ee342289fba8bdea4e95
torus.out0.02281.h5	ca2c7baae5de8cac8b063f2d32818a4c
torus.out0.02282.h5	49c49c2ffdb54092a9c50dd9002ee6c1
torus.out0.02283.h5	3dd558731818746f9ae3880288b543cf
torus.out0.02284.h5	4566959fe16bd737631368eb06235db9
torus.out0.02285.h5	b956b272dafea4e8da7ec7f741e6688a
torus.out0.02286.h5	47beb55609a3a207c1a6893fc92a6fd5
torus.out0.02287.h5	7614408484f25c16323e6457d0da172b
torus.out0.02288.h5	e8ff622e9de5a7e4a226902c4c729afd
torus.out0.02289.h5	0ee2f7892de97cd35938412ef2b7706b
torus.out0.02290.h5	8bbf4d7aa0c2cd24b7d321731626026c
torus.out0.02291.h5	90b2c41011ddb3455a9f2a0073dc07e9
torus.out0.02292.h5	22eecd70b083d7c874fd413c88346cd2
torus.out0.02293.h5	8e54254f23204b2953eac2dd638a7e9d
torus.out0.02294.h5	c3f477675ed7f708727b4de1d4ebf56f
torus.out0.02295.h5	cddd280955d3e1802e53062bb90668f7
torus.out0.02296.h5	24979225f3f8d70e9e82c3bca28ca56b
torus.out0.02297.h5	1951802fd097237490876c183f2cb5d8
torus.out0.02298.h5	c431f085928cac5b5b39d600d61096c2
torus.out0.02299.h5	1d9c593fbb8f0adba04b45f63e0cbc0b
torus.out0.02300.h5	b8288db727da138f14796be812f9eaa2
torus.out0.02301.h5	7b6b550248dd2d08ac0e370e12bd5505
torus.out0.02302.h5	ba28bca776b94a0cf29bf50cb2294e3f
torus.out0.02303.h5	b684a1c1370421214d2756736bc53f65
torus.out0.02304.h5	c692cdef9574f14bc376e29a49ab9a38
torus.out0.02305.h5	26b637b14c5e051f55b066e0c3ad9aba
torus.out0.02306.h5	0cac3d2b0e459217391aac1279130bd8
torus.out0.02307.h5	be2aa99d930d67f6596c7ec2072e83c0
torus.out0.02308.h5	74e8efaaaaa64c3d2a025256a72a535b
torus.out0.02309.h5	240562824be32386b68e9c1bc0a59d3c
torus.out0.02310.h5	b604bb7831187c530019c9308947378c
torus.out0.02311.h5	2a2b2edd45962c4524ff72fe20305e55
torus.out0.02312.h5	04ec13831b6080fbb133b63e8cad98d2
torus.out0.02313.h5	8820972fa1440c4503e5573399244e96
torus.out0.02314.h5	ba8dd7040fa689aba68fea82013cc9c6
torus.out0.02315.h5	39e21c83f7a3e1a8e070f864576ab23c
torus.out0.02316.h5	dcf0d5cc8dc8522a5c5db845ae79b4c2
torus.out0.02317.h5	8feb2fa86728b7a42ffe92e5e7378070
torus.out0.02318.h5	da6b30b2afef73345a3feb555bc657cf
torus.out0.02319.h5	8a1278ff27376b6d88469188a481a8de
torus.out0.02320.h5	925066ca1109d1a1f7f0809485756e47
torus.out0.02321.h5	9e9d58d0eb46ecc9f57092dac6800b87
torus.out0.02322.h5	041971f321ca0f4714166e4cf448b816
torus.out0.02323.h5	c78251480ad3ea4264a3781dd499f96b
torus.out0.02324.h5	eb9fca2b0be010056e97a4958d83b67d
torus.out0.02325.h5	bad584de03628364e46fa14a4da25ecd
torus.out0.02326.h5	3eb0db800635a573634c4f93dce5aae8
torus.out0.02327.h5	551826f6529ddc24df63f86bcfe3fbb3
torus.out0.02328.h5	3aa1a96f78f5a500a90459e102ba9f96
torus.out0.02329.h5	878b5cb9ad71d5f72fe8e819dff5c936
torus.out0.02330.h5	4c8810557022687739e752b02c680ac7
torus.out0.02331.h5	8d97547cd6e88756cb2b7cc84af29c3c
torus.out0.02332.h5	e5ef48ca4abf1401bb7b74b581a205d5
torus.out0.02333.h5	c2827ff449b1ca0a2075f2119b587a14
torus.out0.02334.h5	58e298a5983cca35f2be82a0df7be7b1
torus.out0.02335.h5	665f75b2db5d9cf8d202d12d783d5b28
torus.out0.02336.h5	caeda4733de931a37f0bf22bab453409
torus.out0.02337.h5	8a2901ebe9fd973874bee9bdf9656f94
torus.out0.02338.h5	0d2ae0178bc548c6461ae56f5dd98880
torus.out0.02339.h5	7e01ddf1e7922151e3f6786eb5049163
torus.out0.02340.h5	a2b8c8a2ac79c6216ae206c759ddec43
torus.out0.02341.h5	e08aec36421977bf7525776c8686bc30
torus.out0.02342.h5	ec10cd3eb9f0c54c3af158c1008ee91a
torus.out0.02343.h5	6c138be61b9d3351eb736afb47bc2a4e
torus.out0.02344.h5	b5f64d71b0ede355dcb12d17360e64f8
torus.out0.02345.h5	2d5666730b562ac1d9bfd1974b026d63
torus.out0.02346.h5	34db04474b05b1a7487d8483234f488b
torus.out0.02347.h5	db51e9b38911a6ee47ef50c830a7e8a3
torus.out0.02348.h5	7f52c77fe8d45713572b23bbe9ef7681
torus.out0.02349.h5	73a3b871933bb92f20f9ca2ff4e7dcc4
torus.out0.02350.h5	09aa06e72ba92a60318137f42be65899
torus.out0.02351.h5	c3d72ae0777adf34dc5ed4423d68a98e
torus.out0.02352.h5	57e5261a66bfe7c0715b4d9dfbf5d364
torus.out0.02353.h5	dab55cee7206fc5755ae851076afe4ca
torus.out0.02354.h5	28a4c98e0d32d1590eb07399a2b2437d
torus.out0.02355.h5	bc117cfce7d517cd3d64ebcd05d20852
torus.out0.02356.h5	d3425c5c5a86fcec77b2ef074122e853
torus.out0.02357.h5	283ba8e901ba57be00523608f532b31c
torus.out0.02358.h5	2042135b6220f799d1dd536eafea28f5
torus.out0.02359.h5	ab3cc9718e866fe56aef02c4d84de548
torus.out0.02360.h5	25b2dd85a85d742f1a5f7d8e5a593af1
torus.out0.02361.h5	cf88ae0801141e7ef4d8b42f0d24744d
torus.out0.02362.h5	e2648fbd06527a6368073586a05073f7
torus.out0.02363.h5	cd8d7848e82cd2da5ada092bf96e3f13
torus.out0.02364.h5	06d80ed730e9e9ebd97f0288bd8487fc
torus.out0.02365.h5	879b6d25a5ed6908dfe898da7609dcae
torus.out0.02366.h5	7335b0c8bd34b813e2397b4ec28d119c
torus.out0.02367.h5	3cde9aea4ed9416f199a9ab51be58179
torus.out0.02368.h5	29f5fc278c6496f21f7bdea3a80b6351
torus.out0.02369.h5	795d5effbe1f8d4da240ed3ea5d5b9df
torus.out0.02370.h5	91589b16df8840c51579a85a7b665e8a
torus.out0.02371.h5	4d8dbdf035e1fe686ca222629abd8662
torus.out0.02372.h5	5b3ba86ef3d1bec44f7c7dc0eb8833c6
torus.out0.02373.h5	a0ed84a2708e091f4c17e599e4375c04
torus.out0.02374.h5	d99765301c96989e013150d94ce49b92
torus.out0.02375.h5	9e9a5f590ffa9af46f7f326593c3294e
torus.out0.02376.h5	0145d6591381a22fe90e65034cd743da
torus.out0.02377.h5	fc6e57c01b1c326408a6f4320fcd682a
torus.out0.02378.h5	957693af5463dc8d21994fd79e87205f
torus.out0.02379.h5	fd58c0950cd759eb98799da6228671a4
torus.out0.02380.h5	5f2691c712ee19a46b96152d718affe8
torus.out0.02381.h5	9373bd4289553887105bb44f632d6ee1
torus.out0.02382.h5	08d3bde10bbac350cf42df9a95796462
torus.out0.02383.h5	db4fe02d151bb86b93faa9b401425294
torus.out0.02384.h5	4165d123c2abf9f502cfca574da43eec
torus.out0.02385.h5	9c5c1b7a038368804f907e779c16311b
torus.out0.02386.h5	3fe454f8fcb199b733758b4aaacaea11
torus.out0.02387.h5	d0bf071251d44cd61432fd63bee7f2b3
torus.out0.02388.h5	2d3e107ff00b1df0f30f17134651d258
torus.out0.02389.h5	33989dc19f5f28c57b69532d142f8b71
torus.out0.02390.h5	24c030a3c309e564c1c228315d51da2c
torus.out0.02391.h5	9e14797afaf61346d72cff437b0a470c
torus.out0.02392.h5	f3a7273f011b3a46aafd67695dc1d936
torus.out0.02393.h5	90f68c8a56fb9a919c1967e464b5ae7b
torus.out0.02394.h5	33411a1dda4b7be6ec195f643e4318bc
torus.out0.02395.h5	77003022a4b13d6ab2b6e8c89aa0759e
torus.out0.02396.h5	3acfc8532221163f34032676aa46d01a
torus.out0.02397.h5	01085fa2b922e7698eb8729d872612fc
torus.out0.02398.h5	86ee4a123bab65171824f078e8462524
torus.out0.02399.h5	eb6a0ec7229ee135a5ca0c708335c234
torus.out0.02400.h5	50925a9ecad1667593d624b30ecd9f1a
torus.out0.02401.h5	ae6d4eb8ece47c67e867305771b0e0bf
torus.out0.02402.h5	177d329cf8deb7679fd6e580dfc1737e
torus.out0.02403.h5	0caaede4294fb7e3a479b2e47600ca02
torus.out0.02404.h5	b61e78bbdeaea63e58d557b436202836
torus.out0.02405.h5	c5eeba81c66c88cfceb2be29479b5cb5
torus.out0.02406.h5	4ecf9cc3bb81aba8bba38d451fc11b3a
torus.out0.02407.h5	2c495bf190e95c6c1419d05f72a02016
torus.out0.02408.h5	d5fe7cf8c2cb37c7c5628cce2b3aee49
torus.out0.02409.h5	0cdd187390308ba81cd873c111c8874a
torus.out0.02410.h5	56c0e3b67efe7e9395472b0664ff5568
torus.out0.02411.h5	7249b0e48b2c600edb2245c45573f54e
torus.out0.02412.h5	6fcb111ef82ac66a689089db72d8f33d
torus.out0.02413.h5	9ed38c66e06cdd744e06b3aca14bf70b
torus.out0.02414.h5	ff91d06c323008e7909309f43ad68511
torus.out0.02415.h5	4658e55825240bfc4d80d5552d7b1151
torus.out0.02416.h5	03c30213244b8772e11a69c5af3cfb9c
torus.out0.02417.h5	a9dc8bb78db3188ee8066021b6162719
torus.out0.02418.h5	33cb05172d59c49696b44fde2d5146c8
torus.out0.02419.h5	f94ddb67535bd8fdf99ac80946159758
torus.out0.02420.h5	c3ae16e5910b555d1058898b40e0c31c
torus.out0.02421.h5	2f2060ffc2b297fa369a486649e8d809
torus.out0.02422.h5	5d4e7f6b6194590e71f042ea554450a5
torus.out0.02423.h5	053a2aab937017f97afb33dde3170854
torus.out0.02424.h5	7370396039c4fe54162d906127395364
torus.out0.02425.h5	ced4480e75731b3b5444a494846e6c83
torus.out0.02426.h5	17422c8d1b4a71e9e91df4c47bc2f8a6
torus.out0.02427.h5	da8d9b4e8af250a9628f34fb54473dc9
torus.out0.02428.h5	ae02c215aa4fe832f7aebd72668c95e4
torus.out0.02429.h5	7b35a247c82f72534231114cfd7e3546
torus.out0.02430.h5	247d1c3e9a8b636b2d58a2d7f8c1e7cf
torus.out0.02431.h5	8470df328cb71b018139549ccf481fad
torus.out0.02432.h5	6a6056a7563b49f4443d935282afc5d6
torus.out0.02433.h5	8748dcdaedfc08fc7a09365421490cd9
torus.out0.02434.h5	515adbf63a99fa4e6a064497d9cdf193
torus.out0.02435.h5	ca6706ed7c32b7c1af0c5dca4c6e9583
torus.out0.02436.h5	9a7ee6ec2a5a2e00bdbaf54f8a93e0fc
torus.out0.02437.h5	c52ebbf907de2eb99a949bfb3d1b8608
torus.out0.02438.h5	2ecf957b91c6f2e86678f8118a1980ab
torus.out0.02439.h5	936b501fc4a555dba46ecda516dff1f4
torus.out0.02440.h5	ba09d7d4cf45d5796c6e8a7f2887aa36
torus.out0.02441.h5	f5e4444a8a004c12ea650d4ca6d54514
torus.out0.02442.h5	79d646b6301bf33015b3288776c8714d
torus.out0.02443.h5	7e839b18dc016cd7193a2324fdcd9ce0
torus.out0.02444.h5	3bd82a3232a64c7338fcec3bf2c732a9
torus.out0.02445.h5	b724371613bda24eec60850f9c419708
torus.out0.02446.h5	a68739a145d0f7a828b493dc42223fce
torus.out0.02447.h5	d1753eecb4479de07e8657699e4493f2
torus.out0.02448.h5	94658d7cde942928d7cd27819c979354
torus.out0.02449.h5	c09583707a172e8d6fa5045712858c64
torus.out0.02450.h5	eb979811f1f644187c91179829d11233
torus.out0.02451.h5	6a6e0a81285e9e39769498167fff0c07
torus.out0.02452.h5	40965120069f97564bc302c20ac6c947
torus.out0.02453.h5	200582d385cd8f612e4b15ca46cf8e75
torus.out0.02454.h5	0cb4639525e9f855c0a8f1d8b15afeb2
torus.out0.02455.h5	1a96e7b1894597ba8f80ddf44d32e3e3
torus.out0.02456.h5	88ae7ea13bc3aa1dc7b7a7a4768079ad
torus.out0.02457.h5	2a69b6cf352252e6b82b37c793bd3ac4
torus.out0.02458.h5	989c920d98f022a71dd394a60cc615fb
torus.out0.02459.h5	7dd5078ab75c70635b668a242a5d3640
torus.out0.02460.h5	c0d3aafe0c9390472620ab6f340f352d
torus.out0.02461.h5	8516de2ce14958608573170d1a02736b
torus.out0.02462.h5	76883d6b67ed9f11083e6079a2ac91b3
torus.out0.02463.h5	337e3ff6500cb319bbd4f7880271ca01
torus.out0.02464.h5	1aec541390ed429557851e97e8cbd57b
torus.out0.02465.h5	e83bc7a1461d8cbe57e7bb3954afcd18
torus.out0.02466.h5	f3b9034a586aac9a8a70651d3c7f8094
torus.out0.02467.h5	eb13f6ec5398ea71fa5d50b0d27e0b54
torus.out0.02468.h5	cb56fbfa2df5bcacade457dad87aa19b
torus.out0.02469.h5	5d9656f0002dff55703b9b709c88d13b
torus.out0.02470.h5	9b5978e34f05ec9125b0d71d9db35b18
torus.out0.02471.h5	e4ccac8f2fa9ef964dd1b674953e526c
torus.out0.02472.h5	c4805ed6977d5a4284f36c83084b6f60
torus.out0.02473.h5	6f920ec805f6096e3b5f2f71b8b48b16
torus.out0.02474.h5	9bec41bdb7444d0f5aaeccd54462f1d9
torus.out0.02475.h5	022d98f768126717294ea4b9ca25d680
torus.out0.02476.h5	12cf946de20d582fd68c68cced140acc
torus.out0.02477.h5	27346c6b295b099cad343f93f426fdd5
torus.out0.02478.h5	6b367e7c0192f45646abbd1ef2001985
torus.out0.02479.h5	fb20346c1999b5465da5ada9957af125
torus.out0.02480.h5	93dc9627db35b989a6649e94d61d6b84
torus.out0.02481.h5	0c59d9bf8f205deb844cb53111dc5213
torus.out0.02482.h5	96d03746d7e9c567fb8878d5bb103574
torus.out0.02483.h5	02d7704715b0f5e05a8631495bf1ad15
torus.out0.02484.h5	8d81995d5cfe0ddbdc7dcc3048437760
torus.out0.02485.h5	3ad7e7a166af2c527b9939a43f563a77
torus.out0.02486.h5	805a794f4c04ef9dadc82daef112af8d
torus.out0.02487.h5	e8bd54d9a51b35b2b5bc3674788bdd7e
torus.out0.02488.h5	a996893b1635965109dec8b1597f231b
torus.out0.02489.h5	56698683101132ac9a4e87b050090770
torus.out0.02490.h5	6de8c333617f80b7d3a81f75b58b0fb9
torus.out0.02491.h5	27c4b5701fb048612de9a77886dd8c99
torus.out0.02492.h5	a4b1884da3673e7eafb49ac0a02fac16
torus.out0.02493.h5	2b1e4c565357b9f6897c56feb6387104
torus.out0.02494.h5	f11058bee41495183816c0550fd309b1
torus.out0.02495.h5	26d445b8b79430c353ef57df77a64e20
torus.out0.02496.h5	e54095d70f48bd1f604d7f45e3bc9bfc
torus.out0.02497.h5	fa29aa516583b8e5492aa6c1a82cf893
torus.out0.02498.h5	4ebf5d10892cdfb40d38aaf89d597e5f
torus.out0.02499.h5	826e88e3f397edd1d9af3ed3dc3bdd0e
torus.out0.02500.h5	d84dccc868eed9f4a66487887e391c6a
torus.out0.02501.h5	00c4651dff302aefee2dc4a43abe6044
torus.out0.02502.h5	d98d51af7ea7083ccbcf8425a3b45a50
torus.out0.02503.h5	ef1a03128b919df8560fa010f09cdd3d
torus.out0.02504.h5	c457b4c358cad185a912a4889aaf8962
torus.out0.02505.h5	b85e6606945cde9db3c5dbeb550e6444
torus.out0.02506.h5	10b9a252148b49a9babe49a59e30f911
torus.out0.02507.h5	0985e63f6ffc2dbdbadff07b85ce782a
torus.out0.02508.h5	e92369a7a003acda0645f9d34e53109f
torus.out0.02509.h5	9201eb27b428d29d5980055368e51f79
torus.out0.02510.h5	fd7358356a3dc94a9ef992f4f9e68bed
torus.out0.02511.h5	90fc6343ca69a2d5e9a193e313435f03
torus.out0.02512.h5	5e854d33d185bcd7161591d56ecd1dd3
torus.out0.02513.h5	0197016da0dccccb2bf915945e72606d
torus.out0.02514.h5	958b0771e0e33c740771c5a75af09c00
torus.out0.02515.h5	fb28c2aaccd135c1b85a55e3b8e24f82
torus.out0.02516.h5	ed7a560664f6ddd97f4efa7139423091
torus.out0.02517.h5	2a98adedbc149b530c9296ca9dd23215
torus.out0.02518.h5	78ac5c9a3ae50336474c85d925434e16
torus.out0.02519.h5	306b836a22c129b536ee567464d6c3fd
torus.out0.02520.h5	f690fd70c11dc0d9ffae4b39045fe782
torus.out0.02521.h5	025ce2ed0736516f0bd257c4acb6d188
torus.out0.02522.h5	ed8b7bb5d0f0a95a273a8d8510fd4350
torus.out0.02523.h5	8ed25b14a81277c718aa4389278a1b83
torus.out0.02524.h5	617effd36d5c514108859e54831aa31b
torus.out0.02525.h5	14feab20c5cf500e0b4d37a2b5537bd9
torus.out0.02526.h5	9ba016cf37833be7fb39200713ae67ee
torus.out0.02527.h5	f9364386026c231f77f75191e6abb47b
torus.out0.02528.h5	f6fc24319c780531f8a48343bf5cf68f
torus.out0.02529.h5	542a79a435021c47167748f495093678
torus.out0.02530.h5	4cc2d4d6a18e817f7911c11bdb41bd7e
torus.out0.02531.h5	e320133616083ced65e4df3b4f62e3f4
torus.out0.02532.h5	647186e75af52add2c2c090abdd01486
torus.out0.02533.h5	650aa742a839c93dd1c3f68254ea5948
torus.out0.02534.h5	3c753cb7169912d348f55e648870690a
torus.out0.02535.h5	57af3ed0fcfa8af01a9a17e497c2be16
torus.out0.02536.h5	d93f6dd97350527ff65541c48a20ffcc
torus.out0.02537.h5	c4c4c2ccbf4ed1f40a4062f463c490f8
torus.out0.02538.h5	a7e6a5981e9a1acf3004283321721046
torus.out0.02539.h5	7094654f569350d2113e939718e1f193
torus.out0.02540.h5	502720b2522912c784e7ace9f354b820
torus.out0.02541.h5	a47112fd1e911af3e85ffdce3a39e7c1
torus.out0.02542.h5	ade4f9e4aaf2a5027763446839838151
torus.out0.02543.h5	f447abe76e473d4f27658baf276ae85b
torus.out0.02544.h5	34ebd769a95bd7c42b96758623b44f30
torus.out0.02545.h5	bcac1423895d86093789515afc0d7b66
torus.out0.02546.h5	040cc55b943da77e5ebaa954337f4bcc
torus.out0.02547.h5	cd0b78c6f4148e685dcd91e3fb66c1b4
torus.out0.02548.h5	e11e6e5c9a5797455d307641a7b39552
torus.out0.02549.h5	756bab1ea15ddbca39ba8f30f4ec4eec
torus.out0.02550.h5	85c8e0cb604aee211cabf1bf575f6c4e
torus.out0.02551.h5	b597a7e74b19064a8c812bd57d9b5c01
torus.out0.02552.h5	e245813cda032a259a63c03eca934871
torus.out0.02553.h5	a96d16099da308e71be1027ac1d8e137
torus.out0.02554.h5	4602efa67b85404a18bf0f9a0ac5467d
torus.out0.02555.h5	1cc44ebb8f60230c0249c5ff3ee2d3e4
torus.out0.02556.h5	8d0c441c7988d0cc593b3a7fb6df12a5
torus.out0.02557.h5	90e8e157aa04628aa1b721eaf7ef8458
torus.out0.02558.h5	ef5c2c2b0d55fc76cd330c1030a4acf3
torus.out0.02559.h5	ffd8975279118f3a809120d89e39b46b
torus.out0.02560.h5	2d2cc6bc7470177aa3c04ef2dbe265eb
torus.out0.02561.h5	bb756c0ec7d1dc703b7be81a1021174a
torus.out0.02562.h5	ed2cb7c8b2145a165498a9d5270eb8b2
torus.out0.02563.h5	d54e556881661c7908aa5e5e859717d8
torus.out0.02564.h5	c6c100de3fc3ee53c2553acb6bdf4374
torus.out0.02565.h5	ce67f3de870428a9763feeb788f45c08
torus.out0.02566.h5	f48ca15ec54d1c16cc283a226f4d2368
torus.out0.02567.h5	410befd60541cc40d9a4844f07140dd5
torus.out0.02568.h5	7e65508eee547f97f22adc0f7c2d7c1a
torus.out0.02569.h5	bcae959107b763b51d8955874b6a9315
torus.out0.02570.h5	6a3c75080cb2ee1b720de527faaed147
torus.out0.02571.h5	b731fc3ef09c909a1b30c63d403dc661
torus.out0.02572.h5	7820b9d5d70e1fe0406eb3a83cbb0e41
torus.out0.02573.h5	469b6d999ad79301751c70380c0bc7cf
torus.out0.02574.h5	82da606f54e50764280ccd39d2ed80bc
torus.out0.02575.h5	cc4e77265321876f1fa23f981d48efd6
torus.out0.02576.h5	7a832b1a30e2fc9b984f509aafd152c5
torus.out0.02577.h5	80e2fa505641acba0114e203d15f6d1e
torus.out0.02578.h5	9df17666be9d30741baf378cde1b7cd8
torus.out0.02579.h5	a633b63da491574e01fbc7eb92371e73
torus.out0.02580.h5	9e2f3d597ea28004d0b6a873666f72df
torus.out0.02581.h5	bf1247d0eb91b8384cd4009d647e132e
torus.out0.02582.h5	8f594803fa17b3230aaf98cced6758a7
torus.out0.02583.h5	200e4894ed24bfb1c4db4314dd37db1e
torus.out0.02584.h5	ee73eec9ebf7e2d10cb207651a0dc2a9
torus.out0.02585.h5	676f682786b47782ccfb46ba2173bb8f
torus.out0.02586.h5	ea6a29eca874edf4fed9225e5cadd5d3
torus.out0.02587.h5	d962ebc1d4b5f7f950817c33fe1c250b
torus.out0.02588.h5	19c39f290ca056cc028b7c1df4064bbb
torus.out0.02589.h5	be1b56679f478059761fbccb18045bf0
torus.out0.02590.h5	83947665c67bf7590009ee7872b34e05
torus.out0.02591.h5	dafaa4d0f1109411e7a6274e77e5d6c1
torus.out0.02592.h5	a65f9212b94e413953936f3bb49f2708
torus.out0.02593.h5	7134454c1204d83b27aaecdfeaa46f58
torus.out0.02594.h5	7cb19091b452657ab000e84a24244a15
torus.out0.02595.h5	e758734e45b2c998e27eac7bbc5ff02b
torus.out0.02596.h5	482d3d363c7dd61dec1252690a2553d3
torus.out0.02597.h5	2af7803bcc70b3ddcc293c77ccedb629
torus.out0.02598.h5	2ce657e8e96d6be0d95295401b0aa379
torus.out0.02599.h5	6e112b800fce3ee6a1fee2204dbad74d
torus.out0.02600.h5	093d5b085bf68862d1a6fc658a2ca47b
torus.out0.02601.h5	75d6ba03b9e9c3fa8d8c439f6544afca
torus.out0.02602.h5	4e7e2f039ee037b4d20737c1958f98f5
torus.out0.02603.h5	d03174655be726f0c10c8a06240d7466
torus.out0.02604.h5	d5055b5d478533ecbfb49167e35609a1
torus.out0.02605.h5	eaf7560b4bddec2f04bea5a5bf9a37c4
torus.out0.02606.h5	21baa43ad20513aff1e0b99b27ae4eea
torus.out0.02607.h5	ff111b8f4cd8c77e4457958c2047c645
torus.out0.02608.h5	aa242317e8dfb756289b786b8e2130fa
torus.out0.02609.h5	519948f7a8a4266b57db079bc13b7da9
torus.out0.02610.h5	f5614dc9d8df4284752898296c57c620
torus.out0.02611.h5	92f372b0ecd58373381d435c5f664dab
torus.out0.02612.h5	df759bb56c241e8127f5a25cb0e6f3f8
torus.out0.02613.h5	13f5fe21f785b39df18e7d07c637aca0
torus.out0.02614.h5	75fc75f1ddccc5f1b7e2e37d81c597bb
torus.out0.02615.h5	38d5a709bf48f9a1bbb64ebd6fcbb33a
torus.out0.02616.h5	66f83e90a1238f22dcc7e53c05a08797
torus.out0.02617.h5	6bd8170b4882793aeefdc4772cceb35e
torus.out0.02618.h5	3c1eba4808b253564228fc63e3a46930
torus.out0.02619.h5	a834ae1c8bdebc30c5a2497f02cceac3
torus.out0.02620.h5	53fdedd2b9700dda07d8d9aeeed26cf2
torus.out0.02621.h5	b4f1c6fdf584efd196ccc5d393a2b6c7
torus.out0.02622.h5	5195dedc0b601af0d5d7b6ca9e510e4e
torus.out0.02623.h5	ae40898abca63261c62c7eda441651b7
torus.out0.02624.h5	08a93ec6f2d0d1cc3962f854c60add97
torus.out0.02625.h5	c2f8d8033b6aafa258044485f6375431
torus.out0.02626.h5	f14ab7bea4f04145918dce1eb919a298
torus.out0.02627.h5	810bdf0557bc0a92329ad5c7e5c9188a
torus.out0.02628.h5	a572662729515c77366924a3fd7c2d83
torus.out0.02629.h5	ac5efc309568439121f1dd58663e6ced
torus.out0.02630.h5	910d4fe0dbfb35f173db79e8c5bc3dcd
torus.out0.02631.h5	9c281415af48d7221fc290bbd5cc5f1f
torus.out0.02632.h5	0b0382319ed9bedef40f68eab1eb12f0
torus.out0.02633.h5	0fb74c1091c2946e1448419e9c1c1c4f
torus.out0.02634.h5	a7ad6ac55b369a9a187dcc7d22ae590e
torus.out0.02635.h5	6a38caa61cdb7086beec5f5b8eecedb1
torus.out0.02636.h5	ed8e2622cccd4f00284da882ec20cf82
torus.out0.02637.h5	55792a153ca967cede860f5d96f052d5
torus.out0.02638.h5	24b8fcd18519715ca836e691ec1bafde
torus.out0.02639.h5	1e2c824f2dae465f55c5460fd5f718e8
torus.out0.02640.h5	cb51a42a321cdc4b6182b136bf4b06ef
torus.out0.02641.h5	4b6b887773cf311fbccffb77a4127807
torus.out0.02642.h5	66368f695a4d3956854a7fd2c2b3255a
torus.out0.02643.h5	5698a0d3d71291afa581b0d18845cc96
torus.out0.02644.h5	eae6ce205194bde3193c125eb28ee539
torus.out0.02645.h5	3fee30da3cd2a3637148212704a2c6b7
torus.out0.02646.h5	525599f83252e350402643c919f0951a
torus.out0.02647.h5	31efefd7a723919274e1331cf52c5761
torus.out0.02648.h5	5f4dcdd99b6378141643472595970c12
torus.out0.02649.h5	82e366171fd51e01a6b4301f2ddb0889
torus.out0.02650.h5	edc8b8144b0569ad2e5dd8d091086fdc
torus.out0.02651.h5	87a71ec44519527eeb868baa7213203e
torus.out0.02652.h5	6607ce9cba6fdd8f08b860bb97974271
torus.out0.02653.h5	80476cc40552245ba8357570d5f4f0c5
torus.out0.02654.h5	7fad1a58fdfc2da7cd4070822bbec751
torus.out0.02655.h5	10cd8ca2b1568898485ac9d717d3e81d
torus.out0.02656.h5	de2e917311faf83fb071009f9c769708
torus.out0.02657.h5	5c0575dfde8402c914e892af2b61fc83
torus.out0.02658.h5	46a87b1e281f536a3ed7fdef3e56b49c
torus.out0.02659.h5	159dbe77ce0813c69e7f17c5ba5ba057
torus.out0.02660.h5	33d8c6a08307371e0fddcd30e5f88300
torus.out0.02661.h5	65590fc6f158ad1ced16e68eda13c3af
torus.out0.02662.h5	25cb1dade8a4983aea3d9db46643dfbb
torus.out0.02663.h5	549ca8d3d0b3d450f3c672984d1e3531
torus.out0.02664.h5	77229d9266bcbeada9fb9e88d5bceea8
torus.out0.02665.h5	72c8e31b1ab3f52c1716bb3748654a89
torus.out0.02666.h5	c98fb3f2787ebc1c84ef66dd70f2b2c8
torus.out0.02667.h5	3e9b157bd77679158c8461f3871afe20
torus.out0.02668.h5	7b2676ac5ecd617204e17345ce4cb79f
torus.out0.02669.h5	706d38e3c467fe572b0f4b12e5d19cba
torus.out0.02670.h5	1d456a2241c1d8b15b193aca03995b50
torus.out0.02671.h5	754bcc78dfc313a12b4d766f8518d776
torus.out0.02672.h5	f49f810e9ccae7096318c62cb6f340fa
torus.out0.02673.h5	fbe34f4480cd47c39b4600375003d74d
torus.out0.02674.h5	998647348400dab6117483c6dc06d0a4
torus.out0.02675.h5	8a3aebf11a274b43fcb73ecf62d081d5
torus.out0.02676.h5	dba3c42cd8d36912329ea1d54c34a8de
torus.out0.02677.h5	0c8bd5d04d46f18e2da45a6c0f820cdb
torus.out0.02678.h5	ae0a3e268bb12e114ff35e9d2a95c1fb
torus.out0.02679.h5	b79363fa4b398c987547dd8e255e5efa
torus.out0.02680.h5	6b502b207a4a63d65a1a877ecd358dd4
torus.out0.02681.h5	e0413e599a47d681de1f7088e0d9901c
torus.out0.02682.h5	4b53fcc8fd6f98b48db6f46bbf2ba73e
torus.out0.02683.h5	bcde9bd25f7a4a12173045d7628e1725
torus.out0.02684.h5	a084f32f31509d3b4b39bb04a1e482d2
torus.out0.02685.h5	76e6ff970693feef589c5d07a3e2f4b3
torus.out0.02686.h5	8418758f3ecf81d12c525b0701b3ff28
torus.out0.02687.h5	cd708453528fbb7d87e9e73e609e7839
torus.out0.02688.h5	c1d96c4b01555e4b149aca369ed8d191
torus.out0.02689.h5	87e5463861387cc5e165a18d7b74f303
torus.out0.02690.h5	be73a02f12b8b1298030146287c103bf
torus.out0.02691.h5	a38b0976e75cd7aa958d3d8a6abb5de8
torus.out0.02692.h5	a2c11bf498bc214bf4c6d81db162e278
torus.out0.02693.h5	90848243136c42224c18d1bb89caa606
torus.out0.02694.h5	cd037c7f80eeab9c8ec480bbe9ebb37b
torus.out0.02695.h5	2b4367cd53ad47fa31b93275b7a138b2
torus.out0.02696.h5	be8c85489cdb0e425c8073b96a7afa95
torus.out0.02697.h5	99317675c0f53056f5de00bd460d83b9
torus.out0.02698.h5	18c7f6fc49c759d9803702fc36981fe7
torus.out0.02699.h5	45757595c4ee0f687a26fe46803b976e
torus.out0.02700.h5	f9944fc6256c3751c8e0bca6a30e06c4
torus.out0.02701.h5	8eb6cceb5fa5bc57deb3e4fa60841ec5
torus.out0.02702.h5	572b157533103c2c3b2c4f83728d084c
torus.out0.02703.h5	45a8d8fe61270d58de8ea702774f912c
torus.out0.02704.h5	1e92a22d3a3c5696a361a81fb7c8d341
torus.out0.02705.h5	c852ca89988b3ca01c30118ee304a836
torus.out0.02706.h5	7ceaf12c0e28eb15f4bb356787558884
torus.out0.02707.h5	ac238d7825b94dbf293fe717302d73a7
torus.out0.02708.h5	951f7944fbf8309927fa43451b88fd89
torus.out0.02709.h5	a8c1d70ad8d8abad6dd3119809f2952b
torus.out0.02710.h5	87c312ea37daa9e42d19a83de288ec25
torus.out0.02711.h5	34f89ca452c9876aed71c1c193080642
torus.out0.02712.h5	35d7a40cda359d56a486fc568602c4d5
torus.out0.02713.h5	dc700a1930dd637544f98d1cae975131
torus.out0.02714.h5	273ce414fab45a8b03750b352a3163e9
torus.out0.02715.h5	6cc2cc17f62756a89094cee17d6b263a
torus.out0.02716.h5	3b9fd18ddc0f51c1c5aa2fad952157a3
torus.out0.02717.h5	e536f1ec393fa3e199760abc224db9bf
torus.out0.02718.h5	6bc437cec634889f4dbebd077b849bac
torus.out0.02719.h5	5531ff41a04c2ab9f9872bf7203c1de7
torus.out0.02720.h5	cae678b71de47cf12c91f82c4b2c2423
torus.out0.02721.h5	33e9da6e2206c351f6f7aee8ee6df1e5
torus.out0.02722.h5	68ce5f05e273bb7b5cef73bba09e7007
torus.out0.02723.h5	00e554a1d2ba9ae5b4d35e137bba3236
torus.out0.02724.h5	ed8ace103247f967060a1c7ed5c971b1
torus.out0.02725.h5	93e90a8c10a206717513290ba1ed13a8
torus.out0.02726.h5	32d5eadd925ca581040482d42a791f16
torus.out0.02727.h5	f7e07ba2b741f60f22f1546784cb99ce
torus.out0.02728.h5	a387559d4c88af89a60569185d5639b7
torus.out0.02729.h5	5443442080b0c280fa5323b5c1842ff3
torus.out0.02730.h5	3684bbda5d6fcae0239d7669c8df6f03
torus.out0.02731.h5	5839189f10dba52bc11b58eb4c917e32
torus.out0.02732.h5	ad2670d7b083d29ef5d4b3b8b2e9c744
torus.out0.02733.h5	42f735711ffbd5ce1adc02167c555732
torus.out0.02734.h5	c6751022d114b81725eaeff134ea32e9
torus.out0.02735.h5	63309d113eff54bbde26de94a91df945
torus.out0.02736.h5	69b07ca4a4672aa3a1317f50b7c7c737
torus.out0.02737.h5	fd6346a6bb85f21a9f3a5f813661bad9
torus.out0.02738.h5	f44a04e583de41e56b30d5e919b60314
torus.out0.02739.h5	9549b046c416abf67e02ee257c735e78
torus.out0.02740.h5	2961ba2fe7538bbec3c68b6760093342
torus.out0.02741.h5	abead8b33a6b1ff716f081ebd14fea5e
torus.out0.02742.h5	2b1534e62c911f0caf77bdd9c1734db5
torus.out0.02743.h5	50be71d0bfb5607edd4e3b56cee5a8da
torus.out0.02744.h5	d79c2868e250cedd47b9c535164f8ba1
torus.out0.02745.h5	55629c8745de0d357c179460e0530eb7
torus.out0.02746.h5	4a57ea4620c563ef998f18ae1121be6c
torus.out0.02747.h5	92f27ded53f53439778150c21ee8dbb7
torus.out0.02748.h5	84a4a4ce75e2101c514134f128908aa6
torus.out0.02749.h5	dd12afda72f7a10d6be1875abdce9146
torus.out0.02750.h5	174b054321dd58e6b5044479e832e0e2
torus.out0.02751.h5	4061fd0db72ee85fb61876b7c9db0644
torus.out0.02752.h5	a4b9e1a5d45bf7a7438d004acb92b1b4
torus.out0.02753.h5	b94ee5c1e2a1e312fd0ce391967e9dad
torus.out0.02754.h5	6f708ccab19954b610d4e7802445c47b
torus.out0.02755.h5	717f508d5f0fed4eeeef58e101abab30
torus.out0.02756.h5	87c9b9acf45db81e6e8b86b20b75d420
torus.out0.02757.h5	8102df4c4a2fc14d32f7ba11d81880d2
torus.out0.02758.h5	de1d218fcb64db0202b44de4ad0edc11
torus.out0.02759.h5	f641cbf633d37ceeeff79480a7044ecc
torus.out0.02760.h5	a6135eeb287cbf8cea3f9d09a0f542ef
torus.out0.02761.h5	09583e870277aa5059b136814cf7baef
torus.out0.02762.h5	b46cf51688873f40bd3da1b864ca671a
torus.out0.02763.h5	c0fb5851967aef6e707c904c0be20c4d
torus.out0.02764.h5	e66fa8f6d30952b3bc7e56256c5d48f6
torus.out0.02765.h5	c840da8d05c8eb262bf853f65cf2caf2
torus.out0.02766.h5	86dc6cbf4ac86181ecd94b414188e503
torus.out0.02767.h5	314f7e11073b3ff167b9edf3ecc91631
torus.out0.02768.h5	a3ee272ee68a0308c906d6328b643aee
torus.out0.02769.h5	b86abcb56625021358cb5a28ba94a3ba
torus.out0.02770.h5	cc135da4f2021e759d17efb713ec44c7
torus.out0.02771.h5	cb195d60045d35f394b2684a98a296b4
torus.out0.02772.h5	8d64667ecc2b7435dd0b0f93ebccafb0
torus.out0.02773.h5	1efbba3e3e918f9909b53750941b2f1d
torus.out0.02774.h5	860f055f7c64ea3f7830e04c3b44a212
torus.out0.02775.h5	0325024b6244d880820bd37f905499cc
torus.out0.02776.h5	57aa1c44d05e33ef585cd9a2b9bc55a6
torus.out0.02777.h5	c778cc0863eb02d259b5b1958e714aab
torus.out0.02778.h5	53262067f11b687d240aa4dcda22284b
torus.out0.02779.h5	bc3a1efb70dcd73a021446cd9164b7ee
torus.out0.02780.h5	7d7540e49c142494f94f863ee3781c81
torus.out0.02781.h5	0285794dd8fab616f4b38b3f5a2ba301
torus.out0.02782.h5	ad61a9c954bd78484af8bb93ff625e27
torus.out0.02783.h5	9e3e07a211a002d03e5bb67d5967e70f
torus.out0.02784.h5	cdd2b113b01cafdff8fbcebb6f4d4c69
torus.out0.02785.h5	002de370166f83a9ea57e8d2f5094e77
torus.out0.02786.h5	8ef701278f2a8cc614730efd452cca08
torus.out0.02787.h5	6765f27199eb51b93c24605cec3f8b2c
torus.out0.02788.h5	7e78967d99e56fc94c7ffe34e6195ce7
torus.out0.02789.h5	7efc3f3c6c92227eaa2a514de5b3861e
torus.out0.02790.h5	7d0aedf5429dcda82ff00b46d56a1ecf
torus.out0.02791.h5	046035b3975e72f0f9f8068d1954f332
torus.out0.02792.h5	8e97d229ab9dfffcc4c5c50a4446fa83
torus.out0.02793.h5	873eaf802056cfbe5c40b1fd7a47341f
torus.out0.02794.h5	020b6b7ba85e555365f6bfe21675a613
torus.out0.02795.h5	e1ce9d6a973d98815a8b4f274a8c1929
torus.out0.02796.h5	151e0702b1ee41226e330ffe1f71e62f
torus.out0.02797.h5	6c8697e71c6a09ecb89c9e4f6a49830c
torus.out0.02798.h5	8afc0661d0ee8ecadf3f9ab9eb031ae7
torus.out0.02799.h5	195377a2da0b502873355e0de77f8134
torus.out0.02800.h5	c239727fb525390c60905cf290b7c324
torus.out0.02801.h5	f2f604607461c4409ba1d1f6288bcb08
torus.out0.02802.h5	c7911431d11c066923de2a413339f6d3
torus.out0.02803.h5	2ffa40c6a1e8fe42a44c274a45a4c19d
torus.out0.02804.h5	9acb1debae66c87ab99909d7c02dd406
torus.out0.02805.h5	8fdbbaaef9d873d28bb1560e3fbc3f60
torus.out0.02806.h5	8aaa73e497a68ce831591df9613d1f97
torus.out0.02807.h5	68efa9cdb293bf94612bd732fc9b6a37
torus.out0.02808.h5	9c48c552a559279c60658d3848709251
torus.out0.02809.h5	b72868e637a7414d8164b99da1b04550
torus.out0.02810.h5	ad5e653452794a991f0e070a401a5b71
torus.out0.02811.h5	fec48c82547a2d4a6dce718ec50d08fc
torus.out0.02812.h5	9c988a5fe6c9152769c555eaf0b6a544
torus.out0.02813.h5	9a4bcbe2bc2569c78c24abed38402436
torus.out0.02814.h5	cb86349e3dae6678579ef4c03e53aea9
torus.out0.02815.h5	6ad987acc57416a7e14c3e5a9fd027c5
torus.out0.02816.h5	e1679499491b5eba5547c58aed74b79b
torus.out0.02817.h5	ec38c6ce368b5a4cd287ec9be4176ed2
torus.out0.02818.h5	fc8fb916cbf34ca5f2a20548367892f8
torus.out0.02819.h5	1d10e6807433f9eb2e8e70743954e12f
torus.out0.02820.h5	6de610c7a9e77d4178da3a430213ba6e
torus.out0.02821.h5	bb1be17e444d0eade01870c6b625e4ad
torus.out0.02822.h5	95f59462d2f7971e92acdb5bd0421cb9
torus.out0.02823.h5	aa46c545f4cbc51bbdd2945dc0dff36e
torus.out0.02824.h5	1146d6764cd0823e906606bc99683b2a
torus.out0.02825.h5	b67be2395eb5440bc60a32b42f56c188
torus.out0.02826.h5	4593f1c12e4692ac0e93fb200db83612
torus.out0.02827.h5	c97a652e83835c89ccdbdc67570533f1
torus.out0.02828.h5	58b5d9e10e75e9c3b189e54030ed958f
torus.out0.02829.h5	448b13b7094858ff31eb5e5bc834651e
torus.out0.02830.h5	6ae79eff93f4e83b92f805fcc204faba
torus.out0.02831.h5	86a78bd60b984094343fbfcf50447264
torus.out0.02832.h5	d67bb361dff41c37f19c9d5c0c6a7861
torus.out0.02833.h5	678ff5c9a0c8d21150a45c4f8d085b25
torus.out0.02834.h5	5d104909c1211103d9359aaf6d3bc45e
torus.out0.02835.h5	1cdc19fdae92e34997ae3a229b40d5ad
torus.out0.02836.h5	5b5e8cbf68e647cc44f22c93c3068f55
torus.out0.02837.h5	51c9e9dd8b7ed42b570452f8d39a42f9
torus.out0.02838.h5	e68421c4edf496e575738f75065ca2ad
torus.out0.02839.h5	cc598eb96130279a2ea2de185e41f4fa
torus.out0.02840.h5	9c8c6aa650597040a601f55b26760963
torus.out0.02841.h5	aa135bd4b5262d0a25b3cfb484e28c91
torus.out0.02842.h5	c6242afc1f572dc1aab157cf51114e71
torus.out0.02843.h5	4e344de029e31bee4dc37588abbc4e65
torus.out0.02844.h5	10c0c3ff7a70e73d6ff61d5461356171
torus.out0.02845.h5	5ea8a54bbe0c5a6ab06827e11ba9bebe
torus.out0.02846.h5	dc713dda1357b9985308e4f6e8606a2a
torus.out0.02847.h5	4cdb0ef7429f31a25f855edd01c15fc3
torus.out0.02848.h5	8418c0793b7e209e6d671b4c16f22ef8
torus.out0.02849.h5	e1a166c34e14ab5bbad3e6748a514256
torus.out0.02850.h5	724ed7a7dad56706dee4677ce82cc653
torus.out0.02851.h5	ade5a81e5b13f3f16d13a764a4067923
torus.out0.02852.h5	5e55fe004c6cd0b5d54a8d25d3d3c54b
torus.out0.02853.h5	bdd60b26fbf566446ecbb6ceea4acbb3
torus.out0.02854.h5	7ad733fb0ef4c9e42393036074e2fc0d
torus.out0.02855.h5	12858cb6a36db5819578099a7a89ef53
torus.out0.02856.h5	a6b5824b90c440cd14be12b3fc463128
torus.out0.02857.h5	3cbec615d476623f9fb7a58266c7e3e0
torus.out0.02858.h5	a8a664c7d8476d61cc6e62b81fa15081
torus.out0.02859.h5	87e386444b2ea788d28589fe8b41f066
torus.out0.02860.h5	909491f209044e9e7f78cd71a9522547
torus.out0.02861.h5	c60aae9984c56b495d4e46c6f37d7337
torus.out0.02862.h5	46e1df4214e077f6cf893a492b402b9a
torus.out0.02863.h5	01fc851d1cd43566ebcd5135b5a5f271
torus.out0.02864.h5	0d7d0a31dcb37cc2d6d8e88d10ff3f27
torus.out0.02865.h5	b4ee800144fe32be31b7d8c74fa6b22e
torus.out0.02866.h5	2eb42ef7bd6ae2ce16203ed90095ce66
torus.out0.02867.h5	4e838f21a2f238e84797d0e327f04769
torus.out0.02868.h5	f4e8af1632bd8ec967db12392012a43f
torus.out0.02869.h5	e421011f9055749564640036fc005feb
torus.out0.02870.h5	09a39db2b5ed64eddd1b93f175589167
torus.out0.02871.h5	cc4a8a967065d4f6da1e9791a39b30be
torus.out0.02872.h5	c4fd2f35681d238bee7466c219c7c771
torus.out0.02873.h5	446b3ab257ffda123266cbf3702af63e
torus.out0.02874.h5	bbe5200efe76d6d1e7fb5510680db8c6
torus.out0.02875.h5	7e7e193e1b76bb5f3652a962f30915c2
torus.out0.02876.h5	0b037a34a39ff102b81716228066c53e
torus.out0.02877.h5	a67c2d70dd0d1eff75db84ddf4648ffe
torus.out0.02878.h5	c3e37c1979471f7925cfbc9b73a77217
torus.out0.02879.h5	76ed5b72cbc6b69523c82a3490339ac8
torus.out0.02880.h5	a614ed0ad47af10a7f0a7d2229fc49b3
torus.out0.02881.h5	81a1c24c011c78177df394001af6e93f
torus.out0.02882.h5	303d6fc1992eeedaef7a00d84adfad07
torus.out0.02883.h5	25fe57019ba2ded89cc761c6b2dd1da5
torus.out0.02884.h5	ed38c1f9385407dec80ac791c13c7db0
torus.out0.02885.h5	a8b0c45936f362b72d5b41172e45c6fb
torus.out0.02886.h5	67e0960a60d30b4f1164b41d464b6f6b
torus.out0.02887.h5	940899a6111f9efdab534a726939acd4
torus.out0.02888.h5	1237b3c4b4d92274b41ba8b02c9c5c4f
torus.out0.02889.h5	ec7c24cedae5b5edf0d9c4362addfcbe
torus.out0.02890.h5	84ffb2972e154ea0beb943bfa5099354
torus.out0.02891.h5	cdce7872ab1e26d05e74f5c008d67acb
torus.out0.02892.h5	49d2e7fe28397d6671b8234a89394133
torus.out0.02893.h5	d912136fc3b9d0c57244ca91f8062477
torus.out0.02894.h5	c7f24b74743fa0b3fc15d363e57a6941
torus.out0.02895.h5	e665c77c85a7e293b49ae2965379db00
torus.out0.02896.h5	ecca56e655a368285549b6388c0ca39f
torus.out0.02897.h5	4053d0179790b88aea22a9ec04342fb1
torus.out0.02898.h5	1102157791b7d7b31617e434e04e5cd4
torus.out0.02899.h5	f69dd4d0671d00f85ce8df03e4dba4d9
torus.out0.02900.h5	7aea287085c4317251bf50e5ac74b466
torus.out0.02901.h5	c73921b6265ce6b669aea5f992f97745
torus.out0.02902.h5	35ea0d960820dc3835b52371a4a1707b
torus.out0.02903.h5	3043cab14face5f64a343c14de8b6c46
torus.out0.02904.h5	43b47065ad2db60cc751347dc752bc5b
torus.out0.02905.h5	fcee9524203f260bf9643c482824f7f9
torus.out0.02906.h5	f261407b67c90f0d4ca2f3c70cd41e2a
torus.out0.02907.h5	c647415f362110de185553c78c394dc5
torus.out0.02908.h5	db83cc7ab6f815e26eabc025f4d8af79
torus.out0.02909.h5	13fe7f33db611ef645397d92248d0fa8
torus.out0.02910.h5	0456a51156d4942fc31a7945f1de41a7
torus.out0.02911.h5	f3ad6943fce794455f24fc5628eea19d
torus.out0.02912.h5	fe7ef9c12faaa17d6dde7332fcd203bc
torus.out0.02913.h5	2f0282d275b72ca4cd98438a35fc183e
torus.out0.02914.h5	ceea0e36bd61a80d9568610ae30525c8
torus.out0.02915.h5	4adb04bb13a968a455c7656ab0311edc
torus.out0.02916.h5	9660886e2a0eecdcff41656c67fd795c
torus.out0.02917.h5	4d3ca9cbe712f5c31e3cdb203f4e1b2c
torus.out0.02918.h5	8747d583c68034497776187699dc6130
torus.out0.02919.h5	6da1132083a337aef2c6902fe68d46cc
torus.out0.02920.h5	c01040e32e888cf91c1eaf00e371b4fa
torus.out0.02921.h5	3c72cce776a9c46d7dc35214fbcda23f
torus.out0.02922.h5	30bba2178b95ba9953869fcbb3fd0b14
torus.out0.02923.h5	183b1c03bd14d9e3956595f7ae25e375
torus.out0.02924.h5	00eb73973ebb3d03178404516cb0b2d2
torus.out0.02925.h5	c52b1ff30e477c0322527be3a2e816dd
torus.out0.02926.h5	f32a1acd967861a287c8588986afecba
torus.out0.02927.h5	476196dc2ba7c7619f5cac9d4a19c15d
torus.out0.02928.h5	4dccfbe480dc126997a06b28ca4e03ba
torus.out0.02929.h5	8dd43886f01c381adb07b81713ad5fd2
torus.out0.02930.h5	6e215b201a4e3664aade46bfcc9eae30
torus.out0.02931.h5	359c28da2328e0ce2c6be964c49e775f
torus.out0.02932.h5	6fe01e226c7c3bc8cbc5d6ea68f91e5a
torus.out0.02933.h5	6a24ff022108a1263be86c97fca966d6
torus.out0.02934.h5	1a8700e68245b44267b22eab02746ce1
torus.out0.02935.h5	6b0d233a0e928b6411ccc4c9460ae990
torus.out0.02936.h5	c4b6272b08b4d685ec8dfaa3dfb9c571
torus.out0.02937.h5	03d9ceaa8d66051e2411d5d397ce54be
torus.out0.02938.h5	a4ecb33217272b01a8efa11497ead203
torus.out0.02939.h5	07e4bc00d0b92aa392f0ec66a339024b
torus.out0.02940.h5	ce0f6333063df0f75ae16a08c6a25109
torus.out0.02941.h5	a62551251682b59e9cdaa90df85e574c
torus.out0.02942.h5	082331100bd6efbda2ae759b9c0136a0
torus.out0.02943.h5	babff98766042dc9554fc47787d150c9
torus.out0.02944.h5	06c6975b131121640eac54a2186c2b6c
torus.out0.02945.h5	0d0d2e63e2cfc405d8ba4ed81256abba
torus.out0.02946.h5	35b2bca86eef4269aafd5465b8085576
torus.out0.02947.h5	00daf4844319f11e60d016ff4558e98f
torus.out0.02948.h5	9ebec9078f9ae054f3cd473fb4336f40
torus.out0.02949.h5	af82b4b794fdef280a2f5aaf44384e19
torus.out0.02950.h5	04469afccb48f9f9bdf1495993d36ed0
torus.out0.02951.h5	1602f2f7c33380719a0d51d53df54f48
torus.out0.02952.h5	fc6d7966dab4be42857a61332113db1a
torus.out0.02953.h5	86fc5b736b697ed60f4080c8a4e0df81
torus.out0.02954.h5	fcdbd2294334fb5f0ac8f8f18a308ab2
torus.out0.02955.h5	e6050f7a2952307138a63ad7fef8463f
torus.out0.02956.h5	0297fc60e9bd09976227c81543f0152f
torus.out0.02957.h5	3b184f265cf4f9f846c3f39496464059
torus.out0.02958.h5	8d972ca34b803c1267a3785e827fc643
torus.out0.02959.h5	22ffd4865a6edbe310cbce56234a876f
torus.out0.02960.h5	531f403efbf1b5415e410e8ea95aadef
torus.out0.02961.h5	0f1b269b922be3a4b844bd1f4f370f89
torus.out0.02962.h5	1700bb66cbd33558b74f9e1cb013097e
torus.out0.02963.h5	bab46c2361633aa6dcd0b03798dbd440
torus.out0.02964.h5	29e8638b81d2960d7008215698d1591b
torus.out0.02965.h5	707c1c35960e8bd6266f7342405a9607
torus.out0.02966.h5	77d4ec262412657e783f7055e8b43171
torus.out0.02967.h5	9d2b8a34ce0b4aa6539059ed483a040b
torus.out0.02968.h5	5e3469a8912e745ea9a0a3fa6e6c83cd
torus.out0.02969.h5	5d80e1b81c411b3ddae3d3375a47586e
torus.out0.02970.h5	6aef61908bf43d7bebd4b4198429e085
torus.out0.02971.h5	e3d55625906422937f46ad1f00d761d0
torus.out0.02972.h5	4705ddd65182579531ac504a6d0fe36f
torus.out0.02973.h5	1e442e7766ea2b7ac8ef6f40878e08c6
torus.out0.02974.h5	edb68fde1649f48fb6bb7c855827a21f
torus.out0.02975.h5	fcacf0121ffbb111cbac11e0346548dd
torus.out0.02976.h5	7e90dc025ddc1b654578fb32bd420579
torus.out0.02977.h5	e8c061e660fb23440cfb8570777fffe6
torus.out0.02978.h5	d65a71b386a97ab69c78c41813822642
torus.out0.02979.h5	d5444ec2449b2d363ad488473543fb9a
torus.out0.02980.h5	44ac348b9c996f66eea67cff37e8d453
torus.out0.02981.h5	82f8f2506e59781485219387469a2076
torus.out0.02982.h5	147a05871d6cdace7dc2831c8a8442db
torus.out0.02983.h5	b308e6d789b01deac4dac32041cfba0c
torus.out0.02984.h5	fe651ff33ab72ff7e61d95bb938156c0
torus.out0.02985.h5	dcc7939121efce22c9246009cdcc8f6b
torus.out0.02986.h5	0d4cfcb03f0aa1c24ad0aaf2a8a29416
torus.out0.02987.h5	4c34bc3f35a32883cc1b07e2115ff10e
torus.out0.02988.h5	7160393e212492ac60b521b4d6830694
torus.out0.02989.h5	22a67cd984d982ef70b036b0e8632970
torus.out0.02990.h5	5cbe57a7a7808e2b25200ca7d2a1ed3c
torus.out0.02991.h5	996c698cdca52df9029ef42c63f87fad
torus.out0.02992.h5	4bc317cdd26afdbead095e4e300140c8
torus.out0.02993.h5	4133f23ec89b08a27148bcbe196fedeb
torus.out0.02994.h5	0a236527585499b59a2ef83193361279
torus.out0.02995.h5	20f6f2dbe5b6402bba7781972dc640e9
torus.out0.02996.h5	ac1c72b5c301e18c3520430695312d44
torus.out0.02997.h5	a9c7105d3c745ffa0233e813dfba5c14
torus.out0.02998.h5	1cb32b01ee214648eda3541be05c6793
torus.out0.02999.h5	dbda22c60ca78fe9f7aa808b22bf022a
