torus.out0.03000.h5	eac52eeb81824cfcb9f0fbe285b4b7c8
torus.out0.03001.h5	108a0615b9ecfac2a524770d699b6730
torus.out0.03002.h5	b00c40b1a4b09645620d7f25080cd634
torus.out0.03003.h5	12de5a7a0fe3301407701bd92251f878
torus.out0.03004.h5	c0b8c67688b0b8fc424eba4edc9e0b8f
torus.out0.03005.h5	256f45a489b39dc4b246408ff4110072
torus.out0.03006.h5	633f1b60ce6870cd4f36e358b74b6cb4
torus.out0.03007.h5	3dcedb0110fcc832c7e5118662c56caf
torus.out0.03008.h5	8bd73e8a20254fdcaf01e0c2317d27a7
torus.out0.03009.h5	b246dfe40b853db3a22820a5624de40a
torus.out0.03010.h5	90ffd28604836f24c76234aa0cbeb8c2
torus.out0.03011.h5	e408625778172d5c93cec22eb3402ea9
torus.out0.03012.h5	5dae312a8cfb9dd90071a0cd6db8773e
torus.out0.03013.h5	397850f12347f3d2ab7dbe3c6d5281bb
torus.out0.03014.h5	ac8590382f7641b292fd0a1194d47679
torus.out0.03015.h5	247420edfdddd7d4b78bcf4c369eddfe
torus.out0.03016.h5	9547873812974c1b6a2b70c2a9afcf18
torus.out0.03017.h5	cfb3db9b12187534a045e3cdef33c8e6
torus.out0.03018.h5	316459886782fa132d96277926348763
torus.out0.03019.h5	746754cf329fbf53f5ad758cfe90c04e
torus.out0.03020.h5	54f0fe031807207e6bf431ca9d637032
torus.out0.03021.h5	f02cc37ba5ca103e4ad9002a0c1b6e9a
torus.out0.03022.h5	917adf49bb12ad9370e18076197a73de
torus.out0.03023.h5	bb894bd54f4d6d36c5aac9a814c0fa06
torus.out0.03024.h5	0d7c730b7989fdf5af84e5d951094bc1
torus.out0.03025.h5	851ac6addf85d68b12a44679872fb57b
torus.out0.03026.h5	8baf0934019967e505e705a799a71b07
torus.out0.03027.h5	ce2d14b50defaf52c1366540610c29a0
torus.out0.03028.h5	d6ec41887f703fb7113c12443919745b
torus.out0.03029.h5	f15971e3f8c08ddb8547cd1aa2744b1d
torus.out0.03030.h5	d0b9402ba34d714c98199de5360b8d03
torus.out0.03031.h5	5568191c1fc3f5f553cf3caf27be30b5
torus.out0.03032.h5	50aa187e00f87de0a152ed7c2a6950dc
torus.out0.03033.h5	32fd0235c6e597232fae4a9e409524c7
torus.out0.03034.h5	5b32d685cdc63ae7443296d851e5c91b
torus.out0.03035.h5	2eb21338758df9e652c946e6b66e48e2
torus.out0.03036.h5	f719ec24fa579761e7ed110d5403b8c2
torus.out0.03037.h5	ef06845fcdfb29e90aa1a57f035b8e10
torus.out0.03038.h5	dd4496937d518bee86bd2fdb30eeb50f
torus.out0.03039.h5	00e1e35917be45ef646fd218e5a652bd
torus.out0.03040.h5	f3b86cd2f25e31b2abd2315fe911b9e3
torus.out0.03041.h5	94d76cceb3e246e78edb863d12e0d446
torus.out0.03042.h5	98d4795abe30b3377ef5ce19ee514411
torus.out0.03043.h5	41fc20a854287f0c292315aa2fd3aa82
torus.out0.03044.h5	187a6b37691dc6071d2ef44d9e0daad9
torus.out0.03045.h5	9662e959b2f7722c296ce6d74a9fcacb
torus.out0.03046.h5	da9904cffc5d3d4b7e861cd4fd59d206
torus.out0.03047.h5	95f74b487557509de9a24f06c03948af
torus.out0.03048.h5	1d2d987d0661af886daf8c36b3606347
torus.out0.03049.h5	61927a2e0fc43f2bc808a3ea1810eaa0
torus.out0.03050.h5	0cbfd37b7c04114eefbe3ddedfcd09ed
torus.out0.03051.h5	a2d25641744efd2356b92070f45c66e8
torus.out0.03052.h5	d8cb5ddc8d587adaad1c363927509134
torus.out0.03053.h5	a0a90f6416c4e5912597e6eecab350fa
torus.out0.03054.h5	6479820a2d2170a42dc5419fbd5aea93
torus.out0.03055.h5	ddb4334c1552795303c8885b9ac73092
torus.out0.03056.h5	de4636de3d531392c5b83a75b9724507
torus.out0.03057.h5	5200eaf387cbb0cc7e803e5b60612664
torus.out0.03058.h5	fa51a98e30b93b02b7b4df3fce0bd4c5
torus.out0.03059.h5	542348eed969991ef1c47492df7ae037
torus.out0.03060.h5	58e6197eb6f3e5780a7a5f9aab46e39e
torus.out0.03061.h5	ae4172dcc861fbb15737884ffe744c84
torus.out0.03062.h5	d77942b8ce6f5399fa8f4a87e4e6fa14
torus.out0.03063.h5	921ac134865c8c5503756d27c7d20810
torus.out0.03064.h5	d0ac93fb4b357d57056291f1394a0599
torus.out0.03065.h5	4aeb28dca9612e52fe82192bc998dbf8
torus.out0.03066.h5	14d8c8bee049a59efa1b2506f1f02016
torus.out0.03067.h5	be4a79e15948c1e1d14dec876f34ddb6
torus.out0.03068.h5	d11e96d161c24e4a3fdc4697c693f4ea
torus.out0.03069.h5	60ac520f1009b9792463ed8aa6139913
torus.out0.03070.h5	dd132219bfa263873c52573e8a72bde8
torus.out0.03071.h5	87ca5e7452656a0b345456fe521c1f40
torus.out0.03072.h5	22add281d67b13b2d53b5fa5c2ed6035
torus.out0.03073.h5	e6662719f215198745f3ca6d344cbddd
torus.out0.03074.h5	37734636b4cc30a0305030affaf830fe
torus.out0.03075.h5	cf44730148a89dc1a57a88260cb914af
torus.out0.03076.h5	81d3e5855853138d4fb8222b38e23cb0
torus.out0.03077.h5	55670c0977049af0dfb332d019e01687
torus.out0.03078.h5	d403ed18252b459ca25eaa275d197080
torus.out0.03079.h5	b13b8b98f9e5387c06234b9936c187be
torus.out0.03080.h5	7bcfa16017232c216b931ee36616af36
torus.out0.03081.h5	41dea9d5bd9e62c5febb4a14c2a88404
torus.out0.03082.h5	70deefe612361d895f5911cabf001d1f
torus.out0.03083.h5	c0a6bb0fb65da361b6705a0c77503e3c
torus.out0.03084.h5	454e5e40187b67a74fbbb630f7baca48
torus.out0.03085.h5	aadeaf3762d74bad794878678779e89c
torus.out0.03086.h5	aeefda3282e75e819f92dd586ce0466d
torus.out0.03087.h5	ea813071b9ccd7e4dd9fa238a191cec1
torus.out0.03088.h5	47e9b95f47a65e75185a5d5e425d0771
torus.out0.03089.h5	a6bfc324bca26d1151e5a877cf38f678
torus.out0.03090.h5	ef5c563aa05f9e80a86db9d417875204
torus.out0.03091.h5	528ea7dcec7d24780fb68cd24e11a22f
torus.out0.03092.h5	9d1fa4ae910a620f99bdf9e8d114ab48
torus.out0.03093.h5	7c7c6acb607782da5d0f9d04226be205
torus.out0.03094.h5	6c35110c90d72214aa25a1685744e89d
torus.out0.03095.h5	bd48d575ac5f100a22a1332453da8ed8
torus.out0.03096.h5	f5bf3670f95bd740534570bb4023530d
torus.out0.03097.h5	9970eb0195339bbf9788c08ef907ad48
torus.out0.03098.h5	bb070a1f78f60b8a8c352f293f838711
torus.out0.03099.h5	da6f4dc156117e486f7fcaf01a53b06c
torus.out0.03100.h5	7d00fc7ba62c3dba1553069fb40e18bf
torus.out0.03101.h5	569ffa97b5bf8701f5ae0f3a7c4bb700
torus.out0.03102.h5	55654bab8237f17cd6942525563dcbfc
torus.out0.03103.h5	950161a66185dfd9685a119924fd88ae
torus.out0.03104.h5	e38719caa646d3e1750f9cda21f51293
torus.out0.03105.h5	dd1b036f552d7efc5c737456c10bfc85
torus.out0.03106.h5	ee6f43591d480343077889de8826cee0
torus.out0.03107.h5	0b05a56b305c871768906a0eb8ad3d11
torus.out0.03108.h5	5c195fc43a335bc60e34972e0c9cbeee
torus.out0.03109.h5	f65ed25fdd2d0294e7894944de135d03
torus.out0.03110.h5	1fbf2fc11378ff2ffccce930db5ab9e3
torus.out0.03111.h5	1ffbde5335b26587c1952b327718f626
torus.out0.03112.h5	b8c10857246e5eef24934917a9eadcea
torus.out0.03113.h5	c50c42f2f8be733f9ec502e6f7a617b5
torus.out0.03114.h5	38ec0c2e2d726d4a76e14b4a3daad4a5
torus.out0.03115.h5	6152506aae99050f166618abbc9d77a2
torus.out0.03116.h5	b783922b0de0aebcf84017c90ebb952f
torus.out0.03117.h5	26e012b62d1b1b8e773fae5b9577ae0a
torus.out0.03118.h5	ce99eb7d37fb1574dba1b251f4be75e5
torus.out0.03119.h5	18e3f53f516813dc89c0350102879fb2
torus.out0.03120.h5	552724898da1ffb72795d5434989fe45
torus.out0.03121.h5	ee6123448c16937dc4b39c4cf9a33285
torus.out0.03122.h5	349458472066ae53fb00822b4b0bd3f9
torus.out0.03123.h5	c7580f17fa4d9b852969357ac00a800b
torus.out0.03124.h5	88d423ddb9b627d6e25ac2635d610a79
torus.out0.03125.h5	363ac8002cabaee1263b2337d3ddbbdc
torus.out0.03126.h5	65285c204e63258646a6e9832fc110f7
torus.out0.03127.h5	fe06ce3200297098811019b47ff493cf
torus.out0.03128.h5	677404b0852cae3c6f1b87afa2b70e0f
torus.out0.03129.h5	796751c144e46817b0c7b623e127a4d5
torus.out0.03130.h5	e930bee5892860f747c08e4e1db11a46
torus.out0.03131.h5	a893ad2009cf5e5c7d9e90523eddc70e
torus.out0.03132.h5	1a570675907a23c379a55028bdf2b113
torus.out0.03133.h5	b088e42f41ddd2bfa87f1a979f0ae216
torus.out0.03134.h5	366b5fc180f6f22af76614060557ff64
torus.out0.03135.h5	4be7a4bb67e825b99a2278bc42079222
torus.out0.03136.h5	a36bc130a89a2c8278fee6e9bc058448
torus.out0.03137.h5	c698bc8095cbae581a83945dafeb2ee3
torus.out0.03138.h5	f15493c24e6d889638c508e278d1c65c
torus.out0.03139.h5	39c8c3988f4605eb4fad1bef1256735a
torus.out0.03140.h5	5b8abd95f5fcbbf790c0cfeed298a5ce
torus.out0.03141.h5	5bdce2512b8af7fe703c37ee68761ab2
torus.out0.03142.h5	303fe8eacaa947c012b5999bbddf31fc
torus.out0.03143.h5	105f2a94ce617c7dccae8baa734d57df
torus.out0.03144.h5	ae4272969f922b793d0130cafe5acf78
torus.out0.03145.h5	3b0d143836cfd9c8492a233e921ab3c5
torus.out0.03146.h5	4e06fd4226ec269eaaa4619cc6dfccf8
torus.out0.03147.h5	335b6ea6c70422f6cbf7444999a0989d
torus.out0.03148.h5	a36676b4bb0e8dcc838ec46c49ce1f67
torus.out0.03149.h5	409a6414ba58b054d4ce10b83b6a71fc
torus.out0.03150.h5	d77471c3e4a0fc99c18dc1ce6a63f279
torus.out0.03151.h5	f25fef701f03f9ddd6f6313a3c84fc4b
torus.out0.03152.h5	3abb176a8ace7cd480d1efc43b502a3c
torus.out0.03153.h5	b3d7dc46e6f725e90a4f8150229b01db
torus.out0.03154.h5	84c9111499e33d5cdafd75cca9804c45
torus.out0.03155.h5	d37512223dfb77f1e8ad4eb86f15b908
torus.out0.03156.h5	030be0223a4785113d6f2ed47e9764fa
torus.out0.03157.h5	2d18b597bc9e083d7a237a0314780573
torus.out0.03158.h5	e5cdcd77b51546a0f2faceaa3f4ead06
torus.out0.03159.h5	5d15e6ea99ab5aa99198d4f965fe61eb
torus.out0.03160.h5	7a26568b85b2df8a5389c99277a77bdb
torus.out0.03161.h5	fabb428ad990a8c608f40a444721d833
torus.out0.03162.h5	093c3133e6a0076798201053087510a0
torus.out0.03163.h5	3cf80c89c9622277f7169e345858062d
torus.out0.03164.h5	418d482f0775fb0cb55b49157516ee4e
torus.out0.03165.h5	db595958992db3025f971b14e76e7f15
torus.out0.03166.h5	43e54f4eaa94388c0b0dccb18155cd29
torus.out0.03167.h5	72364c98135dd18db4723e0c7241af37
torus.out0.03168.h5	677620d244d511f4db2f5c54a6da3215
torus.out0.03169.h5	4f4aebaebc32b1cfca349a6dca57304e
torus.out0.03170.h5	0c1481aa9be6923dcf1ac7aeeb19162f
torus.out0.03171.h5	8a57b10282e350a5e226dd6e546a8d36
torus.out0.03172.h5	0a3d9a8409912b22606137cdb6c68ad8
torus.out0.03173.h5	d42c8b7bd9988f6dd2bee4530b2949b8
torus.out0.03174.h5	42e743018776e35ef59229e518a437da
torus.out0.03175.h5	7c22a8ff039c0d3647177a266545170d
torus.out0.03176.h5	acce751fb418747962558cf4ed289e80
torus.out0.03177.h5	7368813b60bbe2f4f062cf9887d85284
torus.out0.03178.h5	de404eb90c2c8faf74c0702ed12d4e84
torus.out0.03179.h5	24d7b1b1acd95000cb5db36466a3e6ed
torus.out0.03180.h5	1156fdd2b75fb3ee035eea68b4055b8e
torus.out0.03181.h5	8de462879984d6f2b17478dbfbafc07b
torus.out0.03182.h5	85823ba3102ad44fc848be0954fcac5e
torus.out0.03183.h5	f3bb0801b00cdcdafff4f9473a202fa8
torus.out0.03184.h5	05efd93d8b272fb078ad97a1f6664611
torus.out0.03185.h5	3fbb1dc7bf859de9921f748b82c22c8b
torus.out0.03186.h5	c2a9a410b4e26d43641cf71d16d22f46
torus.out0.03187.h5	214dfb54ccc51d1061c61b70b35e93a6
torus.out0.03188.h5	a8b3d316eeb6c311f2bd28436d2a07d2
torus.out0.03189.h5	d3b1f26782a1361b46f58e0a4f9c15c2
torus.out0.03190.h5	1aee0871513dbf2f68f8f3a3a0247b11
torus.out0.03191.h5	10c7a57a23ca638ba60c7cf7101eea7e
torus.out0.03192.h5	91d3b6c4e66ad3a5e5dfc08b7ff87e59
torus.out0.03193.h5	df116495648f6191da2d89bffb25cd9f
torus.out0.03194.h5	a58e76ee4ab522ac3482854f03ef9374
torus.out0.03195.h5	9f778f9f135ccbc84ac177df217010a3
torus.out0.03196.h5	a337cd9d7d76a4c5642ac079d95534d8
torus.out0.03197.h5	8dbe4f52355c63931460defea8c0df06
torus.out0.03198.h5	9d9a559d6456f29da36b97120afa053c
torus.out0.03199.h5	fff785ba7dca0fdd4b9f44cff88aa2d9
torus.out0.03200.h5	ffd160e2fd55b8e9056188c42bd05576
torus.out0.03201.h5	0f48ae17e029eba7c574822b7453999b
torus.out0.03202.h5	6deae17adf3841c981c43240437161f2
torus.out0.03203.h5	f6a2dfd20d4e49e63591951133215f41
torus.out0.03204.h5	4396ea0ae6e7419e8d981d9d2d37e768
torus.out0.03205.h5	64605e4248f5fbef037c9459474e7b6f
torus.out0.03206.h5	1f7bcab628121b93ac9c73f32f49f63e
torus.out0.03207.h5	f1934ace2ecfc77eab8d43e2f19caff8
torus.out0.03208.h5	63198874c31d3bcf2123fa7a81f3b744
torus.out0.03209.h5	6bb51141cfa492f696dad17c7565390f
torus.out0.03210.h5	fafe5853882c9649c295ce1042463763
torus.out0.03211.h5	8abed9c8a7b1e23fc5e6e286bc30e4fd
torus.out0.03212.h5	caf356e9d2bc09c60924601a2dae0ec0
torus.out0.03213.h5	03477a660ad42fce1b407d8eae7138df
torus.out0.03214.h5	110b833efd265a137e8bede13dfab750
torus.out0.03215.h5	537d65a39c8eb0255c58cff6cd83dd0f
torus.out0.03216.h5	502f127c1c0e1484f6645d176c615322
torus.out0.03217.h5	91d461cc6e663318fbf70fced45db4a8
torus.out0.03218.h5	f23fb31fa3c23c83e38465ce72acd503
torus.out0.03219.h5	18b8c7a45e45c4c3ceed797d181fe8e4
torus.out0.03220.h5	c5280f0cf73cf458b05055aee208374c
torus.out0.03221.h5	ee729d34cc06f4b4151f9f4d658172ed
torus.out0.03222.h5	248b50ee430b53ba224645763436e713
torus.out0.03223.h5	2dbb7e5f7a1680ab776648de43c8ae2f
torus.out0.03224.h5	f5939f7934d7c3f7b2bae733f66eb089
torus.out0.03225.h5	d30f7fb1e8f8b7f24487a0074496c395
torus.out0.03226.h5	c429d8039ea0fc1ad841b1b36eb168da
torus.out0.03227.h5	01cd5278700c1935050e68fa255dace8
torus.out0.03228.h5	37c1c268830960cb7987537bf8c5873f
torus.out0.03229.h5	151d8da8b28ef993ce5318a87a993e41
torus.out0.03230.h5	7e86a164f156b2fcfc709232517efb52
torus.out0.03231.h5	998f0b122f9a6c275b037aa397fdcf50
torus.out0.03232.h5	d7f5ff1b6c273f461bddc213623ba50c
torus.out0.03233.h5	c9f5ea329540aa21e361a03c1b7820ce
torus.out0.03234.h5	5bca85bba26d21cc33965662fa8c13d9
torus.out0.03235.h5	2ff708f5f10209d1774715686b3c3406
torus.out0.03236.h5	34c57efefb17f4d708f8d9798eb8ff03
torus.out0.03237.h5	592a12f131a857be0bd69db958011cfe
torus.out0.03238.h5	ac5da4d0f0ddc66224217fc4a22b479b
torus.out0.03239.h5	839e8403aad92ff630bac1cd8c94ceb5
torus.out0.03240.h5	10d5aaef3b6b9b8fe55f3f830cd7bcd4
torus.out0.03241.h5	3b5a758664a96ec6c50c458982eba566
torus.out0.03242.h5	a5479b0be5f0a8c95dd35fed08f16ce0
torus.out0.03243.h5	a4a95e8db459f0b4c2e2d80318acba7a
torus.out0.03244.h5	81332bfa284beab93c81bf88350f7014
torus.out0.03245.h5	53248a45d66b43cece5e252389ea0c9f
torus.out0.03246.h5	593e11c18e830a0cc5e844e6951e2627
torus.out0.03247.h5	1ac62ed8e2e56d3a349429777e5b4420
torus.out0.03248.h5	1bf0b22027077f6ed28926bd3a3e0a0f
torus.out0.03249.h5	85942508a8d977dfa7e1d703200a9e8b
torus.out0.03250.h5	aacef90ee5974979e98daf6ce5d55acb
torus.out0.03251.h5	0da8ddbff57433bf609e7485a0e75bf4
torus.out0.03252.h5	a98439f19cc5b2e79be3ca14a5fa65f6
torus.out0.03253.h5	d57de3fd3e7bdf01609df2cc7599b572
torus.out0.03254.h5	6c5fa115a7e629cd6d6dc59b76d8a5a3
torus.out0.03255.h5	13b1acfbb4a807e17b8b2f59649313a6
torus.out0.03256.h5	ac835d4b51d34f79caaf6a5851b5258e
torus.out0.03257.h5	aefff285677b3750b875aea2d6549b2a
torus.out0.03258.h5	c93a849784232384d9b6f9cb6ec0ef5f
torus.out0.03259.h5	6ef9248cc3f9b825e10adad61699e99e
torus.out0.03260.h5	e6bcc6f8b6f6e7d07e2a10e1008e5c33
torus.out0.03261.h5	2ff2b6e557b2e7e41d43ca2b49577193
torus.out0.03262.h5	adf81b19f8ba4158b2edfed72fcc8c40
torus.out0.03263.h5	81df781bbb306a9f531d65b5305d2139
torus.out0.03264.h5	c3b0a8d4c5a8d2aaca68f5d61c103cd4
torus.out0.03265.h5	c0237d1586a168a94dbd027c84b3426e
torus.out0.03266.h5	f91048cbcffaa203bfb78bb979297e48
torus.out0.03267.h5	48d3eddf0cc0d1198fd4f5ddeb9892b5
torus.out0.03268.h5	97569a58deaddd23dc6714307568bbc3
torus.out0.03269.h5	4177ebee3bc687b229fce25830dd7088
torus.out0.03270.h5	2243d63e6f937a0aaa2a81244441fb8b
torus.out0.03271.h5	d0ae8e6c5023cc4136fa62f3a1bcbbd5
torus.out0.03272.h5	2baf7b47b59a3e5d847444461515ea6f
torus.out0.03273.h5	aa65d86007703354b2ef9a29d3e45ea5
torus.out0.03274.h5	1b0c90df27515a5998f0e80305ce957b
torus.out0.03275.h5	70179a8e5542b0e529952975c65a3c56
torus.out0.03276.h5	2aa75878dc87e29a4d20eac8febcfe6b
torus.out0.03277.h5	1ec21d76f6cb5c7daca291fb6fdefa0f
torus.out0.03278.h5	bdf8098177dee8002666870096980c61
torus.out0.03279.h5	dded19a727c6b0e61f7117e318a60041
torus.out0.03280.h5	78aee6297863bb62693bee9e08ff9454
torus.out0.03281.h5	d613db9de83dcad1bbfa8ccf7d20d328
torus.out0.03282.h5	a14b438e2d493a348a5cce5447fb9b5b
torus.out0.03283.h5	5c22c08b3d84227db6e044446ee18036
torus.out0.03284.h5	9c50d6c351469a652cf3cb7e9859a21c
torus.out0.03285.h5	61b202679acec0c718b2372fc4389cb6
torus.out0.03286.h5	82d1f6c889a81668c8c31ad5cd609cb1
torus.out0.03287.h5	ced3d3184f828c5b1ce52e7f51a049ba
torus.out0.03288.h5	b213821a74a07776ac3dc41ca25d152a
torus.out0.03289.h5	7218efd9950766c18f2ca07dd86ac1bc
torus.out0.03290.h5	543792bbc0530cae3206e0f960449bea
torus.out0.03291.h5	a6d8408b4c8bbb9a226a64cbed2dfc3d
torus.out0.03292.h5	01f42cda2e22111faeae5d01a2d580d3
torus.out0.03293.h5	703bba87ca331fe8b6e1293af45f01e3
torus.out0.03294.h5	71f6d8776ade556b45d3598847dbc752
torus.out0.03295.h5	1e0251b7df9f89d8b1d7311e5ca19310
torus.out0.03296.h5	cd450db61c6e08e0de7e7db99616445b
torus.out0.03297.h5	859f6e06fd55c97d5ca998005f772c87
torus.out0.03298.h5	bd5f55c9f6f1d74510497c43195d1d2c
torus.out0.03299.h5	0b5c0ea19e47fed149db3fa03165594a
torus.out0.03300.h5	bfa084c985ec7e1cd6cd34cc9bbe61f4
torus.out0.03301.h5	c9d702e3fa600aa237b255a5b6328fa7
torus.out0.03302.h5	09235180efa8707e35c4e698571547cc
torus.out0.03303.h5	938a3e8a6bbb9b403a689d5a82b399f7
torus.out0.03304.h5	a1edc35466adbca7e49235a4a3b610c9
torus.out0.03305.h5	d5f358ab102919ccd84a8f9a7ae3ae1b
torus.out0.03306.h5	d12d0119b0d4f755c8d817f8ed9612d1
torus.out0.03307.h5	f32025271df4ac2c7e01a88d803991bd
torus.out0.03308.h5	63b2610b4be1006952378df3ecbd0fda
torus.out0.03309.h5	15a5c045f5e45589ebeb1c43d1fb2a5b
torus.out0.03310.h5	9de5639a9567935ccf227f16b791b04b
torus.out0.03311.h5	3767aec86e5fe38cb89535f532d8660e
torus.out0.03312.h5	fe3075b260a6e3563dd02e783e38cb68
torus.out0.03313.h5	15a7071f85968acc6a55c487f9f81198
torus.out0.03314.h5	cae3378e06fedfae050977713ea87e7b
torus.out0.03315.h5	18de74fd97cc2df8f13051a3930afbda
torus.out0.03316.h5	826a40b685b8f53dd95545272909d6eb
torus.out0.03317.h5	e4787d9ba5d4f5c113a0ad81ae122c6f
torus.out0.03318.h5	258f25786b075b1e0909fd8d0084f210
torus.out0.03319.h5	48cc0d137bfa1fc37b230a4c0749dfd9
torus.out0.03320.h5	39252a2edddba7e99f1410af112e6cbf
torus.out0.03321.h5	1d57adfa9424fdfbcda636acad5efd1a
torus.out0.03322.h5	78ef3ccdfac9b3953e724eb856e36977
torus.out0.03323.h5	c5d1ffa068fc126b8c6cbe5b4e206bba
torus.out0.03324.h5	9391f619f7b9d35ed15528c0a8132ba4
torus.out0.03325.h5	68dcfb1cd74d93541a3657f39ddb683f
torus.out0.03326.h5	414f4de85c14dde8ae07e5e977234662
torus.out0.03327.h5	df3998f2d1891b3a6cc21e1a6e6d3a34
torus.out0.03328.h5	4657d1d5cc242c2db369ab3008349041
torus.out0.03329.h5	ad818c22b9caaa5275ed5b6ff89d47ca
torus.out0.03330.h5	4c6346a0c98b4f659dcbdca109cdedbb
torus.out0.03331.h5	f6c1d23355686750152721a4f70f7441
torus.out0.03332.h5	6f8a8867759442ab3f01c0a9a10e5fa2
torus.out0.03333.h5	465f3c25cb2226bfa4e3cbf0bbe818a6
torus.out0.03334.h5	807b662cf2b46197243aab6f15541864
torus.out0.03335.h5	7af40152cb8b35e063d2815d77bb3971
torus.out0.03336.h5	daf9dbd4f9d711ac3b3f9c4632172ad3
torus.out0.03337.h5	ab092f11f4e44c3076967a6f49dcd52b
torus.out0.03338.h5	ef663f1819893efb0af88b9d7a3f00ce
torus.out0.03339.h5	7b54170901f9efc4628a086567398ad7
torus.out0.03340.h5	8a9a57b7af4c24f4d656eeacd9843b7f
torus.out0.03341.h5	699896527ea6d2dc342420204e96a46b
torus.out0.03342.h5	a53e5dcbe529d469434ae3cf16647180
torus.out0.03343.h5	b9c6a82f59d09a1ba4fa330b51d23513
torus.out0.03344.h5	cb4abfce580def077c6d370e0ca2153e
torus.out0.03345.h5	429ce29999fcd05084c6ed2bc578440e
torus.out0.03346.h5	ed3104c6964566042c2bf3338e89a798
torus.out0.03347.h5	e04e527ad6ea6636a20b4b31be3f0c4c
torus.out0.03348.h5	424ecd73dccd1c3f3c53b871be07ba62
torus.out0.03349.h5	dd3bbe0e2dfdb08e4492d95d043b355f
torus.out0.03350.h5	f9477bd1b04bd3b275c1a1e50f0ca929
torus.out0.03351.h5	78dbc220bf1dedf5aad42636dae98570
torus.out0.03352.h5	77f58acb9bc54126f9df780d1068e0e4
torus.out0.03353.h5	ba6f4a296dfda2a6aa42c98edb31df2f
torus.out0.03354.h5	1153f22709fe5dac698ef0aef95ee2ee
torus.out0.03355.h5	33f6645ef0200569eda1e112f04268cf
torus.out0.03356.h5	01326b6fb4590dbbd410bee5b4589385
torus.out0.03357.h5	46e0e662e56c2639562e9a7bd2846760
torus.out0.03358.h5	3230ce87bb5421185e7ba60edc831c03
torus.out0.03359.h5	5b5bce2caed8160efb342bfd67b16ffa
torus.out0.03360.h5	c9e5ffab08295228f9334dcb488b920c
torus.out0.03361.h5	114518d055816bba6805bbc03e2de2a9
torus.out0.03362.h5	bd370941bdb12ddbb98cb516cd7a0506
torus.out0.03363.h5	2bed438bcf21eb9349993a86b8135510
torus.out0.03364.h5	52059f52f17eff93903eb857994aecbf
torus.out0.03365.h5	da9654e92f4bd7680fd64095cecdaee0
torus.out0.03366.h5	699cda49397fba2376b97a25862f3046
torus.out0.03367.h5	b5d943f94a7be7ee00a2a4b77f6cddb6
torus.out0.03368.h5	78a780e412a671f330555ce2940c7b49
torus.out0.03369.h5	03e6778b18d3880eb3c2b28e2533a538
torus.out0.03370.h5	5a8ac147820ff4f636491290238712a6
torus.out0.03371.h5	44816677bfded56f0e0022ff38545c8d
torus.out0.03372.h5	e5fcb9aa765596617d63d63605978a52
torus.out0.03373.h5	6d7ddd034e7bb54861b0ac101754324a
torus.out0.03374.h5	d234db13e7fbb58b8e34033f37ba4d44
torus.out0.03375.h5	0586023bbf128d3c05e8c66e8f9b55e7
torus.out0.03376.h5	779af7a009b8c9c306478ed691dec157
torus.out0.03377.h5	3f2aa113b7ada5c8e40d4fdc635dabcb
torus.out0.03378.h5	463a9d36e21e71bfac759e319376f7b2
torus.out0.03379.h5	82bf5ecb943a7787394985d56c7345d1
torus.out0.03380.h5	a4211a1b75fb89b4303eda550ce11bc7
torus.out0.03381.h5	ef869cc6d812abe775dc93633acbd7dd
torus.out0.03382.h5	76693e6a9396d209c1dea8334bd61eca
torus.out0.03383.h5	9e975a9657ec50f2d4f91380656f2c45
torus.out0.03384.h5	244023ec96baed5554431f182fc36269
torus.out0.03385.h5	0d8fd7188f654238dc09829c003b847d
torus.out0.03386.h5	37e7bfb0a743a288698ad3a6b9588496
torus.out0.03387.h5	7fca4edfbb7cc4d6fd66798dc96b967b
torus.out0.03388.h5	d9886cf2935a359f643ce3a5e8251499
torus.out0.03389.h5	bfcff5dbff9bb4ab86b4262dee7fcf43
torus.out0.03390.h5	6311944c156679591bbd7a442e28daf8
torus.out0.03391.h5	d4dba36a48d106eb82d643eb736cd0b9
torus.out0.03392.h5	ea2b23567e5bbe4eb2a833de5280f8b4
torus.out0.03393.h5	bec599e3f95c6daee4348cedf1700a80
torus.out0.03394.h5	fc4c497b3a73007273adec9c397c6460
torus.out0.03395.h5	f1197c68965a32d7cfe78228b7a6ed29
torus.out0.03396.h5	d0b1b4809a29ea8402ec54b7fb5bec4a
torus.out0.03397.h5	955c1d4ca4ad7feaf491bf4446b40cd2
torus.out0.03398.h5	b5015d366b14294c17c26e16da7a6aa8
torus.out0.03399.h5	b1c7b0e8fd9b208200e77e7facb7a645
torus.out0.03400.h5	2678375867b2580cd3513c1eb2123c3d
torus.out0.03401.h5	732447465384462a005378bcc2b32e33
torus.out0.03402.h5	6ad71cb32440a12d3b157d5e8366ee14
torus.out0.03403.h5	4c94a046ce4a706267a1985f0d6a952d
torus.out0.03404.h5	b9e2da7d24433d9bcf4ab9bdf2db6af5
torus.out0.03405.h5	6f39874667dda5045935e619bc1d13b7
torus.out0.03406.h5	f56c1a3874b54ca5f8784d0633a7e224
torus.out0.03407.h5	9e366779f63c1c3cc3b88246fbe07391
torus.out0.03408.h5	9ca5cb78afae29cc01f38ff0a732bbc5
torus.out0.03409.h5	7570521b7b9a1793e904e4ed98803524
torus.out0.03410.h5	da053b09484866cf4dfd62aa269cde1c
torus.out0.03411.h5	36c78c4c05e06477eaa117ba94f1aacf
torus.out0.03412.h5	e0a06e5bca3a1025d4c2755ec66dc9b4
torus.out0.03413.h5	0adbbd4c0cc899dc850e5f529b609d5e
torus.out0.03414.h5	306e3d8fb3121a2e3d376e44463e5ac0
torus.out0.03415.h5	69bae92b5db8dd8cd69d2fc60945bbbe
torus.out0.03416.h5	20a5e7d0f52f4c8c2c55951f1b0f1435
torus.out0.03417.h5	e2517d93779479ffdfad55b7a49568d0
torus.out0.03418.h5	d9437673530a1169d1870673c93c6dfb
torus.out0.03419.h5	7c956866e5864eeeb7366065587dd711
torus.out0.03420.h5	a7b7472fa5fec328c8cd9362a30af090
torus.out0.03421.h5	888ed2b8c2632d8cd10bae1aa0013a35
torus.out0.03422.h5	15cab97206b04fc0f4953cc781d51a86
torus.out0.03423.h5	9b7f95e9cc95fc8f6a53cc48d9d8016d
torus.out0.03424.h5	3338af8a8b216311c6058e2d8720a651
torus.out0.03425.h5	b18eecdb96ab68f22f3b9410dc22b41e
torus.out0.03426.h5	9f5bcd7b00ed6d39b36993c1beb00e86
torus.out0.03427.h5	45f3b4c707c129dfcf596ad55c3f1bbb
torus.out0.03428.h5	2d5449fa385c2dc2e21eb66005a47d80
torus.out0.03429.h5	717b32048cf0a85a8556a5ec2c765f87
torus.out0.03430.h5	61038add95f1efbfbda6cf9e1da7f0e8
torus.out0.03431.h5	adab1ec73e48a4c3ccb16e39b118c961
torus.out0.03432.h5	f6f70a293c71409c7641fe8a9c4aaa6b
torus.out0.03433.h5	616304b6c99c518158e033d7b4908e0f
torus.out0.03434.h5	62d8998d13a598481f29c01fbed3ac5d
torus.out0.03435.h5	779b66f4472fcb75f42b3837905d97f7
torus.out0.03436.h5	a91c22b6b5a5dd74478029ad463cb0d2
torus.out0.03437.h5	7a8bb26e6ceabc55a5b0f99b5c34ab77
torus.out0.03438.h5	ba930d0bacefa3e5adfbf641034ae3b5
torus.out0.03439.h5	9772b4ce3ccbd6eab27a7ff365ae5b40
torus.out0.03440.h5	9550b636dce31ea55bebf182c8ff1e68
torus.out0.03441.h5	ad93c339279356d3675aca12aecfd230
torus.out0.03442.h5	e069c4619447a04238d49267e4265386
torus.out0.03443.h5	b2c33501c7ac15565c5dcaa84476c552
torus.out0.03444.h5	d106bbd295c7cb86b866ffe559e0a8ef
torus.out0.03445.h5	bb4295a9774f84a3102f23cfe62ede34
torus.out0.03446.h5	391a83b6fbe401bc65286ee555e74d5b
torus.out0.03447.h5	baa9ea463ab88e0ceab67b65038b1c9d
torus.out0.03448.h5	325ea4024b9675fa0f3327882ce1be38
torus.out0.03449.h5	d3fd8401aabebc26f6ae4a12dd64b643
torus.out0.03450.h5	c057477d22c48e373d0598cced67f60b
torus.out0.03451.h5	9d4aa67887ee0183160dcbb17bdd8e6d
torus.out0.03452.h5	cf9941a525e9d1dba03ade570fb09a6a
torus.out0.03453.h5	8a26c09a551f88c6138d7b82c075329b
torus.out0.03454.h5	2654a3602ad43bf7b22ce7e17a6559ed
torus.out0.03455.h5	d372fabd0c1acca5b0997a4ceca381f0
torus.out0.03456.h5	7e6d0854e6acb768021d53f274f5102f
torus.out0.03457.h5	6978a651b24f4874d6e634a8bbbcd1a2
torus.out0.03458.h5	b4c7ec0886f5a79ab7dc7370e90fef55
torus.out0.03459.h5	1f6bc12faab5a85b0a884917636086c0
torus.out0.03460.h5	d0d09e87eb0b3425f2bd338470740257
torus.out0.03461.h5	a76383b7dc7afc498630fbfe49f3c042
torus.out0.03462.h5	b0426f7094a41113e8c19cb31028a636
torus.out0.03463.h5	81ec9a746c1aa59aa4463c2933aa94cf
torus.out0.03464.h5	69bc35df091a8944794f038e7f74be66
torus.out0.03465.h5	21fed9b2ee5149e9d3e5720dcedb074e
torus.out0.03466.h5	4f02910c1b4a07e8bd7964cfcd715b53
torus.out0.03467.h5	3f47e472ac05b1b23677b0b5f2919001
torus.out0.03468.h5	29b3e81c78ea73e924e46f63e4affdd9
torus.out0.03469.h5	1bd5cfdd86180d063206afdc540d99f7
torus.out0.03470.h5	d30556c8d7c6ea2cd3abb69bfb8e81a1
torus.out0.03471.h5	55a0c74b0cca8d596f62d2dd65d90014
torus.out0.03472.h5	147ef0ebd4f1d6c7e004f9d4d368ea2f
torus.out0.03473.h5	0444ff360f1850191dd63c4f751ce1c8
torus.out0.03474.h5	8a9a900ab0f69ff8f65c0f2ec85b86ae
torus.out0.03475.h5	2266517cace0ac3248164bdc5f55d100
torus.out0.03476.h5	016faaa1162560e56f2361eea051cae8
torus.out0.03477.h5	584b96006849f674bc7c59c37654f0de
torus.out0.03478.h5	9f51157b07672cb12555f472f364440b
torus.out0.03479.h5	6ba1394d0d3ce480c548f4fd6ec576d9
torus.out0.03480.h5	6db15e4486d46430ef832b00fb9da532
torus.out0.03481.h5	b88c5ebe8ca590dba127e0fe328805ce
torus.out0.03482.h5	7498fea3b48602248c252ef3fbefc140
torus.out0.03483.h5	aa9a835f320976692ce154742df299d4
torus.out0.03484.h5	c690c19d329fe1387792b3573307d463
torus.out0.03485.h5	11abe32850e68b0df1d5c3cdcf628e07
torus.out0.03486.h5	dbb6c860917bd812ae395f5d3fa1f639
torus.out0.03487.h5	b1ab068f41bd6aaa7c358b3506725463
torus.out0.03488.h5	780e3b4a52f3a36ff49602d02f9c24d8
torus.out0.03489.h5	79d7458cad58df64994c1fa7d69a4423
torus.out0.03490.h5	07710a6578e5673e0f0e4dca82b65167
torus.out0.03491.h5	f3370bd40ce0c73d5c02983ca0dc7d02
torus.out0.03492.h5	80eeec5176eb21deb6fe9bc6ea7fdf9b
torus.out0.03493.h5	ae02c4f6fd22a580df31669e4e4dac36
torus.out0.03494.h5	6191571374efbcf77eb6837c1fd52074
torus.out0.03495.h5	100045d3887471e4f3040cef8e02e91e
torus.out0.03496.h5	0da1f6006fcb355bc36a9a72d42eaf4b
torus.out0.03497.h5	f72f458075a6c0dc12756982c96f33d9
torus.out0.03498.h5	8b95c1dfa3dd8369849a2a4b5d364e13
torus.out0.03499.h5	60664f15f3108c0ea4f5cb915216a619
torus.out0.03500.h5	70b2ec56ec3b58c6ea6a0d16ea23a690
torus.out0.03501.h5	823f4127a3b932dd12887e57b3aa610e
torus.out0.03502.h5	2ece1ab43d93a208006fb472b979faf5
torus.out0.03503.h5	42c8a11b7670aafe4409eace97002ac7
torus.out0.03504.h5	3aee8988fe988467255d6d9f52e5db45
torus.out0.03505.h5	972fbe40925034b2c7c0d9fc9221ddcb
torus.out0.03506.h5	ce50caa49e87039d353d35e86cb1fe4a
torus.out0.03507.h5	be3e855de5807367df1a04c43c720c0d
torus.out0.03508.h5	9b8c7da4e2290995dc72921cc189a804
torus.out0.03509.h5	a5163511dd9dcedf1d95e72ec19aedb2
torus.out0.03510.h5	f79eb88ecc38da456aacba4bff4b619d
torus.out0.03511.h5	cd177988187fcc0219bc8c21d3d1ecfd
torus.out0.03512.h5	fe402db0a8a81bd3a8d7cc472e426c53
torus.out0.03513.h5	b0783e887e06b332baa4b31780f830ed
torus.out0.03514.h5	70b46980b05e00c783b96db593a8a588
torus.out0.03515.h5	b5de5f2120d230eb5624a60cc3a925ae
torus.out0.03516.h5	d61312d803e45aa19621a750362ae7ff
torus.out0.03517.h5	3e335cda043834eceb50925810aa7add
torus.out0.03518.h5	a86659062280d16ec1e118a9af341880
torus.out0.03519.h5	45a471865f17f6ded26821ed0d766ab9
torus.out0.03520.h5	96f7b1197b8eb5b565237b4bf8930fcf
torus.out0.03521.h5	80ae64ebb4aa2d41b9837fddc52cd878
torus.out0.03522.h5	54574fb9c5f6a4d37526056545e19e40
torus.out0.03523.h5	4728c68c8d65215c6f02c592494169e6
torus.out0.03524.h5	85ad03632ccac103b10b85f077f58595
torus.out0.03525.h5	471676938a6b000209b6f7c0205faa66
torus.out0.03526.h5	4fc38bba32534ca36c9801a097ac0735
torus.out0.03527.h5	2672076ac40b092bff82e77b58615f5f
torus.out0.03528.h5	b38c62410c787545ce0a317310fb0b3b
torus.out0.03529.h5	c9d89453be4c88aca5c933ebe1ab2944
torus.out0.03530.h5	ff3507b071c51c4871e8414783b76d1c
torus.out0.03531.h5	1630eb96883cb4910ffab5e8dfe79959
torus.out0.03532.h5	c355b8d15159db3b8be82399e1b5ffcc
torus.out0.03533.h5	4b109075e5272db875fd4d9c29456bdb
torus.out0.03534.h5	83664075579307c17a560c2b81b1790c
torus.out0.03535.h5	f4b949b302fffb663384500beabb2947
torus.out0.03536.h5	bd6ffe37600b9fb236fc034971426b1e
torus.out0.03537.h5	967d92666b90277735fb12abda4521b4
torus.out0.03538.h5	501117a270042cafbf22879c70387a79
torus.out0.03539.h5	05c32714635d23bd9d23e333b815bd11
torus.out0.03540.h5	9641890d9c42c87d6998b34469b249c0
torus.out0.03541.h5	0550693f7219c48f147c54b35eea940b
torus.out0.03542.h5	c6010532cc6d71f99312757693b04502
torus.out0.03543.h5	7c4afe4e3ce6698a50ec8e3adf4d6c83
torus.out0.03544.h5	22a014acfaec9093abbd900f1addaa83
torus.out0.03545.h5	f52bd07676d7dd910a9b4ce17827d79a
torus.out0.03546.h5	4164c02a0357035d36150c0dc1739434
torus.out0.03547.h5	87a39e7381e9b51af912648d658b9845
torus.out0.03548.h5	c1c2fcb752584687a3322bbc2a744c34
torus.out0.03549.h5	7fda09e24a577d670492fa04982ddbe2
torus.out0.03550.h5	a27d1a556bf4196ce4720612352eae2d
torus.out0.03551.h5	69fa18eab383b384d0b08cfb22f54bd3
torus.out0.03552.h5	63595048f457ce079b7242c4ee797c27
torus.out0.03553.h5	047fe8600761189d39f39c53b389c8f2
torus.out0.03554.h5	335f1faf2e2d913e306f29e1764d2fb9
torus.out0.03555.h5	3e660649cd21fa22d8144421c8feb2a5
torus.out0.03556.h5	8cff38bc4c0e15166909df88212ca456
torus.out0.03557.h5	3d7a2a6e5e7ee264bbe9bd88f57436d9
torus.out0.03558.h5	ad89faff91860af827edc5617cabac8b
torus.out0.03559.h5	f55ceda701a3a1edb41b14d02bed0bfa
torus.out0.03560.h5	56f951126e5b396fe1b8950795155092
torus.out0.03561.h5	cfe9fe98044a22880ff9b23c403b5e66
torus.out0.03562.h5	9dbd9f29f90b82a7f737cf70817cd598
torus.out0.03563.h5	1f51a1bde662a21859ccf88c7b3d13ab
torus.out0.03564.h5	d491fe0b31e8be5ec8fb6c33090a9d06
torus.out0.03565.h5	3dca0197adcc2db832908ef7e089b909
torus.out0.03566.h5	4fc26375bab04bbba49524fbec2145d8
torus.out0.03567.h5	b641441a90ed956d3ffd33c6e065afcc
torus.out0.03568.h5	52378f897396e19ca415039929ab6b3f
torus.out0.03569.h5	04561a9b109e6201f79ce83a1963d6fe
torus.out0.03570.h5	f149461dbe8ea7e1de26f60df2c9c71d
torus.out0.03571.h5	0df11f0db4183e929bb94ceb5dfecbfe
torus.out0.03572.h5	18961e4c0210d3e930d51ed7eadfce66
torus.out0.03573.h5	bb8f0ddff3847d3b243c149a17172544
torus.out0.03574.h5	3a66502994b50a65d71b7e6d3756de76
torus.out0.03575.h5	9ae817d21b3ab8e50fbfc3761efd2439
torus.out0.03576.h5	fb20a6f97caee6247e09dda63bae2f22
torus.out0.03577.h5	0b442991c4555c7dfdd326fd77153a6b
torus.out0.03578.h5	7dfcb890c83d0b51771b2e8a435538ac
torus.out0.03579.h5	e30b6383b70791c086119b636f1e3593
torus.out0.03580.h5	fc5aea8529641746030a2d84e6addefb
torus.out0.03581.h5	59ee24b2b2aaa6e5008a20b5f17c9483
torus.out0.03582.h5	dac51313bb54ed88c17cb1b1df56dbb7
torus.out0.03583.h5	71f35b25f68ff5c41f528c726b64fa43
torus.out0.03584.h5	1b097dde4e0c926b9b919a26aff6aae1
torus.out0.03585.h5	b5febc149c4a44b4bfd3aeaa62e065cb
torus.out0.03586.h5	da6bb28ec82a4f4fbd98172220f2d20f
torus.out0.03587.h5	67017e0a220374074a26dd2c6fc22e6f
torus.out0.03588.h5	2c9c8f18d5998f6b34bcad51a092818f
torus.out0.03589.h5	b88876281c04a1eaf2c67bcbd37ee2fd
torus.out0.03590.h5	5766619f2198375644a423d99b053fd1
torus.out0.03591.h5	1c2e8323d7939b9ee5a3745ad4165867
torus.out0.03592.h5	5afc63143eca0bd6acdc0c09ee27e590
torus.out0.03593.h5	e15252c55b5f3b7ee8095f32d16671d1
torus.out0.03594.h5	293234c2ec5906599c104c7f092d4ec3
torus.out0.03595.h5	092b02277f45e21687ed09da42e0156f
torus.out0.03596.h5	f38a5e2896229dcc8237b6689367d7b5
torus.out0.03597.h5	28fe2fa0439ae94355d6c69ae321e635
torus.out0.03598.h5	692ee64f0d053b3730f50476590b46f3
torus.out0.03599.h5	a22a2b5ec032b060d2f530398d5acf0c
torus.out0.03600.h5	8a136990a6e2323f5d2f6fb00e687165
torus.out0.03601.h5	e19676ef6c2bad986dabeadd70d59819
torus.out0.03602.h5	aab4fdbba40fdfa06c948a003f398128
torus.out0.03603.h5	3b557467f970c208ed071d9324d2b0d7
torus.out0.03604.h5	7d8c71793e62957bce73749076e935e4
torus.out0.03605.h5	d21780f2b145a458c9bb0ab41acd556d
torus.out0.03606.h5	b88c84597ac439d81d2dc1edd040771a
torus.out0.03607.h5	38e02412adb729ce48062b5cb5f11fee
torus.out0.03608.h5	daa3b315da4cf4c578baf23277830299
torus.out0.03609.h5	27c6c8fa7dee5f83ed48addc43b3e0f1
torus.out0.03610.h5	530cb3bb14e289fddb90203befc74c0e
torus.out0.03611.h5	8c0a6a6d05d7ea2e6a3037aac23c1b13
torus.out0.03612.h5	dd4e32dcd495d8a06f0dd1403c881006
torus.out0.03613.h5	a154ffe50b8106b13851cb91ec107d37
torus.out0.03614.h5	7a88a2a8cb7344975e2c092fb7746653
torus.out0.03615.h5	b7094848126fd9223ed793876f57b263
torus.out0.03616.h5	d18af63e95905e28c1a6b7b59dfe6c8f
torus.out0.03617.h5	e5966fc2de850187ee529602a877976a
torus.out0.03618.h5	6c09df951c146cd129b22732dd4d4d97
torus.out0.03619.h5	c6cd1a7a13e4a796d2ced9937885ce4a
torus.out0.03620.h5	c86342b4f96d05286cdd92494a338820
torus.out0.03621.h5	361c1cfefb39d6401cd9f8d3de6c9c28
torus.out0.03622.h5	8e9d5e8db3b5141df68b0af088c55b66
torus.out0.03623.h5	00a19a818c2f997195b6b081b0a333ec
torus.out0.03624.h5	2a731e7748e0c35a38c58e2d6c4f2de0
torus.out0.03625.h5	e7a2126b27ea644932b4a68ba86779c3
torus.out0.03626.h5	5d65bf7ab4e9c8c7a8380feddfe63ae1
torus.out0.03627.h5	068c12d9a22a7ba58ef852c05fdedff8
torus.out0.03628.h5	a6ce49509b7595056d1b2303805171d9
torus.out0.03629.h5	10141d92bc13bc31ec046fdbbb6936a7
torus.out0.03630.h5	36c6fbb72bb51be543e095868dbee8f9
torus.out0.03631.h5	4126b44fdcbcfdaefd63435a8b3231bc
torus.out0.03632.h5	5219f5a97651f898279a76faa12bea8a
torus.out0.03633.h5	2e1d9ed9f26a73418f3c574d36a00360
torus.out0.03634.h5	640a9d65f13ccbca3416565b46455620
torus.out0.03635.h5	894d6420cdd60532c5943d4ebe2f9716
torus.out0.03636.h5	cca590805317aa4b18f5b7ff8e200f31
torus.out0.03637.h5	4b0c95208dad0c6c547215e287866bac
torus.out0.03638.h5	b7e216eea21e856b1c9cf933e03720c0
torus.out0.03639.h5	d2735f93d9a5c64848289024f5172cae
torus.out0.03640.h5	cb6698ebb28af673523ac529a28290ac
torus.out0.03641.h5	aef4fb6880c2c3fbd31e097f239731e7
torus.out0.03642.h5	f2582e86905a6cd0270f3a756e0698ee
torus.out0.03643.h5	3c6bbc26453bedc55b7de4f359789b50
torus.out0.03644.h5	6bf018b799b7c2da4278103d39c59af7
torus.out0.03645.h5	099abdebd66c369320ec2397e1bb97e5
torus.out0.03646.h5	7644d46ad65c16f811f9662f47e12eb3
torus.out0.03647.h5	79b899ea602d244788dd0ded68af05b5
torus.out0.03648.h5	7f83c7e2ac057c26e11e0c24e184f081
torus.out0.03649.h5	ba6b7f7af7eabd16181424de289c001b
torus.out0.03650.h5	189f2c45f177bd6e6147741a0483f3ea
torus.out0.03651.h5	a09400c290d00e9a1dd5cce7cf35f37a
torus.out0.03652.h5	0a1226c176f48dafd0ce034a9afb93a2
torus.out0.03653.h5	acfe87c8cc3d116f0f120b94c8709dfa
torus.out0.03654.h5	b8ce0e5551485c8c6a36c92e52f1e992
torus.out0.03655.h5	71f773425b21a43442066af5f32443a5
torus.out0.03656.h5	f54040fbec8e29a2c8cbd4f202b875c8
torus.out0.03657.h5	a7e71a91d7fcbe3ac631db6acc938764
torus.out0.03658.h5	9c421a6a37d831d09c83b69ea61e79fb
torus.out0.03659.h5	151580f9cd9e8855c700dea968d5f4ba
torus.out0.03660.h5	0f567bd2d8bd1f24de399f0abe81cee9
torus.out0.03661.h5	106f7ffdf3b04c715f61e0dad5344f60
torus.out0.03662.h5	2576f49c2313311f28ba0e3c36c5b397
torus.out0.03663.h5	d4475f877f9584ba8b9b40e47e0cdcc8
torus.out0.03664.h5	ccc2b3056693ebd0bc8736a73c9465cf
torus.out0.03665.h5	1e514b5741fd079cd22208f187500e6b
torus.out0.03666.h5	e26599ea1a24ccf1bc3e076057c5331e
torus.out0.03667.h5	7e0031609f995966ff89176940c61b34
torus.out0.03668.h5	d14a7ceefff4d9fa561a3fb61051317c
torus.out0.03669.h5	bea7f8a60d5cd103c1991c50a442879e
torus.out0.03670.h5	0d313688b4753451d3e191dafa574313
torus.out0.03671.h5	0765a4eb47249236a2b9600bc33dc80c
torus.out0.03672.h5	7f398299edc90c3e1d8be115f55e890a
torus.out0.03673.h5	29c265dcee161c5cc34150d31ee06830
torus.out0.03674.h5	700f0aa8dad56e2fd9a79b675464a85a
torus.out0.03675.h5	e1ee9d4fb6a59549e3fccc48a5aaaa41
torus.out0.03676.h5	9d51f280f6b980d2424acbe587073917
torus.out0.03677.h5	37009f1b4233f32322a06c72444a6de4
torus.out0.03678.h5	e11987fdd2b0fbec3a1c75ecc4d0e799
torus.out0.03679.h5	282a804fdec15e172066ddb19870f9f6
torus.out0.03680.h5	b69b05d80d93f2ab9646ce1bd3993dd2
torus.out0.03681.h5	ec11e0d15a65d3dfbb81c974b107e998
torus.out0.03682.h5	80d8f51afe0e5ff770f59d7f2ab5ac33
torus.out0.03683.h5	cd47f1571f9be3cf7c34510ca32ee49e
torus.out0.03684.h5	d69a44928bdf68e056e53f1d72306996
torus.out0.03685.h5	ce80a5b535f3a2cdb00129d56da504c8
torus.out0.03686.h5	cff042072b190f1b0b1dc26d8ffd0057
torus.out0.03687.h5	c6476421d156e5e480da022e66ea512b
torus.out0.03688.h5	1f197ec653f39f4f7d1d80bb862cb9ba
torus.out0.03689.h5	71ada0475b80ce3f6d3ac1b8d61afe30
torus.out0.03690.h5	4c11258cc3d93bdbe92c4768e6a6ef52
torus.out0.03691.h5	e3f3728a06b67faeb3fe2bff96dc6e11
torus.out0.03692.h5	b73073bafbae95e5c28fdf0f1b0a5dd2
torus.out0.03693.h5	3bd76c37fb3b4650d91f5041e99b4809
torus.out0.03694.h5	797f28561a9a8ec20979e05238504e0d
torus.out0.03695.h5	f95c8ef62b5ec24d30b24361cb8f25d8
torus.out0.03696.h5	01cc78d254ac7fda60e6ab63d85cab0e
torus.out0.03697.h5	a3451400c8fb48b437418ca76fc589fe
torus.out0.03698.h5	854ad21ac30b4d9cda7d5ae6c4da6e92
torus.out0.03699.h5	c1649d8e132f3f9ef1bb20df1ce357d5
torus.out0.03700.h5	f1e8a4951330b4758ea7c1148fd60124
torus.out0.03701.h5	05c1423ddec21d528885a82a339c0812
torus.out0.03702.h5	13629c6e0c0ccc9fe1efafe3dab5f3a1
torus.out0.03703.h5	af79f64bec4505483ef16ea57d180af6
torus.out0.03704.h5	0f047ba1682c5533c48f78e3148777ab
torus.out0.03705.h5	372e1da34170d9e82bdd00dea8ebf7c9
torus.out0.03706.h5	bebeb2b070732b7897122bb3f3d4f513
torus.out0.03707.h5	251684203c6a87816e86e40e83140366
torus.out0.03708.h5	43ee55abb5563f5173db0dba6fcff04d
torus.out0.03709.h5	e2bdb17cacd9df340cd90a8228cecb3a
torus.out0.03710.h5	99f8dbcc40e181f9a5a863903b686574
torus.out0.03711.h5	48ade812aa98d1b88da9467a9cc8544c
torus.out0.03712.h5	a61760becbeca2301fef6d05d504180d
torus.out0.03713.h5	f9293781b9ad7f4011cdafcd67744f55
torus.out0.03714.h5	cf6cc06811359658f906c8fa26872f38
torus.out0.03715.h5	5d7890cb7f08f31c874db6c26db72cb2
torus.out0.03716.h5	266724b6b5023c28e6736b4b9b1df4ad
torus.out0.03717.h5	69e9eff16910e4d6e2b20015dc939d03
torus.out0.03718.h5	baca14065a5147e2dcef0a9ac01a8735
torus.out0.03719.h5	f839d5140f70cedcac374f4490f2c9bd
torus.out0.03720.h5	431e6a5ce8dd336e3a884eb378821ad4
torus.out0.03721.h5	702f637d013e49d5e53be380bf60d0c2
torus.out0.03722.h5	1d37ec96c57dd63319fb868854ca4fea
torus.out0.03723.h5	d7ab9f800a80ebdce1300be306ad698e
torus.out0.03724.h5	723b45d458fb742cbede9572839ece70
torus.out0.03725.h5	24f6ffac1b01b9a9d2bee40492e80a31
torus.out0.03726.h5	e084b7a649e74480b279a6220e262940
torus.out0.03727.h5	5dd2f9b226a7c8f37b0ec6b9428d81df
torus.out0.03728.h5	2554ac5f4e46dfa60ac42b690547b81d
torus.out0.03729.h5	cd6f6111c2422bf4b7a08634b9c21650
torus.out0.03730.h5	77af27f77dd20ff9ac30f88a06993785
torus.out0.03731.h5	c2f701ca2fa1eca47b1ed5e25d7ca5eb
torus.out0.03732.h5	ea5d3244148c88a47d38acee11a0c91b
torus.out0.03733.h5	a1a5e90ff2f5dfd4b79eb2db0203ee63
torus.out0.03734.h5	d582d919520d3c307f13714686dff2ad
torus.out0.03735.h5	34e0ad9d7501b00df2a46e850cab6d69
torus.out0.03736.h5	9a69470844773869569f919f6a82f7b4
torus.out0.03737.h5	178a8faafe19a231d3009f6bfdcf2f73
torus.out0.03738.h5	680e0cf8f2ec02f6c74466d526fc3a84
torus.out0.03739.h5	a8227815944cc402f58edd527e45634b
torus.out0.03740.h5	35cb15a03d7a561e009b8843265b46d4
torus.out0.03741.h5	6e8b6e44be1af57ffe70dd1f0c30d1c9
torus.out0.03742.h5	99d18cedfb06628ce1be14ee2fc3be67
torus.out0.03743.h5	53cc8bf1dd4db92918eafc470f8336d7
torus.out0.03744.h5	42e8d215c20706341b013429c3285473
torus.out0.03745.h5	532327c786277d89b8936259eeee4101
torus.out0.03746.h5	f7dc678309cd956e7ef3e2edd811573d
torus.out0.03747.h5	ba14640aef8fe907529853cf4b95b55e
torus.out0.03748.h5	da9258efe16deb618881966bada8862d
torus.out0.03749.h5	cfc2f22d8b72ee162645d4331911aabc
torus.out0.03750.h5	389e2489ffb7ebad4c7799fd0a0e3ad1
torus.out0.03751.h5	b9fec307f09009d6ff8298b6c7e5b689
torus.out0.03752.h5	6806914839616ac2238eeceef37dd9ab
torus.out0.03753.h5	a4b510323a00a3e5beaee14d437a5171
torus.out0.03754.h5	d9497f3bcb3f9fa01e759a4ef328a86d
torus.out0.03755.h5	65a7c278150fc6c2d0a08ecc39e2fb29
torus.out0.03756.h5	2544de4f8f09bdaa03b7eddc4ada1822
torus.out0.03757.h5	4949033d3249c0e813418ae79710b146
torus.out0.03758.h5	afcce1af89928f7cbb89563660a61722
torus.out0.03759.h5	3b5341d522897d85c1fb17f813a47d5b
torus.out0.03760.h5	084c6051839b20c923395183d2a870ba
torus.out0.03761.h5	8d9a728075b8008fdcc0a0f71003be7c
torus.out0.03762.h5	2db681a2d57c7c8977a11462a885e2ae
torus.out0.03763.h5	f5186f059bf9a1ed538f4ecfef2556ca
torus.out0.03764.h5	206ac24c49d0f285d1d9f34526f8c4a0
torus.out0.03765.h5	fd02f990226f509cea28f633821de6f7
torus.out0.03766.h5	014306ce9ec6f871b286704fd7a07060
torus.out0.03767.h5	e43388d732530f68d7981b0ecbb5615d
torus.out0.03768.h5	ff5bea0fd65cca737d9eacaefb1cbf16
torus.out0.03769.h5	d37ddf19497ffb246cd0c97d0281904c
torus.out0.03770.h5	0ca1728d4bf3cb32b24c379e2d1bbed3
torus.out0.03771.h5	c501417030611cff6871aade7fcea776
torus.out0.03772.h5	3908837c399dac1e24d05a1807a2ab64
torus.out0.03773.h5	af4795d4a3701be1e964eb7046517dc5
torus.out0.03774.h5	e5e9cc143dd7df542574e77f1c4c62f9
torus.out0.03775.h5	483b7481a51d253bce23f08d34b530c3
torus.out0.03776.h5	98e891b0669434fdf5ba9367bdca964f
torus.out0.03777.h5	2cce8ce8db58c1cec080ebbaf1c5604a
torus.out0.03778.h5	d7dca034031109fa9256af78c2d2a557
torus.out0.03779.h5	3e4df9244d8e680863116cf2088eb038
torus.out0.03780.h5	79f5768036348d89a8292022774dc446
torus.out0.03781.h5	076e10e5f5dc6121527773dc8232cef9
torus.out0.03782.h5	73ae54ba514f7e519feb2eb792764505
torus.out0.03783.h5	92ae226b3f65aba35792b7c2b2a36a60
torus.out0.03784.h5	89157458ab503c3cd3d580a17d4d6e39
torus.out0.03785.h5	4b10dbc2c18bd8f23eac2e60e14456b5
torus.out0.03786.h5	b19db84cf9e8433a7bf5957e9cde4d54
torus.out0.03787.h5	2efaa52a9e8a8d460eade69a0b4a2411
torus.out0.03788.h5	8c44559e870f1e257ccb0d5120572262
torus.out0.03789.h5	1975c7594e2c6287597d611cb9af5551
torus.out0.03790.h5	89f3478b1c3873fea6b62205671d3af8
torus.out0.03791.h5	d9cd57ed2d9493dcc8a8e684d88e7b8d
torus.out0.03792.h5	60676e6ec961c42e6111e66bf7ab0902
torus.out0.03793.h5	36abcad242c139faa4e6b9e138690088
torus.out0.03794.h5	90c47a54bfa99ca6765d48d417bf734e
torus.out0.03795.h5	a708491988eee23c890fd8f93c25ffc4
torus.out0.03796.h5	6e767aeb9b6fbde4602a59a87d5b2da6
torus.out0.03797.h5	ba8049b57ea97086c2fde0d2c2d319ab
torus.out0.03798.h5	885630ae48ee97bb23fb10202140aa8b
torus.out0.03799.h5	062fd0f6a1ae171e200bd24ff4ad3d44
torus.out0.03800.h5	464584f22ade04ea85e88af74a6f4737
torus.out0.03801.h5	77f785a79d2a2c7e0dc1959cb3c39fde
torus.out0.03802.h5	aa7dc19312507b05ba7383b3d92b7541
torus.out0.03803.h5	333c4e42d7d07f97219752afdb54d038
torus.out0.03804.h5	589311a1eb5d223c0587457712e00909
torus.out0.03805.h5	5946b66a70f7155c58ae04778a230bd0
torus.out0.03806.h5	8955262fe94ba44d42a1ea9b8d899a14
torus.out0.03807.h5	2ea812cd4950cb4a9d14b75dbce48764
torus.out0.03808.h5	f4d9dd9c5c87aed8f4f0142721a09282
torus.out0.03809.h5	75e4b814412381e9c829bf228612bfc7
torus.out0.03810.h5	ebb8714eda5d21124b2cdec9ee1da215
torus.out0.03811.h5	10c460addc8496091372e5142af7a767
torus.out0.03812.h5	a45b2c547f396f45655ff0555b905a53
torus.out0.03813.h5	952150bbbf07acf14d53986400d075ae
torus.out0.03814.h5	daad3efa46bd96cfb8a4c391a10b9c13
torus.out0.03815.h5	28e5b8eec3462118ba4ea946574c9c8b
torus.out0.03816.h5	ba14c434682f7d9a6cf739b8a8880d9c
torus.out0.03817.h5	c0a72640b4741e6f59f1fae0c9b74938
torus.out0.03818.h5	05215644529baf190c9b3b7f0eddcd47
torus.out0.03819.h5	2bc6be99f79b80e8ce13ec80cb996ef7
torus.out0.03820.h5	d913acd756436720b6343aa80398fa19
torus.out0.03821.h5	a7653257299b6df298f0dee8542efc72
torus.out0.03822.h5	22ae2e9eb6ec71b82e508886a7a74b6e
torus.out0.03823.h5	9c837fdd1cd6bd87da1fc27e084e90c9
torus.out0.03824.h5	6a7157bacd2b596e2893c2c8f592be05
torus.out0.03825.h5	17c1dcdb5a002807adfc7323841d7e11
torus.out0.03826.h5	63b89dcef92af02e5d0f008fcf7cadfb
torus.out0.03827.h5	94ee47cb8dcf0469575af7c9ef6d1412
torus.out0.03828.h5	4ee1d112b1630138e845f4d53f14efb0
torus.out0.03829.h5	5737751b9227f10ab632c7c23cb2757f
torus.out0.03830.h5	6a7f6827ad594a72c0381933a894bafa
torus.out0.03831.h5	f2e460e004667a12c312dcd61490cd7c
torus.out0.03832.h5	0d70b28d4999c76ea9dbb0b975b62b19
torus.out0.03833.h5	bd14f6b1c979c2359940bba33908edef
torus.out0.03834.h5	2330d9b9938d787c9d9af58552b287f0
torus.out0.03835.h5	6f4acc3d57596169bb46cfcf05367211
torus.out0.03836.h5	1c15f9af363ce29805469b9f0319c773
torus.out0.03837.h5	7799d5fdfa208a4357c349a0a69703dc
torus.out0.03838.h5	729846159a0467f2b65e373c96e59a28
torus.out0.03839.h5	d9e684c7dc86ad998048ed1c3db5feda
torus.out0.03840.h5	89fd0568c2c5292fd7038efe4f849815
torus.out0.03841.h5	55a7ec1137e28c958375bd724afaa6c1
torus.out0.03842.h5	3d52aff3f6a1e89149ca8f1ec9a4805c
torus.out0.03843.h5	e98428590e15f165623a76f2a11af383
torus.out0.03844.h5	494852753146be03c261d21be5bed4d5
torus.out0.03845.h5	b712a567e49b845cfab06fd20e46e97f
torus.out0.03846.h5	d7f09c99880332e1444cfc2e4a6df10a
torus.out0.03847.h5	ec05cee0fa4c68eb5eab9ae612843509
torus.out0.03848.h5	5240aad903b2c644f07a7ac6d320b3a5
torus.out0.03849.h5	1909a0dc5c7ad3d298bcfb4c079ec2e7
torus.out0.03850.h5	73015752dec7443efa833eb5d7318cb8
torus.out0.03851.h5	2ce1079bfcd2d3d4e8d1532767c2058c
torus.out0.03852.h5	a0fcfa4bad7ac9eb3b84f9736e6052c9
torus.out0.03853.h5	a35cf386c1615e27dd6d3e8f853786f0
torus.out0.03854.h5	4c7f3a4a446fe05094288a1d1c0d965a
torus.out0.03855.h5	b2bbfd073feccd1cdf9f7a5dfd4cf13f
torus.out0.03856.h5	2aba8f1fdc2ca898b4d1a6bf4802e5e0
torus.out0.03857.h5	eef80ce1d18b085e045edec88c654c50
torus.out0.03858.h5	8501c156fd05cee8041c33cc2ecbc6d0
torus.out0.03859.h5	69f73b2aae4381d025b92687361aaa01
torus.out0.03860.h5	d8f804d075a485a55d706ec5c4ac2458
torus.out0.03861.h5	607ab7cce79043ec977e5acf30f32295
torus.out0.03862.h5	0279982caffe451795f1ffb51d5eaea1
torus.out0.03863.h5	34b67c764988ad3cc121cc43e0bbb683
torus.out0.03864.h5	9c4b1c759946048e899c6e1eefdfaccd
torus.out0.03865.h5	1b54322e1a1f08330648cfa59779a9f5
torus.out0.03866.h5	c327413b5d13e8c28217b7caff2bc0a9
torus.out0.03867.h5	cec53554c1997fdb8d3b4ebdd79e4d3f
torus.out0.03868.h5	eb3693235a5d9ce8e04da384d8fb8c1d
torus.out0.03869.h5	d540f91c02975fff3a77e19325e2c08a
torus.out0.03870.h5	1518f1e812c726ab652a7a411df6c8d3
torus.out0.03871.h5	075bd639500d4b3bca32787f438bcffb
torus.out0.03872.h5	2d39e1d2a36c490a100bc30232bcbe01
torus.out0.03873.h5	ace539b7e637a9988c313439cfe9573b
torus.out0.03874.h5	841d1293e98cde8f2361c040fa7808d2
torus.out0.03875.h5	b4535c4d17f09de0e9909c49cde58952
torus.out0.03876.h5	bb28b0285f3c10758b197139183e8e8c
torus.out0.03877.h5	2dd8cc1d011c58714dad1f1fb0437476
torus.out0.03878.h5	0332326ca1a97d8c07f3dbe602e16bbe
torus.out0.03879.h5	b807723feb141e3742cd0478720ebcc8
torus.out0.03880.h5	7f1228bdec66669668f6916bf29a608a
torus.out0.03881.h5	56af147a3b959017d2ed82781c705239
torus.out0.03882.h5	66052c2904928533285414cf83ab86be
torus.out0.03883.h5	564a3456e76b85235de2f44f89c4d5fe
torus.out0.03884.h5	fc9cf3324337a21522a5b0f4a03a587e
torus.out0.03885.h5	d834f5bd7469307b7eabfe2924674409
torus.out0.03886.h5	ba3d26a2567b48edeb06a801d9d4f149
torus.out0.03887.h5	b62010511c6d84e96b2872d3b5344747
torus.out0.03888.h5	eae70a7138615b66f0f3696f54fff746
torus.out0.03889.h5	9c1991c439f21d70cd7323cb77e8145e
torus.out0.03890.h5	474f08be1ac55ac5ba68100a2c971ab4
torus.out0.03891.h5	5fc0c986189a2046a6c655dbbbc85cb1
torus.out0.03892.h5	8e791116bef3906593fa8859723cab06
torus.out0.03893.h5	33c576c7026e40ce54745253fb7443d9
torus.out0.03894.h5	6ccb1a850448d3bae4b56ba18378c77b
torus.out0.03895.h5	c3fbc0d0e34e9eecf917fc737d30dd57
torus.out0.03896.h5	7752387e4c33d980a714533533e56c22
torus.out0.03897.h5	08ac816395b4c51cc84ab4811b250c71
torus.out0.03898.h5	be23840b4187f72f2e1e0b1da7399356
torus.out0.03899.h5	9c7b054eed65e3d74d6595960004cc09
torus.out0.03900.h5	784501a88262dfc4166795304dc52f27
torus.out0.03901.h5	ce33d81d82e94dc9fb3d7e024f0f3984
torus.out0.03902.h5	b8a543ed74682138c792548b48b4196f
torus.out0.03903.h5	de37e73ce461790194d9e797090b7350
torus.out0.03904.h5	e45da4e183579fe737261f214293dcfd
torus.out0.03905.h5	1cc78389291f3e7a03a5c4c9b65069ba
torus.out0.03906.h5	630afe9a1916d769cef9f0286e55c8d9
torus.out0.03907.h5	c1ce7e0f347e11110fce70de6c0f711f
torus.out0.03908.h5	1251395c19b63c8930028fc6376b241c
torus.out0.03909.h5	c8470cfdfd0951174d7455ffd8ce01f1
torus.out0.03910.h5	8a39e6d6054db9f64fcc5c739b589a3a
torus.out0.03911.h5	0c77fae6b9d6b841ce9c201222c0f11a
torus.out0.03912.h5	d60d508904b0c00e8250e0a5e8766655
torus.out0.03913.h5	e7edfee6713b01f78e798522591cd535
torus.out0.03914.h5	fcaaf3f6cd9ba31b9d3cb5c1f0aefec2
torus.out0.03915.h5	98867730884d5c5ec4758c5773076d48
torus.out0.03916.h5	331bbb73c343fd8d8e75331512d1b232
torus.out0.03917.h5	00b1dbe892b0e982b8c541851269e184
torus.out0.03918.h5	2c62bdefead5e9aa3ae794d53e3925c8
torus.out0.03919.h5	d6c94912c168de27e17c971f8e3deaed
torus.out0.03920.h5	ead439f67ad57698aee5723339416847
torus.out0.03921.h5	078f6225d8b7ef863198fd730b74bda2
torus.out0.03922.h5	16b01e3a39831b1fae136c7c005cfac4
torus.out0.03923.h5	4b1d9732bb7e9f67b5bcf0ce50763b8d
torus.out0.03924.h5	5d71cb668029a8ed5968af354ccae009
torus.out0.03925.h5	ad1bc0e38c1e727502b419984d8f736c
torus.out0.03926.h5	959ff977139c34eae3521e801b62eaf5
torus.out0.03927.h5	5e8773fa153f5466bc14a7d4d9b4f338
torus.out0.03928.h5	6aa3d02baf86283dbc9b6cc337425a51
torus.out0.03929.h5	83ae1655f635ebad13ecaf455e2b6a7c
torus.out0.03930.h5	5d820af78536e363d8ff7a85ccbd8ab5
torus.out0.03931.h5	7adaeaff816963ff4f470fba378d3fef
torus.out0.03932.h5	c465072c4503de7ec9dad3551fa5f701
torus.out0.03933.h5	50576ad76403d69867b534a8a93d63ff
torus.out0.03934.h5	d1fabcea3ca6862d777cdb3b920a45bf
torus.out0.03935.h5	e1cb23844d67fdcbdb0eec922d39e3a9
torus.out0.03936.h5	fb81690d0a03b4776e55925f3615e1c5
torus.out0.03937.h5	94a1f29440f6819817f9560c9d960667
torus.out0.03938.h5	d28111f93a419bb7b777c371bf86931c
torus.out0.03939.h5	f95e07753f8d46848736ff3d10c70200
torus.out0.03940.h5	2aa07900b2f8d0316992a7b5a184979e
torus.out0.03941.h5	ac2ad1b57157644843d795851db54db8
torus.out0.03942.h5	43421cb7433181c2faaf4c6b2cc1b89c
torus.out0.03943.h5	2a59dba6dc0d05ecf6281749e10e98df
torus.out0.03944.h5	a7ff6ade73ce2362e45364f4f7c53b36
torus.out0.03945.h5	e16ce76e42c4e6648fb9e19f59c569cb
torus.out0.03946.h5	b48a9da8ef86c66dc54307be6ee293f9
torus.out0.03947.h5	e7e19e71c9e065f1d7d6e757b6d7f5d1
torus.out0.03948.h5	546f5f07a3cf741999c1e4642f49afa4
torus.out0.03949.h5	0b9571c5a9e9e967fe4ab48d0169699d
torus.out0.03950.h5	49222a67ab17828eb581a5191be1841b
torus.out0.03951.h5	479a736a7d9c5b8afac18624448fcfcf
torus.out0.03952.h5	9c0f4160dfb3c84bb06f696f4b7258bb
torus.out0.03953.h5	a8295cd10a514fac15514f95f4684740
torus.out0.03954.h5	606787c27e7aeedc31d1dbfb8f5412e9
torus.out0.03955.h5	8ec6538ea27693a584525b20120e3180
torus.out0.03956.h5	f7dc57e7f9057605bed78b6acf56caa7
torus.out0.03957.h5	e48d557ff77ebd300354933d04c98dcf
torus.out0.03958.h5	50b103095554e131cf11ad178feea964
torus.out0.03959.h5	c21c98a8edf56fc1636075948339d35a
torus.out0.03960.h5	dbe23e6e68c1746a200c477e987a099c
torus.out0.03961.h5	bff3f0c603c02885d74dc8346cd12d15
torus.out0.03962.h5	799df17843a32769de389a80b486ee9a
torus.out0.03963.h5	46b330eb6a019cced6ccb6b6637b7ff0
torus.out0.03964.h5	87f3c134cfcbaee83b9ad6440a820c4a
torus.out0.03965.h5	a98e3c4a944bd32465f5c84998006ef3
torus.out0.03966.h5	dbe4009f50c65dc953219775b160011a
torus.out0.03967.h5	f9886734c3e90383e4c226751960eafb
torus.out0.03968.h5	0c600c4758d89a54de8ec5423bde6565
torus.out0.03969.h5	fde0e9380632405ad1583f2d47fc272e
torus.out0.03970.h5	e41a1f65db885f6fa9c3b799bef8be18
torus.out0.03971.h5	d885a21f4244ebf6f64df878b6ce9e80
torus.out0.03972.h5	a19aee6f07f89b1125152de0e7e5d13e
torus.out0.03973.h5	a945aeef1cf4d0ec6a4995823ce32862
torus.out0.03974.h5	6facc5e9e0709cac8bffd5257c605b8b
torus.out0.03975.h5	48b44e1e8436062c30494df29de4ea0e
torus.out0.03976.h5	2bd1e80dfefd5c776a3b5ec31c547827
torus.out0.03977.h5	7a53bd0b1f6b2227b9c464206b67d70e
torus.out0.03978.h5	d3c58f597865247b5498793bdcb5a0b5
torus.out0.03979.h5	b106f5ac72eb5366316bc970472612d6
torus.out0.03980.h5	4656fc3b381e0c5222493c68c756aa5c
torus.out0.03981.h5	5ecdd8c790fb74da81b4ba967b0ff2df
torus.out0.03982.h5	c0ac55c6f2bf9186ce88dd02226db7c3
torus.out0.03983.h5	9cebd09ac85150e33783464f6ab90024
torus.out0.03984.h5	653919f06fb2a621b9dfd9d735e210f9
torus.out0.03985.h5	caf78d3fba255be9e6092871d4e939f4
torus.out0.03986.h5	7e1353a0550bef1b2278b08811d0ee87
torus.out0.03987.h5	4ad471989376acf3b1454ac600e4e7d8
torus.out0.03988.h5	5cd405549e48192b8f7d7f1f401cd429
torus.out0.03989.h5	ccfc71b0f9b044fd6f5db3846489b364
torus.out0.03990.h5	13f3d2e417419d2ae0dd004181e4a2ad
torus.out0.03991.h5	4fe4cb46d2fae85960dde878ec44454d
torus.out0.03992.h5	d6709b13f0517b0407fa139f1aa67b4b
torus.out0.03993.h5	20768a07db9a0d07632e0b6d8af5e699
torus.out0.03994.h5	351b4a68b9a4cdab6daa1673f9fab6b3
torus.out0.03995.h5	3eb5b9ac4fd519eeef878d3d41f6aedb
torus.out0.03996.h5	5bb01aba3c8385741f01debffceb07f3
torus.out0.03997.h5	8fd1efffaba04f5c1c03b30bbb453560
torus.out0.03998.h5	3ba552134c8319320ec0949fa4c87604
torus.out0.03999.h5	4e70a6f9dc3eb4d685f518276893c451
