torus.out0.01000.h5	ea4e71a53d15c0cb32ed121299ea3465
torus.out0.01001.h5	a80ef953b9dcb90f3776be75239dd381
torus.out0.01002.h5	ffbd638b20f98fc48066faf8afae72ed
torus.out0.01003.h5	521a675358fc6c3ffad3b809cdf00e1c
torus.out0.01004.h5	ab98621b75a6a5ff0e218a0e871ae9d2
torus.out0.01005.h5	23d2ddc9146247ab5c5a74e1a9b450b8
torus.out0.01006.h5	fdda08b1fee468df2069ef885f726439
torus.out0.01007.h5	2d19df468b4a894998733c969ce189d3
torus.out0.01008.h5	3ca6eef55db362848fc47fb67ffcfed9
torus.out0.01009.h5	a19df1b860ff2c5a9c03475985557cfc
torus.out0.01010.h5	4a8ef7b44e0a02a6e1673619d5690cfd
torus.out0.01011.h5	9d39534298c178eafe8b3b0b005eacbd
torus.out0.01012.h5	3acd2087b0a37a8195dfe825f04a7a6a
torus.out0.01013.h5	f04365b1c00ff7808a269a6bde5b84e9
torus.out0.01014.h5	4ebe4667395fdd7eca0907d60de4f241
torus.out0.01015.h5	500c0566b395730a2b51b0493123c98e
torus.out0.01016.h5	91a840d817afe7a2ceaeb0d133dd8393
torus.out0.01017.h5	e5a861efd5bc119f3ef8ac9e94ce4a70
torus.out0.01018.h5	85e49e70fdcb2fd1adb62c970c503219
torus.out0.01019.h5	b13f924bc50728188ed7cb0d08796e33
torus.out0.01020.h5	86d5c6fb25e6857ed9fe01d2cb2e83be
torus.out0.01021.h5	026a44cbde1a53839a9cc6c4f6a77d1a
torus.out0.01022.h5	760b60f2dc3f4676a55e8bdf37719770
torus.out0.01023.h5	8ece3d742b68bf46d1cbbe97b68d67b0
torus.out0.01024.h5	89b8531d8124b813240527e46ea93528
torus.out0.01025.h5	be15315027c5db2080d33124bd068d07
torus.out0.01026.h5	17a36888df41714c51dde883db879ef6
torus.out0.01027.h5	b2de4df47f575b69541f8666a389fcf3
torus.out0.01028.h5	46738478a80148efa61a888a64315329
torus.out0.01029.h5	8d7717de5d2739bfa67225108352e8f8
torus.out0.01030.h5	63b15c54252bc08d2a3c5f689b31c3e2
torus.out0.01031.h5	445001e794fa0725255afe7a7fb41711
torus.out0.01032.h5	78652a5ca485d9274dddc4e1ac09d9e4
torus.out0.01033.h5	dc924b19180187d7215f1efe839b241e
torus.out0.01034.h5	16a61da0f1b14ce086598af9168d9cee
torus.out0.01035.h5	d9090df080a690e81669fc952e63ccad
torus.out0.01036.h5	d69bfe48d1d4585a2255c0f51cbf16f6
torus.out0.01037.h5	795739f2ac1e019b7bce79da5bfed723
torus.out0.01038.h5	50c76282266b8d444e6857a73319b37d
torus.out0.01039.h5	77a16d72c1e8e7a334adb304841194ac
torus.out0.01040.h5	920bb953aede7b6df67fe53b11b11013
torus.out0.01041.h5	4b8190bcf7631478b9f487562670e65b
torus.out0.01042.h5	0bcf43446b10d840b1ea2b07865728ad
torus.out0.01043.h5	770d501e4684228a1d076919c355c633
torus.out0.01044.h5	95667a334a97596da7677e2bf76114e9
torus.out0.01045.h5	3334b5a76c56abb562fd164c562e3102
torus.out0.01046.h5	c2695f82ef13d9109606527e36f8a990
torus.out0.01047.h5	75e5a8e7aed5e74c687d1b54b6a8012a
torus.out0.01048.h5	d68dd6cff1371dc8f8150270aced82ff
torus.out0.01049.h5	9a49846446cec1682275a7600661b8b3
torus.out0.01050.h5	d544bb400aaf3cb791afb1bfcc84f5be
torus.out0.01051.h5	f6affa4018714c569786e862cfe989d2
torus.out0.01052.h5	d47bd04fb5ec7835512b54567ba8f4d2
torus.out0.01053.h5	88d90f4dd67241bcd47e4dce66d9cd76
torus.out0.01054.h5	e28126102a6dc4d9b9cc31831b1f0902
torus.out0.01055.h5	1689f638ad1512d3525f9c0b41a7fea9
torus.out0.01056.h5	0e5efb8b46ddd20e721cd0b15c65af1e
torus.out0.01057.h5	f2e9710a64b268b411e0e93deaffcac9
torus.out0.01058.h5	5b337b02af8544d57ef9f4b7dd0bc24a
torus.out0.01059.h5	5743b255c1cb34e61733d8120af0ba96
torus.out0.01060.h5	64a1bb6eea7b46421fa4063cc935fe84
torus.out0.01061.h5	7e0b80d570a8a42e90ad3655dc33a373
torus.out0.01062.h5	55c5afd00de2d709caff807d64617a93
torus.out0.01063.h5	f0309559f37f107a11a97009937ae33a
torus.out0.01064.h5	bd315c9a71ead39b0bf2907c980405c5
torus.out0.01065.h5	f688dac6c043816eb56429da161cfaea
torus.out0.01066.h5	06545404136d499d5ce9f47f013ddfc9
torus.out0.01067.h5	7a58673063fbaaeab5d5d79a50ecc0b7
torus.out0.01068.h5	e0f6f0c472c771b64358b3bcfa9a2a79
torus.out0.01069.h5	862dcc086c8f193b7f60a553706c2ab9
torus.out0.01070.h5	152dab618441d97006f0492fc091c27a
torus.out0.01071.h5	42037d4101edbf970344d86405ae6e3e
torus.out0.01072.h5	59118520908a25c4355dbc38dd68ff5b
torus.out0.01073.h5	645581134a99ccece54bf8f88dd88666
torus.out0.01074.h5	6fea14ca36b06176a3cd71c70f853289
torus.out0.01075.h5	f6b5ede38d361faf9a71e740e699ae61
torus.out0.01076.h5	59d0fdedbef587098e7bb4b02bbb5436
torus.out0.01077.h5	2cd3ef7fac67c11666129fb251138486
torus.out0.01078.h5	35630cbe0c03ecfe5353ca5c6fa0ee84
torus.out0.01079.h5	c1a4311f2b624d7922febf1ea29f69f9
torus.out0.01080.h5	de8d8ba8d3efc54a34fd6bb6332ac1e9
torus.out0.01081.h5	85fc8fc57b212b4c105ba540e5760a13
torus.out0.01082.h5	41c5e02eed34dec3eea4effc67ba82cc
torus.out0.01083.h5	0072b986086d4bcd330f98124b2aaad7
torus.out0.01084.h5	71d17ffc136e75bdfb9ee26e77d3f1b1
torus.out0.01085.h5	6e7445521f99db9a2d3058442e592e95
torus.out0.01086.h5	f37fb5468c27655f11531ae4302dda47
torus.out0.01087.h5	ced1031447937dad5e801f324e10e86e
torus.out0.01088.h5	435e3e7009c2f720efbeae4247d0fe1e
torus.out0.01089.h5	27dc6312f1c65851eb012e422d7ef23c
torus.out0.01090.h5	0dcec41236c820eb3974dceebb5b8840
torus.out0.01091.h5	02cc65847750a9d41c52ae9c0abdaa3e
torus.out0.01092.h5	dbd06f8b2dbb18750a2003df1a309d21
torus.out0.01093.h5	109b77409c80642fa6eadb34c5f7b5f4
torus.out0.01094.h5	bc237167bbe41f062112bfa526aced4a
torus.out0.01095.h5	65c2748d49ae89da179593edd7c6756b
torus.out0.01096.h5	805927dfdd8d0a6861c8422cb96e6900
torus.out0.01097.h5	9ae7e1d81527ecf8293416101ecefb33
torus.out0.01098.h5	1d3763d0422f3f0f0bf1c776cd38168c
torus.out0.01099.h5	4304377a486cfc1885b6224986c4f1d6
torus.out0.01100.h5	c470cb9e5ec11de92b2725a2bb180db4
torus.out0.01101.h5	c27fafaf1404cb7ee80687b7c32a1167
torus.out0.01102.h5	df7f82c93fdaa67cfbef7e4c3016dcc5
torus.out0.01103.h5	e422636b85755c8fb0b84887db43680c
torus.out0.01104.h5	0f328f45832dfa7f386187f6ca6327a8
torus.out0.01105.h5	5ecd2e95bb2eedaf9bbab8565ed71e5e
torus.out0.01106.h5	f754808cd95ca837092f5b983476b141
torus.out0.01107.h5	38004395db4baafeb44480bd0ccc8ab3
torus.out0.01108.h5	1cb4104c308a5cde42d2cb61bbc139ba
torus.out0.01109.h5	ebf60be9291a3fc44233c6e2bee8ee42
torus.out0.01110.h5	9c4e6b9d66af443d97ed733e5884315c
torus.out0.01111.h5	3bb9df4772000b0414f2b81700845d83
torus.out0.01112.h5	54f1bf3a62e894a0e7066b48391d7a50
torus.out0.01113.h5	592467e30363158be7e3f37a363f22a3
torus.out0.01114.h5	c9cdd83595d01256c5e26f92a390c241
torus.out0.01115.h5	c788811cbbbc9ec91665a46bb3dbf895
torus.out0.01116.h5	539d1581cae01081f9713dc184a9becc
torus.out0.01117.h5	76acf79b8203837efe93d8c6b5a2f74b
torus.out0.01118.h5	43932092ba8307290df251a0ca48f58b
torus.out0.01119.h5	0eeab41871994ea875a8156d725ba47d
torus.out0.01120.h5	d1c74018804915af09e6244474457b2d
torus.out0.01121.h5	c556fe95adb6269127739acb137d1cb2
torus.out0.01122.h5	c40c5abb045180f8c645e6bd8cd0248d
torus.out0.01123.h5	4f877553344a2794a8960306a79eec37
torus.out0.01124.h5	6b8f47707950006b47a2c6a6e5f994d5
torus.out0.01125.h5	44c91777028e1394a591804d7c026d92
torus.out0.01126.h5	6f7cf42be1ab3797ef39b6fcf79880bf
torus.out0.01127.h5	bd08dfa2a75054c029afae817a3ff3a4
torus.out0.01128.h5	705822fd9d3c44df1c5bbbc030c0b899
torus.out0.01129.h5	650e099a8adc7885b8a3b2b028aa14f6
torus.out0.01130.h5	1b6ee57bc23cb5178d39cf5353b2673e
torus.out0.01131.h5	6ab022c1b16911632c66be011a15dd1d
torus.out0.01132.h5	29ca20eacdb681d3c1aafb10893123b4
torus.out0.01133.h5	4e3ec4e78c80dd59d059e05c7f4b6817
torus.out0.01134.h5	0a74da5f5a35af7d5dbd141cd63838a5
torus.out0.01135.h5	9176e01ad8f11b136221329d4b3e9302
torus.out0.01136.h5	4b5f92092f46fe4fe760c3212cdccf92
torus.out0.01137.h5	1c95dc4b623ab3c5ffae00b0ef074782
torus.out0.01138.h5	5e1a5d1d0077e0ac45282c1e6148d193
torus.out0.01139.h5	57b1fd25201cd3a42535c6cfa825d3e0
torus.out0.01140.h5	c78e2e316e6723c489dc3ebdbaa6188a
torus.out0.01141.h5	c0ef972938327c3435deb96afc0671dd
torus.out0.01142.h5	7f458df8c8aa14486bf6403d8da0461e
torus.out0.01143.h5	e28fdb722e64fb03425a8ced8e99887b
torus.out0.01144.h5	3c8822b52f2fae2d2918620b5e87455f
torus.out0.01145.h5	056fa496548a764bddb05a5efc0aa213
torus.out0.01146.h5	590935d3d3e53c4e212d9a933a0ed88e
torus.out0.01147.h5	3f2040d9769ce113a170fe51c98660ee
torus.out0.01148.h5	9367f13f1bf2702c08d9d1165aba3b43
torus.out0.01149.h5	8e3e0a81d2aa6dcda1a441556355dc81
torus.out0.01150.h5	da20b631bd2d3d54d2868970b5b4b36a
torus.out0.01151.h5	67ed5f1de5413b7758532e6ab146da1e
torus.out0.01152.h5	cebce45a949c8f8f6d4fe65c88d00916
torus.out0.01153.h5	1eae1b51434c8d2b8653fa57427a94e8
torus.out0.01154.h5	4fe97158e3f99cd666feb54a385fc17c
torus.out0.01155.h5	1e86fd46409453b31a444038d64772b3
torus.out0.01156.h5	39961cab420fb0b5e15a5609f2212435
torus.out0.01157.h5	07102c60cf5ed28a7b2a6c813e3b6f35
torus.out0.01158.h5	f79f47518ed7d17e956bc4dd8eae40d9
torus.out0.01159.h5	e5015f794fa90b26213866fa9c3d36dc
torus.out0.01160.h5	13ba836a0658904164b70252c2f5407d
torus.out0.01161.h5	bc9e7abdad813e4235bf51b7266ead6f
torus.out0.01162.h5	f5681cd5a94000569afa58fcd0c0c01c
torus.out0.01163.h5	b48e0ff66777a9fe1f81b649ee431ff6
torus.out0.01164.h5	be12a5e577bb65b7f70eb7d688940134
torus.out0.01165.h5	b49134b81a44996c9eaeff8d11e97d41
torus.out0.01166.h5	1352f6a739af9e715291c1f094b9c621
torus.out0.01167.h5	14d16c2a02847f1daa9af303eb645e41
torus.out0.01168.h5	d5306dc36bae93774ef733c6414c9a9f
torus.out0.01169.h5	5fe991af3cf8370d79a0d73fe62cbf01
torus.out0.01170.h5	6db3617b7ef577560f5d155757fae9b3
torus.out0.01171.h5	0208d351eb90c54db9749e36a519d0cd
torus.out0.01172.h5	059273ffdf5ba1e4c851599dc7f2245a
torus.out0.01173.h5	8dacb732d037ed8599c5bd3327c77233
torus.out0.01174.h5	314b3d52738c4f87769e6be5852b45d9
torus.out0.01175.h5	04b92ceced68ca4354e2849ca09ca2d4
torus.out0.01176.h5	b06b54bf8e1137a265ffcbb48a56fcde
torus.out0.01177.h5	f80f8a30b847cebdedf04862e4b12e49
torus.out0.01178.h5	2f9a5565439136e50ba74c81a734aa1d
torus.out0.01179.h5	2b7b8e86c05ce3c6118244c93494df8a
torus.out0.01180.h5	1e3ada4abb640fdad70b1dde47ee4179
torus.out0.01181.h5	eefb6eb59850672b973ac8837e5ed0cb
torus.out0.01182.h5	bc6d15062dd93a5f176d7575957f8c28
torus.out0.01183.h5	b8b58dd7416ac38efe395ceb81934f86
torus.out0.01184.h5	7bcb6c03a77e52f1c21081e84b73c5c3
torus.out0.01185.h5	b8744c73c9357cd9a1a80aa1680c47d4
torus.out0.01186.h5	ad55f215a8dfea9cab12f7b8611c754b
torus.out0.01187.h5	b98dd1434b2814056e770b6074ba3209
torus.out0.01188.h5	1871ac4eb864c78d451ba2b4168f60c3
torus.out0.01189.h5	9641389e634ec2adebbd29d1a2ea330e
torus.out0.01190.h5	d89ae0ee198101889d06877fe0cd76e4
torus.out0.01191.h5	2385c6cc5575bd76db50ba6620dbb1e4
torus.out0.01192.h5	f3fffeff407f2a3f0ddc59be671af151
torus.out0.01193.h5	123c9c4cd063336a42faab98ac0a7376
torus.out0.01194.h5	6f7360ffc633578ed655a22bbc8b32c9
torus.out0.01195.h5	316ef4928da7a7098830f88ffbcf71fb
torus.out0.01196.h5	a8dd656b1496a5a027be52f44029a4dc
torus.out0.01197.h5	1d4144d3162828e4a6b9352de5102c9f
torus.out0.01198.h5	a5099fae0dc0302016c4909db9ebc200
torus.out0.01199.h5	b418cf2682cb05891e9a7d2e5a7a8a13
torus.out0.01200.h5	c067ddd6df581ed99c00aa5bb97b8fd9
torus.out0.01201.h5	9de425dbdcf7b730c12af6cda114778f
torus.out0.01202.h5	958c3eef69098d0c5a0df44a0c77e8c7
torus.out0.01203.h5	da3e3fc9cf5801a007c8658ae1775a7e
torus.out0.01204.h5	ab56f57a142a8d120978b42385658b6d
torus.out0.01205.h5	d57524a26ec8bcd25902d3ffb33a98a4
torus.out0.01206.h5	ac2acc6a83b48513067debfca73f846d
torus.out0.01207.h5	8d46595f6b7e0d03db764da1050d33df
torus.out0.01208.h5	26d9f4e166c826cabcfc0dd5216983ed
torus.out0.01209.h5	315d3b1d9d31c707948fc66b53cc68f1
torus.out0.01210.h5	967688f461e89f43430e030e9b7a857e
torus.out0.01211.h5	9d16d56c278dfd40d33589b175e16c12
torus.out0.01212.h5	992189d62d3c809230f361ff11842baa
torus.out0.01213.h5	35e65cfc2c792c6d0ab6eb441dd96307
torus.out0.01214.h5	faa1209dd12202e38764c1a0a471ae6c
torus.out0.01215.h5	ce33c409a6a4231a66f3df855d2cfbb4
torus.out0.01216.h5	d5856776402ca8212e2c91bc31df1815
torus.out0.01217.h5	0f067ea0bc43da93307cbf99dbfa1998
torus.out0.01218.h5	2ecda957dfa2162cedaac6a835d4dd6a
torus.out0.01219.h5	8323e9d20d501ecf3b72467f71ce091c
torus.out0.01220.h5	50975278b1360db62b814d40a35b5e8d
torus.out0.01221.h5	8243da4a7e100213fa5c77ef9acfb015
torus.out0.01222.h5	9b4042cde25468cb3cb8a28e52e52e35
torus.out0.01223.h5	ecfa2c416da4820de0b0bd5591f9586f
torus.out0.01224.h5	64af5ca81eb1e3dab06e49096a52572d
torus.out0.01225.h5	d83ef0a7304a740838c6263aaabbcfea
torus.out0.01226.h5	d718f84401aff2f5929689cdcb3c58d2
torus.out0.01227.h5	58a6f604e79fe2c2291a13bfecfc6c77
torus.out0.01228.h5	68ab58d556158c1cb80d591456d24738
torus.out0.01229.h5	f36ce5b73293f21515391ba347a22c19
torus.out0.01230.h5	c045cfa0ee9ac00ee32feedd8fc16e15
torus.out0.01231.h5	197b06395327a3fd029a24513d01a32d
torus.out0.01232.h5	e6f70ebf9ed546126b352713be66555e
torus.out0.01233.h5	056fcfd126d597ef0e0eecf540ab7423
torus.out0.01234.h5	0798efb46d6e4f58e528ae1802da3598
torus.out0.01235.h5	ee206443fcd8d9762c2f5fe55d8b8baa
torus.out0.01236.h5	6607068946da4c53a445c71d51ea411f
torus.out0.01237.h5	4b189acc727136a3e4c6c251b6d68ca2
torus.out0.01238.h5	58f23414cdfd066aae435cd8c1f1b72b
torus.out0.01239.h5	dec46c019407ea8fed6b31d453c96afa
torus.out0.01240.h5	c5633dce34734a490b9858002b3e5fb1
torus.out0.01241.h5	5e8e48452fafe9bd459ac956ab46423e
torus.out0.01242.h5	ec57f011e5f4882ebe45acab8b8c5d2f
torus.out0.01243.h5	46356a705e607b140f48962c291a1ddc
torus.out0.01244.h5	ed53ac574163e468a4e700eed417a18b
torus.out0.01245.h5	08afe10bc3250266e9e24c9081d20bac
torus.out0.01246.h5	305fab986f7e727ee52893860004910c
torus.out0.01247.h5	1c253af6c5f36ce04a6f74ba0a643421
torus.out0.01248.h5	41cff4a7a0cfb403e29e95d1d98189fd
torus.out0.01249.h5	70f1e6c8c50bb214a7ee56a393d33be4
torus.out0.01250.h5	57d5ab4cde9d0b37a806f92b5549e238
torus.out0.01251.h5	cad308da9434ded48b9238b998320e63
torus.out0.01252.h5	440e6ad9a82b863a8cc2bd535489724d
torus.out0.01253.h5	ca3dc996cd537610c11ca503713be822
torus.out0.01254.h5	72c7a34ee29c471ba1fb79b0d913ef69
torus.out0.01255.h5	e80349fc918b158b498601a282268aca
torus.out0.01256.h5	9a380b979019d5e5919a29a64073c56b
torus.out0.01257.h5	bf4ff908906e05b9dac0758ca1a10c85
torus.out0.01258.h5	a5c50c635fdebadb49f83d75a4b6c7a9
torus.out0.01259.h5	5bb608b3821dc66603fe651f14c972ad
torus.out0.01260.h5	cf5fd15b7b0c5324c1d138b465d4d3fb
torus.out0.01261.h5	28e71b6aa08185ed0ebf3971ba730930
torus.out0.01262.h5	b3657d64a82c962b7e6a815be46a509e
torus.out0.01263.h5	413dee58c8264bdb36bee2506ea3a992
torus.out0.01264.h5	547f55e04a76e888d56e212ba2dec5e5
torus.out0.01265.h5	8e869a4764abb31ad1cc1ecf296e901d
torus.out0.01266.h5	72b8dc96071efd207410188aaa77e245
torus.out0.01267.h5	764c871bdde24d35d881b49fc9218cbf
torus.out0.01268.h5	ead09c5416117e7f4092f04ad9312dc4
torus.out0.01269.h5	ed7219bfa092379c19632ddc0cefa4df
torus.out0.01270.h5	200e54c269b081ff345afe5dbdc87d7d
torus.out0.01271.h5	9e6a20685dae476eff351c1d6efc01f1
torus.out0.01272.h5	294028b06458e2a721e8a60053a890d6
torus.out0.01273.h5	2b6b4222b2e99cc9d75b6102caf43d9c
torus.out0.01274.h5	37be3662b6f4dce13fb0191004f5fa6b
torus.out0.01275.h5	7d059c495745108a8e9002ce19420a61
torus.out0.01276.h5	ae9528d7cdf828c5d9b132623c0f95fc
torus.out0.01277.h5	250c1ec48623e70f0dabe67eb6b1ece3
torus.out0.01278.h5	9e25ac4bd29ee67047dbf493865743fd
torus.out0.01279.h5	2d301890a50a1ea72eb347ed7767edb9
torus.out0.01280.h5	9a7984fbbfb91155646b779266df2773
torus.out0.01281.h5	e41ef48d8f941466a906e1edc2e702b0
torus.out0.01282.h5	1c631d053e1c417a9171f429e4858edb
torus.out0.01283.h5	a65378463f0da6fdf1b148c7c687aef9
torus.out0.01284.h5	fe2aca15387de336bb7aaf0f5c1f76d2
torus.out0.01285.h5	fc125dac276ccd28a43538bf5c7f53d6
torus.out0.01286.h5	da5acb8f1e762c165e4142f08f66dd65
torus.out0.01287.h5	817daac64d6af5b2514efa58be4192b3
torus.out0.01288.h5	58de7741861a8dd216df99fac82f0c0a
torus.out0.01289.h5	7df75a99a73b322d0f2bc916648dc097
torus.out0.01290.h5	1a2d31a4fda92d47bb5b70bc6c517ed6
torus.out0.01291.h5	23cb2d45c2c0d027cadf3c0d1f269212
torus.out0.01292.h5	2ded105719e79b1fb6a01b2ab38c4260
torus.out0.01293.h5	2cfccd055c04359a38e3602ed357e9ba
torus.out0.01294.h5	07f4f322f92c285a07a936dd63b7cdf4
torus.out0.01295.h5	7e24f91171eafad1c60ffebedf3f997a
torus.out0.01296.h5	1abf9ea21b87b5c2b5255a82162dba51
torus.out0.01297.h5	9244e6d8c20d865cc11ac65f3bd1b58f
torus.out0.01298.h5	7001d83aa93f2b1ee3552d4188684ceb
torus.out0.01299.h5	5f778cf46457f16c11240bf18936e1b9
torus.out0.01300.h5	2690c2aaa7ad2a5d4cf4ee093dec6ffa
torus.out0.01301.h5	ba1ff0b38e52037461d0fd625c5f944f
torus.out0.01302.h5	ef3bc03589b163d2de03123468dc72ee
torus.out0.01303.h5	091e2110d5bbdb86d2505ddfe285f5c0
torus.out0.01304.h5	1c6ec20fe5b11ad8b07c1da7ba22a967
torus.out0.01305.h5	d4da261bec0178104c87e2c175d56760
torus.out0.01306.h5	849c99a5a9218047c81d39573c68f063
torus.out0.01307.h5	ec3b6c598cae40c28b78ae00791a164b
torus.out0.01308.h5	bfea739ddfc000e147ad4e633ed90553
torus.out0.01309.h5	624ead9d30997ef11149a9cc27d7f9d7
torus.out0.01310.h5	81124d84e0a6c1200cd3d1b580219602
torus.out0.01311.h5	a349e17676305a045dc9acd79db31482
torus.out0.01312.h5	1d3a9fa13c291021b510ffd5c6351d26
torus.out0.01313.h5	2605ee6aadab197a184404750c080e79
torus.out0.01314.h5	ec78d695e716fbee8758bce81ad0aa88
torus.out0.01315.h5	b1207d62d3cc2b4c747f4602d8212069
torus.out0.01316.h5	5b561fec520577a3738b01e1feddb234
torus.out0.01317.h5	6546fa4a5f27532b4a3d6292abc4d5ca
torus.out0.01318.h5	884349146eabb593f401b4ec960b83aa
torus.out0.01319.h5	080459191290ee58f33839d48051536d
torus.out0.01320.h5	3db2e3adbf3dbb6045f7ace4ea5c5671
torus.out0.01321.h5	e594e5c7eea08742f971d1111822e6ed
torus.out0.01322.h5	6263752dd081547e35b85175bf82208d
torus.out0.01323.h5	3400c3946e2e0817f4bcffe7ae9bbff9
torus.out0.01324.h5	ba4c1fe43d74d79d14cd306ae992a3f5
torus.out0.01325.h5	7fb115a36d3055416e5a6e455840cd55
torus.out0.01326.h5	cb9ba8ca881455827535d9343f943d00
torus.out0.01327.h5	e6626cd434abd6e4f3f0ca530c35d103
torus.out0.01328.h5	b6cb117d38f4807f7a2afd9752550169
torus.out0.01329.h5	776963611adcc3c2587f5c82870a41dc
torus.out0.01330.h5	4b51e1c875ae2fadc526fcdae503c7d6
torus.out0.01331.h5	be5db495811a13a4138f35920e29b33a
torus.out0.01332.h5	4f1d4634f55967882a34c53da86486d4
torus.out0.01333.h5	1b5065bf6ca622776536ae145bd81810
torus.out0.01334.h5	cee135c49a40bf62c3c7b876a0be127f
torus.out0.01335.h5	b4e7d2f6faf6d60f508caf22d8131537
torus.out0.01336.h5	5e37d876695a20164d52779713d858e2
torus.out0.01337.h5	65abf90ef8758098d8e025ea31e4a94a
torus.out0.01338.h5	dcf6d7580cb1bffd934a0ee0961c652b
torus.out0.01339.h5	ba81216d5cc91e62d659eed25b4af8de
torus.out0.01340.h5	f4054a245636c8794e5f1f23252ae825
torus.out0.01341.h5	e3caa4d1ccef75e969db639af7fde02f
torus.out0.01342.h5	564243722f447ec320927cf8a3f14f7a
torus.out0.01343.h5	bb45d49b66f44c521065be68ab56db13
torus.out0.01344.h5	0246ad4c4f39840f56e5108cf3e897e6
torus.out0.01345.h5	ee99b29e481ac89e780406827cc8563b
torus.out0.01346.h5	46fdd318a971bbf182d770d6b6930787
torus.out0.01347.h5	70933f38a48e6cd2814c2be6ccbeccba
torus.out0.01348.h5	730362ce854675cefea0e4de191a6484
torus.out0.01349.h5	ceb890af8d18ec5d840e6049196827f3
torus.out0.01350.h5	959afc6bae1155818e16530f8f096abd
torus.out0.01351.h5	40d6c5a884fbf58ed3a290b0a29af849
torus.out0.01352.h5	d8df3fedf3ea9ceb9bace78b12fc9d97
torus.out0.01353.h5	7ae13baa64d34202cf37054f7b93d069
torus.out0.01354.h5	04fb349dd1897dc473280fee7855881a
torus.out0.01355.h5	1a90bc02bba3cf4469d7f1ee0f1437d6
torus.out0.01356.h5	4076609da45b5bee349626b070fe10b8
torus.out0.01357.h5	a726b41a88b6ab2c0f6c68434c3f7ad6
torus.out0.01358.h5	4310de8e174c2dc4e8b2df8ad8076d01
torus.out0.01359.h5	e746c32277ea3582108264be85c9373c
torus.out0.01360.h5	fefcd33e0c193ec19ae262dcbbb8671b
torus.out0.01361.h5	b9a96431c9a7bd81eb12f38658d58a84
torus.out0.01362.h5	a2d9b2e59b253b1ee68b6bf3c86df213
torus.out0.01363.h5	da93ce4dde21aeee1f5f773e46e311b0
torus.out0.01364.h5	21d7a2d9c06e010251852952c29a9873
torus.out0.01365.h5	a20653a4fd5a80fa89aab3cbf85d6696
torus.out0.01366.h5	5cd6600bf3edeb1c8984712a8beea4a7
torus.out0.01367.h5	f521856d724e02e5a179c826500376c4
torus.out0.01368.h5	2da04dccb131e2064c8f69b66ef591e8
torus.out0.01369.h5	e8734a79d49fd9d9c73be823e4afad6a
torus.out0.01370.h5	d4d77172b1fbe6163a9ec3a525f423c0
torus.out0.01371.h5	af9cb6998f59261781e2fbef37d6d054
torus.out0.01372.h5	5c226d355cc53f10bcd7c706f1db4e8a
torus.out0.01373.h5	61b06b31dbcd47cfd69d948c44e94316
torus.out0.01374.h5	7c420d0578f1da056e84f510af3baacc
torus.out0.01375.h5	f4f945cfcb9e039955a9591197a0b5dd
torus.out0.01376.h5	20310abe61691e4d313ddaac45c3e9ff
torus.out0.01377.h5	bc1ec19fd60427e339e22e988bf572b2
torus.out0.01378.h5	f87554f8aae41106022f134ac64cdd85
torus.out0.01379.h5	40089808fcdf50a0f91d909e1afb8b54
torus.out0.01380.h5	d936453fcc7c302c4dcb7f5dd0ab765b
torus.out0.01381.h5	fed5da1a486fede6f2f192c663f45d2c
torus.out0.01382.h5	fcf747cb53b2e8c74b3f2f43ced49963
torus.out0.01383.h5	7e8203db19d31436e471fe39be87055d
torus.out0.01384.h5	e94174948b8017451ed4b03f68636ad6
torus.out0.01385.h5	9e55f3c29561f3ced91a31ff304f8da0
torus.out0.01386.h5	0e9ce0a7097d50d8541ad31201e9fa4c
torus.out0.01387.h5	d8f7b7c81805dd2733491e5bfbe49855
torus.out0.01388.h5	7525ba1cb28e1434fc96e67760fd8df3
torus.out0.01389.h5	fa38aabff1f1131aa4a91daf41edc716
torus.out0.01390.h5	1663c5e7735d639f423411397876d17a
torus.out0.01391.h5	63f85b6da4f006f77e2eb50369df77f9
torus.out0.01392.h5	dbdb8b8759e3a1956065c6b694ef058c
torus.out0.01393.h5	967296376a863bdbe70dd4aaa86b873b
torus.out0.01394.h5	e3fae77ffd86d40704036eecf0b3276a
torus.out0.01395.h5	a96ce799d8a65ba996c95be58ced99e9
torus.out0.01396.h5	733e1d2302fb30372b7056ebfbd097b3
torus.out0.01397.h5	7b5e80aeb24295896b4afcce006adb34
torus.out0.01398.h5	92f180e543daa149ec40cf4923186914
torus.out0.01399.h5	1efd449abafc457b9cad2fdbeb3d67b4
torus.out0.01400.h5	1fb207c50bf070884cacb1a83ceebd46
torus.out0.01401.h5	17595774f1dcca283065dd2c880e71ab
torus.out0.01402.h5	df710131bf6bac384a6e32101d07f198
torus.out0.01403.h5	a6f33676b09fbd0b851cba4a1c4d5f2d
torus.out0.01404.h5	04908a12b0a5bd508cf91ad6230598d7
torus.out0.01405.h5	01adf4e0c044d45f056b5f036cfa4363
torus.out0.01406.h5	f84a5d94ebeadfd116f7edc7f51f5876
torus.out0.01407.h5	8c6ff5f69d67bb939e2a020479823bd1
torus.out0.01408.h5	1bbccdd54d635f3bff34436ebb6ec5b1
torus.out0.01409.h5	3d5b55fe94f4bb30eb9490c40c5af28f
torus.out0.01410.h5	d23756000bd543bf7c40a887c46580f1
torus.out0.01411.h5	f3fdeeb5a3df077a536bacc28d94351a
torus.out0.01412.h5	527385c2a420763e2feee9e20d5545aa
torus.out0.01413.h5	bdce918a6ab35cf03f1b521c420b4cdb
torus.out0.01414.h5	dd103057c36092d82d0cd235543b8304
torus.out0.01415.h5	bcf3eb004c3653eb44f779974712120c
torus.out0.01416.h5	576251ce9e3374e83de2f49ec8f5a1f5
torus.out0.01417.h5	d8151afc625cacb384b8cb2d5b8fc330
torus.out0.01418.h5	e580372cc42f3f159c2bed50be0b43b0
torus.out0.01419.h5	20cafbd2ccffab5131b819db46eb5757
torus.out0.01420.h5	42193b018930d07c92e9fd159cb9d1e7
torus.out0.01421.h5	22155f2e6701e1157507dae3061f0f0d
torus.out0.01422.h5	bfc7b1f642ca30d9c2b9241769a1de70
torus.out0.01423.h5	03b86f7310cd626358859c406ebd3cb0
torus.out0.01424.h5	ffa5a4174751c849530d54cbfae50d46
torus.out0.01425.h5	b817b7ba48bd37b3432a927feba7d4e7
torus.out0.01426.h5	fba19f080baa502138d042fb0dbcd3c8
torus.out0.01427.h5	48f2c9aa19d129394a8953a695529769
torus.out0.01428.h5	ce0dd727406cd36422288074f36eb46d
torus.out0.01429.h5	f0c650d94f73f82368915d87d770c372
torus.out0.01430.h5	a37af31c761c21d97adfbf68771bc0c1
torus.out0.01431.h5	f99c70284533b35f952a933f1f4d2081
torus.out0.01432.h5	d0353eba747c3c6d49397131303c4c71
torus.out0.01433.h5	c8c04d202f60dc1673ca76ba36ad1880
torus.out0.01434.h5	f44db9b02a228e752141334df780e72e
torus.out0.01435.h5	32d330a4d18d1c1ee485d0b6bd97ab3e
torus.out0.01436.h5	291ebb9431e464a60310b33e79755153
torus.out0.01437.h5	faeae369104f355ca85deb476a35b155
torus.out0.01438.h5	dbe63745186221435eebfedd9f09f809
torus.out0.01439.h5	8f755ca0dadc2e7d4a61c24e292ba65e
torus.out0.01440.h5	9d3364e5359711a704b71f9b9a261404
torus.out0.01441.h5	41813b8e0ee481680f9b072d4e6c90c3
torus.out0.01442.h5	39be98eca7d83e9e490044d062997a81
torus.out0.01443.h5	97d38c7ef31557303bd4caeac0a2e5fb
torus.out0.01444.h5	ea620ef66a2df46b877973fdf17fd1cd
torus.out0.01445.h5	2429652da46dfdfe7f6b7f626aeac830
torus.out0.01446.h5	bfdcd19fb432cea8b8e6e40f0e44478f
torus.out0.01447.h5	5bddd30b81106e82a2ca62b4cfc66b53
torus.out0.01448.h5	cde7d2f9015bf6c46182fcf2cbbb70f8
torus.out0.01449.h5	5e96d2319fae5e56d314b379a387d491
torus.out0.01450.h5	c859d34493752d83aef06ddee26ada5e
torus.out0.01451.h5	1ea697fa1017c21a098bec567100cce5
torus.out0.01452.h5	34b3126288abcbd8cfde462ba4ccc028
torus.out0.01453.h5	047c99705d039b5fb5052b356060c541
torus.out0.01454.h5	9d6519a5603994953ceb36b20d5c5324
torus.out0.01455.h5	dd1052faf65b7cfecf63bc2d554f7eee
torus.out0.01456.h5	d398938845dd23ac245106a2dd9c7c2d
torus.out0.01457.h5	7ad19d7f057b422d0f9d51794ef0eb8e
torus.out0.01458.h5	b04809723db8fc0b53ce79e1efc32539
torus.out0.01459.h5	9398ead0d1847dbc50e00f3c71865dbb
torus.out0.01460.h5	159276eaf4669ad033a0cab7f5494986
torus.out0.01461.h5	ec3e3eed4fe6f5d41691ad1a4fb57b3f
torus.out0.01462.h5	feef296f0ed016081bb344175a750c67
torus.out0.01463.h5	f3ee865e7e2da7f204948a8af185d89f
torus.out0.01464.h5	85f7547c98fcb89165b2d43fc63de144
torus.out0.01465.h5	e9153fdcd71cd49b2efc5d61dbb49411
torus.out0.01466.h5	ce55380985f0d0614c018ee4b03cad60
torus.out0.01467.h5	e4f6beb6d76d4aa5bfa4343e2f0c5362
torus.out0.01468.h5	878b0104eca69c349c5546d7f471e5e0
torus.out0.01469.h5	e26ffb1bfc2bba8f06c576e418d1773b
torus.out0.01470.h5	f1fbed633bf0796594325c8bb2cb6df7
torus.out0.01471.h5	47015256fbc87660fe2d41f9c3c88a9c
torus.out0.01472.h5	7b7b85fcb4d4bce1aa25fc67422ffdcf
torus.out0.01473.h5	9c5cddb9e93eae7fdbcd165ad922265d
torus.out0.01474.h5	7ca881a8275a9ba87e26dbb05b8115ca
torus.out0.01475.h5	3b8e6906765c244d1e2432c6973a1d45
torus.out0.01476.h5	62fad43394ef35817b2c9268792878c0
torus.out0.01477.h5	0019c914c7265bb4e0665ddd974837f5
torus.out0.01478.h5	2f5125aff96ec333000ade1fac82bdbf
torus.out0.01479.h5	1b2c6cdb935130a457597a0947e78bb5
torus.out0.01480.h5	2ce59f00770aefdab2df8525af20f3df
torus.out0.01481.h5	40f035feeebe2287fa20d158c90eb9e1
torus.out0.01482.h5	1a95b93df1bdec2c01a6f04c327b5a10
torus.out0.01483.h5	5c23048e94d3d02b1fbcefca53f73a0a
torus.out0.01484.h5	2a569a6590a3d8a701658bc7ad1f9ef7
torus.out0.01485.h5	0d098d2e3c9bec2b1c4faa9089482f20
torus.out0.01486.h5	c34ff49f1f15ac9a1914d99c625809d7
torus.out0.01487.h5	7f7cf4961d88631b61298c0d181f63a2
torus.out0.01488.h5	41246c3a1ae597633085ef717ff1b8e9
torus.out0.01489.h5	847ca86a23ae676241fe45223810aacd
torus.out0.01490.h5	6a75513be0d5ecf0e1890fff0810ebba
torus.out0.01491.h5	726b1da3471bf8a93acbd40dd12ab166
torus.out0.01492.h5	59612bd1194a0855a7b3895400bc0e5e
torus.out0.01493.h5	2cfc9c6db5ffd3d9091d123129fef9fd
torus.out0.01494.h5	6b9ff7cbe28321c7befb5f2311a79b35
torus.out0.01495.h5	4c31b86fd9821be6d8c47081433e3ec2
torus.out0.01496.h5	90a00b3fb6b733caba108d146667fb88
torus.out0.01497.h5	37d95fe5b16893f666dd4d0e203b11ea
torus.out0.01498.h5	5ae80bc7a3ee17f6ad1803697cb7285e
torus.out0.01499.h5	1cf53cc58b5cbc07cff1bb3fc665d971
torus.out0.01500.h5	069f00ee5cfd288a8e868a150799daa2
torus.out0.01501.h5	5ea9c35d953f10c1feec04734d315e01
torus.out0.01502.h5	82297e836241794595e09c408e1ccecd
torus.out0.01503.h5	8e731430ec7e9ceb00a064c927036adf
torus.out0.01504.h5	b4cab47c454139c18bbcd1278cb079c8
torus.out0.01505.h5	f1e4d4a8b5309a40f41014f0c29b44ab
torus.out0.01506.h5	fd9fc2b7ed903b222e19c304db029b3c
torus.out0.01507.h5	2304efad65efb0fcd8b4b0a5f402cde6
torus.out0.01508.h5	ef68cb1d936db2e5bd5e5fd6d507714b
torus.out0.01509.h5	7cfaa188f820b6d6bb370224ecd30219
torus.out0.01510.h5	5b6a50ccd35a826aa46ded80b2794ab5
torus.out0.01511.h5	8bf9d42e367faf38a759da101a582b0f
torus.out0.01512.h5	3ebbc6f55eb8a0e046026522c9d82b47
torus.out0.01513.h5	2fc88530b66ae926080075b6907a1d1e
torus.out0.01514.h5	92f745c8e404f7d97b7e04bbb7555546
torus.out0.01515.h5	3083ae149fab57bd219bafb8b26f84dc
torus.out0.01516.h5	8c9877714ecba387116b49caa8871222
torus.out0.01517.h5	3aa2e582f4dded4da8aa89f5494a4427
torus.out0.01518.h5	9cf2be84672113bfb70f93b2b2507edf
torus.out0.01519.h5	c900e3c0d09b28026e375c9d11a93a02
torus.out0.01520.h5	581915e7a4f72ae43e6b8a0eac61f029
torus.out0.01521.h5	b6dbdc0c348edf767e60abade6f0a264
torus.out0.01522.h5	1371e51bfea40273e903c69d60c81b0e
torus.out0.01523.h5	ee1e8e229848b4fe594167c0d36bc4d7
torus.out0.01524.h5	d3dffe8649c3c85b52c11be51dcbac26
torus.out0.01525.h5	82f5115ade91a7a7e0ec3560c57898f0
torus.out0.01526.h5	c60e8236fbcc14e28c3729391cece33e
torus.out0.01527.h5	25d94c35d7f8fdbc8498752df6bc2c88
torus.out0.01528.h5	f9eb4665f67a764fa50d7d0dbc708d1f
torus.out0.01529.h5	3bbc0d489caf09b0b160d671ba87f9cb
torus.out0.01530.h5	b20e063dc8500aa45c4b3834b0d81c15
torus.out0.01531.h5	66b34cfc0cbc1ab96e965f36c7eac243
torus.out0.01532.h5	a9d64d0f245c2efe1176013801f6c0e4
torus.out0.01533.h5	3a69dae617ef7b760b7ac8d8284c6e4a
torus.out0.01534.h5	fc74dbef03ed0c2e3badb66ca847daf9
torus.out0.01535.h5	58c7aa03e349e429b2d90b4d135ce622
torus.out0.01536.h5	038dfce8711e07f11ecaebc977a485bb
torus.out0.01537.h5	6e4b3d75621b132380a46a2a07869ea6
torus.out0.01538.h5	9fdeeebe15530e27dfc51cc2bfc13c0f
torus.out0.01539.h5	a5bce3422678b3292f8ad9285cb80b7f
torus.out0.01540.h5	4b615ced26c2e5d60ee389994377f63e
torus.out0.01541.h5	f6c8e5871d13bd8e3c953e92a05f9853
torus.out0.01542.h5	65741d63374d9f38ec1241e5f67e6e52
torus.out0.01543.h5	64ac781f18f35baf33ce67cba033ceea
torus.out0.01544.h5	5df180cac6b882ccf59ca7ab81785dec
torus.out0.01545.h5	19a15567df804b6dc3a1893ce7d9a79a
torus.out0.01546.h5	7e50ec1afcbc9ed4f993a30e7dbdf336
torus.out0.01547.h5	58ec1410eb5b28413030afa3ee2debac
torus.out0.01548.h5	881ff254fb1d3cdf65f9292486975862
torus.out0.01549.h5	2ce3a5772864567b2cc43179f8ec94c7
torus.out0.01550.h5	d2214185c8e3af27965c011091a3c894
torus.out0.01551.h5	5bb81d829d266f8ea8aeb60036752d0b
torus.out0.01552.h5	d76f49dcbbe901de508b19713b1021ca
torus.out0.01553.h5	2b5bff931fe960c851fd1899bae7a378
torus.out0.01554.h5	7eb8f302233e7d18c8969dc8386715b9
torus.out0.01555.h5	8df34b9a527863339a3fd53951eb368b
torus.out0.01556.h5	496a4c603de680e86f8f2fa1d637f09f
torus.out0.01557.h5	d81de6e447b0519f109d2ea7dcbd8e5c
torus.out0.01558.h5	5c57e9ea18bc35552735a3c6e6909c89
torus.out0.01559.h5	93fcaaea90b443d2bb218d846fe5ed44
torus.out0.01560.h5	81ce325f5f6fbb718c9989fa122adbcd
torus.out0.01561.h5	66678267c0903aafa7d3333cd9d96bf0
torus.out0.01562.h5	84c26140113b79a75f4872b28ccb082a
torus.out0.01563.h5	7dea8e721cb940aada1c6b9c71fe557f
torus.out0.01564.h5	0d701a0f17a06758cce2f12f8784c1e2
torus.out0.01565.h5	6d8ede550e80f7c3136eb175d5d391da
torus.out0.01566.h5	71baf67210e191d2f6b1ec7a7d6fb8e3
torus.out0.01567.h5	e8e307311c7409490d5317d4db092028
torus.out0.01568.h5	7a1a4b6d4f77085cfe02869bcdbac3ad
torus.out0.01569.h5	e94cdb909bbfe61d43d43922c6625e1d
torus.out0.01570.h5	38cec8e1c912174c35bcfc98774f6fa9
torus.out0.01571.h5	c8fa08579ecbf8dbf69b1e64d1145038
torus.out0.01572.h5	6e65be626552be6c3e862461826daaf1
torus.out0.01573.h5	971fcc9e86413d9a479110f91582d66d
torus.out0.01574.h5	a809c7e28cdd6b9fc0528a36ff726151
torus.out0.01575.h5	55ad3abcabf9eb91446cdbea2e88ad6c
torus.out0.01576.h5	a75faa143fa5b30a663395630bff0c11
torus.out0.01577.h5	e8b2ffc2837cf7ac30b0ebbba9fdc4d3
torus.out0.01578.h5	e5f7991fb9cc0aaa63de44e821a1af5f
torus.out0.01579.h5	276b4f192f639af54948786c7aba28f3
torus.out0.01580.h5	a47a366257c354161aa16bb31115b10e
torus.out0.01581.h5	d8ef654459eda02ff1dd20aa293d6788
torus.out0.01582.h5	52b98f55f36cde04ad215e709f60c324
torus.out0.01583.h5	227b3ffce72ba5e3a5d817e188826693
torus.out0.01584.h5	814aade7ccf07b0ded60418239a72b42
torus.out0.01585.h5	06200f0b455f4fb6d2767447a07ef655
torus.out0.01586.h5	5993618eb0d9c40663d47ec70dc10d64
torus.out0.01587.h5	757fa2fb4bc59de1c3048b3fc07a00d9
torus.out0.01588.h5	c9dba2200b07bf1767cbd9fb5365cc50
torus.out0.01589.h5	034a2d28522aa115b0c847f390c0dbbb
torus.out0.01590.h5	18244c8c54ae301b4f804585c329a434
torus.out0.01591.h5	6158492b61aab1e22ec2d669586938fb
torus.out0.01592.h5	f49c3e6894c691804107213a86adba07
torus.out0.01593.h5	ce446bb3f09a980d3717c5f6cfb77ea4
torus.out0.01594.h5	9d83119536100bb9f3783257778626ef
torus.out0.01595.h5	6c64ba248fe1da0538f7221b80816bb2
torus.out0.01596.h5	760da5c9d3d408bcc250cfb3940bb9e6
torus.out0.01597.h5	87a2a648fefac26d613b624965a32228
torus.out0.01598.h5	edca118db215c48aec51d190a0bb70c6
torus.out0.01599.h5	c8bc3be2048a239e351f4993b9bd082c
torus.out0.01600.h5	e7d95d455f5dd24308e7beafde475ab8
torus.out0.01601.h5	442e85fe73a739d3a17649afcb89682f
torus.out0.01602.h5	02b61bb8beaaf2c0b75d7910d91d8141
torus.out0.01603.h5	c68e8f87768d94bc177305f1b8729d0f
torus.out0.01604.h5	c308784302e135a0fb4bd7daf454a7c0
torus.out0.01605.h5	9d198ad550591d3785eb3ceec478c89a
torus.out0.01606.h5	ebddefff274d5b5cea48dd2294c6bcad
torus.out0.01607.h5	55897d3c6201c279ccb47c691705fd30
torus.out0.01608.h5	fbfb641a5fb211041d73d6595b9199ef
torus.out0.01609.h5	4183f700b7a56d91765b4f16489de16c
torus.out0.01610.h5	8c5fbd4406e35e49c494323f2728360b
torus.out0.01611.h5	2a6ec50ef59313d220f39a7c15a51e5d
torus.out0.01612.h5	dde9972f567eb52b5927bdbc5cc8f512
torus.out0.01613.h5	a56f4dc9d2aa8ba580c62a98e9749918
torus.out0.01614.h5	49e582f5a6fff7deee55a4d68624ea80
torus.out0.01615.h5	47e67319ee5451c22eb9ac1de82644b3
torus.out0.01616.h5	556e1bf6ae39368582d66ecb20d58130
torus.out0.01617.h5	e7198c83732fb23d75792421a69b0e49
torus.out0.01618.h5	fef05b4c965e6230d86af1124a197ab4
torus.out0.01619.h5	07ff1f3aa5a7ebc5da64d1f63263c1b7
torus.out0.01620.h5	7de4b5842a21858d3fdeb5ed5162dd19
torus.out0.01621.h5	9c8f9ba9a08e888e5c4fb5fc5c56a7bd
torus.out0.01622.h5	46599d02faf08a58cfedb2f69ccac43c
torus.out0.01623.h5	394126521b0655c0c285de22309b29d7
torus.out0.01624.h5	f36addf133260f072a6dacee86531890
torus.out0.01625.h5	2d325593d5101385de8c55c92671f28e
torus.out0.01626.h5	2ccf98bd9aa419233d14700e1e85b9dc
torus.out0.01627.h5	ca9ce3806e8a13d0b94ccda0d3584057
torus.out0.01628.h5	c28c81f3b64c3373d01ab0951fa8d807
torus.out0.01629.h5	dc19898f6478cb3811c6e342f5fdfe0e
torus.out0.01630.h5	0de49fa3cc35a25dd781ab7c078894d6
torus.out0.01631.h5	f94cd6fc07cc5147a1ed1f90f21b578f
torus.out0.01632.h5	398997c8cba49986eae0c2e26c9e278e
torus.out0.01633.h5	a8824b17cd5f2c8ddd007a172ce75f21
torus.out0.01634.h5	520db1ebe00f519799ed5aa6fe59cfd4
torus.out0.01635.h5	6096b8bcb70b259976e3be9ddc3e1c1a
torus.out0.01636.h5	896a0728e7838cdea32b90974fca40ed
torus.out0.01637.h5	b9b47d6d2739cf2ed63aba90c3a24100
torus.out0.01638.h5	031610565d3c5c2a7c333d9fdfd97d69
torus.out0.01639.h5	ed4347f3296ac1b12ff700cc688ce351
torus.out0.01640.h5	ea1968c172323bb2e324780fc7b99f3d
torus.out0.01641.h5	19bbcea83bed1cfd960625e7be22b762
torus.out0.01642.h5	fe88cf30b57594c6069799c8667a6955
torus.out0.01643.h5	677ce517d83736a93cc59b7b17837ff3
torus.out0.01644.h5	0554151991ba8dc5728267ada1dc4efb
torus.out0.01645.h5	ead5aa1518f1391213d582e0ca639678
torus.out0.01646.h5	1e1fdbe74f69c98bb5bb87fca14dd2dc
torus.out0.01647.h5	f6b0b0e2f828b71c19fc0e3775d92495
torus.out0.01648.h5	be3db22bce1a67e4489603d7d7e745e4
torus.out0.01649.h5	6357ffc87de40a1a87b9d540fd037cce
torus.out0.01650.h5	32661ca484b9b768041b0a3e4cb2a707
torus.out0.01651.h5	81c2f3e1675d0c8a9f0974ad34429304
torus.out0.01652.h5	eabe9970b39080ac148a981d35c41d02
torus.out0.01653.h5	f9168277706b391b048724ad6280a78e
torus.out0.01654.h5	f270ea2665e8a2b5123b5f62e50e5ef1
torus.out0.01655.h5	972d842da998ab90fe04721575e2a808
torus.out0.01656.h5	e020255c84a044d274bc470542ac1cce
torus.out0.01657.h5	cec8b6e6f615b1a2f7c8a82833c8a727
torus.out0.01658.h5	282d0e2e3ff9c02439c630cc46ef4fbc
torus.out0.01659.h5	f089e5b7f0db3ec5237a2e66a44d6aec
torus.out0.01660.h5	aecc2c6e338f086c686ebfe49e07fe9c
torus.out0.01661.h5	36da08188d7648f4d291a55aa462cf9a
torus.out0.01662.h5	7281d1e54fb3fbdc26a0fa4a27a4dd24
torus.out0.01663.h5	44dfe36570938a030ed30a70ff7f3a1e
torus.out0.01664.h5	57a4941214569a9a84481b24e96683ca
torus.out0.01665.h5	ad65012682cfa415c52426de9d75ed76
torus.out0.01666.h5	b2322858e1614c28e0eac00343bf372a
torus.out0.01667.h5	ebed4a31de05288f4f110b2401acc4de
torus.out0.01668.h5	adcfc80a65e760f9d7cc29c0c55b6157
torus.out0.01669.h5	a6753dd063e92275076846f2dfd1cf5e
torus.out0.01670.h5	e9949522a753dc45437c8e6673dc813b
torus.out0.01671.h5	0dcee6c8573b3c946b1ee5780d5a12a5
torus.out0.01672.h5	b22eeb8ba39e544d6d6607b5f4f31d46
torus.out0.01673.h5	631a6e8376ebe38578abdb32f6aaf9d9
torus.out0.01674.h5	e01b4860ce6c01796c04f98309b16d46
torus.out0.01675.h5	0e3954eebe3a2a95ed33bf021ae1489c
torus.out0.01676.h5	c1b79f49ce24043f0a6de2186e4b2c32
torus.out0.01677.h5	5bc3892fe245315764e2d50a45c5045d
torus.out0.01678.h5	6c2d3f0a3cc294eb4c8ffb31a8a185e3
torus.out0.01679.h5	cf1442a2e06021327e36ad0125a64149
torus.out0.01680.h5	ecb850fe01afe9e0ef2696a526852a4d
torus.out0.01681.h5	13b3b459c6ab19f0341809714f6dea7a
torus.out0.01682.h5	98982a172ba6a61a2e5296439e9453de
torus.out0.01683.h5	ccd9807e8df6c624a9983135b72ccf9f
torus.out0.01684.h5	cf8af1d695d28716135fafe410da3f35
torus.out0.01685.h5	4bf7e9c3b550756203df49a4406b5ae1
torus.out0.01686.h5	27a8475cd70b91195024141689353d87
torus.out0.01687.h5	7744e8f0fa9d5417c76eb23ac9bb96fd
torus.out0.01688.h5	84de55de11e95d513349c1febcd9522a
torus.out0.01689.h5	ed234b768d7ead988784bf79f1614a3a
torus.out0.01690.h5	ba48dbd892f5a696305b77189352e345
torus.out0.01691.h5	05cbc3ef1fd57def2f0fef551ba76386
torus.out0.01692.h5	a018b7e5821d943d4a00405b91e91787
torus.out0.01693.h5	a7e7212bb3f18d82a8330628e54a004b
torus.out0.01694.h5	51c1f9ac4647f16c9bc12e54609e1cae
torus.out0.01695.h5	055a54b6314919568de2047f98a84e2a
torus.out0.01696.h5	1f8d7f36e83d4f6d57e19e58bd248231
torus.out0.01697.h5	fad608800bcb48fe8d7dda4f366bc21d
torus.out0.01698.h5	6a5fe4827f8389417e510c57c5b314da
torus.out0.01699.h5	6585c702ae192fbb4dda1974111dc649
torus.out0.01700.h5	7c26cba7aca6b4ed6feeee274bb59895
torus.out0.01701.h5	7510b8c38b73b822f94667783eceed72
torus.out0.01702.h5	2fbd9a5719c6842dabd7e79bde7bc2da
torus.out0.01703.h5	26e5aec16960eff3cfae57a3b576ce69
torus.out0.01704.h5	6744ba412e78c28bb89c412a43c572be
torus.out0.01705.h5	3400be937e334d4d182a1b8530b17f50
torus.out0.01706.h5	04623d12cd9194665ff8e763c4650c24
torus.out0.01707.h5	d496adacc8acfafdc8a80c010de59688
torus.out0.01708.h5	6fd0c9c7dbf8234f4670be475dd2ac73
torus.out0.01709.h5	f4f1dded6d7f5182addc68e7ac2538f0
torus.out0.01710.h5	460eab3fdc43888b9109985d898c5d66
torus.out0.01711.h5	6c6328dd5815ce540b660e473f3d2ae4
torus.out0.01712.h5	fec77589e7c78ed31faf7d6879a92865
torus.out0.01713.h5	7b13a53fc4a4c13a41aa0e0259d472ad
torus.out0.01714.h5	7d128c74851c3be5b13050313db5b8ec
torus.out0.01715.h5	bffef80a66b690b87f0b957f3867077f
torus.out0.01716.h5	68e5f79dee3e67936d3572fc6c86ac86
torus.out0.01717.h5	0f48cbca474600199490046efc65d161
torus.out0.01718.h5	2b0f64d9791c729d6268df9a6329f459
torus.out0.01719.h5	55dc203e9ca8718a91bd61c2d73b46f8
torus.out0.01720.h5	05ec6e944e64f062da7f0466b4f0a705
torus.out0.01721.h5	80a6573fea142f5cf6622ba70960c58c
torus.out0.01722.h5	1c32bbae0302eb49ba3c9d01189bedfe
torus.out0.01723.h5	b98778d93c88b9d34685e988ebeaf42b
torus.out0.01724.h5	c93a95b0d2fda1d23ffb86eff5d42ae5
torus.out0.01725.h5	0a2837722461134cd92155d4d164e99a
torus.out0.01726.h5	8bd8f0b288bb075471ee60879c439aef
torus.out0.01727.h5	0de05f97a1bdd9c63825f378c889cfbd
torus.out0.01728.h5	4580dc5eb8d5747e55dd9395a0154533
torus.out0.01729.h5	116d5cc8eafb562f761ce04f17bd565b
torus.out0.01730.h5	92b9ed97e512879aac28e3e0dc80fff6
torus.out0.01731.h5	4669a892ec446d4655a670172a7b14b9
torus.out0.01732.h5	809b958da4f0d33f446cabb5cc6685f9
torus.out0.01733.h5	99b5f1e818b2e529779a465471a51047
torus.out0.01734.h5	bccc62b04f35cc12c3b7316a5373dc0e
torus.out0.01735.h5	95a5a8f3227ae24a4d2e9517078d7a1b
torus.out0.01736.h5	4b66f36f2ac67030492e06946436faa0
torus.out0.01737.h5	2f65a22d65c92eab21fb571f30f217b1
torus.out0.01738.h5	a7684c3062f519011ad2ba197f6e3b63
torus.out0.01739.h5	a15ad235fe527acf365c240626384440
torus.out0.01740.h5	a400be33373ef50469805cd3f72cba07
torus.out0.01741.h5	2369d090e2e2bea11cd88e2c8f362d84
torus.out0.01742.h5	dd168b2f758de478ec9041619488be7c
torus.out0.01743.h5	6b13593327f3a332558422897cef71e2
torus.out0.01744.h5	775b32618aa3759509567b7bda8e1a2a
torus.out0.01745.h5	bfe9f430d287a0460a0e611bd8ccf70e
torus.out0.01746.h5	285331b53887473083248512d742a12a
torus.out0.01747.h5	14cf0bdc379c04442dc6f9be188115b4
torus.out0.01748.h5	31057771b213ed2a430d90542eba5f35
torus.out0.01749.h5	2694fd6d4817b714a110c15f4d7a74c6
torus.out0.01750.h5	3850ee0180eaaf6476a1f59da1eaf2dc
torus.out0.01751.h5	1e19684fb2b1371eff32dad08c850822
torus.out0.01752.h5	6308da9a487e33cce52a4a424c947d94
torus.out0.01753.h5	7516fe3f292daf67f6ad89305830417e
torus.out0.01754.h5	186abd2c93756e9b7d622f8ea147ddeb
torus.out0.01755.h5	5403bd9de94406cbb4ccdcd98adaa005
torus.out0.01756.h5	1e840b03960d017817cf080da760ed34
torus.out0.01757.h5	48cce8ec4043bae0803a1b710f0d9b29
torus.out0.01758.h5	8a05ad773fa256cdb266e0015d8cee15
torus.out0.01759.h5	df5c0c6d78ef98c02d76cee2643debca
torus.out0.01760.h5	ae497e529bb7899d5e750d0fc18450e5
torus.out0.01761.h5	5e066da52352da25c435e4e25e5b0413
torus.out0.01762.h5	9aee94d24f1cb8bd2e76fd168c27ef23
torus.out0.01763.h5	38dc9d106fe491be230781def71a943d
torus.out0.01764.h5	536d55f3b527067628acfa12ce431b52
torus.out0.01765.h5	7242c06bf654459d2151219d403556dd
torus.out0.01766.h5	ca40cca909ad0964f8199edaf5e3bba5
torus.out0.01767.h5	4a258454771e7bb36045b1d0aafc9066
torus.out0.01768.h5	bf8e84fa6527fb906e0b09a6d6bbcc74
torus.out0.01769.h5	f1bd426cca532d0f7ee44eab424360db
torus.out0.01770.h5	e7743b51458d5479b7c3db33e4085770
torus.out0.01771.h5	96f21f4d57aaf625044f9f55dd0ba45f
torus.out0.01772.h5	3a1e29eae2ce392da208991545a6bfbe
torus.out0.01773.h5	21f347a77007b5a0433fb6cd7b1ab1ec
torus.out0.01774.h5	566323862df5b46c57874b2393c3b436
torus.out0.01775.h5	2a05729e834bd32e0e2196b16d69e1ff
torus.out0.01776.h5	af0dc0f7e49c049ee266b6da52a66669
torus.out0.01777.h5	835914c424c1aa43fc895200a5b3c593
torus.out0.01778.h5	899089e28bacb99af7ada47accf0f9de
torus.out0.01779.h5	2c4511c4272e34b4533920d3cd6dbf19
torus.out0.01780.h5	5e48c5ac601ffa93d441a68d7cadbf51
torus.out0.01781.h5	39baab2db30e76a6b522014370c4c057
torus.out0.01782.h5	c4a1e449d647949b9449bccedb7b6501
torus.out0.01783.h5	fb8354f2507e059413ad9b62b4c4c95a
torus.out0.01784.h5	f307c9916c49cf3675226e7363497568
torus.out0.01785.h5	0606d8fba0b0b2648752b3d516811bf2
torus.out0.01786.h5	d76a63dfdf8aba0761d1f9bf36cc0154
torus.out0.01787.h5	701352811c01089f52dc38404f54a37b
torus.out0.01788.h5	a26a8375c9b3759d8060017c9a2f53a4
torus.out0.01789.h5	f78deb7e92f82346783504f0d83f1f19
torus.out0.01790.h5	3a26596cadd06168f293d2c5e5945e0d
torus.out0.01791.h5	8020c399d58cf55f1aacf327ba8b5c8e
torus.out0.01792.h5	f849f8a16614fcf4a3884a9fcd917145
torus.out0.01793.h5	13d65b68d06366e59f32298cf2463acf
torus.out0.01794.h5	3e184ab329174a294635f15b7dad3298
torus.out0.01795.h5	de5e0380732a67afbffb5888fd1f8d98
torus.out0.01796.h5	1b63d9e019da72f93a2139a2ec72bba2
torus.out0.01797.h5	c764c12bdde97f2eb50ed31cd1870697
torus.out0.01798.h5	2774a78d31b8685031b3ec4cc4170a8f
torus.out0.01799.h5	0297075e2ae25542d602bc49a382d38b
torus.out0.01800.h5	140c0f293d812386b4560955519cf34c
torus.out0.01801.h5	a6cf67a4f9d27148b2c25af1a12cc3f4
torus.out0.01802.h5	0e812810032ece9fd0013286432007e0
torus.out0.01803.h5	d1fd9073bc7394baf7bdda424df13b7f
torus.out0.01804.h5	b381aa7186e1434e536a3c832c796358
torus.out0.01805.h5	32690cdddfbad46d343a14ae03b67a24
torus.out0.01806.h5	8b83e28c7187eecdc5b9039ae34c4c38
torus.out0.01807.h5	c082b356f4be375fe7f52a7fa7740113
torus.out0.01808.h5	f7aafbc752653994241baa26b22c257d
torus.out0.01809.h5	4356826e8d6f822e09a0ba6dc1133016
torus.out0.01810.h5	71ee547b39db56590f87081c308e341c
torus.out0.01811.h5	0a93d142e45639b19ec6d87e95780677
torus.out0.01812.h5	c95b3dfcd1009d34aa84317006b93639
torus.out0.01813.h5	a0e20179fa9b704845bcbf6280a81954
torus.out0.01814.h5	457ba1c816ea00a6ffd4541127abff4c
torus.out0.01815.h5	e1f4ffa9fdc2be86f483f14c80a5ecbc
torus.out0.01816.h5	1433252be45086337b58617b31d261c1
torus.out0.01817.h5	cd6519853065274dad9f95988bc87eb9
torus.out0.01818.h5	082ca9a9574fc07eeed16925ccc7b8a0
torus.out0.01819.h5	5ef08edd726e42e8782d71cbed41aee4
torus.out0.01820.h5	d98aafb8d514a778ae8bdbece19a6867
torus.out0.01821.h5	a04c75e7b67456c51df3780d5a7dfaf5
torus.out0.01822.h5	10e0fa57083ab6f28a30b13c2f969522
torus.out0.01823.h5	ae93c67c004baadb45bded0a47beda6d
torus.out0.01824.h5	485389868233fd9143b2bbe9c8a0b145
torus.out0.01825.h5	a66c3ac879b9e29453c40647eb278799
torus.out0.01826.h5	3e1a2458765fcabcc1ef0fab861c6ff7
torus.out0.01827.h5	16bfbc9edfa34a0233843454235dd3a8
torus.out0.01828.h5	97720eb4eeac63f7819d208c800c0f93
torus.out0.01829.h5	a379973e3def631b109a31d8391e9d61
torus.out0.01830.h5	884947629ee9423a6966b8441f75b53e
torus.out0.01831.h5	5c632a2bf8089ce871273847a9ae8269
torus.out0.01832.h5	367857c9956127d3f125d84415b943a8
torus.out0.01833.h5	8ac7a494f681c6e4869a2f00e00d847d
torus.out0.01834.h5	b8c2977eac5cc5ac6a01f34198650547
torus.out0.01835.h5	bee98381b4fd5005c481e755689141de
torus.out0.01836.h5	da4f242f3ab87a882e8f8ac84718023e
torus.out0.01837.h5	ba243204a14e80ac8ac66cc69975f8c4
torus.out0.01838.h5	3b9357b97f87b4cc54f838bd16fc9e85
torus.out0.01839.h5	fd240696ee75ed26b314a7fcfd0b3d9a
torus.out0.01840.h5	8a763b92315653dc96773bc49e49b3fa
torus.out0.01841.h5	364a74a455bb74d31de08a338fdb381b
torus.out0.01842.h5	66592285faa52a826dbc3e4db87baf52
torus.out0.01843.h5	a72514f77701e9afabf16769a708728b
torus.out0.01844.h5	9347eb45a155953c24de077ed2163368
torus.out0.01845.h5	62a7a64091bd2ecd969b3defceffa24f
torus.out0.01846.h5	d249048c2ba114446672fd1aa80f5d65
torus.out0.01847.h5	aceac6e5e1a9004c793f7875c5338ab0
torus.out0.01848.h5	a511c0ddbe4a039a6f5ddd85fd02dc91
torus.out0.01849.h5	f478349e92beef5a1b2346f539df7c26
torus.out0.01850.h5	f3e5fdb17d325759ffc944aae09d076b
torus.out0.01851.h5	4c235abeed9d305d1a8c41d66ba58c88
torus.out0.01852.h5	cccfeed178039c612c4871d7123f577c
torus.out0.01853.h5	daaaae9f8015db14f9627a9b24d44940
torus.out0.01854.h5	2e15816da19885866e9d16615c480052
torus.out0.01855.h5	1375ec583b26df77efb3779e93fa2c71
torus.out0.01856.h5	34cf57c31f384a83fc366227d92e9dbf
torus.out0.01857.h5	84fa3a9054ea092958e4b17937a8cf04
torus.out0.01858.h5	73759d01a263aefa0d879cfd561ddc39
torus.out0.01859.h5	fceb95b9f8ab2f7444097f5571f50697
torus.out0.01860.h5	15ea56b2ae810522610fcd39d95f726f
torus.out0.01861.h5	37e1a82fa980c460419e8dd9766239ec
torus.out0.01862.h5	276430d6ffd9ecc1d3017eb14618dde8
torus.out0.01863.h5	0842ee6312401acb8cab646419c4a2a2
torus.out0.01864.h5	189ce39125a9a498ea7fff589af0d6ec
torus.out0.01865.h5	33e1f688b9b59c2fc630bc31f0eb65e8
torus.out0.01866.h5	0e17207da5858a65e450dc73716d6b1a
torus.out0.01867.h5	bb05be81d0ca48076e86ea374e01ad27
torus.out0.01868.h5	04e1e44b994623c0bf6c4eb56243e222
torus.out0.01869.h5	1b4094a30973fb465e03b2f8fc1f4394
torus.out0.01870.h5	ddb8b553b44cfbec850b92fd9e0bb2df
torus.out0.01871.h5	ce27acfa4b281c779c666242a5707056
torus.out0.01872.h5	7103e7e0604e4b64f2b2ead048241138
torus.out0.01873.h5	1d8abdab3e8ff2faf59c1323316fa601
torus.out0.01874.h5	12e5414487d16d1d01591a72ca1734b0
torus.out0.01875.h5	2b72c1f002143eb75aafde3c9acf4883
torus.out0.01876.h5	c6323d6a41661c27f5613ff769220566
torus.out0.01877.h5	6681e537cf8cca56969b8804b7b6d81f
torus.out0.01878.h5	fce50d00b749d5c3092a970123bf7f0d
torus.out0.01879.h5	ce1bba9b6a3504588c8db77eff9fae79
torus.out0.01880.h5	88208382dbc3342736846ea751a9cfb1
torus.out0.01881.h5	d3e69a88f1e9d8091943cde4679ae3f7
torus.out0.01882.h5	82670c9f14d4ca5c22964f48654a2e05
torus.out0.01883.h5	c74a93a62dd4294260eff70dedaa59aa
torus.out0.01884.h5	fe2ec05c700647a08bc5ea1b1f6e3381
torus.out0.01885.h5	42d0245f4da983a02f9287ee050346cd
torus.out0.01886.h5	353f72349bbf93a403be4a6d5f45678f
torus.out0.01887.h5	5bca47b744b621a0490b06d7b98b7153
torus.out0.01888.h5	0c239f7fad06b97174926b5b905fd2e1
torus.out0.01889.h5	cc80aea5f8e7765270f72fa42b45c530
torus.out0.01890.h5	39767226645017c8fe4d9a4696b3e306
torus.out0.01891.h5	a27e1890a5624f3d41f75808512509b5
torus.out0.01892.h5	cc8f2f8d7d973eabd38f711540658b11
torus.out0.01893.h5	4e0209bf4b2150afc6ed308b7422f187
torus.out0.01894.h5	05ae61917319ce16573181cda8c6a6dd
torus.out0.01895.h5	51540eca9451597fe683fb2c7117fea5
torus.out0.01896.h5	cd46cf6f16ff302272ca34e737eed27c
torus.out0.01897.h5	13fe20d21cf4362238c50895e385241b
torus.out0.01898.h5	2a32c2a838a9bae9eec898ae6cda9577
torus.out0.01899.h5	9d35505a8d5f8bdd2e646e2d64fc9905
torus.out0.01900.h5	812764233f66dd85e8b4c24a32f0ecc9
torus.out0.01901.h5	a2e4e8687c4b5d8d629eac2086f7949d
torus.out0.01902.h5	d9966149dc1b549c20c1628cfcd269ec
torus.out0.01903.h5	dc9de6d49b970cca1dbf69b18e915ec5
torus.out0.01904.h5	e973566a62c4577aa4a6d0866ab2fa84
torus.out0.01905.h5	f2f4b1ef8ff493fe632432056ce7ec3c
torus.out0.01906.h5	ee955a98ae0bcda6f06090e8d52b4db4
torus.out0.01907.h5	e14a3a90151824abbcdbb63b15222de0
torus.out0.01908.h5	8084179a5df78ac71e65b5e7e3ea6d45
torus.out0.01909.h5	1deef31d335860085b21749f78ed93c0
torus.out0.01910.h5	b23ca418b7913c9f3e6608c4f9a4b0ca
torus.out0.01911.h5	139d924fb3213d3bc784bd7da4935d2d
torus.out0.01912.h5	61760ad3c9304d8cada68245a49c1f2c
torus.out0.01913.h5	d5698ec8854571f2e0a8ab65cb873799
torus.out0.01914.h5	9b762ea5efa0b27cbbe0817787418037
torus.out0.01915.h5	3722d72c2290a156a07083220db00dc7
torus.out0.01916.h5	47e6ca018a5e6ed30460d8bef38107e0
torus.out0.01917.h5	aa81bf0f76bec1620680c3bd7dc11fc9
torus.out0.01918.h5	8a4948b61cece6ad3105a5f55399bf7b
torus.out0.01919.h5	a266abe46419aa75f9dd5406aaf44faa
torus.out0.01920.h5	bf7bd33339e5d2aa0c2398899ad0dd15
torus.out0.01921.h5	11e813f687d87c00d681d156918ebe40
torus.out0.01922.h5	a44c962aea0954c16842a10e37edd277
torus.out0.01923.h5	7e3c13fd341b73e9a36cc28d101324c0
torus.out0.01924.h5	a878f3b2d54a6697466f5763c9476a1c
torus.out0.01925.h5	edc0c94a34c1be485c7428d7e1bc0a49
torus.out0.01926.h5	4ad267e313d0e5be7b2320a1820604ba
torus.out0.01927.h5	a16be32c758c660d72398bc3245bcc11
torus.out0.01928.h5	6dfc87f323ae14502b2160d333b15d02
torus.out0.01929.h5	04355d668f7ab4f6aff39383c339a338
torus.out0.01930.h5	88be99d7a4dafb3d42ff8c27a99166b4
torus.out0.01931.h5	7fbf6cb3dd8c24d48c0c4fecf5c4e1fc
torus.out0.01932.h5	852a1d805b447a66ca77f0034169335d
torus.out0.01933.h5	3b18c1863079b80b330931013d7931a3
torus.out0.01934.h5	8bf0cf59432c960dd5c28c5d05cd445e
torus.out0.01935.h5	ada3ef6a1abbcfed4201c7e2f0a2af93
torus.out0.01936.h5	ff2b9f455c9ffa81bb4150d10f3eae90
torus.out0.01937.h5	a72e870fa07562e462b5eca3ccc9f739
torus.out0.01938.h5	b884a07995b8627bab6b5e947756fc5a
torus.out0.01939.h5	084dbf536be47944d69ae4f0bacfb12c
torus.out0.01940.h5	95bb88ef9516837822019544bb5c9cbb
torus.out0.01941.h5	8abf80031ae16423af1439dc51ecfcc7
torus.out0.01942.h5	977390ceeef9b6e29a13419fd7119af5
torus.out0.01943.h5	e9e7fd320876dcda48030e8d0e469c13
torus.out0.01944.h5	cb8000bf1d4e184067ae92eb7b629e64
torus.out0.01945.h5	2fcace641edff71dd9260a8e47c1ebba
torus.out0.01946.h5	a0b1efd62bd8f5b1796e594cc7c5630f
torus.out0.01947.h5	2946afc6ee6339306e315e55b9a7fc53
torus.out0.01948.h5	f8b209d4ae8564bba52a69df3a56b0e5
torus.out0.01949.h5	3b4a2446826bcf35e31bbec7f2dd1e24
torus.out0.01950.h5	a4da5b4f1dcc1e79e0f57f3a45c1a6de
torus.out0.01951.h5	8e2f81e859e69b3de27371fd18cb7d22
torus.out0.01952.h5	1ee860e7398c15d53e13f821911a821e
torus.out0.01953.h5	518ec03d82550357237b336503f4e32b
torus.out0.01954.h5	844c27559199ba1838cbb27c4c6cebc0
torus.out0.01955.h5	12e131a4c5a1d91ffbf8b29206db6477
torus.out0.01956.h5	e5fa9f0f3ce388a7d7a666f55a0b3b32
torus.out0.01957.h5	41d5e617722188af144bd4c7861a642c
torus.out0.01958.h5	313dada775479b9e70004e7b5b077cac
torus.out0.01959.h5	bacf3c8227181723349b5017e34bcf40
torus.out0.01960.h5	a78e5f17a87ecc4837a610d8e2ea17dd
torus.out0.01961.h5	cc8e924fab0924e3ed33febe92c70294
torus.out0.01962.h5	c0a728ab76c5ae8c45f8585fd72540c8
torus.out0.01963.h5	8510f4eff711ee902f29eaca2b84385e
torus.out0.01964.h5	61011dd4862fc0fb7ae0d4214bbc6730
torus.out0.01965.h5	beb47d831b778add7e2ac1426a2722a4
torus.out0.01966.h5	5f010da3873fa875bbb0ebaf1adbe3f0
torus.out0.01967.h5	e4e6daecf9f91a635af548b28800550e
torus.out0.01968.h5	52745a45ad5d5334e2745d672665e7e5
torus.out0.01969.h5	7ad64fda23afd7706ee65091b506bab2
torus.out0.01970.h5	37b912d643d6184d4183a249b83130a6
torus.out0.01971.h5	4cab93a3f9e90f6ed4fda032ba0311a1
torus.out0.01972.h5	ed89908806374815ef5dbb9c97788980
torus.out0.01973.h5	04ea3ee799a5ae04173901eb205f20bd
torus.out0.01974.h5	9cf16432d2cc4751acc4833bb72998c4
torus.out0.01975.h5	46d56b5e90033d6bea80335fbc504d5d
torus.out0.01976.h5	1dbaf6dee5111f831db9235b88203791
torus.out0.01977.h5	7789aa56311aa961378dd21c1141e44b
torus.out0.01978.h5	b01e4bfd42750234bcbe3994849f8cd9
torus.out0.01979.h5	24a64a1713fbe0517d69347ec933b0d3
torus.out0.01980.h5	4d89aeea000465d49104bf5ee01e2e67
torus.out0.01981.h5	a7585d64a3cb324c9a817f4dc9c0aa54
torus.out0.01982.h5	f041971a38ba41773e4ed0397495639a
torus.out0.01983.h5	d3f178e6d56036d8a27e09e034ddc932
torus.out0.01984.h5	3917008879b29fd67d13463770103830
torus.out0.01985.h5	ad8b26968b1b37cace62ce2b82e4814e
torus.out0.01986.h5	9035a149ee95b9932968995a9ffd001e
torus.out0.01987.h5	322f334332a074e465c53d2cbf0360de
torus.out0.01988.h5	0938f92bc5dbe39afcdced5ac9e1dca9
torus.out0.01989.h5	46bc2e6c35e49db45d5f41e45a036162
torus.out0.01990.h5	69bf57f1f4816aafe07eca9f86ddc301
torus.out0.01991.h5	380c049e5b048d378fc06e72bf109045
torus.out0.01992.h5	c2e330c2efb9e2e92e80f27c42875299
torus.out0.01993.h5	09f1bc25ec9b9a1e35ac16433e78a3ec
torus.out0.01994.h5	83b482f5a0de49bb4781f3ae9d6f7a56
torus.out0.01995.h5	cbcc0d76015489279424f75e91ab1cf2
torus.out0.01996.h5	694910f35a7e3e985e35fe97a4de6c2f
torus.out0.01997.h5	a8cf280a852e47ba8fae55b16b5f66e7
torus.out0.01998.h5	89edfc4da160a75632c80dcaef28c571
torus.out0.01999.h5	202ba5e9bc6a186885ba05378c089368
